0, 66.8059, 101.455
1, 66.8207, 101.4717
2, 66.8346, 101.4884
3, 66.8346, 101.4884
4, 66.8492, 101.505
5, 66.8639, 101.5217
6, 66.8791, 101.5384
7, 66.8955, 101.555
8, 66.9117, 101.5717
9, 66.9285, 101.5884
10, 66.9451, 101.605
11, 66.962, 101.6217
12, 66.9792, 101.6384
13, 66.9792, 101.6384
14, 66.9959, 101.655
15, 67.0108, 101.6717
16, 67.025, 101.6884
17, 67.0387, 101.705
18, 67.0533, 101.7217
19, 67.0698, 101.7384
20, 67.0847, 101.755
21, 67.1005, 101.7717
22, 67.1005, 101.7717
23, 67.1163, 101.7884
24, 67.1335, 101.805
25, 67.1504, 101.8217
26, 67.1651, 101.8384
27, 67.1819, 101.855
28, 67.1968, 101.8717
29, 67.2129, 101.8884
30, 67.228, 101.905
31, 67.2431, 101.9217
32, 67.2431, 101.9217
33, 67.2583, 101.9384
34, 67.2734, 101.955
35, 67.2896, 101.9717
36, 67.3048, 101.9884
37, 67.3204, 102.005
38, 67.3359, 102.0217
39, 67.3518, 102.0384
40, 67.3679, 102.055
41, 67.3679, 102.055
42, 67.3842, 102.0717
43, 67.3999, 102.0884
44, 67.4146, 102.105
45, 67.4289, 102.1217
46, 67.4435, 102.1384
47, 67.4572, 102.155
48, 67.4731, 102.1717
49, 67.487, 102.1884
50, 67.487, 102.1884
51, 67.502, 102.205
52, 67.5169, 102.2217
53, 67.5321, 102.2384
54, 67.5462, 102.255
55, 67.5595, 102.2717
56, 67.5746, 102.2884
57, 67.5893, 102.305
58, 67.6032, 102.3217
59, 67.6032, 102.3217
60, 67.619, 102.3384
61, 67.6342, 102.355
62, 67.6491, 102.3717
63, 67.6626, 102.3884
64, 67.6786, 102.405
65, 67.6938, 102.4217
66, 67.7106, 102.4384
67, 67.7252, 102.455
68, 67.7252, 102.455
69, 67.7388, 102.4717
70, 67.7509, 102.4884
71, 67.7626, 102.505
72, 67.7764, 102.5217
73, 67.7897, 102.5384
74, 67.8048, 102.555
75, 67.8181, 102.5717
76, 67.8277, 102.5884
77, 67.8277, 102.5884
78, 67.8407, 102.605
79, 67.8574, 102.6217
80, 67.8749, 102.6384
81, 67.8921, 102.655
82, 67.9088, 102.6717
83, 67.9231, 102.6884
84, 67.9363, 102.705
85, 67.9363, 102.705
86, 67.9504, 102.7217
87, 67.9648, 102.7384
88, 67.9774, 102.755
89, 67.9894, 102.7717
90, 68.0018, 102.7884
91, 68.0137, 102.805
92, 68.0255, 102.8217
93, 68.039, 102.8384
94, 68.039, 102.8384
95, 68.052, 102.855
96, 68.0669, 102.8717
97, 68.084, 102.8884
98, 68.0988, 1.477
99, 68.1098, 1.4937
100, 68.1201, 1.5104
101, 68.1372, 1.527
102, 68.1372, 1.527
103, 68.1511, 1.5437
104, 68.1648, 1.5604
105, 68.1778, 1.577
106, 68.1911, 1.5937
107, 68.2029, 1.6104
108, 68.2163, 1.627
109, 68.2291, 1.6437
110, 68.2291, 1.6437
111, 68.2425, 1.6604
112, 68.2591, 1.677
113, 68.2726, 1.6937
114, 68.2844, 1.7104
115, 68.2975, 1.727
116, 68.3087, 1.7437
117, 68.321, 1.7604
118, 68.3331, 1.777
119, 68.3331, 1.777
120, 68.3468, 1.7937
121, 68.3605, 1.8104
122, 68.374, 1.827
123, 68.3879, 1.8437
124, 68.4004, 1.8604
125, 68.4117, 1.877
126, 68.4238, 1.8937
127, 68.4238, 1.8937
128, 68.4372, 1.9104
129, 68.4372, 1.9104
130, 68.4372, 1.9104
131, 68.4372, 1.9104
132, 68.4901, 1.977
133, 68.5031, 1.9937
134, 68.5145, 2.0104
135, 68.5145, 2.0104
136, 68.5243, 2.027
137, 68.5373, 2.0437
138, 68.5516, 2.0604
139, 68.5644, 2.077
140, 68.5769, 2.0937
141, 68.5888, 2.1104
142, 68.6003, 2.127
143, 68.6003, 2.127
144, 68.613, 2.1437
145, 68.6252, 2.1604
146, 68.6378, 2.177
147, 68.6501, 2.1937
148, 68.6633, 2.2104
149, 68.6765, 2.227
150, 68.6894, 2.2437
151, 68.6894, 2.2437
152, 68.7029, 2.2604
153, 68.7144, 2.277
154, 68.7257, 2.2937
155, 68.7346, 2.3104
156, 68.7451, 2.327
157, 68.7567, 2.3437
158, 68.7702, 2.3604
159, 68.7702, 2.3604
160, 68.7819, 2.377
161, 68.7955, 2.3937
162, 68.8096, 2.4104
163, 68.82, 2.427
164, 68.832, 2.4437
165, 68.8449, 2.4604
166, 68.8449, 2.4604
167, 68.8576, 2.477
168, 68.8684, 2.4937
169, 68.8796, 2.5104
170, 68.8911, 2.527
171, 68.9027, 2.5437
172, 68.915, 2.5604
173, 68.9269, 2.577
174, 68.9269, 2.577
175, 68.939, 2.5937
176, 68.9513, 2.6104
177, 68.9629, 2.627
178, 68.9743, 2.6437
179, 68.9855, 2.6604
180, 68.9976, 2.677
181, 69.0092, 2.6937
182, 69.0092, 2.6937
183, 69.0208, 2.7104
184, 69.0324, 2.727
185, 69.0429, 2.7437
186, 69.0532, 2.7604
187, 69.0639, 2.777
188, 69.0747, 2.7937
189, 69.0862, 2.8104
190, 69.0862, 2.8104
191, 69.0981, 2.827
192, 69.1076, 2.8437
193, 69.1196, 2.8604
194, 69.133, 2.877
195, 69.1455, 2.8937
196, 69.1577, 2.9104
197, 69.1577, 2.9104
198, 69.1692, 2.927
199, 69.1809, 2.9437
200, 69.1917, 2.9604
201, 69.2028, 2.977
202, 69.2118, 2.9937
203, 69.221, 3.0104
204, 69.231, 3.027
205, 69.231, 3.027
206, 69.2418, 3.0437
207, 69.2529, 3.0604
208, 69.2638, 3.077
209, 69.2767, 3.0937
210, 69.2883, 3.1104
211, 69.2994, 3.127
212, 69.2994, 3.127
213, 69.3107, 3.1437
214, 69.321, 3.1604
215, 69.3321, 3.177
216, 69.3426, 3.1937
217, 69.3535, 3.2104
218, 69.3648, 3.227
219, 69.3761, 3.2437
220, 69.3761, 3.2437
221, 69.387, 3.2604
222, 69.3972, 3.277
223, 69.4076, 3.2937
224, 69.4184, 3.3104
225, 69.428, 3.327
226, 69.4393, 3.3437
227, 69.4393, 3.3437
228, 69.45, 3.3604
229, 69.4608, 3.377
230, 69.4705, 3.3937
231, 69.4811, 3.4104
232, 69.4918, 3.427
233, 69.5022, 3.4437
234, 69.5022, 3.4437
235, 69.5131, 3.4604
236, 69.5236, 3.477
237, 69.5349, 3.4937
238, 69.5454, 3.5104
239, 69.5548, 3.527
240, 69.5654, 3.5437
241, 69.5758, 3.5604
242, 69.5758, 3.5604
243, 69.5861, 3.577
244, 69.5959, 3.5937
245, 69.6062, 3.6104
246, 69.6164, 3.627
247, 69.6266, 3.6437
248, 69.6376, 3.6604
249, 69.6376, 3.6604
250, 69.6484, 3.677
251, 69.6587, 3.6937
252, 69.6686, 3.7104
253, 69.6778, 3.727
254, 69.6873, 3.7437
255, 69.6976, 3.7604
256, 69.6976, 3.7604
257, 69.7071, 3.777
258, 69.7165, 3.7937
259, 69.7269, 3.8104
260, 69.7381, 3.827
261, 69.7477, 3.8437
262, 69.7574, 3.8604
263, 69.7574, 3.8604
264, 69.7687, 3.877
265, 69.7797, 3.8937
266, 69.7901, 3.9104
267, 69.8005, 3.927
268, 69.8096, 3.9437
269, 69.8181, 3.9604
270, 69.8181, 3.9604
271, 69.8274, 3.977
272, 69.8363, 3.9937
273, 69.8463, 4.0104
274, 69.8554, 4.027
275, 69.8647, 4.0437
276, 69.8748, 4.0604
277, 69.8748, 4.0604
278, 69.889, 4.077
279, 69.8992, 4.0937
280, 69.9077, 4.1104
281, 69.917, 4.127
282, 69.9261, 4.1437
283, 69.9333, 4.1604
284, 69.9333, 4.1604
285, 69.9433, 4.177
286, 69.9538, 4.1937
287, 69.9638, 4.2104
288, 69.9738, 4.227
289, 69.9852, 4.2437
290, 69.9949, 4.2604
291, 69.9949, 4.2604
292, 70.0045, 4.277
293, 70.0131, 4.2937
294, 70.0233, 4.3104
295, 70.0348, 4.327
296, 70.0443, 4.3437
297, 70.0537, 4.3604
298, 70.0537, 4.3604
299, 70.0625, 4.377
300, 70.0718, 4.3937
301, 70.0803, 4.4104
302, 70.089, 4.427
303, 70.0982, 4.4437
304, 70.1057, 4.4604
305, 70.1057, 4.4604
306, 70.1174, 4.477
307, 70.1281, 4.4937
308, 70.1377, 4.5104
309, 70.1474, 4.527
310, 70.158, 4.5437
311, 70.1679, 4.5604
312, 70.1679, 4.5604
313, 70.1774, 4.577
314, 70.1866, 4.5937
315, 70.1956, 4.6104
316, 70.1956, 4.6104
317, 70.1956, 4.6104
318, 70.1956, 4.6104
319, 70.1956, 4.6104
320, 70.2325, 4.677
321, 70.2414, 4.6937
322, 70.2502, 4.7104
323, 70.2589, 4.727
324, 70.2683, 4.7437
325, 70.2786, 4.7604
326, 70.2786, 4.7604
327, 70.2892, 4.777
328, 70.2984, 4.7937
329, 70.3084, 4.8104
330, 70.3181, 4.827
331, 70.3273, 4.8437
332, 70.3374, 4.8604
333, 70.3374, 4.8604
334, 70.3449, 4.877
335, 70.355, 4.8937
336, 70.3635, 4.9104
337, 70.3703, 4.927
338, 70.3799, 4.9437
339, 70.391, 4.9604
340, 70.391, 4.9604
341, 70.4016, 4.977
342, 70.4112, 4.9937
343, 70.4221, 5.0104
344, 70.4298, 5.027
345, 70.4387, 5.0437
346, 70.4387, 5.0437
347, 70.4481, 5.0604
348, 70.4573, 5.077
349, 70.467, 5.0937
350, 70.4787, 5.1104
351, 70.4878, 5.127
352, 70.4973, 5.1437
353, 70.4973, 5.1437
354, 70.5059, 5.1604
355, 70.5152, 5.177
356, 70.5239, 5.1937
357, 70.5336, 5.2104
358, 70.5411, 5.227
359, 70.5493, 5.2437
360, 70.5493, 5.2437
361, 70.5606, 5.2604
362, 70.5707, 5.277
363, 70.5802, 5.2937
364, 70.5891, 5.3104
365, 70.5973, 5.327
366, 70.5973, 5.327
367, 70.6077, 5.3437
368, 70.6179, 5.3604
369, 70.6266, 5.377
370, 70.6354, 5.3937
371, 70.6454, 5.4104
372, 70.6536, 5.427
373, 70.6536, 5.427
374, 70.6625, 5.4437
375, 70.6723, 5.4604
376, 70.6808, 5.477
377, 70.6903, 5.4937
378, 70.697, 5.5104
379, 70.7068, 5.527
380, 70.7068, 5.527
381, 70.7189, 5.5437
382, 70.7298, 5.5604
383, 70.7379, 5.577
384, 70.7471, 5.5937
385, 70.7539, 5.6104
386, 70.7539, 5.6104
387, 70.7628, 5.627
388, 70.7715, 5.6437
389, 70.7811, 5.6604
390, 70.7896, 5.677
391, 70.7966, 5.6937
392, 70.8058, 5.7104
393, 70.8058, 5.7104
394, 70.8158, 5.727
395, 70.8239, 5.7437
396, 70.8317, 5.7604
397, 70.841, 5.777
398, 70.8503, 5.7937
399, 70.8503, 5.7937
400, 70.8603, 5.8104
401, 70.8693, 5.827
402, 70.8766, 5.8437
403, 70.8853, 5.8604
404, 70.8951, 5.877
405, 70.9033, 5.8937
406, 70.9033, 5.8937
407, 70.9114, 5.9104
408, 70.9201, 5.927
409, 70.9286, 5.9437
410, 70.9371, 5.9604
411, 70.9459, 5.977
412, 70.9459, 5.977
413, 70.9538, 5.9937
414, 70.9619, 6.0104
415, 70.9708, 6.027
416, 70.9791, 6.0437
417, 70.9877, 6.0604
418, 70.9957, 6.077
419, 70.9957, 6.077
420, 71.004, 6.0937
421, 71.0131, 6.1104
422, 71.021, 6.127
423, 71.0294, 6.1437
424, 71.0387, 6.1604
425, 71.0387, 6.1604
426, 71.0479, 6.177
427, 71.0562, 6.1937
428, 71.0644, 6.2104
429, 71.0733, 6.227
430, 71.0819, 6.2437
431, 71.0893, 6.2604
432, 71.0893, 6.2604
433, 71.0984, 6.277
434, 71.1067, 6.2937
435, 71.1148, 6.3104
436, 71.1235, 6.327
437, 71.1308, 6.3437
438, 71.1308, 6.3437
439, 71.1389, 6.3604
440, 71.1471, 6.377
441, 71.1546, 6.3937
442, 71.1621, 6.4104
443, 71.1698, 6.427
444, 71.1791, 6.4437
445, 71.1791, 6.4437
446, 71.1876, 6.4604
447, 71.1952, 6.477
448, 71.2045, 6.4937
449, 71.2131, 6.5104
450, 71.2213, 6.527
451, 71.2213, 6.527
452, 71.229, 6.5437
453, 71.2358, 6.5604
454, 71.2439, 6.577
455, 71.2518, 6.5937
456, 71.2604, 6.6104
457, 71.2604, 6.6104
458, 71.2687, 6.627
459, 71.2767, 6.6437
460, 71.2841, 6.6604
461, 71.2919, 6.677
462, 71.3008, 6.6937
463, 71.3077, 6.7104
464, 71.3077, 6.7104
465, 71.3148, 6.727
466, 71.3229, 6.7437
467, 71.3296, 6.7604
468, 71.3296, 6.7604
469, 71.3296, 6.7604
470, 71.3296, 6.7604
471, 71.3296, 6.7604
472, 71.3657, 6.827
473, 71.3731, 6.8437
474, 71.3794, 6.8604
475, 71.3873, 6.877
476, 71.3873, 6.877
477, 71.3946, 6.8937
478, 71.4019, 6.9104
479, 71.4098, 6.927
480, 71.418, 6.9437
481, 71.4253, 6.9604
482, 71.4253, 6.9604
483, 71.4329, 6.977
484, 71.4416, 6.9937
485, 71.4498, 7.0104
486, 71.4573, 7.027
487, 71.4648, 7.0437
488, 71.4705, 7.0604
489, 71.4705, 7.0604
490, 71.4774, 7.077
491, 71.4851, 7.0937
492, 71.4928, 7.1104
493, 71.5006, 7.127
494, 71.5078, 7.1437
495, 71.5078, 7.1437
496, 71.5152, 7.1604
497, 71.5233, 7.177
498, 71.5323, 7.1937
499, 71.54, 7.2104
500, 71.5473, 7.227
501, 71.5473, 7.227
502, 71.5547, 7.2437
503, 71.5619, 7.2604
504, 71.5692, 7.277
505, 71.5767, 7.2937
506, 71.5836, 7.3104
507, 71.5836, 7.3104
508, 71.5905, 7.327
509, 71.5987, 7.3437
510, 71.6048, 7.3604
511, 71.6128, 7.377
512, 71.621, 7.3937
513, 71.621, 7.3937
514, 71.6287, 7.4104
515, 71.6353, 7.427
516, 71.6429, 7.4437
517, 71.6499, 7.4604
518, 71.656, 7.477
519, 71.662, 7.4937
520, 71.662, 7.4937
521, 71.6683, 7.5104
522, 71.6766, 7.527
523, 71.6837, 7.5437
524, 71.6921, 7.5604
525, 71.6992, 7.577
526, 71.6992, 7.577
527, 71.7066, 7.5937
528, 71.7134, 7.6104
529, 71.721, 7.627
530, 71.7281, 7.6437
531, 71.735, 7.6604
532, 71.735, 7.6604
533, 71.7412, 7.677
534, 71.7463, 7.6937
535, 71.7516, 7.7104
536, 71.7578, 7.727
537, 71.7645, 7.7437
538, 71.7645, 7.7437
539, 71.7709, 7.7604
540, 71.7785, 7.777
541, 71.787, 7.7937
542, 71.7945, 7.8104
543, 71.8004, 7.827
544, 71.8004, 7.827
545, 71.8044, 7.8437
546, 71.8065, 7.8604
547, 71.8063, 7.877
548, 71.804, 7.8937
549, 71.799, 7.9104
550, 71.799, 7.9104
551, 71.7901, 7.927
552, 71.7784, 7.9437
553, 71.7627, 7.9604
554, 71.7438, 7.977
555, 71.7218, 7.9937
556, 71.7218, 7.9937
557, 71.6962, 8.0104
558, 71.6677, 8.027
559, 71.6383, 8.0437
560, 71.6037, 8.0604
561, 71.5617, 8.077
562, 71.5115, 8.0937
563, 71.5115, 8.0937
564, 71.4541, 8.1104
565, 71.3896, 8.127
566, 71.3145, 8.1437
567, 71.2304, 8.1604
568, 71.1309, 8.177
569, 71.1309, 8.177
570, 71.0188, 8.1937
571, 70.8929, 8.2104
572, 70.7516, 8.227
573, 70.5997, 8.2437
574, 70.4336, 8.2604
575, 70.4336, 8.2604
576, 70.2291, 8.277
577, 70.0247, 8.2937
578, 69.8189, 8.3104
579, 69.5893, 8.327
580, 69.3478, 8.3437
581, 69.0961, 8.3604
582, 68.8277, 8.377
583, 68.8277, 8.377
584, 68.5483, 8.3937
585, 68.2571, 8.4104
586, 68.2571, 8.4104
587, 68.2571, 8.4104
588, 68.2571, 8.4104
589, 66.9753, 8.477
590, 66.6322, 8.4937
591, 66.2858, 8.5104
592, 66.2858, 8.5104
593, 65.9385, 8.527
594, 65.5925, 8.5437
595, 65.2502, 8.5604
596, 64.9082, 8.577
597, 64.5706, 8.5937
598, 64.2293, 8.6104
599, 63.891, 8.627
600, 63.5466, 8.6437
601, 63.1988, 8.6604
602, 62.8579, 8.677
603, 62.5202, 8.6937
604, 62.1874, 8.7104
605, 61.8527, 8.727
606, 61.5085, 8.7437
607, 61.1789, 8.7604
608, 60.8514, 8.777
609, 60.5287, 8.7937
610, 60.2066, 8.8104
611, 59.8861, 8.827
612, 59.5751, 8.8437
613, 59.2647, 8.8604
614, 58.9587, 8.877
615, 58.6605, 8.8937
616, 58.3619, 8.9104
617, 58.0677, 8.927
618, 57.7784, 8.9437
619, 57.489, 8.9604
620, 57.2048, 8.977
621, 56.9238, 8.9937
622, 56.6429, 9.0104
623, 56.3646, 9.027
624, 56.0908, 9.0437
625, 55.822, 9.0604
626, 55.5545, 9.077
627, 55.2843, 9.0937
628, 55.0032, 9.1104
629, 54.712, 9.127
630, 54.4273, 9.1437
631, 53.8639, 9.177
632, 53.576, 9.1937
633, 53.2924, 9.2104
634, 53.0122, 9.227
635, 52.7364, 9.2437
636, 52.4646, 9.2604
637, 52.197, 9.277
638, 51.6701, 9.3104
639, 51.4094, 9.327
640, 51.1508, 9.3437
641, 50.8912, 9.3604
642, 50.6265, 9.377
643, 50.3614, 9.3937
644, 49.8277, 9.427
645, 49.5614, 9.4437
646, 49.2977, 9.4604
647, 49.0294, 9.477
648, 48.7628, 9.4937
649, 48.2385, 9.527
650, 47.9764, 9.5437
651, 47.7192, 9.5604
652, 47.4627, 9.577
653, 46.9602, 9.6104
654, 46.7213, 9.627
655, 46.4854, 9.6437
656, 46.0316, 9.677
657, 45.811, 9.6937
658, 45.5921, 9.7104
659, 45.3761, 9.727
660, 44.943, 9.7604
661, 44.7251, 9.777
662, 44.5114, 9.7937
663, 44.0863, 9.827
664, 43.8765, 9.8437
665, 43.4692, 9.877
666, 43.2602, 9.8937
667, 43.0408, 9.9104
668, 42.5743, 9.9437
669, 42.3479, 9.9604
670, 41.8935, 9.9937
671, 41.6607, 10.0104
672, 41.4281, 10.027
673, 40.9733, 10.0604
674, 40.7514, 10.077
675, 40.3077, 10.1104
676, 40.0912, 10.127
677, 39.6605, 10.1604
678, 39.4456, 10.177
679, 39.0227, 10.2104
680, 38.8152, 10.227
681, 38.4134, 10.2604
682, 38.2236, 10.277
683, 37.8739, 10.3104
684, 37.5606, 10.3437
685, 37.4121, 10.3604
686, 37.1381, 10.3937
687, 37.0124, 10.4104
688, 36.776, 10.4437
689, 36.5559, 10.477
690, 36.4515, 10.4937
691, 36.2454, 10.527
692, 36.0392, 10.5604
693, 35.9362, 10.577
694, 35.7249, 10.6104
695, 35.5052, 10.6437
696, 35.3897, 10.6604
697, 35.1411, 10.6937
698, 34.8696, 10.727
699, 34.5722, 10.7604
700, 34.413, 10.777
701, 34.0943, 10.8104
702, 33.7636, 10.8437
703, 33.7636, 10.8437
704, 32.9565, 10.9104
705, 32.7541, 10.927
706, 32.3608, 10.9604
707, 31.96, 10.9937
708, 31.5612, 11.027
709, 31.1847, 11.0604
710, 30.8165, 11.0937
711, 30.4581, 11.127
712, 30.1132, 11.1604
713, 29.7772, 11.1937
714, 29.4594, 11.227
715, 29.1587, 11.2604
716, 28.872, 11.2937
717, 28.6135, 11.327
718, 28.3761, 11.3604
719, 28.1527, 11.3937
720, 27.9473, 11.427
721, 27.7566, 11.4604
722, 27.5703, 11.4937
723, 27.3866, 11.527
724, 27.2074, 11.5604
725, 26.9404, 11.6104
726, 26.7611, 11.6437
727, 26.5825, 11.677
728, 26.4062, 11.7104
729, 26.2329, 11.7437
730, 26.0626, 11.777
731, 25.8912, 11.8104
732, 25.6353, 11.8604
733, 25.464, 11.8937
734, 25.2891, 11.927
735, 25.1145, 11.9604
736, 24.8474, 12.0104
737, 24.6712, 12.0437
738, 24.4923, 12.077
739, 24.2038, 12.127
740, 24.0106, 12.1604
741, 23.7052, 12.2104
742, 23.4952, 12.2437
743, 23.21, 12.2937
744, 23.0338, 12.327
745, 22.7858, 12.377
746, 22.6383, 12.4104
747, 22.4511, 12.4604
748, 22.3453, 12.4937
749, 22.216, 12.5437
750, 22.1425, 12.577
751, 22.0416, 12.627
752, 21.9808, 12.6604
753, 21.9166, 12.7104
754, 21.851, 12.7604
755, 21.804, 12.7937
756, 21.7315, 12.8437
757, 21.6415, 12.8937
758, 21.5916, 12.927
759, 21.5305, 12.977
760, 21.4368, 13.027
761, 21.378, 13.0604
762, 21.2988, 13.1104
763, 21.2135, 13.1604
764, 21.1353, 13.2104
765, 21.0732, 13.2604
766, 21.0281, 13.2937
767, 20.952, 13.3437
768, 20.8868, 13.3937
769, 20.9655, 13.4437
770, 21.0361, 13.4937
771, 21.1052, 13.527
772, 21.2529, 13.577
773, 21.4104, 13.627
774, 21.6214, 13.677
775, 21.8094, 13.7104
776, 21.9901, 13.7604
777, 22.2068, 13.8104
778, 22.403, 13.8437
779, 22.7139, 13.8937
780, 22.9126, 13.927
781, 23.2098, 13.977
782, 23.4224, 14.0104
783, 23.7347, 14.0604
784, 24.0346, 14.1104
785, 24.2362, 14.1437
786, 24.4405, 14.177
787, 24.7538, 14.227
788, 24.9702, 14.2604
789, 25.323, 14.3104
790, 25.5803, 14.3437
791, 25.8463, 14.377
792, 26.2399, 14.427
793, 26.4997, 14.4604
794, 26.7549, 14.4937
795, 27.0049, 14.527
796, 27.255, 14.5604
797, 27.255, 14.5604
798, 27.8938, 14.6437
799, 28.1442, 14.677
800, 28.3879, 14.7104
801, 28.6306, 14.7437
802, 28.8739, 14.777
803, 29.1189, 14.8104
804, 29.3603, 14.8437
805, 29.5967, 14.877
806, 29.8269, 14.9104
807, 30.0595, 14.9437
808, 30.2948, 14.977
809, 30.5307, 15.0104
810, 30.7619, 15.0437
811, 30.9883, 15.077
812, 31.2106, 15.1104
813, 31.4339, 15.1437
814, 31.6535, 15.177
815, 31.8713, 15.2104
816, 31.9808, 15.227
817, 32.2018, 15.2604
818, 32.4179, 15.2937
819, 32.6339, 15.327
820, 32.8453, 15.3604
821, 33.0515, 15.3937
822, 33.1533, 15.4104
823, 33.3536, 15.4437
824, 33.5526, 15.477
825, 33.7539, 15.5104
826, 33.9559, 15.5437
827, 34.0597, 15.5604
828, 34.2507, 15.5937
829, 34.446, 15.627
830, 34.6394, 15.6604
831, 34.7325, 15.677
832, 34.9191, 15.7104
833, 35.0467, 15.7437
834, 35.0464, 15.777
835, 35.0357, 15.7937
836, 35.1251, 15.827
837, 35.3373, 15.8604
838, 35.4397, 15.877
839, 35.5856, 15.9104
840, 35.8088, 15.9437
841, 35.9882, 15.977
842, 36.0829, 15.9937
843, 36.2492, 16.027
844, 36.438, 16.0604
845, 36.5349, 16.077
846, 36.711, 16.1104
847, 36.9308, 16.1437
848, 37.0199, 16.1604
849, 37.1945, 16.1937
850, 37.287, 16.2104
851, 37.4629, 16.2437
852, 37.6462, 16.277
853, 37.7304, 16.2937
854, 37.9033, 16.327
855, 37.9912, 16.3437
856, 38.1652, 16.377
857, 38.3557, 16.4104
858, 38.4455, 16.427
859, 38.6196, 16.4604
860, 38.7054, 16.477
861, 38.8817, 16.5104
862, 38.9693, 16.527
863, 39.1422, 16.5604
864, 39.3133, 16.5937
865, 39.3996, 16.6104
866, 39.5692, 16.6437
867, 39.6524, 16.6604
868, 39.8173, 16.6937
869, 39.9009, 16.7104
870, 40.067, 16.7437
871, 40.149, 16.7604
872, 40.3118, 16.7937
873, 40.393, 16.8104
874, 40.5541, 16.8437
875, 40.6346, 16.8604
876, 40.6346, 16.8604
877, 40.953, 16.927
878, 41.0321, 16.9437
879, 41.1107, 16.9604
880, 41.2653, 16.9937
881, 41.3417, 17.0104
882, 41.4957, 17.0437
883, 41.5733, 17.0604
884, 41.6515, 17.077
885, 41.8063, 17.1104
886, 41.883, 17.127
887, 42.0341, 17.1604
888, 42.1088, 17.177
889, 42.2577, 17.2104
890, 42.332, 17.227
891, 42.4803, 17.2604
892, 42.5538, 17.277
893, 42.6273, 17.2937
894, 42.7743, 17.327
895, 42.8476, 17.3437
896, 42.9924, 17.377
897, 43.0644, 17.3937
898, 43.1363, 17.4104
899, 43.2786, 17.4437
900, 43.3491, 17.4604
901, 43.4897, 17.4937
902, 43.5603, 17.5104
903, 43.6306, 17.527
904, 43.7714, 17.5604
905, 43.8413, 17.577
906, 43.9798, 17.6104
907, 44.0488, 17.627
908, 44.1172, 17.6437
909, 44.2511, 17.677
910, 44.3178, 17.6937
911, 44.3848, 17.7104
912, 44.5187, 17.7437
913, 44.5863, 17.7604
914, 44.7208, 17.7937
915, 44.7873, 17.8104
916, 44.853, 17.827
917, 44.9827, 17.8604
918, 45.0473, 17.877
919, 45.1119, 17.8937
920, 45.2393, 17.927
921, 45.3031, 17.9437
922, 45.3669, 17.9604
923, 45.4943, 17.9937
924, 45.5575, 18.0104
925, 45.6195, 18.027
926, 45.7404, 18.0604
927, 45.7995, 18.077
928, 45.8551, 18.0937
929, 45.9071, 18.1104
930, 45.9969, 18.1437
931, 46.0347, 18.1604
932, 46.0666, 18.177
933, 46.1187, 18.2104
934, 46.1407, 18.227
935, 46.1592, 18.2437
936, 46.1366, 18.277
937, 46.1254, 18.2937
938, 46.1171, 18.3104
939, 46.2103, 18.3437
940, 46.2811, 18.3604
941, 46.3382, 18.377
942, 46.3932, 18.3937
943, 46.5199, 18.427
944, 46.5827, 18.4437
945, 46.644, 18.4604
946, 46.7688, 18.4937
947, 46.8306, 18.5104
948, 46.8924, 18.527
949, 46.9536, 18.5437
950, 47.0768, 18.577
951, 47.1379, 18.5937
952, 47.1989, 18.6104
953, 47.321, 18.6437
954, 47.3819, 18.6604
955, 47.4426, 18.677
956, 47.5036, 18.6937
957, 47.6264, 18.727
958, 47.6869, 18.7437
959, 47.7462, 18.7604
960, 47.8053, 18.777
961, 47.9228, 18.8104
962, 47.9799, 18.827
963, 48.0378, 18.8437
964, 48.0971, 18.8604
965, 48.2169, 18.8937
966, 48.2751, 18.9104
967, 48.3333, 18.927
968, 48.3912, 18.9437
969, 48.5073, 18.977
970, 48.5646, 18.9937
971, 48.6218, 19.0104
972, 48.679, 19.027
973, 48.7927, 19.0604
974, 48.849, 19.077
975, 48.9058, 19.0937
976, 48.9627, 19.1104
977, 49.0755, 19.1437
978, 49.1317, 19.1604
979, 49.1874, 19.177
980, 49.2427, 19.1937
981, 49.2977, 19.2104
982, 49.4066, 19.2437
983, 49.4606, 19.2604
984, 49.513, 19.277
985, 49.566, 19.2937
986, 49.6746, 19.327
987, 49.7275, 19.3437
988, 49.7816, 19.3604
989, 49.8346, 19.377
990, 49.8874, 19.3937
991, 49.991, 19.427
992, 50.0448, 19.4437
993, 50.0979, 19.4604
994, 50.1502, 19.477
995, 50.2027, 19.4937
996, 50.3066, 19.527
997, 50.3578, 19.5437
998, 50.4093, 19.5604
999, 50.4605, 19.577
1000, 50.5111, 19.5937
1001, 50.5611, 19.6104
1002, 50.6611, 19.6437
1003, 50.7111, 19.6604
1004, 50.76, 19.677
1005, 50.8091, 19.6937
1006, 50.858, 19.7104
1007, 50.9561, 19.7437
1008, 51.0044, 19.7604
1009, 51.0521, 19.777
1010, 51.1001, 19.7937
1011, 51.1484, 19.8104
1012, 51.1968, 19.827
1013, 51.2943, 19.8604
1014, 51.3425, 19.877
1015, 51.3904, 19.8937
1016, 51.4376, 19.9104
1017, 51.4855, 19.927
1018, 51.5336, 19.9437
1019, 51.6272, 19.977
1020, 51.6735, 19.9937
1021, 51.7199, 20.0104
1022, 51.7666, 20.027
1023, 51.8133, 20.0437
1024, 51.8606, 20.0604
1025, 51.8606, 20.0604
1026, 51.8606, 20.0604
1027, 52.0408, 20.127
1028, 52.0853, 20.1437
1029, 52.1303, 20.1604
1030, 52.1761, 20.177
1031, 52.2225, 20.1937
1032, 52.3134, 20.227
1033, 52.3575, 20.2437
1034, 52.4, 20.2604
1035, 52.4435, 20.277
1036, 52.4874, 20.2937
1037, 52.5322, 20.3104
1038, 52.5756, 20.327
1039, 52.6613, 20.3604
1040, 52.7039, 20.377
1041, 52.7476, 20.3937
1042, 52.7918, 20.4104
1043, 52.8356, 20.427
1044, 52.8791, 20.4437
1045, 52.9218, 20.4604
1046, 53.0062, 20.4937
1047, 53.0474, 20.5104
1048, 53.0884, 20.527
1049, 53.1298, 20.5437
1050, 53.1714, 20.5604
1051, 53.213, 20.577
1052, 53.2537, 20.5937
1053, 53.2946, 20.6104
1054, 53.3763, 20.6437
1055, 53.4167, 20.6604
1056, 53.4573, 20.677
1057, 53.4985, 20.6937
1058, 53.539, 20.7104
1059, 53.5795, 20.727
1060, 53.6206, 20.7437
1061, 53.6615, 20.7604
1062, 53.742, 20.7937
1063, 53.7821, 20.8104
1064, 53.8219, 20.827
1065, 53.8618, 20.8437
1066, 53.9001, 20.8604
1067, 53.9381, 20.877
1068, 53.9756, 20.8937
1069, 54.0121, 20.9104
1070, 54.0505, 20.927
1071, 54.1288, 20.9604
1072, 54.168, 20.977
1073, 54.2061, 20.9937
1074, 54.2447, 21.0104
1075, 54.2837, 21.027
1076, 54.3223, 21.0437
1077, 54.36, 21.0604
1078, 54.3972, 21.077
1079, 54.4339, 21.0937
1080, 54.4708, 21.1104
1081, 54.5427, 21.1437
1082, 54.5783, 21.1604
1083, 54.6156, 21.177
1084, 54.6538, 21.1937
1085, 54.6924, 21.2104
1086, 54.7298, 21.227
1087, 54.7651, 21.2437
1088, 54.7998, 21.2604
1089, 54.835, 21.277
1090, 54.8714, 21.2937
1091, 54.9427, 21.327
1092, 54.9784, 21.3437
1093, 55.0137, 21.3604
1094, 55.048, 21.377
1095, 55.0818, 21.3937
1096, 55.1153, 21.4104
1097, 55.1483, 21.427
1098, 55.1818, 21.4437
1099, 55.2156, 21.4604
1100, 55.251, 21.477
1101, 55.2862, 21.4937
1102, 55.3559, 21.527
1103, 55.3895, 21.5437
1104, 55.4236, 21.5604
1105, 55.4573, 21.577
1106, 55.491, 21.5937
1107, 55.5238, 21.6104
1108, 55.5558, 21.627
1109, 55.5877, 21.6437
1110, 55.6205, 21.6604
1111, 55.6531, 21.677
1112, 55.6861, 21.6937
1113, 55.7185, 21.7104
1114, 55.7507, 21.727
1115, 55.8145, 21.7604
1116, 55.8468, 21.777
1117, 55.8778, 21.7937
1118, 55.9092, 21.8104
1119, 55.94, 21.827
1120, 55.9697, 21.8437
1121, 55.9983, 21.8604
1122, 56.0237, 21.877
1123, 56.0061, 21.8937
1124, 55.9715, 21.9104
1125, 55.9446, 21.927
1126, 55.9138, 21.9437
1127, 55.8945, 21.9604
1128, 55.9909, 21.9937
1129, 56.0103, 22.0104
1130, 56.0408, 22.027
1131, 56.0774, 22.0437
1132, 56.109, 22.0604
1133, 56.1406, 22.077
1134, 56.1748, 22.0937
1135, 56.2089, 22.1104
1136, 56.2414, 22.127
1137, 56.2734, 22.1437
1138, 56.3067, 22.1604
1139, 56.3397, 22.177
1140, 56.3731, 22.1937
1141, 56.4055, 22.2104
1142, 56.4415, 22.227
1143, 56.5087, 22.2604
1144, 56.5443, 22.277
1145, 56.5783, 22.2937
1146, 56.6118, 22.3104
1147, 56.6429, 22.327
1148, 56.6772, 22.3437
1149, 56.7104, 22.3604
1150, 56.7453, 22.377
1151, 56.7787, 22.3937
1152, 56.8115, 22.4104
1153, 56.8432, 22.427
1154, 56.8759, 22.4437
1155, 56.9085, 22.4604
1156, 56.9401, 22.477
1157, 56.973, 22.4937
1158, 57.0053, 22.5104
1159, 57.0375, 22.527
1160, 57.1006, 22.5604
1161, 57.1321, 22.577
1162, 57.1636, 22.5937
1163, 57.1955, 22.6104
1164, 57.2272, 22.627
1165, 57.2586, 22.6437
1166, 57.2892, 22.6604
1167, 57.3198, 22.677
1168, 57.3502, 22.6937
1169, 57.381, 22.7104
1170, 57.4122, 22.727
1171, 57.4435, 22.7437
1172, 57.4737, 22.7604
1173, 57.5049, 22.777
1174, 57.5363, 22.7937
1175, 57.5667, 22.8104
1176, 57.5948, 22.827
1177, 57.6195, 22.8437
1178, 57.6425, 22.8604
1179, 57.659, 22.877
1180, 57.6657, 22.8937
1181, 57.6604, 22.9104
1182, 57.6604, 22.9104
1183, 57.6604, 22.9104
1184, 57.6604, 22.9104
1185, 57.4543, 22.9937
1186, 57.3806, 23.0104
1187, 57.3011, 23.027
1188, 57.2186, 23.0437
1189, 57.1192, 23.0604
1190, 56.995, 23.077
1191, 56.8967, 23.0937
1192, 56.7941, 23.1104
1193, 56.6769, 23.127
1194, 56.5565, 23.1437
1195, 56.4368, 23.1604
1196, 56.3083, 23.177
1197, 56.1738, 23.1937
1198, 56.0366, 23.2104
1199, 55.8917, 23.227
1200, 55.5898, 23.2604
1201, 55.4345, 23.277
1202, 55.2719, 23.2937
1203, 55.1054, 23.3104
1204, 54.9377, 23.327
1205, 54.7603, 23.3437
1206, 54.5866, 23.3604
1207, 54.4059, 23.377
1208, 54.2259, 23.3937
1209, 54.0432, 23.4104
1210, 53.8534, 23.427
1211, 53.4835, 23.4604
1212, 53.303, 23.477
1213, 53.1312, 23.4937
1214, 52.954, 23.5104
1215, 52.7757, 23.527
1216, 52.5742, 23.5437
1217, 52.3811, 23.5604
1218, 52.0257, 23.5937
1219, 51.8431, 23.6104
1220, 51.6628, 23.627
1221, 51.4876, 23.6437
1222, 51.3217, 23.6604
1223, 51.1629, 23.677
1224, 50.8709, 23.7104
1225, 50.7408, 23.727
1226, 50.6202, 23.7437
1227, 50.5095, 23.7604
1228, 50.4013, 23.777
1229, 50.2971, 23.7937
1230, 50.1024, 23.827
1231, 50.0075, 23.8437
1232, 49.9126, 23.8604
1233, 49.8176, 23.877
1234, 49.7209, 23.8937
1235, 49.5313, 23.927
1236, 49.4376, 23.9437
1237, 49.3413, 23.9604
1238, 49.2456, 23.977
1239, 49.0516, 24.0104
1240, 48.9546, 24.027
1241, 48.857, 24.0437
1242, 48.7588, 24.0604
1243, 48.6646, 24.077
1244, 48.4881, 24.1104
1245, 48.402, 24.127
1246, 48.32, 24.1437
1247, 48.241, 24.1604
1248, 48.0863, 24.1937
1249, 48.0127, 24.2104
1250, 47.9407, 24.227
1251, 47.87, 24.2437
1252, 47.7265, 24.277
1253, 47.6547, 24.2937
1254, 47.5841, 24.3104
1255, 47.4424, 24.3437
1256, 47.3756, 24.3604
1257, 47.313, 24.377
1258, 47.2505, 24.3937
1259, 47.1232, 24.427
1260, 47.0626, 24.4437
1261, 47.0003, 24.4604
1262, 46.937, 24.477
1263, 46.8031, 24.5104
1264, 46.7324, 24.527
1265, 46.6586, 24.5437
1266, 46.5054, 24.577
1267, 46.426, 24.5937
1268, 46.3443, 24.6104
1269, 46.175, 24.6437
1270, 46.0889, 24.6604
1271, 46.0034, 24.677
1272, 45.8265, 24.7104
1273, 45.7305, 24.727
1274, 45.7305, 24.727
1275, 45.7305, 24.727
1276, 45.3506, 24.7937
1277, 45.2577, 24.8104
1278, 45.0785, 24.8437
1279, 44.9973, 24.8604
1280, 44.9208, 24.877
1281, 44.7834, 24.9104
1282, 44.7252, 24.927
1283, 44.6711, 24.9437
1284, 44.5705, 24.977
1285, 44.5213, 24.9937
1286, 44.4712, 25.0104
1287, 44.3718, 25.0437
1288, 44.3215, 25.0604
1289, 44.2712, 25.077
1290, 44.1729, 25.1104
1291, 44.124, 25.127
1292, 44.0298, 25.1604
1293, 43.9841, 25.177
1294, 43.9379, 25.1937
1295, 43.8464, 25.227
1296, 43.8003, 25.2437
1297, 43.7559, 25.2604
1298, 43.6694, 25.2937
1299, 43.6253, 25.3104
1300, 43.5811, 25.327
1301, 43.4954, 25.3604
1302, 43.451, 25.377
1303, 43.3607, 25.4104
1304, 43.315, 25.427
1305, 43.2695, 25.4437
1306, 43.1756, 25.477
1307, 43.1253, 25.4937
1308, 43.0285, 25.527
1309, 42.9827, 25.5437
1310, 42.9379, 25.5604
1311, 42.8495, 25.5937
1312, 42.8062, 25.6104
1313, 42.7187, 25.6437
1314, 42.6734, 25.6604
1315, 42.6271, 25.677
1316, 42.5345, 25.7104
1317, 42.4886, 25.727
1318, 42.4006, 25.7604
1319, 42.361, 25.777
1320, 42.2969, 25.8104
1321, 42.2685, 25.827
1322, 42.2757, 25.8437
1323, 42.2892, 25.877
1324, 42.296, 25.8937
1325, 42.3382, 25.927
1326, 42.3645, 25.9437
1327, 42.4281, 25.977
1328, 42.463, 25.9937
1329, 42.4992, 26.0104
1330, 42.5838, 26.0437
1331, 42.6314, 26.0604
1332, 42.7297, 26.0937
1333, 42.7785, 26.1104
1334, 42.8297, 26.127
1335, 42.9356, 26.1604
1336, 42.9904, 26.177
1337, 43.1042, 26.2104
1338, 43.1615, 26.227
1339, 43.2157, 26.2437
1340, 43.3244, 26.277
1341, 43.3816, 26.2937
1342, 43.4393, 26.3104
1343, 43.5591, 26.3437
1344, 43.6174, 26.3604
1345, 43.7284, 26.3937
1346, 43.7851, 26.4104
1347, 43.8427, 26.427
1348, 43.9596, 26.4604
1349, 44.0185, 26.477
1350, 44.0783, 26.4937
1351, 44.1993, 26.527
1352, 44.2596, 26.5437
1353, 44.3193, 26.5604
1354, 44.4361, 26.5937
1355, 44.4942, 26.6104
1356, 44.552, 26.627
1357, 44.6679, 26.6604
1358, 44.7255, 26.677
1359, 44.7834, 26.6937
1360, 44.9001, 26.727
1361, 44.9586, 26.7437
1362, 45.0173, 26.7604
1363, 45.1344, 26.7937
1364, 45.1925, 26.8104
1365, 45.2501, 26.827
1366, 45.3654, 26.8604
1367, 45.4228, 26.877
1368, 45.4809, 26.8937
1369, 45.5966, 26.927
1370, 45.6539, 26.9437
1371, 45.7107, 26.9604
1372, 45.824, 26.9937
1373, 45.882, 27.0104
1374, 45.9398, 27.027
1375, 46.0567, 27.0604
1376, 46.1163, 27.077
1377, 46.174, 27.0937
1378, 46.2305, 27.1104
1379, 46.3415, 27.1437
1380, 46.3967, 27.1604
1381, 46.4524, 27.177
1382, 46.5621, 27.2104
1383, 46.6181, 27.227
1384, 46.6748, 27.2437
1385, 46.7299, 27.2604
1386, 46.8395, 27.2937
1387, 46.9003, 27.3104
1388, 46.9602, 27.327
1389, 47.0763, 27.3604
1390, 47.1307, 27.377
1391, 47.1858, 27.3937
1392, 47.2473, 27.4104
1393, 47.3591, 27.4437
1394, 47.4073, 27.4604
1395, 47.4628, 27.477
1396, 47.5323, 27.4937
1397, 47.6472, 27.527
1398, 47.6995, 27.5437
1399, 47.7545, 27.5604
1400, 47.8106, 27.577
1401, 47.9205, 27.6104
1402, 47.9765, 27.627
1403, 48.0353, 27.6437
1404, 48.0918, 27.6604
1405, 48.2015, 27.6937
1406, 48.2581, 27.7104
1407, 48.315, 27.727
1408, 48.3696, 27.7437
1409, 48.4833, 27.777
1410, 48.5407, 27.7937
1411, 48.5985, 27.8104
1412, 48.6572, 27.827
1413, 48.7164, 27.8437
1414, 48.8368, 27.877
1415, 48.8958, 27.8937
1416, 48.9542, 27.9104
1417, 49.0128, 27.927
1418, 49.1312, 27.9604
1419, 49.1902, 27.977
1420, 49.249, 27.9937
1421, 49.3079, 28.0104
1422, 49.3657, 28.027
1423, 49.4774, 28.0604
1424, 49.533, 28.077
1425, 49.5886, 28.0937
1426, 49.6426, 28.1104
1427, 49.7481, 28.1437
1428, 49.8006, 28.1604
1429, 49.854, 28.177
1430, 49.9067, 28.1937
1431, 49.9585, 28.2104
1432, 50.058, 28.2437
1433, 50.1077, 28.2604
1434, 50.1573, 28.277
1435, 50.2053, 28.2937
1436, 50.2536, 28.3104
1437, 50.3455, 28.3437
1438, 50.393, 28.3604
1439, 50.4424, 28.377
1440, 50.4918, 28.3937
1441, 50.5403, 28.4104
1442, 50.6339, 28.4437
1443, 50.6814, 28.4604
1444, 50.7294, 28.477
1445, 50.7773, 28.4937
1446, 50.823, 28.5104
1447, 50.823, 28.5104
1448, 50.823, 28.5104
1449, 51.0051, 28.577
1450, 51.0532, 28.5937
1451, 51.0991, 28.6104
1452, 51.1881, 28.6437
1453, 51.2297, 28.6604
1454, 51.273, 28.677
1455, 51.3183, 28.6937
1456, 51.364, 28.7104
1457, 51.4539, 28.7437
1458, 51.4972, 28.7604
1459, 51.541, 28.777
1460, 51.5847, 28.7937
1461, 51.6276, 28.8104
1462, 51.67, 28.827
1463, 51.7586, 28.8604
1464, 51.8053, 28.877
1465, 51.8502, 28.8937
1466, 51.8926, 28.9104
1467, 51.9337, 28.927
1468, 52.017, 28.9604
1469, 52.0607, 28.977
1470, 52.105, 28.9937
1471, 52.1505, 29.0104
1472, 52.1945, 29.027
1473, 52.2375, 29.0437
1474, 52.3215, 29.077
1475, 52.3641, 29.0937
1476, 52.4063, 29.1104
1477, 52.4484, 29.127
1478, 52.4899, 29.1437
1479, 52.532, 29.1604
1480, 52.617, 29.1937
1481, 52.6592, 29.2104
1482, 52.7024, 29.227
1483, 52.7447, 29.2437
1484, 52.7866, 29.2604
1485, 52.8283, 29.277
1486, 52.8711, 29.2937
1487, 52.9541, 29.327
1488, 52.9935, 29.3437
1489, 53.0332, 29.3604
1490, 53.0743, 29.377
1491, 53.1154, 29.3937
1492, 53.1556, 29.4104
1493, 53.195, 29.427
1494, 53.2735, 29.4604
1495, 53.3135, 29.477
1496, 53.3541, 29.4937
1497, 53.3933, 29.5104
1498, 53.4312, 29.527
1499, 53.4716, 29.5437
1500, 53.5138, 29.5604
1501, 53.5954, 29.5937
1502, 53.6348, 29.6104
1503, 53.6758, 29.627
1504, 53.715, 29.6437
1505, 53.7533, 29.6604
1506, 53.7897, 29.677
1507, 53.8271, 29.6937
1508, 53.9014, 29.727
1509, 53.9338, 29.7437
1510, 53.9196, 29.7604
1511, 53.8821, 29.777
1512, 53.8563, 29.7937
1513, 53.8278, 29.8104
1514, 53.8029, 29.827
1515, 53.8259, 29.8437
1516, 53.8693, 29.877
1517, 53.8829, 29.8937
1518, 53.9059, 29.9104
1519, 53.9294, 29.927
1520, 53.951, 29.9437
1521, 53.9741, 29.9604
1522, 53.9981, 29.977
1523, 54.0456, 30.0104
1524, 54.0702, 30.027
1525, 54.0939, 30.0437
1526, 54.1178, 30.0604
1527, 54.1423, 30.077
1528, 54.1683, 30.0937
1529, 54.1929, 30.1104
1530, 54.2165, 30.127
1531, 54.2639, 30.1604
1532, 54.2873, 30.177
1533, 54.3103, 30.1937
1534, 54.3335, 30.2104
1535, 54.3568, 30.227
1536, 54.3805, 30.2437
1537, 54.4042, 30.2604
1538, 54.4516, 30.2937
1539, 54.4755, 30.3104
1540, 54.5001, 30.327
1541, 54.5243, 30.3437
1542, 54.549, 30.3604
1543, 54.549, 30.3604
1544, 54.549, 30.3604
1545, 54.6348, 30.427
1546, 54.6538, 30.4437
1547, 54.6719, 30.4604
1548, 54.6882, 30.477
1549, 54.7039, 30.4937
1550, 54.7195, 30.5104
1551, 54.7327, 30.527
1552, 54.7424, 30.5437
1553, 54.7486, 30.5604
1554, 54.7496, 30.577
1555, 54.7286, 30.6104
1556, 54.7055, 30.627
1557, 54.6719, 30.6437
1558, 54.6384, 30.6604
1559, 54.5966, 30.677
1560, 54.53, 30.6937
1561, 54.4856, 30.7104
1562, 54.4509, 30.727
1563, 54.3572, 30.7604
1564, 54.3145, 30.777
1565, 54.2719, 30.7937
1566, 54.2278, 30.8104
1567, 54.184, 30.827
1568, 54.1402, 30.8437
1569, 54.0956, 30.8604
1570, 54.0056, 30.8937
1571, 53.9606, 30.9104
1572, 53.9151, 30.927
1573, 53.8699, 30.9437
1574, 53.8243, 30.9604
1575, 53.7797, 30.977
1576, 53.7353, 30.9937
1577, 53.6476, 31.027
1578, 53.6044, 31.0437
1579, 53.5614, 31.0604
1580, 53.5185, 31.077
1581, 53.4757, 31.0937
1582, 53.433, 31.1104
1583, 53.3466, 31.1437
1584, 53.3029, 31.1604
1585, 53.2588, 31.177
1586, 53.2141, 31.1937
1587, 53.168, 31.2104
1588, 53.1207, 31.227
1589, 53.0205, 31.2604
1590, 52.9681, 31.277
1591, 52.9148, 31.2937
1592, 52.8604, 31.3104
1593, 52.8052, 31.327
1594, 52.7486, 31.3437
1595, 52.6319, 31.377
1596, 52.5721, 31.3937
1597, 52.5105, 31.4104
1598, 52.4479, 31.427
1599, 52.3843, 31.4437
1600, 52.254, 31.477
1601, 52.1876, 31.4937
1602, 52.1203, 31.5104
1603, 52.0513, 31.527
1604, 51.9821, 31.5437
1605, 51.9106, 31.5604
1606, 51.7699, 31.5937
1607, 51.7037, 31.6104
1608, 51.6343, 31.627
1609, 51.5629, 31.6437
1610, 51.4602, 31.6604
1611, 51.2743, 31.6937
1612, 51.1946, 31.7104
1613, 51.1058, 31.727
1614, 51.0153, 31.7437
1615, 50.8484, 31.777
1616, 50.7679, 31.7937
1617, 50.6894, 31.8104
1618, 50.6164, 31.827
1619, 50.5478, 31.8437
1620, 50.4262, 31.877
1621, 50.3719, 31.8937
1622, 50.3183, 31.9104
1623, 50.2651, 31.927
1624, 50.1588, 31.9604
1625, 50.1058, 31.977
1626, 50.0529, 31.9937
1627, 50.0004, 32.0104
1628, 49.8959, 32.0437
1629, 49.8442, 32.0604
1630, 49.7926, 32.077
1631, 49.7415, 32.0937
1632, 49.6391, 32.127
1633, 49.5882, 32.1437
1634, 49.5378, 32.1604
1635, 49.4872, 32.177
1636, 49.3877, 32.2104
1637, 49.338, 32.227
1638, 49.2879, 32.2437
1639, 49.1874, 32.277
1640, 49.1366, 32.2937
1641, 49.0852, 32.3104
1642, 49.0334, 32.327
1643, 48.9302, 32.3604
1644, 48.878, 32.377
1645, 48.8261, 32.3937
1646, 48.7745, 32.4104
1647, 48.6711, 32.4437
1648, 48.6193, 32.4604
1649, 48.5677, 32.477
1650, 48.465, 32.5104
1651, 48.4138, 32.527
1652, 48.3628, 32.5437
1653, 48.3121, 32.5604
1654, 48.2115, 32.5937
1655, 48.1611, 32.6104
1656, 48.11, 32.627
1657, 48.0091, 32.6604
1658, 47.9586, 32.677
1659, 47.9081, 32.6937
1660, 47.8579, 32.7104
1661, 47.7592, 32.7437
1662, 47.71, 32.7604
1663, 47.6605, 32.777
1664, 47.5623, 32.8104
1665, 47.5138, 32.827
1666, 47.468, 32.8437
1667, 47.3887, 32.877
1668, 47.3529, 32.8937
1669, 47.3167, 32.9104
1670, 47.244, 32.9437
1671, 47.2166, 32.9604
1672, 47.2072, 32.977
1673, 47.1619, 33.0104
1674, 47.1414, 33.027
1675, 47.1274, 33.0437
1676, 47.1141, 33.0604
1677, 47.0922, 33.0937
1678, 47.0855, 33.1104
1679, 47.0804, 33.127
1680, 47.074, 33.1604
1681, 47.0731, 33.177
1682, 47.073, 33.1937
1683, 47.0759, 33.227
1684, 47.0787, 33.2437
1685, 47.0813, 33.2604
1686, 47.0882, 33.2937
1687, 47.0931, 33.3104
1688, 47.0979, 33.327
1689, 47.1089, 33.3604
1690, 47.1157, 33.377
1691, 47.1214, 33.3937
1692, 47.1323, 33.427
1693, 47.1374, 33.4437
1694, 47.1413, 33.4604
1695, 47.1434, 33.4937
1696, 47.1425, 33.5104
1697, 47.1407, 33.527
1698, 47.1316, 33.5604
1699, 47.1249, 33.577
1700, 47.1173, 33.5937
1701, 47.1089, 33.6104
1702, 47.0914, 33.6437
1703, 47.0825, 33.6604
1704, 47.0734, 33.677
1705, 47.0534, 33.7104
1706, 47.0416, 33.727
1707, 47.0266, 33.7437
1708, 46.9832, 33.777
1709, 46.9559, 33.7937
1710, 46.9251, 33.8104
1711, 46.8559, 33.8437
1712, 46.8194, 33.8604
1713, 46.782, 33.877
1714, 46.7082, 33.9104
1715, 46.6715, 33.927
1716, 46.6356, 33.9437
1717, 46.5665, 33.977
1718, 46.5329, 33.9937
1719, 46.5002, 34.0104
1720, 46.4362, 34.0437
1721, 46.4038, 34.0604
1722, 46.3715, 34.077
1723, 46.3062, 34.1104
1724, 46.2714, 34.127
1725, 46.2342, 34.1437
1726, 46.1557, 34.177
1727, 46.1153, 34.1937
1728, 46.0739, 34.2104
1729, 45.99, 34.2437
1730, 45.9288, 34.2604
1731, 45.8659, 34.277
1732, 45.77, 34.3104
1733, 45.7144, 34.327
1734, 45.6575, 34.3437
1735, 45.5522, 34.377
1736, 45.4989, 34.3937
1737, 45.4444, 34.4104
1738, 45.3375, 34.4437
1739, 45.2839, 34.4604
1740, 45.2296, 34.477
1741, 45.1203, 34.5104
1742, 45.0668, 34.527
1743, 44.9732, 34.5604
1744, 44.9299, 34.577
1745, 44.8868, 34.5937
1746, 44.8157, 34.627
1747, 44.804, 34.6437
1748, 44.7778, 34.6604
1749, 44.721, 34.6937
1750, 44.7005, 34.7104
1751, 44.6543, 34.7437
1752, 44.6322, 34.7604
1753, 44.6126, 34.777
1754, 44.576, 34.8104
1755, 44.5605, 34.827
1756, 44.5476, 34.8437
1757, 44.5308, 34.877
1758, 44.5272, 34.8937
1759, 44.5267, 34.9104
1760, 44.5318, 34.9437
1761, 44.5384, 34.9604
1762, 44.5572, 34.9937
1763, 44.5705, 35.0104
1764, 44.5866, 35.027
1765, 44.6239, 35.0604
1766, 44.6471, 35.077
1767, 44.6739, 35.0937
1768, 44.7363, 35.127
1769, 44.7716, 35.1437
1770, 44.8065, 35.1604
1771, 44.8749, 35.1937
1772, 44.9095, 35.2104
1773, 44.9798, 35.2437
1774, 44.9798, 35.2437
1775, 44.9798, 35.2437
1776, 45.1202, 35.3104
1777, 45.1558, 35.327
1778, 45.1904, 35.3437
1779, 45.2594, 35.377
1780, 45.2935, 35.3937
1781, 45.3276, 35.4104
1782, 45.3949, 35.4437
1783, 45.4286, 35.4604
1784, 45.4623, 35.477
1785, 45.5301, 35.5104
1786, 45.5636, 35.527
1787, 45.5968, 35.5437
1788, 45.6641, 35.577
1789, 45.6974, 35.5937
1790, 45.7303, 35.6104
1791, 45.7949, 35.6437
1792, 45.827, 35.6604
1793, 45.8583, 35.677
1794, 45.921, 35.7104
1795, 45.9529, 35.727
1796, 45.9852, 35.7437
1797, 46.017, 35.7604
1798, 46.0802, 35.7937
1799, 46.112, 35.8104
1800, 46.1443, 35.827
1801, 46.2088, 35.8604
1802, 46.2416, 35.877
1803, 46.2742, 35.8937
1804, 46.3391, 35.927
1805, 46.3718, 35.9437
1806, 46.4046, 35.9604
1807, 46.4369, 35.977
1808, 46.5032, 36.0104
1809, 46.5369, 36.027
1810, 46.5709, 36.0437
1811, 46.6384, 36.077
1812, 46.6717, 36.0937
1813, 46.7056, 36.1104
1814, 46.7401, 36.127
1815, 46.8097, 36.1604
1816, 46.8448, 36.177
1817, 46.8804, 36.1937
1818, 46.9164, 36.2104
1819, 46.9889, 36.2437
1820, 47.0251, 36.2604
1821, 47.0621, 36.277
1822, 47.1382, 36.3104
1823, 47.1758, 36.327
1824, 47.2134, 36.3437
1825, 47.2519, 36.3604
1826, 47.3286, 36.3937
1827, 47.3657, 36.4104
1828, 47.4023, 36.427
1829, 47.4407, 36.4437
1830, 47.5206, 36.477
1831, 47.5597, 36.4937
1832, 47.5978, 36.5104
1833, 47.6358, 36.527
1834, 47.7113, 36.5604
1835, 47.7487, 36.577
1836, 47.7861, 36.5937
1837, 47.8249, 36.6104
1838, 47.9047, 36.6437
1839, 47.9437, 36.6604
1840, 47.9823, 36.677
1841, 48.0215, 36.6937
1842, 48.0606, 36.7104
1843, 48.1392, 36.7437
1844, 48.1783, 36.7604
1845, 48.2175, 36.777
1846, 48.2566, 36.7937
1847, 48.335, 36.827
1848, 48.3751, 36.8437
1849, 48.4156, 36.8604
1850, 48.4556, 36.877
1851, 48.496, 36.8937
1852, 48.5785, 36.927
1853, 48.6201, 36.9437
1854, 48.661, 36.9604
1855, 48.7014, 36.977
1856, 48.7427, 36.9937
1857, 48.8267, 37.027
1858, 48.8693, 37.0437
1859, 48.9118, 37.0604
1860, 48.9544, 37.077
1861, 48.9974, 37.0937
1862, 49.0846, 37.127
1863, 49.1284, 37.1437
1864, 49.1726, 37.1604
1865, 49.2161, 37.177
1866, 49.2594, 37.1937
1867, 49.3446, 37.227
1868, 49.3868, 37.2437
1869, 49.4291, 37.2604
1870, 49.4709, 37.277
1871, 49.5129, 37.2937
1872, 49.5544, 37.3104
1873, 49.5544, 37.3104
1874, 49.5544, 37.3104
1875, 49.7191, 37.377
1876, 49.757, 37.3937
1877, 49.7916, 37.4104
1878, 49.8454, 37.4437
1879, 49.8562, 37.4604
1880, 49.8509, 37.477
1881, 49.8295, 37.4937
1882, 49.7936, 37.5104
1883, 49.7429, 37.527
1884, 49.5932, 37.5604
1885, 49.5069, 37.577
1886, 49.4044, 37.5937
1887, 49.2661, 37.6104
1888, 49.1362, 37.627
1889, 48.8777, 37.6604
1890, 48.7245, 37.677
1891, 48.56, 37.6937
1892, 48.3886, 37.7104
1893, 48.0151, 37.7437
1894, 47.8117, 37.7604
1895, 47.5985, 37.777
1896, 47.3757, 37.7937
1897, 46.9012, 37.827
1898, 46.6502, 37.8437
1899, 46.3926, 37.8604
1900, 45.8603, 37.8937
1901, 45.5844, 37.9104
1902, 45.3076, 37.927
1903, 45.033, 37.9437
1904, 44.4886, 37.977
1905, 44.2217, 37.9937
1906, 43.7038, 38.027
1907, 43.4443, 38.0437
1908, 43.187, 38.0604
1909, 42.6888, 38.0937
1910, 42.451, 38.1104
1911, 42.0188, 38.1437
1912, 41.8175, 38.1604
1913, 41.3833, 38.1937
1914, 41.1827, 38.2104
1915, 40.8067, 38.2437
1916, 40.6115, 38.2604
1917, 40.2262, 38.2937
1918, 40.0311, 38.3104
1919, 39.6398, 38.3437
1920, 39.4453, 38.3604
1921, 39.0574, 38.3937
1922, 38.8635, 38.4104
1923, 38.4704, 38.4437
1924, 38.2725, 38.4604
1925, 37.8815, 38.4937
1926, 37.4894, 38.527
1927, 37.2974, 38.5437
1928, 36.9298, 38.577
1929, 36.7529, 38.5937
1930, 36.4229, 38.627
1931, 36.1258, 38.6604
1932, 35.9836, 38.677
1933, 35.7182, 38.7104
1934, 35.473, 38.7437
1935, 35.3533, 38.7604
1936, 35.1218, 38.7937
1937, 34.8936, 38.827
1938, 34.661, 38.8604
1939, 34.5448, 38.877
1940, 34.3134, 38.9104
1941, 34.0849, 38.9437
1942, 33.8637, 38.977
1943, 33.7535, 38.9937
1944, 33.5476, 39.027
1945, 33.3613, 39.0604
1946, 33.1903, 39.0937
1947, 33.0375, 39.127
1948, 32.9674, 39.1437
1949, 32.8364, 39.177
1950, 32.8364, 39.177
1951, 32.5435, 39.2604
1952, 32.4843, 39.277
1953, 32.3636, 39.3104
1954, 32.3021, 39.327
1955, 32.1756, 39.3604
1956, 32.042, 39.3937
1957, 31.9059, 39.427
1958, 31.7665, 39.4604
1959, 31.6218, 39.4937
1960, 31.4713, 39.527
1961, 31.3185, 39.5604
1962, 31.1583, 39.5937
1963, 31.0765, 39.6104
1964, 30.9092, 39.6437
1965, 30.7373, 39.677
1966, 30.5626, 39.7104
1967, 30.3836, 39.7437
1968, 30.2013, 39.777
1969, 30.0149, 39.8104
1970, 29.8293, 39.8437
1971, 29.6567, 39.877
1972, 29.4966, 39.9104
1973, 29.3613, 39.9437
1974, 29.2446, 39.977
1975, 29.156, 40.0104
1976, 29.0829, 40.0437
1977, 29.0144, 40.077
1978, 28.9471, 40.1104
1979, 28.8804, 40.1437
1980, 28.8145, 40.177
1981, 28.7502, 40.2104
1982, 28.686, 40.2437
1983, 28.6217, 40.277
1984, 28.5529, 40.3104
1985, 28.4943, 40.3437
1986, 28.4451, 40.377
1987, 28.3664, 40.427
1988, 28.3073, 40.4604
1989, 28.2511, 40.4937
1990, 28.1928, 40.527
1991, 28.1131, 40.5604
1992, 28.0404, 40.5937
1993, 27.9503, 40.627
1994, 27.8441, 40.6604
1995, 27.7493, 40.6937
1996, 27.6778, 40.727
1997, 27.5839, 40.777
1998, 27.5186, 40.8104
1999, 27.4483, 40.8437
2000, 27.3752, 40.877
2001, 27.3143, 40.9104
2002, 27.2815, 40.9437
2003, 27.2978, 40.977
2004, 27.2966, 41.0104
2005, 27.3602, 41.0604
2006, 27.4341, 41.0937
2007, 27.5316, 41.127
2008, 27.6497, 41.1604
2009, 27.7935, 41.1937
2010, 27.9548, 41.227
2011, 28.1226, 41.2604
2012, 28.2982, 41.2937
2013, 28.4789, 41.327
2014, 28.6581, 41.3604
2015, 28.8342, 41.3937
2016, 29.0107, 41.427
2017, 29.1885, 41.4604
2018, 29.364, 41.4937
2019, 29.5353, 41.527
2020, 29.7039, 41.5604
2021, 29.871, 41.5937
2022, 30.04, 41.627
2023, 30.2076, 41.6604
2024, 30.3692, 41.6937
2025, 30.527, 41.727
2026, 30.6884, 41.7604
2027, 30.8513, 41.7937
2028, 31.0134, 41.827
2029, 31.0927, 41.8437
2030, 31.2497, 41.877
2031, 31.4135, 41.9104
2032, 31.577, 41.9437
2033, 31.7378, 41.977
2034, 31.9035, 42.0104
2035, 31.9879, 42.027
2036, 32.159, 42.0604
2037, 32.3288, 42.0937
2038, 32.501, 42.127
2039, 32.6754, 42.1604
2040, 32.7629, 42.177
2041, 32.9386, 42.2104
2042, 33.1125, 42.2437
2043, 33.286, 42.277
2044, 33.3734, 42.2937
2045, 33.5468, 42.327
2046, 33.7177, 42.3604
2047, 33.8028, 42.377
2048, 33.9745, 42.4104
2049, 34.1456, 42.4437
2050, 34.315, 42.477
2051, 34.3985, 42.4937
2052, 34.5658, 42.527
2053, 34.7313, 42.5604
2054, 34.8139, 42.577
2055, 34.9796, 42.6104
2056, 35.1452, 42.6437
2057, 35.2276, 42.6604
2058, 35.3927, 42.6937
2059, 35.5568, 42.727
2060, 35.6377, 42.7437
2061, 35.7989, 42.777
2062, 35.8803, 42.7937
2063, 36.0425, 42.827
2064, 36.2011, 42.8604
2065, 36.2796, 42.877
2066, 36.4381, 42.9104
2067, 36.518, 42.927
2068, 36.6773, 42.9604
2069, 36.8356, 42.9937
2070, 36.9147, 43.0104
2071, 37.0709, 43.0437
2072, 37.1488, 43.0604
2073, 37.3046, 43.0937
2074, 37.4621, 43.127
2075, 37.5407, 43.1437
2076, 37.6931, 43.177
2077, 37.7688, 43.1937
2078, 37.922, 43.227
2079, 37.9999, 43.2437
2080, 38.1531, 43.277
2081, 38.2285, 43.2937
2082, 38.3794, 43.327
2083, 38.455, 43.3437
2084, 38.6062, 43.377
2085, 38.681, 43.3937
2086, 38.8298, 43.427
2087, 38.9039, 43.4437
2088, 39.0523, 43.477
2089, 39.1991, 43.5104
2090, 39.2721, 43.527
2091, 39.4192, 43.5604
2092, 39.4922, 43.577
2093, 39.6367, 43.6104
2094, 39.7083, 43.627
2095, 39.8527, 43.6604
2096, 39.9252, 43.677
2097, 39.9973, 43.6937
2098, 40.1397, 43.727
2099, 40.2101, 43.7437
2100, 40.3523, 43.777
2101, 40.4237, 43.7937
2102, 40.5647, 43.827
2103, 40.6347, 43.8437
2104, 40.7746, 43.877
2105, 40.8445, 43.8937
2106, 40.9814, 43.927
2107, 41.0499, 43.9437
2108, 41.1855, 43.977
2109, 41.2537, 43.9937
2110, 41.3897, 44.027
2111, 41.4564, 44.0437
2112, 41.5231, 44.0604
2113, 41.5231, 44.0604
2114, 41.5231, 44.0604
2115, 41.8488, 44.1437
2116, 41.9129, 44.1604
2117, 42.0369, 44.1937
2118, 42.0985, 44.2104
2119, 42.1595, 44.227
2120, 42.2816, 44.2604
2121, 42.3403, 44.277
2122, 42.4608, 44.3104
2123, 42.5217, 44.327
2124, 42.5835, 44.3437
2125, 42.7129, 44.377
2126, 42.7757, 44.3937
2127, 42.8909, 44.427
2128, 42.9479, 44.4437
2129, 43.0117, 44.4604
2130, 43.1213, 44.4937
2131, 43.1763, 44.5104
2132, 43.2812, 44.5437
2133, 43.319, 44.5604
2134, 43.3919, 44.577
2135, 43.5162, 44.6104
2136, 43.5743, 44.627
2137, 43.6251, 44.6604
2138, 43.5925, 44.677
2139, 43.5729, 44.6937
2140, 43.5461, 44.727
2141, 43.5894, 44.7437
2142, 43.7339, 44.777
2143, 43.793, 44.7937
2144, 43.8518, 44.8104
2145, 43.973, 44.8437
2146, 44.0358, 44.8604
2147, 44.1028, 44.877
2148, 44.2354, 44.9104
2149, 44.2964, 44.927
2150, 44.4154, 44.9604
2151, 44.4746, 44.977
2152, 44.5339, 44.9937
2153, 44.6543, 45.027
2154, 44.714, 45.0437
2155, 44.7734, 45.0604
2156, 44.894, 45.0937
2157, 44.9545, 45.1104
2158, 45.015, 45.127
2159, 45.1366, 45.1604
2160, 45.1954, 45.177
2161, 45.2564, 45.1937
2162, 45.3741, 45.227
2163, 45.4303, 45.2437
2164, 45.4934, 45.2604
2165, 45.6163, 45.2937
2166, 45.6665, 45.3104
2167, 45.7207, 45.327
2168, 45.8335, 45.3604
2169, 45.8926, 45.377
2170, 45.9531, 45.3937
2171, 46.0239, 45.4104
2172, 46.153, 45.4437
2173, 46.2183, 45.4604
2174, 46.2833, 45.477
2175, 46.4061, 45.5104
2176, 46.4675, 45.527
2177, 46.5284, 45.5437
2178, 46.6499, 45.577
2179, 46.7104, 45.5937
2180, 46.7716, 45.6104
2181, 46.8328, 45.627
2182, 46.9549, 45.6604
2183, 47.0138, 45.677
2184, 47.0735, 45.6937
2185, 47.1927, 45.727
2186, 47.2519, 45.7437
2187, 47.3111, 45.7604
2188, 47.3705, 45.777
2189, 47.4883, 45.8104
2190, 47.5478, 45.827
2191, 47.6073, 45.8437
2192, 47.6658, 45.8604
2193, 47.7818, 45.8937
2194, 47.84, 45.9104
2195, 47.8974, 45.927
2196, 47.955, 45.9437
2197, 48.0686, 45.977
2198, 48.1259, 45.9937
2199, 48.1839, 46.0104
2200, 48.2417, 46.027
2201, 48.3523, 46.0604
2202, 48.4094, 46.077
2203, 48.4673, 46.0937
2204, 48.5253, 46.1104
2205, 48.6358, 46.1437
2206, 48.6906, 46.1604
2207, 48.7459, 46.177
2208, 48.8014, 46.1937
2209, 48.911, 46.227
2210, 48.9651, 46.2437
2211, 49.0184, 46.2604
2212, 49.072, 46.277
2213, 49.1248, 46.2937
2214, 49.2324, 46.327
2215, 49.2861, 46.3437
2216, 49.3402, 46.3604
2217, 49.3946, 46.377
2218, 49.5021, 46.4104
2219, 49.5548, 46.427
2220, 49.6065, 46.4437
2221, 49.6583, 46.4604
2222, 49.7097, 46.477
2223, 49.8113, 46.5104
2224, 49.8629, 46.527
2225, 49.9147, 46.5437
2226, 49.9659, 46.5604
2227, 50.0171, 46.577
2228, 50.1177, 46.6104
2229, 50.1678, 46.627
2230, 50.2173, 46.6437
2231, 50.2663, 46.6604
2232, 50.3146, 46.677
2233, 50.4126, 46.7104
2234, 50.463, 46.727
2235, 50.5129, 46.7437
2236, 50.5621, 46.7604
2237, 50.6099, 46.777
2238, 50.6099, 46.777
2239, 50.6099, 46.777
2240, 50.8038, 46.8437
2241, 50.8515, 46.8604
2242, 50.8984, 46.877
2243, 50.9455, 46.8937
2244, 51.0398, 46.927
2245, 51.0867, 46.9437
2246, 51.1328, 46.9604
2247, 51.1795, 46.977
2248, 51.2266, 46.9937
2249, 51.2741, 47.0104
2250, 51.3675, 47.0437
2251, 51.4134, 47.0604
2252, 51.4597, 47.077
2253, 51.5059, 47.0937
2254, 51.5512, 47.1104
2255, 51.596, 47.127
2256, 51.6875, 47.1604
2257, 51.733, 47.177
2258, 51.7771, 47.1937
2259, 51.8219, 47.2104
2260, 51.8657, 47.227
2261, 51.9094, 47.2437
2262, 51.9971, 47.277
2263, 52.0402, 47.2937
2264, 52.0839, 47.3104
2265, 52.1266, 47.327
2266, 52.1699, 47.3437
2267, 52.2116, 47.3604
2268, 52.2529, 47.377
2269, 52.3342, 47.4104
2270, 52.3757, 47.427
2271, 52.4177, 47.4437
2272, 52.4606, 47.4604
2273, 52.5033, 47.477
2274, 52.5474, 47.4937
2275, 52.5889, 47.5104
2276, 52.6659, 47.5437
2277, 52.7032, 47.5604
2278, 52.7416, 47.577
2279, 52.7803, 47.5937
2280, 52.82, 47.6104
2281, 52.8596, 47.627
2282, 52.8992, 47.6437
2283, 52.9784, 47.677
2284, 53.0181, 47.6937
2285, 53.0572, 47.7104
2286, 53.0957, 47.727
2287, 53.1345, 47.7437
2288, 53.173, 47.7604
2289, 53.2108, 47.777
2290, 53.2476, 47.7937
2291, 53.3217, 47.827
2292, 53.3596, 47.8437
2293, 53.3969, 47.8604
2294, 53.4341, 47.877
2295, 53.4713, 47.8937
2296, 53.5081, 47.9104
2297, 53.5444, 47.927
2298, 53.5768, 47.9437
2299, 53.5296, 47.977
2300, 53.5047, 47.9937
2301, 53.4759, 48.0104
2302, 53.4528, 48.027
2303, 53.5051, 48.0437
2304, 53.5624, 48.0604
2305, 53.5875, 48.077
2306, 53.6213, 48.0937
2307, 53.7026, 48.127
2308, 53.7399, 48.1437
2309, 53.7796, 48.1604
2310, 53.8211, 48.177
2311, 53.8606, 48.1937
2312, 53.8997, 48.2104
2313, 53.9402, 48.227
2314, 53.9806, 48.2437
2315, 54.0203, 48.2604
2316, 54.0984, 48.2937
2317, 54.1371, 48.3104
2318, 54.1757, 48.327
2319, 54.2131, 48.3437
2320, 54.2505, 48.3604
2321, 54.2882, 48.377
2322, 54.3267, 48.3937
2323, 54.3645, 48.4104
2324, 54.4006, 48.427
2325, 54.4365, 48.4437
2326, 54.5118, 48.477
2327, 54.5492, 48.4937
2328, 54.5865, 48.5104
2329, 54.6244, 48.527
2330, 54.6629, 48.5437
2331, 54.7007, 48.5604
2332, 54.7387, 48.577
2333, 54.778, 48.5937
2334, 54.8176, 48.6104
2335, 54.8564, 48.627
2336, 54.9328, 48.6604
2337, 54.9719, 48.677
2338, 55.0118, 48.6937
2339, 55.0504, 48.7104
2340, 55.09, 48.727
2341, 55.1294, 48.7437
2342, 55.167, 48.7604
2343, 55.2046, 48.777
2344, 55.2431, 48.7937
2345, 55.2825, 48.8104
2346, 55.3227, 48.827
2347, 55.3625, 48.8437
2348, 55.4431, 48.877
2349, 55.4837, 48.8937
2350, 55.5232, 48.9104
2351, 55.5626, 48.927
2352, 55.6021, 48.9437
2353, 55.6421, 48.9604
2354, 55.6831, 48.977
2355, 55.7237, 48.9937
2356, 55.7632, 49.0104
2357, 55.8013, 49.027
2358, 55.8403, 49.0437
2359, 55.8796, 49.0604
2360, 55.9186, 49.077
2361, 55.9587, 49.0937
2362, 56.0374, 49.127
2363, 56.0748, 49.1437
2364, 56.1138, 49.1604
2365, 56.1548, 49.177
2366, 56.1944, 49.1937
2367, 56.2342, 49.2104
2368, 56.2749, 49.227
2369, 56.3154, 49.2437
2370, 56.3553, 49.2604
2371, 56.3947, 49.277
2372, 56.4342, 49.2937
2373, 56.4735, 49.3104
2374, 56.5126, 49.327
2375, 56.5528, 49.3437
2376, 56.5926, 49.3604
2377, 56.6324, 49.377
2378, 56.6723, 49.3937
2379, 56.7514, 49.427
2380, 56.7905, 49.4437
2381, 56.8294, 49.4604
2382, 56.8685, 49.477
2383, 56.9085, 49.4937
2384, 56.948, 49.5104
2385, 56.9871, 49.527
2386, 57.0261, 49.5437
2387, 57.0657, 49.5604
2388, 57.1048, 49.577
2389, 57.1439, 49.5937
2390, 57.1826, 49.6104
2391, 57.2228, 49.627
2392, 57.2629, 49.6437
2393, 57.3018, 49.6604
2394, 57.341, 49.677
2395, 57.3787, 49.6937
2396, 57.4169, 49.7104
2397, 57.4552, 49.727
2398, 57.4932, 49.7437
2399, 57.5322, 49.7604
2400, 57.5707, 49.777
2401, 57.6088, 49.7937
2402, 57.6847, 49.827
2403, 57.7227, 49.8437
2404, 57.7599, 49.8604
2405, 57.7988, 49.877
2406, 57.8367, 49.8937
2407, 57.8746, 49.9104
2408, 57.9124, 49.927
2409, 57.95, 49.9437
2410, 57.9862, 49.9604
2411, 58.0233, 49.977
2412, 58.0614, 49.9937
2413, 58.1002, 50.0104
2414, 58.1385, 50.027
2415, 58.176, 50.0437
2416, 58.2135, 50.0604
2417, 58.2514, 50.077
2418, 58.2886, 50.0937
2419, 58.326, 50.1104
2420, 58.3629, 50.127
2421, 58.4, 50.1437
2422, 58.4378, 50.1604
2423, 58.4755, 50.177
2424, 58.5128, 50.1937
2425, 58.5499, 50.2104
2426, 58.5857, 50.227
2427, 58.6226, 50.2437
2428, 58.66, 50.2604
2429, 58.6966, 50.277
2430, 58.7336, 50.2937
2431, 58.7704, 50.3104
2432, 58.8074, 50.327
2433, 58.8443, 50.3437
2434, 58.8802, 50.3604
2435, 58.9165, 50.377
2436, 58.9518, 50.3937
2437, 58.9882, 50.4104
2438, 59.025, 50.427
2439, 59.0611, 50.4437
2440, 59.0966, 50.4604
2441, 59.1323, 50.477
2442, 59.1683, 50.4937
2443, 59.2037, 50.5104
2444, 59.2398, 50.527
2445, 59.2752, 50.5437
2446, 59.345, 50.577
2447, 59.3814, 50.5937
2448, 59.4172, 50.6104
2449, 59.4521, 50.627
2450, 59.4873, 50.6437
2451, 59.5219, 50.6604
2452, 59.5564, 50.677
2453, 59.5905, 50.6937
2454, 59.6248, 50.7104
2455, 59.6586, 50.727
2456, 59.6928, 50.7437
2457, 59.7286, 50.7604
2458, 59.7646, 50.777
2459, 59.7997, 50.7937
2460, 59.8344, 50.8104
2461, 59.8687, 50.827
2462, 59.9036, 50.8437
2463, 59.9385, 50.8604
2464, 59.9723, 50.877
2465, 60.0066, 50.8937
2466, 60.0406, 50.9104
2467, 60.0738, 50.927
2468, 60.1071, 50.9437
2469, 60.1421, 50.9604
2470, 60.1763, 50.977
2471, 60.2099, 50.9937
2472, 60.2435, 51.0104
2473, 60.2787, 51.027
2474, 60.3142, 51.0437
2475, 60.3497, 51.0604
2476, 60.3843, 51.077
2477, 60.4165, 51.0937
2478, 60.4481, 51.1104
2479, 60.4803, 51.127
2480, 60.5129, 51.1437
2481, 60.5466, 51.1604
2482, 60.5803, 51.177
2483, 60.615, 51.1937
2484, 60.6492, 51.2104
2485, 60.6492, 51.2104
2486, 60.6832, 51.227
2487, 60.7161, 51.2437
2488, 60.7486, 51.2604
2489, 60.7822, 51.277
2490, 60.8158, 51.2937
2491, 60.8495, 51.3104
2492, 60.8823, 51.327
2493, 60.9141, 51.3437
2494, 60.9465, 51.3604
2495, 60.9791, 51.377
2496, 61.0115, 51.3937
2497, 61.0445, 51.4104
2498, 61.0768, 51.427
2499, 61.1095, 51.4437
2500, 61.1417, 51.4604
2501, 61.1739, 51.477
2502, 61.206, 51.4937
2503, 61.2367, 51.5104
2504, 61.2678, 51.527
2505, 61.2994, 51.5437
2506, 61.3311, 51.5604
2507, 61.363, 51.577
2508, 61.3954, 51.5937
2509, 61.4276, 51.6104
2510, 61.4595, 51.627
2511, 61.4912, 51.6437
2512, 61.5224, 51.6604
2513, 61.5535, 51.677
2514, 61.5846, 51.6937
2515, 61.6148, 51.7104
2516, 61.6453, 51.727
2517, 61.6759, 51.7437
2518, 61.7076, 51.7604
2519, 61.7395, 51.777
2520, 61.7708, 51.7937
2521, 61.8011, 51.8104
2522, 61.8311, 51.827
2523, 61.8604, 51.8437
2524, 61.8889, 51.8604
2525, 61.9195, 51.877
2526, 61.9505, 51.8937
2527, 61.9818, 51.9104
2528, 62.0115, 51.927
2529, 62.0409, 51.9437
2530, 62.0706, 51.9604
2531, 62.1005, 51.977
2532, 62.1307, 51.9937
2533, 62.1307, 51.9937
2534, 62.1613, 52.0104
2535, 62.1915, 52.027
2536, 62.2221, 52.0437
2537, 62.2521, 52.0604
2538, 62.2808, 52.077
2539, 62.3082, 52.0937
2540, 62.3371, 52.1104
2541, 62.3673, 52.127
2542, 62.3966, 52.1437
2543, 62.4259, 52.1604
2544, 62.4559, 52.177
2545, 62.4851, 52.1937
2546, 62.5135, 52.2104
2547, 62.5418, 52.227
2548, 62.5699, 52.2437
2549, 62.5976, 52.2604
2550, 62.6244, 52.277
2551, 62.6514, 52.2937
2552, 62.6788, 52.3104
2553, 62.7067, 52.327
2554, 62.7354, 52.3437
2555, 62.7627, 52.3604
2556, 62.7902, 52.377
2557, 62.8173, 52.3937
2558, 62.8446, 52.4104
2559, 62.8708, 52.427
2560, 62.8963, 52.4437
2561, 62.8963, 52.4437
2562, 62.9213, 52.4604
2563, 62.9455, 52.477
2564, 62.9705, 52.4937
2565, 62.9967, 52.5104
2566, 63.0227, 52.527
2567, 63.0485, 52.5437
2568, 63.0733, 52.5604
2569, 63.0973, 52.577
2570, 63.1218, 52.5937
2571, 63.1464, 52.6104
2572, 63.171, 52.627
2573, 63.1949, 52.6437
2574, 63.2184, 52.6604
2575, 63.2417, 52.677
2576, 63.2417, 52.677
2577, 63.2417, 52.677
2578, 63.2417, 52.677
2579, 63.3381, 52.7437
2580, 63.3617, 52.7604
2581, 63.3864, 52.777
2582, 63.3864, 52.777
2583, 63.4116, 52.7937
2584, 63.4366, 52.8104
2585, 63.4611, 52.827
2586, 63.4859, 52.8437
2587, 63.5108, 52.8604
2588, 63.5354, 52.877
2589, 63.5595, 52.8937
2590, 63.5827, 52.9104
2591, 63.6058, 52.927
2592, 63.6288, 52.9437
2593, 63.6519, 52.9604
2594, 63.6745, 52.977
2595, 63.6988, 52.9937
2596, 63.723, 53.0104
2597, 63.7467, 53.027
2598, 63.7696, 53.0437
2599, 63.7923, 53.0604
2600, 63.8163, 53.077
2601, 63.8163, 53.077
2602, 63.8399, 53.0937
2603, 63.8631, 53.1104
2604, 63.8867, 53.127
2605, 63.9087, 53.1437
2606, 63.9295, 53.1604
2607, 63.9502, 53.177
2608, 63.9685, 53.1937
2609, 63.9367, 53.2104
2610, 63.9033, 53.227
2611, 63.8704, 53.2437
2612, 63.8403, 53.2604
2613, 63.8238, 53.277
2614, 63.8821, 53.2937
2615, 63.9061, 53.3104
2616, 63.9204, 53.327
2617, 63.9487, 53.3437
2618, 63.9487, 53.3437
2619, 63.9718, 53.3604
2620, 63.9935, 53.377
2621, 64.0176, 53.3937
2622, 64.0408, 53.4104
2623, 64.0639, 53.427
2624, 64.0878, 53.4437
2625, 64.1121, 53.4604
2626, 64.1366, 53.477
2627, 64.161, 53.4937
2628, 64.185, 53.5104
2629, 64.2081, 53.527
2630, 64.2313, 53.5437
2631, 64.2538, 53.5604
2632, 64.2766, 53.577
2633, 64.3012, 53.5937
2634, 64.3012, 53.5937
2635, 64.3258, 53.6104
2636, 64.3492, 53.627
2637, 64.371, 53.6437
2638, 64.3928, 53.6604
2639, 64.4159, 53.677
2640, 64.4397, 53.6937
2641, 64.4619, 53.7104
2642, 64.4832, 53.727
2643, 64.5055, 53.7437
2644, 64.529, 53.7604
2645, 64.5518, 53.777
2646, 64.572, 53.7937
2647, 64.5934, 53.8104
2648, 64.5934, 53.8104
2649, 64.6165, 53.827
2650, 64.639, 53.8437
2651, 64.6607, 53.8604
2652, 64.6812, 53.877
2653, 64.6998, 53.8937
2654, 64.7167, 53.9104
2655, 64.7316, 53.927
2656, 64.7445, 53.9437
2657, 64.7542, 53.9604
2658, 64.7616, 53.977
2659, 64.7677, 53.9937
2660, 64.7731, 54.0104
2661, 64.7736, 54.027
2662, 64.7736, 54.027
2663, 64.7706, 54.0437
2664, 64.7668, 54.0604
2665, 64.7593, 54.077
2666, 64.7475, 54.0937
2667, 64.7248, 54.1104
2668, 64.6935, 54.127
2669, 64.6519, 54.1437
2670, 64.5962, 54.1604
2671, 64.5255, 54.177
2672, 64.4369, 54.1937
2673, 64.3327, 54.2104
2674, 64.212, 54.227
2675, 64.0769, 54.2437
2676, 63.929, 54.2604
2677, 63.929, 54.2604
2678, 63.7488, 54.277
2679, 63.5538, 54.2937
2680, 63.373, 54.3104
2681, 63.373, 54.3104
2682, 63.373, 54.3104
2683, 63.373, 54.3104
2684, 62.4588, 54.377
2685, 62.191, 54.3937
2686, 61.9054, 54.4104
2687, 61.6104, 54.427
2688, 61.2951, 54.4437
2689, 60.9686, 54.4604
2690, 60.6217, 54.477
2691, 60.2618, 54.4937
2692, 59.9077, 54.5104
2693, 59.5501, 54.527
2694, 59.1901, 54.5437
2695, 58.8257, 54.5604
2696, 58.458, 54.577
2697, 58.0931, 54.5937
2698, 57.7263, 54.6104
2699, 57.371, 54.627
2700, 57.0275, 54.6437
2701, 56.6904, 54.6604
2702, 56.3666, 54.677
2703, 56.0349, 54.6937
2704, 55.6987, 54.7104
2705, 55.0058, 54.7437
2706, 54.6781, 54.7604
2707, 54.3619, 54.777
2708, 54.05, 54.7937
2709, 53.7431, 54.8104
2710, 53.428, 54.827
2711, 53.1287, 54.8437
2712, 52.8454, 54.8604
2713, 52.5633, 54.877
2714, 52.0186, 54.9104
2715, 51.7509, 54.927
2716, 51.489, 54.9437
2717, 51.2289, 54.9604
2718, 50.9643, 54.977
2719, 50.7038, 54.9937
2720, 50.1554, 55.027
2721, 49.8762, 55.0437
2722, 49.6033, 55.0604
2723, 49.3321, 55.077
2724, 49.0601, 55.0937
2725, 48.5261, 55.127
2726, 48.259, 55.1437
2727, 47.9883, 55.1604
2728, 47.709, 55.177
2729, 47.1503, 55.2104
2730, 46.8561, 55.227
2731, 46.5655, 55.2437
2732, 46.269, 55.2604
2733, 45.6859, 55.2937
2734, 45.4043, 55.3104
2735, 45.1154, 55.327
2736, 44.5302, 55.3604
2737, 44.2396, 55.377
2738, 43.9582, 55.3937
2739, 43.3895, 55.427
2740, 43.1002, 55.4437
2741, 42.5427, 55.477
2742, 42.2656, 55.4937
2743, 41.987, 55.5104
2744, 41.448, 55.5437
2745, 41.1812, 55.5604
2746, 40.6458, 55.5937
2747, 40.3803, 55.6104
2748, 39.8574, 55.6437
2749, 39.5924, 55.6604
2750, 39.0375, 55.6937
2751, 38.753, 55.7104
2752, 38.2268, 55.7437
2753, 37.9741, 55.7604
2754, 37.4788, 55.7937
2755, 36.9919, 55.827
2756, 36.7527, 55.8437
2757, 36.7527, 55.8437
2758, 35.7706, 55.9104
2759, 35.5265, 55.927
2760, 35.0389, 55.9604
2761, 34.5511, 55.9937
2762, 34.3053, 56.0104
2763, 33.8161, 56.0437
2764, 33.3309, 56.077
2765, 32.855, 56.1104
2766, 32.3801, 56.1437
2767, 32.1498, 56.1604
2768, 31.7015, 56.1937
2769, 31.287, 56.227
2770, 30.9264, 56.2604
2771, 30.6085, 56.2937
2772, 30.3393, 56.327
2773, 30.0993, 56.3604
2774, 29.812, 56.3937
2775, 29.54, 56.427
2776, 29.3366, 56.4604
2777, 29.1346, 56.4937
2778, 28.9252, 56.527
2779, 28.7354, 56.5604
2780, 28.5571, 56.5937
2781, 28.3758, 56.627
2782, 28.1938, 56.6604
2783, 27.9141, 56.7104
2784, 27.714, 56.7437
2785, 27.5043, 56.777
2786, 27.2858, 56.8104
2787, 27.0632, 56.8437
2788, 26.8403, 56.877
2789, 26.5114, 56.927
2790, 26.2982, 56.9604
2791, 26.0916, 56.9937
2792, 25.8951, 57.027
2793, 25.7098, 57.0604
2794, 25.4381, 57.1104
2795, 25.2613, 57.1437
2796, 25.0876, 57.177
2797, 24.918, 57.2104
2798, 24.748, 57.2437
2799, 24.4903, 57.2937
2800, 24.3287, 57.327
2801, 24.1762, 57.3604
2802, 24.0223, 57.3937
2803, 23.8722, 57.427
2804, 23.6485, 57.477
2805, 23.4891, 57.5104
2806, 23.3252, 57.5437
2807, 23.0668, 57.5937
2808, 22.8844, 57.627
2809, 22.6981, 57.6604
2810, 22.4305, 57.7104
2811, 22.1357, 57.7604
2812, 21.9334, 57.7937
2813, 21.654, 57.8437
2814, 21.4365, 57.8937
2815, 21.2769, 57.927
2816, 20.9865, 57.977
2817, 20.7901, 58.027
2818, 20.6306, 58.077
2819, 20.5064, 58.127
2820, 20.4053, 58.177
2821, 20.2866, 58.227
2822, 20.126, 58.277
2823, 19.9527, 58.327
2824, 19.8185, 58.377
2825, 19.6626, 58.427
2826, 19.5133, 58.477
2827, 19.3902, 58.527
2828, 19.2638, 58.5937
2829, 19.2384, 58.6437
2830, 19.2652, 58.6937
2831, 19.3289, 58.7604
2832, 19.4159, 58.8104
2833, 19.5408, 58.8604
2834, 19.8314, 58.9604
2835, 19.8818, 58.977
2836, 20.0373, 59.027
2837, 20.1982, 59.077
2838, 20.3711, 59.127
2839, 20.6448, 59.1937
2840, 20.8976, 59.2437
2841, 21.2102, 59.2937
2842, 21.4548, 59.327
2843, 21.8567, 59.377
2844, 22.25, 59.427
2845, 22.511, 59.4604
2846, 22.9148, 59.5104
2847, 23.3175, 59.5604
2848, 23.5724, 59.5937
2849, 23.9327, 59.6437
2850, 24.1717, 59.677
2851, 24.4113, 59.7104
2852, 24.7609, 59.7604
2853, 24.9691, 59.7937
2854, 25.1078, 59.8437
2855, 25.0597, 59.877
2856, 24.9287, 59.9104
2857, 24.7708, 59.9604
2858, 24.7026, 59.9937
2859, 24.6009, 60.027
2860, 24.454, 60.077
2861, 24.3611, 60.1104
2862, 24.2599, 60.1437
2863, 24.1056, 60.1937
2864, 24.0018, 60.227
2865, 23.8409, 60.277
2866, 23.7355, 60.3104
2867, 23.579, 60.3604
2868, 23.4733, 60.3937
2869, 23.3689, 60.427
2870, 23.2115, 60.477
2871, 23.1086, 60.5104
2872, 22.9489, 60.5604
2873, 22.8007, 60.6104
2874, 22.6951, 60.6437
2875, 22.5322, 60.6937
2876, 22.4333, 60.727
2877, 22.2884, 60.777
2878, 22.1449, 60.827
2879, 22.0532, 60.8604
2880, 21.9391, 60.9104
2881, 21.9255, 60.9604
2882, 21.9352, 61.0104
2883, 21.9955, 61.0604
2884, 22.0788, 61.0937
2885, 22.2258, 61.1437
2886, 22.3889, 61.1937
2887, 22.5844, 61.2437
2888, 22.7125, 61.277
2889, 22.8929, 61.327
2890, 23.0763, 61.377
2891, 23.2082, 61.4104
2892, 23.3959, 61.4604
2893, 23.5289, 61.4937
2894, 23.7286, 61.5437
2895, 23.8608, 61.577
2896, 24.0804, 61.627
2897, 24.2398, 61.6604
2898, 24.4666, 61.7104
2899, 24.6144, 61.7437
2900, 24.8703, 61.7937
2901, 25.0599, 61.827
2902, 25.3712, 61.877
2903, 25.5851, 61.9104
2904, 25.797, 61.9437
2905, 26.1192, 61.9937
2906, 26.3329, 62.027
2907, 26.5381, 62.0604
2908, 26.8471, 62.1104
2909, 27.0603, 62.1437
2910, 27.2748, 62.177
2911, 27.4849, 62.2104
2912, 27.6901, 62.2437
2913, 27.9954, 62.2937
2914, 28.1972, 62.327
2915, 28.3954, 62.3604
2916, 28.5898, 62.3937
2917, 28.7766, 62.427
2918, 28.9551, 62.4604
2919, 29.1235, 62.4937
2920, 29.3713, 62.5437
2921, 29.5602, 62.577
2922, 29.7808, 62.6104
2923, 29.9978, 62.6437
2924, 30.1682, 62.677
2925, 30.2893, 62.7104
2926, 30.4975, 62.7437
2927, 30.6686, 62.777
2928, 30.7572, 62.7937
2929, 30.9255, 62.827
2930, 31.0983, 62.8604
2931, 31.2604, 62.8937
2932, 31.2749, 62.927
2933, 31.2219, 62.9604
2934, 31.2291, 62.9937
2935, 31.4016, 63.027
2936, 31.5537, 63.0604
2937, 31.6919, 63.0937
2938, 31.8509, 63.127
2939, 32.0249, 63.1604
2940, 32.1463, 63.1937
2941, 32.2248, 63.2104
2942, 32.3954, 63.2437
2943, 32.555, 63.277
2944, 32.7086, 63.3104
2945, 32.8614, 63.3437
2946, 33.0077, 63.377
2947, 33.1494, 63.4104
2948, 33.2233, 63.427
2949, 33.377, 63.4604
2950, 33.5343, 63.4937
2951, 33.6834, 63.527
2952, 33.8273, 63.5604
2953, 33.8996, 63.577
2954, 34.0434, 63.6104
2955, 34.1871, 63.6437
2956, 34.3316, 63.677
2957, 34.4775, 63.7104
2958, 34.5511, 63.727
2959, 34.6987, 63.7604
2960, 34.8433, 63.7937
2961, 34.9874, 63.827
2962, 35.0591, 63.8437
2963, 35.2006, 63.877
2964, 35.3402, 63.9104
2965, 35.4094, 63.927
2966, 35.5488, 63.9604
2967, 35.6889, 63.9937
2968, 35.8305, 64.027
2969, 35.9015, 64.0437
2970, 36.0411, 64.077
2971, 36.1761, 64.1104
2972, 36.2424, 64.127
2973, 36.3763, 64.1604
2974, 36.5119, 64.1937
2975, 36.5787, 64.2104
2976, 36.7132, 64.2437
2977, 36.8466, 64.277
2978, 36.9124, 64.2937
2979, 37.0424, 64.327
2980, 37.1721, 64.3604
2981, 37.2355, 64.377
2982, 37.3625, 64.4104
2983, 37.4262, 64.427
2984, 37.4262, 64.427
2985, 37.4262, 64.427
2986, 37.7427, 64.5104
2987, 37.8678, 64.5437
2988, 37.9932, 64.577
2989, 38.0564, 64.5937
2990, 38.1808, 64.627
2991, 38.2425, 64.6437
2992, 38.3642, 64.677
2993, 38.4259, 64.6937
2994, 38.5502, 64.727
2995, 38.6749, 64.7604
2996, 38.7373, 64.777
2997, 38.86, 64.8104
2998, 38.9217, 64.827
2999, 39.0433, 64.8604
3000, 39.1042, 64.877
3001, 39.2255, 64.9104
3002, 39.2858, 64.927
3003, 39.4059, 64.9604
3004, 39.5252, 64.9937
3005, 39.584, 65.0104
3006, 39.6939, 65.0437
3007, 39.7412, 65.0604
3008, 39.8051, 65.0937
3009, 39.818, 65.1104
3010, 39.7974, 65.1437
3011, 39.7617, 65.1604
3012, 39.6384, 65.1937
3013, 39.5665, 65.2104
3014, 39.3463, 65.2437
3015, 39.2591, 65.2604
3016, 39.0914, 65.2937
3017, 38.8805, 65.327
3018, 38.771, 65.3437
3019, 38.532, 65.377
3020, 38.4045, 65.3937
3021, 38.1376, 65.427
3022, 37.8486, 65.4604
3023, 37.7008, 65.477
3024, 37.3963, 65.5104
3025, 37.2387, 65.527
3026, 36.9156, 65.5604
3027, 36.583, 65.5937
3028, 36.4137, 65.6104
3029, 36.0715, 65.6437
3030, 35.7292, 65.677
3031, 35.5618, 65.6937
3032, 35.2442, 65.727
3033, 35.2442, 65.727
3034, 34.7272, 65.7937
3035, 34.6195, 65.8104
3036, 34.4219, 65.8437
3037, 34.2418, 65.877
3038, 34.0745, 65.9104
3039, 33.9949, 65.927
3040, 33.8432, 65.9604
3041, 33.698, 65.9937
3042, 33.5612, 66.027
3043, 33.4291, 66.0604
3044, 33.3656, 66.077
3045, 33.2482, 66.1104
3046, 33.147, 66.1437
3047, 33.0558, 66.177
3048, 32.9661, 66.2104
3049, 32.8769, 66.2437
3050, 32.7868, 66.277
3051, 32.741, 66.2937
3052, 32.6481, 66.327
3053, 32.5531, 66.3604
3054, 32.4558, 66.3937
3055, 32.3579, 66.427
3056, 32.2613, 66.4604
3057, 32.1661, 66.4937
3058, 32.0741, 66.527
3059, 31.9837, 66.5604
3060, 31.8941, 66.5937
3061, 31.8502, 66.6104
3062, 31.7628, 66.6437
3063, 31.6746, 66.677
3064, 31.5875, 66.7104
3065, 31.5014, 66.7437
3066, 31.4162, 66.777
3067, 31.3302, 66.8104
3068, 31.2426, 66.8437
3069, 31.1565, 66.877
3070, 31.0714, 66.9104
3071, 30.9851, 66.9437
3072, 30.8991, 66.977
3073, 30.8162, 67.0104
3074, 30.7315, 67.0437
3075, 30.6436, 67.077
3076, 30.5571, 67.1104
3077, 30.4734, 67.1437
3078, 30.3897, 67.177
3079, 30.3064, 67.2104
3080, 30.2328, 67.2437
3081, 30.1732, 67.277
3082, 30.1143, 67.3104
3083, 30.0558, 67.3437
3084, 29.9984, 67.377
3085, 29.9433, 67.4104
3086, 29.8888, 67.4437
3087, 29.8716, 67.477
3088, 29.8392, 67.5104
3089, 29.8017, 67.5604
3090, 29.7851, 67.5937
3091, 29.7714, 67.627
3092, 29.7593, 67.6604
3093, 29.7474, 67.6937
3094, 29.7388, 67.727
3095, 29.7295, 67.7604
3096, 29.7111, 67.7937
3097, 29.6847, 67.827
3098, 29.6509, 67.8604
3099, 29.6064, 67.8937
3100, 29.5475, 67.927
3101, 29.4842, 67.9604
3102, 29.3924, 67.9937
3103, 29.2872, 68.027
3104, 29.1706, 68.077
3105, 29.0742, 68.1104
3106, 28.9868, 68.1437
3107, 28.9066, 68.177
3108, 28.836, 68.2104
3109, 28.7755, 68.2437
3110, 28.7554, 68.277
3111, 28.7591, 68.3104
3112, 28.792, 68.3437
3113, 28.8113, 68.3937
3114, 28.848, 68.427
3115, 28.8963, 68.4604
3116, 28.9464, 68.4937
3117, 29.0005, 68.527
3118, 29.069, 68.5604
3119, 29.1578, 68.5937
3120, 29.235, 68.627
3121, 29.3106, 68.6604
3122, 29.4391, 68.7104
3123, 29.5285, 68.7437
3124, 29.6385, 68.777
3125, 29.7402, 68.8104
3126, 29.8436, 68.8437
3127, 29.9518, 68.877
3128, 30.0684, 68.9104
3129, 30.1959, 68.9437
3130, 30.3303, 68.977
3131, 30.4675, 69.0104
3132, 30.6303, 69.0437
3133, 30.7886, 69.077
3134, 30.9469, 69.1104
3135, 31.0276, 69.127
3136, 31.1864, 69.1604
3137, 31.3413, 69.1937
3138, 31.4968, 69.227
3139, 31.6501, 69.2604
3140, 31.8057, 69.2937
3141, 31.9664, 69.327
3142, 32.1264, 69.3604
3143, 32.2835, 69.3937
3144, 32.359, 69.4104
3145, 32.5097, 69.4437
3146, 32.668, 69.477
3147, 32.8439, 69.5104
3148, 33.0054, 69.5437
3149, 33.0799, 69.5604
3150, 33.229, 69.5937
3151, 33.3863, 69.627
3152, 33.3863, 69.627
3153, 33.3863, 69.627
3154, 33.8004, 69.7104
3155, 33.9523, 69.7437
3156, 34.1114, 69.777
3157, 34.1974, 69.7937
3158, 34.3719, 69.827
3159, 34.5378, 69.8604
3160, 34.7056, 69.8937
3161, 34.7885, 69.9104
3162, 34.9522, 69.9437
3163, 35.1162, 69.977
3164, 35.209, 69.9937
3165, 35.3928, 70.027
3166, 35.561, 70.0604
3167, 35.6462, 70.077
3168, 35.8202, 70.1104
3169, 35.9078, 70.127
3170, 36.0823, 70.1604
3171, 36.2564, 70.1937
3172, 36.3435, 70.2104
3173, 36.5186, 70.2437
3174, 36.6921, 70.277
3175, 36.7772, 70.2937
3176, 36.9455, 70.327
3177, 37.0289, 70.3437
3178, 37.1955, 70.377
3179, 37.3618, 70.4104
3180, 37.4435, 70.427
3181, 37.61, 70.4604
3182, 37.6943, 70.477
3183, 37.862, 70.5104
3184, 38.0261, 70.5437
3185, 38.1074, 70.5604
3186, 38.2709, 70.5937
3187, 38.3516, 70.6104
3188, 38.5115, 70.6437
3189, 38.5912, 70.6604
3190, 38.7507, 70.6937
3191, 38.9084, 70.727
3192, 38.9863, 70.7437
3193, 39.1383, 70.777
3194, 39.2118, 70.7937
3195, 39.3613, 70.827
3196, 39.438, 70.8437
3197, 39.593, 70.877
3198, 39.6696, 70.8937
3199, 39.8175, 70.927
3200, 39.892, 70.9437
3201, 40.0392, 70.977
3202, 40.1116, 70.9937
3203, 40.2557, 71.027
3204, 40.3256, 71.0437
3205, 40.4655, 71.077
3206, 40.535, 71.0937
3207, 40.6778, 71.127
3208, 40.7431, 71.1437
3209, 40.8851, 71.177
3210, 40.9551, 71.1937
3211, 41.0808, 71.227
3212, 41.1554, 71.2437
3213, 41.286, 71.277
3214, 41.362, 71.2937
3215, 41.4785, 71.327
3216, 41.5382, 71.3437
3217, 41.602, 71.3604
3218, 41.7394, 71.3937
3219, 41.7936, 71.4104
3220, 41.9075, 71.4437
3221, 41.958, 71.4604
3222, 41.9521, 71.4937
3223, 41.9383, 71.5104
3224, 41.912, 71.527
3225, 41.9405, 71.5604
3226, 42.0126, 71.577
3227, 42.1096, 71.6104
3228, 42.1521, 71.627
3229, 42.1944, 71.6437
3230, 42.296, 71.677
3231, 42.3516, 71.6937
3232, 42.4175, 71.727
3233, 42.4491, 71.7437
3234, 42.4991, 71.7604
3235, 42.6601, 71.7937
3236, 42.6957, 71.8104
3237, 42.7508, 71.8437
3238, 42.7794, 71.8604
3239, 42.7926, 71.877
3240, 42.7445, 71.9104
3241, 42.7177, 71.927
3242, 42.6842, 71.9437
3243, 42.5718, 71.977
3244, 42.5523, 71.9937
3245, 42.4859, 72.027
3246, 42.4455, 72.0437
3247, 42.4102, 72.0604
3248, 42.3371, 72.0937
3249, 42.2973, 72.1104
3250, 42.2157, 72.1437
3251, 42.1732, 72.1604
3252, 42.1305, 72.177
3253, 42.0434, 72.2104
3254, 41.9953, 72.227
3255, 41.8908, 72.2604
3256, 41.8348, 72.277
3257, 41.7767, 72.2937
3258, 41.6485, 72.327
3259, 41.5806, 72.3437
3260, 41.438, 72.377
3261, 41.3592, 72.3937
3262, 41.1909, 72.427
3263, 41.1024, 72.4437
3264, 40.9181, 72.477
3265, 40.8232, 72.4937
3266, 40.7234, 72.5104
3267, 40.7234, 72.5104
3268, 40.2812, 72.577
3269, 40.1603, 72.5937
3270, 40.0435, 72.6104
3271, 39.8115, 72.6437
3272, 39.6845, 72.6604
3273, 39.3559, 72.6937
3274, 39.2121, 72.7104
3275, 38.9357, 72.7437
3276, 38.7866, 72.7604
3277, 38.494, 72.7937
3278, 38.354, 72.8104
3279, 38.0724, 72.8437
3280, 37.93, 72.8604
3281, 37.6471, 72.8937
3282, 37.3597, 72.927
3283, 37.2123, 72.9437
3284, 36.9164, 72.977
3285, 36.7701, 72.9937
3286, 36.4743, 73.027
3287, 36.1748, 73.0604
3288, 36.0288, 73.077
3289, 35.7379, 73.1104
3290, 35.45, 73.1437
3291, 35.3069, 73.1604
3292, 35.0284, 73.1937
3293, 34.7651, 73.227
3294, 34.6376, 73.2437
3295, 34.3989, 73.277
3296, 34.177, 73.3104
3297, 33.9664, 73.3437
3298, 33.8658, 73.3604
3299, 33.6719, 73.3937
3300, 33.4913, 73.427
3301, 33.3181, 73.4604
3302, 33.2319, 73.477
3303, 33.0612, 73.5104
3304, 32.8943, 73.5437
3305, 32.7247, 73.577
3306, 32.5513, 73.6104
3307, 32.4653, 73.627
3308, 32.2896, 73.6604
3309, 32.1129, 73.6937
3310, 31.9367, 73.727
3311, 31.7596, 73.7604
3312, 31.5848, 73.7937
3313, 31.4972, 73.8104
3314, 31.3195, 73.8437
3315, 31.1409, 73.877
3316, 30.9641, 73.9104
3317, 30.7869, 73.9437
3318, 30.6098, 73.977
3319, 30.4375, 74.0104
3320, 30.2709, 74.0437
3321, 30.1134, 74.077
3322, 30.04, 74.0937
3323, 29.9019, 74.127
3324, 29.7763, 74.1604
3325, 29.6633, 74.1937
3326, 29.5602, 74.227
3327, 29.4662, 74.2604
3328, 29.3905, 74.2937
3329, 29.3176, 74.327
3330, 29.2461, 74.3604
3331, 29.1775, 74.3937
3332, 29.1097, 74.427
3333, 29.0438, 74.4604
3334, 28.9518, 74.4937
3335, 28.8611, 74.527
3336, 28.7883, 74.5604
3337, 28.7033, 74.5937
3338, 28.6214, 74.627
3339, 28.5385, 74.6604
3340, 28.4533, 74.6937
3341, 28.3676, 74.727
3342, 28.282, 74.7604
3343, 28.1972, 74.7937
3344, 28.1126, 74.827
3345, 28.1126, 74.827
3346, 27.9062, 74.9104
3347, 27.8658, 74.927
3348, 27.7842, 74.9604
3349, 27.7027, 74.9937
3350, 27.6226, 75.027
3351, 27.6226, 75.027
3352, 27.4251, 75.1104
3353, 27.3861, 75.127
3354, 27.3078, 75.1604
3355, 27.3078, 75.1604
3356, 27.1154, 75.2437
3357, 27.0398, 75.277
3358, 26.9642, 75.3104
3359, 26.8874, 75.3437
3360, 26.8105, 75.377
3361, 26.7322, 75.4104
3362, 26.6129, 75.4604
3363, 26.532, 75.4937
3364, 26.45, 75.527
3365, 26.3677, 75.5604
3366, 26.2857, 75.5937
3367, 26.1644, 75.6437
3368, 26.0752, 75.677
3369, 25.9812, 75.7104
3370, 25.8874, 75.7437
3371, 25.7768, 75.7937
3372, 25.7187, 75.827
3373, 25.6411, 75.8604
3374, 25.5196, 75.9104
3375, 25.4441, 75.9437
3376, 25.365, 75.977
3377, 25.2692, 76.027
3378, 25.1935, 76.0604
3379, 25.1119, 76.0937
3380, 24.9963, 76.1437
3381, 24.9221, 76.177
3382, 24.8368, 76.227
3383, 24.8476, 76.2604
3384, 24.827, 76.3104
3385, 24.8391, 76.3437
3386, 24.8637, 76.3937
3387, 24.8895, 76.427
3388, 24.9232, 76.4604
3389, 24.9847, 76.5104
3390, 25.0264, 76.5437
3391, 25.0918, 76.5937
3392, 25.1376, 76.627
3393, 25.2011, 76.677
3394, 25.2363, 76.7104
3395, 25.2733, 76.7437
3396, 25.3299, 76.7937
3397, 25.366, 76.827
3398, 25.4272, 76.877
3399, 25.4753, 76.9104
3400, 25.5557, 76.9604
3401, 25.6174, 76.9937
3402, 25.6897, 77.027
3403, 25.8149, 77.077
3404, 25.9035, 77.1104
3405, 25.994, 77.1437
3406, 26.1449, 77.1937
3407, 26.2537, 77.227
3408, 26.3663, 77.2604
3409, 26.5429, 77.3104
3410, 26.6673, 77.3437
3411, 26.7928, 77.377
3412, 26.995, 77.427
3413, 27.1394, 77.4604
3414, 27.2879, 77.4937
3415, 27.4397, 77.527
3416, 27.6743, 77.577
3417, 27.8425, 77.6104
3418, 28.0271, 77.6437
3419, 28.2058, 77.677
3420, 28.2058, 77.677
3421, 28.6782, 77.7604
3422, 28.8751, 77.7937
3423, 29.1124, 77.827
3424, 29.2998, 77.8604
3425, 29.4729, 77.8937
3426, 29.659, 77.927
3427, 29.8659, 77.9604
3428, 30.073, 77.9937
3429, 30.2667, 78.027
3430, 30.4621, 78.0604
3431, 30.6672, 78.0937
3432, 30.8614, 78.127
3433, 31.0432, 78.1604
3434, 31.2525, 78.1937
3435, 31.4394, 78.227
3436, 31.614, 78.2604
3437, 31.8224, 78.2937
3438, 32.0101, 78.327
3439, 32.1904, 78.3604
3440, 32.2938, 78.377
3441, 32.4731, 78.4104
3442, 32.6637, 78.4437
3443, 32.8509, 78.477
3444, 33.031, 78.5104
3445, 33.217, 78.5437
3446, 33.4002, 78.577
3447, 33.4887, 78.5937
3448, 33.6685, 78.627
3449, 33.8421, 78.6604
3450, 34.0199, 78.6937
3451, 34.1277, 78.7104
3452, 34.3098, 78.7437
3453, 34.4654, 78.777
3454, 34.6544, 78.8104
3455, 34.7403, 78.827
3456, 34.9127, 78.8604
3457, 35.0911, 78.8937
3458, 35.2692, 78.927
3459, 35.3575, 78.9437
3460, 35.5353, 78.977
3461, 35.7113, 79.0104
3462, 35.7977, 79.027
3463, 35.9681, 79.0604
3464, 36.1363, 79.0937
3465, 36.2198, 79.1104
3466, 36.3869, 79.1437
3467, 36.5534, 79.177
3468, 36.6357, 79.1937
3469, 36.7996, 79.227
3470, 36.9625, 79.2604
3471, 37.0437, 79.277
3472, 37.2046, 79.3104
3473, 37.2836, 79.327
3474, 37.4426, 79.3604
3475, 37.6016, 79.3937
3476, 37.6809, 79.4104
3477, 37.8376, 79.4437
3478, 37.9149, 79.4604
3479, 38.0694, 79.4937
3480, 38.2234, 79.527
3481, 38.2996, 79.5437
3482, 38.4503, 79.577
3483, 38.5256, 79.5937
3484, 38.6748, 79.627
3485, 38.7486, 79.6437
3486, 38.8976, 79.677
3487, 39.0463, 79.7104
3488, 39.1198, 79.727
3489, 39.2645, 79.7604
3490, 39.3368, 79.777
3491, 39.4801, 79.8104
3492, 39.5509, 79.827
3493, 39.6891, 79.8604
3494, 39.7584, 79.877
3495, 39.8961, 79.9104
3496, 39.9649, 79.927
3497, 40.1017, 79.9604
3498, 40.1702, 79.977
3499, 40.3053, 80.0104
3500, 40.3715, 80.027
3501, 40.5033, 80.0604
3502, 40.5684, 80.077
3503, 40.697, 80.1104
3504, 40.7612, 80.127
3505, 40.8898, 80.1604
3506, 40.9535, 80.177
3507, 41.0793, 80.2104
3508, 41.1416, 80.227
3509, 41.2036, 80.2437
3510, 41.3268, 80.277
3511, 41.388, 80.2937
3512, 41.51, 80.327
3513, 41.5703, 80.3437
3514, 41.6905, 80.377
3515, 41.7498, 80.3937
3516, 41.8684, 80.427
3517, 41.9271, 80.4437
3518, 42.0439, 80.477
3519, 42.1015, 80.4937
3520, 42.1589, 80.5104
3521, 42.2703, 80.5437
3522, 42.3217, 80.5604
3523, 42.3987, 80.5937
3524, 42.4152, 80.6104
3525, 42.3981, 80.6437
3526, 42.3666, 80.6604
3527, 42.3174, 80.677
3528, 42.1923, 80.7104
3529, 42.1001, 80.727
3530, 41.878, 80.7604
3531, 41.7925, 80.777
3532, 41.5953, 80.8104
3533, 41.476, 80.827
3534, 41.2331, 80.8604
3535, 41.1067, 80.877
3536, 40.8294, 80.9104
3537, 40.6821, 80.927
3538, 40.3727, 80.9604
3539, 40.2104, 80.977
3540, 39.873, 81.0104
3541, 39.6981, 81.027
3542, 39.3389, 81.0604
3543, 39.1562, 81.077
3544, 38.7835, 81.1104
3545, 38.5962, 81.127
3546, 38.2202, 81.1604
3547, 37.8514, 81.1937
3548, 37.6735, 81.2104
3549, 37.3333, 81.2437
3550, 37.018, 81.277
3551, 36.8716, 81.2937
3552, 36.599, 81.327
3553, 36.3471, 81.3604
3554, 36.226, 81.377
3555, 35.9896, 81.4104
3556, 35.754, 81.4437
3557, 35.5124, 81.477
3558, 35.3898, 81.4937
3559, 35.1432, 81.527
3560, 34.8927, 81.5604
3561, 34.6395, 81.5937
3562, 34.5131, 81.6104
3563, 34.2647, 81.6437
3564, 34.0255, 81.677
3565, 33.8002, 81.7104
3566, 33.5908, 81.7437
3567, 33.3982, 81.777
3568, 33.226, 81.8104
3569, 33.0733, 81.8437
3570, 32.9426, 81.877
3571, 32.8863, 81.8937
3572, 32.7895, 81.927
3573, 32.7101, 81.9604
3574, 32.7101, 81.9604
3575, 32.5392, 82.0437
3576, 32.5057, 82.0604
3577, 32.438, 82.0937
3578, 32.3691, 82.127
3579, 32.2965, 82.1604
3580, 32.2141, 82.1937
3581, 32.1305, 82.227
3582, 32.0466, 82.2604
3583, 31.9589, 82.2937
3584, 31.8709, 82.327
3585, 31.7829, 82.3604
3586, 31.6858, 82.3937
3587, 31.5765, 82.427
3588, 31.4565, 82.4604
3589, 31.3241, 82.4937
3590, 31.1055, 82.5437
3591, 30.9497, 82.577
3592, 30.7862, 82.6104
3593, 30.617, 82.6437
3594, 30.4538, 82.677
3595, 30.2964, 82.7104
3596, 30.0527, 82.7604
3597, 29.8884, 82.7937
3598, 29.7189, 82.827
3599, 29.5406, 82.8604
3600, 29.3582, 82.8937
3601, 29.0808, 82.9437
3602, 28.8969, 82.977
3603, 28.7255, 83.0104
3604, 28.5026, 83.0604
3605, 28.3795, 83.0937
3606, 28.2757, 83.127
3607, 28.1297, 83.177
3608, 28.0343, 83.2104
3609, 27.8921, 83.2604
3610, 27.7999, 83.2937
3611, 27.7088, 83.327
3612, 27.5761, 83.377
3613, 27.4898, 83.4104
3614, 27.3605, 83.4604
3615, 27.2756, 83.4937
3616, 27.1549, 83.5437
3617, 27.0874, 83.577
3618, 27.0195, 83.6104
3619, 26.9548, 83.6604
3620, 26.8922, 83.6937
3621, 26.8115, 83.7437
3622, 26.7602, 83.777
3623, 26.6936, 83.827
3624, 26.6604, 83.8604
3625, 26.6378, 83.9104
3626, 26.6436, 83.9437
3627, 26.6806, 83.9937
3628, 26.7238, 84.027
3629, 26.8092, 84.077
3630, 26.8718, 84.1104
3631, 26.9689, 84.1604
3632, 27.0315, 84.1937
3633, 27.1074, 84.2437
3634, 27.1469, 84.277
3635, 27.1975, 84.327
3636, 27.2233, 84.3604
3637, 27.2401, 84.3937
3638, 27.2401, 84.4437
3639, 27.2199, 84.477
3640, 27.1852, 84.5104
3641, 27.103, 84.5604
3642, 27.0408, 84.5937
3643, 26.9798, 84.627
3644, 26.8927, 84.677
3645, 26.8495, 84.7104
3646, 26.8224, 84.7437
3647, 26.8116, 84.7937
3648, 26.8223, 84.827
3649, 26.841, 84.8604
3650, 26.8833, 84.9104
3651, 26.9172, 84.9437
3652, 26.9585, 84.977
3653, 27.0428, 85.027
3654, 27.1093, 85.0604
3655, 27.1801, 85.0937
3656, 27.2943, 85.1437
3657, 27.3753, 85.177
3658, 27.4581, 85.2104
3659, 27.5465, 85.2437
3660, 27.6334, 85.277
3661, 27.7578, 85.327
3662, 27.8451, 85.3604
3663, 27.9369, 85.3937
3664, 28.0364, 85.427
3665, 28.1463, 85.4604
3666, 28.2749, 85.4937
3667, 28.515, 85.5437
3668, 28.6869, 85.577
3669, 28.8543, 85.6104
3670, 29.0193, 85.6437
3671, 29.1871, 85.677
3672, 29.3668, 85.7104
3673, 29.5388, 85.7437
3674, 29.5388, 85.7437
3675, 29.5388, 85.7437
3676, 29.9692, 85.827
3677, 30.1502, 85.8604
3678, 30.3288, 85.8937
3679, 30.5034, 85.927
3680, 30.6785, 85.9604
3681, 30.8559, 85.9937
3682, 31.0349, 86.027
3683, 31.2162, 86.0604
3684, 31.3963, 86.0937
3685, 31.485, 86.1104
3686, 31.6623, 86.1437
3687, 31.8376, 86.177
3688, 32.0147, 86.2104
3689, 32.1888, 86.2437
3690, 32.2791, 86.2604
3691, 32.4586, 86.2937
3692, 32.6365, 86.327
3693, 32.814, 86.3604
3694, 32.9897, 86.3937
3695, 33.0761, 86.4104
3696, 33.249, 86.4437
3697, 33.4234, 86.477
3698, 33.5106, 86.4937
3699, 33.683, 86.527
3700, 33.8555, 86.5604
3701, 34.0282, 86.5937
3702, 34.1149, 86.6104
3703, 34.2845, 86.6437
3704, 34.4532, 86.677
3705, 34.5377, 86.6937
3706, 34.7071, 86.727
3707, 34.8767, 86.7604
3708, 34.9619, 86.777
3709, 35.1313, 86.8104
3710, 35.3, 86.8437
3711, 35.4686, 86.877
3712, 35.5519, 86.8937
3713, 35.7175, 86.927
3714, 35.8836, 86.9604
3715, 35.9665, 86.977
3716, 36.1315, 87.0104
3717, 36.2948, 87.0437
3718, 36.3763, 87.0604
3719, 36.5393, 87.0937
3720, 36.7015, 87.127
3721, 36.7824, 87.1437
3722, 36.9416, 87.177
3723, 37.0206, 87.1937
3724, 37.1793, 87.227
3725, 37.3366, 87.2604
3726, 37.3366, 87.2604
3727, 37.6501, 87.327
3728, 37.728, 87.3437
3729, 37.8125, 87.3604
3730, 37.9661, 87.3937
3731, 38.0424, 87.4104
3732, 38.2061, 87.4437
3733, 38.2826, 87.4604
3734, 38.4358, 87.4937
3735, 38.595, 87.527
3736, 38.6701, 87.5437
3737, 38.8255, 87.577
3738, 38.9054, 87.5937
3739, 39.0495, 87.627
3740, 39.129, 87.6437
3741, 39.2855, 87.677
3742, 39.3585, 87.6937
3743, 39.5051, 87.727
3744, 39.5773, 87.7437
3745, 39.7304, 87.777
3746, 39.8011, 87.7937
3747, 39.9494, 87.827
3748, 40.0275, 87.8437
3749, 40.1747, 87.877
3750, 40.2468, 87.8937
3751, 40.3958, 87.927
3752, 40.4684, 87.9437
3753, 40.6121, 87.977
3754, 40.6833, 87.9937
3755, 40.824, 88.027
3756, 40.8941, 88.0437
3757, 41.0351, 88.077
3758, 41.1053, 88.0937
3759, 41.2439, 88.127
3760, 41.3132, 88.1437
3761, 41.4513, 88.177
3762, 41.5206, 88.1937
3763, 41.5903, 88.2104
3764, 41.7288, 88.2437
3765, 41.797, 88.2604
3766, 41.9322, 88.2937
3767, 41.9995, 88.3104
3768, 42.1325, 88.3437
3769, 42.1991, 88.3604
3770, 42.2656, 88.377
3771, 42.398, 88.4104
3772, 42.4636, 88.427
3773, 42.5947, 88.4604
3774, 42.6598, 88.477
3775, 42.7889, 88.5104
3776, 42.8534, 88.527
3777, 42.9176, 88.5437
3778, 43.0459, 88.577
3779, 43.1095, 88.5937
3780, 43.2356, 88.627
3781, 43.2984, 88.6437
3782, 43.361, 88.6604
3783, 43.4858, 88.6937
3784, 43.548, 88.7104
3785, 43.6104, 88.727
3786, 43.7345, 88.7604
3787, 43.7955, 88.777
3788, 43.9178, 88.8104
3789, 43.9791, 88.827
3790, 44.0402, 88.8437
3791, 44.1613, 88.877
3792, 44.2219, 88.8937
3793, 44.2798, 88.9104
3794, 44.2602, 88.9437
3795, 44.2497, 88.9604
3796, 44.2308, 88.977
3797, 44.2798, 89.0104
3798, 44.36, 89.027
3799, 44.4238, 89.0437
3800, 44.5334, 89.077
3801, 44.5994, 89.0937
3802, 44.7242, 89.127
3803, 44.7843, 89.1437
3804, 44.8458, 89.1604
3805, 44.9687, 89.1937
3806, 45.0287, 89.2104
3807, 45.0888, 89.227
3808, 45.2104, 89.2604
3809, 45.2716, 89.277
3810, 45.3325, 89.2937
3811, 45.4534, 89.327
3812, 45.5143, 89.3437
3813, 45.5744, 89.3604
3814, 45.6344, 89.377
3815, 45.7539, 89.4104
3816, 45.8137, 89.427
3817, 45.8736, 89.4437
3818, 45.9926, 89.477
3819, 46.052, 89.4937
3820, 46.1112, 89.5104
3821, 46.2291, 89.5437
3822, 46.2871, 89.5604
3823, 46.3454, 89.577
3824, 46.462, 89.6104
3825, 46.5198, 89.627
3826, 46.5773, 89.6437
3827, 46.6351, 89.6604
3828, 46.7513, 89.6937
3829, 46.8087, 89.7104
3830, 46.866, 89.727
3831, 46.866, 89.727
3832, 46.866, 89.727
3833, 46.866, 89.727
3834, 47.21, 89.827
3835, 47.2664, 89.8437
3836, 47.3226, 89.8604
3837, 47.3789, 89.877
3838, 47.4351, 89.8937
3839, 47.5473, 89.927
3840, 47.603, 89.9437
3841, 47.6585, 89.9604
3842, 47.7142, 89.977
3843, 47.8239, 90.0104
3844, 47.8792, 90.027
3845, 47.935, 90.0437
3846, 47.991, 90.0604
3847, 48.1016, 90.0937
3848, 48.1561, 90.1104
3849, 48.2103, 90.127
3850, 48.2649, 90.1437
3851, 48.3725, 90.177
3852, 48.4262, 90.1937
3853, 48.4803, 90.2104
3854, 48.5336, 90.227
3855, 48.6395, 90.2604
3856, 48.6924, 90.277
3857, 48.7455, 90.2937
3858, 48.7981, 90.3104
3859, 48.9028, 90.3437
3860, 48.9559, 90.3604
3861, 49.0084, 90.377
3862, 49.0607, 90.3937
3863, 49.1645, 90.427
3864, 49.217, 90.4437
3865, 49.2692, 90.4604
3866, 49.3213, 90.477
3867, 49.3728, 90.4937
3868, 49.4748, 90.527
3869, 49.5255, 90.5437
3870, 49.5761, 90.5604
3871, 49.6268, 90.577
3872, 49.6778, 90.5937
3873, 49.7779, 90.627
3874, 49.8277, 90.6437
3875, 49.8778, 90.6604
3876, 49.9277, 90.677
3877, 49.9774, 90.6937
3878, 50.077, 90.727
3879, 50.1268, 90.7437
3880, 50.1759, 90.7604
3881, 50.2247, 90.777
3882, 50.2736, 90.7937
3883, 50.3715, 90.827
3884, 50.4194, 90.8437
3885, 50.4677, 90.8604
3886, 50.5161, 90.877
3887, 50.5647, 90.8937
3888, 50.6617, 90.927
3889, 50.7095, 90.9437
3890, 50.757, 90.9604
3891, 50.8043, 90.977
3892, 50.8518, 90.9937
3893, 50.8994, 91.0104
3894, 50.992, 91.0437
3895, 51.038, 91.0604
3896, 51.0847, 91.077
3897, 51.1316, 91.0937
3898, 51.1786, 91.1104
3899, 51.2712, 91.1437
3900, 51.3177, 91.1604
3901, 51.3645, 91.177
3902, 51.4109, 91.1937
3903, 51.4565, 91.2104
3904, 51.5016, 91.227
3905, 51.5924, 91.2604
3906, 51.6373, 91.277
3907, 51.682, 91.2937
3908, 51.7266, 91.3104
3909, 51.7707, 91.327
3910, 51.8155, 91.3437
3911, 51.9047, 91.377
3912, 51.9492, 91.3937
3913, 51.9935, 91.4104
3914, 52.0379, 91.427
3915, 52.0831, 91.4437
3916, 52.1287, 91.4604
3917, 52.1726, 91.477
3918, 52.26, 91.5104
3919, 52.3029, 91.527
3920, 52.3449, 91.5437
3921, 52.3865, 91.5604
3922, 52.4287, 91.577
3923, 52.4721, 91.5937
3924, 52.5149, 91.6104
3925, 52.6014, 91.6437
3926, 52.6439, 91.6604
3927, 52.686, 91.677
3928, 52.7289, 91.6937
3929, 52.7712, 91.7104
3930, 52.8133, 91.727
3931, 52.8541, 91.7437
3932, 52.941, 91.777
3933, 52.9794, 91.7937
3934, 53.0186, 91.8104
3935, 53.0576, 91.827
3936, 53.0988, 91.8437
3937, 53.1403, 91.8604
3938, 53.1814, 91.877
3939, 53.223, 91.8937
3940, 53.3058, 91.927
3941, 53.3469, 91.9437
3942, 53.3871, 91.9604
3943, 53.4279, 91.977
3944, 53.4686, 91.9937
3945, 53.5096, 92.0104
3946, 53.5507, 92.027
3947, 53.5909, 92.0437
3948, 53.6706, 92.077
3949, 53.7091, 92.0937
3950, 53.747, 92.1104
3951, 53.7854, 92.127
3952, 53.823, 92.1437
3953, 53.8621, 92.1604
3954, 53.902, 92.177
3955, 53.943, 92.1937
3956, 54.0237, 92.227
3957, 54.0625, 92.2437
3958, 54.1009, 92.2604
3959, 54.1376, 92.277
3960, 54.1731, 92.2937
3961, 54.1645, 92.3104
3962, 54.1339, 92.327
3963, 54.1128, 92.3437
3964, 54.0874, 92.3604
3965, 54.068, 92.377
3966, 54.1842, 92.4104
3967, 54.2076, 92.427
3968, 54.2432, 92.4437
3969, 54.29, 92.4604
3970, 54.3305, 92.477
3971, 54.3665, 92.4937
3972, 54.4062, 92.5104
3973, 54.45, 92.527
3974, 54.4939, 92.5437
3975, 54.5733, 92.577
3976, 54.6135, 92.5937
3977, 54.6539, 92.6104
3978, 54.6926, 92.627
3979, 54.7309, 92.6437
3980, 54.7711, 92.6604
3981, 54.8126, 92.677
3982, 54.8542, 92.6937
3983, 54.8953, 92.7104
3984, 54.9365, 92.727
3985, 54.9773, 92.7437
3986, 55.0566, 92.777
3987, 55.0957, 92.7937
3988, 55.1343, 92.8104
3989, 55.173, 92.827
3990, 55.2126, 92.8437
3991, 55.2518, 92.8604
3992, 55.2904, 92.877
3993, 55.329, 92.8937
3994, 55.3676, 92.9104
3995, 55.4082, 92.927
3996, 55.4495, 92.9437
3997, 55.5267, 92.977
3998, 55.5644, 92.9937
3999, 55.603, 93.0104
4000, 55.6413, 93.027
4001, 55.6804, 93.0437
4002, 55.7191, 93.0604
4003, 55.7579, 93.077
4004, 55.7967, 93.0937
4005, 55.8344, 93.1104
4006, 55.8724, 93.127
4007, 55.9119, 93.1437
4008, 55.9489, 93.1604
4009, 55.9851, 93.177
4010, 56.0645, 93.2104
4011, 56.1024, 93.227
4012, 56.1422, 93.2437
4013, 56.1796, 93.2604
4014, 56.2137, 93.277
4015, 56.252, 93.2937
4016, 56.2911, 93.3104
4017, 56.3285, 93.327
4018, 56.3648, 93.3437
4019, 56.401, 93.3604
4020, 56.4391, 93.377
4021, 56.4758, 93.3937
4022, 56.5129, 93.4104
4023, 56.5499, 93.427
4024, 56.5876, 93.4437
4025, 56.6257, 93.4604
4026, 56.6982, 93.4937
4027, 56.7352, 93.5104
4028, 56.7708, 93.527
4029, 56.8075, 93.5437
4030, 56.8433, 93.5604
4031, 56.879, 93.577
4032, 56.9169, 93.5937
4033, 56.954, 93.6104
4034, 56.9903, 93.627
4035, 57.0284, 93.6437
4036, 57.0647, 93.6604
4037, 57.0958, 93.677
4038, 57.1303, 93.6937
4039, 57.1669, 93.7104
4040, 57.2033, 93.727
4041, 57.2412, 93.7437
4042, 57.2776, 93.7604
4043, 57.3122, 93.777
4044, 57.3848, 93.8104
4045, 57.4215, 93.827
4046, 57.4568, 93.8437
4047, 57.4916, 93.8604
4048, 57.5255, 93.877
4049, 57.5597, 93.8937
4050, 57.5952, 93.9104
4051, 57.6297, 93.927
4052, 57.6637, 93.9437
4053, 57.6986, 93.9604
4054, 57.7327, 93.977
4055, 57.7663, 93.9937
4056, 57.7997, 94.0104
4057, 57.8352, 94.027
4058, 57.8704, 94.0437
4059, 57.905, 94.0604
4060, 57.9398, 94.077
4061, 57.9756, 94.0937
4062, 58.0101, 94.1104
4063, 58.0417, 94.127
4064, 58.0747, 94.1437
4065, 58.1102, 94.1604
4066, 58.1442, 94.177
4067, 58.177, 94.1937
4068, 58.2105, 94.2104
4069, 58.2444, 94.227
4070, 58.2777, 94.2437
4071, 58.3433, 94.277
4072, 58.3762, 94.2937
4073, 58.4107, 94.3104
4074, 58.4454, 94.327
4075, 58.4803, 94.3437
4076, 58.514, 94.3604
4077, 58.5467, 94.377
4078, 58.5782, 94.3937
4079, 58.6107, 94.4104
4080, 58.6433, 94.427
4081, 58.6761, 94.4437
4082, 58.7085, 94.4604
4083, 58.7399, 94.477
4084, 58.7721, 94.4937
4085, 58.8041, 94.5104
4086, 58.8363, 94.527
4087, 58.8689, 94.5437
4088, 58.9019, 94.5604
4089, 58.9351, 94.577
4090, 58.9667, 94.5937
4091, 58.9987, 94.6104
4092, 59.0303, 94.627
4093, 59.0626, 94.6437
4094, 59.0943, 94.6604
4095, 59.1259, 94.677
4096, 59.1578, 94.6937
4097, 59.1899, 94.7104
4098, 59.2211, 94.727
4099, 59.2532, 94.7437
4100, 59.2841, 94.7604
4101, 59.3147, 94.777
4102, 59.3455, 94.7937
4103, 59.3752, 94.8104
4104, 59.4057, 94.827
4105, 59.4384, 94.8437
4106, 59.4703, 94.8604
4107, 59.5012, 94.877
4108, 59.5315, 94.8937
4109, 59.5628, 94.9104
4110, 59.5939, 94.927
4111, 59.6244, 94.9437
4112, 59.6541, 94.9604
4113, 59.6848, 94.977
4114, 59.7153, 94.9937
4115, 59.7457, 95.0104
4116, 59.7761, 95.027
4117, 59.8062, 95.0437
4118, 59.8355, 95.0604
4119, 59.8652, 95.077
4120, 59.895, 95.0937
4121, 59.9258, 95.1104
4122, 59.955, 95.127
4123, 59.9841, 95.1437
4124, 60.0119, 95.1604
4125, 60.0406, 95.177
4126, 60.0735, 95.1937
4127, 60.1038, 95.2104
4128, 60.1314, 95.227
4129, 60.1609, 95.2437
4130, 60.1901, 95.2604
4131, 60.2189, 95.277
4132, 60.2479, 95.2937
4133, 60.2774, 95.3104
4134, 60.3059, 95.327
4135, 60.3355, 95.3437
4136, 60.3638, 95.3604
4137, 60.3938, 95.377
4138, 60.4246, 95.3937
4139, 60.454, 95.4104
4140, 60.4819, 95.427
4141, 60.5088, 95.4437
4142, 60.5356, 95.4604
4143, 60.5612, 95.477
4144, 60.5876, 95.4937
4145, 60.6164, 95.5104
4146, 60.6462, 95.527
4147, 60.6763, 95.5437
4148, 60.7064, 95.5604
4149, 60.7356, 95.577
4150, 60.7634, 95.5937
4151, 60.7913, 95.6104
4152, 60.8193, 95.627
4153, 60.8453, 95.6437
4154, 60.873, 95.6604
4155, 60.9023, 95.677
4156, 60.931, 95.6937
4157, 60.9584, 95.7104
4158, 60.9854, 95.727
4159, 61.0119, 95.7437
4160, 61.0387, 95.7604
4161, 61.0656, 95.777
4162, 61.0939, 95.7937
4163, 61.1209, 95.8104
4164, 61.1466, 95.827
4165, 61.1739, 95.8437
4166, 61.202, 95.8604
4167, 61.2292, 95.877
4168, 61.256, 95.8937
4169, 61.2815, 95.9104
4170, 61.3081, 95.927
4171, 61.3354, 95.9437
4172, 61.3625, 95.9604
4173, 61.3898, 95.977
4174, 61.4165, 95.9937
4175, 61.4435, 96.0104
4176, 61.4707, 96.027
4177, 61.4948, 96.0437
4178, 61.5207, 96.0604
4179, 61.5471, 96.077
4180, 61.5471, 96.077
4181, 61.5736, 96.0937
4182, 61.6005, 96.1104
4183, 61.6271, 96.127
4184, 61.6537, 96.1437
4185, 61.6797, 96.1604
4186, 61.7048, 96.177
4187, 61.7311, 96.1937
4188, 61.7565, 96.2104
4189, 61.7822, 96.227
4190, 61.8078, 96.2437
4191, 61.832, 96.2604
4192, 61.8549, 96.277
4193, 61.8801, 96.2937
4194, 61.9054, 96.3104
4195, 61.9324, 96.327
4196, 61.9578, 96.3437
4197, 61.9807, 96.3604
4198, 62.0072, 96.377
4199, 62.0369, 96.3937
4200, 62.0639, 96.4104
4201, 62.0855, 96.427
4202, 62.1051, 96.4437
4203, 62.1283, 96.4604
4204, 62.154, 96.477
4205, 62.1824, 96.4937
4206, 62.2083, 96.5104
4207, 62.233, 96.527
4208, 62.2578, 96.5437
4209, 62.2813, 96.5604
4210, 62.3033, 96.577
4211, 62.3253, 96.5937
4212, 62.3253, 96.5937
4213, 62.348, 96.6104
4214, 62.3727, 96.627
4215, 62.399, 96.6437
4216, 62.425, 96.6604
4217, 62.4506, 96.677
4218, 62.475, 96.6937
4219, 62.4987, 96.7104
4220, 62.5225, 96.727
4221, 62.5454, 96.7437
4222, 62.5684, 96.7604
4223, 62.5923, 96.777
4224, 62.6167, 96.7937
4225, 62.6403, 96.8104
4226, 62.6629, 96.827
4227, 62.687, 96.8437
4228, 62.7099, 96.8604
4229, 62.7337, 96.877
4230, 62.7572, 96.8937
4231, 62.7801, 96.9104
4232, 62.8028, 96.927
4233, 62.8262, 96.9437
4234, 62.8496, 96.9604
4235, 62.8735, 96.977
4236, 62.8735, 96.977
4237, 62.8973, 96.9937
4238, 62.9211, 97.0104
4239, 62.9446, 97.027
4240, 62.9677, 97.0437
4241, 62.9901, 97.0604
4242, 63.0126, 97.077
4243, 63.0348, 97.0937
4244, 63.0572, 97.1104
4245, 63.0803, 97.127
4246, 63.1029, 97.1437
4247, 63.1255, 97.1604
4248, 63.1452, 97.177
4249, 63.1165, 97.1937
4250, 63.0817, 97.2104
4251, 63.0493, 97.227
4252, 63.0493, 97.227
4253, 63.0493, 97.227
4254, 63.0493, 97.227
4255, 63.0789, 97.2937
4256, 63.0933, 97.3104
4257, 63.0933, 97.3104
4258, 63.1233, 97.327
4259, 63.149, 97.3437
4260, 63.1716, 97.3604
4261, 63.1956, 97.377
4262, 63.2188, 97.3937
4263, 63.2421, 97.4104
4264, 63.2664, 97.427
4265, 63.2924, 97.4437
4266, 63.3167, 97.4604
4267, 63.3403, 97.477
4268, 63.3628, 97.4937
4269, 63.3867, 97.5104
4270, 63.4114, 97.527
4271, 63.4352, 97.5437
4272, 63.4595, 97.5604
4273, 63.484, 97.577
4274, 63.5104, 97.5937
4275, 63.534, 97.6104
4276, 63.534, 97.6104
4277, 63.5578, 97.627
4278, 63.5816, 97.6437
4279, 63.6035, 97.6604
4280, 63.6244, 97.677
4281, 63.6491, 97.6937
4282, 63.6737, 97.7104
4283, 63.6974, 97.727
4284, 63.7216, 97.7437
4285, 63.7452, 97.7604
4286, 63.7688, 97.777
4287, 63.7914, 97.7937
4288, 63.8144, 97.8104
4289, 63.8375, 97.827
4290, 63.8615, 97.8437
4291, 63.8854, 97.8604
4292, 63.9085, 97.877
4293, 63.9085, 97.877
4294, 63.932, 97.8937
4295, 63.9557, 97.9104
4296, 63.9784, 97.927
4297, 64.0014, 97.9437
4298, 64.0245, 97.9604
4299, 64.0475, 97.977
4300, 64.0706, 97.9937
4301, 64.094, 98.0104
4302, 64.1173, 98.027
4303, 64.1395, 98.0437
4304, 64.1626, 98.0604
4305, 64.1842, 98.077
4306, 64.2061, 98.0937
4307, 64.2279, 98.1104
4308, 64.2509, 98.127
4309, 64.2509, 98.127
4310, 64.2735, 98.1437
4311, 64.2967, 98.1604
4312, 64.3196, 98.177
4313, 64.343, 98.1937
4314, 64.3651, 98.2104
4315, 64.3878, 98.227
4316, 64.4104, 98.2437
4317, 64.4326, 98.2604
4318, 64.4548, 98.277
4319, 64.4769, 98.2937
4320, 64.4994, 98.3104
4321, 64.5207, 98.327
4322, 64.542, 98.3437
4323, 64.542, 98.3437
4324, 64.5635, 98.3604
4325, 64.5863, 98.377
4326, 64.6084, 98.3937
4327, 64.6306, 98.4104
4328, 64.653, 98.427
4329, 64.675, 98.4437
4330, 64.6966, 98.4604
4331, 64.7182, 98.477
4332, 64.7393, 98.4937
4333, 64.7607, 98.5104
4334, 64.783, 98.527
4335, 64.8047, 98.5437
4336, 64.8255, 98.5604
4337, 64.8255, 98.5604
4338, 64.8471, 98.577
4339, 64.8701, 98.5937
4340, 64.8916, 98.6104
4341, 64.9139, 98.627
4342, 64.9353, 98.6437
4343, 64.9557, 98.6604
4344, 64.9771, 98.677
4345, 64.9986, 98.6937
4346, 65.0197, 98.7104
4347, 65.0403, 98.727
4348, 65.0624, 98.7437
4349, 65.0823, 98.7604
4350, 65.0823, 98.7604
4351, 65.1028, 98.777
4352, 65.1211, 98.7937
4353, 65.1421, 98.8104
4354, 65.1646, 98.827
4355, 65.185, 98.8437
4356, 65.2071, 98.8604
4357, 65.2293, 98.877
4358, 65.2514, 98.8937
4359, 65.2738, 98.9104
4360, 65.2948, 98.927
4361, 65.3146, 98.9437
4362, 65.3146, 98.9437
4363, 65.334, 98.9604
4364, 65.3534, 98.977
4365, 65.3737, 98.9937
4366, 65.3942, 99.0104
4367, 65.4147, 99.027
4368, 65.435, 99.0437
4369, 65.4555, 99.0604
4370, 65.4759, 99.077
4371, 65.4961, 99.0937
4372, 65.5163, 99.1104
4373, 65.5364, 99.127
4374, 65.5569, 99.1437
4375, 65.5569, 99.1437
4376, 65.577, 99.1604
4377, 65.5976, 99.177
4378, 65.6173, 99.1937
4379, 65.6373, 99.2104
4380, 65.6575, 99.227
4381, 65.6782, 99.2437
4382, 65.6988, 99.2604
4383, 65.7188, 99.277
4384, 65.7386, 99.2937
4385, 65.7584, 99.3104
4386, 65.7584, 99.3104
4387, 65.7776, 99.327
4388, 65.797, 99.3437
4389, 65.8167, 99.3604
4390, 65.8362, 99.377
4391, 65.8555, 99.3937
4392, 65.8749, 99.4104
4393, 65.8942, 99.427
4394, 65.9139, 99.4437
4395, 65.9332, 99.4604
4396, 65.9525, 99.477
4397, 65.9525, 99.477
4398, 65.9723, 99.4937
4399, 65.9916, 99.5104
4400, 66.0118, 99.527
4401, 66.031, 99.5437
4402, 66.0505, 99.5604
4403, 66.0702, 99.577
4404, 66.0889, 99.5937
4405, 66.1074, 99.6104
4406, 66.1265, 99.627
4407, 66.1453, 99.6437
4408, 66.1453, 99.6437
4409, 66.1637, 99.6604
4410, 66.1823, 99.677
4411, 66.2007, 99.6937
4412, 66.2192, 99.7104
4413, 66.2382, 99.727
4414, 66.2581, 99.7437
4415, 66.2773, 99.7604
4416, 66.2963, 99.777
4417, 66.3155, 99.7937
4418, 66.3346, 99.8104
4419, 66.3346, 99.8104
4420, 66.3532, 99.827
4421, 66.3716, 99.8437
4422, 66.3895, 99.8604
4423, 66.4075, 99.877
4424, 66.426, 99.8937
4425, 66.4438, 99.9104
4426, 66.4619, 99.927
4427, 66.4805, 99.9437
4428, 66.4999, 99.9604
4429, 66.4999, 99.9604
4430, 66.5191, 99.977
4431, 66.5378, 99.9937
4432, 66.5564, 100.0104
4433, 66.5746, 100.027
4434, 66.5929, 100.0437
4435, 66.6119, 100.0604
4436, 66.6295, 100.077
4437, 66.6469, 100.0937
4438, 66.6639, 100.1104
4439, 66.6639, 100.1104
4440, 66.6813, 100.127
4441, 66.6984, 100.1437
4442, 66.7158, 100.1604
4443, 66.7335, 100.177
4444, 66.7524, 100.1937
4445, 66.7684, 100.2104
4446, 66.7878, 100.227
4447, 66.8067, 100.2437
4448, 66.8256, 100.2604
4449, 66.8256, 100.2604
4450, 66.8443, 100.277
4451, 66.8621, 100.2937
4452, 66.8788, 100.3104
4453, 66.8954, 100.327
4454, 66.9135, 100.3437
4455, 66.9311, 100.3604
4456, 66.9483, 100.377
4457, 66.9651, 100.3937
4458, 66.9818, 100.4104
4459, 66.9818, 100.4104
4460, 66.9987, 100.427
4461, 67.0157, 100.4437
4462, 67.0329, 100.4604
4463, 67.0506, 100.477
4464, 67.0686, 100.4937
4465, 67.0865, 100.5104
4466, 67.103, 100.527
4467, 67.1198, 100.5437
4468, 67.1198, 100.5437
4469, 67.1366, 100.5604
4470, 67.1532, 100.577
4471, 67.1702, 100.5937
4472, 67.1872, 100.6104
4473, 67.2038, 100.627
4474, 67.2194, 100.6437
4475, 67.2355, 100.6604
4476, 67.252, 100.677
4477, 67.2684, 100.6937
4478, 67.2684, 100.6937
4479, 67.2864, 100.7104
4480, 67.3055, 100.727
4481, 67.3264, 100.7437
4482, 67.3442, 100.7604
4483, 67.3603, 100.777
