0, 63.4329, 78.0381
1, 63.46, 78.0547
2, 63.4876, 78.0714
3, 63.5145, 78.0881
4, 63.5433, 78.1047
5, 63.5715, 78.1214
6, 63.6005, 78.1381
7, 63.6237, 78.1547
8, 63.6497, 78.1714
9, 63.6789, 78.1881
10, 63.709, 78.2047
11, 63.7371, 78.2214
12, 63.766, 78.2381
13, 63.7943, 78.2547
14, 63.8198, 78.2714
15, 63.8452, 78.2881
16, 63.8452, 78.2881
17, 63.872, 78.3047
18, 63.9, 78.3214
19, 63.9289, 78.3381
20, 63.961, 78.3547
21, 63.9952, 78.3714
22, 64.0313, 78.3881
23, 64.0625, 78.4047
24, 64.0891, 78.4214
25, 64.1115, 78.4381
26, 64.1332, 78.4547
27, 64.1555, 78.4714
28, 64.1808, 78.4881
29, 64.2077, 78.5047
30, 64.2332, 78.5214
31, 64.2621, 78.5381
32, 64.2621, 78.5381
33, 64.2962, 78.5547
34, 64.3334, 78.5714
35, 64.3687, 78.5881
36, 64.3965, 78.6047
37, 64.4168, 78.6214
38, 64.4341, 78.6381
39, 64.455, 0.6339
40, 64.4776, 0.6506
41, 64.5023, 0.6673
42, 64.5301, 0.6839
43, 64.5622, 0.7006
44, 64.5985, 0.7173
45, 64.6338, 0.7339
46, 64.6639, 0.7506
47, 64.6639, 0.7506
48, 64.6874, 0.7673
49, 64.7068, 0.7839
50, 64.7255, 0.8006
51, 64.7487, 0.8173
52, 64.7734, 0.8339
53, 64.7991, 0.8506
54, 64.828, 0.8673
55, 64.8584, 0.8839
56, 64.8895, 0.9006
57, 64.9187, 0.9173
58, 64.9445, 0.9339
59, 64.9673, 0.9506
60, 64.9673, 0.9506
61, 64.9863, 0.9673
62, 65.0074, 0.9839
63, 65.0291, 1.0006
64, 65.0525, 1.0173
65, 65.0784, 1.0339
66, 65.1106, 1.0506
67, 65.1435, 1.0673
68, 65.1773, 1.0839
69, 65.2066, 1.1006
70, 65.2283, 1.1173
71, 65.2462, 1.1339
72, 65.2685, 1.1506
73, 65.2685, 1.1506
74, 65.2931, 1.1673
75, 65.316, 1.1839
76, 65.3406, 1.2006
77, 65.3652, 1.2173
78, 65.3874, 1.2339
79, 65.4082, 1.2506
80, 65.4323, 1.2673
81, 65.4569, 1.2839
82, 65.4828, 1.3006
83, 65.5115, 1.3173
84, 65.5408, 1.3339
85, 65.5408, 1.3339
86, 65.5693, 1.3506
87, 65.5962, 1.3673
88, 65.622, 1.3839
89, 65.6449, 1.4006
90, 65.6676, 1.4173
91, 65.6912, 1.4339
92, 65.7161, 1.4506
93, 65.7418, 1.4673
94, 65.7671, 1.4839
95, 65.7923, 1.5006
96, 65.816, 1.5173
97, 65.816, 1.5173
98, 65.8388, 1.5339
99, 65.8609, 1.5506
100, 65.8836, 1.5673
101, 65.906, 1.5839
102, 65.9286, 1.6006
103, 65.9514, 1.6173
104, 65.9752, 1.6339
105, 65.9997, 1.6506
106, 66.0239, 1.6673
107, 66.0474, 1.6839
108, 66.0474, 1.6839
109, 66.0689, 1.7006
110, 66.0885, 1.7173
111, 66.109, 1.7339
112, 66.1333, 1.7506
113, 66.1573, 1.7673
114, 66.1784, 1.7839
115, 66.1978, 1.8006
116, 66.2196, 1.8173
117, 66.2414, 1.8339
118, 66.2414, 1.8339
119, 66.2668, 1.8506
120, 66.2948, 1.8673
121, 66.3227, 1.8839
122, 66.3463, 1.9006
123, 66.3679, 1.9173
124, 66.3886, 1.9339
125, 66.4061, 1.9506
126, 66.4226, 1.9673
127, 66.4388, 1.9839
128, 66.4556, 2.0006
129, 66.4556, 2.0006
130, 66.4761, 2.0173
131, 66.5002, 2.0339
132, 66.5352, 2.0506
133, 66.5709, 2.0673
134, 66.5945, 2.0839
135, 66.5997, 2.1006
136, 66.6136, 2.1173
137, 66.6366, 2.1339
138, 66.6581, 2.1506
139, 66.6581, 2.1506
140, 66.6784, 2.1673
141, 66.7036, 2.1839
142, 66.7277, 2.2006
143, 66.7479, 2.2173
144, 66.7671, 2.2339
145, 66.787, 2.2506
146, 66.8055, 2.2673
147, 66.8238, 2.2839
148, 66.8426, 2.3006
149, 66.8426, 2.3006
150, 66.8609, 2.3173
151, 66.8802, 2.3339
152, 66.8996, 2.3506
153, 66.9202, 2.3673
154, 66.9389, 2.3839
155, 66.9567, 2.4006
156, 66.9761, 2.4173
157, 66.9975, 2.4339
158, 67.0181, 2.4506
159, 67.0181, 2.4506
160, 67.0373, 2.4673
161, 67.057, 2.4839
162, 67.0754, 2.5006
163, 67.0944, 2.5173
164, 67.115, 2.5339
165, 67.1348, 2.5506
166, 67.1552, 2.5673
167, 67.1748, 2.5839
168, 67.1748, 2.5839
169, 67.1939, 2.6006
170, 67.2129, 2.6173
171, 67.233, 2.6339
172, 67.2521, 2.6506
173, 67.271, 2.6673
174, 67.2914, 2.6839
175, 67.3113, 2.7006
176, 67.3315, 2.7173
177, 67.3315, 2.7173
178, 67.3518, 2.7339
179, 67.3716, 2.7506
180, 67.3889, 2.7673
181, 67.4054, 2.7839
182, 67.4224, 2.8006
183, 67.4412, 2.8173
184, 67.4597, 2.8339
185, 67.4789, 2.8506
186, 67.4789, 2.8506
187, 67.4958, 2.8673
188, 67.5116, 2.8839
189, 67.529, 2.9006
190, 67.5471, 2.9173
191, 67.5666, 2.9339
192, 67.5863, 2.9506
193, 67.6062, 2.9673
194, 67.6256, 2.9839
195, 67.6256, 2.9839
196, 67.6436, 3.0006
197, 67.66, 3.0173
198, 67.6758, 3.0339
199, 67.6935, 3.0506
200, 67.7115, 3.0673
201, 67.729, 3.0839
202, 67.7455, 3.1006
203, 67.7619, 3.1173
204, 67.7619, 3.1173
205, 67.7789, 3.1339
206, 67.7946, 3.1506
207, 67.8101, 3.1673
208, 67.8263, 3.1839
209, 67.843, 3.2006
210, 67.8606, 3.2173
211, 67.8798, 3.2339
212, 67.8991, 3.2506
213, 67.8991, 3.2506
214, 67.9185, 3.2673
215, 67.9393, 3.2839
216, 67.9613, 3.3006
217, 67.981, 3.3173
218, 68.0001, 3.3339
219, 68.0184, 3.3506
220, 68.039, 3.3673
221, 68.039, 3.3673
222, 68.0596, 3.3839
223, 68.0788, 3.4006
224, 68.0946, 3.4173
225, 68.1095, 3.4339
226, 68.1265, 3.4506
227, 68.1458, 3.4673
228, 68.1646, 3.4839
229, 68.1814, 3.5006
230, 68.1814, 3.5006
231, 68.1955, 3.5173
232, 68.2108, 3.5339
233, 68.2251, 3.5506
234, 68.2401, 3.5673
235, 68.2545, 3.5839
236, 68.2706, 3.6006
237, 68.2855, 3.6173
238, 68.2855, 3.6173
239, 68.2999, 3.6339
240, 68.3149, 3.6506
241, 68.3316, 3.6673
242, 68.3484, 3.6839
243, 68.366, 3.7006
244, 68.3836, 3.7173
245, 68.4014, 3.7339
246, 68.4014, 3.7339
247, 68.4194, 3.7506
248, 68.4383, 3.7673
249, 68.4545, 3.7839
250, 68.4693, 3.8006
251, 68.4806, 3.8173
252, 68.4905, 3.8339
253, 68.4993, 3.8506
254, 68.4993, 3.8506
255, 68.5057, 3.8673
256, 68.5104, 3.8839
257, 68.5133, 3.9006
258, 68.514, 3.9173
259, 68.5101, 3.9339
260, 68.5038, 3.9506
261, 68.4936, 3.9673
262, 68.4936, 3.9673
263, 68.4801, 3.9839
264, 68.4638, 4.0006
265, 68.4454, 4.0173
266, 68.4247, 4.0339
267, 68.4025, 4.0506
268, 68.3796, 4.0673
269, 68.3554, 4.0839
270, 68.3295, 4.1006
271, 68.3295, 4.1006
272, 68.3017, 4.1173
273, 68.2707, 4.1339
274, 68.2361, 4.1506
275, 68.1971, 4.1673
276, 68.1526, 4.1839
277, 68.1024, 4.2006
278, 68.0493, 4.2173
279, 68.0493, 4.2173
280, 67.9913, 4.2339
281, 67.9293, 4.2506
282, 67.8625, 4.2673
283, 67.7902, 4.2839
284, 67.7105, 4.3006
285, 67.6194, 4.3173
286, 67.5162, 4.3339
287, 67.4022, 4.3506
288, 67.4022, 4.3506
289, 67.2709, 4.3673
290, 67.1236, 4.3839
291, 66.9609, 4.4006
292, 66.7829, 4.4173
293, 66.5931, 4.4339
294, 66.3972, 4.4506
295, 66.19, 4.4673
296, 65.9911, 4.4839
297, 65.8148, 4.5006
298, 65.8148, 4.5006
299, 65.5827, 4.5173
300, 65.3403, 4.5339
301, 65.1754, 4.5506
302, 64.8788, 4.5673
303, 64.5497, 4.5839
304, 64.3035, 4.6006
305, 63.9647, 4.6173
306, 63.7381, 4.6339
307, 63.5185, 4.6506
308, 63.3569, 4.6673
309, 63.1462, 4.6839
310, 62.8665, 4.7006
311, 62.5711, 4.7173
312, 62.2408, 4.7339
313, 61.9962, 4.7506
314, 61.7856, 4.7673
315, 61.5922, 4.7839
316, 61.3968, 4.8006
317, 61.1969, 4.8173
318, 60.9589, 4.8339
319, 60.7749, 4.8506
320, 60.7749, 4.8506
321, 60.639, 4.8673
322, 60.4916, 4.8839
323, 60.3395, 4.9006
324, 60.2204, 4.9173
325, 60.1258, 4.9339
326, 60.0252, 4.9506
327, 59.9347, 4.9673
328, 59.8598, 4.9839
329, 59.7393, 5.0173
330, 59.6933, 5.0339
331, 59.648, 5.0506
332, 59.5994, 5.0673
333, 59.5462, 5.0839
334, 59.4872, 5.1006
335, 59.4226, 5.1173
336, 59.3558, 5.1339
337, 59.2935, 5.1506
338, 59.2386, 5.1673
339, 59.1903, 5.1839
340, 59.1518, 5.2006
341, 59.1128, 5.2173
342, 59.0722, 5.2339
343, 59.0342, 5.2506
344, 58.9939, 5.2673
345, 58.9052, 5.2839
346, 58.7885, 5.3006
347, 58.7316, 5.3173
348, 58.6892, 5.3339
349, 58.6152, 5.3506
350, 58.5232, 5.3673
351, 58.458, 5.3839
352, 58.4061, 5.4006
353, 58.3391, 5.4173
354, 58.2621, 5.4339
355, 58.1917, 5.4506
356, 58.1232, 5.4673
357, 58.0551, 5.4839
358, 57.9896, 5.5006
359, 57.9279, 5.5173
360, 57.8718, 5.5339
361, 57.8195, 5.5506
362, 57.7718, 5.5673
363, 57.7171, 5.5839
364, 57.6553, 5.6006
365, 57.5306, 5.6339
366, 57.4683, 5.6506
367, 57.4056, 5.6673
368, 57.3469, 5.6839
369, 57.2956, 5.7006
370, 57.2509, 5.7173
371, 57.2062, 5.7339
372, 57.1596, 5.7506
373, 57.1152, 5.7673
374, 57.0742, 5.7839
375, 57.0368, 5.8006
376, 57.0005, 5.8173
377, 56.9647, 5.8339
378, 56.9253, 5.8506
379, 56.8827, 5.8673
380, 56.8376, 5.8839
381, 56.7915, 5.9006
382, 56.7046, 5.9339
383, 56.663, 5.9506
384, 56.6366, 5.9673
385, 56.6116, 5.9839
386, 56.5705, 6.0006
387, 56.5284, 6.0173
388, 56.4993, 6.0339
389, 56.473, 6.0506
390, 56.4436, 6.0673
391, 56.4168, 6.0839
392, 56.3949, 6.1006
393, 56.3751, 6.1173
394, 56.354, 6.1339
395, 56.3341, 6.1506
396, 56.3175, 6.1673
397, 56.3049, 6.1839
398, 56.2884, 6.2173
399, 56.2855, 6.2339
400, 56.2857, 6.2506
401, 56.2879, 6.2673
402, 56.2923, 6.2839
403, 56.2979, 6.3006
404, 56.3032, 6.3173
405, 56.3074, 6.3339
406, 56.3108, 6.3506
407, 56.3126, 6.3673
408, 56.3137, 6.3839
409, 56.3145, 6.4006
410, 56.3161, 6.4173
411, 56.3189, 6.4339
412, 56.3215, 6.4506
413, 56.3224, 6.4673
414, 56.3241, 6.5006
415, 56.3237, 6.5173
416, 56.3226, 6.5339
417, 56.3225, 6.5506
418, 56.323, 6.5673
419, 56.3223, 6.5839
420, 56.32, 6.6006
421, 56.3207, 6.6173
422, 56.3186, 6.6339
423, 56.3107, 6.6506
424, 56.3049, 6.6673
425, 56.2942, 6.6839
426, 56.2869, 6.7006
427, 56.2758, 6.7173
428, 56.2618, 6.7339
429, 56.2548, 6.7506
430, 56.2522, 6.7673
431, 56.2403, 6.8006
432, 56.2373, 6.8173
433, 56.2347, 6.8339
434, 56.2349, 6.8506
435, 56.2336, 6.8673
436, 56.2374, 6.8839
437, 56.2416, 6.9006
438, 56.2546, 6.9173
439, 56.2653, 6.9339
440, 56.2764, 6.9506
441, 56.2882, 6.9673
442, 56.3053, 6.9839
443, 56.3272, 7.0006
444, 56.3476, 7.0173
445, 56.3774, 7.0339
446, 56.4096, 7.0506
447, 56.4416, 7.0673
448, 56.4669, 7.0839
449, 56.4969, 7.1006
450, 56.5329, 7.1173
451, 56.5979, 7.1506
452, 56.6182, 7.1673
453, 56.6397, 7.1839
454, 56.6586, 7.2006
455, 56.7055, 7.2173
456, 56.7394, 7.2339
457, 56.7914, 7.2506
458, 56.8171, 7.2673
459, 56.8243, 7.2839
460, 56.8053, 7.3006
461, 56.8001, 7.3173
462, 56.8148, 7.3339
463, 56.8339, 7.3506
464, 56.8549, 7.3673
465, 56.8823, 7.3839
466, 56.9105, 7.4006
467, 56.945, 7.4173
468, 56.9742, 7.4339
469, 56.9923, 7.4506
470, 56.9942, 7.4673
471, 56.99, 7.4839
472, 56.9895, 7.5006
473, 56.9957, 7.5173
474, 57.0061, 7.5339
475, 57.021, 7.5506
476, 57.0477, 7.5673
477, 57.0759, 7.5839
478, 57.0972, 7.6006
479, 57.1156, 7.6173
480, 57.1376, 7.6339
481, 57.1727, 7.6673
482, 57.1916, 7.6839
483, 57.2176, 7.7006
484, 57.2413, 7.7173
485, 57.2549, 7.7339
486, 57.2648, 7.7506
487, 57.2773, 7.7673
488, 57.2914, 7.7839
489, 57.3032, 7.8006
490, 57.3107, 7.8173
491, 57.3183, 7.8339
492, 57.3294, 7.8506
493, 57.3393, 7.8673
494, 57.3474, 7.8839
495, 57.356, 7.9006
496, 57.3702, 7.9173
497, 57.3858, 7.9339
498, 57.4012, 7.9506
499, 57.4127, 7.9673
500, 57.4205, 7.9839
501, 57.4243, 8.0006
502, 57.4278, 8.0173
503, 57.4324, 8.0339
504, 57.4392, 8.0506
505, 57.4449, 8.0673
506, 57.4538, 8.0839
507, 57.4632, 8.1006
508, 57.4771, 8.1173
509, 57.5044, 8.1506
510, 57.5148, 8.1673
511, 57.5215, 8.1839
512, 57.5246, 8.2006
513, 57.5227, 8.2173
514, 57.5204, 8.2339
515, 57.5216, 8.2506
516, 57.5207, 8.2673
517, 57.5231, 8.2839
518, 57.526, 8.3006
519, 57.5338, 8.3173
520, 57.538, 8.3339
521, 57.5479, 8.3506
522, 57.5581, 8.3673
523, 57.5735, 8.3839
524, 57.5882, 8.4006
525, 57.5984, 8.4173
526, 57.6066, 8.4339
527, 57.6135, 8.4506
528, 57.6178, 8.4673
529, 57.6232, 8.4839
530, 57.6286, 8.5006
531, 57.634, 8.5173
532, 57.6389, 8.5339
533, 57.6426, 8.5506
534, 57.6463, 8.5673
535, 57.651, 8.5839
536, 57.6627, 8.6173
537, 57.6679, 8.6339
538, 57.6735, 8.6506
539, 57.6813, 8.6673
540, 57.6891, 8.6839
541, 57.696, 8.7006
542, 57.7029, 8.7173
543, 57.7102, 8.7339
544, 57.7154, 8.7506
545, 57.7179, 8.7673
546, 57.7219, 8.7839
547, 57.7272, 8.8006
548, 57.7342, 8.8173
549, 57.7401, 8.8339
550, 57.7451, 8.8506
551, 57.7517, 8.8673
552, 57.7632, 8.8839
553, 57.7745, 8.9006
554, 57.7831, 8.9173
555, 57.7894, 8.9339
556, 57.7969, 8.9506
557, 57.8052, 8.9673
558, 57.8125, 8.9839
559, 57.8186, 9.0006
560, 57.8244, 9.0173
561, 57.8311, 9.0339
562, 57.8374, 9.0506
563, 57.8422, 9.0673
564, 57.8461, 9.0839
565, 57.8599, 9.1173
566, 57.8656, 9.1339
567, 57.8707, 9.1506
568, 57.8744, 9.1673
569, 57.8798, 9.1839
570, 57.8837, 9.2006
571, 57.8888, 9.2173
572, 57.8956, 9.2339
573, 57.9021, 9.2506
574, 57.9098, 9.2673
575, 57.9186, 9.2839
576, 57.9283, 9.3006
577, 57.936, 9.3173
578, 57.9443, 9.3339
579, 57.9514, 9.3506
580, 57.9611, 9.3673
581, 57.9681, 9.3839
582, 57.9748, 9.4006
583, 57.9774, 9.4173
584, 57.9814, 9.4339
585, 57.9851, 9.4506
586, 57.9895, 9.4673
587, 57.9914, 9.4839
588, 57.9949, 9.5006
589, 58.0023, 9.5173
590, 58.0092, 9.5339
591, 58.0147, 9.5506
592, 58.02, 9.5673
593, 58.0248, 9.5839
594, 58.0303, 9.6006
595, 58.0355, 9.6173
596, 58.0432, 9.6339
597, 58.05, 9.6506
598, 58.0668, 9.6839
599, 58.0801, 9.7006
600, 58.0935, 9.7173
601, 58.1038, 9.7339
602, 58.1143, 9.7506
603, 58.1259, 9.7673
604, 58.1356, 9.7839
605, 58.1426, 9.8006
606, 58.1489, 9.8173
607, 58.1544, 9.8339
608, 58.1597, 9.8506
609, 58.1619, 9.8673
610, 58.1638, 9.8839
611, 58.1725, 9.9006
612, 58.1817, 9.9173
613, 58.1946, 9.9339
614, 58.2034, 9.9506
615, 58.2115, 9.9673
616, 58.2191, 9.9839
617, 58.2284, 10.0006
618, 58.2391, 10.0173
619, 58.2499, 10.0339
620, 58.2612, 10.0506
621, 58.2735, 10.0673
622, 58.2848, 10.0839
623, 58.2951, 10.1006
624, 58.3073, 10.1173
625, 58.3205, 10.1339
626, 58.3348, 10.1506
627, 58.3501, 10.1673
628, 58.368, 10.1839
629, 58.3848, 10.2006
630, 58.4021, 10.2173
631, 58.4223, 10.2339
632, 58.4445, 10.2506
633, 58.464, 10.2673
634, 58.482, 10.2839
635, 58.5018, 10.3006
636, 58.5239, 10.3173
637, 58.5457, 10.3339
638, 58.5681, 10.3506
639, 58.6158, 10.3839
640, 58.639, 10.4006
641, 58.6616, 10.4173
642, 58.6861, 10.4339
643, 58.7118, 10.4506
644, 58.7355, 10.4673
645, 58.7599, 10.4839
646, 58.7821, 10.5006
647, 58.8028, 10.5173
648, 58.8184, 10.5339
649, 58.8336, 10.5506
650, 58.8506, 10.5673
651, 58.8673, 10.5839
652, 58.8866, 10.6006
653, 58.9088, 10.6173
654, 58.9314, 10.6339
655, 58.9515, 10.6506
656, 58.9673, 10.6673
657, 58.9841, 10.6839
658, 59.0017, 10.7006
659, 59.0173, 10.7173
660, 59.0307, 10.7339
661, 59.0446, 10.7506
662, 59.0589, 10.7673
663, 59.0735, 10.7839
664, 59.0851, 10.8006
665, 59.0976, 10.8173
666, 59.1094, 10.8339
667, 59.1215, 10.8506
668, 59.1338, 10.8673
669, 59.1481, 10.8839
670, 59.1612, 10.9006
671, 59.1724, 10.9173
672, 59.1802, 10.9339
673, 59.1882, 10.9506
674, 59.1942, 10.9673
675, 59.1975, 10.9839
676, 59.1897, 11.0173
677, 59.1841, 11.0339
678, 59.1806, 11.0506
679, 59.1767, 11.0673
680, 59.1729, 11.0839
681, 59.1716, 11.1006
682, 59.1711, 11.1173
683, 59.17, 11.1339
684, 59.166, 11.1506
685, 59.1575, 11.1673
686, 59.1443, 11.1839
687, 59.1258, 11.2006
688, 59.1054, 11.2173
689, 59.0819, 11.2339
690, 59.0581, 11.2506
691, 59.0358, 11.2673
692, 59.0174, 11.2839
693, 59.0012, 11.3006
694, 58.9835, 11.3173
695, 58.9651, 11.3339
696, 58.9476, 11.3506
697, 58.9283, 11.3673
698, 58.9077, 11.3839
699, 58.8854, 11.4006
700, 58.8617, 11.4173
701, 58.8341, 11.4339
702, 58.8062, 11.4506
703, 58.778, 11.4673
704, 58.7463, 11.4839
705, 58.7051, 11.5006
706, 58.654, 11.5173
707, 58.5981, 11.5339
708, 58.5423, 11.5506
709, 58.4701, 11.5673
710, 58.3542, 11.5839
711, 58.2747, 11.6006
712, 58.1522, 11.6339
713, 58.0754, 11.6506
714, 58.0075, 11.6673
715, 57.9378, 11.6839
716, 57.8635, 11.7006
717, 57.791, 11.7173
718, 57.7211, 11.7339
719, 57.6497, 11.7506
720, 57.5795, 11.7673
721, 57.5102, 11.7839
722, 57.4431, 11.8006
723, 57.3757, 11.8173
724, 57.3061, 11.8339
725, 57.2322, 11.8506
726, 57.1513, 11.8673
727, 57.0662, 11.8839
728, 56.978, 11.9006
729, 56.8883, 11.9173
730, 56.7986, 11.9339
731, 56.7101, 11.9506
732, 56.5216, 11.9839
733, 56.4268, 12.0006
734, 56.3321, 12.0173
735, 56.2313, 12.0339
736, 56.1179, 12.0506
737, 56.0027, 12.0673
738, 55.8865, 12.0839
739, 55.7601, 12.1006
740, 55.6292, 12.1173
741, 55.4957, 12.1339
742, 55.361, 12.1506
743, 55.2139, 12.1673
744, 54.8896, 12.2006
745, 54.7181, 12.2173
746, 54.5341, 12.2339
747, 54.3481, 12.2506
748, 54.1719, 12.2673
749, 53.9946, 12.2839
750, 53.8059, 12.3006
751, 53.6279, 12.3173
752, 53.4505, 12.3339
753, 53.0432, 12.3673
754, 52.8298, 12.3839
755, 52.6083, 12.4006
756, 52.3706, 12.4173
757, 52.1257, 12.4339
758, 51.8855, 12.4506
759, 51.4018, 12.4839
760, 51.1568, 12.5006
761, 50.9178, 12.5173
762, 50.6881, 12.5339
763, 50.4613, 12.5506
764, 50.2372, 12.5673
765, 49.6832, 12.6006
766, 49.4093, 12.6173
767, 49.1824, 12.6339
768, 48.9537, 12.6506
769, 48.4344, 12.6839
770, 48.1827, 12.7006
771, 47.9357, 12.7173
772, 47.6846, 12.7339
773, 47.1777, 12.7673
774, 46.9285, 12.7839
775, 46.6733, 12.8006
776, 46.4191, 12.8173
777, 45.9082, 12.8506
778, 45.6517, 12.8673
779, 45.393, 12.8839
780, 44.8671, 12.9173
781, 44.6113, 12.9339
782, 44.3594, 12.9506
783, 43.8649, 12.9839
784, 43.6154, 13.0006
785, 43.3581, 13.0173
786, 42.8693, 13.0506
787, 42.6301, 13.0673
788, 42.1566, 13.1006
789, 41.9267, 13.1173
790, 41.7223, 13.1339
791, 41.345, 13.1673
792, 41.1514, 13.1839
793, 40.8209, 13.2173
794, 40.6808, 13.2339
795, 40.4642, 13.2673
796, 40.3445, 13.2839
797, 40.0199, 13.3173
798, 39.893, 13.3339
799, 39.6988, 13.3673
800, 39.582, 13.3839
801, 39.3497, 13.4173
802, 39.2375, 13.4339
803, 39.0147, 13.4673
804, 38.9064, 13.4839
805, 38.6942, 13.5173
806, 38.5918, 13.5339
807, 38.3932, 13.5673
808, 38.2366, 13.6006
809, 38.1671, 13.6173
810, 38.0401, 13.6506
811, 37.9836, 13.6673
812, 37.8697, 13.7006
813, 37.8021, 13.7173
814, 37.6631, 13.7506
815, 37.5372, 13.7839
816, 37.475, 13.8006
817, 37.364, 13.8339
818, 37.3116, 13.8506
819, 37.2027, 13.8839
820, 37.0921, 13.9173
821, 37.0414, 13.9339
822, 36.9414, 13.9673
823, 36.8852, 13.9839
824, 36.7384, 14.0173
825, 36.5777, 14.0506
826, 36.5145, 14.0673
827, 36.4183, 14.1006
828, 36.3278, 14.1339
829, 36.2866, 14.1506
830, 36.2158, 14.1839
831, 36.1886, 14.2006
832, 36.1238, 14.2339
833, 36.0386, 14.2673
834, 35.993, 14.2839
835, 35.8756, 14.3173
836, 35.7266, 14.3506
837, 35.6633, 14.3673
838, 35.5469, 14.4006
839, 35.4547, 14.4339
840, 35.4274, 14.4506
841, 35.4001, 14.4839
842, 35.3678, 14.5173
843, 35.3466, 14.5339
844, 35.4149, 14.5673
845, 35.4943, 14.6006
846, 35.5081, 14.6173
847, 35.5676, 14.6506
848, 35.6592, 14.6839
849, 35.7054, 14.7006
850, 35.8216, 14.7339
851, 35.9661, 14.7673
852, 36.0393, 14.7839
853, 36.1712, 14.8173
854, 36.315, 14.8506
855, 36.3941, 14.8673
856, 36.5601, 14.9006
857, 36.7425, 14.9339
858, 36.8351, 14.9506
859, 37.0208, 14.9839
860, 37.2191, 15.0173
861, 37.3207, 15.0339
862, 37.5199, 15.0673
863, 37.7116, 15.1006
864, 37.8111, 15.1173
865, 38.0228, 15.1506
866, 38.129, 15.1673
867, 38.3249, 15.2006
868, 38.4212, 15.2173
869, 38.6166, 15.2506
870, 38.8109, 15.2839
871, 38.905, 15.3006
872, 39.1002, 15.3339
873, 39.1984, 15.3506
874, 39.3958, 15.3839
875, 39.4967, 15.4006
876, 39.7016, 15.4339
877, 39.795, 15.4506
878, 39.9691, 15.4839
879, 40.0591, 15.5006
880, 40.2412, 15.5339
881, 40.327, 15.5506
882, 40.4821, 15.5839
883, 40.5508, 15.6006
884, 40.6717, 15.6339
885, 40.7238, 15.6506
886, 40.8063, 15.6839
887, 40.8356, 15.7006
888, 40.856, 15.7173
889, 40.8388, 15.7506
890, 40.9469, 15.7673
891, 41.2011, 15.8006
892, 41.2607, 15.8173
893, 41.4227, 15.8506
894, 41.5003, 15.8673
895, 41.6575, 15.9006
896, 41.738, 15.9173
897, 41.8165, 15.9339
898, 41.976, 15.9673
899, 42.0551, 15.9839
900, 42.2125, 16.0173
901, 42.2907, 16.0339
902, 42.3679, 16.0506
903, 42.5191, 16.0839
904, 42.5945, 16.1006
905, 42.7497, 16.1339
906, 42.8284, 16.1506
907, 42.9019, 16.1673
908, 43.047, 16.2006
909, 43.1221, 16.2173
910, 43.2731, 16.2506
911, 43.3462, 16.2673
912, 43.4219, 16.2839
913, 43.557, 16.3173
914, 43.6173, 16.3339
915, 43.6819, 16.3506
916, 43.8405, 16.3839
917, 43.9277, 16.4006
918, 44.079, 16.4339
919, 44.1532, 16.4506
920, 44.2233, 16.4673
921, 44.376, 16.5006
922, 44.4413, 16.5173
923, 44.5179, 16.5339
924, 44.6696, 16.5673
925, 44.7449, 16.5839
926, 44.8131, 16.6006
927, 44.9458, 16.6339
928, 45.0061, 16.6506
929, 45.0721, 16.6673
930, 45.1962, 16.7006
931, 45.2672, 16.7173
932, 45.3261, 16.7339
933, 45.4738, 16.7673
934, 45.5484, 16.7839
935, 45.6199, 16.8006
936, 45.7475, 16.8339
937, 45.8003, 16.8506
938, 45.8562, 16.8673
939, 45.9059, 16.8839
940, 46.023, 16.9173
941, 46.0862, 16.9339
942, 46.152, 16.9506
943, 46.2586, 16.9839
944, 46.3018, 17.0006
945, 46.3351, 17.0173
946, 46.4261, 17.0506
947, 46.4895, 17.0673
948, 46.5549, 17.0839
949, 46.6101, 17.1006
950, 46.7165, 17.1339
951, 46.7693, 17.1506
952, 46.8358, 17.1673
953, 46.9737, 17.2006
954, 47.051, 17.2173
955, 47.1207, 17.2339
956, 47.1931, 17.2506
957, 47.335, 17.2839
958, 47.4057, 17.3006
959, 47.4689, 17.3173
960, 47.5247, 17.3339
961, 47.638, 17.3673
962, 47.698, 17.3839
963, 47.7564, 17.4006
964, 47.8137, 17.4173
965, 47.929, 17.4506
966, 47.9842, 17.4673
967, 48.0411, 17.4839
968, 48.0999, 17.5006
969, 48.2147, 17.5339
970, 48.27, 17.5506
971, 48.3247, 17.5673
972, 48.3792, 17.5839
973, 48.4858, 17.6173
974, 48.5331, 17.6339
975, 48.5793, 17.6506
976, 48.6291, 17.6673
977, 48.7531, 17.7006
978, 48.8155, 17.7173
979, 48.8694, 17.7339
980, 48.9237, 17.7506
981, 49.0405, 17.7839
982, 49.0948, 17.8006
983, 49.1478, 17.8173
984, 49.1979, 17.8339
985, 49.2459, 17.8506
986, 49.3413, 17.8839
987, 49.3876, 17.9006
988, 49.4327, 17.9173
989, 49.4751, 17.9339
990, 49.5155, 17.9506
991, 49.5915, 17.9839
992, 49.6257, 18.0006
993, 49.6599, 18.0173
994, 49.6938, 18.0339
995, 49.7263, 18.0506
996, 49.7888, 18.0839
997, 49.8184, 18.1006
998, 49.8508, 18.1173
999, 49.8793, 18.1339
1000, 49.9076, 18.1506
1001, 49.9602, 18.1839
1002, 49.9866, 18.2006
1003, 50.0146, 18.2173
1004, 50.0076, 18.2339
1005, 49.9855, 18.2506
1006, 50.2138, 18.2839
1007, 50.245, 18.3006
1008, 50.2981, 18.3173
1009, 50.3711, 18.3339
1010, 50.43, 18.3506
1011, 50.4814, 18.3673
1012, 50.6037, 18.4006
1013, 50.6645, 18.4173
1014, 50.7228, 18.4339
1015, 50.7846, 18.4506
1016, 50.8472, 18.4673
1017, 50.9082, 18.4839
1018, 51.026, 18.5173
1019, 51.0856, 18.5339
1020, 51.1453, 18.5506
1021, 51.2037, 18.5673
1022, 51.264, 18.5839
1023, 51.3243, 18.6006
1024, 51.3835, 18.6173
1025, 51.5002, 18.6506
1026, 51.5593, 18.6673
1027, 51.6178, 18.6839
1028, 51.6747, 18.7006
1029, 51.7336, 18.7173
1030, 51.794, 18.7339
1031, 51.8513, 18.7506
1032, 51.9057, 18.7673
1033, 51.9619, 18.7839
1034, 52.084, 18.8173
1035, 52.144, 18.8339
1036, 52.204, 18.8506
1037, 52.2682, 18.8673
1038, 52.3281, 18.8839
1039, 52.3856, 18.9006
1040, 52.4408, 18.9173
1041, 52.4988, 18.9339
1042, 52.6204, 18.9673
1043, 52.6795, 18.9839
1044, 52.7379, 19.0006
1045, 52.7933, 19.0173
1046, 52.8474, 19.0339
1047, 52.8994, 19.0506
1048, 52.9484, 19.0673
1049, 53.0015, 19.0839
1050, 53.1477, 19.1173
1051, 53.2312, 19.1339
1052, 53.2957, 19.1506
1053, 53.3456, 19.1673
1054, 53.3887, 19.1839
1055, 53.4404, 19.2006
1056, 53.4986, 19.2173
1057, 53.6136, 19.2506
1058, 53.6763, 19.2673
1059, 53.7394, 19.2839
1060, 53.7965, 19.3006
1061, 53.852, 19.3173
1062, 53.9019, 19.3339
1063, 53.951, 19.3506
1064, 53.9998, 19.3673
1065, 54.1001, 19.4006
1066, 54.1474, 19.4173
1067, 54.1957, 19.4339
1068, 54.2449, 19.4506
1069, 54.2941, 19.4673
1070, 54.3417, 19.4839
1071, 54.3923, 19.5006
1072, 54.444, 19.5173
1073, 54.5464, 19.5506
1074, 54.5963, 19.5673
1075, 54.6438, 19.5839
1076, 54.6934, 19.6006
1077, 54.7425, 19.6173
1078, 54.7908, 19.6339
1079, 54.8382, 19.6506
1080, 54.8851, 19.6673
1081, 54.9802, 19.7006
1082, 55.0257, 19.7173
1083, 55.0714, 19.7339
1084, 55.1187, 19.7506
1085, 55.1652, 19.7673
1086, 55.2092, 19.7839
1087, 55.2518, 19.8006
1088, 55.2931, 19.8173
1089, 55.3344, 19.8339
1090, 55.4126, 19.8673
1091, 55.4427, 19.8839
1092, 55.4809, 19.9006
1093, 55.536, 19.9173
1094, 55.5933, 19.9339
1095, 55.6416, 19.9506
1096, 55.6831, 19.9673
1097, 55.7264, 19.9839
1098, 55.7682, 20.0006
1099, 55.8082, 20.0173
1100, 55.8873, 20.0506
1101, 55.9248, 20.0673
1102, 55.962, 20.0839
1103, 56.0001, 20.1006
1104, 56.0454, 20.1173
1105, 56.0823, 20.1339
1106, 56.1238, 20.1506
1107, 56.1621, 20.1673
1108, 56.1992, 20.1839
1109, 56.2306, 20.2006
1110, 56.2632, 20.2173
1111, 56.2963, 20.2339
1112, 56.3633, 20.2673
1113, 56.4054, 20.2839
1114, 56.4473, 20.3006
1115, 56.4853, 20.3173
1116, 56.5211, 20.3339
1117, 56.5567, 20.3506
1118, 56.5928, 20.3673
1119, 56.6298, 20.3839
1120, 56.6665, 20.4006
1121, 56.7062, 20.4173
1122, 56.7484, 20.4339
1123, 56.7901, 20.4506
1124, 56.8254, 20.4673
1125, 56.8601, 20.5006
1126, 56.8733, 20.5173
1127, 56.916, 20.5339
1128, 56.994, 20.5506
1129, 57.0732, 20.5673
1130, 57.1147, 20.5839
1131, 57.1166, 20.6006
1132, 57.1266, 20.6173
1133, 57.1592, 20.6339
1134, 57.1941, 20.6506
1135, 57.2256, 20.6673
1136, 57.2614, 20.6839
1137, 57.3026, 20.7006
1138, 57.3445, 20.7173
1139, 57.3841, 20.7339
1140, 57.4268, 20.7506
1141, 57.4706, 20.7673
1142, 57.5461, 20.8006
1143, 57.5787, 20.8173
1144, 57.6115, 20.8339
1145, 57.6447, 20.8506
1146, 57.677, 20.8673
1147, 57.7111, 20.8839
1148, 57.7473, 20.9006
1149, 57.7873, 20.9173
1150, 57.8288, 20.9339
1151, 57.8672, 20.9506
1152, 57.9023, 20.9673
1153, 57.936, 20.9839
1154, 57.9684, 21.0006
1155, 58, 21.0173
1156, 58.0276, 21.0339
1157, 58.0566, 21.0506
1158, 58.0888, 21.0673
1159, 58.1243, 21.0839
1160, 58.155, 21.1006
1161, 58.1805, 21.1173
1162, 58.2335, 21.1506
1163, 58.2615, 21.1673
1164, 58.2904, 21.1839
1165, 58.3205, 21.2006
1166, 58.3519, 21.2173
1167, 58.3842, 21.2339
1168, 58.4175, 21.2506
1169, 58.4531, 21.2673
1170, 58.4888, 21.2839
1171, 58.5254, 21.3006
1172, 58.5639, 21.3173
1173, 58.6018, 21.3339
1174, 58.641, 21.3506
1175, 58.6784, 21.3673
1176, 58.7162, 21.3839
1177, 58.7549, 21.4006
1178, 58.7938, 21.4173
1179, 58.8322, 21.4339
1180, 58.8706, 21.4506
1181, 58.9077, 21.4673
1182, 58.9444, 21.4839
1183, 58.9815, 21.5006
1184, 59.0204, 21.5173
1185, 59.0613, 21.5339
1186, 59.1048, 21.5506
1187, 59.1497, 21.5673
1188, 59.1943, 21.5839
1189, 59.2393, 21.6006
1190, 59.2824, 21.6173
1191, 59.3266, 21.6339
1192, 59.3696, 21.6506
1193, 59.4121, 21.6673
1194, 59.452, 21.6839
1195, 59.4918, 21.7006
1196, 59.5299, 21.7173
1197, 59.567, 21.7339
1198, 59.6043, 21.7506
1199, 59.6433, 21.7673
1200, 59.6809, 21.7839
1201, 59.7181, 21.8006
1202, 59.7556, 21.8173
1203, 59.7928, 21.8339
1204, 59.8275, 21.8506
1205, 59.8624, 21.8673
1206, 59.8958, 21.8839
1207, 59.931, 21.9006
1208, 60.0046, 21.9339
1209, 60.0461, 21.9506
1210, 60.0883, 21.9673
1211, 60.0883, 21.9673
1212, 60.1271, 21.9839
1213, 60.161, 22.0006
1214, 60.187, 22.0173
1215, 60.2122, 22.0339
1216, 60.2382, 22.0506
1217, 60.265, 22.0673
1218, 60.2929, 22.0839
1219, 60.3203, 22.1006
1220, 60.3503, 22.1173
1221, 60.3788, 22.1339
1222, 60.4041, 22.1506
1223, 60.4264, 22.1673
1224, 60.4465, 22.1839
1225, 60.4675, 22.2006
1226, 60.4862, 22.2173
1227, 60.5019, 22.2339
1228, 60.515, 22.2506
1229, 60.4835, 22.2673
1230, 60.438, 22.2839
1231, 60.5203, 22.3006
1232, 60.5687, 22.3173
1233, 60.5349, 22.3339
1234, 60.5628, 22.3506
1235, 60.5914, 22.3673
1236, 60.5935, 22.3839
1237, 60.5967, 22.4006
1238, 60.6259, 22.4173
1239, 60.6549, 22.4339
1240, 60.6732, 22.4506
1241, 60.6796, 22.4673
1242, 60.7006, 22.4839
1243, 60.7215, 22.5006
1244, 60.7406, 22.5173
1245, 60.7637, 22.5339
1246, 60.7873, 22.5506
1247, 60.8153, 22.5673
1248, 60.8388, 22.5839
1249, 60.8597, 22.6006
1250, 60.8755, 22.6173
1251, 60.8934, 22.6339
1252, 60.9201, 22.6506
1253, 60.9401, 22.6673
1254, 60.957, 22.6839
1255, 60.9729, 22.7006
1256, 60.9897, 22.7173
1257, 61.0055, 22.7339
1258, 61.0219, 22.7506
1259, 61.039, 22.7673
1260, 61.0541, 22.7839
1261, 61.0688, 22.8006
1262, 61.0847, 22.8173
1263, 61.1007, 22.8339
1264, 61.118, 22.8506
1265, 61.1347, 22.8673
1266, 61.1523, 22.8839
1267, 61.1686, 22.9006
1268, 61.1846, 22.9173
1269, 61.1995, 22.9339
1270, 61.2137, 22.9506
1271, 61.229, 22.9673
1272, 61.2441, 22.9839
1273, 61.2606, 23.0006
1274, 61.2756, 23.0173
1275, 61.2917, 23.0339
1276, 61.3084, 23.0506
1277, 61.3249, 23.0673
1278, 61.3388, 23.0839
1279, 61.3498, 23.1006
1280, 61.3568, 23.1173
1281, 61.361, 23.1339
1282, 61.3647, 23.1506
1283, 61.3664, 23.1673
1284, 61.3666, 23.1839
1285, 61.3647, 23.2006
1286, 61.3647, 23.2006
1287, 61.3634, 23.2173
1288, 61.3592, 23.2339
1289, 61.3522, 23.2506
1290, 61.3423, 23.2673
1291, 61.3299, 23.2839
1292, 61.3146, 23.3006
1293, 61.298, 23.3173
1294, 61.2788, 23.3339
1295, 61.2577, 23.3506
1296, 61.2333, 23.3673
1297, 61.2056, 23.3839
1298, 61.1733, 23.4006
1299, 61.1373, 23.4173
1300, 61.0982, 23.4339
1301, 61.0528, 23.4506
1302, 61.0055, 23.4673
1303, 60.9507, 23.4839
1304, 60.889, 23.5006
1305, 60.821, 23.5173
1306, 60.7403, 23.5339
1307, 60.6473, 23.5506
1308, 60.5351, 23.5673
1309, 60.3931, 23.5839
1310, 60.226, 23.6006
1311, 60.0385, 23.6173
1312, 59.8333, 23.6339
1313, 59.6205, 23.6506
1314, 59.4054, 23.6673
1315, 59.169, 23.6839
1316, 58.8817, 23.7006
1317, 58.6267, 23.7173
1318, 58.3862, 23.7339
1319, 58.1393, 23.7506
1320, 57.8842, 23.7673
1321, 57.6304, 23.7839
1322, 57.3571, 23.8006
1323, 57.0943, 23.8173
1324, 56.8422, 23.8339
1325, 56.3526, 23.8673
1326, 56.0953, 23.8839
1327, 55.801, 23.9006
1328, 55.5268, 23.9173
1329, 55.2919, 23.9339
1330, 55.0255, 23.9506
1331, 54.7361, 23.9673
1332, 54.5321, 23.9839
1333, 54.3686, 24.0006
1334, 54.1968, 24.0173
1335, 54.0231, 24.0339
1336, 53.6295, 24.0673
1337, 53.458, 24.0839
1338, 53.2787, 24.1006
1339, 53.085, 24.1173
1340, 52.9022, 24.1339
1341, 52.7236, 24.1506
1342, 52.5422, 24.1673
1343, 52.3552, 24.1839
1344, 51.9788, 24.2173
1345, 51.785, 24.2339
1346, 51.588, 24.2506
1347, 51.3956, 24.2673
1348, 51.1986, 24.2839
1349, 51.0005, 24.3006
1350, 50.6189, 24.3339
1351, 50.4197, 24.3506
1352, 50.2138, 24.3673
1353, 50.0137, 24.3839
1354, 49.8074, 24.4006
1355, 49.3991, 24.4339
1356, 49.198, 24.4506
1357, 48.9804, 24.4673
1358, 48.7328, 24.4839
1359, 48.2916, 24.5173
1360, 48.1154, 24.5339
1361, 47.9074, 24.5506
1362, 47.6856, 24.5673
1363, 47.3741, 24.6006
1364, 47.23, 24.6173
1365, 47.082, 24.6339
1366, 46.9448, 24.6506
1367, 46.6981, 24.6839
1368, 46.584, 24.7006
1369, 46.4774, 24.7173
1370, 46.2642, 24.7506
1371, 46.1589, 24.7673
1372, 46.0551, 24.7839
1373, 45.9415, 24.8006
1374, 45.7175, 24.8339
1375, 45.6086, 24.8506
1376, 45.4999, 24.8673
1377, 45.2722, 24.9006
1378, 45.1638, 24.9173
1379, 45.0557, 24.9339
1380, 44.8494, 24.9673
1381, 44.751, 24.9839
1382, 44.6542, 25.0006
1383, 44.4681, 25.0339
1384, 44.379, 25.0506
1385, 44.2897, 25.0673
1386, 44.129, 25.1006
1387, 44.0503, 25.1173
1388, 43.9704, 25.1339
1389, 43.7999, 25.1673
1390, 43.7171, 25.1839
1391, 43.5495, 25.2173
1392, 43.4686, 25.2339
1393, 43.3881, 25.2506
1394, 43.2226, 25.2839
1395, 43.1322, 25.3006
1396, 42.9696, 25.3339
1397, 42.9195, 25.3506
1398, 42.8719, 25.3673
1399, 42.7921, 25.4006
1400, 42.7599, 25.4173
1401, 42.7326, 25.4506
1402, 42.7027, 25.4673
1403, 42.6922, 25.4839
1404, 42.6974, 25.5173
1405, 42.6723, 25.5339
1406, 42.6161, 25.5506
1407, 42.5981, 25.5839
1408, 42.5874, 25.6006
1409, 42.5481, 25.6339
1410, 42.538, 25.6506
1411, 42.5262, 25.6673
1412, 42.5013, 25.7006
1413, 42.4923, 25.7173
1414, 42.5437, 25.7506
1415, 42.5819, 25.7673
1416, 42.6089, 25.7839
1417, 42.533, 25.8173
1418, 42.5073, 25.8339
1419, 42.5172, 25.8506
1420, 42.4919, 25.8839
1421, 42.4782, 25.9006
1422, 42.4798, 25.9339
1423, 42.514, 25.9506
1424, 42.579, 25.9673
1425, 42.7103, 26.0006
1426, 42.6995, 26.0173
1427, 42.6991, 26.0506
1428, 42.7305, 26.0673
1429, 42.7559, 26.0839
1430, 42.8018, 26.1173
1431, 42.8297, 26.1339
1432, 42.8587, 26.1506
1433, 42.9817, 26.1839
1434, 43.0411, 26.2006
1435, 43.119, 26.2339
1436, 43.157, 26.2506
1437, 43.1955, 26.2673
1438, 43.2388, 26.3006
1439, 43.2599, 26.3173
1440, 43.2871, 26.3339
1441, 43.3502, 26.3673
1442, 43.3844, 26.3839
1443, 43.4158, 26.4006
1444, 43.4702, 26.4339
1445, 43.5074, 26.4506
1446, 43.6103, 26.4839
1447, 43.6609, 26.5006
1448, 43.7092, 26.5173
1449, 43.8192, 26.5506
1450, 43.8977, 26.5673
1451, 43.969, 26.5839
1452, 44.0568, 26.6173
1453, 44.0938, 26.6339
1454, 44.2015, 26.6673
1455, 44.251, 26.6839
1456, 44.2995, 26.7006
1457, 44.406, 26.7339
1458, 44.4528, 26.7506
1459, 44.4998, 26.7673
1460, 44.5952, 26.8006
1461, 44.6451, 26.8173
1462, 44.6953, 26.8339
1463, 44.79, 26.8673
1464, 44.8156, 26.8839
1465, 44.7764, 26.9173
1466, 44.7497, 26.9339
1467, 44.7568, 26.9506
1468, 44.8917, 26.9839
1469, 45.0302, 27.0006
1470, 45.1806, 27.0173
1471, 45.2291, 27.0506
1472, 45.2295, 27.0673
1473, 45.2635, 27.0839
1474, 45.3565, 27.1173
1475, 45.3875, 27.1339
1476, 45.4473, 27.1506
1477, 45.5806, 27.1839
1478, 45.6474, 27.2006
1479, 45.6978, 27.2173
1480, 45.8102, 27.2506
1481, 45.8617, 27.2673
1482, 45.912, 27.2839
1483, 45.9738, 27.3173
1484, 46.0215, 27.3339
1485, 46.0515, 27.3506
1486, 46.1985, 27.3839
1487, 46.2867, 27.4006
1488, 46.3755, 27.4173
1489, 46.4285, 27.4339
1490, 46.5313, 27.4673
1491, 46.5699, 27.4839
1492, 46.6259, 27.5006
1493, 46.7134, 27.5339
1494, 46.7737, 27.5506
1495, 46.8137, 27.5673
1496, 46.8882, 27.5839
1497, 47.0385, 27.6173
1498, 47.1321, 27.6339
1499, 47.1864, 27.6506
1500, 47.3, 27.6839
1501, 47.341, 27.7006
1502, 47.3699, 27.7173
1503, 47.374, 27.7339
1504, 47.5674, 27.7673
1505, 47.6667, 27.7839
1506, 47.7307, 27.8006
1507, 47.7141, 27.8173
1508, 47.711, 27.8506
1509, 47.6929, 27.8673
1510, 47.6997, 27.8839
1511, 47.7098, 27.9006
1512, 47.7416, 27.9339
1513, 47.7984, 27.9506
1514, 47.889, 27.9673
1515, 47.9629, 27.9839
1516, 48.082, 28.0173
1517, 48.1425, 28.0339
1518, 48.204, 28.0506
1519, 48.2667, 28.0673
1520, 48.3814, 28.1006
1521, 48.4376, 28.1173
1522, 48.4932, 28.1339
1523, 48.5476, 28.1506
1524, 48.6542, 28.1839
1525, 48.7068, 28.2006
1526, 48.7594, 28.2173
1527, 48.8168, 28.2339
1528, 48.932, 28.2673
1529, 48.9824, 28.2839
1530, 49.0297, 28.3006
1531, 49.0917, 28.3173
1532, 49.1485, 28.3339
1533, 49.2749, 28.3673
1534, 49.3361, 28.3839
1535, 49.3905, 28.4006
1536, 49.4433, 28.4173
1537, 49.497, 28.4339
1538, 49.6078, 28.4673
1539, 49.6079, 28.4839
1540, 49.5671, 28.5006
1541, 49.6886, 28.5173
1542, 49.8089, 28.5506
1543, 49.844, 28.5673
1544, 49.9063, 28.5839
1545, 49.9639, 28.6006
1546, 50.0101, 28.6173
1547, 50.1044, 28.6506
1548, 50.1542, 28.6673
1549, 50.2107, 28.6839
1550, 50.275, 28.7006
1551, 50.3395, 28.7173
1552, 50.4023, 28.7339
1553, 50.5248, 28.7673
1554, 50.584, 28.7839
1555, 50.6452, 28.8006
1556, 50.708, 28.8173
1557, 50.7698, 28.8339
1558, 50.8783, 28.8673
1559, 50.9305, 28.8839
1560, 50.9826, 28.9006
1561, 51.0338, 28.9173
1562, 51.0861, 28.9339
1563, 51.1391, 28.9506
1564, 51.2435, 28.9839
1565, 51.2915, 29.0006
1566, 51.3413, 29.0173
1567, 51.4012, 29.0339
1568, 51.4653, 29.0506
1569, 51.5924, 29.0839
1570, 51.6501, 29.1006
1571, 51.706, 29.1173
1572, 51.7637, 29.1339
1573, 51.8271, 29.1506
1574, 51.8916, 29.1673
1575, 51.9517, 29.1839
1576, 52.0626, 29.2173
1577, 52.1186, 29.2339
1578, 52.1743, 29.2506
1579, 52.2298, 29.2673
1580, 52.2864, 29.2839
1581, 52.3478, 29.3006
1582, 52.4679, 29.3339
1583, 52.5209, 29.3506
1584, 52.5209, 29.3506
1585, 52.5209, 29.3506
1586, 52.5209, 29.3506
1587, 52.7493, 29.4173
1588, 52.8079, 29.4339
1589, 52.9227, 29.4673
1590, 52.9801, 29.4839
1591, 53.0371, 29.5006
1592, 53.0932, 29.5173
1593, 53.1484, 29.5339
1594, 53.2047, 29.5506
1595, 53.2626, 29.5673
1596, 53.3213, 29.5839
1597, 53.4348, 29.6173
1598, 53.4903, 29.6339
1599, 53.5459, 29.6506
1600, 53.6029, 29.6673
1601, 53.6609, 29.6839
1602, 53.719, 29.7006
1603, 53.7785, 29.7173
1604, 53.8374, 29.7339
1605, 53.9538, 29.7673
1606, 54.0114, 29.7839
1607, 54.0698, 29.8006
1608, 54.1265, 29.8173
1609, 54.1818, 29.8339
1610, 54.2363, 29.8506
1611, 54.2922, 29.8673
1612, 54.347, 29.8839
1613, 54.4014, 29.9006
1614, 54.5103, 29.9339
1615, 54.5647, 29.9506
1616, 54.6176, 29.9673
1617, 54.6699, 29.9839
1618, 54.7225, 30.0006
1619, 54.7769, 30.0173
1620, 54.8305, 30.0339
1621, 54.8835, 30.0506
1622, 54.9355, 30.0673
1623, 54.9877, 30.0839
1624, 55.0923, 30.1173
1625, 55.1437, 30.1339
1626, 55.1941, 30.1506
1627, 55.2431, 30.1673
1628, 55.2911, 30.1839
1629, 55.3393, 30.2006
1630, 55.388, 30.2173
1631, 55.4386, 30.2339
1632, 55.4892, 30.2506
1633, 55.5396, 30.2673
1634, 55.5903, 30.2839
1635, 55.6408, 30.3006
1636, 55.7399, 30.3339
1637, 55.7884, 30.3506
1638, 55.8365, 30.3673
1639, 55.884, 30.3839
1640, 55.9305, 30.4006
1641, 55.9778, 30.4173
1642, 56.0258, 30.4339
1643, 56.0733, 30.4506
1644, 56.1202, 30.4673
1645, 56.1674, 30.4839
1646, 56.2147, 30.5006
1647, 56.2599, 30.5173
1648, 56.3056, 30.5339
1649, 56.3524, 30.5506
1650, 56.448, 30.5839
1651, 56.4937, 30.6006
1652, 56.5405, 30.6173
1653, 56.5868, 30.6339
1654, 56.6319, 30.6506
1655, 56.6771, 30.6673
1656, 56.7229, 30.6839
1657, 56.7697, 30.7006
1658, 56.8168, 30.7173
1659, 56.8625, 30.7339
1660, 56.9089, 30.7506
1661, 56.9557, 30.7673
1662, 57.0024, 30.7839
1663, 57.048, 30.8006
1664, 57.0934, 30.8173
1665, 57.1395, 30.8339
1666, 57.1856, 30.8506
1667, 57.232, 30.8673
1668, 57.3228, 30.9006
1669, 57.3656, 30.9173
1670, 57.4078, 30.9339
1671, 57.4506, 30.9506
1672, 57.4914, 30.9673
1673, 57.5328, 30.9839
1674, 57.5755, 31.0006
1675, 57.6189, 31.0173
1676, 57.6608, 31.0339
1677, 57.7029, 31.0506
1678, 57.7463, 31.0673
1679, 57.7913, 31.0839
1680, 57.8345, 31.1006
1681, 57.8776, 31.1173
1682, 57.9216, 31.1339
1683, 57.9659, 31.1506
1684, 58.0111, 31.1673
1685, 58.0535, 31.1839
1686, 58.0955, 31.2006
1687, 58.1364, 31.2173
1688, 58.1774, 31.2339
1689, 58.2165, 31.2506
1690, 58.256, 31.2673
1691, 58.2995, 31.2839
1692, 58.3456, 31.3006
1693, 58.3897, 31.3173
1694, 58.4302, 31.3339
1695, 58.517, 31.3673
1696, 58.5581, 31.3839
1697, 58.5968, 31.4006
1698, 58.6364, 31.4173
1699, 58.6773, 31.4339
1700, 58.7176, 31.4506
1701, 58.7575, 31.4673
1702, 58.7995, 31.4839
1703, 58.8441, 31.5006
1704, 58.8884, 31.5173
1705, 58.9311, 31.5339
1706, 58.9726, 31.5506
1707, 59.0142, 31.5673
1708, 59.0544, 31.5839
1709, 59.0943, 31.6006
1710, 59.135, 31.6173
1711, 59.1772, 31.6339
1712, 59.2204, 31.6506
1713, 59.265, 31.6673
1714, 59.3093, 31.6839
1715, 59.3093, 31.6839
1716, 59.3895, 31.7173
1717, 59.4286, 31.7339
1718, 59.4679, 31.7506
1719, 59.5069, 31.7673
1720, 59.5483, 31.7839
1721, 59.5907, 31.8006
1722, 59.6354, 31.8173
1723, 59.6806, 31.8339
1724, 59.7241, 31.8506
1725, 59.7651, 31.8673
1726, 59.803, 31.8839
1727, 59.8413, 31.9006
1728, 59.8817, 31.9173
1729, 59.9257, 31.9339
1730, 59.9718, 31.9506
1731, 60.0179, 31.9673
1732, 60.0622, 31.9839
1733, 60.1047, 32.0006
1734, 60.1455, 32.0173
1735, 60.1873, 32.0339
1736, 60.2277, 32.0506
1737, 60.2676, 32.0673
1738, 60.3058, 32.0839
1739, 60.3446, 32.1006
1740, 60.3827, 32.1173
1741, 60.4145, 32.1339
1742, 60.4437, 32.1506
1743, 60.4685, 32.1673
1744, 60.4962, 32.1839
1745, 60.5258, 32.2006
1746, 60.5515, 32.2173
1747, 60.5395, 32.2339
1748, 60.5028, 32.2506
1749, 60.6064, 32.2673
1750, 60.6695, 32.2839
1751, 60.6562, 32.3006
1752, 60.7067, 32.3173
1753, 60.7556, 32.3339
1754, 60.7814, 32.3506
1755, 60.804, 32.3673
1756, 60.8412, 32.3839
1757, 60.876, 32.4006
1758, 60.9184, 32.4173
1759, 60.9731, 32.4339
1760, 61.019, 32.4506
1761, 61.0601, 32.4673
1762, 61.0977, 32.4839
1763, 61.1351, 32.5006
1764, 61.1712, 32.5173
1765, 61.209, 32.5339
1766, 61.2472, 32.5506
1767, 61.2831, 32.5673
1768, 61.3177, 32.5839
1769, 61.3521, 32.6006
1770, 61.3875, 32.6173
1771, 61.4241, 32.6339
1772, 61.4616, 32.6506
1773, 61.4996, 32.6673
1774, 61.5379, 32.6839
1775, 61.5769, 32.7006
1776, 61.5769, 32.7006
1777, 61.6147, 32.7173
1778, 61.6532, 32.7339
1779, 61.6917, 32.7506
1780, 61.731, 32.7673
1781, 61.7694, 32.7839
1782, 61.7694, 32.7839
1783, 61.8453, 32.8173
1784, 61.8821, 32.8339
1785, 61.9187, 32.8506
1786, 61.9577, 32.8673
1787, 61.9997, 32.8839
1788, 62.0433, 32.9006
1789, 62.0857, 32.9173
1790, 62.1266, 32.9339
1791, 62.1652, 32.9506
1792, 62.2013, 32.9673
1793, 62.2375, 32.9839
1794, 62.2741, 33.0006
1795, 62.31, 33.0173
1796, 62.345, 33.0339
1797, 62.3809, 33.0506
1798, 62.4178, 33.0673
1799, 62.4559, 33.0839
1800, 62.4964, 33.1006
1801, 62.5373, 33.1173
1802, 62.5748, 33.1339
1803, 62.6109, 33.1506
1804, 62.6439, 33.1673
1805, 62.6777, 33.1839
1806, 62.7098, 33.2006
1807, 62.7098, 33.2006
1808, 62.7442, 33.2173
1809, 62.7782, 33.2339
1810, 62.813, 33.2506
1811, 62.8485, 33.2673
1812, 62.8842, 33.2839
1813, 62.9179, 33.3006
1814, 62.9513, 33.3173
1815, 62.9841, 33.3339
1816, 63.0158, 33.3506
1817, 63.0477, 33.3673
1818, 63.0782, 33.3839
1819, 63.1082, 33.4006
1820, 63.1389, 33.4173
1821, 63.17, 33.4339
1822, 63.2007, 33.4506
1823, 63.2313, 33.4673
1824, 63.2624, 33.4839
1825, 63.2922, 33.5006
1826, 63.3211, 33.5173
1827, 63.3499, 33.5339
1828, 63.3499, 33.5339
1829, 63.3787, 33.5506
1830, 63.4077, 33.5673
1831, 63.4364, 33.5839
1832, 63.4643, 33.6006
1833, 63.4923, 33.6173
1834, 63.5213, 33.6339
1835, 63.5481, 33.6506
1836, 63.5717, 33.6673
1837, 63.5717, 33.6673
1838, 63.5717, 33.6673
1839, 63.5717, 33.6673
1840, 63.5717, 33.6673
1841, 63.6319, 33.7506
1842, 63.6352, 33.7673
1843, 63.6356, 33.7839
1844, 63.633, 33.8006
1845, 63.623, 33.8173
1846, 63.623, 33.8173
1847, 63.6075, 33.8339
1848, 63.5855, 33.8506
1849, 63.5523, 33.8673
1850, 63.5093, 33.8839
1851, 63.4536, 33.9006
1852, 63.3808, 33.9173
1853, 63.2841, 33.9339
1854, 63.1648, 33.9506
1855, 63.0199, 33.9673
1856, 62.8475, 33.9839
1857, 62.657, 34.0006
1858, 62.4535, 34.0173
1859, 62.2318, 34.0339
1860, 61.9871, 34.0506
1861, 61.7041, 34.0673
1862, 61.4267, 34.0839
1863, 61.1478, 34.1006
1864, 60.844, 34.1173
1865, 60.515, 34.1339
1866, 60.1586, 34.1506
1867, 59.8139, 34.1673
1868, 59.4583, 34.1839
1869, 59.0972, 34.2006
1870, 58.7409, 34.2173
1871, 58.3794, 34.2339
1872, 58.0247, 34.2506
1873, 57.674, 34.2673
1874, 57.3252, 34.2839
1875, 56.9776, 34.3006
1876, 56.625, 34.3173
1877, 56.2684, 34.3339
1878, 55.9208, 34.3506
1879, 55.5793, 34.3673
1880, 55.2367, 34.3839
1881, 54.8923, 34.4006
1882, 54.526, 34.4173
1883, 54.176, 34.4339
1884, 53.5287, 34.4673
1885, 53.2155, 34.4839
1886, 52.9013, 34.5006
1887, 52.5747, 34.5173
1888, 52.2417, 34.5339
1889, 51.9008, 34.5506
1890, 51.558, 34.5673
1891, 50.8659, 34.6006
1892, 50.5186, 34.6173
1893, 50.1539, 34.6339
1894, 49.801, 34.6506
1895, 49.4733, 34.6673
1896, 48.8816, 34.7006
1897, 48.5842, 34.7173
1898, 48.2822, 34.7339
1899, 48.0019, 34.7506
1900, 47.4339, 34.7839
1901, 47.1929, 34.8006
1902, 46.9846, 34.8173
1903, 46.7696, 34.8339
1904, 46.3034, 34.8673
1905, 46.0415, 34.8839
1906, 45.831, 34.9006
1907, 45.505, 34.9339
1908, 45.3274, 34.9506
1909, 45.1307, 34.9673
1910, 44.8092, 35.0006
1911, 44.6599, 35.0173
1912, 44.507, 35.0339
1913, 44.2082, 35.0673
1914, 44.0585, 35.0839
1915, 43.9069, 35.1006
1916, 43.6263, 35.1339
1917, 43.5015, 35.1506
1918, 43.3794, 35.1673
1919, 43.157, 35.2006
1920, 43.0504, 35.2173
1921, 42.835, 35.2506
1922, 42.7434, 35.2673
1923, 42.6537, 35.2839
1924, 42.5057, 35.3173
1925, 42.4414, 35.3339
1926, 42.324, 35.3673
1927, 42.271, 35.3839
1928, 42.2176, 35.4006
1929, 42.1177, 35.4339
1930, 42.0657, 35.4506
1931, 41.9739, 35.4839
1932, 41.9394, 35.5006
1933, 41.8717, 35.5339
1934, 41.837, 35.5506
1935, 41.8134, 35.5673
1936, 41.8731, 35.6006
1937, 41.8584, 35.6173
1938, 41.8436, 35.6506
1939, 41.8631, 35.6673
1940, 41.8822, 35.6839
1941, 41.9077, 35.7173
1942, 41.9294, 35.7339
1943, 41.9881, 35.7673
1944, 42.0185, 35.7839
1945, 42.0831, 35.8173
1946, 42.1151, 35.8339
1947, 42.1478, 35.8506
1948, 42.2173, 35.8839
1949, 42.2518, 35.9006
1950, 42.3188, 35.9339
1951, 42.353, 35.9506
1952, 42.3871, 35.9673
1953, 42.447, 36.0006
1954, 42.4711, 36.0173
1955, 42.5058, 36.0506
1956, 42.5164, 36.0673
1957, 42.5212, 36.0839
1958, 42.5198, 36.1173
1959, 42.5184, 36.1339
1960, 42.5149, 36.1673
1961, 42.5168, 36.1839
1962, 42.5161, 36.2006
1963, 42.5129, 36.2339
1964, 42.4999, 36.2506
1965, 42.4824, 36.2839
1966, 42.4776, 36.3006
1967, 42.4985, 36.3173
1968, 42.6171, 36.3506
1969, 42.673, 36.3673
1970, 42.686, 36.4006
1971, 42.6945, 36.4173
1972, 42.6991, 36.4339
1973, 42.8431, 36.4673
1974, 42.9117, 36.4839
1975, 42.9187, 36.5173
1976, 42.9278, 36.5339
1977, 42.9543, 36.5506
1978, 43.0083, 36.5839
1979, 43.0253, 36.6006
1980, 43.0684, 36.6173
1981, 43.1344, 36.6506
1982, 43.1657, 36.6673
1983, 43.1682, 36.6839
1984, 43.2089, 36.7173
1985, 43.2174, 36.7339
1986, 43.2278, 36.7673
1987, 43.2512, 36.7839
1988, 43.2468, 36.8006
1989, 43.257, 36.8339
1990, 43.2523, 36.8506
1991, 43.2449, 36.8673
1992, 43.2976, 36.9006
1993, 43.3154, 36.9173
1994, 43.2798, 36.9339
1995, 43.2045, 36.9673
1996, 43.2186, 36.9839
1997, 43.2327, 37.0006
1998, 43.243, 37.0339
1999, 43.2569, 37.0506
2000, 43.282, 37.0673
2001, 43.3412, 37.1006
2002, 43.3723, 37.1173
2003, 43.4089, 37.1506
2004, 43.4273, 37.1673
2005, 43.4593, 37.1839
2006, 43.5337, 37.2173
2007, 43.5706, 37.2339
2008, 43.6124, 37.2506
2009, 43.7184, 37.2839
2010, 43.7694, 37.3006
2011, 43.8174, 37.3173
2012, 43.9129, 37.3506
2013, 43.965, 37.3673
2014, 44.0129, 37.3839
2015, 44.1179, 37.4173
2016, 44.1751, 37.4339
2017, 44.2346, 37.4506
2018, 44.34, 37.4839
2019, 44.3889, 37.5006
2020, 44.4358, 37.5173
2021, 44.5322, 37.5506
2022, 44.5864, 37.5673
2023, 44.642, 37.5839
2024, 44.7469, 37.6173
2025, 44.7909, 37.6339
2026, 44.8404, 37.6506
2027, 44.8967, 37.6673
2028, 45.0152, 37.7006
2029, 45.0682, 37.7173
2030, 45.1176, 37.7339
2031, 45.1745, 37.7673
2032, 45.1532, 37.7839
2033, 45.0889, 37.8006
2034, 44.9396, 37.8339
2035, 44.8348, 37.8506
2036, 44.6769, 37.8673
2037, 44.4718, 37.9006
2038, 44.3774, 37.9173
2039, 44.279, 37.9339
2040, 44.0339, 37.9673
2041, 43.9075, 37.9839
2042, 43.7856, 38.0006
2043, 43.5212, 38.0339
2044, 43.3717, 38.0506
2045, 43.0415, 38.0839
2046, 42.8689, 38.1006
2047, 42.694, 38.1173
2048, 42.3281, 38.1506
2049, 42.1406, 38.1673
2050, 41.7473, 38.2006
2051, 41.536, 38.2173
2052, 41.318, 38.2339
2053, 40.8751, 38.2673
2054, 40.6518, 38.2839
2055, 40.1961, 38.3173
2056, 39.9737, 38.3339
2057, 39.5323, 38.3673
2058, 39.3062, 38.3839
2059, 38.8442, 38.4173
2060, 38.6098, 38.4339
2061, 38.1424, 38.4673
2062, 37.6912, 38.5006
2063, 37.4406, 38.5173
2064, 36.9216, 38.5506
2065, 36.6724, 38.5673
2066, 36.1952, 38.6006
2067, 35.72, 38.6339
2068, 35.488, 38.6506
2069, 35.0431, 38.6839
2070, 34.5766, 38.7173
2071, 34.3574, 38.7339
2072, 33.944, 38.7673
2073, 33.5518, 38.8006
2074, 33.1975, 38.8339
2075, 32.8888, 38.8673
2076, 32.7488, 38.8839
2077, 32.4878, 38.9173
2078, 32.2419, 38.9506
2079, 32.0002, 38.9839
2080, 31.7639, 39.0173
2081, 31.515, 39.0506
2082, 31.2408, 39.0839
2083, 30.9623, 39.1173
2084, 30.6958, 39.1506
2085, 30.4373, 39.1839
2086, 30.3137, 39.2006
2087, 30.0852, 39.2339
2088, 29.8997, 39.2673
2089, 29.4798, 39.3173
2090, 29.2409, 39.3506
2091, 29.0709, 39.3839
2092, 28.8916, 39.4173
2093, 28.7184, 39.4506
2094, 28.5556, 39.4839
2095, 28.3974, 39.5173
2096, 28.241, 39.5506
2097, 28.0982, 39.5839
2098, 27.9672, 39.6173
2099, 27.7593, 39.6673
2100, 27.6166, 39.7006
2101, 27.4793, 39.7339
2102, 27.3409, 39.7673
2103, 27.1909, 39.8006
2104, 27.0505, 39.8339
2105, 26.8749, 39.8839
2106, 26.7635, 39.9173
2107, 26.648, 39.9506
2108, 26.5378, 39.9839
2109, 26.37, 40.0339
2110, 26.2541, 40.0673
2111, 26.1447, 40.1006
2112, 25.9985, 40.1506
2113, 25.894, 40.1839
2114, 25.763, 40.2173
2115, 25.588, 40.2673
2116, 25.4932, 40.3006
2117, 25.3946, 40.3339
2118, 25.2398, 40.3839
2119, 25.1694, 40.4173
2120, 25.1198, 40.4506
2121, 25.1887, 40.5006
2122, 25.3109, 40.5339
2123, 25.3615, 40.5673
2124, 25.446, 40.6173
2125, 25.5263, 40.6506
2126, 25.618, 40.6839
2127, 25.7464, 40.7339
2128, 25.8541, 40.7673
2129, 25.9198, 40.8006
2130, 25.9143, 40.8339
2131, 25.9775, 40.8839
2132, 26.0986, 40.9173
2133, 26.2842, 40.9506
2134, 26.4103, 40.9839
2135, 26.4591, 41.0339
2136, 26.5469, 41.0673
2137, 26.6462, 41.1006
2138, 26.696, 41.1339
2139, 26.6918, 41.1673
2140, 26.7571, 41.2173
2141, 26.8792, 41.2506
2142, 26.9041, 41.2839
2143, 26.8848, 41.3173
2144, 26.9649, 41.3506
2145, 27.0826, 41.3839
2146, 27.1007, 41.4339
2147, 27.1301, 41.4673
2148, 27.2076, 41.5006
2149, 27.294, 41.5339
2150, 27.3725, 41.5673
2151, 27.449, 41.6006
2152, 27.5723, 41.6506
2153, 27.6526, 41.6839
2154, 27.7373, 41.7173
2155, 27.8182, 41.7506
2156, 27.8861, 41.7839
2157, 27.9666, 41.8173
2158, 28.1096, 41.8673
2159, 28.159, 41.9006
2160, 28.2087, 41.9339
2161, 28.311, 41.9673
2162, 28.3982, 42.0006
2163, 28.4236, 42.0339
2164, 28.4682, 42.0673
2165, 28.5552, 42.1006
2166, 28.6422, 42.1339
2167, 28.7073, 42.1839
2168, 28.7405, 42.2173
2169, 28.7803, 42.2506
2170, 28.808, 42.2839
2171, 28.8307, 42.3173
2172, 28.8609, 42.3506
2173, 28.8905, 42.3839
2174, 28.9266, 42.4173
2175, 28.9597, 42.4506
2176, 28.9779, 42.4839
2177, 29.0091, 42.5339
2178, 29.0306, 42.5673
2179, 29.036, 42.6006
2180, 29.0276, 42.6339
2181, 29.0067, 42.6673
2182, 28.9971, 42.7006
2183, 29.1967, 42.7339
2184, 29.5895, 42.7673
2185, 29.842, 42.8006
2186, 29.809, 42.8339
2187, 29.8229, 42.8673
2188, 29.9715, 42.9006
2189, 30.1845, 42.9339
2190, 30.3281, 42.9673
2191, 30.3809, 43.0006
2192, 30.4638, 43.0339
2193, 30.5877, 43.0673
2194, 30.7569, 43.1006
2195, 30.8787, 43.1339
2196, 31.0247, 43.1673
2197, 31.1807, 43.2006
2198, 31.3716, 43.2339
2199, 31.5859, 43.2673
2200, 31.8082, 43.3006
2201, 32.0283, 43.3339
2202, 32.2479, 43.3673
2203, 32.3492, 43.3839
2204, 32.5653, 43.4173
2205, 32.7799, 43.4506
2206, 33.0007, 43.4839
2207, 33.213, 43.5173
2208, 33.4342, 43.5506
2209, 33.528, 43.5673
2210, 33.7226, 43.6006
2211, 33.9333, 43.6339
2212, 34.155, 43.6673
2213, 34.256, 43.6839
2214, 34.4574, 43.7173
2215, 34.6072, 43.7506
2216, 34.7618, 43.7839
2217, 34.886, 43.8006
2218, 35.1733, 43.8339
2219, 35.4095, 43.8673
2220, 35.5204, 43.8839
2221, 35.7035, 43.9173
2222, 35.906, 43.9506
2223, 36.113, 43.9839
2224, 36.2082, 44.0006
2225, 36.398, 44.0339
2226, 36.4972, 44.0506
2227, 36.6989, 44.0839
2228, 36.8935, 44.1173
2229, 36.9881, 44.1339
2230, 37.1792, 44.1673
2231, 37.3686, 44.2006
2232, 37.4627, 44.2173
2233, 37.6556, 44.2506
2234, 37.7538, 44.2673
2235, 37.9515, 44.3006
2236, 38.1476, 44.3339
2237, 38.2443, 44.3506
2238, 38.4379, 44.3839
2239, 38.5339, 44.4006
2240, 38.7216, 44.4339
2241, 38.8146, 44.4506
2242, 38.9993, 44.4839
2243, 39.089, 44.5006
2244, 39.2674, 44.5339
2245, 39.45, 44.5673
2246, 39.5391, 44.5839
2247, 39.7128, 44.6173
2248, 39.7996, 44.6339
2249, 39.9736, 44.6673
2250, 40.0586, 44.6839
2251, 40.2256, 44.7173
2252, 40.3093, 44.7339
2253, 40.4672, 44.7673
2254, 40.5391, 44.7839
2255, 40.6656, 44.8173
2256, 40.663, 44.8339
2257, 40.6365, 44.8506
2258, 40.9218, 44.8839
2259, 41.0267, 44.9006
2260, 41.12, 44.9339
2261, 41.2015, 44.9506
2262, 41.3699, 44.9839
2263, 41.4378, 45.0006
2264, 41.5897, 45.0339
2265, 41.6699, 45.0506
2266, 41.8194, 45.0839
2267, 41.894, 45.1006
2268, 41.9702, 45.1173
2269, 42.12, 45.1506
2270, 42.1943, 45.1673
2271, 42.3436, 45.2006
2272, 42.4183, 45.2173
2273, 42.5671, 45.2506
2274, 42.6415, 45.2673
2275, 42.7155, 45.2839
2276, 42.8608, 45.3173
2277, 42.9335, 45.3339
2278, 43.0783, 45.3673
2279, 43.1509, 45.3839
2280, 43.2227, 45.4006
2281, 43.3655, 45.4339
2282, 43.4358, 45.4506
2283, 43.5775, 45.4839
2284, 43.6497, 45.5006
2285, 43.7223, 45.5173
2286, 43.8687, 45.5506
2287, 43.941, 45.5673
2288, 44.0115, 45.5839
2289, 44.1502, 45.6173
2290, 44.2193, 45.6339
2291, 44.2894, 45.6506
2292, 44.4261, 45.6839
2293, 44.4943, 45.7006
2294, 44.5606, 45.7173
2295, 44.6948, 45.7506
2296, 44.7632, 45.7673
2297, 44.9008, 45.8006
2298, 44.9699, 45.8173
2299, 45.0398, 45.8339
2300, 45.1814, 45.8673
2301, 45.2499, 45.8839
2302, 45.3174, 45.9006
2303, 45.3853, 45.9173
2304, 45.5202, 45.9506
2305, 45.5865, 45.9673
2306, 45.6527, 45.9839
2307, 45.7848, 46.0173
2308, 45.851, 46.0339
2309, 45.9175, 46.0506
2310, 46.052, 46.0839
2311, 46.119, 46.1006
2312, 46.1857, 46.1173
2313, 46.3188, 46.1506
2314, 46.3853, 46.1673
2315, 46.4513, 46.1839
2316, 46.5159, 46.2006
2317, 46.645, 46.2339
2318, 46.7091, 46.2506
2319, 46.7731, 46.2673
2320, 46.9003, 46.3006
2321, 46.9632, 46.3173
2322, 47.0266, 46.3339
2323, 47.0899, 46.3506
2324, 47.2148, 46.3839
2325, 47.276, 46.4006
2326, 47.338, 46.4173
2327, 47.4614, 46.4506
2328, 47.5218, 46.4673
2329, 47.5825, 46.4839
2330, 47.6441, 46.5006
2331, 47.7647, 46.5339
2332, 47.8247, 46.5506
2333, 47.8851, 46.5673
2334, 47.9452, 46.5839
2335, 48.0661, 46.6173
2336, 48.1256, 46.6339
2337, 48.184, 46.6506
2338, 48.2425, 46.6673
2339, 48.3611, 46.7006
2340, 48.4199, 46.7173
2341, 48.4119, 46.7339
2342, 48.371, 46.7506
2343, 48.6053, 46.7839
2344, 48.6334, 46.8006
2345, 48.672, 46.8173
2346, 48.7217, 46.8339
2347, 48.7793, 46.8506
2348, 48.8789, 46.8839
2349, 48.9301, 46.9006
2350, 48.9841, 46.9173
2351, 49.0359, 46.9339
2352, 49.1376, 46.9673
2353, 49.1903, 46.9839
2354, 49.2414, 47.0006
2355, 49.2917, 47.0173
2356, 49.343, 47.0339
2357, 49.4459, 47.0673
2358, 49.4967, 47.0839
2359, 49.5478, 47.1006
2360, 49.5992, 47.1173
2361, 49.65, 47.1339
2362, 49.7499, 47.1673
2363, 49.8004, 47.1839
2364, 49.8495, 47.2006
2365, 49.897, 47.2173
2366, 49.9447, 47.2339
2367, 50.0388, 47.2673
2368, 50.0862, 47.2839
2369, 50.1333, 47.3006
2370, 50.1815, 47.3173
2371, 50.2302, 47.3339
2372, 50.3272, 47.3673
2373, 50.3754, 47.3839
2374, 50.4228, 47.4006
2375, 50.4701, 47.4173
2376, 50.5177, 47.4339
2377, 50.6121, 47.4673
2378, 50.6593, 47.4839
2379, 50.7063, 47.5006
2380, 50.7529, 47.5173
2381, 50.7986, 47.5339
2382, 50.8923, 47.5673
2383, 50.9398, 47.5839
2384, 50.9889, 47.6006
2385, 51.0369, 47.6173
2386, 51.0842, 47.6339
2387, 51.1297, 47.6506
2388, 51.2108, 47.6839
2389, 51.2519, 47.7006
2390, 51.2949, 47.7173
2391, 51.3401, 47.7339
2392, 51.3846, 47.7506
2393, 51.4328, 47.7673
2394, 51.522, 47.8006
2395, 51.5588, 47.8173
2396, 51.5969, 47.8339
2397, 51.6375, 47.8506
2398, 51.6779, 47.8673
2399, 51.7168, 47.8839
2400, 51.7959, 47.9173
2401, 51.8352, 47.9339
2402, 51.8752, 47.9506
2403, 51.9173, 47.9673
2404, 51.96, 47.9839
2405, 52.0071, 48.0006
2406, 52.0586, 48.0173
2407, 52.148, 48.0506
2408, 52.183, 48.0673
2409, 52.2193, 48.0839
2410, 52.2575, 48.1006
2411, 52.2937, 48.1173
2412, 52.3286, 48.1339
2413, 52.3642, 48.1506
2414, 52.438, 48.1839
2415, 52.4739, 48.2006
2416, 52.5128, 48.2173
2417, 52.554, 48.2339
2418, 52.5944, 48.2506
2419, 52.6337, 48.2673
2420, 52.6721, 48.2839
2421, 52.7493, 48.3173
2422, 52.788, 48.3339
2423, 52.8281, 48.3506
2424, 52.8677, 48.3673
2425, 52.9061, 48.3839
2426, 52.944, 48.4006
2427, 52.9819, 48.4173
2428, 53.0197, 48.4339
2429, 53.094, 48.4673
2430, 53.1314, 48.4839
2431, 53.1665, 48.5006
2432, 53.2004, 48.5173
2433, 53.2354, 48.5339
2434, 53.2733, 48.5506
2435, 53.3144, 48.5673
2436, 53.3587, 48.5839
2437, 53.442, 48.6173
2438, 53.4777, 48.6339
2439, 53.5101, 48.6506
2440, 53.5415, 48.6673
2441, 53.5708, 48.6839
2442, 53.5999, 48.7006
2443, 53.6308, 48.7173
2444, 53.6626, 48.7339
2445, 53.7256, 48.7673
2446, 53.7588, 48.7839
2447, 53.7957, 48.8006
2448, 53.8357, 48.8173
2449, 53.875, 48.8339
2450, 53.9154, 48.8506
2451, 53.9575, 48.8673
2452, 54.0007, 48.8839
2453, 54.0416, 48.9006
2454, 54.1117, 48.9339
2455, 54.1479, 48.9506
2456, 54.1832, 48.9673
2457, 54.217, 48.9839
2458, 54.251, 49.0006
2459, 54.2857, 49.0173
2460, 54.3207, 49.0339
2461, 54.3538, 49.0506
2462, 54.3869, 49.0673
2463, 54.4219, 49.0839
2464, 54.4963, 49.1173
2465, 54.5356, 49.1339
2466, 54.5753, 49.1506
2467, 54.6116, 49.1673
2468, 54.6456, 49.1839
2469, 54.6784, 49.2006
2470, 54.712, 49.2173
2471, 54.7473, 49.2339
2472, 54.782, 49.2506
2473, 54.8177, 49.2673
2474, 54.8893, 49.3006
2475, 54.9256, 49.3173
2476, 54.9612, 49.3339
2477, 54.998, 49.3506
2478, 55.034, 49.3673
2479, 55.0681, 49.3839
2480, 55.1014, 49.4006
2481, 55.1371, 49.4173
2482, 55.1755, 49.4339
2483, 55.2139, 49.4506
2484, 55.2508, 49.4673
2485, 55.2886, 49.4839
2486, 55.3596, 49.5173
2487, 55.3927, 49.5339
2488, 55.4274, 49.5506
2489, 55.4645, 49.5673
2490, 55.5004, 49.5839
2491, 55.5354, 49.6006
2492, 55.5707, 49.6173
2493, 55.6091, 49.6339
2494, 55.6512, 49.6506
2495, 55.6924, 49.6673
2496, 55.7286, 49.6839
2497, 55.7651, 49.7006
2498, 55.8011, 49.7173
2499, 55.8723, 49.7506
2500, 55.9068, 49.7673
2501, 55.9427, 49.7839
2502, 55.9785, 49.8006
2503, 56.0125, 49.8173
2504, 56.0472, 49.8339
2505, 56.0851, 49.8506
2506, 56.1242, 49.8673
2507, 56.162, 49.8839
2508, 56.2001, 49.9006
2509, 56.2387, 49.9173
2510, 56.2768, 49.9339
2511, 56.3133, 49.9506
2512, 56.3492, 49.9673
2513, 56.4232, 50.0006
2514, 56.4586, 50.0173
2515, 56.4928, 50.0339
2516, 56.5281, 50.0506
2517, 56.5639, 50.0673
2518, 56.6, 50.0839
2519, 56.639, 50.1006
2520, 56.6793, 50.1173
2521, 56.7224, 50.1339
2522, 56.7621, 50.1506
2523, 56.7983, 50.1673
2524, 56.8342, 50.1839
2525, 56.8694, 50.2006
2526, 56.9046, 50.2173
2527, 56.9393, 50.2339
2528, 56.9737, 50.2506
2529, 57.0098, 50.2673
2530, 57.086, 50.3006
2531, 57.1271, 50.3173
2532, 57.1699, 50.3339
2533, 57.2115, 50.3506
2534, 57.2513, 50.3673
2535, 57.29, 50.3839
2536, 57.3293, 50.4006
2537, 57.3667, 50.4173
2538, 57.405, 50.4339
2539, 57.441, 50.4506
2540, 57.4759, 50.4673
2541, 57.51, 50.4839
2542, 57.5442, 50.5006
2543, 57.58, 50.5173
2544, 57.6154, 50.5339
2545, 57.6515, 50.5506
2546, 57.6905, 50.5673
2547, 57.7298, 50.5839
2548, 57.7666, 50.6006
2549, 57.8033, 50.6173
2550, 57.8413, 50.6339
2551, 57.88, 50.6506
2552, 57.9179, 50.6673
2553, 57.9553, 50.6839
2554, 58.0323, 50.7173
2555, 58.0691, 50.7339
2556, 58.1051, 50.7506
2557, 58.1419, 50.7673
2558, 58.1796, 50.7839
2559, 58.2182, 50.8006
2560, 58.2553, 50.8173
2561, 58.2916, 50.8339
2562, 58.3275, 50.8506
2563, 58.3633, 50.8673
2564, 58.3987, 50.8839
2565, 58.4341, 50.9006
2566, 58.47, 50.9173
2567, 58.5062, 50.9339
2568, 58.5427, 50.9506
2569, 58.5806, 50.9673
2570, 58.6213, 50.9839
2571, 58.6619, 51.0006
2572, 58.7004, 51.0173
2573, 58.7373, 51.0339
2574, 58.7746, 51.0506
2575, 58.8114, 51.0673
2576, 58.8485, 51.0839
2577, 58.8845, 51.1006
2578, 58.9216, 51.1173
2579, 58.9597, 51.1339
2580, 58.9976, 51.1506
2581, 59.0387, 51.1673
2582, 59.079, 51.1839
2583, 59.1173, 51.2006
2584, 59.1522, 51.2173
2585, 59.1852, 51.2339
2586, 59.2205, 51.2506
2587, 59.2556, 51.2673
2588, 59.2916, 51.2839
2589, 59.3316, 51.3006
2590, 59.3734, 51.3173
2591, 59.4159, 51.3339
2592, 59.453, 51.3506
2593, 59.4864, 51.3673
2594, 59.5141, 51.3839
2595, 59.4894, 51.4006
2596, 59.4499, 51.4173
2597, 59.5468, 51.4339
2598, 59.6028, 51.4506
2599, 59.5837, 51.4673
2600, 59.6373, 51.4839
2601, 59.6373, 51.4839
2602, 59.6373, 51.4839
2603, 59.6373, 51.4839
2604, 59.6373, 51.4839
2605, 59.8169, 51.5673
2606, 59.8485, 51.5839
2607, 59.8811, 51.6006
2608, 59.9095, 51.6173
2609, 59.938, 51.6339
2610, 59.9702, 51.6506
2611, 60.003, 51.6673
2612, 60.036, 51.6839
2613, 60.0698, 51.7006
2614, 60.103, 51.7173
2615, 60.1334, 51.7339
2616, 60.1652, 51.7506
2617, 60.1977, 51.7673
2618, 60.2317, 51.7839
2619, 60.2645, 51.8006
2620, 60.2966, 51.8173
2621, 60.3294, 51.8339
2622, 60.3647, 51.8506
2623, 60.399, 51.8673
2624, 60.4307, 51.8839
2625, 60.4582, 51.9006
2626, 60.4806, 51.9173
2627, 60.5016, 51.9339
2628, 60.5252, 51.9506
2629, 60.5503, 51.9673
2630, 60.5749, 51.9839
2631, 60.6007, 52.0006
2632, 60.6275, 52.0173
2633, 60.654, 52.0339
2634, 60.6848, 52.0506
2635, 60.72, 52.0673
2636, 60.7538, 52.0839
2637, 60.7878, 52.1006
2638, 60.817, 52.1173
2639, 60.8427, 52.1339
2640, 60.8637, 52.1506
2641, 60.8897, 52.1673
2642, 60.9159, 52.1839
2643, 60.9426, 52.2006
2644, 60.9713, 52.2173
2645, 61.003, 52.2339
2646, 61.0325, 52.2506
2647, 61.0599, 52.2673
2648, 61.0828, 52.2839
2649, 61.1039, 52.3006
2650, 61.125, 52.3173
2651, 61.1486, 52.3339
2652, 61.1724, 52.3506
2653, 61.1961, 52.3673
2654, 61.2198, 52.3839
2655, 61.2437, 52.4006
2656, 61.2673, 52.4173
2657, 61.2924, 52.4339
2658, 61.3181, 52.4506
2659, 61.3426, 52.4673
2660, 61.3643, 52.4839
2661, 61.3875, 52.5006
2662, 61.4134, 52.5173
2663, 61.4396, 52.5339
2664, 61.4643, 52.5506
2665, 61.4882, 52.5673
2666, 61.5093, 52.5839
2667, 61.5267, 52.6006
2668, 61.5477, 52.6173
2669, 61.5697, 52.6339
2670, 61.5916, 52.6506
2671, 61.6182, 52.6673
2672, 61.6182, 52.6673
2673, 61.6466, 52.6839
2674, 61.6725, 52.7006
2675, 61.6953, 52.7173
2676, 61.7189, 52.7339
2677, 61.7402, 52.7506
2678, 61.7607, 52.7673
2679, 61.7801, 52.7839
2680, 61.7978, 52.8006
2681, 61.8148, 52.8173
2682, 61.8343, 52.8339
2683, 61.8563, 52.8506
2684, 61.8814, 52.8673
2685, 61.9107, 52.8839
2686, 61.9358, 52.9006
2687, 61.9555, 52.9173
2688, 61.9737, 52.9339
2689, 61.9934, 52.9506
2690, 62.0151, 52.9673
2691, 62.0384, 52.9839
2692, 62.0629, 53.0006
2693, 62.0856, 53.0173
2694, 62.1069, 53.0339
2695, 62.1274, 53.0506
2696, 62.1477, 53.0673
2697, 62.1678, 53.0839
2698, 62.1885, 53.1006
2699, 62.2099, 53.1173
2700, 62.2317, 53.1339
2701, 62.2536, 53.1506
2702, 62.2748, 53.1673
2703, 62.2986, 53.1839
2704, 62.2986, 53.1839
2705, 62.323, 53.2006
2706, 62.3457, 53.2173
2707, 62.3681, 53.2339
2708, 62.3887, 53.2506
2709, 62.4067, 53.2673
2710, 62.4249, 53.2839
2711, 62.4462, 53.3006
2712, 62.4675, 53.3173
2713, 62.487, 53.3339
2714, 62.5087, 53.3506
2715, 62.5303, 53.3673
2716, 62.5515, 53.3839
2717, 62.5703, 53.4006
2718, 62.5891, 53.4173
2719, 62.6075, 53.4339
2720, 62.6271, 53.4506
2721, 62.6496, 53.4673
2722, 62.6703, 53.4839
2723, 62.6889, 53.5006
2724, 62.7083, 53.5173
2725, 62.7287, 53.5339
2726, 62.7512, 53.5506
2727, 62.7801, 53.5673
2728, 62.8101, 53.5839
2729, 62.8101, 53.5839
2730, 62.8338, 53.6006
2731, 62.8525, 53.6173
2732, 62.8712, 53.6339
2733, 62.8876, 53.6506
2734, 62.9029, 53.6673
2735, 62.9194, 53.6839
2736, 62.937, 53.7006
2737, 62.9558, 53.7173
2738, 62.9764, 53.7339
2739, 62.9988, 53.7506
2740, 63.0227, 53.7673
2741, 63.0458, 53.7839
2742, 63.0667, 53.8006
2743, 63.0856, 53.8173
2744, 63.1032, 53.8339
2745, 63.1206, 53.8506
2746, 63.1387, 53.8673
2747, 63.1584, 53.8839
2748, 63.1782, 53.9006
2749, 63.1969, 53.9173
2750, 63.1969, 53.9173
2751, 63.2164, 53.9339
2752, 63.2354, 53.9506
2753, 63.2538, 53.9673
2754, 63.2745, 53.9839
2755, 63.2969, 54.0006
2756, 63.3183, 54.0173
2757, 63.3375, 54.0339
2758, 63.3561, 54.0506
2759, 63.3751, 54.0673
2760, 63.3945, 54.0839
2761, 63.4156, 54.1006
2762, 63.4378, 54.1173
2763, 63.4633, 54.1339
2764, 63.4861, 54.1506
2765, 63.5039, 54.1673
2766, 63.5165, 54.1839
2767, 63.5288, 54.2006
2768, 63.5423, 54.2173
2769, 63.5423, 54.2173
2770, 63.5564, 54.2339
2771, 63.5887, 54.2506
2772, 63.6284, 54.2673
2773, 63.6532, 54.2839
2774, 63.6621, 54.3006
2775, 63.6812, 54.3173
2776, 63.7055, 54.3339
2777, 63.7215, 54.3506
2778, 63.7374, 54.3673
2779, 63.7581, 54.3839
2780, 63.7776, 54.4006
2781, 63.7942, 54.4173
2782, 63.8143, 54.4339
2783, 63.8345, 54.4506
2784, 63.8527, 54.4673
2785, 63.8717, 54.4839
2786, 63.8717, 54.4839
2787, 63.891, 54.5006
2788, 63.9091, 54.5173
2789, 63.9266, 54.5339
2790, 63.9451, 54.5506
2791, 63.964, 54.5673
2792, 63.9827, 54.5839
2793, 64.0024, 54.6006
2794, 64.0226, 54.6173
2795, 64.0432, 54.6339
2796, 64.0636, 54.6506
2797, 64.0836, 54.6673
2798, 64.1022, 54.6839
2799, 64.1186, 54.7006
2800, 64.1342, 54.7173
2801, 64.1495, 54.7339
2802, 64.1495, 54.7339
2803, 64.1656, 54.7506
2804, 64.1829, 54.7673
2805, 64.2023, 54.7839
2806, 64.2243, 54.8006
2807, 64.2447, 54.8173
2808, 64.2642, 54.8339
2809, 64.284, 54.8506
2810, 64.3023, 54.8673
2811, 64.318, 54.8839
2812, 64.3326, 54.9006
2813, 64.3486, 54.9173
2814, 64.3662, 54.9339
2815, 64.3872, 54.9506
2816, 64.4131, 54.9673
2817, 64.4131, 54.9673
2818, 64.4315, 54.9839
2819, 64.4426, 55.0006
2820, 64.4541, 55.0173
2821, 64.473, 55.0339
2822, 64.4935, 55.0506
2823, 64.5154, 55.0673
2824, 64.5362, 55.0839
2825, 64.5527, 55.1006
2826, 64.5677, 55.1173
2827, 64.5851, 55.1339
2828, 64.6009, 55.1506
2829, 64.6153, 55.1673
2830, 64.6321, 55.1839
2831, 64.651, 55.2006
2832, 64.651, 55.2006
2833, 64.6708, 55.2173
2834, 64.6915, 55.2339
2835, 64.7117, 55.2506
2836, 64.7286, 55.2673
2837, 64.7449, 55.2839
2838, 64.7635, 55.3006
2839, 64.7834, 55.3173
2840, 64.7992, 55.3339
2841, 64.8116, 55.3506
2842, 64.8258, 55.3673
2843, 64.8406, 55.3839
2844, 64.8587, 55.4006
2845, 64.8587, 55.4006
2846, 64.8841, 55.4173
2847, 64.9115, 55.4339
2848, 64.9294, 55.4506
2849, 64.9407, 55.4673
2850, 64.9514, 55.4839
2851, 64.9632, 55.5006
2852, 64.9771, 55.5173
2853, 64.9947, 55.5339
2854, 65.0133, 55.5506
2855, 65.0339, 55.5673
2856, 65.0538, 55.5839
2857, 65.0711, 55.6006
2858, 65.0711, 55.6006
2859, 65.0866, 55.6173
2860, 65.1034, 55.6339
2861, 65.1201, 55.6506
2862, 65.1373, 55.6673
2863, 65.1553, 55.6839
2864, 65.1716, 55.7006
2865, 65.1861, 55.7173
2866, 65.2009, 55.7339
2867, 65.217, 55.7506
2868, 65.2315, 55.7673
2869, 65.247, 55.7839
2870, 65.2635, 55.8006
2871, 65.2635, 55.8006
2872, 65.2801, 55.8173
2873, 65.2968, 55.8339
2874, 65.3143, 55.8506
2875, 65.3307, 55.8673
2876, 65.3464, 55.8839
2877, 65.3631, 55.9006
2878, 65.3822, 55.9173
2879, 65.4021, 55.9339
2880, 65.4209, 55.9506
2881, 65.4371, 55.9673
2882, 65.4503, 55.9839
2883, 65.4503, 55.9839
2884, 65.4642, 56.0006
2885, 65.4781, 56.0173
2886, 65.4922, 56.0339
2887, 65.5076, 56.0506
2888, 65.5267, 56.0673
2889, 65.5454, 56.0839
2890, 65.5637, 56.1006
2891, 65.579, 56.1173
2892, 65.5957, 56.1339
2893, 65.6124, 56.1506
2894, 65.6319, 56.1673
2895, 65.6319, 56.1673
2896, 65.6505, 56.1839
2897, 65.665, 56.2006
2898, 65.6775, 56.2173
2899, 65.6887, 56.2339
2900, 65.6997, 56.2506
2901, 65.7091, 56.2673
2902, 65.7207, 56.2839
2903, 65.7341, 56.3006
2904, 65.748, 56.3173
2905, 65.762, 56.3339
2906, 65.7772, 56.3506
2907, 65.7772, 56.3506
2908, 65.7912, 56.3673
2909, 65.8075, 56.3839
2910, 65.8233, 56.4006
2911, 65.8388, 56.4173
2912, 65.853, 56.4339
2913, 65.8683, 56.4506
2914, 65.8829, 56.4673
2915, 65.897, 56.4839
2916, 65.9095, 56.5006
2917, 65.9224, 56.5173
2918, 65.9224, 56.5173
2919, 65.9363, 56.5339
2920, 65.9519, 56.5506
2921, 65.9671, 56.5673
2922, 65.983, 56.5839
2923, 65.9984, 56.6006
2924, 66.0141, 56.6173
2925, 66.0302, 56.6339
2926, 66.0476, 56.6506
2927, 66.0632, 56.6673
2928, 66.0784, 56.6839
2929, 66.0784, 56.6839
2930, 66.0926, 56.7006
2931, 66.1062, 56.7173
2932, 66.1202, 56.7339
2933, 66.1348, 56.7506
2934, 66.1486, 56.7673
2935, 66.1607, 56.7839
2936, 66.1717, 56.8006
2937, 66.1823, 56.8173
2938, 66.1951, 56.8339
2939, 66.2099, 56.8506
2940, 66.2099, 56.8506
2941, 66.226, 56.8673
2942, 66.2427, 56.8839
2943, 66.2604, 56.9006
2944, 66.2768, 56.9173
2945, 66.2914, 56.9339
2946, 66.3055, 56.9506
2947, 66.3184, 56.9673
2948, 66.3295, 56.9839
2949, 66.3398, 57.0006
2950, 66.3527, 57.0173
2951, 66.3527, 57.0173
2952, 66.3678, 57.0339
2953, 66.3851, 57.0506
2954, 66.403, 57.0673
2955, 66.4184, 57.0839
2956, 66.4309, 57.1006
2957, 66.4408, 57.1173
2958, 66.4512, 57.1339
2959, 66.4621, 57.1506
2960, 66.4763, 57.1673
2961, 66.4763, 57.1673
2962, 66.49, 57.1839
2963, 66.5063, 57.2006
2964, 66.5236, 57.2173
2965, 66.5387, 57.2339
2966, 66.5513, 57.2506
2967, 66.5642, 57.2673
2968, 66.5781, 57.2839
2969, 66.5915, 57.3006
2970, 66.6064, 57.3173
2971, 66.6064, 57.3173
2972, 66.6208, 57.3339
2973, 66.6345, 57.3506
2974, 66.6493, 57.3673
2975, 66.6665, 57.3839
2976, 66.6825, 57.4006
2977, 66.6995, 57.4173
2978, 66.7163, 57.4339
2979, 66.7304, 57.4506
2980, 66.7444, 57.4673
2981, 66.7444, 57.4673
2982, 66.7596, 57.4839
2983, 66.7744, 57.5006
2984, 66.7883, 57.5173
2985, 66.805, 57.5339
2986, 66.8203, 57.5506
2987, 66.8364, 57.5673
2988, 66.8526, 57.5839
2989, 66.8691, 57.6006
2990, 66.8847, 57.6173
2991, 66.8847, 57.6173
2992, 66.8975, 57.6339
2993, 66.9061, 57.6506
2994, 66.9135, 57.6673
2995, 66.9227, 57.6839
2996, 66.9349, 57.7006
2997, 66.9494, 57.7173
2998, 66.9638, 57.7339
2999, 66.9799, 57.7506
3000, 66.9983, 57.7673
3001, 66.9983, 57.7673
3002, 67.0143, 57.7839
3003, 67.0287, 57.8006
3004, 67.0426, 57.8173
3005, 67.057, 57.8339
3006, 67.071, 57.8506
3007, 67.0872, 57.8673
3008, 67.1017, 57.8839
3009, 67.1142, 57.9006
3010, 67.1142, 57.9006
3011, 67.1257, 57.9173
3012, 67.1382, 57.9339
3013, 67.1497, 57.9506
3014, 67.1634, 57.9673
3015, 67.178, 57.9839
3016, 67.1912, 58.0006
3017, 67.2029, 58.0173
3018, 67.2163, 58.0339
3019, 67.231, 58.0506
3020, 67.231, 58.0506
3021, 67.2467, 58.0673
3022, 67.2622, 58.0839
3023, 67.2751, 58.1006
3024, 67.2869, 58.1173
3025, 67.298, 58.1339
3026, 67.3112, 58.1506
3027, 67.3278, 58.1673
3028, 67.3446, 58.1839
3029, 67.3446, 58.1839
3030, 67.3574, 58.2006
3031, 67.3666, 58.2173
3032, 67.3737, 58.2339
3033, 67.3835, 58.2506
3034, 67.3987, 58.2673
3035, 67.4186, 58.2839
3036, 67.4376, 58.3006
3037, 67.4529, 58.3173
3038, 67.4529, 58.3173
3039, 67.4639, 58.3339
3040, 67.4764, 58.3506
3041, 67.491, 58.3673
3042, 67.5059, 58.3839
3043, 67.5194, 58.4006
3044, 67.5327, 58.4173
3045, 67.5451, 58.4339
3046, 67.5563, 58.4506
3047, 67.5563, 58.4506
3048, 67.5694, 58.4673
3049, 67.5836, 58.4839
3050, 67.5966, 58.5006
3051, 67.609, 58.5173
3052, 67.6212, 58.5339
3053, 67.6348, 58.5506
3054, 67.6502, 58.5673
3055, 67.6677, 58.5839
3056, 67.6677, 58.5839
3057, 67.6849, 58.6006
3058, 67.6984, 58.6173
3059, 67.7096, 58.6339
3060, 67.7221, 58.6506
3061, 67.7354, 58.6673
3062, 67.7499, 58.6839
3063, 67.7654, 58.7006
3064, 67.7817, 58.7173
3065, 67.7817, 58.7173
3066, 67.7992, 58.7339
3067, 67.8167, 58.7506
3068, 67.8321, 58.7673
3069, 67.8463, 58.7839
3070, 67.861, 58.8006
3071, 67.876, 58.8173
3072, 67.8921, 58.8339
3073, 67.9083, 58.8506
3074, 67.9083, 58.8506
3075, 67.924, 58.8673
3076, 67.9391, 58.8839
3077, 67.9537, 58.9006
3078, 67.9681, 58.9173
3079, 67.9833, 58.9339
3080, 67.9969, 58.9506
3081, 68.0087, 58.9673
3082, 68.0087, 58.9673
3083, 68.021, 58.9839
3084, 68.0336, 59.0006
3085, 68.0459, 59.0173
3086, 68.0601, 59.0339
3087, 68.0744, 59.0506
3088, 68.0925, 59.0673
3089, 68.109, 59.0839
3090, 68.1282, 59.1006
3091, 68.1282, 59.1006
3092, 68.1431, 59.1173
3093, 68.1573, 59.1339
3094, 68.1707, 59.1506
3095, 68.1845, 59.1673
3096, 68.1974, 59.1839
3097, 68.2102, 59.2006
3098, 68.2236, 59.2173
3099, 68.2236, 59.2173
3100, 68.2367, 59.2339
3101, 68.2527, 59.2506
3102, 68.2696, 59.2673
3103, 68.2857, 59.2839
3104, 68.2996, 59.3006
3105, 68.312, 59.3173
3106, 68.3219, 59.3339
3107, 68.3219, 59.3339
3108, 68.3344, 59.3506
3109, 68.3502, 59.3673
3110, 68.3687, 59.3839
3111, 68.3878, 59.4006
3112, 68.406, 59.4173
3113, 68.4227, 59.4339
3114, 68.4375, 59.4506
3115, 68.4375, 59.4506
3116, 68.4515, 59.4673
3117, 68.4665, 59.4839
3118, 68.4833, 59.5006
3119, 68.5007, 59.5173
3120, 68.5199, 59.5339
3121, 68.5399, 59.5506
3122, 68.5587, 59.5673
3123, 68.5587, 59.5673
3124, 68.5684, 59.5839
3125, 68.5769, 59.6006
3126, 68.5849, 59.6173
3127, 68.5926, 59.6339
3128, 68.6039, 59.6506
3129, 68.6108, 59.6673
3130, 68.6188, 59.6839
3131, 68.6188, 59.6839
3132, 68.6259, 59.7006
3133, 68.639, 59.7173
3134, 68.6534, 59.7339
3135, 68.6713, 59.7506
3136, 68.6847, 59.7673
3137, 68.6957, 59.7839
3138, 68.707, 59.8006
3139, 68.707, 59.8006
3140, 68.7222, 59.8173
3141, 68.7378, 59.8339
3142, 68.7507, 59.8506
3143, 68.7597, 59.8673
3144, 68.7678, 59.8839
3145, 68.7777, 59.9006
3146, 68.7777, 59.9006
3147, 68.7901, 59.9173
3148, 68.8041, 59.9339
3149, 68.8183, 59.9506
3150, 68.8342, 59.9673
3151, 68.8504, 59.9839
3152, 68.8686, 60.0006
3153, 68.8864, 60.0173
3154, 68.8864, 60.0173
3155, 68.9025, 60.0339
3156, 68.9165, 60.0506
3157, 68.9294, 60.0673
3158, 68.9409, 60.0839
3159, 68.9516, 60.1006
3160, 68.9632, 60.1173
3161, 68.9632, 60.1173
3162, 68.9731, 60.1339
3163, 68.9829, 60.1506
3164, 68.9949, 60.1673
3165, 69.0096, 60.1839
3166, 69.0266, 60.2006
3167, 69.046, 60.2173
3168, 69.0646, 60.2339
3169, 69.0646, 60.2339
3170, 69.0792, 60.2506
3171, 69.0906, 60.2673
3172, 69.1012, 60.2839
3173, 69.1124, 60.3006
3174, 69.1241, 60.3173
3175, 69.1378, 60.3339
3176, 69.1378, 60.3339
3177, 69.1513, 60.3506
3178, 69.1648, 60.3673
3179, 69.1779, 60.3839
3180, 69.192, 60.4006
3181, 69.2065, 60.4173
3182, 69.221, 60.4339
3183, 69.2359, 60.4506
3184, 69.2359, 60.4506
3185, 69.249, 60.4673
3186, 69.261, 60.4839
3187, 69.2731, 60.5006
3188, 69.286, 60.5173
3189, 69.3002, 60.5339
3190, 69.3167, 60.5506
3191, 69.3167, 60.5506
3192, 69.334, 60.5673
3193, 69.3503, 60.5839
3194, 69.3646, 60.6006
3195, 69.3782, 60.6173
3196, 69.3911, 60.6339
3197, 69.4037, 60.6506
3198, 69.4168, 60.6673
3199, 69.4168, 60.6673
3200, 69.4301, 60.6839
3201, 69.4446, 60.7006
3202, 69.4591, 60.7173
3203, 69.4738, 60.7339
3204, 69.4877, 60.7506
3205, 69.5016, 60.7673
3206, 69.5016, 60.7673
3207, 69.5149, 60.7839
3208, 69.5296, 60.8006
3209, 69.5461, 60.8173
3210, 69.563, 60.8339
3211, 69.5798, 60.8506
3212, 69.5964, 60.8673
3213, 69.5964, 60.8673
3214, 69.6118, 60.8839
3215, 69.626, 60.9006
3216, 69.6391, 60.9173
3217, 69.6527, 60.9339
3218, 69.6667, 60.9506
3219, 69.6797, 60.9673
3220, 69.6797, 60.9673
3221, 69.693, 60.9839
3222, 69.7076, 61.0006
3223, 69.7245, 61.0173
3224, 69.7459, 61.0339
3225, 69.7706, 61.0506
3226, 69.7951, 61.0673
3227, 69.7951, 61.0673
3228, 69.8108, 61.0839
3229, 69.82, 61.1006
3230, 69.8302, 61.1173
3231, 69.8447, 61.1339
3232, 69.8577, 61.1506
3233, 69.8709, 61.1673
3234, 69.8827, 61.1839
3235, 69.8827, 61.1839
3236, 69.8944, 61.2006
3237, 69.8629, 61.2173
3238, 69.8215, 61.2339
3239, 69.8928, 61.2506
3240, 69.8973, 61.2673
3241, 69.914, 61.2839
3242, 69.914, 61.2839
3243, 69.9246, 61.3006
3244, 69.9404, 61.3173
3245, 69.9617, 61.3339
3246, 69.971, 61.3506
3247, 69.9865, 61.3673
3248, 70.0002, 61.3839
3249, 70.0002, 61.3839
3250, 70.0123, 61.4006
3251, 70.0273, 61.4173
3252, 70.0425, 61.4339
3253, 70.0578, 61.4506
3254, 70.0747, 61.4673
3255, 70.0926, 61.4839
3256, 70.0926, 61.4839
3257, 70.1098, 61.5006
3258, 70.1269, 61.5173
3259, 70.1437, 61.5339
3260, 70.1591, 61.5506
3261, 70.1738, 61.5673
3262, 70.189, 61.5839
3263, 70.189, 61.5839
3264, 70.2044, 61.6006
3265, 70.2199, 61.6173
3266, 70.2374, 61.6339
3267, 70.2554, 61.6506
3268, 70.2721, 61.6673
3269, 70.2721, 61.6673
3270, 70.2887, 61.6839
3271, 70.3038, 61.7006
3272, 70.3181, 61.7173
3273, 70.3334, 61.7339
3274, 70.3478, 61.7506
3275, 70.3602, 61.7673
3276, 70.3602, 61.7673
3277, 70.3727, 61.7839
3278, 70.384, 61.8006
3279, 70.3947, 61.8173
3280, 70.4052, 61.8339
3281, 70.4162, 61.8506
3282, 70.4293, 61.8673
3283, 70.4293, 61.8673
3284, 70.445, 61.8839
3285, 70.4628, 61.9006
3286, 70.4838, 61.9173
3287, 70.5061, 61.9339
3288, 70.5252, 61.9506
3289, 70.5393, 61.9673
3290, 70.5393, 61.9673
3291, 70.552, 61.9839
3292, 70.5655, 62.0006
3293, 70.5801, 62.0173
3294, 70.5964, 62.0339
3295, 70.6123, 62.0506
3296, 70.6294, 62.0673
3297, 70.6294, 62.0673
3298, 70.6458, 62.0839
3299, 70.6613, 62.1006
3300, 70.6754, 62.1173
3301, 70.6896, 62.1339
3302, 70.7052, 62.1506
3303, 70.7052, 62.1506
3304, 70.7208, 62.1673
3305, 70.7337, 62.1839
3306, 70.7463, 62.2006
3307, 70.7594, 62.2173
3308, 70.7732, 62.2339
3309, 70.788, 62.2506
3310, 70.788, 62.2506
3311, 70.8046, 62.2673
3312, 70.8226, 62.2839
3313, 70.8425, 62.3006
3314, 70.8626, 62.3173
3315, 70.8829, 62.3339
3316, 70.9024, 62.3506
3317, 70.9024, 62.3506
3318, 70.9216, 62.3673
3319, 70.9386, 62.3839
3320, 70.9519, 62.4006
3321, 70.9628, 62.4173
3322, 70.9739, 62.4339
3323, 70.9739, 62.4339
3324, 70.9868, 62.4506
3325, 71.0011, 62.4673
3326, 71.0167, 62.4839
3327, 71.0327, 62.5006
3328, 71.0489, 62.5173
3329, 71.0632, 62.5339
3330, 71.0632, 62.5339
3331, 71.0766, 62.5506
3332, 71.089, 62.5673
3333, 71.1004, 62.5839
3334, 71.1115, 62.6006
3335, 71.1216, 62.6173
3336, 71.1216, 62.6173
3337, 71.1305, 62.6339
3338, 71.135, 62.6506
3339, 71.1366, 62.6673
3340, 71.135, 62.6839
3341, 71.1312, 62.7006
3342, 71.1244, 62.7173
3343, 71.1244, 62.7173
3344, 71.1147, 62.7339
3345, 71.1012, 62.7506
3346, 71.0825, 62.7673
3347, 71.0596, 62.7839
3348, 71.0327, 62.8006
3349, 71.0327, 62.8006
3350, 71.0032, 62.8173
3351, 70.9653, 62.8339
3352, 70.921, 62.8506
3353, 70.87, 62.8673
3354, 70.8137, 62.8839
3355, 70.7467, 62.9006
3356, 70.7467, 62.9006
3357, 70.6604, 62.9173
3358, 70.5459, 62.9339
3359, 70.4094, 62.9506
3360, 70.2454, 62.9673
3361, 70.0569, 62.9839
3362, 70.0569, 62.9839
3363, 69.8463, 63.0006
3364, 69.6181, 63.0173
3365, 69.3743, 63.0339
3366, 69.0803, 63.0506
3367, 68.7719, 63.0673
3368, 68.4811, 63.0839
3369, 68.1665, 63.1006
3370, 68.1665, 63.1006
3371, 67.8351, 63.1173
3372, 67.4847, 63.1339
3373, 67.1105, 63.1506
3374, 66.7475, 63.1673
3375, 66.3769, 63.1839
3376, 65.9963, 63.2006
3377, 65.5995, 63.2173
3378, 65.2203, 63.2339
3379, 64.8394, 63.2506
3380, 64.4565, 63.2673
3381, 64.4565, 63.2673
3382, 64.0814, 63.2839
3383, 64.0814, 63.2839
3384, 63.3222, 63.3173
3385, 62.9418, 63.3339
3386, 62.5616, 63.3506
3387, 62.178, 63.3673
3388, 61.7994, 63.3839
3389, 61.4248, 63.4006
3390, 61.0344, 63.4173
3391, 60.5949, 63.4339
3392, 60.2059, 63.4506
3393, 59.8433, 63.4673
3394, 59.4809, 63.4839
3395, 59.1232, 63.5006
3396, 58.7664, 63.5173
3397, 58.4099, 63.5339
3398, 58.0469, 63.5506
3399, 57.6794, 63.5673
3400, 57.2944, 63.5839
3401, 56.9042, 63.6006
3402, 56.5312, 63.6173
3403, 56.1692, 63.6339
3404, 55.7985, 63.6506
3405, 55.0612, 63.6839
3406, 54.6987, 63.7006
3407, 54.3293, 63.7173
3408, 53.9673, 63.7339
3409, 53.6169, 63.7506
3410, 53.2525, 63.7673
3411, 52.8949, 63.7839
3412, 52.5253, 63.8006
3413, 52.095, 63.8173
3414, 51.3382, 63.8506
3415, 50.9987, 63.8673
3416, 50.6634, 63.8839
3417, 50.3327, 63.9006
3418, 49.9949, 63.9173
3419, 49.3059, 63.9506
3420, 49.3059, 63.9506
3421, 48.5928, 63.9839
3422, 48.2249, 64.0006
3423, 47.8729, 64.0173
3424, 47.2116, 64.0506
3425, 46.8834, 64.0673
3426, 46.5698, 64.0839
3427, 45.9719, 64.1173
3428, 45.6713, 64.1339
3429, 45.371, 64.1506
3430, 44.758, 64.1839
3431, 44.4486, 64.2006
3432, 44.1071, 64.2173
3433, 43.4292, 64.2506
3434, 43.1153, 64.2673
3435, 42.8, 64.2839
3436, 42.1884, 64.3173
3437, 41.8589, 64.3339
3438, 41.2241, 64.3673
3439, 40.9261, 64.3839
3440, 40.3474, 64.4173
3441, 40.068, 64.4339
3442, 39.5284, 64.4673
3443, 39.2762, 64.4839
3444, 38.8049, 64.5173
3445, 38.5826, 64.5339
3446, 38.1621, 64.5673
3447, 37.9541, 64.5839
3448, 37.5857, 64.6173
3449, 37.411, 64.6339
3450, 37.0785, 64.6673
3451, 36.7808, 64.7006
3452, 36.6416, 64.7173
3453, 36.3779, 64.7506
3454, 36.1386, 64.7839
3455, 36.0232, 64.8006
3456, 35.8087, 64.8339
3457, 35.621, 64.8673
3458, 35.5322, 64.8839
3459, 35.3738, 64.9173
3460, 35.1943, 64.9506
3461, 34.9093, 64.9839
3462, 34.8366, 65.0006
3463, 34.724, 65.0339
3464, 34.5979, 65.0673
3465, 34.5293, 65.0839
3466, 34.4269, 65.1173
3467, 34.3245, 65.1506
3468, 34.2045, 65.1839
3469, 34.1372, 65.2006
3470, 34.032, 65.2339
3471, 33.9225, 65.2673
3472, 33.8688, 65.2839
3473, 33.7647, 65.3173
3474, 33.6595, 65.3506
3475, 33.6079, 65.3673
3476, 33.4718, 65.4006
3477, 33.3374, 65.4339
3478, 33.2698, 65.4506
3479, 33.1345, 65.4839
3480, 33.0045, 65.5173
3481, 32.9417, 65.5339
3482, 32.82, 65.5673
3483, 32.6943, 65.6006
3484, 32.633, 65.6173
3485, 32.5008, 65.6506
3486, 32.3639, 65.6839
3487, 32.2352, 65.7173
3488, 32.1744, 65.7339
3489, 32.0521, 65.7673
3490, 31.9263, 65.8006
3491, 31.8228, 65.8339
3492, 31.7805, 65.8506
3493, 31.7334, 65.8839
3494, 31.7817, 65.9173
3495, 31.6925, 65.9506
3496, 31.6967, 65.9839
3497, 31.6935, 66.0173
3498, 31.7436, 66.0339
3499, 31.8319, 66.0673
3500, 31.8387, 66.1006
3501, 31.9684, 66.1339
3502, 32.1029, 66.1673
3503, 32.0726, 66.2006
3504, 32.1064, 66.2339
3505, 32.1687, 66.2506
3506, 32.3284, 66.2839
3507, 32.4918, 66.3173
3508, 32.5886, 66.3506
3509, 32.687, 66.3839
3510, 32.7457, 66.4006
3511, 32.8745, 66.4339
3512, 33.023, 66.4673
3513, 33.184, 66.5006
3514, 33.3285, 66.5339
3515, 33.4003, 66.5506
3516, 33.5455, 66.5839
3517, 33.6887, 66.6173
3518, 33.8504, 66.6506
3519, 34.0212, 66.6839
3520, 34.1085, 66.7006
3521, 34.2841, 66.7339
3522, 34.4427, 66.7673
3523, 34.5811, 66.8006
3524, 34.6474, 66.8173
3525, 34.7793, 66.8506
3526, 34.9096, 66.8839
3527, 35.0365, 66.9173
3528, 35.0991, 66.9339
3529, 35.2168, 66.9673
3530, 35.3339, 67.0006
3531, 35.3847, 67.0173
3532, 35.4718, 67.0506
3533, 35.5379, 67.0839
3534, 35.5961, 67.1173
3535, 35.6222, 67.1339
3536, 35.651, 67.1673
3537, 35.6889, 67.2006
3538, 35.7162, 67.2173
3539, 35.7632, 67.2506
3540, 35.8076, 67.2839
3541, 35.8362, 67.3006
3542, 35.9058, 67.3339
3543, 35.9772, 67.3673
3544, 36.012, 67.3839
3545, 36.0718, 67.4173
3546, 36.1038, 67.4506
3547, 36.1194, 67.4673
3548, 36.1708, 67.5006
3549, 36.272, 67.5339
3550, 36.2942, 67.5506
3551, 36.2564, 67.5839
3552, 36.2504, 67.6006
3553, 36.3062, 67.6339
3554, 36.451, 67.6673
3555, 36.5114, 67.6839
3556, 36.467, 67.7173
3557, 36.4457, 67.7339
3558, 36.4475, 67.7673
3559, 36.4583, 67.8006
3560, 36.4603, 67.8173
3561, 36.4825, 67.8506
3562, 36.4755, 67.8839
3563, 36.4546, 67.9006
3564, 36.3885, 67.9339
3565, 36.3601, 67.9506
3566, 36.3094, 67.9839
3567, 36.2181, 68.0173
3568, 36.1637, 68.0339
3569, 35.9928, 68.0673
3570, 35.7476, 68.1006
3571, 35.7002, 68.1173
3572, 35.5905, 68.1506
3573, 35.5401, 68.1673
3574, 35.5228, 68.2006
3575, 35.5182, 68.2339
3576, 35.5061, 68.2506
3577, 35.5183, 68.2839
3578, 35.5431, 68.3173
3579, 35.5581, 68.3339
3580, 35.5795, 68.3673
3581, 35.6115, 68.4006
3582, 35.6543, 68.4173
3583, 35.7501, 68.4506
3584, 35.825, 68.4839
3585, 35.8736, 68.5006
3586, 35.9715, 68.5339
3587, 36.0479, 68.5673
3588, 36.082, 68.5839
3589, 36.1428, 68.6173
3590, 36.2259, 68.6506
3591, 36.2797, 68.6673
3592, 36.3924, 68.7006
3593, 36.4465, 68.7173
3594, 36.536, 68.7506
3595, 36.6323, 68.7839
3596, 36.6835, 68.8006
3597, 36.7858, 68.8339
3598, 36.8998, 68.8673
3599, 36.9568, 68.8839
3600, 37.0825, 68.9173
3601, 37.0957, 68.9339
3602, 37.1243, 68.9673
3603, 37.2263, 69.0006
3604, 37.2678, 69.0173
3605, 37.3769, 69.0506
3606, 37.4842, 69.0839
3607, 37.5452, 69.1006
3608, 37.6446, 69.1339
3609, 37.6937, 69.1506
3610, 37.7714, 69.1839
3611, 37.856, 69.2173
3612, 37.8951, 69.2339
3613, 37.9774, 69.2673
3614, 38.0197, 69.2839
3615, 38.1188, 69.3173
3616, 38.1773, 69.3339
3617, 38.3004, 69.3673
3618, 38.4141, 69.4006
3619, 38.4577, 69.4173
3620, 38.4934, 69.4506
3621, 38.5036, 69.4673
3622, 38.5173, 69.5006
3623, 38.5371, 69.5173
3624, 38.5981, 69.5506
3625, 38.6736, 69.5839
3626, 38.7124, 69.6006
3627, 38.8041, 69.6339
3628, 38.8388, 69.6506
3629, 38.9145, 69.6839
3630, 38.9465, 69.7006
3631, 39.0183, 69.7339
3632, 39.0447, 69.7506
3633, 39.104, 69.7839
3634, 39.1328, 69.8006
3635, 39.1961, 69.8339
3636, 39.272, 69.8673
3637, 39.3223, 69.8839
3638, 39.4229, 69.9173
3639, 39.4801, 69.9339
3640, 39.5874, 69.9673
3641, 39.6468, 69.9839
3642, 39.764, 70.0173
3643, 39.8203, 70.0339
3644, 39.8996, 70.0673
3645, 39.9385, 70.0839
3646, 40.0999, 70.1173
3647, 40.1981, 70.1339
3648, 40.3669, 70.1673
3649, 40.4429, 70.1839
3650, 40.5589, 70.2173
3651, 40.62, 70.2339
3652, 40.7492, 70.2673
3653, 40.8153, 70.2839
3654, 40.9486, 70.3173
3655, 41.0169, 70.3339
3656, 41.144, 70.3673
3657, 41.2072, 70.3839
3658, 41.2731, 70.4006
3659, 41.398, 70.4339
3660, 41.4555, 70.4506
3661, 41.5696, 70.4839
3662, 41.6297, 70.5006
3663, 41.7701, 70.5339
3664, 41.8519, 70.5506
3665, 42.0145, 70.5839
3666, 42.0887, 70.6006
3667, 42.1581, 70.6173
3668, 42.2847, 70.6506
3669, 42.3413, 70.6673
3670, 42.4549, 70.7006
3671, 42.5214, 70.7173
3672, 42.6886, 70.7506
3673, 42.7712, 70.7673
3674, 42.8413, 70.7839
3675, 42.9678, 70.8173
3676, 43.0383, 70.8339
3677, 43.13, 70.8673
3678, 43.1507, 70.8839
3679, 43.1798, 70.9006
3680, 43.2594, 70.9339
3681, 43.3068, 70.9506
3682, 43.3795, 70.9673
3683, 43.6525, 71.0006
3684, 43.7952, 71.0173
3685, 43.9542, 71.0506
3686, 44.0011, 71.0673
3687, 44.0553, 71.0839
3688, 44.1709, 71.1173
3689, 44.2323, 71.1339
3690, 44.3002, 71.1506
3691, 44.4641, 71.1839
3692, 44.5595, 71.2006
3693, 44.6509, 71.2173
3694, 44.8043, 71.2506
3695, 44.8782, 71.2673
3696, 44.9539, 71.2839
3697, 45.0982, 71.3173
3698, 45.17, 71.3339
3699, 45.2443, 71.3506
3700, 45.3937, 71.3839
3701, 45.469, 71.4006
3702, 45.5492, 71.4173
3703, 45.7224, 71.4506
3704, 45.803, 71.4673
3705, 45.8766, 71.4839
3706, 46.0239, 71.5173
3707, 46.0979, 71.5339
3708, 46.171, 71.5506
3709, 46.3078, 71.5839
3710, 46.3733, 71.6006
3711, 46.4452, 71.6173
3712, 46.5239, 71.6339
3713, 46.7023, 71.6673
3714, 46.7862, 71.6839
3715, 46.8643, 71.7006
3716, 46.9344, 71.7173
3717, 47.0684, 71.7506
3718, 47.1329, 71.7673
3719, 47.2012, 71.7839
3720, 47.2731, 71.8006
3721, 47.4441, 71.8339
3722, 47.5246, 71.8506
3723, 47.5861, 71.8673
3724, 47.611, 71.8839
3725, 47.6347, 71.9173
3726, 47.7089, 71.9339
3727, 47.7557, 71.9506
3728, 47.8628, 71.9673
3729, 48.0098, 72.0006
3730, 48.0562, 72.0173
3731, 48.096, 72.0339
3732, 48.1333, 72.0506
3733, 48.1849, 72.0673
3734, 48.318, 72.1006
3735, 48.4034, 72.1173
3736, 48.5003, 72.1339
3737, 48.5864, 72.1506
3738, 48.7361, 72.1839
3739, 48.8127, 72.2006
3740, 48.8897, 72.2173
3741, 48.9671, 72.2339
3742, 49.044, 72.2506
3743, 49.1963, 72.2839
3744, 49.2703, 72.3006
3745, 49.3445, 72.3173
3746, 49.4196, 72.3339
3747, 49.5674, 72.3673
3748, 49.6386, 72.3839
3749, 49.7076, 72.4006
3750, 49.7723, 72.4173
3751, 49.8336, 72.4339
3752, 49.9437, 72.4673
3753, 49.9619, 72.4839
3754, 49.9518, 72.5006
3755, 50.0349, 72.5173
3756, 50.1277, 72.5339
3757, 50.276, 72.5673
3758, 50.3786, 72.5839
3759, 50.4498, 72.6006
3760, 50.5351, 72.6173
3761, 50.6268, 72.6339
3762, 50.7654, 72.6673
3763, 50.8439, 72.6839
3764, 50.9184, 72.7006
3765, 50.992, 72.7173
3766, 51.0702, 72.7339
3767, 51.1488, 72.7506
3768, 51.3079, 72.7839
3769, 51.3844, 72.8006
3770, 51.4581, 72.8173
3771, 51.5313, 72.8339
3772, 51.6062, 72.8506
3773, 51.7535, 72.8839
3774, 51.829, 72.9006
3775, 51.907, 72.9173
3776, 51.9851, 72.9339
3777, 52.0625, 72.9506
3778, 52.1378, 72.9673
3779, 52.2842, 73.0006
3780, 52.3552, 73.0173
3781, 52.4256, 73.0339
3782, 52.4958, 73.0506
3783, 52.566, 73.0673
3784, 52.6379, 73.0839
3785, 52.7111, 73.1006
3786, 52.8613, 73.1339
3787, 52.9372, 73.1506
3788, 53.0103, 73.1673
3789, 53.0802, 73.1839
3790, 53.1476, 73.2006
3791, 53.2152, 73.2173
3792, 53.3521, 73.2506
3793, 53.4232, 73.2673
3794, 53.4969, 73.2839
3795, 53.5725, 73.3006
3796, 53.6482, 73.3173
3797, 53.7219, 73.3339
3798, 53.7923, 73.3506
3799, 53.8613, 73.3673
3800, 54.0005, 73.4006
3801, 54.0686, 73.4173
3802, 54.1362, 73.4339
3803, 54.2032, 73.4506
3804, 54.2704, 73.4673
3805, 54.3369, 73.4839
3806, 54.4015, 73.5006
3807, 54.4676, 73.5173
3808, 54.6039, 73.5506
3809, 54.6722, 73.5673
3810, 54.7434, 73.5839
3811, 54.8188, 73.6006
3812, 54.893, 73.6173
3813, 54.9612, 73.6339
3814, 55.0257, 73.6506
3815, 55.0891, 73.6673
3816, 55.1471, 73.6839
3817, 55.262, 73.7173
3818, 55.3252, 73.7339
3819, 55.3878, 73.7506
3820, 55.4495, 73.7673
3821, 55.5133, 73.7839
3822, 55.5777, 73.8006
3823, 55.6397, 73.8173
3824, 55.7003, 73.8339
3825, 55.7617, 73.8506
3826, 55.8227, 73.8673
3827, 55.9418, 73.9006
3828, 55.9981, 73.9173
3829, 56.0506, 73.9339
3830, 56.103, 73.9506
3831, 56.1578, 73.9673
3832, 56.2143, 73.9839
3833, 56.2701, 74.0006
3834, 56.3249, 74.0173
3835, 56.3792, 74.0339
3836, 56.4339, 74.0506
3837, 56.4841, 74.0673
3838, 56.5335, 74.0839
3839, 56.5867, 74.1006
3840, 56.7003, 74.1339
3841, 56.7599, 74.1506
3842, 56.8168, 74.1673
3843, 56.8643, 74.1839
3844, 56.8992, 74.2006
3845, 56.94, 74.2173
3846, 56.9909, 74.2339
3847, 57.0395, 74.2506
3848, 57.0878, 74.2673
3849, 57.1405, 74.2839
3850, 57.1984, 74.3006
3851, 57.2484, 74.3173
3852, 57.2894, 74.3339
3853, 57.333, 74.3506
3854, 57.3832, 74.3673
3855, 57.4335, 74.3839
3856, 57.4781, 74.4006
3857, 57.5215, 74.4173
3858, 57.6095, 74.4506
3859, 57.6516, 74.4673
3860, 57.6934, 74.4839
3861, 57.7372, 74.5006
3862, 57.7836, 74.5173
3863, 57.8318, 74.5339
3864, 57.8802, 74.5506
3865, 57.9292, 74.5673
3866, 57.9746, 74.5839
3867, 58.0116, 74.6006
3868, 58.0443, 74.6173
3869, 58.0796, 74.6339
3870, 58.1184, 74.6506
3871, 58.158, 74.6673
3872, 58.1969, 74.6839
3873, 58.2358, 74.7006
3874, 58.2764, 74.7173
3875, 58.3171, 74.7339
3876, 58.3578, 74.7506
3877, 58.3975, 74.7673
3878, 58.4334, 74.7839
3879, 58.4642, 74.8006
3880, 58.4931, 74.8173
3881, 58.519, 74.8339
3882, 58.5453, 74.8506
3883, 58.5743, 74.8673
3884, 58.6048, 74.8839
3885, 58.6375, 74.9006
3886, 58.6725, 74.9173
3887, 58.7456, 74.9506
3888, 58.7801, 74.9673
3889, 58.8133, 74.9839
3890, 58.8482, 75.0006
3891, 58.8813, 75.0173
3892, 58.9147, 75.0339
3893, 58.9464, 75.0506
3894, 58.9765, 75.0673
3895, 59.0077, 75.0839
3896, 59.037, 75.1006
3897, 59.0655, 75.1173
3898, 59.0961, 75.1339
3899, 59.1303, 75.1506
3900, 59.1645, 75.1673
3901, 59.2025, 75.1839
3902, 59.2447, 75.2006
3903, 59.2842, 75.2173
3904, 59.3122, 75.2339
3905, 59.3339, 75.2506
3906, 59.3579, 75.2673
3907, 59.3839, 75.2839
3908, 59.414, 75.3006
3909, 59.4461, 75.3173
3910, 59.4795, 75.3339
3911, 59.5149, 75.3506
3912, 59.5523, 75.3673
3913, 59.5895, 75.3839
3914, 59.6226, 75.4006
3915, 59.656, 75.4173
3916, 59.6883, 75.4339
3917, 59.7211, 75.4506
3918, 59.7515, 75.4673
3919, 59.7803, 75.4839
3920, 59.8082, 75.5006
3921, 59.8343, 75.5173
3922, 59.8597, 75.5339
3923, 59.8838, 75.5506
3924, 59.9085, 75.5673
3925, 59.9345, 75.5839
3926, 59.9638, 75.6006
3927, 59.9967, 75.6173
3928, 60.0306, 75.6339
3929, 60.064, 75.6506
3930, 60.0958, 75.6673
3931, 60.1253, 75.6839
3932, 60.1545, 75.7006
3933, 60.184, 75.7173
3934, 60.2122, 75.7339
3935, 60.2399, 75.7506
3936, 60.2657, 75.7673
3937, 60.2906, 75.7839
3938, 60.3139, 75.8006
3939, 60.3354, 75.8173
3940, 60.3354, 75.8173
3941, 60.3552, 75.8339
3942, 60.3729, 75.8506
3943, 60.3885, 75.8673
3944, 60.4018, 75.8839
3945, 60.4105, 75.9006
3946, 60.4157, 75.9173
3947, 60.3855, 75.9339
3948, 60.3368, 75.9506
3949, 60.4207, 75.9673
3950, 60.4645, 75.9839
3951, 60.4438, 76.0006
3952, 60.4864, 76.0173
3953, 60.5252, 76.0339
3954, 60.5448, 76.0506
3955, 60.57, 76.0673
3956, 60.6014, 76.0839
3957, 60.6242, 76.1006
3958, 60.6485, 76.1173
3959, 60.6769, 76.1339
3960, 60.7019, 76.1506
3961, 60.7257, 76.1673
3962, 60.754, 76.1839
3963, 60.7807, 76.2006
3964, 60.8051, 76.2173
3965, 60.8308, 76.2339
3966, 60.8565, 76.2506
3967, 60.8795, 76.2673
3968, 60.9033, 76.2839
3969, 60.9295, 76.3006
3970, 60.945, 76.3173
3971, 60.9643, 76.3339
3972, 60.9949, 76.3506
3973, 61.0408, 76.3673
3974, 61.0819, 76.3839
3975, 61.1071, 76.4006
3976, 61.1185, 76.4173
3977, 61.1323, 76.4339
3978, 61.1492, 76.4506
3979, 61.1665, 76.4673
3980, 61.1858, 76.4839
3981, 61.2023, 76.5006
3982, 61.2214, 76.5173
3983, 61.2438, 76.5339
3984, 61.2669, 76.5506
3985, 61.289, 76.5673
3986, 61.289, 76.5673
3987, 61.3182, 76.5839
3988, 61.3529, 76.6006
3989, 61.383, 76.6173
3990, 61.4061, 76.6339
3991, 61.4277, 76.6506
3992, 61.4517, 76.6673
3993, 61.4757, 76.6839
3994, 61.4999, 76.7006
3995, 61.524, 76.7173
3996, 61.5508, 76.7339
3997, 61.5775, 76.7506
3998, 61.605, 76.7673
3999, 61.6358, 76.7839
4000, 61.667, 76.8006
4001, 61.6987, 76.8173
4002, 61.73, 76.8339
4003, 61.7625, 76.8506
4004, 61.7918, 76.8673
4005, 61.8215, 76.8839
4006, 61.8495, 76.9006
4007, 61.8765, 76.9173
4008, 61.9048, 76.9339
4009, 61.9334, 76.9506
4010, 61.962, 76.9673
4011, 61.9906, 76.9839
4012, 61.9906, 76.9839
4013, 62.0201, 77.0006
4014, 62.0519, 77.0173
4015, 62.0846, 77.0339
4016, 62.1189, 77.0506
4017, 62.1542, 77.0673
4018, 62.1873, 77.0839
4019, 62.2148, 77.1006
4020, 62.2418, 77.1173
4021, 62.2699, 77.1339
4022, 62.2977, 77.1506
4023, 62.3249, 77.1673
4024, 62.3533, 77.1839
4025, 62.3794, 77.2006
4026, 62.4031, 77.2173
4027, 62.427, 77.2339
4028, 62.45, 77.2506
4029, 62.475, 77.2673
4030, 62.5064, 77.2839
4031, 62.5468, 77.3006
4032, 62.5837, 77.3173
4033, 62.6157, 77.3339
4034, 62.6382, 77.3506
4035, 62.6577, 77.3673
4036, 62.6765, 77.3839
4037, 62.6765, 77.3839
4038, 62.6981, 77.4006
4039, 62.7257, 77.4173
4040, 62.758, 77.4339
4041, 62.791, 77.4506
4042, 62.8238, 77.4673
4043, 62.853, 77.4839
4044, 62.88, 77.5006
4045, 62.9092, 77.5173
4046, 62.9407, 77.5339
4047, 62.9713, 77.5506
4048, 62.9968, 77.5673
4049, 63.0209, 77.5839
4050, 63.0471, 77.6006
4051, 63.0749, 77.6173
4052, 63.0994, 77.6339
4053, 63.1285, 77.6506
4054, 63.1525, 77.6673
4055, 63.1842, 77.6839
4056, 63.1842, 77.6839
4057, 63.1842, 77.6839
4058, 63.1842, 77.6839
4059, 63.1842, 77.6839
