0, 61.0676, 87.2795
1, 61.11, 87.2962
2, 61.1524, 87.3128
3, 61.1949, 87.3295
4, 61.2373, 87.3462
5, 61.2795, 87.3628
6, 61.3215, 87.3795
7, 61.3634, 87.3962
8, 61.4051, 87.4128
9, 61.4468, 87.4295
10, 61.4883, 87.4462
11, 61.5298, 87.4628
12, 61.5712, 87.4795
13, 61.6125, 87.4962
14, 61.6538, 87.5128
15, 61.695, 0.2757
16, 61.736, 0.2924
17, 61.7771, 0.309
18, 61.818, 0.3257
19, 61.818, 0.3257
20, 61.8589, 0.3424
21, 61.8997, 0.359
22, 61.9404, 0.3757
23, 61.981, 0.3924
24, 62.0216, 0.409
25, 62.0622, 0.4257
26, 62.1026, 0.4424
27, 62.143, 0.459
28, 62.1834, 0.4757
29, 62.2231, 0.4924
30, 62.2459, 0.509
31, 62.2579, 0.5257
32, 62.2625, 0.5424
33, 62.2638, 0.559
34, 62.263, 0.5757
35, 62.2612, 0.5924
36, 62.2591, 0.609
37, 62.2544, 0.6257
38, 62.2484, 0.6424
39, 62.2389, 0.659
40, 62.2296, 0.6757
41, 62.2217, 0.6924
42, 62.2139, 0.709
43, 62.2054, 0.7257
44, 62.1969, 0.7424
45, 62.1889, 0.759
46, 62.1809, 0.7757
47, 62.1522, 0.7924
48, 62.1522, 0.7924
49, 62.1146, 0.809
50, 62.1885, 0.8257
51, 62.2344, 0.8424
52, 62.2487, 0.859
53, 62.2814, 0.8757
54, 62.3216, 0.8924
55, 62.3527, 0.909
56, 62.3825, 0.9257
57, 62.4163, 0.9424
58, 62.4498, 0.959
59, 62.4818, 0.9757
60, 62.5141, 0.9924
61, 62.547, 1.009
62, 62.5795, 1.0257
63, 62.6119, 1.0424
64, 62.6443, 1.059
65, 62.6768, 1.0757
66, 62.7092, 1.0924
67, 62.7416, 1.109
68, 62.7739, 1.1257
69, 62.8062, 1.1424
70, 62.8384, 1.159
71, 62.8707, 1.1757
72, 62.9029, 1.1924
73, 62.9029, 1.1924
74, 62.935, 1.209
75, 62.9672, 1.2257
76, 62.9993, 1.2424
77, 63.0314, 1.259
78, 63.0634, 1.2757
79, 63.0954, 1.2924
80, 63.1274, 1.309
81, 63.1594, 1.3257
82, 63.1913, 1.3424
83, 63.2232, 1.359
84, 63.255, 1.3757
85, 63.2868, 1.3924
86, 63.3186, 1.409
87, 63.3503, 1.4257
88, 63.382, 1.4424
89, 63.4137, 1.459
90, 63.4454, 1.4757
91, 63.477, 1.4924
92, 63.477, 1.4924
93, 63.5083, 1.509
94, 63.5385, 1.5257
95, 63.5689, 1.5424
96, 63.6015, 1.559
97, 63.6364, 1.5757
98, 63.6697, 1.5924
99, 63.6988, 1.609
100, 63.7255, 1.6257
101, 63.7545, 1.6424
102, 63.7869, 1.659
103, 63.8203, 1.6757
104, 63.8528, 1.6924
105, 63.8845, 1.709
106, 63.9158, 1.7257
107, 63.947, 1.7424
108, 63.9779, 1.759
109, 63.9779, 1.759
110, 64.0087, 1.7757
111, 64.0389, 1.7924
112, 64.0688, 1.809
113, 64.0991, 1.8257
114, 64.1303, 1.8424
115, 64.1618, 1.859
116, 64.1931, 1.8757
117, 64.2241, 1.8924
118, 64.2549, 1.909
119, 64.2857, 1.9257
120, 64.3162, 1.9424
121, 64.3467, 1.959
122, 64.377, 1.9757
123, 64.4074, 1.9924
124, 64.4376, 2.009
125, 64.4376, 2.009
126, 64.4678, 2.0257
127, 64.498, 2.0424
128, 64.5281, 2.059
129, 64.5582, 2.0757
130, 64.5882, 2.0924
131, 64.6181, 2.109
132, 64.6479, 2.1257
133, 64.6777, 2.1424
134, 64.7074, 2.159
135, 64.7371, 2.1757
136, 64.7669, 2.1924
137, 64.7966, 2.209
138, 64.7966, 2.209
139, 64.8259, 2.2257
140, 64.8551, 2.2424
141, 64.8843, 2.259
142, 64.9136, 2.2757
143, 64.9428, 2.2924
144, 64.9721, 2.309
145, 65.0013, 2.3257
146, 65.0304, 2.3424
147, 65.0595, 2.359
148, 65.0884, 2.3757
149, 65.1173, 2.3924
150, 65.1461, 2.409
151, 65.1461, 2.409
152, 65.1748, 2.4257
153, 65.2035, 2.4424
154, 65.232, 2.459
155, 65.2605, 2.4757
156, 65.2889, 2.4924
157, 65.3172, 2.509
158, 65.3455, 2.5257
159, 65.3736, 2.5424
160, 65.4017, 2.559
161, 65.4297, 2.5757
162, 65.4576, 2.5924
163, 65.4854, 2.609
164, 65.4854, 2.609
165, 65.5131, 2.6257
166, 65.5407, 2.6424
167, 65.5682, 2.659
168, 65.5956, 2.6757
169, 65.6229, 2.6924
170, 65.6501, 2.709
171, 65.6772, 2.7257
172, 65.7042, 2.7424
173, 65.731, 2.759
174, 65.7578, 2.7757
175, 65.7578, 2.7757
176, 65.7845, 2.7924
177, 65.8112, 2.809
178, 65.8379, 2.8257
179, 65.8644, 2.8424
180, 65.8907, 2.859
181, 65.9168, 2.8757
182, 65.9428, 2.8924
183, 65.9689, 2.909
184, 65.9949, 2.9257
185, 66.0209, 2.9424
186, 66.0468, 2.959
187, 66.0468, 2.959
188, 66.0726, 2.9757
189, 66.0983, 2.9924
190, 66.124, 3.009
191, 66.1495, 3.0257
192, 66.1749, 3.0424
193, 66.2002, 3.059
194, 66.2254, 3.0757
195, 66.2506, 3.0924
196, 66.2756, 3.109
197, 66.2756, 3.109
198, 66.3005, 3.1257
199, 66.3254, 3.1424
200, 66.3501, 3.159
201, 66.3748, 3.1757
202, 66.3993, 3.1924
203, 66.4238, 3.209
204, 66.4482, 3.2257
205, 66.4725, 3.2424
206, 66.4967, 3.259
207, 66.5208, 3.2757
208, 66.5208, 3.2757
209, 66.5448, 3.2924
210, 66.5687, 3.309
211, 66.5925, 3.3257
212, 66.6162, 3.3424
213, 66.6399, 3.359
214, 66.6634, 3.3757
215, 66.6868, 3.3924
216, 66.7101, 3.409
217, 66.7333, 3.4257
218, 66.7333, 3.4257
219, 66.7565, 3.4424
220, 66.7795, 3.459
221, 66.8024, 3.4757
222, 66.8251, 3.4924
223, 66.8478, 3.509
224, 66.8704, 3.5257
225, 66.8929, 3.5424
226, 66.9152, 3.559
227, 66.9152, 3.559
228, 66.9375, 3.5757
229, 66.9597, 3.5924
230, 66.9818, 3.609
231, 67.0038, 3.6257
232, 67.0257, 3.6424
233, 67.0475, 3.659
234, 67.0692, 3.6757
235, 67.0908, 3.6924
236, 67.1124, 3.709
237, 67.1124, 3.709
238, 67.1338, 3.7257
239, 67.155, 3.7424
240, 67.1763, 3.759
241, 67.1974, 3.7757
242, 67.2184, 3.7924
243, 67.2393, 3.809
244, 67.2601, 3.8257
245, 67.2808, 3.8424
246, 67.2808, 3.8424
247, 67.3017, 3.859
248, 67.3234, 3.8757
249, 67.3452, 3.8924
250, 67.366, 3.909
251, 67.386, 3.9257
252, 67.4058, 3.9424
253, 67.4258, 3.959
254, 67.4461, 3.9757
255, 67.4666, 3.9924
256, 67.4666, 3.9924
257, 67.4871, 4.009
258, 67.5074, 4.0257
259, 67.5274, 4.0424
260, 67.5472, 4.059
261, 67.5668, 4.0757
262, 67.5876, 4.0924
263, 67.6071, 4.109
264, 67.6261, 4.1257
265, 67.6261, 4.1257
266, 67.6435, 4.1424
267, 67.66, 4.159
268, 67.6759, 4.1757
269, 67.6905, 4.1924
270, 67.7063, 4.209
271, 67.7229, 4.2257
272, 67.7391, 4.2424
273, 67.7391, 4.2424
274, 67.7536, 4.259
275, 67.7685, 4.2757
276, 67.7851, 4.2924
277, 67.8019, 4.309
278, 67.8186, 4.3257
279, 67.8375, 4.3424
280, 67.8567, 4.359
281, 67.8739, 4.3757
282, 67.8739, 4.3757
283, 67.8901, 4.3924
284, 67.9058, 4.409
285, 67.9208, 4.4257
286, 67.9356, 4.4424
287, 67.9521, 4.459
288, 67.9675, 4.4757
289, 67.9842, 4.4924
290, 68, 4.509
291, 68, 4.509
292, 68.02, 4.5257
293, 68.0365, 4.5424
294, 68.0544, 4.559
295, 68.0719, 4.5757
296, 68.0886, 4.5924
297, 68.1063, 4.609
298, 68.119, 4.6257
299, 68.119, 4.6257
300, 68.1388, 4.6424
301, 68.1515, 4.659
302, 68.1688, 4.6757
303, 68.1758, 4.6924
304, 68.1853, 4.709
305, 68.1884, 4.7257
306, 68.1863, 4.7424
307, 68.1865, 4.759
308, 68.1865, 4.759
309, 68.1735, 4.7757
310, 68.1652, 4.7924
311, 68.1413, 4.809
312, 68.1215, 4.8257
313, 68.0906, 4.8424
314, 68.0561, 4.859
315, 68.0186, 4.8757
316, 68.0186, 4.8757
317, 67.9653, 4.8924
318, 67.9133, 4.909
319, 67.8352, 4.9257
320, 67.7421, 4.9424
321, 67.6106, 4.959
322, 67.4522, 4.9757
323, 67.2628, 4.9924
324, 67.0588, 5.009
325, 67.0588, 5.009
326, 66.8402, 5.0257
327, 66.576, 5.0424
328, 66.2786, 5.059
329, 66.0052, 5.0757
330, 65.7106, 5.0924
331, 65.3863, 5.109
332, 65.0536, 5.1257
333, 64.7046, 5.1424
334, 64.3422, 5.159
335, 63.9645, 5.1757
336, 63.5782, 5.1924
337, 63.1768, 5.209
338, 62.7663, 5.2257
339, 62.7663, 5.2257
340, 62.3552, 5.2424
341, 61.9469, 5.259
342, 61.5449, 5.2757
343, 61.1511, 5.2924
344, 60.771, 5.309
345, 60.3939, 5.3257
346, 60.0022, 5.3424
347, 59.6002, 5.359
348, 59.197, 5.3757
349, 58.7845, 5.3924
350, 58.3569, 5.409
351, 57.9308, 5.4257
352, 57.1031, 5.459
353, 56.7032, 5.4757
354, 56.3132, 5.4924
355, 55.9286, 5.509
356, 55.5476, 5.5257
357, 55.1696, 5.5424
358, 54.7928, 5.559
359, 54.4156, 5.5757
360, 54.0372, 5.5924
361, 53.6591, 5.609
362, 53.2835, 5.6257
363, 52.546, 5.659
364, 52.187, 5.6757
365, 51.8371, 5.6924
366, 51.4957, 5.709
367, 51.1675, 5.7257
368, 50.8527, 5.7424
369, 50.5446, 5.759
370, 49.9098, 5.7924
371, 49.5777, 5.809
372, 49.2653, 5.8257
373, 48.9601, 5.8424
374, 48.3499, 5.8757
375, 48.0471, 5.8924
376, 47.7452, 5.909
377, 47.4428, 5.9257
378, 46.8389, 5.959
379, 46.5374, 5.9757
380, 46.2363, 5.9924
381, 45.9372, 6.009
382, 45.3477, 6.0424
383, 45.0587, 6.059
384, 44.777, 6.0757
385, 44.2214, 6.109
386, 43.9532, 6.1257
387, 43.4301, 6.159
388, 43.1768, 6.1757
389, 42.9263, 6.1924
390, 42.4639, 6.2257
391, 42.242, 6.2424
392, 41.7936, 6.2757
393, 41.5316, 6.2924
394, 41.2786, 6.309
395, 40.8144, 6.3424
396, 40.5824, 6.359
397, 40.1227, 6.3924
398, 39.8984, 6.409
399, 39.4692, 6.4424
400, 39.2644, 6.459
401, 38.8834, 6.4924
402, 38.5401, 6.5257
403, 38.3828, 6.5424
404, 38.0937, 6.5757
405, 37.9586, 6.5924
406, 37.6995, 6.6257
407, 37.4464, 6.659
408, 37.3206, 6.6757
409, 37.0738, 6.709
410, 36.9522, 6.7257
411, 36.6991, 6.759
412, 36.448, 6.7924
413, 36.3229, 6.809
414, 36.0728, 6.8424
415, 35.816, 6.8757
416, 35.6859, 6.8924
417, 35.4242, 6.9257
418, 35.1651, 6.959
419, 34.913, 6.9924
420, 34.7887, 7.009
421, 34.5452, 7.0424
422, 34.3142, 7.0757
423, 34.0888, 7.109
424, 33.978, 7.1257
425, 33.7617, 7.159
426, 33.5521, 7.1924
427, 33.3475, 7.2257
428, 33.1476, 7.259
429, 32.953, 7.2924
430, 32.8568, 7.309
431, 32.6648, 7.3424
432, 32.476, 7.3757
433, 32.3026, 7.409
434, 32.1589, 7.4424
435, 32.0063, 7.4757
436, 31.7345, 7.509
437, 31.5068, 7.5424
438, 31.4165, 7.559
439, 31.2292, 7.5924
440, 31.0272, 7.6257
441, 30.8324, 7.659
442, 30.6609, 7.6924
443, 30.4983, 7.7257
444, 30.322, 7.759
445, 30.1609, 7.7924
446, 30.0204, 7.8257
447, 29.8546, 7.859
448, 29.6931, 7.8924
449, 29.5457, 7.9257
450, 29.3737, 7.959
451, 29.2092, 7.9924
452, 29.0707, 8.0257
453, 28.9456, 8.0757
454, 28.9333, 8.109
455, 29.0405, 8.1424
456, 29.0689, 8.1757
457, 29.1397, 8.209
458, 29.2815, 8.2424
459, 29.4014, 8.2757
460, 29.5094, 8.309
461, 29.6366, 8.3424
462, 29.7778, 8.3757
463, 29.9254, 8.409
464, 30.0632, 8.4424
465, 30.1954, 8.4757
466, 30.3411, 8.509
467, 30.5106, 8.5424
468, 30.7043, 8.5757
469, 30.9137, 8.609
470, 31.1257, 8.6424
471, 31.3334, 8.6757
472, 31.5365, 8.709
473, 31.738, 8.7424
474, 31.9405, 8.7757
475, 32.1454, 8.809
476, 32.2489, 8.8257
477, 32.4585, 8.859
478, 32.6718, 8.8924
479, 32.8887, 8.9257
480, 33.1064, 8.959
481, 33.3123, 8.9924
482, 33.4144, 9.009
483, 33.6205, 9.0424
484, 33.8238, 9.0757
485, 34.0215, 9.109
486, 34.1173, 9.1257
487, 34.2457, 9.159
488, 34.331, 9.1924
489, 34.5924, 9.2257
490, 34.6781, 9.2424
491, 34.8698, 9.2757
492, 35.0047, 9.309
493, 35.1516, 9.3424
494, 35.2292, 9.359
495, 35.3927, 9.3924
496, 35.5391, 9.4257
497, 35.6144, 9.4424
498, 35.7589, 9.4757
499, 35.9124, 9.509
500, 35.9883, 9.5257
501, 36.1483, 9.559
502, 36.3032, 9.5924
503, 36.3818, 9.609
504, 36.5396, 9.6424
505, 36.6962, 9.6757
506, 36.7794, 9.6924
507, 36.9457, 9.7257
508, 37.11, 9.759
509, 37.1909, 9.7757
510, 37.3498, 9.809
511, 37.4274, 9.8257
512, 37.5837, 9.859
513, 37.7432, 9.8924
514, 37.8286, 9.909
515, 37.9983, 9.9424
516, 38.0891, 9.959
517, 38.2592, 9.9924
518, 38.4349, 10.0257
519, 38.5132, 10.0424
520, 38.6874, 10.0757
521, 38.7658, 10.0924
522, 38.9399, 10.1257
523, 39.0212, 10.1424
524, 39.2101, 10.1757
525, 39.2972, 10.1924
526, 39.4868, 10.2257
527, 39.5723, 10.2424
528, 39.7572, 10.2757
529, 39.843, 10.2924
530, 40.0233, 10.3257
531, 40.1109, 10.3424
532, 40.2881, 10.3757
533, 40.3753, 10.3924
534, 40.5518, 10.4257
535, 40.64, 10.4424
536, 40.8178, 10.4757
537, 40.9066, 10.4924
538, 41.0869, 10.5257
539, 41.178, 10.5424
540, 41.3571, 10.5757
541, 41.445, 10.5924
542, 41.6199, 10.6257
543, 41.707, 10.6424
544, 41.7934, 10.659
545, 41.9644, 10.6924
546, 42.0492, 10.709
547, 42.2205, 10.7424
548, 42.308, 10.759
549, 42.4856, 10.7924
550, 42.5745, 10.809
551, 42.6627, 10.8257
552, 42.8373, 10.859
553, 42.9244, 10.8757
554, 43.0978, 10.909
555, 43.1838, 10.9257
556, 43.2689, 10.9424
557, 43.4372, 10.9757
558, 43.5215, 10.9924
559, 43.692, 11.0257
560, 43.778, 11.0424
561, 43.8641, 11.059
562, 44.0363, 11.0924
563, 44.123, 11.109
564, 44.2098, 11.1257
565, 44.3793, 11.159
566, 44.4598, 11.1757
567, 44.5378, 11.1924
568, 44.6993, 11.2257
569, 44.7885, 11.2424
570, 44.8802, 11.259
571, 45.0563, 11.2924
572, 45.0681, 11.309
573, 45.0324, 11.3257
574, 45.2713, 11.359
575, 45.3495, 11.3757
576, 45.3926, 11.3924
577, 45.5277, 11.4257
578, 45.6019, 11.4424
579, 45.6666, 11.459
580, 45.7989, 11.4924
581, 45.8721, 11.509
582, 45.9447, 11.5257
583, 46.0854, 11.559
584, 46.1556, 11.5757
585, 46.2259, 11.5924
586, 46.3659, 11.6257
587, 46.4359, 11.6424
588, 46.5059, 11.659
589, 46.576, 11.6757
590, 46.716, 11.709
591, 46.7863, 11.7257
592, 46.8569, 11.7424
593, 46.9983, 11.7757
594, 47.0689, 11.7924
595, 47.1395, 11.809
596, 47.2102, 11.8257
597, 47.3514, 11.859
598, 47.422, 11.8757
599, 47.4926, 11.8924
600, 47.5631, 11.909
601, 47.7042, 11.9424
602, 47.7748, 11.959
603, 47.8453, 11.9757
604, 47.9158, 11.9924
605, 48.0568, 12.0257
606, 48.1273, 12.0424
607, 48.1978, 12.059
608, 48.2683, 12.0757
609, 48.409, 12.109
610, 48.4792, 12.1257
611, 48.5493, 12.1424
612, 48.6193, 12.159
613, 48.759, 12.1924
614, 48.8287, 12.209
615, 48.8983, 12.2257
616, 48.9678, 12.2424
617, 49.1067, 12.2757
618, 49.176, 12.2924
619, 49.2452, 12.309
620, 49.3143, 12.3257
621, 49.3834, 12.3424
622, 49.5213, 12.3757
623, 49.5901, 12.3924
624, 49.6589, 12.409
625, 49.7275, 12.4257
626, 49.7961, 12.4424
627, 49.933, 12.4757
628, 50.0012, 12.4924
629, 50.0692, 12.509
630, 50.1372, 12.5257
631, 50.2053, 12.5424
632, 50.3416, 12.5757
633, 50.4095, 12.5924
634, 50.4771, 12.609
635, 50.5446, 12.6257
636, 50.6117, 12.6424
637, 50.7456, 12.6757
638, 50.8123, 12.6924
639, 50.8789, 12.709
640, 50.9454, 12.7257
641, 51.0118, 12.7424
642, 51.1443, 12.7757
643, 51.2103, 12.7924
644, 51.2763, 12.809
645, 51.3425, 12.8257
646, 51.4088, 12.8424
647, 51.4747, 12.859
648, 51.6047, 12.8924
649, 51.6692, 12.909
650, 51.7341, 12.9257
651, 51.7995, 12.9424
652, 51.8651, 12.959
653, 51.9306, 12.9757
654, 51.9959, 12.9924
655, 52.1264, 13.0257
656, 52.1914, 13.0424
657, 52.2563, 13.059
658, 52.3211, 13.0757
659, 52.3856, 13.0924
660, 52.4501, 13.109
661, 52.5787, 13.1424
662, 52.6428, 13.159
663, 52.7068, 13.1757
664, 52.7707, 13.1924
665, 52.8346, 13.209
666, 52.8982, 13.2257
667, 52.9618, 13.2424
668, 53.0253, 13.259
669, 53.1518, 13.2924
670, 53.2148, 13.309
671, 53.2778, 13.3257
672, 53.3405, 13.3424
673, 53.4032, 13.359
674, 53.4657, 13.3757
675, 53.5281, 13.3924
676, 53.5903, 13.409
677, 53.5515, 13.4424
678, 53.6533, 13.459
679, 53.7457, 13.4757
680, 53.7791, 13.4924
681, 53.8117, 13.509
682, 53.8703, 13.5257
683, 53.9322, 13.5424
684, 53.9809, 13.559
685, 54.0789, 13.5924
686, 54.133, 13.609
687, 54.1841, 13.6257
688, 54.234, 13.6424
689, 54.2852, 13.659
690, 54.3371, 13.6757
691, 54.3883, 13.6924
692, 54.4391, 13.709
693, 54.4901, 13.7257
694, 54.5412, 13.7424
695, 54.6428, 13.7757
696, 54.6934, 13.7924
697, 54.7441, 13.809
698, 54.7946, 13.8257
699, 54.8451, 13.8424
700, 54.8955, 13.859
701, 54.9458, 13.8757
702, 54.996, 13.8924
703, 55.0462, 13.909
704, 55.0963, 13.9257
705, 55.1962, 13.959
706, 55.2461, 13.9757
707, 55.2959, 13.9924
708, 55.3456, 14.009
709, 55.3952, 14.0257
710, 55.4448, 14.0424
711, 55.4943, 14.059
712, 55.5437, 14.0757
713, 55.5931, 14.0924
714, 55.6424, 14.109
715, 55.6916, 14.1257
716, 55.7408, 14.1424
717, 55.7899, 14.159
718, 55.8879, 14.1924
719, 55.9368, 14.209
720, 55.9856, 14.2257
721, 56.0343, 14.2424
722, 56.0829, 14.259
723, 56.1314, 14.2757
724, 56.1798, 14.2924
725, 56.2281, 14.309
726, 56.2763, 14.3257
727, 56.3243, 14.3424
728, 56.3722, 14.359
729, 56.4201, 14.3757
730, 56.4681, 14.3924
731, 56.5159, 14.409
732, 56.6106, 14.4424
733, 56.6579, 14.459
734, 56.7051, 14.4757
735, 56.7522, 14.4924
736, 56.7992, 14.509
737, 56.8461, 14.5257
738, 56.8929, 14.5424
739, 56.9395, 14.559
740, 56.9861, 14.5757
741, 57.0325, 14.5924
742, 57.0787, 14.609
743, 57.1248, 14.6257
744, 57.1708, 14.6424
745, 57.2167, 14.659
746, 57.2625, 14.6757
747, 57.3083, 14.6924
748, 57.354, 14.709
749, 57.3993, 14.7257
750, 57.4443, 14.7424
751, 57.5344, 14.7757
752, 57.5794, 14.7924
753, 57.6243, 14.809
754, 57.6689, 14.8257
755, 57.7134, 14.8424
756, 57.7578, 14.859
757, 57.802, 14.8757
758, 57.8461, 14.8924
759, 57.8901, 14.909
760, 57.9339, 14.9257
761, 57.9776, 14.9424
762, 58.0212, 14.959
763, 58.0646, 14.9757
764, 58.1079, 14.9924
765, 58.1511, 15.009
766, 58.1942, 15.0257
767, 58.2372, 15.0424
768, 58.2802, 15.059
769, 58.3229, 15.0757
770, 58.3655, 15.0924
771, 58.4079, 15.109
772, 58.4504, 15.1257
773, 58.4928, 15.1424
774, 58.535, 15.159
775, 58.5771, 15.1757
776, 58.6191, 15.1924
777, 58.661, 15.209
778, 58.7025, 15.2257
779, 58.7433, 15.2424
780, 58.7838, 15.259
781, 58.825, 15.2757
782, 58.9106, 15.309
783, 58.9524, 15.3257
784, 58.9927, 15.3424
785, 59.0323, 15.359
786, 59.0722, 15.3757
787, 59.1125, 15.3924
788, 59.1535, 15.409
789, 59.1951, 15.4257
790, 59.2365, 15.4424
791, 59.2765, 15.459
792, 59.3149, 15.4757
793, 59.353, 15.4924
794, 59.3934, 15.509
795, 59.4358, 15.5257
796, 59.4776, 15.5424
797, 59.5166, 15.559
798, 59.554, 15.5757
799, 59.5926, 15.5924
800, 59.6331, 15.609
801, 59.674, 15.6257
802, 59.7142, 15.6424
803, 59.7539, 15.659
804, 59.7937, 15.6757
805, 59.8333, 15.6924
806, 59.8728, 15.709
807, 59.9123, 15.7257
808, 59.9518, 15.7424
809, 59.991, 15.759
810, 60.0294, 15.7757
811, 60.0674, 15.7924
812, 60.1064, 15.809
813, 60.1467, 15.8257
814, 60.1873, 15.8424
815, 60.2269, 15.859
816, 60.2653, 15.8757
817, 60.3035, 15.8924
818, 60.3419, 15.909
819, 60.3804, 15.9257
820, 60.4187, 15.9424
821, 60.4571, 15.959
822, 60.4954, 15.9757
823, 60.5339, 15.9924
824, 60.5723, 16.009
825, 60.6107, 16.0257
826, 60.649, 16.0424
827, 60.6872, 16.059
828, 60.7254, 16.0757
829, 60.7636, 16.0924
830, 60.8017, 16.109
831, 60.8397, 16.1257
832, 60.8776, 16.1424
833, 60.9156, 16.159
834, 60.9535, 16.1757
835, 60.9913, 16.1924
836, 61.0286, 16.209
837, 61.0651, 16.2257
838, 61.1034, 16.2424
839, 61.1425, 16.259
840, 61.1815, 16.2757
841, 61.2181, 16.2924
842, 61.254, 16.309
843, 61.2909, 16.3257
844, 61.3285, 16.3424
845, 61.3285, 16.3424
846, 61.3659, 16.359
847, 61.4031, 16.3757
848, 61.4404, 16.3924
849, 61.4779, 16.409
850, 61.5152, 16.4257
851, 61.5519, 16.4424
852, 61.5886, 16.459
853, 61.6254, 16.4757
854, 61.6623, 16.4924
855, 61.6992, 16.509
856, 61.736, 16.5257
857, 61.7727, 16.5424
858, 61.8094, 16.559
859, 61.846, 16.5757
860, 61.8826, 16.5924
861, 61.9191, 16.609
862, 61.9556, 16.6257
863, 61.9395, 16.6424
864, 61.8889, 16.659
865, 61.9687, 16.6757
866, 62.0102, 16.6924
867, 62.0169, 16.709
868, 62.0459, 16.7257
869, 62.0832, 16.7424
870, 62.1095, 16.759
871, 62.1344, 16.7757
872, 62.1643, 16.7924
873, 62.1936, 16.809
874, 62.2209, 16.8257
875, 62.2491, 16.8424
876, 62.2781, 16.859
877, 62.3065, 16.8757
878, 62.3344, 16.8924
879, 62.3344, 16.8924
880, 62.3624, 16.909
881, 62.3905, 16.9257
882, 62.4187, 16.9424
883, 62.447, 16.959
884, 62.4754, 16.9757
885, 62.5037, 16.9924
886, 62.5319, 17.009
887, 62.5601, 17.0257
888, 62.5884, 17.0424
889, 62.6166, 17.059
890, 62.6447, 17.0757
891, 62.6726, 17.0924
892, 62.7005, 17.109
893, 62.7286, 17.1257
894, 62.7568, 17.1424
895, 62.7851, 17.159
896, 62.813, 17.1757
897, 62.8407, 17.1924
898, 62.8682, 17.209
899, 62.8959, 17.2257
900, 62.9237, 17.2424
901, 62.9515, 17.259
902, 62.9793, 17.2757
903, 62.9793, 17.2757
904, 63.0072, 17.2924
905, 63.035, 17.309
906, 63.0627, 17.3257
907, 63.0905, 17.3424
908, 63.1182, 17.359
909, 63.1458, 17.3757
910, 63.1734, 17.3924
911, 63.201, 17.409
912, 63.2286, 17.4257
913, 63.2561, 17.4424
914, 63.2836, 17.459
915, 63.3111, 17.4757
916, 63.3386, 17.4924
917, 63.366, 17.509
918, 63.3934, 17.5257
919, 63.4208, 17.5424
920, 63.4482, 17.559
921, 63.4755, 17.5757
922, 63.5029, 17.5924
923, 63.5029, 17.5924
924, 63.5301, 17.609
925, 63.5574, 17.6257
926, 63.5846, 17.6424
927, 63.6118, 17.659
928, 63.639, 17.6757
929, 63.6661, 17.6924
930, 63.6933, 17.709
931, 63.7203, 17.7257
932, 63.7474, 17.7424
933, 63.7744, 17.759
934, 63.8014, 17.7757
935, 63.8284, 17.7924
936, 63.8553, 17.809
937, 63.8822, 17.8257
938, 63.9091, 17.8424
939, 63.936, 17.859
940, 63.936, 17.859
941, 63.9628, 17.8757
942, 63.9895, 17.8924
943, 64.0163, 17.909
944, 64.043, 17.9257
945, 64.0697, 17.9424
946, 64.0962, 17.959
947, 64.1227, 17.9757
948, 64.1494, 17.9924
949, 64.1761, 18.009
950, 64.2027, 18.0257
951, 64.2291, 18.0424
952, 64.2554, 18.059
953, 64.2812, 18.0757
954, 64.3067, 18.0924
955, 64.3067, 18.0924
956, 64.3328, 18.109
957, 64.3597, 18.1257
958, 64.3869, 18.1424
959, 64.4137, 18.159
960, 64.438, 18.1757
961, 64.46, 18.1924
962, 64.4846, 18.209
963, 64.5132, 18.2257
964, 64.5415, 18.2424
965, 64.5664, 18.259
966, 64.5903, 18.2757
967, 64.6152, 18.2924
968, 64.6404, 18.309
969, 64.665, 18.3257
970, 64.665, 18.3257
971, 64.6898, 18.3424
972, 64.7146, 18.359
973, 64.7393, 18.3757
974, 64.7639, 18.3924
975, 64.7885, 18.409
976, 64.8131, 18.4257
977, 64.8375, 18.4424
978, 64.8619, 18.459
979, 64.8862, 18.4757
980, 64.9103, 18.4924
981, 64.9344, 18.509
982, 64.9584, 18.5257
983, 64.9584, 18.5257
984, 64.9823, 18.5424
985, 65.0062, 18.559
986, 65.0299, 18.5757
987, 65.0536, 18.5924
988, 65.0772, 18.609
989, 65.1007, 18.6257
990, 65.1241, 18.6424
991, 65.1474, 18.659
992, 65.1706, 18.6757
993, 65.1938, 18.6924
994, 65.2168, 18.709
995, 65.2397, 18.7257
996, 65.2397, 18.7257
997, 65.2625, 18.7424
998, 65.2852, 18.759
999, 65.308, 18.7757
1000, 65.3309, 18.7924
1001, 65.354, 18.809
1002, 65.3766, 18.8257
1003, 65.3985, 18.8424
1004, 65.4203, 18.859
1005, 65.4423, 18.8757
1006, 65.4646, 18.8924
1007, 65.487, 18.909
1008, 65.487, 18.909
1009, 65.5093, 18.9257
1010, 65.5313, 18.9424
1011, 65.5532, 18.959
1012, 65.5749, 18.9757
1013, 65.5965, 18.9924
1014, 65.6179, 19.009
1015, 65.6393, 19.0257
1016, 65.6606, 19.0424
1017, 65.6819, 19.059
1018, 65.7031, 19.0757
1019, 65.7243, 19.0924
1020, 65.7243, 19.0924
1021, 65.7454, 19.109
1022, 65.7664, 19.1257
1023, 65.7874, 19.1424
1024, 65.8082, 19.159
1025, 65.8287, 19.1757
1026, 65.8492, 19.1924
1027, 65.8697, 19.209
1028, 65.8902, 19.2257
1029, 65.9106, 19.2424
1030, 65.9309, 19.259
1031, 65.9309, 19.259
1032, 65.951, 19.2757
1033, 65.9709, 19.2924
1034, 65.9907, 19.309
1035, 66.0103, 19.3257
1036, 66.0292, 19.3424
1037, 66.0473, 19.359
1038, 66.0655, 19.3757
1039, 66.0845, 19.3924
1040, 66.1035, 19.409
1041, 66.1222, 19.4257
1042, 66.1222, 19.4257
1043, 66.1406, 19.4424
1044, 66.1587, 19.459
1045, 66.1765, 19.4757
1046, 66.1941, 19.4924
1047, 66.2117, 19.509
1048, 66.2291, 19.5257
1049, 66.2463, 19.5424
1050, 66.2635, 19.559
1051, 66.2806, 19.5757
1052, 66.2977, 19.5924
1053, 66.2977, 19.5924
1054, 66.3147, 19.609
1055, 66.3317, 19.6257
1056, 66.3486, 19.6424
1057, 66.3653, 19.659
1058, 66.3819, 19.6757
1059, 66.398, 19.6924
1060, 66.4138, 19.709
1061, 66.4295, 19.7257
1062, 66.4455, 19.7424
1063, 66.4455, 19.7424
1064, 66.4614, 19.759
1065, 66.4771, 19.7757
1066, 66.4924, 19.7924
1067, 66.5076, 19.809
1068, 66.5235, 19.8257
1069, 66.5401, 19.8424
1070, 66.5565, 19.859
1071, 66.5721, 19.8757
1072, 66.5873, 19.8924
1073, 66.6026, 19.909
1074, 66.6026, 19.909
1075, 66.6179, 19.9257
1076, 66.6333, 19.9424
1077, 66.6487, 19.959
1078, 66.6641, 19.9757
1079, 66.6794, 19.9924
1080, 66.6947, 20.009
1081, 66.7098, 20.0257
1082, 66.7249, 20.0424
1083, 66.7398, 20.059
1084, 66.7398, 20.059
1085, 66.7545, 20.0757
1086, 66.7692, 20.0924
1087, 66.784, 20.109
1088, 66.7989, 20.1257
1089, 66.8136, 20.1424
1090, 66.828, 20.159
1091, 66.8422, 20.1757
1092, 66.8564, 20.1924
1093, 66.8706, 20.209
1094, 66.8706, 20.209
1095, 66.8847, 20.2257
1096, 66.8987, 20.2424
1097, 66.9126, 20.259
1098, 66.9264, 20.2757
1099, 66.94, 20.2924
1100, 66.9535, 20.309
1101, 66.9668, 20.3257
1102, 66.98, 20.3424
1103, 66.9931, 20.359
1104, 66.9931, 20.359
1105, 67.0061, 20.3757
1106, 67.019, 20.3924
1107, 67.0317, 20.409
1108, 67.0443, 20.4257
1109, 67.0569, 20.4424
1110, 67.0695, 20.459
1111, 67.0821, 20.4757
1112, 67.0945, 20.4924
1113, 67.0945, 20.4924
1114, 67.1069, 20.509
1115, 67.1191, 20.5257
1116, 67.1312, 20.5424
1117, 67.1433, 20.559
1118, 67.1551, 20.5757
1119, 67.1668, 20.5924
1120, 67.1784, 20.609
1121, 67.1898, 20.6257
1122, 67.201, 20.6424
1123, 67.201, 20.6424
1124, 67.2121, 20.659
1125, 67.2233, 20.6757
1126, 67.234, 20.6924
1127, 67.2439, 20.709
1128, 67.2535, 20.7257
1129, 67.2633, 20.7424
1130, 67.273, 20.759
1131, 67.2825, 20.7757
1132, 67.2916, 20.7924
1133, 67.2916, 20.7924
1134, 67.2916, 20.7924
1135, 67.309, 20.8257
1136, 67.3176, 20.8424
1137, 67.326, 20.859
1138, 67.334, 20.8757
1139, 67.3422, 20.8924
1140, 67.3511, 20.909
1141, 67.3598, 20.9257
1142, 67.3598, 20.9257
1143, 67.3675, 20.9424
1144, 67.3757, 20.959
1145, 67.3843, 20.9757
1146, 67.3915, 20.9924
1147, 67.3984, 21.009
1148, 67.4068, 21.0257
1149, 67.4161, 21.0424
1150, 67.4241, 21.059
1151, 67.4313, 21.0757
1152, 67.4313, 21.0757
1153, 67.4404, 21.0924
1154, 67.4494, 21.109
1155, 67.4554, 21.1257
1156, 67.4601, 21.1424
1157, 67.4676, 21.159
1158, 67.4776, 21.1757
1159, 67.4866, 21.1924
1160, 67.4942, 21.209
1161, 67.4942, 21.209
1162, 67.5017, 21.2257
1163, 67.5094, 21.2424
1164, 67.5171, 21.259
1165, 67.5249, 21.2757
1166, 67.533, 21.2924
1167, 67.5412, 21.309
1168, 67.5494, 21.3257
1169, 67.5576, 21.3424
1170, 67.5576, 21.3424
1171, 67.566, 21.359
1172, 67.5746, 21.3757
1173, 67.5834, 21.3924
1174, 67.5918, 21.409
1175, 67.5997, 21.4257
1176, 67.6069, 21.4424
1177, 67.6151, 21.459
1178, 67.6253, 21.4757
1179, 67.6344, 21.4924
1180, 67.6344, 21.4924
1181, 67.6406, 21.509
1182, 67.647, 21.5257
1183, 67.6555, 21.5424
1184, 67.6648, 21.559
1185, 67.6735, 21.5757
1186, 67.682, 21.5924
1187, 67.6903, 21.609
1188, 67.6985, 21.6257
1189, 67.6985, 21.6257
1190, 67.7065, 21.6424
1191, 67.7141, 21.659
1192, 67.7216, 21.6757
1193, 67.7294, 21.6924
1194, 67.7375, 21.709
1195, 67.7457, 21.7257
1196, 67.7538, 21.7424
1197, 67.762, 21.759
1198, 67.762, 21.759
1199, 67.7701, 21.7757
1200, 67.778, 21.7924
1201, 67.7858, 21.809
1202, 67.7936, 21.8257
1203, 67.8013, 21.8424
1204, 67.8089, 21.859
1205, 67.8165, 21.8757
1206, 67.824, 21.8924
1207, 67.824, 21.8924
1208, 67.8315, 21.909
1209, 67.8389, 21.9257
1210, 67.8462, 21.9424
1211, 67.8534, 21.959
1212, 67.8606, 21.9757
1213, 67.8677, 21.9924
1214, 67.8747, 22.009
1215, 67.8816, 22.0257
1216, 67.8816, 22.0257
1217, 67.8885, 22.0424
1218, 67.8952, 22.059
1219, 67.9019, 22.0757
1220, 67.9084, 22.0924
1221, 67.9147, 22.109
1222, 67.9209, 22.1257
1223, 67.927, 22.1424
1224, 67.933, 22.159
1225, 67.933, 22.159
1226, 67.9396, 22.1757
1227, 67.9464, 22.1924
1228, 67.9538, 22.209
1229, 67.9591, 22.2257
1230, 67.9642, 22.2424
1231, 67.9679, 22.259
1232, 67.9709, 22.2757
1233, 67.9737, 22.2924
1234, 67.9737, 22.2924
1235, 67.9772, 22.309
1236, 67.9799, 22.3257
1237, 67.9838, 22.3424
1238, 67.9885, 22.359
1239, 67.9903, 22.3757
1240, 67.9871, 22.3924
1241, 67.9802, 22.409
1242, 67.9714, 22.4257
1243, 67.9714, 22.4257
1244, 67.9594, 22.4424
1245, 67.9436, 22.459
1246, 67.9239, 22.4757
1247, 67.901, 22.4924
1248, 67.8739, 22.509
1249, 67.8414, 22.5257
1250, 67.8031, 22.5424
1251, 67.7601, 22.559
1252, 67.7601, 22.559
1253, 67.7082, 22.5757
1254, 67.6492, 22.5924
1255, 67.5823, 22.609
1256, 67.5053, 22.6257
1257, 67.4091, 22.6424
1258, 67.2954, 22.659
1259, 67.1513, 22.6757
1260, 66.9813, 22.6924
1261, 66.782, 22.709
1262, 66.782, 22.709
1263, 66.5572, 22.7257
1264, 66.3148, 22.7424
1265, 66.0543, 22.759
1266, 65.7734, 22.7757
1267, 65.4381, 22.7924
1268, 65.1012, 22.809
1269, 64.7655, 22.8257
1270, 64.4113, 22.8424
1271, 64.0397, 22.859
1272, 63.662, 22.8757
1273, 63.2688, 22.8924
1274, 62.8725, 22.909
1275, 62.4628, 22.9257
1276, 62.0559, 22.9424
1277, 61.6446, 22.959
1278, 61.2312, 22.9757
1279, 60.8188, 22.9924
1280, 60.4102, 23.009
1281, 59.9986, 23.0257
1282, 59.5953, 23.0424
1283, 59.2008, 23.059
1284, 58.8028, 23.0757
1285, 58.4014, 23.0924
1286, 57.9845, 23.109
1287, 57.5733, 23.1257
1288, 57.1746, 23.1424
1289, 56.7734, 23.159
1290, 56.3726, 23.1757
1291, 55.9715, 23.1924
1292, 55.5703, 23.209
1293, 55.1758, 23.2257
1294, 54.7791, 23.2424
1295, 54.3919, 23.259
1296, 54.0035, 23.2757
1297, 53.6194, 23.2924
1298, 52.88, 23.3257
1299, 52.5242, 23.3424
1300, 52.1701, 23.359
1301, 51.8115, 23.3757
1302, 51.4353, 23.3924
1303, 51.0656, 23.409
1304, 50.3321, 23.4424
1305, 49.9564, 23.459
1306, 49.5832, 23.4757
1307, 49.208, 23.4924
1308, 48.8336, 23.509
1309, 48.1038, 23.5424
1310, 47.7484, 23.559
1311, 47.3991, 23.5757
1312, 47.0509, 23.5924
1313, 46.3664, 23.6257
1314, 46.0284, 23.6424
1315, 45.6955, 23.659
1316, 45.0473, 23.6924
1317, 44.7255, 23.709
1318, 44.3828, 23.7257
1319, 43.7076, 23.759
1320, 43.3862, 23.7757
1321, 42.7472, 23.809
1322, 42.4356, 23.8257
1323, 42.127, 23.8424
1324, 41.5205, 23.8757
1325, 41.2217, 23.8924
1326, 40.6311, 23.9257
1327, 40.336, 23.9424
1328, 39.7521, 23.9757
1329, 39.4602, 23.9924
1330, 38.8789, 24.0257
1331, 38.587, 24.0424
1332, 38.0235, 24.0757
1333, 37.4643, 24.109
1334, 37.1852, 24.1257
1335, 36.5706, 24.159
1336, 36.2622, 24.1757
1337, 35.661, 24.209
1338, 35.0583, 24.2424
1339, 34.4591, 24.2757
1340, 34.167, 24.2924
1341, 33.5866, 24.3257
1342, 33.0275, 24.359
1343, 32.4747, 24.3924
1344, 31.946, 24.4257
1345, 31.4185, 24.459
1346, 31.1638, 24.4757
1347, 30.6523, 24.509
1348, 30.1623, 24.5424
1349, 29.6668, 24.5757
1350, 29.1908, 24.609
1351, 28.4839, 24.659
1352, 28.0214, 24.6924
1353, 27.5713, 24.7257
1354, 27.1274, 24.759
1355, 26.6931, 24.7924
1356, 26.0769, 24.8424
1357, 25.6751, 24.8757
1358, 25.294, 24.909
1359, 24.7693, 24.959
1360, 24.4407, 24.9924
1361, 23.9551, 25.0424
1362, 23.6344, 25.0757
1363, 23.1551, 25.1257
1364, 22.8272, 25.159
1365, 22.3408, 25.209
1366, 21.8593, 25.259
1367, 21.3917, 25.309
1368, 20.9672, 25.359
1369, 20.5512, 25.409
1370, 20.1647, 25.459
1371, 19.7883, 25.509
1372, 19.3869, 25.559
1373, 19.014, 25.609
1374, 18.6585, 25.659
1375, 18.1995, 25.7257
1376, 17.8897, 25.7757
1377, 17.5174, 25.8424
1378, 17.2835, 25.8924
1379, 17.0343, 25.959
1380, 16.7884, 26.0257
1381, 16.5596, 26.0924
1382, 16.3428, 26.159
1383, 16.1269, 26.2257
1384, 15.908, 26.2924
1385, 15.7266, 26.359
1386, 15.6015, 26.4257
1387, 15.7663, 26.509
1388, 15.8009, 26.5757
1389, 15.9685, 26.6424
1390, 16.1063, 26.709
1391, 16.2644, 26.7757
1392, 16.4257, 26.8424
1393, 16.5953, 26.909
1394, 16.7835, 26.9757
1395, 16.9878, 27.0424
1396, 17.2263, 27.109
1397, 17.423, 27.159
1398, 17.7089, 27.2257
1399, 17.9397, 27.2757
1400, 18.2289, 27.3424
1401, 18.446, 27.3924
1402, 18.7477, 27.459
1403, 18.9575, 27.509
1404, 19.1832, 27.559
1405, 19.4904, 27.6257
1406, 19.7216, 27.6757
1407, 19.9537, 27.7257
1408, 20.1883, 27.7757
1409, 20.4263, 27.8257
1410, 20.6676, 27.8757
1411, 20.9167, 27.9257
1412, 21.1715, 27.9757
1413, 21.4219, 28.0257
1414, 21.7479, 28.0757
1415, 21.9413, 28.109
1416, 22.2573, 28.159
1417, 22.5629, 28.209
1418, 22.8989, 28.259
1419, 23.1063, 28.2924
1420, 23.422, 28.3424
1421, 23.7526, 28.3924
1422, 23.9645, 28.4257
1423, 24.3041, 28.4757
1424, 24.5114, 28.509
1425, 24.7994, 28.559
1426, 25.0509, 28.5924
1427, 25.2958, 28.6257
1428, 25.5417, 28.6757
1429, 25.715, 28.709
1430, 26.0523, 28.759
1431, 26.2993, 28.7924
1432, 26.5718, 28.8257
1433, 26.8044, 28.859
1434, 27.1244, 28.909
1435, 27.3299, 28.9424
1436, 27.556, 28.9757
1437, 27.773, 29.009
1438, 27.9969, 29.0424
1439, 28.3371, 29.0924
1440, 28.5633, 29.1257
1441, 28.7629, 29.159
1442, 29.0034, 29.1924
1443, 29.2486, 29.2257
1444, 29.5498, 29.259
1445, 29.8403, 29.2924
1446, 30.1142, 29.3257
1447, 30.3387, 29.359
1448, 30.5594, 29.3924
1449, 30.763, 29.4257
1450, 31.0144, 29.459
1451, 31.3111, 29.4924
1452, 31.5875, 29.5257
1453, 31.8176, 29.559
1454, 32.0787, 29.5924
1455, 32.2108, 29.609
1456, 32.4405, 29.6424
1457, 32.6576, 29.6757
1458, 32.8491, 29.709
1459, 33.091, 29.7424
1460, 33.3949, 29.7757
1461, 33.5389, 29.7924
1462, 33.5476, 29.8257
1463, 33.8518, 29.859
1464, 34.0602, 29.8924
1465, 34.2438, 29.9257
1466, 34.33, 29.9424
1467, 34.4827, 29.9757
1468, 34.6466, 30.009
1469, 34.8013, 30.0424
1470, 34.8835, 30.059
1471, 35.0371, 30.0924
1472, 35.1976, 30.1257
1473, 35.2772, 30.1424
1474, 35.4438, 30.1757
1475, 35.6166, 30.209
1476, 35.7049, 30.2257
1477, 35.8734, 30.259
1478, 36.0352, 30.2924
1479, 36.1157, 30.309
1480, 36.2811, 30.3424
1481, 36.4533, 30.3757
1482, 36.5404, 30.3924
1483, 36.7167, 30.4257
1484, 36.897, 30.459
1485, 36.9876, 30.4757
1486, 37.1653, 30.509
1487, 37.341, 30.5424
1488, 37.4298, 30.559
1489, 37.6089, 30.5924
1490, 37.6988, 30.609
1491, 37.8793, 30.6424
1492, 38.0611, 30.6757
1493, 38.1523, 30.6924
1494, 38.3352, 30.7257
1495, 38.427, 30.7424
1496, 38.6109, 30.7757
1497, 38.7031, 30.7924
1498, 38.8876, 30.8257
1499, 39.0725, 30.859
1500, 39.1652, 30.8757
1501, 39.3511, 30.909
1502, 39.4443, 30.9257
1503, 39.6311, 30.959
1504, 39.7248, 30.9757
1505, 39.9121, 31.009
1506, 40.0057, 31.0257
1507, 40.1929, 31.059
1508, 40.2865, 31.0757
1509, 40.4736, 31.109
1510, 40.5671, 31.1257
1511, 40.7541, 31.159
1512, 40.8476, 31.1757
1513, 41.0341, 31.209
1514, 41.1271, 31.2257
1515, 41.2198, 31.2424
1516, 41.4046, 31.2757
1517, 41.4967, 31.2924
1518, 41.6804, 31.3257
1519, 41.772, 31.3424
1520, 41.9548, 31.3757
1521, 42.0459, 31.3924
1522, 42.2279, 31.4257
1523, 42.3189, 31.4424
1524, 42.41, 31.459
1525, 42.5924, 31.4924
1526, 42.6834, 31.509
1527, 42.8649, 31.5424
1528, 42.9554, 31.559
1529, 43.0458, 31.5757
1530, 43.2253, 31.609
1531, 43.3144, 31.6257
1532, 43.4938, 31.659
1533, 43.5852, 31.6757
1534, 43.6773, 31.6924
1535, 43.8601, 31.7257
1536, 43.9492, 31.7424
1537, 44.037, 31.759
1538, 44.2129, 31.7924
1539, 44.3022, 31.809
1540, 44.4836, 31.8424
1541, 44.5754, 31.859
1542, 44.6669, 31.8757
1543, 44.8463, 31.909
1544, 44.9339, 31.9257
1545, 45.021, 31.9424
1546, 45.1966, 31.9757
1547, 45.2852, 31.9924
1548, 45.3129, 32.009
1549, 45.3954, 32.0424
1550, 45.5271, 32.059
1551, 45.6115, 32.0757
1552, 45.7393, 32.109
1553, 45.82, 32.1257
1554, 45.8995, 32.1424
1555, 45.9738, 32.159
1556, 46.1223, 32.1924
1557, 46.1989, 32.209
1558, 46.2751, 32.2257
1559, 46.4265, 32.259
1560, 46.5027, 32.2757
1561, 46.5791, 32.2924
1562, 46.7321, 32.3257
1563, 46.8087, 32.3424
1564, 46.8855, 32.359
1565, 46.9623, 32.3757
1566, 47.1159, 32.409
1567, 47.1927, 32.4257
1568, 47.2695, 32.4424
1569, 47.4231, 32.4757
1570, 47.4999, 32.4924
1571, 47.5766, 32.509
1572, 47.6527, 32.5257
1573, 47.8075, 32.559
1574, 47.8854, 32.5757
1575, 47.9637, 32.5924
1576, 48.0401, 32.609
1577, 48.1874, 32.6424
1578, 48.2631, 32.659
1579, 48.3409, 32.6757
1580, 48.4192, 32.6924
1581, 48.5739, 32.7257
1582, 48.6508, 32.7424
1583, 48.7274, 32.759
1584, 48.8038, 32.7757
1585, 48.9561, 32.809
1586, 49.032, 32.8257
1587, 49.1076, 32.8424
1588, 49.183, 32.859
1589, 49.2582, 32.8757
1590, 49.4093, 32.909
1591, 49.4852, 32.9257
1592, 49.5608, 32.9424
1593, 49.6362, 32.959
1594, 49.7113, 32.9757
1595, 49.861, 33.009
1596, 49.9353, 33.0257
1597, 50.0091, 33.0424
1598, 50.0826, 33.059
1599, 50.2296, 33.0924
1600, 50.3031, 33.109
1601, 50.3765, 33.1257
1602, 50.4499, 33.1424
1603, 50.5233, 33.159
1604, 50.5966, 33.1757
1605, 50.743, 33.209
1606, 50.816, 33.2257
1607, 50.8888, 33.2424
1608, 50.9612, 33.259
1609, 51.0334, 33.2757
1610, 51.1783, 33.309
1611, 51.2515, 33.3257
1612, 51.3246, 33.3424
1613, 51.3972, 33.359
1614, 51.4693, 33.3757
1615, 51.541, 33.3924
1616, 51.6838, 33.4257
1617, 51.755, 33.4424
1618, 51.8261, 33.459
1619, 51.8972, 33.4757
1620, 51.9682, 33.4924
1621, 52.0391, 33.509
1622, 52.1803, 33.5424
1623, 52.2507, 33.559
1624, 52.3213, 33.5757
1625, 52.3922, 33.5924
1626, 52.4631, 33.609
1627, 52.5339, 33.6257
1628, 52.6044, 33.6424
1629, 52.7444, 33.6757
1630, 52.8142, 33.6924
1631, 52.8838, 33.709
1632, 52.9533, 33.7257
1633, 53.0226, 33.7424
1634, 53.0919, 33.759
1635, 53.161, 33.7757
1636, 53.299, 33.809
1637, 53.3679, 33.8257
1638, 53.4366, 33.8424
1639, 53.5052, 33.859
1640, 53.5736, 33.8757
1641, 53.642, 33.8924
1642, 53.65, 33.909
1643, 53.6175, 33.9257
1644, 53.7245, 33.9424
1645, 53.8635, 33.9757
1646, 53.9039, 33.9924
1647, 53.9686, 34.009
1648, 54.036, 34.0257
1649, 54.0917, 34.0424
1650, 54.145, 34.059
1651, 54.2036, 34.0757
1652, 54.2639, 34.0924
1653, 54.3217, 34.109
1654, 54.4362, 34.1424
1655, 54.4946, 34.159
1656, 54.5523, 34.1757
1657, 54.6096, 34.1924
1658, 54.6671, 34.209
1659, 54.7247, 34.2257
1660, 54.7821, 34.2424
1661, 54.8393, 34.259
1662, 54.8965, 34.2757
1663, 54.9537, 34.2924
1664, 55.0681, 34.3257
1665, 55.1251, 34.3424
1666, 55.1819, 34.359
1667, 55.2385, 34.3757
1668, 55.2951, 34.3924
1669, 55.3517, 34.409
1670, 55.4084, 34.4257
1671, 55.465, 34.4424
1672, 55.5216, 34.459
1673, 55.5781, 34.4757
1674, 55.6346, 34.4924
1675, 55.7472, 34.5257
1676, 55.8033, 34.5424
1677, 55.8594, 34.559
1678, 55.9154, 34.5757
1679, 55.9713, 34.5924
1680, 56.0271, 34.609
1681, 56.0827, 34.6257
1682, 56.1382, 34.6424
1683, 56.1936, 34.659
1684, 56.2489, 34.6757
1685, 56.304, 34.6924
1686, 56.359, 34.709
1687, 56.4139, 34.7257
1688, 56.4686, 34.7424
1689, 56.5776, 34.7757
1690, 56.6319, 34.7924
1691, 56.6861, 34.809
1692, 56.7401, 34.8257
1693, 56.7941, 34.8424
1694, 56.8479, 34.859
1695, 56.9015, 34.8757
1696, 56.9551, 34.8924
1697, 57.0085, 34.909
1698, 57.0618, 34.9257
1699, 57.1149, 34.9424
1700, 57.168, 34.959
1701, 57.2209, 34.9757
1702, 57.2737, 34.9924
1703, 57.3263, 35.009
1704, 57.3789, 35.0257
1705, 57.4313, 35.0424
1706, 57.4836, 35.059
1707, 57.5357, 35.0757
1708, 57.5878, 35.0924
1709, 57.6915, 35.1257
1710, 57.7432, 35.1424
1711, 57.7948, 35.159
1712, 57.8462, 35.1757
1713, 57.8976, 35.1924
1714, 57.9488, 35.209
1715, 57.9999, 35.2257
1716, 58.0509, 35.2424
1717, 58.1018, 35.259
1718, 58.1525, 35.2757
1719, 58.2031, 35.2924
1720, 58.2537, 35.309
1721, 58.3041, 35.3257
1722, 58.3544, 35.3424
1723, 58.4046, 35.359
1724, 58.4547, 35.3757
1725, 58.5046, 35.3924
1726, 58.5545, 35.409
1727, 58.6043, 35.4257
1728, 58.6539, 35.4424
1729, 58.7035, 35.459
1730, 58.7529, 35.4757
1731, 58.8022, 35.4924
1732, 58.8515, 35.509
1733, 58.9006, 35.5257
1734, 58.9496, 35.5424
1735, 58.9985, 35.559
1736, 59.0473, 35.5757
1737, 59.096, 35.5924
1738, 59.1446, 35.609
1739, 59.1931, 35.6257
1740, 59.2416, 35.6424
1741, 59.2899, 35.659
1742, 59.3381, 35.6757
1743, 59.3863, 35.6924
1744, 59.4344, 35.709
1745, 59.4823, 35.7257
1746, 59.5302, 35.7424
1747, 59.578, 35.759
1748, 59.6257, 35.7757
1749, 59.6734, 35.7924
1750, 59.7209, 35.809
1751, 59.7684, 35.8257
1752, 59.8158, 35.8424
1753, 59.8631, 35.859
1754, 59.9103, 35.8757
1755, 59.9572, 35.8924
1756, 60.0038, 35.909
1757, 60.0504, 35.9257
1758, 60.0973, 35.9424
1759, 60.1443, 35.959
1760, 60.1911, 35.9757
1761, 60.2377, 35.9924
1762, 60.2839, 36.009
1763, 60.33, 36.0257
1764, 60.3758, 36.0424
1765, 60.4216, 36.059
1766, 60.4672, 36.0757
1767, 60.5127, 36.0924
1768, 60.5581, 36.109
1769, 60.6033, 36.1257
1770, 60.6494, 36.1424
1771, 60.6957, 36.159
1772, 60.7408, 36.1757
1773, 60.7842, 36.1924
1774, 60.8272, 36.209
1775, 60.8719, 36.2257
1776, 60.9179, 36.2424
1777, 60.9639, 36.259
1778, 61.009, 36.2757
1779, 61.0532, 36.2924
1780, 61.0974, 36.309
1781, 61.1416, 36.3257
1782, 61.1859, 36.3424
1783, 61.23, 36.359
1784, 61.274, 36.3757
1785, 61.3179, 36.3924
1786, 61.3618, 36.409
1787, 61.406, 36.4257
1788, 61.451, 36.4424
1789, 61.4964, 36.459
1790, 61.5415, 36.4757
1791, 61.585, 36.4924
1792, 61.6275, 36.509
1793, 61.6699, 36.5257
1794, 61.713, 36.5424
1795, 61.757, 36.559
1796, 61.8014, 36.5757
1797, 61.8458, 36.5924
1798, 61.8896, 36.609
1799, 61.933, 36.6257
1800, 61.9762, 36.6424
1801, 62.0195, 36.659
1802, 62.0119, 36.6757
1803, 61.9688, 36.6924
1804, 62.054, 36.709
1805, 62.1026, 36.7257
1806, 62.1176, 36.7424
1807, 62.1543, 36.759
1808, 62.1543, 36.759
1809, 62.198, 36.7757
1810, 62.2316, 36.7924
1811, 62.2644, 36.809
1812, 62.3016, 36.8257
1813, 62.3381, 36.8424
1814, 62.3729, 36.859
1815, 62.4085, 36.8757
1816, 62.4445, 36.8924
1817, 62.4801, 36.909
1818, 62.5155, 36.9257
1819, 62.5512, 36.9424
1820, 62.5868, 36.959
1821, 62.6223, 36.9757
1822, 62.6579, 36.9924
1823, 62.6934, 37.009
1824, 62.7289, 37.0257
1825, 62.7644, 37.0424
1826, 62.7999, 37.059
1827, 62.8354, 37.0757
1828, 62.8709, 37.0924
1829, 62.9064, 37.109
1830, 62.9418, 37.1257
1831, 62.9774, 37.1424
1832, 62.9774, 37.1424
1833, 63.0128, 37.159
1834, 63.0483, 37.1757
1835, 63.0838, 37.1924
1836, 63.1193, 37.209
1837, 63.1547, 37.2257
1838, 63.1902, 37.2424
1839, 63.2257, 37.259
1840, 63.2611, 37.2757
1841, 63.2965, 37.2924
1842, 63.332, 37.309
1843, 63.3675, 37.3257
1844, 63.4028, 37.3424
1845, 63.4382, 37.359
1846, 63.4737, 37.3757
1847, 63.5091, 37.3924
1848, 63.5444, 37.409
1849, 63.5798, 37.4257
1850, 63.6152, 37.4424
1851, 63.6152, 37.4424
1852, 63.6505, 37.459
1853, 63.6858, 37.4757
1854, 63.7212, 37.4924
1855, 63.7565, 37.509
1856, 63.7917, 37.5257
1857, 63.827, 37.5424
1858, 63.8623, 37.559
1859, 63.8975, 37.5757
1860, 63.9328, 37.5924
1861, 63.968, 37.609
1862, 64.0032, 37.6257
1863, 64.0383, 37.6424
1864, 64.0736, 37.659
1865, 64.1087, 37.6757
1866, 64.1438, 37.6924
1867, 64.1438, 37.6924
1868, 64.1789, 37.709
1869, 64.214, 37.7257
1870, 64.249, 37.7424
1871, 64.2838, 37.759
1872, 64.3187, 37.7757
1873, 64.3535, 37.7924
1874, 64.3882, 37.809
1875, 64.4228, 37.8257
1876, 64.4575, 37.8424
1877, 64.4923, 37.859
1878, 64.5275, 37.8757
1879, 64.5624, 37.8924
1880, 64.5965, 37.909
1881, 64.63, 37.9257
1882, 64.63, 37.9257
1883, 64.6636, 37.9424
1884, 64.698, 37.959
1885, 64.7331, 37.9757
1886, 64.7682, 37.9924
1887, 64.8026, 38.009
1888, 64.8365, 38.0257
1889, 64.8704, 38.0424
1890, 64.9043, 38.059
1891, 64.9382, 38.0757
1892, 64.9722, 38.0924
1893, 65.0063, 38.109
1894, 65.0403, 38.1257
1895, 65.0403, 38.1257
1896, 65.0403, 38.1257
1897, 65.1081, 38.159
1898, 65.1415, 38.1757
1899, 65.1749, 38.1924
1900, 65.2086, 38.209
1901, 65.2424, 38.2257
1902, 65.2761, 38.2424
1903, 65.3096, 38.259
1904, 65.3431, 38.2757
1905, 65.3765, 38.2924
1906, 65.4098, 38.309
1907, 65.443, 38.3257
1908, 65.443, 38.3257
1909, 65.4761, 38.3424
1910, 65.509, 38.359
1911, 65.5417, 38.3757
1912, 65.5743, 38.3924
1913, 65.6071, 38.409
1914, 65.6403, 38.4257
1915, 65.6736, 38.4424
1916, 65.7069, 38.459
1917, 65.74, 38.4757
1918, 65.7729, 38.4924
1919, 65.7729, 38.4924
1920, 65.8057, 38.509
1921, 65.8384, 38.5257
1922, 65.871, 38.5424
1923, 65.9035, 38.559
1924, 65.9359, 38.5757
1925, 65.9683, 38.5924
1926, 66.0006, 38.609
1927, 66.0331, 38.6257
1928, 66.0654, 38.6424
1929, 66.0974, 38.659
1930, 66.0974, 38.659
1931, 66.1292, 38.6757
1932, 66.1609, 38.6924
1933, 66.1926, 38.709
1934, 66.2244, 38.7257
1935, 66.2561, 38.7424
1936, 66.2878, 38.759
1937, 66.3194, 38.7757
1938, 66.351, 38.7924
1939, 66.3825, 38.809
1940, 66.414, 38.8257
1941, 66.414, 38.8257
1942, 66.4454, 38.8424
1943, 66.4769, 38.859
1944, 66.5083, 38.8757
1945, 66.5398, 38.8924
1946, 66.5712, 38.909
1947, 66.6026, 38.9257
1948, 66.634, 38.9424
1949, 66.6654, 38.959
1950, 66.6969, 38.9757
1951, 66.6969, 38.9757
1952, 66.7284, 38.9924
1953, 66.7597, 39.009
1954, 66.7909, 39.0257
1955, 66.8221, 39.0424
1956, 66.8535, 39.059
1957, 66.8848, 39.0757
1958, 66.9161, 39.0924
1959, 66.9474, 39.109
1960, 66.9787, 39.1257
1961, 66.9787, 39.1257
1962, 67.01, 39.1424
1963, 67.0412, 39.159
1964, 67.0725, 39.1757
1965, 67.1037, 39.1924
1966, 67.1349, 39.209
1967, 67.1657, 39.2257
1968, 67.1963, 39.2424
1969, 67.2272, 39.259
1970, 67.2586, 39.2757
1971, 67.2586, 39.2757
1972, 67.29, 39.2924
1973, 67.3212, 39.309
1974, 67.3523, 39.3257
1975, 67.3832, 39.3424
1976, 67.414, 39.359
1977, 67.4447, 39.3757
1978, 67.4755, 39.3924
1979, 67.5063, 39.409
1980, 67.5063, 39.409
1981, 67.5372, 39.4257
1982, 67.568, 39.4424
1983, 67.5986, 39.459
1984, 67.6293, 39.4757
1985, 67.6601, 39.4924
1986, 67.6909, 39.509
1987, 67.7217, 39.5257
1988, 67.7524, 39.5424
1989, 67.7524, 39.5424
1990, 67.7831, 39.559
1991, 67.8138, 39.5757
1992, 67.8444, 39.5924
1993, 67.875, 39.609
1994, 67.9053, 39.6257
1995, 67.9356, 39.6424
1996, 67.9658, 39.659
1997, 67.9658, 39.659
1998, 67.9965, 39.6757
1999, 68.0266, 39.6924
2000, 68.0564, 39.709
2001, 68.0859, 39.7257
2002, 68.1137, 39.7424
2003, 68.1401, 39.759
2004, 68.1672, 39.7757
2005, 68.1954, 39.7924
2006, 68.1954, 39.7924
2007, 68.2233, 39.809
2008, 68.2507, 39.8257
2009, 68.2782, 39.8424
2010, 68.3068, 39.859
2011, 68.335, 39.8757
2012, 68.3628, 39.8924
2013, 68.3927, 39.909
2014, 68.3927, 39.909
2015, 68.4233, 39.9257
2016, 68.4533, 39.9424
2017, 68.4816, 39.959
2018, 68.5091, 39.9757
2019, 68.5365, 39.9924
2020, 68.5634, 40.009
2021, 68.5907, 40.0257
2022, 68.5907, 40.0257
2023, 68.6179, 40.0424
2024, 68.6468, 40.059
2025, 68.672, 40.0757
2026, 68.6956, 40.0924
2027, 68.7146, 40.109
2028, 68.7289, 40.1257
2029, 68.7399, 40.1424
2030, 68.7399, 40.1424
2031, 68.7442, 40.159
2032, 68.7472, 40.1757
2033, 68.7414, 40.1924
2034, 68.7335, 40.209
2035, 68.7165, 40.2257
2036, 68.6945, 40.2424
2037, 68.6622, 40.259
2038, 68.6622, 40.259
2039, 68.6156, 40.2757
2040, 68.5537, 40.2924
2041, 68.4621, 40.309
2042, 68.3455, 40.3257
2043, 68.1969, 40.3424
2044, 68.0294, 40.359
2045, 67.8467, 40.3757
2046, 67.8467, 40.3757
2047, 67.6478, 40.3924
2048, 67.4099, 40.409
2049, 67.133, 40.4257
2050, 66.8818, 40.4424
2051, 66.6135, 40.459
2052, 66.3185, 40.4757
2053, 66.0091, 40.4924
2054, 65.689, 40.509
2055, 65.3537, 40.5257
2056, 65.007, 40.5424
2057, 65.007, 40.5424
2058, 64.6504, 40.559
2059, 64.2855, 40.5757
2060, 63.9118, 40.5924
2061, 63.5317, 40.609
2062, 63.1442, 40.6257
2063, 62.7539, 40.6424
2064, 62.3588, 40.659
2065, 61.9647, 40.6757
2066, 61.5667, 40.6924
2067, 61.1767, 40.709
2068, 60.7795, 40.7257
2069, 60.3868, 40.7424
2070, 59.9945, 40.759
2071, 59.6125, 40.7757
2072, 59.2366, 40.7924
2073, 58.8587, 40.809
2074, 58.4611, 40.8257
2075, 58.0802, 40.8424
2076, 57.7087, 40.859
2077, 57.3397, 40.8757
2078, 56.9669, 40.8924
2079, 56.5992, 40.909
2080, 56.2299, 40.9257
2081, 55.8615, 40.9424
2082, 55.4916, 40.959
2083, 54.756, 40.9924
2084, 54.392, 41.009
2085, 54.0299, 41.0257
2086, 53.6691, 41.0424
2087, 53.3233, 41.059
2088, 52.97, 41.0757
2089, 52.639, 41.0924
2090, 52.3135, 41.109
2091, 51.6459, 41.1424
2092, 51.3052, 41.159
2093, 50.9841, 41.1757
2094, 50.6692, 41.1924
2095, 50.3562, 41.209
2096, 50.0499, 41.2257
2097, 49.45, 41.259
2098, 49.1534, 41.2757
2099, 48.8567, 41.2924
2100, 48.562, 41.309
2101, 47.9717, 41.3424
2102, 47.6759, 41.359
2103, 47.3791, 41.3757
2104, 47.0823, 41.3924
2105, 46.4854, 41.4257
2106, 46.1866, 41.4424
2107, 45.8885, 41.459
2108, 45.5942, 41.4757
2109, 45.0211, 41.509
2110, 44.7347, 41.5257
2111, 44.4338, 41.5424
2112, 43.8079, 41.5757
2113, 43.5088, 41.5924
2114, 42.9098, 41.6257
2115, 42.6112, 41.6424
2116, 42.3147, 41.659
2117, 41.726, 41.6924
2118, 41.4365, 41.709
2119, 40.872, 41.7424
2120, 40.5998, 41.759
2121, 40.0802, 41.7924
2122, 39.8349, 41.809
2123, 39.3787, 41.8424
2124, 39.1694, 41.859
2125, 38.7886, 41.8924
2126, 38.6159, 41.909
2127, 38.3052, 41.9424
2128, 38.165, 41.959
2129, 37.9022, 41.9924
2130, 37.9022, 41.9924
2131, 37.5307, 42.0424
2132, 37.2886, 42.0757
2133, 37.164, 42.0924
2134, 36.9198, 42.1257
2135, 36.67, 42.159
2136, 36.5474, 42.1757
2137, 36.2932, 42.209
2138, 36.0407, 42.2424
2139, 35.9126, 42.259
2140, 35.6608, 42.2924
2141, 35.4031, 42.3257
2142, 35.2757, 42.3424
2143, 35.0182, 42.3757
2144, 34.7603, 42.409
2145, 34.5055, 42.4424
2146, 34.3815, 42.459
2147, 34.1339, 42.4924
2148, 33.8919, 42.5257
2149, 33.6589, 42.559
2150, 33.547, 42.5757
2151, 33.329, 42.609
2152, 33.1163, 42.6424
2153, 32.9108, 42.6757
2154, 32.7129, 42.709
2155, 32.5225, 42.7424
2156, 32.4425, 42.759
2157, 32.303, 42.7924
2158, 32.1692, 42.8257
2159, 31.9362, 42.859
2160, 31.7097, 42.8924
2161, 31.5357, 42.9257
2162, 31.4466, 42.9424
2163, 31.2529, 42.9757
2164, 31.0541, 43.009
2165, 30.8603, 43.0424
2166, 30.6583, 43.0757
2167, 30.6583, 43.0757
2168, 30.6583, 43.0757
2169, 30.0536, 43.1757
2170, 29.8454, 43.209
2171, 29.6402, 43.2424
2172, 29.4359, 43.2757
2173, 29.2305, 43.309
2174, 29.0296, 43.3424
2175, 28.8482, 43.3757
2176, 28.6789, 43.409
2177, 28.5072, 43.4424
2178, 28.3615, 43.4757
2179, 28.2218, 43.509
2180, 28.0747, 43.5424
2181, 27.943, 43.5757
2182, 27.8168, 43.609
2183, 27.6895, 43.6424
2184, 27.5794, 43.6757
2185, 27.4641, 43.709
2186, 27.3423, 43.7424
2187, 27.1836, 43.7924
2188, 27.0839, 43.8257
2189, 26.9791, 43.859
2190, 26.8749, 43.8924
2191, 26.7679, 43.9257
2192, 26.651, 43.959
2193, 26.4817, 44.009
2194, 26.3642, 44.0424
2195, 26.267, 44.0757
2196, 26.1318, 44.1257
2197, 26.0362, 44.159
2198, 25.9367, 44.1924
2199, 25.846, 44.2257
2200, 25.7301, 44.2757
2201, 25.673, 44.309
2202, 25.6296, 44.3424
2203, 25.563, 44.3924
2204, 25.5136, 44.4257
2205, 25.5011, 44.459
2206, 25.4987, 44.509
2207, 25.5086, 44.5424
2208, 25.5632, 44.5757
2209, 25.6776, 44.6257
2210, 25.7594, 44.659
2211, 25.846, 44.6924
2212, 25.9809, 44.7424
2213, 26.0718, 44.7757
2214, 26.1612, 44.809
2215, 26.2928, 44.859
2216, 26.3831, 44.8924
2217, 26.4793, 44.9257
2218, 26.6323, 44.9757
2219, 26.7374, 45.009
2220, 26.843, 45.0424
2221, 26.9492, 45.0757
2222, 27.1119, 45.1257
2223, 27.2238, 45.159
2224, 27.339, 45.1924
2225, 27.5162, 45.2424
2226, 27.6375, 45.2757
2227, 27.7586, 45.309
2228, 27.8794, 45.3424
2229, 28.002, 45.3757
2230, 28.1933, 45.4257
2231, 28.323, 45.459
2232, 28.4521, 45.4924
2233, 28.5807, 45.5257
2234, 28.7114, 45.559
2235, 28.8443, 45.5924
2236, 29.0485, 45.6424
2237, 29.1799, 45.6757
2238, 29.3104, 45.709
2239, 29.45, 45.7424
2240, 29.6102, 45.7757
2241, 29.784, 45.809
2242, 29.9635, 45.8424
2243, 30.168, 45.8757
2244, 30.3736, 45.909
2245, 30.5899, 45.9424
2246, 30.8049, 45.9757
2247, 31.0343, 46.009
2248, 31.2908, 46.0424
2249, 31.5611, 46.0757
2250, 31.8325, 46.109
2251, 32.0974, 46.1424
2252, 32.3629, 46.1757
2253, 32.622, 46.209
2254, 32.748, 46.2257
2255, 33.0152, 46.259
2256, 33.2694, 46.2924
2257, 33.4582, 46.3257
2258, 33.6127, 46.359
2259, 33.9281, 46.3924
2260, 34.0048, 46.409
2261, 34.1945, 46.4424
2262, 34.3561, 46.4757
2263, 34.5286, 46.509
2264, 34.6133, 46.5257
2265, 34.7868, 46.559
2266, 34.9587, 46.5924
2267, 35.1324, 46.6257
2268, 35.218, 46.6424
2269, 35.3909, 46.6757
2270, 35.5647, 46.709
2271, 35.6527, 46.7257
2272, 35.8286, 46.759
2273, 36.0039, 46.7924
2274, 36.1795, 46.8257
2275, 36.2681, 46.8424
2276, 36.444, 46.8757
2277, 36.6218, 46.909
2278, 36.7093, 46.9257
2279, 36.8841, 46.959
2280, 36.9712, 46.9757
2281, 37.1486, 47.009
2282, 37.3253, 47.0424
2283, 37.4169, 47.059
2284, 37.5964, 47.0924
2285, 37.7837, 47.1257
2286, 37.8719, 47.1424
2287, 37.8719, 47.1424
2288, 38.1467, 47.1924
2289, 38.3302, 47.2257
2290, 38.4236, 47.2424
2291, 38.6058, 47.2757
2292, 38.788, 47.309
2293, 38.8815, 47.3257
2294, 39.0646, 47.359
2295, 39.1571, 47.3757
2296, 39.3434, 47.409
2297, 39.4353, 47.4257
2298, 39.6178, 47.459
2299, 39.7094, 47.4757
2300, 39.8925, 47.509
2301, 39.984, 47.5257
2302, 40.1663, 47.559
2303, 40.2582, 47.5757
2304, 40.4448, 47.609
2305, 40.5392, 47.6257
2306, 40.7261, 47.659
2307, 40.8183, 47.6757
2308, 41.0015, 47.709
2309, 41.094, 47.7257
2310, 41.2813, 47.759
2311, 41.3752, 47.7757
2312, 41.4682, 47.7924
2313, 41.6498, 47.8257
2314, 41.7394, 47.8424
2315, 41.9191, 47.8757
2316, 42.0096, 47.8924
2317, 42.1908, 47.9257
2318, 42.2814, 47.9424
2319, 42.3719, 47.959
2320, 42.5522, 47.9924
2321, 42.6421, 48.009
2322, 42.8212, 48.0424
2323, 42.9104, 48.059
2324, 42.9993, 48.0757
2325, 43.1763, 48.109
2326, 43.2645, 48.1257
2327, 43.4405, 48.159
2328, 43.5283, 48.1757
2329, 43.616, 48.1924
2330, 43.7906, 48.2257
2331, 43.8777, 48.2424
2332, 43.9646, 48.259
2333, 44.1389, 48.2924
2334, 44.2257, 48.309
2335, 44.3119, 48.3257
2336, 44.4817, 48.359
2337, 44.5658, 48.3757
2338, 44.6501, 48.3924
2339, 44.8199, 48.4257
2340, 44.905, 48.4424
2341, 44.9902, 48.459
2342, 45.1612, 48.4924
2343, 45.2465, 48.509
2344, 45.3311, 48.5257
2345, 45.4969, 48.559
2346, 45.5659, 48.5757
2347, 45.6264, 48.5924
2348, 45.679, 48.609
2349, 45.7249, 48.6424
2350, 45.6969, 48.659
2351, 45.8042, 48.6757
2352, 46.0147, 48.709
2353, 46.0585, 48.7257
2354, 46.1163, 48.7424
2355, 46.2738, 48.7757
2356, 46.3439, 48.7924
2357, 46.4096, 48.809
2358, 46.4789, 48.8257
2359, 46.6244, 48.859
2360, 46.6953, 48.8757
2361, 46.7658, 48.8924
2362, 46.837, 48.909
2363, 46.9805, 48.9424
2364, 47.0518, 48.959
2365, 47.1229, 48.9757
2366, 47.1941, 48.9924
2367, 47.3362, 49.0257
2368, 47.407, 49.0424
2369, 47.4777, 49.059
2370, 47.5483, 49.0757
2371, 47.6892, 49.109
2372, 47.7593, 49.1257
2373, 47.8293, 49.1424
2374, 47.8991, 49.159
2375, 48.0381, 49.1924
2376, 48.1074, 49.209
2377, 48.1763, 49.2257
2378, 48.2451, 49.2424
2379, 48.3821, 49.2757
2380, 48.4502, 49.2924
2381, 48.5181, 49.309
2382, 48.5857, 49.3257
2383, 48.6532, 49.3424
2384, 48.7873, 49.3757
2385, 48.854, 49.3924
2386, 48.9206, 49.409
2387, 48.9869, 49.4257
2388, 49.0531, 49.4424
2389, 49.1848, 49.4757
2390, 49.2503, 49.4924
2391, 49.3156, 49.509
2392, 49.3807, 49.5257
2393, 49.4456, 49.5424
2394, 49.5748, 49.5757
2395, 49.6391, 49.5924
2396, 49.7033, 49.609
2397, 49.7672, 49.6257
2398, 49.8308, 49.6424
2399, 49.9575, 49.6757
2400, 50.0205, 49.6924
2401, 50.0832, 49.709
2402, 50.1457, 49.7257
2403, 50.208, 49.7424
2404, 50.27, 49.759
2405, 50.3931, 49.7924
2406, 50.4543, 49.809
2407, 50.5152, 49.8257
2408, 50.5759, 49.8424
2409, 50.6364, 49.859
2410, 50.7565, 49.8924
2411, 50.8162, 49.909
2412, 50.8757, 49.9257
2413, 50.9348, 49.9424
2414, 50.9935, 49.959
2415, 51.052, 49.9757
2416, 51.1688, 50.009
2417, 51.2271, 50.0257
2418, 51.2854, 50.0424
2419, 51.3434, 50.059
2420, 51.4012, 50.0757
2421, 51.4588, 50.0924
2422, 51.5735, 50.1257
2423, 51.6305, 50.1424
2424, 51.6872, 50.159
2425, 51.7434, 50.1757
2426, 51.7994, 50.1924
2427, 51.8552, 50.209
2428, 51.9113, 50.2257
2429, 52.0249, 50.259
2430, 52.0814, 50.2757
2431, 52.1365, 50.2924
2432, 52.1895, 50.309
2433, 52.241, 50.3257
2434, 52.2928, 50.3424
2435, 52.3465, 50.359
2436, 52.4599, 50.3924
2437, 52.5166, 50.409
2438, 52.572, 50.4257
2439, 52.6259, 50.4424
2440, 52.6777, 50.459
2441, 52.7282, 50.4757
2442, 52.7787, 50.4924
2443, 52.888, 50.5257
2444, 52.9457, 50.5424
2445, 53.0025, 50.559
2446, 53.0571, 50.5757
2447, 53.1101, 50.5924
2448, 53.1624, 50.609
2449, 53.2148, 50.6257
2450, 53.2681, 50.6424
2451, 53.3763, 50.6757
2452, 53.4304, 50.6924
2453, 53.4841, 50.709
2454, 53.5375, 50.7257
2455, 53.5873, 50.7424
2456, 53.6209, 50.759
2457, 53.6476, 50.7757
2458, 53.6707, 50.7924
2459, 53.69, 50.809
2460, 53.7153, 50.8424
2461, 53.6971, 50.859
2462, 53.6566, 50.8757
2463, 53.7396, 50.8924
2464, 53.8189, 50.909
2465, 53.8475, 50.9257
2466, 53.8781, 50.9424
2467, 53.9271, 50.959
2468, 53.9766, 50.9757
2469, 54.0595, 51.009
2470, 54.1042, 51.0257
2471, 54.1494, 51.0424
2472, 54.1935, 51.059
2473, 54.2374, 51.0757
2474, 54.2822, 51.0924
2475, 54.3272, 51.109
2476, 54.372, 51.1257
2477, 54.4167, 51.1424
2478, 54.5061, 51.1757
2479, 54.5513, 51.1924
2480, 54.5972, 51.209
2481, 54.6433, 51.2257
2482, 54.6893, 51.2424
2483, 54.735, 51.259
2484, 54.7806, 51.2757
2485, 54.8263, 51.2924
2486, 54.8721, 51.309
2487, 54.918, 51.3257
2488, 54.9639, 51.3424
2489, 55.055, 51.3757
2490, 55.1001, 51.3924
2491, 55.1456, 51.409
2492, 55.192, 51.4257
2493, 55.239, 51.4424
2494, 55.2859, 51.459
2495, 55.3324, 51.4757
2496, 55.3784, 51.4924
2497, 55.4245, 51.509
2498, 55.4707, 51.5257
2499, 55.5168, 51.5424
2500, 55.5629, 51.559
2501, 55.6557, 51.5924
2502, 55.7023, 51.609
2503, 55.749, 51.6257
2504, 55.7958, 51.6424
2505, 55.8427, 51.659
2506, 55.8897, 51.6757
2507, 55.9367, 51.6924
2508, 55.9837, 51.709
2509, 56.0307, 51.7257
2510, 56.0777, 51.7424
2511, 56.1247, 51.759
2512, 56.1716, 51.7757
2513, 56.2185, 51.7924
2514, 56.3121, 51.8257
2515, 56.3588, 51.8424
2516, 56.4055, 51.859
2517, 56.4521, 51.8757
2518, 56.4987, 51.8924
2519, 56.5454, 51.909
2520, 56.5924, 51.9257
2521, 56.639, 51.9424
2522, 56.6848, 51.959
2523, 56.7295, 51.9757
2524, 56.7741, 51.9924
2525, 56.8204, 52.009
2526, 56.867, 52.0257
2527, 56.9124, 52.0424
2528, 56.9562, 52.059
2529, 56.9993, 52.0757
2530, 57.0418, 52.0924
2531, 57.1235, 52.1257
2532, 57.1664, 52.1424
2533, 57.2112, 52.159
2534, 57.2552, 52.1757
2535, 57.2979, 52.1924
2536, 57.3419, 52.209
2537, 57.3852, 52.2257
2538, 57.4304, 52.2424
2539, 57.4713, 52.259
2540, 57.5197, 52.2757
2541, 57.5612, 52.2924
2542, 57.6055, 52.309
2543, 57.6432, 52.3257
2544, 57.6888, 52.3424
2545, 57.7301, 52.359
2546, 57.7717, 52.3757
2547, 57.8141, 52.3924
2548, 57.8573, 52.409
2549, 57.906, 52.4257
2550, 57.9494, 52.4424
2551, 57.9911, 52.459
2552, 58.0254, 52.4757
2553, 58.0722, 52.4924
2554, 58.1138, 52.509
2555, 58.2012, 52.5424
2556, 58.2454, 52.559
2557, 58.28, 52.5757
2558, 58.3139, 52.5924
2559, 58.3383, 52.609
2560, 58.3619, 52.6257
2561, 58.3752, 52.6424
2562, 58.3804, 52.659
2563, 58.3674, 52.6757
2564, 58.3331, 52.6924
2565, 58.2735, 52.709
2566, 58.1825, 52.7257
2567, 58.079, 52.7424
2568, 57.9683, 52.759
2569, 57.8409, 52.7757
2570, 57.6544, 52.7924
2571, 57.4826, 52.809
2572, 57.3313, 52.8257
2573, 57.1626, 52.8424
2574, 56.9735, 52.859
2575, 56.7754, 52.8757
2576, 56.5708, 52.8924
2577, 56.3564, 52.909
2578, 56.1319, 52.9257
2579, 55.899, 52.9424
2580, 55.4105, 52.9757
2581, 55.1551, 52.9924
2582, 54.8938, 53.009
2583, 54.6274, 53.0257
2584, 54.3569, 53.0424
2585, 54.0834, 53.059
2586, 53.8076, 53.0757
2587, 53.5304, 53.0924
2588, 53.2527, 53.109
2589, 52.7212, 53.1424
2590, 52.4623, 53.159
2591, 52.202, 53.1757
2592, 51.9109, 53.1924
2593, 51.6281, 53.209
2594, 51.379, 53.2257
2595, 51.1471, 53.2424
2596, 50.7152, 53.2757
2597, 50.5216, 53.2924
2598, 50.3416, 53.309
2599, 50.1705, 53.3257
2600, 50.0072, 53.3424
2601, 49.6911, 53.3757
2602, 49.5367, 53.3924
2603, 49.3788, 53.409
2604, 49.2234, 53.4257
2605, 49.068, 53.4424
2606, 48.7612, 53.4757
2607, 48.6072, 53.4924
2608, 48.4567, 53.509
2609, 48.3036, 53.5257
2610, 48.0001, 53.559
2611, 47.8472, 53.5757
2612, 47.6984, 53.5924
2613, 47.5505, 53.609
2614, 47.2691, 53.6424
2615, 47.1364, 53.659
2616, 47.0085, 53.6757
2617, 46.7678, 53.709
2618, 46.6563, 53.7257
2619, 46.551, 53.7424
2620, 46.4505, 53.759
2621, 46.2617, 53.7924
2622, 46.1717, 53.809
2623, 46.0852, 53.8257
2624, 45.9228, 53.859
2625, 45.8451, 53.8757
2626, 45.7696, 53.8924
2627, 45.6244, 53.9257
2628, 45.5545, 53.9424
2629, 45.4869, 53.959
2630, 45.4234, 53.9757
2631, 45.3031, 54.009
2632, 45.2441, 54.0257
2633, 45.186, 54.0424
2634, 45.073, 54.0757
2635, 45.0178, 54.0924
2636, 44.9627, 54.109
2637, 44.8524, 54.1424
2638, 44.7972, 54.159
2639, 44.7418, 54.1757
2640, 44.6318, 54.209
2641, 44.5783, 54.2257
2642, 44.5258, 54.2424
2643, 44.4221, 54.2757
2644, 44.3707, 54.2924
2645, 44.3198, 54.309
2646, 44.219, 54.3424
2647, 44.1686, 54.359
2648, 44.1178, 54.3757
2649, 44.015, 54.409
2650, 43.9633, 54.4257
2651, 43.8937, 54.459
2652, 43.861, 54.4757
2653, 43.823, 54.4924
2654, 43.6337, 54.5257
2655, 43.5679, 54.5424
2656, 43.5216, 54.559
2657, 43.4159, 54.5924
2658, 43.3535, 54.609
2659, 43.2924, 54.6257
2660, 43.1761, 54.659
2661, 43.1175, 54.6757
2662, 42.9979, 54.709
2663, 42.938, 54.7257
2664, 42.8782, 54.7424
2665, 42.7579, 54.7757
2666, 42.6975, 54.7924
2667, 42.5762, 54.8257
2668, 42.5153, 54.8424
2669, 42.4543, 54.859
2670, 42.3317, 54.8924
2671, 42.2701, 54.909
2672, 42.2083, 54.9257
2673, 42.0862, 54.959
2674, 42.0265, 54.9757
2675, 41.9078, 55.009
2676, 41.8481, 55.0257
2677, 41.7284, 55.059
2678, 41.6687, 55.0757
2679, 41.6087, 55.0924
2680, 41.4871, 55.1257
2681, 41.4255, 55.1424
2682, 41.3014, 55.1757
2683, 41.2392, 55.1924
2684, 41.1147, 55.2257
2685, 41.0526, 55.2424
2686, 40.9901, 55.259
2687, 40.8612, 55.2924
2688, 40.7945, 55.309
2689, 40.6556, 55.3424
2690, 40.5835, 55.359
2691, 40.436, 55.3924
2692, 40.3612, 55.409
2693, 40.2071, 55.4424
2694, 40.132, 55.459
2695, 39.9916, 55.4924
2696, 39.9261, 55.509
2697, 39.7995, 55.5424
2698, 39.7378, 55.559
2699, 39.6159, 55.5924
2700, 39.5552, 55.609
2701, 39.434, 55.6424
2702, 39.3734, 55.659
2703, 39.2524, 55.6924
2704, 39.1316, 55.7257
2705, 39.0715, 55.7424
2706, 38.9542, 55.7757
2707, 38.8972, 55.7924
2708, 38.7848, 55.8257
2709, 38.7291, 55.8424
2710, 38.6188, 55.8757
2711, 38.5641, 55.8924
2712, 38.4543, 55.9257
2713, 38.3431, 55.959
2714, 38.2869, 55.9757
2715, 38.1735, 56.009
2716, 38.1167, 56.0257
2717, 38.0054, 56.059
2718, 37.9123, 56.0924
2719, 37.8771, 56.109
2720, 37.8109, 56.1424
2721, 37.7782, 56.159
2722, 37.7212, 56.1924
2723, 37.7346, 56.2257
2724, 37.7176, 56.2424
2725, 37.6739, 56.2757
2726, 37.6547, 56.309
2727, 37.6482, 56.3257
2728, 37.6352, 56.359
2729, 37.6304, 56.3757
2730, 37.6226, 56.409
2731, 37.6148, 56.4424
2732, 37.6116, 56.459
2733, 37.6052, 56.4924
2734, 37.5987, 56.5257
2735, 37.5968, 56.5424
2736, 37.5988, 56.5757
2737, 37.614, 56.609
2738, 37.6272, 56.6257
2739, 37.6673, 56.659
2740, 37.693, 56.6757
2741, 37.7488, 56.709
2742, 37.8106, 56.7424
2743, 37.844, 56.759
2744, 37.9147, 56.7924
2745, 37.9897, 56.8257
2746, 38.0287, 56.8424
2747, 38.1094, 56.8757
2748, 38.1508, 56.8924
2749, 38.2365, 56.9257
2750, 38.3268, 56.959
2751, 38.3733, 56.9757
2752, 38.4695, 57.009
2753, 38.5177, 57.0257
2754, 38.615, 57.059
2755, 38.7149, 57.0924
2756, 38.7659, 57.109
2757, 38.8708, 57.1424
2758, 38.9245, 57.159
2759, 39.0341, 57.1924
2760, 39.1473, 57.2257
2761, 39.2056, 57.2424
2762, 39.3243, 57.2757
2763, 39.3842, 57.2924
2764, 39.504, 57.3257
2765, 39.5637, 57.3424
2766, 39.6833, 57.3757
2767, 39.8052, 57.409
2768, 39.8665, 57.4257
2769, 39.9869, 57.459
2770, 40.0457, 57.4757
2771, 40.1612, 57.509
2772, 40.2176, 57.5257
2773, 40.3293, 57.559
2774, 40.3854, 57.5757
2775, 40.4987, 57.609
2776, 40.5558, 57.6257
2777, 40.674, 57.659
2778, 40.738, 57.6757
2779, 40.8795, 57.709
2780, 40.9558, 57.7257
2781, 41.1182, 57.759
2782, 41.2031, 57.7757
2783, 41.3742, 57.809
2784, 41.4594, 57.8257
2785, 41.6296, 57.859
2786, 41.7148, 57.8757
2787, 41.8852, 57.909
2788, 41.9701, 57.9257
2789, 42.1399, 57.959
2790, 42.2248, 57.9757
2791, 42.3956, 58.009
2792, 42.4812, 58.0257
2793, 42.5661, 58.0424
2794, 42.7329, 58.0757
2795, 42.8154, 58.0924
2796, 42.8179, 58.1257
2797, 42.9322, 58.1424
2798, 43.1167, 58.1757
2799, 43.1621, 58.1924
2800, 43.2277, 58.209
2801, 43.3627, 58.2424
2802, 43.4267, 58.259
2803, 43.5581, 58.2924
2804, 43.6187, 58.309
2805, 43.6761, 58.3257
2806, 43.8045, 58.359
2807, 43.8787, 58.3757
2808, 44.0296, 58.409
2809, 44.1, 58.4257
2810, 44.1637, 58.4424
2811, 44.2491, 58.4757
2812, 44.3097, 58.4924
2813, 44.4799, 58.5257
2814, 44.5712, 58.5424
2815, 44.6466, 58.559
2816, 44.7899, 58.5924
2817, 44.856, 58.609
2818, 44.9254, 58.6257
2819, 45.0449, 58.659
2820, 45.1069, 58.6757
2821, 45.1564, 58.6924
2822, 45.3109, 58.7257
2823, 45.385, 58.7424
2824, 45.5559, 58.7757
2825, 45.6361, 58.7924
2826, 45.7178, 58.809
2827, 45.7838, 58.8257
2828, 45.9332, 58.859
2829, 46.0005, 58.8757
2830, 46.0805, 58.8924
2831, 46.2295, 58.9257
2832, 46.3095, 58.9424
2833, 46.3805, 58.959
2834, 46.5424, 58.9924
2835, 46.6271, 59.009
2836, 46.7149, 59.0257
2837, 46.7149, 59.0257
2838, 46.9603, 59.0757
2839, 47.0433, 59.0924
2840, 47.1331, 59.109
2841, 47.3034, 59.1424
2842, 47.385, 59.159
2843, 47.4652, 59.1757
2844, 47.629, 59.209
2845, 47.7184, 59.2257
2846, 47.8026, 59.2424
2847, 47.8806, 59.259
2848, 48.0444, 59.2924
2849, 48.134, 59.309
2850, 48.2207, 59.3257
2851, 48.2977, 59.3424
2852, 48.46, 59.3757
2853, 48.5458, 59.3924
2854, 48.6307, 59.409
2855, 48.7056, 59.4257
2856, 48.8646, 59.459
2857, 48.9474, 59.4757
2858, 49.0316, 59.4924
2859, 49.1062, 59.509
2860, 49.267, 59.5424
2861, 49.3505, 59.559
2862, 49.431, 59.5757
2863, 49.509, 59.5924
2864, 49.5974, 59.609
2865, 49.7543, 59.6424
2866, 49.8295, 59.659
2867, 49.9091, 59.6757
2868, 49.9937, 59.6924
2869, 50.0661, 59.709
2870, 50.22, 59.7424
2871, 50.3, 59.759
2872, 50.3776, 59.7757
2873, 50.4543, 59.7924
2874, 50.5359, 59.809
2875, 50.6873, 59.8424
2876, 50.7571, 59.859
2877, 50.8356, 59.8757
2878, 50.9137, 59.8924
2879, 50.9842, 59.909
2880, 51.1295, 59.9424
2881, 51.211, 59.959
2882, 51.2822, 59.9757
2883, 51.3589, 59.9924
2884, 51.4341, 60.009
2885, 51.5006, 60.0257
2886, 51.6469, 60.059
2887, 51.7285, 60.0757
2888, 51.7957, 60.0924
2889, 51.8684, 60.109
2890, 51.9416, 60.1257
2891, 52.01, 60.1424
2892, 52.1549, 60.1757
2893, 52.2324, 60.1924
2894, 52.2991, 60.209
2895, 52.374, 60.2257
2896, 52.4491, 60.2424
2897, 52.5192, 60.259
2898, 52.5944, 60.2757
2899, 52.713, 60.309
2900, 52.7398, 60.3257
2901, 52.7387, 60.3424
2902, 52.7067, 60.359
2903, 52.6773, 60.3757
2904, 52.6303, 60.3924
2905, 52.5106, 60.409
2906, 52.3432, 60.4424
2907, 52.2865, 60.459
2908, 52.2079, 60.4757
2909, 52.1155, 60.4924
2910, 52.0222, 60.509
2911, 51.9223, 60.5257
2912, 51.7146, 60.559
2913, 51.603, 60.5757
2914, 51.4841, 60.5924
2915, 51.3559, 60.609
2916, 51.2199, 60.6257
2917, 51.0827, 60.6424
2918, 50.7955, 60.6757
2919, 50.6433, 60.6924
2920, 50.4876, 60.709
2921, 50.3322, 60.7257
2922, 50.1742, 60.7424
2923, 50.0106, 60.759
2924, 49.6809, 60.7924
2925, 49.5186, 60.809
2926, 49.3575, 60.8257
2927, 49.1988, 60.8424
2928, 48.9026, 60.8757
2929, 48.7681, 60.8924
2930, 48.6421, 60.909
2931, 48.5261, 60.9257
2932, 48.3187, 60.959
2933, 48.2261, 60.9757
2934, 48.1393, 60.9924
2935, 48.0567, 61.009
2936, 47.9041, 61.0424
2937, 47.8342, 61.059
2938, 47.7678, 61.0757
2939, 47.7047, 61.0924
2940, 47.5864, 61.1257
2941, 47.531, 61.1424
2942, 47.4769, 61.159
2943, 47.4239, 61.1757
2944, 47.3209, 61.209
2945, 47.271, 61.2257
2946, 47.2215, 61.2424
2947, 47.1721, 61.259
2948, 47.0706, 61.2924
2949, 47.0169, 61.309
2950, 46.9602, 61.3257
2951, 46.8998, 61.3424
2952, 46.767, 61.3757
2953, 46.6947, 61.3924
2954, 46.6188, 61.409
2955, 46.4576, 61.4424
2956, 46.3733, 61.459
2957, 46.2871, 61.4757
2958, 46.1995, 61.4924
2959, 46.0215, 61.5257
2960, 45.931, 61.5424
2961, 45.8399, 61.559
2962, 45.6552, 61.5924
2963, 45.5618, 61.609
2964, 45.4675, 61.6257
2965, 45.3723, 61.6424
2966, 45.2117, 61.6757
2967, 45.1341, 61.6924
2968, 45.0501, 61.709
2969, 44.7734, 61.7424
2970, 44.662, 61.759
2971, 44.5685, 61.7757
2972, 44.3707, 61.809
2973, 44.2659, 61.8257
2974, 44.1645, 61.8424
2975, 43.9763, 61.8757
2976, 43.8887, 61.8924
2977, 43.8059, 61.909
2978, 43.6584, 61.9424
2979, 43.591, 61.959
2980, 43.5252, 61.9757
2981, 43.3955, 62.009
2982, 43.3309, 62.0257
2983, 43.202, 62.059
2984, 43.1379, 62.0757
2985, 43.0739, 62.0924
2986, 42.9464, 62.1257
2987, 42.8829, 62.1424
2988, 42.8196, 62.159
2989, 42.6935, 62.1924
2990, 42.6307, 62.209
2991, 42.5056, 62.2424
2992, 42.4433, 62.259
2993, 42.381, 62.2757
2994, 42.2563, 62.309
2995, 42.1939, 62.3257
2996, 42.069, 62.359
2997, 42.0064, 62.3757
2998, 41.9436, 62.3924
2999, 41.819, 62.4257
3000, 41.7572, 62.4424
3001, 41.6327, 62.4757
3002, 41.5697, 62.4924
3003, 41.4414, 62.5257
3004, 41.375, 62.5424
3005, 41.307, 62.559
3006, 41.1683, 62.5924
3007, 41.0989, 62.609
3008, 40.9612, 62.6424
3009, 40.8933, 62.659
3010, 40.7653, 62.6924
3011, 40.7093, 62.709
3012, 40.6172, 62.7424
3013, 40.5759, 62.759
3014, 40.4934, 62.7924
3015, 40.4521, 62.809
3016, 40.4658, 62.8424
3017, 40.4699, 62.859
3018, 40.4544, 62.8924
3019, 40.4598, 62.909
3020, 40.491, 62.9424
3021, 40.511, 62.959
3022, 40.5621, 62.9924
3023, 40.5925, 63.009
3024, 40.66, 63.0424
3025, 40.6968, 63.059
3026, 40.7748, 63.0924
3027, 40.8157, 63.109
3028, 40.8574, 63.1257
3029, 40.9433, 63.159
3030, 40.9878, 63.1757
3031, 41.078, 63.209
3032, 41.1232, 63.2257
3033, 41.2106, 63.259
3034, 41.2529, 63.2757
3035, 41.3385, 63.309
3036, 41.3823, 63.3257
3037, 41.47, 63.359
3038, 41.5142, 63.3757
3039, 41.6052, 63.409
3040, 41.6517, 63.4257
3041, 41.7467, 63.459
3042, 41.7947, 63.4757
3043, 41.8436, 63.4924
3044, 41.9479, 63.5257
3045, 42.0033, 63.5424
3046, 42.1187, 63.5757
3047, 42.1788, 63.5924
3048, 42.3044, 63.6257
3049, 42.3694, 63.6424
3050, 42.5026, 63.6757
3051, 42.5705, 63.6924
3052, 42.6388, 63.709
3053, 42.7753, 63.7424
3054, 42.8436, 63.759
3055, 42.9808, 63.7924
3056, 43.0497, 63.809
3057, 43.188, 63.8424
3058, 43.2575, 63.859
3059, 43.327, 63.8757
3060, 43.4668, 63.909
3061, 43.537, 63.9257
3062, 43.6778, 63.959
3063, 43.7486, 63.9757
3064, 43.8908, 64.009
3065, 43.9622, 64.0257
3066, 43.9703, 64.0424
3067, 44.0352, 64.0757
3068, 44.1567, 64.0924
3069, 44.2078, 64.109
3070, 44.2875, 64.1424
3071, 44.3512, 64.159
3072, 44.4621, 64.1924
3073, 44.513, 64.209
3074, 44.5673, 64.2257
3075, 44.6781, 64.259
3076, 44.7336, 64.2757
3077, 44.8425, 64.309
3078, 44.8949, 64.3257
3079, 44.9457, 64.3424
3080, 45.0537, 64.3757
3081, 45.1123, 64.3924
3082, 45.1687, 64.409
3083, 45.2739, 64.4424
3084, 45.3275, 64.459
3085, 45.3828, 64.4757
3086, 45.4918, 64.509
3087, 45.5447, 64.5257
3088, 45.5973, 64.5424
3089, 45.7034, 64.5757
3090, 45.7567, 64.5924
3091, 45.8102, 64.609
3092, 45.917, 64.6424
3093, 45.9701, 64.659
3094, 46.0231, 64.6757
3095, 46.1294, 64.709
3096, 46.1828, 64.7257
3097, 46.2359, 64.7424
3098, 46.337, 64.7757
3099, 46.3859, 64.7924
3100, 46.435, 64.809
3101, 46.542, 64.8424
3102, 46.5981, 64.859
3103, 46.6531, 64.8757
3104, 46.7581, 64.909
3105, 46.8086, 64.9257
3106, 46.8086, 64.9257
3107, 46.8086, 64.9257
3108, 47.0189, 64.9924
3109, 47.0781, 65.009
3110, 47.1342, 65.0257
3111, 47.2477, 65.059
3112, 47.3017, 65.0757
3113, 47.3672, 65.0924
3114, 47.4233, 65.109
3115, 47.5433, 65.1424
3116, 47.5994, 65.159
3117, 47.6716, 65.1757
3118, 47.8008, 65.209
3119, 47.8636, 65.2257
3120, 47.9236, 65.2424
3121, 47.9932, 65.259
3122, 48.1201, 65.2924
3123, 48.1794, 65.309
3124, 48.2454, 65.3257
3125, 48.3188, 65.3424
3126, 48.4599, 65.3757
3127, 48.5194, 65.3924
3128, 48.5917, 65.409
3129, 48.6569, 65.4257
3130, 48.7905, 65.459
3131, 48.8498, 65.4757
3132, 48.919, 65.4924
3133, 48.9785, 65.509
3134, 49.0479, 65.5257
3135, 49.1613, 65.559
3136, 49.2244, 65.5757
3137, 49.2723, 65.5924
3138, 49.3442, 65.609
3139, 49.4713, 65.6424
3140, 49.5326, 65.659
3141, 49.5972, 65.6757
3142, 49.667, 65.6924
3143, 49.7161, 65.709
3144, 49.8299, 65.7424
3145, 49.8963, 65.759
3146, 49.9535, 65.7757
3147, 50.0101, 65.7924
3148, 50.0721, 65.809
3149, 50.1853, 65.8424
3150, 50.2342, 65.859
3151, 50.2964, 65.8757
3152, 50.349, 65.8924
3153, 50.4026, 65.909
3154, 50.5121, 65.9424
3155, 50.5761, 65.959
3156, 50.6248, 65.9757
3157, 50.6878, 65.9924
3158, 50.7377, 66.009
3159, 50.7941, 66.0257
3160, 50.9008, 66.059
3161, 50.963, 66.0757
3162, 51.0066, 66.0924
3163, 51.0654, 66.109
3164, 51.1121, 66.1257
3165, 51.232, 66.159
3166, 51.2892, 66.1757
3167, 51.3513, 66.1924
3168, 51.4022, 66.209
3169, 51.4643, 66.2257
3170, 51.5123, 66.2424
3171, 51.6226, 66.2757
3172, 51.6836, 66.2924
3173, 51.7346, 66.309
3174, 51.7926, 66.3257
3175, 51.8487, 66.3424
3176, 51.9, 66.359
3177, 51.9599, 66.3757
3178, 52.0715, 66.409
3179, 52.12, 66.4257
3180, 52.1801, 66.4424
3181, 52.2303, 66.459
3182, 52.2853, 66.4757
3183, 52.3396, 66.4924
3184, 52.4503, 66.5257
3185, 52.503, 66.5424
3186, 52.5594, 66.559
3187, 52.6111, 66.5757
3188, 52.6105, 66.5924
3189, 52.5655, 66.609
3190, 52.6632, 66.6257
3191, 52.7653, 66.659
3192, 52.7983, 66.6757
3193, 52.8505, 66.6924
3194, 52.8987, 66.709
3195, 52.9389, 66.7257
3196, 52.981, 66.7424
3197, 53.0263, 66.759
3198, 53.1144, 66.7924
3199, 53.1578, 66.809
3200, 53.2022, 66.8257
3201, 53.2466, 66.8424
3202, 53.2909, 66.859
3203, 53.3351, 66.8757
3204, 53.3794, 66.8924
3205, 53.4686, 66.9257
3206, 53.5135, 66.9424
3207, 53.5582, 66.959
3208, 53.6029, 66.9757
3209, 53.6476, 66.9924
3210, 53.6926, 67.009
3211, 53.7379, 67.0257
3212, 53.7833, 67.0424
3213, 53.8741, 67.0757
3214, 53.9193, 67.0924
3215, 53.9645, 67.109
3216, 54.0103, 67.1257
3217, 54.0566, 67.1424
3218, 54.1031, 67.159
3219, 54.1489, 67.1757
3220, 54.1943, 67.1924
3221, 54.2397, 67.209
3222, 54.3317, 67.2424
3223, 54.3782, 67.259
3224, 54.4252, 67.2757
3225, 54.4721, 67.2924
3226, 54.518, 67.309
3227, 54.5626, 67.3257
3228, 54.6076, 67.3424
3229, 54.6542, 67.359
3230, 54.7019, 67.3757
3231, 54.7932, 67.409
3232, 54.837, 67.4257
3233, 54.8819, 67.4424
3234, 54.928, 67.459
3235, 54.974, 67.4757
3236, 55.0189, 67.4924
3237, 55.0631, 67.509
3238, 55.1072, 67.5257
3239, 55.1516, 67.5424
3240, 55.196, 67.559
3241, 55.284, 67.5924
3242, 55.3279, 67.609
3243, 55.3279, 67.609
3244, 55.3279, 67.609
3245, 55.3279, 67.609
3246, 55.5066, 67.6757
3247, 55.5505, 67.6924
3248, 55.5934, 67.709
3249, 55.6359, 67.7257
3250, 55.6795, 67.7424
3251, 55.7249, 67.759
3252, 55.8152, 67.7924
3253, 55.858, 67.809
3254, 55.9002, 67.8257
3255, 55.943, 67.8424
3256, 55.9865, 67.859
3257, 56.0302, 67.8757
3258, 56.0738, 67.8924
3259, 56.1172, 67.909
3260, 56.1603, 67.9257
3261, 56.2033, 67.9424
3262, 56.246, 67.959
3263, 56.2887, 67.9757
3264, 56.3313, 67.9924
3265, 56.4163, 68.0257
3266, 56.4586, 68.0424
3267, 56.501, 68.059
3268, 56.5433, 68.0757
3269, 56.5856, 68.0924
3270, 56.6278, 68.109
3271, 56.67, 68.1257
3272, 56.7123, 68.1424
3273, 56.7545, 68.159
3274, 56.7967, 68.1757
3275, 56.839, 68.1924
3276, 56.8812, 68.209
3277, 56.9236, 68.2257
3278, 56.9657, 68.2424
3279, 57.0075, 68.259
3280, 57.0494, 68.2757
3281, 57.1352, 68.309
3282, 57.1781, 68.3257
3283, 57.2204, 68.3424
3284, 57.2624, 68.359
3285, 57.3045, 68.3757
3286, 57.3468, 68.3924
3287, 57.3892, 68.409
3288, 57.4316, 68.4257
3289, 57.4741, 68.4424
3290, 57.5166, 68.459
3291, 57.559, 68.4757
3292, 57.6014, 68.4924
3293, 57.6438, 68.509
3294, 57.6862, 68.5257
3295, 57.7285, 68.5424
3296, 57.7707, 68.559
3297, 57.8128, 68.5757
3298, 57.8548, 68.5924
3299, 57.8966, 68.609
3300, 57.9385, 68.6257
3301, 57.9802, 68.6424
3302, 58.062, 68.6757
3303, 58.1017, 68.6924
3304, 58.1403, 68.709
3305, 58.1787, 68.7257
3306, 58.2168, 68.7424
3307, 58.2528, 68.759
3308, 58.2877, 68.7757
3309, 58.3247, 68.7924
3310, 58.364, 68.809
3311, 58.4022, 68.8257
3312, 58.4392, 68.8424
3313, 58.4758, 68.859
3314, 58.5133, 68.8757
3315, 58.5557, 68.8924
3316, 58.5978, 68.909
3317, 58.6389, 68.9257
3318, 58.6718, 68.9424
3319, 58.7078, 68.959
3320, 58.7429, 68.9757
3321, 58.7842, 68.9924
3322, 58.8205, 69.009
3323, 58.8628, 69.0257
3324, 58.8999, 69.0424
3325, 58.9424, 69.059
3326, 58.9749, 69.0757
3327, 59.0135, 69.0924
3328, 59.0494, 69.109
3329, 59.094, 69.1257
3330, 59.1312, 69.1424
3331, 59.1697, 69.159
3332, 59.2028, 69.1757
3333, 59.2451, 69.1924
3334, 59.2796, 69.209
3335, 59.3211, 69.2257
3336, 59.3534, 69.2424
3337, 59.3956, 69.259
3338, 59.429, 69.2757
3339, 59.4711, 69.2924
3340, 59.5037, 69.309
3341, 59.5458, 69.3257
3342, 59.5786, 69.3424
3343, 59.5786, 69.3424
3344, 59.5786, 69.3424
3345, 59.5786, 69.3424
3346, 59.7275, 69.409
3347, 59.7692, 69.4257
3348, 59.8015, 69.4424
3349, 59.8431, 69.459
3350, 59.8752, 69.4757
3351, 59.9481, 69.509
3352, 59.9891, 69.5257
3353, 60.0207, 69.5424
3354, 60.0618, 69.559
3355, 60.0933, 69.5757
3356, 60.1338, 69.5924
3357, 60.1653, 69.609
3358, 60.2054, 69.6257
3359, 60.2374, 69.6424
3360, 60.277, 69.659
3361, 60.277, 69.659
3362, 60.3088, 69.6757
3363, 60.3483, 69.6924
3364, 60.3794, 69.709
3365, 60.4156, 69.7257
3366, 60.4507, 69.7424
3367, 60.4935, 69.759
3368, 60.5333, 69.7757
3369, 60.5631, 69.7924
3370, 60.5918, 69.809
3371, 60.626, 69.8257
3372, 60.664, 69.8424
3373, 60.7004, 69.859
3374, 60.7357, 69.8757
3375, 60.7712, 69.8924
3376, 60.8054, 69.909
3377, 60.8383, 69.9257
3378, 60.8702, 69.9424
3379, 60.9035, 69.959
3380, 60.9378, 69.9757
3381, 60.9726, 69.9924
3382, 61.007, 70.009
3383, 61.041, 70.0257
3384, 61.0739, 70.0424
3385, 61.1071, 70.059
3386, 61.1404, 70.0757
3387, 61.1734, 70.0924
3388, 61.2063, 70.109
3389, 61.239, 70.1257
3390, 61.2721, 70.1424
3391, 61.3053, 70.159
3392, 61.3384, 70.1757
3393, 61.3717, 70.1924
3394, 61.4053, 70.209
3395, 61.439, 70.2257
3396, 61.4722, 70.2424
3397, 61.505, 70.259
3398, 61.5385, 70.2757
3399, 61.5739, 70.2924
3400, 61.6092, 70.309
3401, 61.6437, 70.3257
3402, 61.6773, 70.3424
3403, 61.7114, 70.359
3404, 61.7462, 70.3757
3405, 61.7811, 70.3924
3406, 61.8158, 70.409
3407, 61.8005, 70.4257
3408, 61.7473, 70.4424
3409, 61.8213, 70.459
3410, 61.8604, 70.4757
3411, 61.8669, 70.4924
3412, 61.8947, 70.509
3413, 61.9284, 70.5257
3414, 61.9528, 70.5424
3415, 61.9528, 70.5424
3416, 61.9768, 70.559
3417, 62.0043, 70.5757
3418, 62.0307, 70.5924
3419, 62.0563, 70.609
3420, 62.0843, 70.6257
3421, 62.1128, 70.6424
3422, 62.1392, 70.659
3423, 62.1644, 70.6757
3424, 62.1912, 70.6924
3425, 62.2191, 70.709
3426, 62.2469, 70.7257
3427, 62.272, 70.7424
3428, 62.2957, 70.759
3429, 62.3205, 70.7757
3430, 62.3512, 70.7924
3431, 62.3831, 70.809
3432, 62.4127, 70.8257
3433, 62.4393, 70.8424
3434, 62.465, 70.859
3435, 62.4904, 70.8757
3436, 62.5161, 70.8924
3437, 62.5427, 70.909
3438, 62.5701, 70.9257
3439, 62.5979, 70.9424
3440, 62.6259, 70.959
3441, 62.654, 70.9757
3442, 62.654, 70.9757
3443, 62.6819, 70.9924
3444, 62.7094, 71.009
3445, 62.7367, 71.0257
3446, 62.7636, 71.0424
3447, 62.7904, 71.059
3448, 62.8173, 71.0757
3449, 62.8441, 71.0924
3450, 62.8743, 71.109
3451, 62.9055, 71.1257
3452, 62.9326, 71.1424
3453, 62.9521, 71.159
3454, 62.9756, 71.1757
3455, 63.008, 71.1924
3456, 63.0424, 71.209
3457, 63.0716, 71.2257
3458, 63.0957, 71.2424
3459, 63.1196, 71.259
3460, 63.1484, 71.2757
3461, 63.181, 71.2924
3462, 63.211, 71.309
3463, 63.2357, 71.3257
3464, 63.2357, 71.3257
3465, 63.2595, 71.3424
3466, 63.2859, 71.359
3467, 63.3142, 71.3757
3468, 63.3429, 71.3924
3469, 63.3716, 71.409
3470, 63.4004, 71.4257
3471, 63.4288, 71.4424
3472, 63.457, 71.459
3473, 63.4851, 71.4757
3474, 63.5131, 71.4924
3475, 63.5411, 71.509
3476, 63.569, 71.5257
3477, 63.597, 71.5424
3478, 63.625, 71.559
3479, 63.6531, 71.5757
3480, 63.6812, 71.5924
3481, 63.7094, 71.609
3482, 63.7094, 71.609
3483, 63.7376, 71.6257
3484, 63.7659, 71.6424
3485, 63.7941, 71.659
3486, 63.8225, 71.6757
3487, 63.8508, 71.6924
3488, 63.8793, 71.709
3489, 63.9077, 71.7257
3490, 63.9361, 71.7424
3491, 63.9643, 71.759
3492, 63.9924, 71.7757
3493, 64.0207, 71.7924
3494, 64.0493, 71.809
3495, 64.0781, 71.8257
3496, 64.1067, 71.8424
3497, 64.1352, 71.859
3498, 64.1352, 71.859
3499, 64.1635, 71.8757
3500, 64.1916, 71.8924
3501, 64.2198, 71.909
3502, 64.2479, 71.9257
3503, 64.276, 71.9424
3504, 64.3041, 71.959
3505, 64.3322, 71.9757
3506, 64.3604, 71.9924
3507, 64.3886, 72.009
3508, 64.4168, 72.0257
3509, 64.445, 72.0424
3510, 64.4732, 72.059
3511, 64.5014, 72.0757
3512, 64.5296, 72.0924
3513, 64.5296, 72.0924
3514, 64.5579, 72.109
3515, 64.5861, 72.1257
3516, 64.6144, 72.1424
3517, 64.6427, 72.159
3518, 64.671, 72.1757
3519, 64.6993, 72.1924
3520, 64.7272, 72.209
3521, 64.7533, 72.2257
3522, 64.7789, 72.2424
3523, 64.8057, 72.259
3524, 64.8355, 72.2757
3525, 64.8663, 72.2924
3526, 64.8962, 72.309
3527, 64.8962, 72.309
3528, 64.924, 72.3257
3529, 64.9506, 72.3424
3530, 64.9772, 72.359
3531, 65.0038, 72.3757
3532, 65.0303, 72.3924
3533, 65.0568, 72.409
3534, 65.0838, 72.4257
3535, 65.1117, 72.4424
3536, 65.14, 72.459
3537, 65.1684, 72.4757
3538, 65.1964, 72.4924
3539, 65.2242, 72.509
3540, 65.2242, 72.509
3541, 65.2519, 72.5257
3542, 65.2796, 72.5424
3543, 65.3072, 72.559
3544, 65.3348, 72.5757
3545, 65.3625, 72.5924
3546, 65.3903, 72.609
3547, 65.4179, 72.6257
3548, 65.4454, 72.6424
3549, 65.4727, 72.659
3550, 65.4984, 72.6757
3551, 65.5239, 72.6924
3552, 65.5239, 72.6924
3553, 65.5497, 72.709
3554, 65.5759, 72.7257
3555, 65.6028, 72.7424
3556, 65.625, 72.759
3557, 65.6479, 72.7757
3558, 65.6838, 72.7924
3559, 65.7078, 72.809
3560, 65.7312, 72.8257
3561, 65.7602, 72.8424
3562, 65.7862, 72.859
3563, 65.7862, 72.859
3564, 65.8136, 72.8757
3565, 65.836, 72.8924
3566, 65.8636, 72.909
3567, 65.8881, 72.9257
3568, 65.9137, 72.9424
3569, 65.9417, 72.959
3570, 65.971, 72.9757
3571, 65.9992, 72.9924
3572, 66.0257, 73.009
3573, 66.0519, 73.0257
3574, 66.0519, 73.0257
3575, 66.079, 73.0424
3576, 66.1032, 73.059
3577, 66.1266, 73.0757
3578, 66.1483, 73.0924
3579, 66.1849, 73.109
3580, 66.211, 73.1257
3581, 66.2422, 73.1424
3582, 66.2687, 73.159
3583, 66.2971, 73.1757
3584, 66.3269, 73.1924
3585, 66.3269, 73.1924
3586, 66.3502, 73.209
3587, 66.3826, 73.2257
3588, 66.4059, 73.2424
3589, 66.437, 73.259
3590, 66.4616, 73.2757
3591, 66.4916, 73.2924
3592, 66.518, 73.309
3593, 66.545, 73.3257
3594, 66.5739, 73.3424
3595, 66.5739, 73.3424
3596, 66.5993, 73.359
3597, 66.6291, 73.3757
3598, 66.6536, 73.3924
3599, 66.6829, 73.409
3600, 66.7076, 73.4257
3601, 66.7339, 73.4424
3602, 66.7604, 73.459
3603, 66.7866, 73.4757
3604, 66.8136, 73.4924
3605, 66.8136, 73.4924
3606, 66.8394, 73.509
3607, 66.8663, 73.5257
3608, 66.8918, 73.5424
3609, 66.9171, 73.559
3610, 66.9431, 73.5757
3611, 66.9696, 73.5924
3612, 66.9961, 73.609
3613, 67.0223, 73.6257
3614, 67.0482, 73.6424
3615, 67.0482, 73.6424
3616, 67.0728, 73.659
3617, 67.0941, 73.6757
3618, 67.1101, 73.6924
3619, 67.1206, 73.709
3620, 67.1264, 73.7257
3621, 67.1273, 73.7424
3622, 67.1252, 73.759
3623, 67.1176, 73.7757
3624, 67.1053, 73.7924
3625, 67.1053, 73.7924
3626, 67.0871, 73.809
3627, 67.0604, 73.8257
3628, 67.0229, 73.8424
3629, 66.972, 73.859
3630, 66.906, 73.8757
3631, 66.8222, 73.8924
3632, 66.7195, 73.909
3633, 66.5961, 73.9257
3634, 66.5961, 73.9257
3635, 66.4502, 73.9424
3636, 66.2859, 73.959
3637, 66.1107, 73.9757
3638, 65.9252, 73.9924
3639, 65.7059, 74.009
3640, 65.4536, 74.0257
3641, 65.2327, 74.0424
3642, 65.0019, 74.059
3643, 64.7497, 74.0757
3644, 64.4918, 74.0924
3645, 64.2288, 74.109
3646, 63.9564, 74.1257
3647, 63.9564, 74.1257
3648, 63.6764, 74.1424
3649, 63.3906, 74.159
3650, 63.0998, 74.1757
3651, 62.8037, 74.1924
3652, 62.5104, 74.209
3653, 62.2191, 74.2257
3654, 61.9258, 74.2424
3655, 61.6282, 74.259
3656, 61.2956, 74.2757
3657, 60.9666, 74.2924
3658, 60.6575, 74.309
3659, 60.3464, 74.3257
3660, 60.0314, 74.3424
3661, 59.7198, 74.359
3662, 59.4091, 74.3757
3663, 59.0988, 74.3924
3664, 58.7901, 74.409
3665, 58.4856, 74.4257
3666, 58.1807, 74.4424
3667, 57.8839, 74.459
3668, 57.5899, 74.4757
3669, 57.3093, 74.4924
3670, 57.0347, 74.509
3671, 56.7778, 74.5257
3672, 56.5314, 74.5424
3673, 56.0837, 74.5757
3674, 55.8784, 74.5924
3675, 55.6834, 74.609
3676, 55.4967, 74.6257
3677, 55.3167, 74.6424
3678, 55.1419, 74.659
3679, 54.9765, 74.6757
3680, 54.8154, 74.6924
3681, 54.6707, 74.709
3682, 54.5405, 74.7257
3683, 54.4128, 74.7424
3684, 54.2808, 74.759
3685, 53.9414, 74.7924
3686, 53.8229, 74.809
3687, 53.7096, 74.8257
3688, 53.5898, 74.8424
3689, 53.4691, 74.859
3690, 53.353, 74.8757
3691, 53.2438, 74.8924
3692, 53.1373, 74.909
3693, 52.9198, 74.9424
3694, 52.8119, 74.959
3695, 52.7055, 74.9757
3696, 52.5994, 74.9924
3697, 52.4918, 75.009
3698, 52.3817, 75.0257
3699, 52.2719, 75.0424
3700, 52.0566, 75.0757
3701, 51.9482, 75.0924
3702, 51.8392, 75.109
3703, 51.7309, 75.1257
3704, 51.6237, 75.1424
3705, 51.517, 75.159
3706, 51.3048, 75.1924
3707, 51.2001, 75.209
3708, 51.0967, 75.2257
3709, 50.995, 75.2424
3710, 50.8951, 75.259
3711, 50.7031, 75.2924
3712, 50.612, 75.309
3713, 50.5252, 75.3257
3714, 50.4436, 75.3424
3715, 50.368, 75.359
3716, 50.297, 75.3757
3717, 50.162, 75.409
3718, 50.096, 75.4257
3719, 50.0301, 75.4424
3720, 49.9648, 75.459
3721, 49.9015, 75.4757
3722, 49.7776, 75.509
3723, 49.7166, 75.5257
3724, 49.6623, 75.5424
3725, 49.6205, 75.559
3726, 49.5456, 75.5924
3727, 49.5109, 75.609
3728, 49.5218, 75.6257
3729, 49.5432, 75.6424
3730, 49.5377, 75.659
3731, 49.5282, 75.6924
3732, 49.5382, 75.709
3733, 49.5503, 75.7257
3734, 49.5636, 75.7424
3735, 49.5776, 75.759
3736, 49.6077, 75.7924
3737, 49.6218, 75.809
3738, 49.631, 75.8257
3739, 49.6416, 75.8424
3740, 49.6653, 75.8757
3741, 49.6787, 75.8924
3742, 49.7077, 75.909
3743, 49.7167, 75.9257
3744, 49.7426, 75.9424
3745, 49.7704, 75.9757
3746, 49.775, 75.9924
3747, 49.7688, 76.009
3748, 49.7694, 76.0257
3749, 49.7563, 76.0424
3750, 49.7584, 76.0757
3751, 49.7667, 76.0924
3752, 49.7605, 76.109
3753, 49.7508, 76.1257
3754, 49.7331, 76.1424
3755, 49.7094, 76.1757
3756, 49.6976, 76.1924
3757, 49.6949, 76.209
3758, 49.6846, 76.2257
3759, 49.6779, 76.259
3760, 49.6799, 76.2757
3761, 49.6738, 76.2924
3762, 49.6708, 76.309
3763, 49.6668, 76.3257
3764, 49.6618, 76.359
3765, 49.6436, 76.3757
3766, 49.6338, 76.3924
3767, 49.6209, 76.409
3768, 49.6141, 76.4257
3769, 49.6083, 76.459
3770, 49.6117, 76.4757
3771, 49.6181, 76.4924
3772, 49.6275, 76.509
3773, 49.6404, 76.5257
3774, 49.6815, 76.559
3775, 49.7093, 76.5757
3776, 49.7399, 76.5924
3777, 49.7726, 76.609
3778, 49.8072, 76.6257
3779, 49.8807, 76.659
3780, 49.9187, 76.6757
3781, 49.9568, 76.6924
3782, 49.9951, 76.709
3783, 50.034, 76.7257
3784, 50.1155, 76.759
3785, 50.1592, 76.7757
3786, 50.2052, 76.7924
3787, 50.2528, 76.809
3788, 50.3018, 76.8257
3789, 50.4012, 76.859
3790, 50.4507, 76.8757
3791, 50.5007, 76.8924
3792, 50.553, 76.909
3793, 50.6024, 76.9257
3794, 50.7073, 76.959
3795, 50.765, 76.9757
3796, 50.8247, 76.9924
3797, 50.878, 77.009
3798, 50.9249, 77.0257
3799, 51.0257, 77.059
3800, 51.0885, 77.0757
3801, 51.1544, 77.0924
3802, 51.2173, 77.109
3803, 51.2748, 77.1257
3804, 51.2803, 77.1424
3805, 51.3297, 77.1757
3806, 51.4065, 77.1924
3807, 51.4323, 77.209
3808, 51.4751, 77.2257
3809, 51.5276, 77.2424
3810, 51.5707, 77.259
3811, 51.6538, 77.2924
3812, 51.6964, 77.309
3813, 51.7381, 77.3257
3814, 51.7804, 77.3424
3815, 51.8197, 77.359
3816, 51.8582, 77.3757
3817, 51.9352, 77.409
3818, 51.9835, 77.4257
3819, 52.0228, 77.4424
3820, 52.0707, 77.459
3821, 52.1083, 77.4757
3822, 52.1541, 77.4924
3823, 52.2362, 77.5257
3824, 52.2792, 77.5424
3825, 52.314, 77.559
3826, 52.3637, 77.5757
3827, 52.3987, 77.5924
3828, 52.4537, 77.609
3829, 52.4946, 77.6257
3830, 52.5839, 77.659
3831, 52.6251, 77.6757
3832, 52.6757, 77.6924
3833, 52.7169, 77.709
3834, 52.7709, 77.7257
3835, 52.8122, 77.7424
3836, 52.8647, 77.759
3837, 52.9621, 77.7924
3838, 53.0178, 77.809
3839, 53.0678, 77.8257
3840, 53.1283, 77.8424
3841, 53.1766, 77.859
3842, 53.24, 77.8757
3843, 53.2912, 77.8924
3844, 53.4092, 77.9257
3845, 53.4652, 77.9424
3846, 53.5276, 77.959
3847, 53.5817, 77.9757
3848, 53.6462, 77.9924
3849, 53.6996, 78.009
3850, 53.7646, 78.0257
3851, 53.8197, 78.0424
3852, 53.9419, 78.0757
3853, 54.0019, 78.0924
3854, 54.0648, 78.109
3855, 54.1203, 78.1257
3856, 54.1875, 78.1424
3857, 54.2425, 78.159
3858, 54.3099, 78.1757
3859, 54.3666, 78.1924
3860, 54.4322, 78.209
3861, 54.5563, 78.2424
3862, 54.6177, 78.259
3863, 54.6781, 78.2757
3864, 54.7424, 78.2924
3865, 54.8004, 78.309
3866, 54.8664, 78.3257
3867, 54.9224, 78.3424
3868, 54.9887, 78.359
3869, 55.0452, 78.3757
3870, 55.1095, 78.3924
3871, 55.2178, 78.4257
3872, 55.2623, 78.4424
3873, 55.2897, 78.459
3874, 55.2963, 78.4757
3875, 55.2713, 78.4924
3876, 55.2232, 78.509
3877, 55.1546, 78.5257
3878, 55.0882, 78.5424
3879, 54.9953, 78.559
3880, 54.8522, 78.5757
3881, 54.7341, 78.5924
3882, 54.5171, 78.6257
3883, 54.3754, 78.6424
3884, 54.2236, 78.659
3885, 54.0624, 78.6757
3886, 53.8919, 78.6924
3887, 53.7049, 78.709
3888, 53.5139, 78.7257
3889, 53.3093, 78.7424
3890, 53.0998, 78.759
3891, 52.6562, 78.7924
3892, 52.4356, 78.809
3893, 52.2048, 78.8257
3894, 51.9762, 78.8424
3895, 51.7453, 78.859
3896, 51.4916, 78.8757
3897, 50.9912, 78.909
3898, 50.7163, 78.9257
3899, 50.4405, 78.9424
3900, 50.1677, 78.959
3901, 49.9155, 78.9757
3902, 49.6678, 78.9924
3903, 49.1377, 79.0257
3904, 48.8751, 79.0424
3905, 48.6394, 79.059
3906, 48.4111, 79.0757
3907, 47.9606, 79.109
3908, 47.748, 79.1257
3909, 47.539, 79.1424
3910, 47.3333, 79.159
3911, 46.9504, 79.1924
3912, 46.7762, 79.209
3913, 46.6089, 79.2257
3914, 46.4504, 79.2424
3915, 46.1615, 79.2757
3916, 46.0222, 79.2924
3917, 45.888, 79.309
3918, 45.6251, 79.3424
3919, 45.5021, 79.359
3920, 45.3953, 79.3757
3921, 45.1944, 79.409
3922, 45.0867, 79.4257
3923, 44.9378, 79.4424
3924, 44.657, 79.4757
3925, 44.5424, 79.4924
3926, 44.424, 79.509
3927, 44.1757, 79.5424
3928, 44.0546, 79.559
3929, 43.9373, 79.5757
3930, 43.7124, 79.609
3931, 43.605, 79.6257
3932, 43.401, 79.659
3933, 43.3032, 79.6757
3934, 43.208, 79.6924
3935, 43.0246, 79.7257
3936, 42.9353, 79.7424
3937, 42.8463, 79.759
3938, 42.6684, 79.7924
3939, 42.5791, 79.809
3940, 42.3978, 79.8424
3941, 42.3056, 79.859
3942, 42.2124, 79.8757
3943, 42.0254, 79.909
3944, 41.932, 79.9257
3945, 41.7453, 79.959
3946, 41.6527, 79.9757
3947, 41.474, 80.009
3948, 41.3897, 80.0257
3949, 41.3091, 80.0424
3950, 41.1554, 80.0757
3951, 41.0823, 80.0924
3952, 40.9466, 80.1257
3953, 40.8836, 80.1424
3954, 40.7575, 80.1757
3955, 40.6963, 80.1924
3956, 40.5831, 80.2257
3957, 40.5189, 80.2424
3958, 40.3881, 80.2757
3959, 40.3188, 80.2924
3960, 40.1932, 80.3257
3961, 40.1377, 80.3424
3962, 40.0101, 80.3757
3963, 39.9503, 80.3924
3964, 39.8483, 80.4257
3965, 39.7951, 80.4424
3966, 39.6952, 80.4757
3967, 39.6515, 80.509
3968, 39.6173, 80.5257
3969, 39.5629, 80.559
3970, 39.5458, 80.5757
3971, 39.5116, 80.609
3972, 39.4959, 80.6257
3973, 39.4745, 80.659
3974, 39.464, 80.6757
3975, 39.4375, 80.709
3976, 39.4252, 80.7257
3977, 39.4058, 80.759
3978, 39.3953, 80.7757
3979, 39.3634, 80.809
3980, 39.3302, 80.8424
3981, 39.3181, 80.859
3982, 39.3065, 80.8924
3983, 39.3091, 80.909
3984, 39.3406, 80.9424
3985, 39.3719, 80.959
3986, 39.4674, 80.9924
3987, 39.5269, 81.009
3988, 39.6578, 81.0424
3989, 39.7262, 81.059
3990, 39.8671, 81.0924
3991, 39.9398, 81.109
3992, 40.0873, 81.1424
3993, 40.2367, 81.1757
3994, 40.3104, 81.1924
3995, 40.4536, 81.2257
3996, 40.5238, 81.2424
3997, 40.6694, 81.2757
3998, 40.7412, 81.2924
3999, 40.8761, 81.3257
4000, 40.9489, 81.3424
4001, 41.0947, 81.3757
4002, 41.1785, 81.3924
4003, 41.3303, 81.4257
4004, 41.4122, 81.4424
4005, 41.4856, 81.459
4006, 41.6402, 81.4924
4007, 41.713, 81.509
4008, 41.8623, 81.5424
4009, 41.9321, 81.559
4010, 42.0973, 81.5924
4011, 42.1701, 81.609
4012, 42.3405, 81.6424
4013, 42.4095, 81.659
4014, 42.4873, 81.6757
4015, 42.6326, 81.709
4016, 42.7227, 81.7257
4017, 42.8966, 81.759
4018, 42.981, 81.7757
4019, 43.1256, 81.809
4020, 43.2099, 81.8257
4021, 43.2946, 81.8424
4022, 43.4658, 81.8757
4023, 43.5502, 81.8924
4024, 43.7212, 81.9257
4025, 43.8024, 81.9424
4026, 43.8836, 81.959
4027, 44.0526, 81.9924
4028, 44.135, 82.009
4029, 44.2239, 82.0257
4030, 44.3868, 82.059
4031, 44.4749, 82.0757
4032, 44.6387, 82.109
4033, 44.6592, 82.1257
4034, 44.6203, 82.1424
4035, 44.8603, 82.1757
4036, 44.9235, 82.1924
4037, 44.9696, 82.209
4038, 45.1032, 82.2424
4039, 45.1853, 82.259
4040, 45.2493, 82.2757
4041, 45.3887, 82.309
4042, 45.4547, 82.3257
4043, 45.5278, 82.3424
4044, 45.6515, 82.3757
4045, 45.7231, 82.3924
4046, 45.7857, 82.409
4047, 45.9313, 82.4424
4048, 45.9975, 82.459
4049, 46.0762, 82.4757
4050, 46.1492, 82.4924
4051, 46.2948, 82.5257
4052, 46.3569, 82.5424
4053, 46.4221, 82.559
4054, 46.5511, 82.5924
4055, 46.6263, 82.609
4056, 46.6939, 82.6257
4057, 46.8501, 82.659
4058, 46.9227, 82.6757
4059, 46.999, 82.6924
4060, 47.0691, 82.709
4061, 47.1943, 82.7424
4062, 47.2453, 82.759
4063, 47.3126, 82.7757
4064, 47.3815, 82.7924
4065, 47.5278, 82.8257
4066, 47.6021, 82.8424
4067, 47.6834, 82.859
4068, 47.7617, 82.8757
4069, 47.9045, 82.909
4070, 47.9712, 82.9257
4071, 48.0395, 82.9424
4072, 48.1075, 82.959
4073, 48.2398, 82.9924
4074, 48.3034, 83.009
4075, 48.3732, 83.0257
4076, 48.4497, 83.0424
4077, 48.5954, 83.0757
4078, 48.6646, 83.0924
4079, 48.7366, 83.109
4080, 48.8093, 83.1257
4081, 48.8093, 83.1257
4082, 49.0225, 83.1757
4083, 49.096, 83.1924
4084, 49.1664, 83.209
4085, 49.2337, 83.2257
4086, 49.364, 83.259
4087, 49.4312, 83.2757
4088, 49.5008, 83.2924
4089, 49.5724, 83.309
4090, 49.7141, 83.3424
4091, 49.7835, 83.359
4092, 49.8523, 83.3757
4093, 49.9203, 83.3924
4094, 49.9879, 83.409
4095, 50.1227, 83.4424
4096, 50.191, 83.459
4097, 50.2591, 83.4757
4098, 50.3273, 83.4924
4099, 50.3954, 83.509
4100, 50.5288, 83.5424
4101, 50.5952, 83.559
4102, 50.6619, 83.5757
4103, 50.6619, 83.5757
4104, 50.7965, 83.609
4105, 50.8649, 83.6257
4106, 51.0002, 83.659
4107, 51.0661, 83.6757
4108, 51.1311, 83.6924
4109, 51.1965, 83.709
4110, 51.2625, 83.7257
4111, 51.3971, 83.759
4112, 51.4644, 83.7757
4113, 51.5308, 83.7924
4114, 51.5965, 83.809
4115, 51.6626, 83.8257
4116, 51.7284, 83.8424
4117, 51.7932, 83.859
4118, 51.9158, 83.8924
4119, 51.9756, 83.909
4120, 52.0368, 83.9257
4121, 52.1025, 83.9424
4122, 52.173, 83.959
4123, 52.2456, 83.9757
4124, 52.3848, 84.009
4125, 52.4496, 84.0257
4126, 52.5137, 84.0424
4127, 52.5785, 84.059
4128, 52.6435, 84.0757
4129, 52.7082, 84.0924
4130, 52.7728, 84.109
4131, 52.9021, 84.1424
4132, 52.9669, 84.159
4133, 53.0316, 84.1757
4134, 53.0962, 84.1924
4135, 53.1608, 84.209
4136, 53.2254, 84.2257
4137, 53.2898, 84.2424
4138, 53.3542, 84.259
4139, 53.4826, 84.2924
4140, 53.5464, 84.309
4141, 53.6097, 84.3257
4142, 53.6732, 84.3424
4143, 53.7358, 84.359
4144, 53.7825, 84.3757
4145, 53.8213, 84.3924
4146, 53.8557, 84.409
4147, 53.8159, 84.4424
4148, 53.9024, 84.459
4149, 53.99, 84.4757
4150, 54.0325, 84.4924
4151, 54.0325, 84.4924
4152, 54.1369, 84.5257
4153, 54.2007, 84.5424
4154, 54.2486, 84.559
4155, 54.2895, 84.5757
4156, 54.3996, 84.609
4157, 54.4629, 84.6257
4158, 54.5218, 84.6424
4159, 54.5743, 84.659
4160, 54.6236, 84.6757
4161, 54.6731, 84.6924
4162, 54.7226, 84.709
4163, 54.7719, 84.7257
4164, 54.8228, 84.7424
4165, 54.8766, 84.759
4166, 54.932, 84.7757
4167, 55.045, 84.809
4168, 55.104, 84.8257
4169, 55.1606, 84.8424
4170, 55.2126, 84.859
4171, 55.2592, 84.8757
4172, 55.3085, 84.8924
4173, 55.3623, 84.909
4174, 55.4172, 84.9257
4175, 55.4698, 84.9424
4176, 55.5207, 84.959
4177, 55.5725, 84.9757
4178, 55.6792, 85.009
4179, 55.7326, 85.0257
4180, 55.7858, 85.0424
4181, 55.8389, 85.059
4182, 55.8918, 85.0757
4183, 55.9445, 85.0924
4184, 55.997, 85.109
4185, 56.0494, 85.1257
4186, 56.1017, 85.1424
4187, 56.1538, 85.159
4188, 56.2059, 85.1757
4189, 56.258, 85.1924
4190, 56.3099, 85.209
4191, 56.3618, 85.2257
4192, 56.3618, 85.2257
4193, 56.5171, 85.2757
4194, 56.5687, 85.2924
4195, 56.6202, 85.309
4196, 56.6716, 85.3257
4197, 56.723, 85.3424
4198, 56.7742, 85.359
4199, 56.8254, 85.3757
4200, 56.8764, 85.3924
4201, 56.9274, 85.409
4202, 56.9783, 85.4257
4203, 57.0291, 85.4424
4204, 57.0799, 85.459
4205, 57.1305, 85.4757
4206, 57.1811, 85.4924
4207, 57.2316, 85.509
4208, 57.2819, 85.5257
4209, 57.3322, 85.5424
4210, 57.3824, 85.559
4211, 57.4826, 85.5924
4212, 57.5325, 85.609
4213, 57.5824, 85.6257
4214, 57.6322, 85.6424
4215, 57.6818, 85.659
4216, 57.7314, 85.6757
4217, 57.7809, 85.6924
4218, 57.8304, 85.709
4219, 57.8797, 85.7257
4220, 57.9289, 85.7424
4221, 57.9781, 85.759
4222, 58.0273, 85.7757
4223, 58.0765, 85.7924
4224, 58.1254, 85.809
4225, 58.174, 85.8257
4226, 58.2225, 85.8424
4227, 58.2709, 85.859
4228, 58.3195, 85.8757
4229, 58.3681, 85.8924
4230, 58.4166, 85.909
4231, 58.4652, 85.9257
4232, 58.5136, 85.9424
4233, 58.562, 85.959
4234, 58.6102, 85.9757
4235, 58.6583, 85.9924
4236, 58.7064, 86.009
4237, 58.7543, 86.0257
4238, 58.8021, 86.0424
4239, 58.8498, 86.059
4240, 58.8974, 86.0757
4241, 58.9448, 86.0924
4242, 58.9922, 86.109
4243, 59.0866, 86.1424
4244, 59.1336, 86.159
4245, 59.1806, 86.1757
4246, 59.2274, 86.1924
4247, 59.2741, 86.209
4248, 59.3207, 86.2257
4249, 59.3672, 86.2424
4250, 59.4135, 86.259
4251, 59.4599, 86.2757
4252, 59.5061, 86.2924
4253, 59.5523, 86.309
4254, 59.5983, 86.3257
4255, 59.6439, 86.3424
4256, 59.6895, 86.359
4257, 59.735, 86.3757
4258, 59.7806, 86.3924
4259, 59.826, 86.409
4260, 59.8714, 86.4257
4261, 59.9166, 86.4424
4262, 59.9618, 86.459
4263, 60.0069, 86.4757
4264, 60.0519, 86.4924
4265, 60.0967, 86.509
4266, 60.1415, 86.5257
4267, 60.1862, 86.5424
4268, 60.2307, 86.559
4269, 60.2752, 86.5757
4270, 60.3195, 86.5924
4271, 60.3638, 86.609
4272, 60.4079, 86.6257
4273, 60.452, 86.6424
4274, 60.4959, 86.659
4275, 60.5398, 86.6757
4276, 60.5835, 86.6924
4277, 60.6272, 86.709
4278, 60.6707, 86.7257
4279, 60.7142, 86.7424
4280, 60.7575, 86.759
4281, 60.8008, 86.7757
4282, 60.8439, 86.7924
