0, 47.81, 108.544
1, 47.85, 108.56
2, 47.89, 108.577
3, 47.97, 108.61
4, 48.01, 108.627
5, 48.05, 108.644
6, 48.08, 108.66
7, 48.16, 108.694
8, 48.2, 108.71
9, 48.24, 108.727
10, 48.28, 108.744
11, 48.37, 108.777
12, 48.41, 108.794
13, 48.45, 108.81
14, 48.49, 108.827
15, 48.56, 108.86
16, 48.6, 108.877
17, 48.64, 108.894
18, 48.68, 108.91
19, 48.72, 108.927
20, 48.8, 108.96
21, 48.84, 108.977
22, 48.88, 108.994
23, 48.92, 109.01
24, 49, 109.044
25, 49.04, 109.06
26, 49.08, 109.077
27, 49.12, 109.094
28, 49.16, 109.11
29, 49.23, 109.144
30, 49.27, 109.16
31, 49.31, 109.177
32, 49.35, 109.194
33, 49.43, 109.227
34, 49.47, 109.244
35, 49.51, 109.26
36, 49.55, 109.277
37, 49.59, 109.294
38, 49.66, 109.327
39, 49.7, 109.344
40, 49.74, 109.36
41, 49.77, 109.377
42, 49.81, 109.394
43, 49.89, 109.427
44, 49.94, 109.444
45, 49.98, 109.46
46, 50.02, 109.477
47, 50.06, 109.494
48, 50.13, 109.527
49, 50.17, 109.544
50, 50.2, 109.56
51, 50.24, 109.577
52, 50.28, 109.594
53, 50.35, 109.627
54, 50.39, 109.644
55, 50.43, 109.66
56, 50.47, 109.677
57, 50.51, 109.694
58, 50.59, 109.727
59, 50.62, 109.744
60, 50.66, 109.76
61, 50.7, 109.777
62, 50.74, 109.794
63, 50.81, 109.827
64, 50.85, 109.844
65, 50.89, 109.86
66, 50.92, 109.877
67, 50.96, 109.894
68, 51, 109.91
69, 51.07, 1.428
70, 51.11, 1.445
71, 51.15, 1.461
72, 51.19, 1.478
73, 51.22, 1.495
74, 51.26, 1.511
75, 51.33, 1.545
76, 51.37, 1.561
77, 51.41, 1.578
78, 51.45, 1.595
79, 51.48, 1.611
80, 51.52, 1.628
81, 51.59, 1.661
82, 51.63, 1.678
83, 51.66, 1.695
84, 51.7, 1.711
85, 51.74, 1.728
86, 51.77, 1.745
87, 51.85, 1.778
88, 51.88, 1.795
89, 51.92, 1.811
90, 51.96, 1.828
91, 51.99, 1.845
92, 52.03, 1.861
93, 52.1, 1.895
94, 52.13, 1.911
95, 52.17, 1.928
96, 52.21, 1.945
97, 52.24, 1.961
98, 52.28, 1.978
99, 52.31, 1.995
100, 52.38, 2.028
101, 52.41, 2.045
102, 52.45, 2.061
103, 52.48, 2.078
104, 52.52, 2.095
105, 52.56, 2.111
106, 52.6, 2.128
107, 52.67, 2.161
108, 52.7, 2.178
109, 52.74, 2.195
110, 52.77, 2.211
111, 52.81, 2.228
112, 52.85, 2.245
113, 52.88, 2.261
114, 52.95, 2.295
115, 52.98, 2.311
116, 53.02, 2.328
117, 53.05, 2.345
118, 53.09, 2.361
119, 53.12, 2.378
120, 53.16, 2.395
121, 53.19, 2.411
122, 53.26, 2.445
123, 53.29, 2.461
124, 53.33, 2.478
125, 53.36, 2.495
126, 53.4, 2.511
127, 53.43, 2.528
128, 53.47, 2.545
129, 53.5, 2.561
130, 53.57, 2.595
131, 53.61, 2.611
132, 53.64, 2.628
133, 53.68, 2.645
134, 53.71, 2.661
135, 53.74, 2.678
136, 53.78, 2.695
137, 53.82, 2.711
138, 53.85, 2.728
139, 53.91, 2.761
140, 53.95, 2.778
141, 53.98, 2.795
142, 54.01, 2.811
143, 54.05, 2.828
144, 54.08, 2.845
145, 54.11, 2.861
146, 54.15, 2.878
147, 54.18, 2.895
148, 54.25, 2.928
149, 54.28, 2.945
150, 54.32, 2.961
151, 54.35, 2.978
152, 54.38, 2.995
153, 54.41, 3.011
154, 54.45, 3.028
155, 54.48, 3.045
156, 54.51, 3.061
157, 54.58, 3.095
158, 54.62, 3.111
159, 54.65, 3.128
160, 54.68, 3.145
161, 54.72, 3.161
162, 54.75, 3.178
163, 54.78, 3.195
164, 54.81, 3.211
165, 54.84, 3.228
166, 54.87, 3.245
167, 54.91, 3.261
168, 54.97, 3.295
169, 55, 3.311
170, 55.04, 3.328
171, 55.07, 3.345
172, 55.1, 3.361
173, 55.13, 3.378
174, 55.17, 3.395
175, 55.2, 3.411
176, 55.23, 3.428
177, 55.27, 3.445
178, 55.3, 3.461
179, 55.37, 3.495
180, 55.4, 3.511
181, 55.43, 3.528
182, 55.46, 3.545
183, 55.5, 3.561
184, 55.53, 3.578
185, 55.56, 3.595
186, 55.59, 3.611
187, 55.62, 3.628
188, 55.65, 3.645
189, 55.69, 3.661
190, 55.72, 3.678
191, 55.78, 3.711
192, 55.81, 3.728
193, 55.85, 3.745
194, 55.88, 3.761
195, 55.91, 3.778
196, 55.94, 3.795
197, 55.97, 3.811
198, 56, 3.828
199, 56.03, 3.845
200, 56.06, 3.861
201, 56.09, 3.878
202, 56.12, 3.895
203, 56.15, 3.911
204, 56.19, 3.928
205, 56.25, 3.961
206, 56.28, 3.978
207, 56.31, 3.995
208, 56.34, 4.011
209, 56.37, 4.028
210, 56.4, 4.045
211, 56.44, 4.061
212, 56.47, 4.078
213, 56.51, 4.095
214, 56.54, 4.111
215, 56.58, 4.128
216, 56.6, 4.145
217, 56.63, 4.161
218, 56.65, 4.178
219, 56.68, 4.195
220, 56.71, 4.211
221, 56.77, 4.245
222, 56.8, 4.261
223, 56.82, 4.278
224, 56.85, 4.295
225, 56.88, 4.311
226, 56.91, 4.328
227, 56.94, 4.345
228, 56.97, 4.361
229, 57, 4.378
230, 57.03, 4.395
231, 57.06, 4.411
232, 57.09, 4.428
233, 57.12, 4.445
234, 57.16, 4.461
235, 57.19, 4.478
236, 57.22, 4.495
237, 57.25, 4.511
238, 57.28, 4.528
239, 57.31, 4.545
240, 57.36, 4.578
241, 57.39, 4.595
242, 57.41, 4.611
243, 57.44, 4.628
244, 57.47, 4.645
245, 57.5, 4.661
246, 57.53, 4.678
247, 57.56, 4.695
248, 57.59, 4.711
249, 57.62, 4.728
250, 57.64, 4.745
251, 57.67, 4.761
252, 57.7, 4.778
253, 57.73, 4.795
254, 57.72, 4.811
255, 57.69, 4.828
256, 57.8, 4.845
257, 57.83, 4.861
258, 57.78, 4.878
259, 57.83, 4.895
260, 57.89, 4.911
261, 57.88, 4.928
262, 57.89, 4.945
263, 57.93, 4.961
264, 57.96, 4.978
265, 58.01, 5.011
266, 58.04, 5.028
267, 58.05, 5.045
268, 58.07, 5.061
269, 58.1, 5.078
270, 58.12, 5.095
271, 58.14, 5.111
272, 58.16, 5.128
273, 58.19, 5.145
274, 58.21, 5.161
275, 58.24, 5.178
276, 58.26, 5.195
277, 58.28, 5.211
278, 58.31, 5.228
279, 58.33, 5.245
280, 58.36, 5.261
281, 58.38, 5.278
282, 58.4, 5.295
283, 58.42, 5.311
284, 58.45, 5.328
285, 58.47, 5.345
286, 58.49, 5.361
287, 58.52, 5.378
288, 58.54, 5.395
289, 58.57, 5.411
290, 58.59, 5.428
291, 58.61, 5.445
292, 58.63, 5.461
293, 58.66, 5.478
294, 58.68, 5.495
295, 58.7, 5.511
296, 58.73, 5.528
297, 58.75, 5.545
298, 58.77, 5.561
299, 58.8, 5.578
300, 58.82, 5.595
301, 58.84, 5.611
302, 58.89, 5.645
303, 58.91, 5.661
304, 58.93, 5.678
305, 58.95, 5.695
306, 58.97, 5.711
307, 59, 5.728
308, 59.02, 5.745
309, 59.04, 5.761
310, 59.07, 5.778
311, 59.09, 5.795
312, 59.11, 5.811
313, 59.13, 5.828
314, 59.15, 5.845
315, 59.17, 5.861
316, 59.19, 5.878
317, 59.21, 5.895
318, 59.23, 5.911
319, 59.26, 5.928
320, 59.28, 5.945
321, 59.31, 5.961
322, 59.33, 5.978
323, 59.35, 5.995
324, 59.37, 6.011
325, 59.38, 6.028
326, 59.41, 6.045
327, 59.43, 6.061
328, 59.45, 6.078
329, 59.47, 6.095
330, 59.5, 6.111
331, 59.52, 6.128
332, 59.54, 6.145
333, 59.56, 6.161
334, 59.58, 6.178
335, 59.6, 6.195
336, 59.62, 6.211
337, 59.64, 6.228
338, 59.66, 6.245
339, 59.68, 6.261
340, 59.7, 6.278
341, 59.72, 6.295
342, 59.74, 6.311
343, 59.76, 6.328
344, 59.78, 6.345
345, 59.8, 6.361
346, 59.83, 6.378
347, 59.85, 6.395
348, 59.87, 6.411
349, 59.89, 6.428
350, 59.91, 6.445
351, 59.93, 6.461
352, 59.95, 6.478
353, 59.97, 6.495
354, 59.99, 6.511
355, 60.02, 6.528
356, 60.04, 6.545
357, 60.06, 6.561
358, 60.08, 6.578
359, 60.1, 6.595
360, 60.12, 6.611
361, 60.14, 6.628
362, 60.16, 6.645
363, 60.18, 6.661
364, 60.2, 6.678
365, 60.22, 6.695
366, 60.24, 6.711
367, 60.26, 6.728
368, 60.28, 6.745
369, 60.3, 6.761
370, 60.32, 6.778
371, 60.34, 6.795
372, 60.36, 6.811
373, 60.38, 6.828
374, 60.4, 6.845
375, 60.42, 6.861
376, 60.44, 6.878
377, 60.46, 6.895
378, 60.48, 6.911
379, 60.5, 6.928
380, 60.52, 6.945
381, 60.54, 6.961
382, 60.56, 6.978
383, 60.58, 6.995
384, 60.6, 7.011
385, 60.62, 7.028
386, 60.64, 7.045
387, 60.66, 7.061
388, 60.68, 7.078
389, 60.7, 7.095
390, 60.72, 7.111
391, 60.74, 7.128
392, 60.76, 7.145
393, 60.78, 7.161
394, 60.8, 7.178
395, 60.82, 7.195
396, 60.84, 7.211
397, 60.86, 7.228
398, 60.88, 7.245
399, 60.9, 7.261
400, 60.92, 7.278
401, 60.94, 7.295
402, 60.95, 7.311
403, 60.98, 7.328
404, 61, 7.345
405, 61.02, 7.361
406, 61.04, 7.378
407, 61.06, 7.395
408, 61.08, 7.411
409, 61.08, 7.411
410, 61.1, 7.428
411, 61.12, 7.445
412, 61.14, 7.461
413, 61.16, 7.478
414, 61.18, 7.495
415, 61.2, 7.511
416, 61.22, 7.528
417, 61.23, 7.545
418, 61.25, 7.561
419, 61.27, 7.578
420, 61.3, 7.595
421, 61.32, 7.611
422, 61.34, 7.628
423, 61.35, 7.645
424, 61.37, 7.661
425, 61.39, 7.678
426, 61.41, 7.695
427, 61.43, 7.711
428, 61.45, 7.728
429, 61.47, 7.745
430, 61.49, 7.761
431, 61.5, 7.778
432, 61.52, 7.795
433, 61.54, 7.811
434, 61.56, 7.828
435, 61.58, 7.845
436, 61.6, 7.861
437, 61.62, 7.878
438, 61.63, 7.895
439, 61.65, 7.911
440, 61.67, 7.928
441, 61.69, 7.945
442, 61.71, 7.961
443, 61.73, 7.978
444, 61.75, 7.995
445, 61.77, 8.011
446, 61.78, 8.028
447, 61.8, 8.045
448, 61.82, 8.061
449, 61.84, 8.078
450, 61.86, 8.095
451, 61.86, 8.095
452, 61.87, 8.111
453, 61.89, 8.128
454, 61.91, 8.145
455, 61.93, 8.161
456, 61.94, 8.178
457, 61.96, 8.195
458, 61.98, 8.211
459, 62, 8.228
460, 62.01, 8.245
461, 62.03, 8.261
462, 62.05, 8.278
463, 62.07, 8.295
464, 62.08, 8.311
465, 62.1, 8.328
466, 62.12, 8.345
467, 62.14, 8.361
468, 62.16, 8.378
469, 62.18, 8.395
470, 62.2, 8.411
471, 62.22, 8.428
472, 62.24, 8.445
473, 62.26, 8.461
474, 62.27, 8.478
475, 62.29, 8.495
476, 62.3, 8.511
477, 62.32, 8.528
478, 62.33, 8.545
479, 62.35, 8.561
480, 62.35, 8.561
481, 62.37, 8.578
482, 62.38, 8.595
483, 62.4, 8.611
484, 62.42, 8.628
485, 62.44, 8.645
486, 62.46, 8.661
487, 62.48, 8.678
488, 62.49, 8.695
489, 62.51, 8.711
490, 62.53, 8.728
491, 62.54, 8.745
492, 62.56, 8.761
493, 62.58, 8.778
494, 62.6, 8.795
495, 62.61, 8.811
496, 62.63, 8.828
497, 62.64, 8.845
498, 62.66, 8.861
499, 62.68, 8.878
500, 62.7, 8.895
501, 62.72, 8.911
502, 62.73, 8.928
503, 62.75, 8.945
504, 62.76, 8.961
505, 62.76, 8.961
506, 62.78, 8.978
507, 62.8, 8.995
508, 62.81, 9.011
509, 62.83, 9.028
510, 62.85, 9.045
511, 62.87, 9.061
512, 62.89, 9.078
513, 62.9, 9.095
514, 62.92, 9.111
515, 62.93, 9.128
516, 62.95, 9.145
517, 62.97, 9.161
518, 62.98, 9.178
519, 63, 9.195
520, 63.02, 9.211
521, 63.04, 9.228
522, 63.06, 9.245
523, 63.07, 9.261
524, 63.09, 9.278
525, 63.11, 9.295
526, 63.11, 9.295
527, 63.12, 9.311
528, 63.14, 9.328
529, 63.15, 9.345
530, 63.17, 9.361
531, 63.18, 9.378
532, 63.2, 9.395
533, 63.22, 9.411
534, 63.23, 9.428
535, 63.25, 9.445
536, 63.26, 9.461
537, 63.28, 9.478
538, 63.29, 9.495
539, 63.31, 9.511
540, 63.33, 9.528
541, 63.34, 9.545
542, 63.36, 9.561
543, 63.38, 9.578
544, 63.4, 9.595
545, 63.4, 9.595
546, 63.41, 9.611
547, 63.42, 9.628
548, 63.44, 9.645
549, 63.45, 9.661
550, 63.47, 9.678
551, 63.48, 9.695
552, 63.5, 9.711
553, 63.51, 9.728
554, 63.53, 9.745
555, 63.55, 9.761
556, 63.57, 9.778
557, 63.58, 9.795
558, 63.6, 9.811
559, 63.62, 9.828
560, 63.63, 9.845
561, 63.65, 9.861
562, 63.66, 9.878
563, 63.66, 9.878
564, 63.68, 9.895
565, 63.69, 9.911
566, 63.71, 9.928
567, 63.73, 9.945
568, 63.74, 9.961
569, 63.75, 9.978
570, 63.77, 9.995
571, 63.78, 10.011
572, 63.8, 10.028
573, 63.81, 10.045
574, 63.83, 10.061
575, 63.85, 10.078
576, 63.86, 10.095
577, 63.87, 10.111
578, 63.89, 10.128
579, 63.91, 10.145
580, 63.91, 10.145
581, 63.92, 10.161
582, 63.94, 10.178
583, 63.96, 10.195
584, 63.97, 10.211
585, 63.99, 10.228
586, 64, 10.245
587, 64.02, 10.261
588, 64.03, 10.278
589, 64.04, 10.295
590, 64.06, 10.311
591, 64.07, 10.328
592, 64.09, 10.345
593, 64.11, 10.361
594, 64.12, 10.378
595, 64.14, 10.395
596, 64.14, 10.395
597, 64.15, 10.411
598, 64.17, 10.428
599, 64.18, 10.445
600, 64.2, 10.461
601, 64.21, 10.478
602, 64.22, 10.495
603, 64.24, 10.511
604, 64.25, 10.528
605, 64.27, 10.545
606, 64.29, 10.561
607, 64.3, 10.578
608, 64.31, 10.595
609, 64.33, 10.611
610, 64.35, 10.628
611, 64.35, 10.628
612, 64.36, 10.645
613, 64.37, 10.661
614, 64.39, 10.678
615, 64.4, 10.695
616, 64.42, 10.711
617, 64.43, 10.728
618, 64.45, 10.745
619, 64.46, 10.761
620, 64.47, 10.778
621, 64.49, 10.795
622, 64.51, 10.811
623, 64.52, 10.828
624, 64.54, 10.845
625, 64.55, 10.861
626, 64.55, 10.861
627, 64.57, 10.878
628, 64.58, 10.895
629, 64.59, 10.911
630, 64.6, 10.928
631, 64.62, 10.945
632, 64.63, 10.961
633, 64.65, 10.978
634, 64.66, 10.995
635, 64.68, 11.011
636, 64.7, 11.028
637, 64.71, 11.045
638, 64.73, 11.061
639, 64.74, 11.078
640, 64.74, 11.078
641, 64.76, 11.095
642, 64.77, 11.111
643, 64.78, 11.128
644, 64.79, 11.145
645, 64.81, 11.161
646, 64.82, 11.178
647, 64.83, 11.195
648, 64.84, 11.211
649, 64.86, 11.228
650, 64.87, 11.245
651, 64.89, 11.261
652, 64.91, 11.278
653, 64.91, 11.278
654, 64.92, 11.295
655, 64.93, 11.311
656, 64.95, 11.328
657, 64.96, 11.345
658, 64.97, 11.361
659, 64.98, 11.378
660, 65, 11.395
661, 65.01, 11.411
662, 65.02, 11.428
663, 65.04, 11.445
664, 65.05, 11.461
665, 65.07, 11.478
666, 65.07, 11.478
667, 65.08, 11.495
668, 65.1, 11.511
669, 65.11, 11.528
670, 65.12, 11.545
671, 65.13, 11.561
672, 65.15, 11.578
673, 65.16, 11.595
674, 65.17, 11.611
675, 65.19, 11.628
676, 65.2, 11.645
677, 65.22, 11.661
678, 65.23, 11.678
679, 65.23, 11.678
680, 65.24, 11.695
681, 65.26, 11.711
682, 65.27, 11.728
683, 65.28, 11.745
684, 65.3, 11.761
685, 65.31, 11.778
686, 65.32, 11.795
687, 65.34, 11.811
688, 65.35, 11.828
689, 65.36, 11.845
690, 65.38, 11.861
691, 65.38, 11.861
692, 65.39, 11.878
693, 65.4, 11.895
694, 65.41, 11.911
695, 65.43, 11.928
696, 65.44, 11.945
697, 65.45, 11.961
698, 65.47, 11.978
699, 65.48, 11.995
700, 65.5, 12.011
701, 65.51, 12.028
702, 65.52, 12.045
703, 65.52, 12.045
704, 65.53, 12.061
705, 65.55, 12.078
706, 65.56, 12.095
707, 65.57, 12.111
708, 65.59, 12.128
709, 65.6, 12.145
710, 65.62, 12.161
711, 65.63, 12.178
712, 65.64, 12.195
713, 65.65, 12.211
714, 65.67, 12.228
715, 65.67, 12.228
716, 65.68, 12.245
717, 65.7, 12.261
718, 65.71, 12.278
719, 65.72, 12.295
720, 65.74, 12.311
721, 65.75, 12.328
722, 65.77, 12.345
723, 65.78, 12.361
724, 65.79, 12.378
725, 65.8, 12.395
726, 65.8, 12.395
727, 65.81, 12.411
728, 65.82, 12.428
729, 65.83, 12.445
730, 65.85, 12.461
731, 65.86, 12.478
732, 65.87, 12.495
733, 65.89, 12.511
734, 65.9, 12.528
735, 65.91, 12.545
736, 65.93, 12.561
737, 65.94, 12.578
738, 65.94, 12.578
739, 65.95, 12.595
740, 65.96, 12.611
741, 65.98, 12.628
742, 65.99, 12.645
743, 66, 12.661
744, 66.02, 12.678
745, 66.03, 12.695
746, 66.04, 12.711
747, 66.05, 12.728
748, 66.06, 12.745
749, 66.06, 12.745
750, 66.08, 12.761
751, 66.09, 12.778
752, 66.1, 12.795
753, 66.11, 12.811
754, 66.12, 12.828
755, 66.14, 12.845
756, 66.15, 12.861
757, 66.17, 12.878
758, 66.18, 12.895
759, 66.18, 12.895
760, 66.19, 12.911
761, 66.21, 12.928
762, 66.21, 12.945
763, 66.22, 12.961
764, 66.23, 12.978
765, 66.25, 12.995
766, 66.26, 13.011
767, 66.28, 13.028
768, 66.29, 13.045
769, 66.3, 13.061
770, 66.3, 13.061
771, 66.32, 13.078
772, 66.33, 13.095
773, 66.34, 13.111
774, 66.35, 13.128
775, 66.36, 13.145
776, 66.37, 13.161
777, 66.39, 13.178
778, 66.4, 13.195
779, 66.41, 13.211
780, 66.41, 13.211
781, 66.42, 13.228
782, 66.43, 13.245
783, 66.44, 13.261
784, 66.45, 13.278
785, 66.47, 13.295
786, 66.48, 13.311
787, 66.49, 13.328
788, 66.5, 13.345
789, 66.52, 13.361
790, 66.53, 13.378
791, 66.53, 13.378
792, 66.55, 13.395
793, 66.56, 13.411
794, 66.57, 13.428
795, 66.57, 13.445
796, 66.58, 13.461
797, 66.59, 13.478
798, 66.6, 13.495
799, 66.61, 13.511
800, 66.63, 13.528
801, 66.63, 13.528
802, 66.64, 13.545
803, 66.65, 13.561
804, 66.67, 13.578
805, 66.68, 13.595
806, 66.69, 13.611
807, 66.7, 13.628
808, 66.71, 13.645
809, 66.72, 13.661
810, 66.73, 13.678
811, 66.73, 13.678
812, 66.74, 13.695
813, 66.75, 13.711
814, 66.76, 13.728
815, 66.78, 13.745
816, 66.78, 13.761
817, 66.8, 13.778
818, 66.81, 13.795
819, 66.82, 13.811
820, 66.83, 13.828
821, 66.83, 13.828
822, 66.84, 13.845
823, 66.85, 13.861
824, 66.86, 13.878
825, 66.87, 13.895
826, 66.88, 13.911
827, 66.89, 13.928
828, 66.9, 13.945
829, 66.91, 13.961
830, 66.91, 13.961
831, 66.92, 13.978
832, 66.93, 13.995
833, 66.95, 14.011
834, 66.96, 14.028
835, 66.97, 14.045
836, 66.98, 14.061
837, 66.99, 14.078
838, 67, 14.095
839, 67.01, 14.111
840, 67.01, 14.111
841, 67.02, 14.128
842, 67.03, 14.145
843, 67.04, 14.161
844, 67.05, 14.178
845, 67.06, 14.195
846, 67.07, 14.211
847, 67.08, 14.228
848, 67.09, 14.245
849, 67.09, 14.245
850, 67.11, 14.261
851, 67.12, 14.278
852, 67.13, 14.295
853, 67.14, 14.311
854, 67.15, 14.328
855, 67.16, 14.345
856, 67.17, 14.361
857, 67.18, 14.378
858, 67.19, 14.395
859, 67.19, 14.395
860, 67.2, 14.411
861, 67.21, 14.428
862, 67.22, 14.445
863, 67.23, 14.461
864, 67.24, 14.478
865, 67.25, 14.495
866, 67.26, 14.511
867, 67.27, 14.528
868, 67.27, 14.528
869, 67.28, 14.545
870, 67.29, 14.561
871, 67.31, 14.578
872, 67.32, 14.595
873, 67.33, 14.611
874, 67.34, 14.628
875, 67.35, 14.645
876, 67.36, 14.661
877, 67.36, 14.661
878, 67.37, 14.678
879, 67.38, 14.695
880, 67.39, 14.711
881, 67.4, 14.728
882, 67.41, 14.745
883, 67.42, 14.761
884, 67.43, 14.778
885, 67.44, 14.795
886, 67.44, 14.795
887, 67.46, 14.811
888, 67.47, 14.828
889, 67.48, 14.845
890, 67.49, 14.861
891, 67.49, 14.878
892, 67.5, 14.895
893, 67.51, 14.911
894, 67.52, 14.928
895, 67.52, 14.928
896, 67.53, 14.945
897, 67.54, 14.961
898, 67.55, 14.978
899, 67.56, 14.995
900, 67.57, 15.011
901, 67.59, 15.028
902, 67.6, 15.045
903, 67.62, 15.061
904, 67.62, 15.061
905, 67.62, 15.078
906, 67.63, 15.095
907, 67.63, 15.111
908, 67.64, 15.128
909, 67.65, 15.145
910, 67.65, 15.161
911, 67.66, 15.178
912, 67.67, 15.195
913, 67.67, 15.195
914, 67.68, 15.211
915, 67.7, 15.228
916, 67.71, 15.245
917, 67.72, 15.261
918, 67.73, 15.278
919, 67.73, 15.295
920, 67.74, 15.311
921, 67.74, 15.328
922, 67.74, 15.328
923, 67.76, 15.345
924, 67.77, 15.361
925, 67.78, 15.378
926, 67.78, 15.395
927, 67.78, 15.411
928, 67.79, 15.428
929, 67.79, 15.445
930, 67.81, 15.461
931, 67.81, 15.461
932, 67.82, 15.478
933, 67.83, 15.495
934, 67.84, 15.511
935, 67.85, 15.528
936, 67.86, 15.545
937, 67.87, 15.561
938, 67.88, 15.578
939, 67.88, 15.578
940, 67.88, 15.595
941, 67.89, 15.611
942, 67.9, 15.628
943, 67.91, 15.645
944, 67.92, 15.661
945, 67.93, 15.678
946, 67.94, 15.695
947, 67.95, 15.711
948, 67.95, 15.711
949, 67.96, 15.728
950, 67.97, 15.745
951, 67.98, 15.761
952, 67.99, 15.778
953, 68, 15.795
954, 68.01, 15.811
955, 68.02, 15.828
956, 68.02, 15.828
957, 68.03, 15.845
958, 68.04, 15.861
959, 68.05, 15.878
960, 68.05, 15.895
961, 68.06, 15.911
962, 68.07, 15.928
963, 68.08, 15.945
964, 68.09, 15.961
965, 68.09, 15.961
966, 68.1, 15.978
967, 68.11, 15.995
968, 68.11, 16.011
969, 68.12, 16.028
970, 68.13, 16.045
971, 68.15, 16.061
972, 68.16, 16.078
973, 68.16, 16.078
974, 68.16, 16.095
975, 68.17, 16.111
976, 68.18, 16.128
977, 68.19, 16.145
978, 68.2, 16.161
979, 68.2, 16.178
980, 68.21, 16.195
981, 68.22, 16.211
982, 68.22, 16.211
983, 68.23, 16.228
984, 68.24, 16.245
985, 68.24, 16.261
986, 68.25, 16.278
987, 68.26, 16.295
988, 68.27, 16.311
989, 68.28, 16.328
990, 68.28, 16.328
991, 68.28, 16.345
992, 68.29, 16.361
993, 68.3, 16.378
994, 68.3, 16.395
995, 68.31, 16.411
996, 68.32, 16.428
997, 68.33, 16.445
998, 68.33, 16.445
999, 68.34, 16.461
1000, 68.35, 16.478
1001, 68.36, 16.495
1002, 68.36, 16.511
1003, 68.37, 16.528
1004, 68.37, 16.545
1005, 68.38, 16.561
1006, 68.38, 16.561
1007, 68.39, 16.578
1008, 68.39, 16.595
1009, 68.4, 16.611
1010, 68.41, 16.628
1011, 68.41, 16.645
1012, 68.42, 16.661
1013, 68.42, 16.678
1014, 68.42, 16.678
1015, 68.43, 16.695
1016, 68.44, 16.711
1017, 68.44, 16.728
1018, 68.45, 16.745
1019, 68.45, 16.761
1020, 68.44, 16.778
1021, 68.42, 16.795
1022, 68.42, 16.795
1023, 68.39, 16.811
1024, 68.34, 16.828
1025, 68.28, 16.845
1026, 68.22, 16.861
1027, 68.16, 16.878
1028, 68.02, 16.895
1029, 67.91, 16.911
1030, 67.86, 16.928
1031, 67.86, 16.928
1032, 67.76, 16.945
1033, 67.63, 16.961
1034, 67.5, 16.978
1035, 67.41, 16.995
1036, 67.28, 17.011
1037, 67.14, 17.028
1038, 67, 17.045
1039, 66.84, 17.061
1040, 66.84, 17.061
1041, 66.67, 17.078
1042, 66.49, 17.095
1043, 66.29, 17.111
1044, 66.07, 17.128
1045, 65.84, 17.145
1046, 65.6, 17.161
1047, 65.34, 17.178
1048, 65.06, 17.195
1049, 64.78, 17.211
1050, 64.49, 17.228
1051, 64.19, 17.245
1052, 64.19, 17.245
1053, 63.88, 17.261
1054, 63.56, 17.278
1055, 63.24, 17.295
1056, 62.92, 17.311
1057, 62.63, 17.328
1058, 62.33, 17.345
1059, 62.03, 17.361
1060, 61.72, 17.378
1061, 61.4, 17.395
1062, 61.07, 17.411
1063, 60.74, 17.428
1064, 60.4, 17.445
1065, 60.06, 17.461
1066, 59.73, 17.478
1067, 59.39, 17.495
1068, 59.07, 17.511
1069, 58.76, 17.528
1070, 58.46, 17.545
1071, 58.14, 17.561
1072, 57.8, 17.578
1073, 57.48, 17.595
1074, 57.17, 17.611
1075, 56.86, 17.628
1076, 56.56, 17.645
1077, 56.24, 17.661
1078, 55.62, 17.695
1079, 55.33, 17.711
1080, 55.03, 17.728
1081, 54.73, 17.745
1082, 54.42, 17.761
1083, 54.09, 17.778
1084, 53.74, 17.795
1085, 53.4, 17.811
1086, 53.09, 17.828
1087, 52.8, 17.845
1088, 52.22, 17.878
1089, 51.94, 17.895
1090, 51.64, 17.911
1091, 51.35, 17.928
1092, 51.07, 17.945
1093, 50.79, 17.961
1094, 50.23, 17.995
1095, 49.95, 18.011
1096, 49.65, 18.028
1097, 49.34, 18.045
1098, 49.04, 18.061
1099, 48.47, 18.095
1100, 48.17, 18.111
1101, 47.86, 18.128
1102, 47.53, 18.145
1103, 46.93, 18.178
1104, 46.64, 18.195
1105, 46.34, 18.211
1106, 46.05, 18.228
1107, 45.48, 18.261
1108, 45.19, 18.278
1109, 44.9, 18.295
1110, 44.31, 18.328
1111, 44.01, 18.345
1112, 43.72, 18.361
1113, 43.13, 18.395
1114, 42.85, 18.411
1115, 42.3, 18.445
1116, 42.03, 18.461
1117, 41.75, 18.478
1118, 41.21, 18.511
1119, 40.94, 18.528
1120, 40.41, 18.561
1121, 40.15, 18.578
1122, 39.65, 18.611
1123, 39.39, 18.628
1124, 38.84, 18.661
1125, 38.58, 18.678
1126, 38.09, 18.711
1127, 37.57, 18.745
1128, 37.32, 18.761
1129, 36.82, 18.795
1130, 36.58, 18.811
1131, 36.12, 18.845
1132, 35.67, 18.878
1133, 35.46, 18.895
1134, 35.05, 18.928
1135, 34.67, 18.961
1136, 34.31, 18.995
1137, 34.13, 19.011
1138, 33.79, 19.045
1139, 33.5, 19.078
1140, 33.23, 19.111
1141, 33.11, 19.128
1142, 32.89, 19.161
1143, 32.69, 19.195
1144, 32.52, 19.228
1145, 32.37, 19.261
1146, 32.23, 19.295
1147, 32.11, 19.328
1148, 32.05, 19.345
1149, 31.94, 19.378
1150, 31.83, 19.411
1151, 31.73, 19.445
1152, 31.62, 19.478
1153, 31.52, 19.511
1154, 31.43, 19.545
1155, 31.33, 19.578
1156, 31.25, 19.611
1157, 31.16, 19.645
1158, 31.12, 19.661
1159, 31.03, 19.695
1160, 30.94, 19.728
1161, 30.85, 19.761
1162, 30.76, 19.795
1163, 30.67, 19.828
1164, 30.59, 19.861
1165, 30.5, 19.895
1166, 30.41, 19.928
1167, 30.32, 19.961
1168, 30.23, 19.995
1169, 30.14, 20.028
1170, 30.05, 20.061
1171, 29.96, 20.095
1172, 29.87, 20.128
1173, 29.79, 20.161
1174, 29.69, 20.195
1175, 29.6, 20.228
1176, 29.51, 20.261
1177, 29.41, 20.295
1178, 29.32, 20.328
1179, 29.22, 20.361
1180, 29.13, 20.395
1181, 29.02, 20.428
1182, 28.88, 20.478
1183, 28.78, 20.511
1184, 28.68, 20.545
1185, 28.59, 20.578
1186, 28.5, 20.611
1187, 28.42, 20.645
1188, 28.35, 20.678
1189, 28.28, 20.711
1190, 28.22, 20.745
1191, 28.12, 20.795
1192, 28.05, 20.828
1193, 27.99, 20.861
1194, 27.92, 20.895
1195, 27.85, 20.928
1196, 27.78, 20.961
1197, 27.72, 20.995
1198, 27.66, 21.028
1199, 27.55, 21.078
1200, 27.48, 21.111
1201, 27.41, 21.145
1202, 27.34, 21.178
1203, 27.27, 21.211
1204, 27.16, 21.261
1205, 27.09, 21.295
1206, 27.02, 21.328
1207, 26.95, 21.361
1208, 26.87, 21.395
1209, 26.76, 21.445
1210, 26.69, 21.478
1211, 26.62, 21.511
1212, 26.54, 21.545
1213, 26.41, 21.595
1214, 26.32, 21.628
1215, 26.23, 21.661
1216, 26.12, 21.711
1217, 26.05, 21.745
1218, 25.99, 21.778
1219, 25.86, 21.828
1220, 25.77, 21.861
1221, 25.68, 21.895
1222, 25.53, 21.945
1223, 25.44, 21.978
1224, 25.39, 22.011
1225, 25.34, 22.061
1226, 25.41, 22.095
1227, 25.41, 22.128
1228, 25.44, 22.178
1229, 25.47, 22.211
1230, 25.51, 22.245
1231, 25.61, 22.295
1232, 25.67, 22.328
1233, 25.75, 22.361
1234, 25.85, 22.411
1235, 25.94, 22.445
1236, 26.08, 22.495
1237, 26.22, 22.528
1238, 26.36, 22.561
1239, 26.51, 22.595
1240, 26.74, 22.645
1241, 26.89, 22.678
1242, 27.04, 22.711
1243, 27.19, 22.745
1244, 27.42, 22.795
1245, 27.58, 22.828
1246, 27.73, 22.861
1247, 27.89, 22.895
1248, 28.05, 22.928
1249, 28.2, 22.961
1250, 28.37, 22.995
1251, 28.63, 23.045
1252, 28.78, 23.078
1253, 28.88, 23.111
1254, 28.86, 23.145
1255, 28.81, 23.178
1256, 28.65, 23.211
1257, 28.61, 23.245
1258, 28.58, 23.278
1259, 28.5, 23.311
1260, 28.39, 23.345
1261, 28.3, 23.395
1262, 28.21, 23.428
1263, 28.12, 23.461
1264, 28.05, 23.495
1265, 27.95, 23.528
1266, 27.86, 23.561
1267, 27.78, 23.595
1268, 27.63, 23.645
1269, 27.53, 23.678
1270, 27.43, 23.711
1271, 27.32, 23.745
1272, 27.21, 23.778
1273, 27.09, 23.811
1274, 26.93, 23.861
1275, 26.81, 23.895
1276, 26.69, 23.928
1277, 26.58, 23.961
1278, 26.46, 23.995
1279, 26.27, 24.045
1280, 26.15, 24.078
1281, 26.03, 24.111
1282, 25.87, 24.161
1283, 25.77, 24.195
1284, 25.69, 24.228
1285, 25.55, 24.278
1286, 25.46, 24.311
1287, 25.32, 24.361
1288, 25.24, 24.395
1289, 25.16, 24.428
1290, 25, 24.478
1291, 24.92, 24.511
1292, 24.81, 24.561
1293, 24.74, 24.595
1294, 24.62, 24.645
1295, 24.54, 24.678
1296, 24.41, 24.728
1297, 24.3, 24.761
1298, 24.16, 24.811
1299, 24.09, 24.845
1300, 23.99, 24.895
1301, 23.9, 24.928
1302, 23.75, 24.978
1303, 23.63, 25.028
1304, 23.55, 25.061
1305, 23.45, 25.111
1306, 23.38, 25.161
1307, 23.33, 25.195
1308, 23.39, 25.245
1309, 23.39, 25.278
1310, 23.46, 25.328
1311, 23.51, 25.378
1312, 23.58, 25.411
1313, 23.68, 25.461
1314, 23.77, 25.495
1315, 23.92, 25.545
1316, 24.02, 25.578
1317, 24.13, 25.628
1318, 24.17, 25.661
1319, 24.22, 25.711
1320, 24.26, 25.745
1321, 24.29, 25.778
1322, 24.33, 25.828
1323, 24.35, 25.861
1324, 24.38, 25.911
1325, 24.4, 25.945
1326, 24.43, 25.995
1327, 24.45, 26.028
1328, 24.47, 26.061
1329, 24.48, 26.111
1330, 24.48, 26.145
1331, 24.45, 26.195
1332, 24.41, 26.228
1333, 24.36, 26.278
1334, 24.32, 26.311
1335, 24.27, 26.361
1336, 24.3, 26.395
1337, 24.34, 26.445
1338, 24.34, 26.478
1339, 24.37, 26.528
1340, 24.43, 26.561
1341, 24.47, 26.611
1342, 24.48, 26.645
1343, 24.48, 26.695
1344, 24.49, 26.728
1345, 24.53, 26.778
1346, 24.52, 26.811
1347, 24.54, 26.861
1348, 24.54, 26.895
1349, 24.58, 26.945
1350, 24.61, 26.978
1351, 24.68, 27.028
1352, 24.74, 27.061
1353, 24.88, 27.111
1354, 25.01, 27.145
1355, 25.14, 27.178
1356, 25.31, 27.228
1357, 25.46, 27.261
1358, 25.65, 27.311
1359, 25.8, 27.345
1360, 25.93, 27.378
1361, 26.19, 27.428
1362, 26.36, 27.461
1363, 26.5, 27.495
1364, 26.74, 27.545
1365, 26.91, 27.578
1366, 27.08, 27.611
1367, 27.32, 27.661
1368, 27.49, 27.695
1369, 27.65, 27.728
1370, 27.81, 27.761
1371, 27.97, 27.795
1372, 28.13, 27.828
1373, 28.37, 27.878
1374, 28.53, 27.911
1375, 28.69, 27.945
1376, 28.86, 27.978
1377, 29.02, 28.011
1378, 29.18, 28.045
1379, 29.34, 28.078
1380, 29.5, 28.111
1381, 29.66, 28.145
1382, 29.82, 28.178
1383, 29.99, 28.211
1384, 30.15, 28.245
1385, 30.32, 28.278
1386, 30.48, 28.311
1387, 30.64, 28.345
1388, 30.8, 28.378
1389, 30.96, 28.411
1390, 31.12, 28.445
1391, 31.28, 28.478
1392, 31.44, 28.511
1393, 31.6, 28.545
1394, 31.75, 28.578
1395, 31.92, 28.611
1396, 32.07, 28.645
1397, 32.15, 28.661
1398, 32.3, 28.695
1399, 32.46, 28.728
1400, 32.61, 28.761
1401, 32.77, 28.795
1402, 32.93, 28.828
1403, 33.01, 28.845
1404, 33.16, 28.878
1405, 33.32, 28.911
1406, 33.48, 28.945
1407, 33.63, 28.978
1408, 33.71, 28.995
1409, 33.86, 29.028
1410, 34.02, 29.061
1411, 34.18, 29.095
1412, 34.25, 29.111
1413, 34.4, 29.145
1414, 34.56, 29.178
1415, 34.71, 29.211
1416, 34.78, 29.228
1417, 34.94, 29.261
1418, 35.08, 29.295
1419, 35.23, 29.328
1420, 35.31, 29.345
1421, 35.46, 29.378
1422, 35.61, 29.411
1423, 35.69, 29.428
1424, 35.84, 29.461
1425, 35.98, 29.495
1426, 36.06, 29.511
1427, 36.21, 29.545
1428, 36.36, 29.578
1429, 36.43, 29.595
1430, 36.58, 29.628
1431, 36.73, 29.661
1432, 36.8, 29.678
1433, 36.95, 29.711
1434, 37.02, 29.728
1435, 37.17, 29.761
1436, 37.31, 29.795
1437, 37.39, 29.811
1438, 37.53, 29.845
1439, 37.6, 29.861
1440, 37.74, 29.895
1441, 37.89, 29.928
1442, 37.96, 29.945
1443, 38.11, 29.978
1444, 38.18, 29.995
1445, 38.32, 30.028
1446, 38.39, 30.045
1447, 38.53, 30.078
1448, 38.67, 30.111
1449, 38.74, 30.128
1450, 38.88, 30.161
1451, 38.95, 30.178
1452, 39.09, 30.211
1453, 39.15, 30.228
1454, 39.22, 30.261
1455, 39.2, 30.278
1456, 39.48, 30.311
1457, 39.54, 30.328
1458, 39.61, 30.361
1459, 39.69, 30.378
1460, 39.81, 30.411
1461, 39.86, 30.428
1462, 39.99, 30.461
1463, 40.05, 30.478
1464, 40.16, 30.511
1465, 40.23, 30.528
1466, 40.35, 30.561
1467, 40.41, 30.578
1468, 40.52, 30.611
1469, 40.58, 30.628
1470, 40.7, 30.661
1471, 40.75, 30.678
1472, 40.87, 30.711
1473, 40.94, 30.728
1474, 41.06, 30.761
1475, 41.12, 30.778
1476, 41.17, 30.795
1477, 41.29, 30.828
1478, 41.35, 30.845
1479, 41.47, 30.878
1480, 41.52, 30.895
1481, 41.64, 30.928
1482, 41.7, 30.945
1483, 41.81, 30.978
1484, 41.87, 30.995
1485, 41.93, 31.011
1486, 42.05, 31.045
1487, 42.1, 31.061
1488, 42.22, 31.095
1489, 42.27, 31.111
1490, 42.33, 31.128
1491, 42.44, 31.161
1492, 42.49, 31.178
1493, 42.61, 31.211
1494, 42.66, 31.228
1495, 42.77, 31.261
1496, 42.83, 31.278
1497, 42.89, 31.295
1498, 43, 31.328
1499, 43.06, 31.345
1500, 43.11, 31.361
1501, 43.22, 31.395
1502, 43.28, 31.411
1503, 43.39, 31.445
1504, 43.44, 31.461
1505, 43.5, 31.478
1506, 43.61, 31.511
1507, 43.66, 31.528
1508, 43.72, 31.545
1509, 43.83, 31.578
1510, 43.88, 31.595
1511, 44, 31.628
1512, 44.05, 31.645
1513, 44.1, 31.661
1514, 44.21, 31.695
1515, 44.27, 31.711
1516, 44.32, 31.728
1517, 44.43, 31.761
1518, 44.48, 31.778
1519, 44.53, 31.795
1520, 44.63, 31.828
1521, 44.69, 31.845
1522, 44.74, 31.861
1523, 44.85, 31.895
1524, 44.91, 31.911
1525, 44.96, 31.928
1526, 45.07, 31.961
1527, 45.12, 31.978
1528, 45.17, 31.995
1529, 45.28, 32.028
1530, 45.33, 32.045
1531, 45.4, 32.061
1532, 45.51, 32.095
1533, 45.56, 32.111
1534, 45.6, 32.128
1535, 45.71, 32.161
1536, 45.76, 32.178
1537, 45.81, 32.195
1538, 45.86, 32.211
1539, 45.97, 32.245
1540, 46.03, 32.261
1541, 46.08, 32.278
1542, 46.18, 32.311
1543, 46.23, 32.328
1544, 46.28, 32.345
1545, 46.39, 32.378
1546, 46.44, 32.395
1547, 46.49, 32.411
1548, 46.54, 32.428
1549, 46.63, 32.461
1550, 46.68, 32.478
1551, 46.73, 32.495
1552, 46.83, 32.528
1553, 46.87, 32.545
1554, 46.92, 32.561
1555, 46.96, 32.578
1556, 47.09, 32.611
1557, 47.15, 32.628
1558, 47.2, 32.645
1559, 47.24, 32.661
1560, 47.33, 32.695
1561, 47.39, 32.711
1562, 47.43, 32.728
1563, 47.53, 32.761
1564, 47.58, 32.778
1565, 47.63, 32.795
1566, 47.68, 32.811
1567, 47.78, 32.845
1568, 47.83, 32.861
1569, 47.87, 32.878
1570, 47.92, 32.895
1571, 48.01, 32.928
1572, 48.06, 32.945
1573, 48.11, 32.961
1574, 48.16, 32.978
1575, 48.25, 33.011
1576, 48.3, 33.028
1577, 48.35, 33.045
1578, 48.39, 33.061
1579, 48.49, 33.095
1580, 48.53, 33.111
1581, 48.58, 33.128
1582, 48.63, 33.145
1583, 48.68, 33.161
1584, 48.77, 33.195
1585, 48.81, 33.211
1586, 48.86, 33.228
1587, 48.9, 33.245
1588, 48.99, 33.278
1589, 49.04, 33.295
1590, 49.08, 33.311
1591, 49.13, 33.328
1592, 49.22, 33.361
1593, 49.26, 33.378
1594, 49.31, 33.395
1595, 49.35, 33.411
1596, 49.4, 33.428
1597, 49.49, 33.461
1598, 49.53, 33.478
1599, 49.58, 33.495
1600, 49.62, 33.511
1601, 49.66, 33.528
1602, 49.75, 33.561
1603, 49.79, 33.578
1604, 49.83, 33.595
1605, 49.88, 33.611
1606, 49.92, 33.628
1607, 49.95, 33.661
1608, 49.92, 33.678
1609, 50.04, 33.695
1610, 50.15, 33.711
1611, 50.12, 33.728
1612, 50.21, 33.761
1613, 50.27, 33.778
1614, 50.29, 33.795
1615, 50.32, 33.811
1616, 50.36, 33.828
1617, 50.44, 33.861
1618, 50.48, 33.878
1619, 50.52, 33.895
1620, 50.56, 33.911
1621, 50.6, 33.928
1622, 50.68, 33.961
1623, 50.72, 33.978
1624, 50.76, 33.995
1625, 50.8, 34.011
1626, 50.84, 34.028
1627, 50.88, 34.045
1628, 50.95, 34.078
1629, 50.99, 34.095
1630, 51.03, 34.111
1631, 51.07, 34.128
1632, 51.11, 34.145
1633, 51.18, 34.178
1634, 51.22, 34.195
1635, 51.26, 34.211
1636, 51.3, 34.228
1637, 51.33, 34.245
1638, 51.37, 34.261
1639, 51.45, 34.295
1640, 51.49, 34.311
1641, 51.53, 34.328
1642, 51.57, 34.345
1643, 51.6, 34.361
1644, 51.64, 34.378
1645, 51.71, 34.411
1646, 51.75, 34.428
1647, 51.78, 34.445
1648, 51.82, 34.461
1649, 51.86, 34.478
1650, 51.9, 34.495
1651, 51.93, 34.511
1652, 52.01, 34.545
1653, 52.04, 34.561
1654, 52.08, 34.578
1655, 52.12, 34.595
1656, 52.16, 34.611
1657, 52.19, 34.628
1658, 52.27, 34.661
1659, 52.3, 34.678
1660, 52.34, 34.695
1661, 52.37, 34.711
1662, 52.41, 34.728
1663, 52.45, 34.745
1664, 52.48, 34.761
1665, 52.56, 34.795
1666, 52.6, 34.811
1667, 52.63, 34.828
1668, 52.67, 34.845
1669, 52.7, 34.861
1670, 52.74, 34.878
1671, 52.78, 34.895
1672, 52.85, 34.928
1673, 52.88, 34.945
1674, 52.92, 34.961
1675, 52.95, 34.978
1676, 52.99, 34.995
1677, 53.02, 35.011
1678, 53.06, 35.028
1679, 53.1, 35.045
1680, 53.17, 35.078
1681, 53.2, 35.095
1682, 53.24, 35.111
1683, 53.27, 35.128
1684, 53.31, 35.145
1685, 53.34, 35.161
1686, 53.38, 35.178
1687, 53.41, 35.195
1688, 53.49, 35.228
1689, 53.52, 35.245
1690, 53.56, 35.261
1691, 53.6, 35.278
1692, 53.63, 35.295
1693, 53.66, 35.311
1694, 53.7, 35.328
1695, 53.73, 35.345
1696, 53.8, 35.378
1697, 53.84, 35.395
1698, 53.87, 35.411
1699, 53.91, 35.428
1700, 53.94, 35.445
1701, 53.98, 35.461
1702, 54.01, 35.478
1703, 54.04, 35.495
1704, 54.08, 35.511
1705, 54.15, 35.545
1706, 54.19, 35.561
1707, 54.22, 35.578
1708, 54.25, 35.595
1709, 54.29, 35.611
1710, 54.32, 35.628
1711, 54.36, 35.645
1712, 54.39, 35.661
1713, 54.42, 35.678
1714, 54.49, 35.711
1715, 54.53, 35.728
1716, 54.56, 35.745
1717, 54.6, 35.761
1718, 54.63, 35.778
1719, 54.67, 35.795
1720, 54.7, 35.811
1721, 54.73, 35.828
1722, 54.77, 35.845
1723, 54.8, 35.861
1724, 54.83, 35.878
1725, 54.9, 35.911
1726, 54.94, 35.928
1727, 54.97, 35.945
1728, 55, 35.961
1729, 55.03, 35.978
1730, 55.07, 35.995
1731, 55.1, 36.011
1732, 55.14, 36.028
1733, 55.17, 36.045
1734, 55.21, 36.061
1735, 55.24, 36.078
1736, 55.31, 36.111
1737, 55.34, 36.128
1738, 55.37, 36.145
1739, 55.41, 36.161
1740, 55.44, 36.178
1741, 55.47, 36.195
1742, 55.51, 36.211
1743, 55.54, 36.228
1744, 55.57, 36.245
1745, 55.61, 36.261
1746, 55.64, 36.278
1747, 55.67, 36.295
1748, 55.74, 36.328
1749, 55.77, 36.345
1750, 55.8, 36.361
1751, 55.83, 36.378
1752, 55.87, 36.395
1753, 55.9, 36.411
1754, 55.93, 36.428
1755, 55.97, 36.445
1756, 56, 36.461
1757, 56.03, 36.478
1758, 56.07, 36.495
1759, 56.1, 36.511
1760, 56.13, 36.528
1761, 56.16, 36.545
1762, 56.23, 36.578
1763, 56.26, 36.595
1764, 56.29, 36.611
1765, 56.32, 36.628
1766, 56.35, 36.645
1767, 56.38, 36.661
1768, 56.41, 36.678
1769, 56.45, 36.695
1770, 56.48, 36.711
1771, 56.51, 36.728
1772, 56.54, 36.745
1773, 56.58, 36.761
1774, 56.61, 36.778
1775, 56.64, 36.795
1776, 56.67, 36.811
1777, 56.7, 36.828
1778, 56.76, 36.861
1779, 56.79, 36.878
1780, 56.82, 36.895
1781, 56.85, 36.911
1782, 56.89, 36.928
1783, 56.92, 36.945
1784, 56.95, 36.961
1785, 56.98, 36.978
1786, 57.01, 36.995
1787, 57.04, 37.011
1788, 57.07, 37.028
1789, 57.1, 37.045
1790, 57.13, 37.061
1791, 57.16, 37.078
1792, 57.19, 37.095
1793, 57.22, 37.111
1794, 57.25, 37.128
1795, 57.28, 37.145
1796, 57.31, 37.161
1797, 57.37, 37.195
1798, 57.4, 37.211
1799, 57.43, 37.228
1800, 57.46, 37.245
1801, 57.49, 37.261
1802, 57.52, 37.278
1803, 57.55, 37.295
1804, 57.58, 37.311
1805, 57.61, 37.328
1806, 57.64, 37.345
1807, 57.67, 37.361
1808, 57.7, 37.378
1809, 57.73, 37.395
1810, 57.76, 37.411
1811, 57.79, 37.428
1812, 57.82, 37.445
1813, 57.85, 37.461
1814, 57.88, 37.478
1815, 57.9, 37.495
1816, 57.93, 37.511
1817, 57.96, 37.528
1818, 57.99, 37.545
1819, 58.01, 37.561
1820, 58.04, 37.578
1821, 58.07, 37.595
1822, 58.13, 37.628
1823, 58.16, 37.645
1824, 58.19, 37.661
1825, 58.21, 37.678
1826, 58.24, 37.695
1827, 58.26, 37.711
1828, 58.29, 37.728
1829, 58.32, 37.745
1830, 58.35, 37.761
1831, 58.38, 37.778
1832, 58.41, 37.795
1833, 58.44, 37.811
1834, 58.47, 37.828
1835, 58.49, 37.845
1836, 58.52, 37.861
1837, 58.54, 37.878
1838, 58.57, 37.895
1839, 58.6, 37.911
1840, 58.63, 37.928
1841, 58.65, 37.945
1842, 58.68, 37.961
1843, 58.71, 37.978
1844, 58.73, 37.995
1845, 58.76, 38.011
1846, 58.79, 38.028
1847, 58.82, 38.045
1848, 58.84, 38.061
1849, 58.87, 38.078
1850, 58.89, 38.095
1851, 58.92, 38.111
1852, 58.94, 38.128
1853, 58.97, 38.145
1854, 59, 38.161
1855, 59.02, 38.178
1856, 59.04, 38.195
1857, 59.07, 38.211
1858, 59.1, 38.228
1859, 59.12, 38.245
1860, 59.15, 38.261
1861, 59.18, 38.278
1862, 59.2, 38.295
1863, 59.23, 38.311
1864, 59.25, 38.328
1865, 59.28, 38.345
1866, 59.3, 38.361
1867, 59.33, 38.378
1868, 59.33, 38.411
1869, 59.3, 38.428
1870, 59.41, 38.445
1871, 59.45, 38.461
1872, 59.39, 38.478
1873, 59.44, 38.495
1874, 59.5, 38.511
1875, 59.5, 38.528
1876, 59.5, 38.545
1877, 59.54, 38.561
1878, 59.57, 38.578
1879, 59.58, 38.595
1880, 59.61, 38.611
1881, 59.63, 38.628
1882, 59.65, 38.645
1883, 59.66, 38.661
1884, 59.68, 38.678
1885, 59.7, 38.695
1886, 59.72, 38.711
1887, 59.75, 38.728
1888, 59.78, 38.745
1889, 59.8, 38.761
1890, 59.82, 38.778
1891, 59.83, 38.795
1892, 59.84, 38.811
1893, 59.84, 38.828
1894, 59.84, 38.845
1895, 59.82, 38.861
1896, 59.79, 38.878
1897, 59.74, 38.895
1898, 59.69, 38.911
1899, 59.64, 38.928
1900, 59.58, 38.945
1901, 59.47, 38.961
1902, 59.36, 38.978
1903, 59.32, 38.995
1904, 59.23, 39.011
1905, 59.13, 39.028
1906, 59, 39.045
1907, 58.88, 39.061
1908, 58.76, 39.078
1909, 58.61, 39.095
1910, 58.45, 39.111
1911, 58.28, 39.128
1912, 58.09, 39.145
1913, 57.88, 39.161
1914, 57.66, 39.178
1915, 57.42, 39.195
1916, 57.17, 39.211
1917, 56.9, 39.228
1918, 56.63, 39.245
1919, 56.34, 39.261
1920, 56.03, 39.278
1921, 55.72, 39.295
1922, 55.41, 39.311
1923, 54.78, 39.345
1924, 54.47, 39.361
1925, 54.15, 39.378
1926, 53.85, 39.395
1927, 53.54, 39.411
1928, 53.24, 39.428
1929, 52.93, 39.445
1930, 52.63, 39.461
1931, 52.32, 39.478
1932, 51.72, 39.511
1933, 51.4, 39.528
1934, 51.08, 39.545
1935, 50.75, 39.561
1936, 50.44, 39.578
1937, 49.82, 39.611
1938, 49.51, 39.628
1939, 49.19, 39.645
1940, 48.88, 39.661
1941, 48.57, 39.678
1942, 47.96, 39.711
1943, 47.63, 39.728
1944, 47.32, 39.745
1945, 47.02, 39.761
1946, 46.44, 39.795
1947, 46.16, 39.811
1948, 45.87, 39.828
1949, 45.29, 39.861
1950, 45, 39.878
1951, 44.72, 39.895
1952, 44.16, 39.928
1953, 43.88, 39.945
1954, 43.62, 39.961
1955, 43.08, 39.995
1956, 42.83, 40.011
1957, 42.28, 40.045
1958, 42.01, 40.061
1959, 41.75, 40.078
1960, 41.21, 40.111
1961, 40.94, 40.128
1962, 40.45, 40.161
1963, 40.22, 40.178
1964, 39.72, 40.211
1965, 39.47, 40.228
1966, 38.96, 40.261
1967, 38.7, 40.278
1968, 38.19, 40.311
1969, 37.94, 40.328
1970, 37.44, 40.361
1971, 36.95, 40.395
1972, 36.72, 40.411
1973, 36.22, 40.445
1974, 35.72, 40.478
1975, 35.5, 40.495
1976, 34.98, 40.528
1977, 34.38, 40.561
1978, 34.13, 40.578
1979, 33.66, 40.611
1980, 33.18, 40.645
1981, 32.68, 40.678
1982, 32.16, 40.711
1983, 31.91, 40.728
1984, 31.4, 40.761
1985, 30.9, 40.795
1986, 30.42, 40.828
1987, 29.94, 40.861
1988, 29.48, 40.895
1989, 29.06, 40.928
1990, 28.64, 40.961
1991, 28.09, 41.011
1992, 27.77, 41.045
1993, 27.46, 41.078
1994, 27.16, 41.111
1995, 26.9, 41.145
1996, 26.67, 41.178
1997, 26.36, 41.228
1998, 26.19, 41.261
1999, 26.04, 41.295
2000, 25.86, 41.345
2001, 25.74, 41.378
2002, 25.64, 41.411
2003, 25.49, 41.461
2004, 25.4, 41.495
2005, 25.31, 41.528
2006, 25.16, 41.578
2007, 25.07, 41.611
2008, 24.98, 41.645
2009, 24.85, 41.695
2010, 24.76, 41.728
2011, 24.67, 41.761
2012, 24.55, 41.811
2013, 24.47, 41.845
2014, 24.39, 41.878
2015, 24.29, 41.928
2016, 24.23, 41.961
2017, 24.12, 42.011
2018, 24.06, 42.045
2019, 23.99, 42.078
2020, 23.88, 42.128
2021, 23.81, 42.161
2022, 23.7, 42.211
2023, 23.63, 42.245
2024, 23.52, 42.295
2025, 23.45, 42.328
2026, 23.34, 42.378
2027, 23.26, 42.411
2028, 23.16, 42.461
2029, 23.11, 42.495
2030, 23.02, 42.545
2031, 22.96, 42.578
2032, 22.88, 42.628
2033, 22.82, 42.661
2034, 22.72, 42.711
2035, 22.63, 42.761
2036, 22.57, 42.795
2037, 22.47, 42.845
2038, 22.41, 42.878
2039, 22.31, 42.928
2040, 22.22, 42.978
2041, 22.13, 43.028
2042, 22.06, 43.061
2043, 21.97, 43.111
2044, 21.89, 43.161
2045, 21.73, 43.211
2046, 21.48, 43.261
2047, 21.35, 43.311
2048, 21.19, 43.361
2049, 21.05, 43.411
2050, 20.91, 43.461
2051, 20.75, 43.511
2052, 20.61, 43.561
2053, 20.47, 43.611
2054, 20.28, 43.678
2055, 20.14, 43.728
2056, 20, 43.778
2057, 19.89, 43.828
2058, 19.76, 43.895
2059, 19.66, 43.945
2060, 19.57, 43.995
2061, 19.5, 44.045
2062, 19.42, 44.095
2063, 19.4, 44.161
2064, 19.69, 44.211
2065, 19.83, 44.261
2066, 19.96, 44.311
2067, 20.15, 44.361
2068, 20.31, 44.411
2069, 20.42, 44.461
2070, 20.5, 44.511
2071, 20.54, 44.561
2072, 20.62, 44.611
2073, 20.65, 44.645
2074, 20.69, 44.695
2075, 20.67, 44.745
2076, 20.63, 44.795
2077, 20.42, 44.845
2078, 20.37, 44.878
2079, 20.32, 44.928
2080, 20.19, 44.978
2081, 20.1, 45.028
2082, 20.02, 45.078
2083, 19.91, 45.128
2084, 19.83, 45.178
2085, 19.74, 45.228
2086, 19.65, 45.278
2087, 19.57, 45.328
2088, 19.48, 45.378
2089, 19.4, 45.428
2090, 19.31, 45.478
2091, 19.23, 45.528
2092, 19.15, 45.578
2093, 19.07, 45.628
2094, 18.99, 45.678
2095, 18.9, 45.728
2096, 18.82, 45.778
2097, 18.74, 45.828
2098, 18.66, 45.878
2099, 18.57, 45.928
2100, 18.45, 45.995
2101, 18.35, 46.045
2102, 18.23, 46.095
2103, 18.11, 46.145
2104, 17.99, 46.195
2105, 17.83, 46.261
2106, 17.73, 46.311
2107, 17.59, 46.378
2108, 17.46, 46.428
2109, 17.29, 46.495
2110, 17.17, 46.545
2111, 17.03, 46.611
2112, 16.94, 46.661
2113, 16.86, 46.728
2114, 16.92, 46.795
2115, 16.94, 46.845
2116, 17.08, 46.911
2117, 17.24, 46.961
2118, 17.5, 47.028
2119, 17.74, 47.078
2120, 18.06, 47.145
2121, 18.31, 47.195
2122, 18.55, 47.245
2123, 18.79, 47.295
2124, 19.12, 47.361
2125, 19.36, 47.411
2126, 19.67, 47.461
2127, 19.93, 47.511
2128, 20.21, 47.561
2129, 20.5, 47.611
2130, 20.79, 47.661
2131, 21.13, 47.711
2132, 21.43, 47.761
2133, 21.64, 47.795
2134, 21.97, 47.845
2135, 22.29, 47.895
2136, 22.61, 47.945
2137, 22.82, 47.978
2138, 23.14, 48.028
2139, 23.35, 48.061
2140, 23.66, 48.111
2141, 23.87, 48.145
2142, 24.19, 48.195
2143, 24.39, 48.228
2144, 24.7, 48.278
2145, 24.91, 48.311
2146, 25.23, 48.361
2147, 25.42, 48.395
2148, 25.62, 48.428
2149, 25.93, 48.478
2150, 26.15, 48.511
2151, 26.35, 48.545
2152, 26.65, 48.595
2153, 26.85, 48.628
2154, 27.05, 48.661
2155, 27.25, 48.695
2156, 27.46, 48.728
2157, 27.75, 48.778
2158, 27.95, 48.811
2159, 28.16, 48.845
2160, 28.35, 48.878
2161, 28.55, 48.911
2162, 28.75, 48.945
2163, 28.94, 48.978
2164, 29.14, 49.011
2165, 29.33, 49.045
2166, 29.45, 49.078
2167, 29.69, 49.128
2168, 29.9, 49.161
2169, 30.09, 49.195
2170, 30.26, 49.228
2171, 30.41, 49.261
2172, 30.5, 49.278
2173, 30.67, 49.311
2174, 30.83, 49.345
2175, 30.99, 49.378
2176, 31.15, 49.411
2177, 31.31, 49.445
2178, 31.47, 49.478
2179, 31.64, 49.511
2180, 31.8, 49.545
2181, 31.96, 49.578
2182, 32.11, 49.611
2183, 32.25, 49.645
2184, 32.3, 49.661
2185, 32.32, 49.695
2186, 32.27, 49.728
2187, 32.16, 49.761
2188, 31.98, 49.795
2189, 31.9, 49.828
2190, 31.78, 49.861
2191, 31.69, 49.878
2192, 31.52, 49.911
2193, 31.35, 49.945
2194, 31.15, 49.978
2195, 30.93, 50.011
2196, 30.7, 50.045
2197, 30.45, 50.078
2198, 30.2, 50.111
2199, 29.95, 50.145
2200, 29.69, 50.178
2201, 29.43, 50.211
2202, 29.17, 50.245
2203, 28.91, 50.278
2204, 28.64, 50.311
2205, 28.38, 50.345
2206, 28.11, 50.378
2207, 27.72, 50.428
2208, 27.46, 50.461
2209, 27.21, 50.495
2210, 26.99, 50.528
2211, 26.73, 50.561
2212, 26.25, 50.611
2213, 26.03, 50.645
2214, 25.8, 50.678
2215, 25.49, 50.728
2216, 25.29, 50.761
2217, 25.01, 50.811
2218, 24.84, 50.845
2219, 24.7, 50.878
2220, 24.48, 50.928
2221, 24.36, 50.961
2222, 24.18, 51.011
2223, 24.06, 51.045
2224, 23.9, 51.095
2225, 23.79, 51.128
2226, 23.62, 51.178
2227, 23.44, 51.228
2228, 23.32, 51.261
2229, 23.16, 51.311
2230, 22.99, 51.361
2231, 22.87, 51.395
2232, 22.69, 51.445
2233, 22.52, 51.495
2234, 22.35, 51.545
2235, 22.17, 51.595
2236, 22, 51.645
2237, 21.83, 51.695
2238, 21.63, 51.745
2239, 21.45, 51.795
2240, 21.27, 51.845
2241, 21.08, 51.895
2242, 20.91, 51.945
2243, 20.77, 51.995
2244, 20.63, 52.045
2245, 20.51, 52.095
2246, 20.37, 52.161
2247, 20.25, 52.211
2248, 20.13, 52.261
2249, 19.97, 52.328
2250, 19.86, 52.378
2251, 19.75, 52.428
2252, 19.6, 52.495
2253, 19.48, 52.545
2254, 19.33, 52.611
2255, 19.21, 52.661
2256, 19.05, 52.728
2257, 18.94, 52.778
2258, 18.8, 52.845
2259, 18.73, 52.895
2260, 18.84, 52.961
2261, 18.92, 53.028
2262, 19, 53.078
2263, 19.13, 53.145
2264, 19.27, 53.195
2265, 19.42, 53.261
2266, 19.57, 53.311
2267, 19.75, 53.361
2268, 19.99, 53.428
2269, 20.18, 53.478
2270, 20.39, 53.528
2271, 20.59, 53.578
2272, 20.81, 53.628
2273, 21.03, 53.678
2274, 21.27, 53.728
2275, 21.51, 53.778
2276, 21.74, 53.828
2277, 21.99, 53.878
2278, 22.26, 53.928
2279, 22.54, 53.978
2280, 22.82, 54.028
2281, 23.02, 54.061
2282, 23.31, 54.111
2283, 23.61, 54.161
2284, 23.82, 54.195
2285, 24.14, 54.245
2286, 24.36, 54.278
2287, 24.69, 54.328
2288, 24.91, 54.361
2289, 25.22, 54.411
2290, 25.43, 54.445
2291, 25.65, 54.478
2292, 25.96, 54.528
2293, 26.17, 54.561
2294, 26.37, 54.595
2295, 26.68, 54.645
2296, 26.88, 54.678
2297, 27.08, 54.711
2298, 27.28, 54.745
2299, 27.47, 54.778
2300, 27.77, 54.828
2301, 27.97, 54.861
2302, 28.16, 54.895
2303, 28.35, 54.928
2304, 28.55, 54.961
2305, 28.76, 54.995
2306, 28.97, 55.028
2307, 29.17, 55.061
2308, 29.37, 55.095
2309, 29.56, 55.128
2310, 29.76, 55.161
2311, 29.95, 55.195
2312, 30.14, 55.228
2313, 30.25, 55.261
2314, 30.36, 55.295
2315, 30.67, 55.328
2316, 30.81, 55.361
2317, 31, 55.395
2318, 31.15, 55.428
2319, 31.31, 55.461
2320, 31.49, 55.495
2321, 31.65, 55.528
2322, 31.81, 55.561
2323, 31.97, 55.595
2324, 32.14, 55.628
2325, 32.22, 55.645
2326, 32.38, 55.678
2327, 32.54, 55.711
2328, 32.7, 55.745
2329, 32.86, 55.778
2330, 33.02, 55.811
2331, 33.1, 55.828
2332, 33.26, 55.861
2333, 33.42, 55.895
2334, 33.58, 55.928
2335, 33.73, 55.961
2336, 33.81, 55.978
2337, 33.97, 56.011
2338, 34.14, 56.045
2339, 34.29, 56.078
2340, 34.37, 56.095
2341, 34.53, 56.128
2342, 34.68, 56.161
2343, 34.84, 56.195
2344, 34.91, 56.211
2345, 35.06, 56.245
2346, 35.21, 56.278
2347, 35.29, 56.295
2348, 35.44, 56.328
2349, 35.6, 56.361
2350, 35.75, 56.395
2351, 35.83, 56.411
2352, 35.98, 56.445
2353, 36.13, 56.478
2354, 36.21, 56.495
2355, 36.36, 56.528
2356, 36.51, 56.561
2357, 36.58, 56.578
2358, 36.73, 56.611
2359, 36.81, 56.628
2360, 36.97, 56.661
2361, 37.11, 56.695
2362, 37.18, 56.711
2363, 37.34, 56.745
2364, 37.48, 56.778
2365, 37.56, 56.795
2366, 37.71, 56.828
2367, 37.78, 56.845
2368, 37.92, 56.878
2369, 38, 56.895
2370, 38.15, 56.928
2371, 38.3, 56.961
2372, 38.37, 56.978
2373, 38.51, 57.011
2374, 38.58, 57.028
2375, 38.73, 57.061
2376, 38.8, 57.078
2377, 38.94, 57.111
2378, 39.08, 57.145
2379, 39.15, 57.161
2380, 39.28, 57.195
2381, 39.35, 57.211
2382, 39.49, 57.245
2383, 39.56, 57.261
2384, 39.7, 57.295
2385, 39.76, 57.311
2386, 39.9, 57.345
2387, 39.96, 57.361
2388, 40.1, 57.395
2389, 40.16, 57.411
2390, 40.3, 57.445
2391, 40.36, 57.461
2392, 40.49, 57.495
2393, 40.55, 57.511
2394, 40.53, 57.545
2395, 40.65, 57.561
2396, 40.88, 57.595
2397, 40.88, 57.611
2398, 41.01, 57.645
2399, 41.09, 57.661
2400, 41.15, 57.678
2401, 41.24, 57.711
2402, 41.31, 57.728
2403, 41.43, 57.761
2404, 41.49, 57.778
2405, 41.61, 57.811
2406, 41.67, 57.828
2407, 41.79, 57.861
2408, 41.84, 57.878
2409, 41.9, 57.895
2410, 42.02, 57.928
2411, 42.08, 57.945
2412, 42.19, 57.978
2413, 42.25, 57.995
2414, 42.37, 58.028
2415, 42.43, 58.045
2416, 42.48, 58.061
2417, 42.6, 58.095
2418, 42.65, 58.111
2419, 42.77, 58.145
2420, 42.83, 58.161
2421, 42.88, 58.178
2422, 43, 58.211
2423, 43.05, 58.228
2424, 43.16, 58.261
2425, 43.22, 58.278
2426, 43.28, 58.295
2427, 43.39, 58.328
2428, 43.44, 58.345
2429, 43.56, 58.378
2430, 43.62, 58.395
2431, 43.67, 58.411
2432, 43.78, 58.445
2433, 43.84, 58.461
2434, 43.9, 58.478
2435, 44.01, 58.511
2436, 44.06, 58.528
2437, 44.17, 58.561
2438, 44.23, 58.578
2439, 44.28, 58.595
2440, 44.4, 58.628
2441, 44.45, 58.645
2442, 44.51, 58.661
2443, 44.62, 58.695
2444, 44.67, 58.711
2445, 44.73, 58.728
2446, 44.84, 58.761
2447, 44.89, 58.778
2448, 44.94, 58.795
2449, 45.05, 58.828
2450, 45.11, 58.845
2451, 45.17, 58.861
2452, 45.28, 58.895
2453, 45.33, 58.911
2454, 45.38, 58.928
2455, 45.49, 58.961
2456, 45.54, 58.978
2457, 45.6, 58.995
2458, 45.71, 59.028
2459, 45.76, 59.045
2460, 45.82, 59.061
2461, 45.92, 59.095
2462, 45.97, 59.111
2463, 46.02, 59.128
2464, 46.13, 59.161
2465, 46.18, 59.178
2466, 46.23, 59.195
2467, 46.28, 59.211
2468, 46.38, 59.245
2469, 46.42, 59.261
2470, 46.47, 59.278
2471, 46.55, 59.311
2472, 46.6, 59.328
2473, 46.64, 59.345
2474, 46.68, 59.361
2475, 46.76, 59.395
2476, 46.81, 59.411
2477, 46.85, 59.428
2478, 46.92, 59.461
2479, 46.95, 59.478
2480, 46.99, 59.495
2481, 47.02, 59.511
2482, 47.09, 59.545
2483, 47.12, 59.561
2484, 47.15, 59.578
2485, 47.2, 59.611
2486, 47.22, 59.628
2487, 47.24, 59.645
2488, 47.25, 59.661
2489, 47.22, 59.695
2490, 47.19, 59.711
2491, 47.13, 59.728
2492, 47.07, 59.745
2493, 46.93, 59.778
2494, 46.8, 59.795
2495, 46.64, 59.811
2496, 46.47, 59.845
2497, 46.37, 59.861
2498, 46.25, 59.878
2499, 46.12, 59.895
2500, 45.89, 59.928
2501, 45.77, 59.945
2502, 45.64, 59.961
2503, 45.37, 59.995
2504, 45.23, 60.011
2505, 45.09, 60.028
2506, 44.8, 60.061
2507, 44.66, 60.078
2508, 44.51, 60.095
2509, 44.22, 60.128
2510, 44.07, 60.145
2511, 43.93, 60.161
2512, 43.64, 60.195
2513, 43.5, 60.211
2514, 43.22, 60.245
2515, 43.09, 60.261
2516, 42.97, 60.278
2517, 42.74, 60.311
2518, 42.64, 60.328
2519, 42.44, 60.361
2520, 42.35, 60.378
2521, 42.27, 60.395
2522, 42.1, 60.428
2523, 42.02, 60.445
2524, 41.87, 60.478
2525, 41.8, 60.495
2526, 41.73, 60.511
2527, 41.6, 60.545
2528, 41.55, 60.561
2529, 41.43, 60.595
2530, 41.37, 60.611
2531, 41.25, 60.645
2532, 41.19, 60.661
2533, 41.07, 60.695
2534, 41.01, 60.711
2535, 40.9, 60.745
2536, 40.84, 60.761
2537, 40.78, 60.778
2538, 40.67, 60.811
2539, 40.62, 60.828
2540, 40.51, 60.861
2541, 40.46, 60.878
2542, 40.36, 60.911
2543, 40.31, 60.928
2544, 40.21, 60.961
2545, 40.16, 60.978
2546, 40.07, 61.011
2547, 40.03, 61.028
2548, 39.95, 61.061
2549, 39.91, 61.078
2550, 39.83, 61.111
2551, 39.78, 61.128
2552, 39.7, 61.161
2553, 39.67, 61.178
2554, 39.59, 61.211
2555, 39.55, 61.228
2556, 39.47, 61.261
2557, 39.43, 61.278
2558, 39.34, 61.311
2559, 39.3, 61.328
2560, 39.21, 61.361
2561, 39.17, 61.378
2562, 39.09, 61.411
2563, 39.05, 61.428
2564, 38.98, 61.461
2565, 38.94, 61.478
2566, 38.86, 61.511
2567, 38.81, 61.528
2568, 38.72, 61.561
2569, 38.64, 61.595
2570, 38.6, 61.611
2571, 38.52, 61.645
2572, 38.48, 61.661
2573, 38.41, 61.695
2574, 38.37, 61.711
2575, 38.29, 61.745
2576, 38.26, 61.761
2577, 38.18, 61.795
2578, 38.1, 61.828
2579, 38.07, 61.845
2580, 37.99, 61.878
2581, 37.95, 61.895
2582, 37.87, 61.928
2583, 37.78, 61.961
2584, 37.74, 61.978
2585, 37.66, 62.011
2586, 37.62, 62.028
2587, 37.54, 62.061
2588, 37.46, 62.095
2589, 37.41, 62.111
2590, 37.32, 62.145
2591, 37.22, 62.178
2592, 37.18, 62.195
2593, 37.08, 62.228
2594, 36.98, 62.261
2595, 36.94, 62.278
2596, 36.84, 62.311
2597, 36.74, 62.345
2598, 36.69, 62.361
2599, 36.6, 62.395
2600, 36.51, 62.428
2601, 36.46, 62.445
2602, 36.37, 62.478
2603, 36.29, 62.511
2604, 36.25, 62.528
2605, 36.14, 62.561
2606, 36.05, 62.595
2607, 36, 62.611
2608, 35.9, 62.645
2609, 35.82, 62.678
2610, 35.77, 62.695
2611, 35.68, 62.728
2612, 35.59, 62.761
2613, 35.5, 62.795
2614, 35.46, 62.811
2615, 35.37, 62.845
2616, 35.29, 62.878
2617, 35.22, 62.911
2618, 35.18, 62.928
2619, 35.11, 62.961
2620, 35.07, 62.995
2621, 35.03, 63.028
2622, 35.07, 63.045
2623, 35.08, 63.078
2624, 35.09, 63.111
2625, 35.12, 63.145
2626, 35.13, 63.161
2627, 35.17, 63.195
2628, 35.21, 63.228
2629, 35.26, 63.261
2630, 35.29, 63.278
2631, 35.37, 63.311
2632, 35.45, 63.345
2633, 35.55, 63.378
2634, 35.61, 63.395
2635, 35.72, 63.428
2636, 35.84, 63.461
2637, 35.9, 63.478
2638, 36.04, 63.511
2639, 36.17, 63.545
2640, 36.23, 63.561
2641, 36.36, 63.595
2642, 36.48, 63.628
2643, 36.55, 63.645
2644, 36.67, 63.678
2645, 36.79, 63.711
2646, 36.85, 63.728
2647, 36.98, 63.761
2648, 37.04, 63.778
2649, 37.15, 63.811
2650, 37.28, 63.845
2651, 37.33, 63.861
2652, 37.45, 63.895
2653, 37.5, 63.911
2654, 37.62, 63.945
2655, 37.75, 63.978
2656, 37.81, 63.995
2657, 37.92, 64.028
2658, 37.98, 64.045
2659, 38.09, 64.078
2660, 38.2, 64.111
2661, 38.26, 64.128
2662, 38.38, 64.161
2663, 38.43, 64.178
2664, 38.54, 64.211
2665, 38.59, 64.228
2666, 38.7, 64.261
2667, 38.79, 64.295
2668, 38.83, 64.311
2669, 38.9, 64.345
2670, 38.94, 64.361
2671, 39, 64.395
2672, 39.03, 64.411
2673, 39.09, 64.445
2674, 39.11, 64.461
2675, 39.15, 64.495
2676, 39.17, 64.511
2677, 39.22, 64.545
2678, 39.25, 64.578
2679, 39.26, 64.595
2680, 39.3, 64.628
2681, 39.32, 64.645
2682, 39.35, 64.678
2683, 39.36, 64.695
2684, 39.4, 64.728
2685, 39.42, 64.745
2686, 39.47, 64.778
2687, 39.5, 64.795
2688, 39.54, 64.828
2689, 39.6, 64.861
2690, 39.64, 64.878
2691, 39.7, 64.911
2692, 39.71, 64.928
2693, 39.78, 64.961
2694, 39.82, 64.978
2695, 39.86, 65.011
2696, 39.89, 65.028
2697, 39.97, 65.061
2698, 40, 65.078
2699, 40.09, 65.111
2700, 40.13, 65.128
2701, 40.21, 65.161
2702, 40.26, 65.178
2703, 40.36, 65.211
2704, 40.4, 65.228
2705, 40.5, 65.261
2706, 40.56, 65.278
2707, 40.67, 65.311
2708, 40.72, 65.328
2709, 40.82, 65.361
2710, 40.88, 65.378
2711, 41, 65.411
2712, 41.05, 65.428
2713, 41.16, 65.461
2714, 41.22, 65.478
2715, 41.33, 65.511
2716, 41.39, 65.528
2717, 41.44, 65.545
2718, 41.56, 65.578
2719, 41.63, 65.595
2720, 41.75, 65.628
2721, 41.8, 65.645
2722, 41.91, 65.678
2723, 41.96, 65.695
2724, 42.06, 65.728
2725, 42.13, 65.745
2726, 42.19, 65.761
2727, 42.29, 65.795
2728, 42.34, 65.811
2729, 42.46, 65.845
2730, 42.51, 65.861
2731, 42.56, 65.878
2732, 42.67, 65.911
2733, 42.73, 65.928
2734, 42.84, 65.961
2735, 42.89, 65.978
2736, 42.95, 65.995
2737, 43.05, 66.028
2738, 43.1, 66.045
2739, 43.2, 66.078
2740, 43.25, 66.095
2741, 43.31, 66.111
2742, 43.41, 66.145
2743, 43.46, 66.161
2744, 43.56, 66.195
2745, 43.61, 66.211
2746, 43.66, 66.228
2747, 43.75, 66.261
2748, 43.79, 66.278
2749, 43.84, 66.311
2750, 43.85, 66.328
2751, 43.84, 66.345
2752, 43.79, 66.378
2753, 43.76, 66.395
2754, 43.73, 66.411
2755, 43.55, 66.445
2756, 43.5, 66.461
2757, 43.44, 66.495
2758, 43.38, 66.511
2759, 43.32, 66.528
2760, 43.23, 66.561
2761, 43.18, 66.578
2762, 43.08, 66.611
2763, 43.03, 66.628
2764, 42.93, 66.661
2765, 42.88, 66.678
2766, 42.83, 66.695
2767, 42.73, 66.728
2768, 42.68, 66.745
2769, 42.58, 66.778
2770, 42.53, 66.795
2771, 42.48, 66.811
2772, 42.39, 66.845
2773, 42.34, 66.861
2774, 42.24, 66.895
2775, 42.19, 66.911
2776, 42.09, 66.945
2777, 42.04, 66.961
2778, 41.95, 66.995
2779, 41.9, 67.011
2780, 41.81, 67.045
2781, 41.76, 67.061
2782, 41.71, 67.078
2783, 41.62, 67.111
2784, 41.57, 67.128
2785, 41.46, 67.161
2786, 41.41, 67.178
2787, 41.31, 67.211
2788, 41.26, 67.228
2789, 41.17, 67.261
2790, 41.12, 67.278
2791, 41.02, 67.311
2792, 40.97, 67.328
2793, 40.86, 67.361
2794, 40.81, 67.378
2795, 40.71, 67.411
2796, 40.67, 67.428
2797, 40.57, 67.461
2798, 40.53, 67.478
2799, 40.43, 67.511
2800, 40.38, 67.528
2801, 40.29, 67.561
2802, 40.24, 67.578
2803, 40.15, 67.611
2804, 40.11, 67.628
2805, 40.02, 67.661
2806, 39.97, 67.678
2807, 39.88, 67.711
2808, 39.78, 67.745
2809, 39.74, 67.761
2810, 39.65, 67.795
2811, 39.61, 67.811
2812, 39.55, 67.845
2813, 39.52, 67.861
2814, 39.51, 67.895
2815, 39.56, 67.911
2816, 39.57, 67.945
2817, 39.58, 67.961
2818, 39.63, 67.995
2819, 39.66, 68.011
2820, 39.73, 68.045
2821, 39.76, 68.061
2822, 39.84, 68.095
2823, 39.93, 68.128
2824, 39.97, 68.145
2825, 40.07, 68.178
2826, 40.12, 68.195
2827, 40.23, 68.228
2828, 40.28, 68.245
2829, 40.39, 68.278
2830, 40.45, 68.295
2831, 40.56, 68.328
2832, 40.61, 68.345
2833, 40.73, 68.378
2834, 40.78, 68.395
2835, 40.9, 68.428
2836, 40.95, 68.445
2837, 41.01, 68.461
2838, 41.13, 68.495
2839, 41.18, 68.511
2840, 41.29, 68.545
2841, 41.35, 68.561
2842, 41.47, 68.595
2843, 41.52, 68.611
2844, 41.64, 68.645
2845, 41.69, 68.661
2846, 41.81, 68.695
2847, 41.87, 68.711
2848, 41.92, 68.728
2849, 42.04, 68.761
2850, 42.1, 68.778
2851, 42.22, 68.811
2852, 42.28, 68.828
2853, 42.34, 68.845
2854, 42.45, 68.878
2855, 42.51, 68.895
2856, 42.63, 68.928
2857, 42.68, 68.945
2858, 42.74, 68.961
2859, 42.85, 68.995
2860, 42.91, 69.011
2861, 42.97, 69.028
2862, 43.05, 69.061
2863, 43.06, 69.078
2864, 43.04, 69.111
2865, 43.02, 69.128
2866, 43, 69.145
2867, 42.84, 69.178
2868, 42.77, 69.195
2869, 42.75, 69.211
2870, 42.68, 69.245
2871, 42.6, 69.261
2872, 42.48, 69.295
2873, 42.44, 69.311
2874, 42.39, 69.328
2875, 42.26, 69.361
2876, 42.19, 69.378
2877, 42.06, 69.411
2878, 41.99, 69.428
2879, 41.92, 69.445
2880, 41.77, 69.478
2881, 41.7, 69.495
2882, 41.54, 69.528
2883, 41.46, 69.545
2884, 41.29, 69.578
2885, 41.2, 69.595
2886, 41.03, 69.628
2887, 40.94, 69.645
2888, 40.76, 69.678
2889, 40.68, 69.695
2890, 40.5, 69.728
2891, 40.41, 69.745
2892, 40.24, 69.778
2893, 40.16, 69.795
2894, 40, 69.828
2895, 39.92, 69.845
2896, 39.79, 69.878
2897, 39.72, 69.895
2898, 39.6, 69.928
2899, 39.54, 69.945
2900, 39.41, 69.978
2901, 39.35, 69.995
2902, 39.24, 70.028
2903, 39.18, 70.045
2904, 39.05, 70.078
2905, 39, 70.095
2906, 38.89, 70.128
2907, 38.77, 70.161
2908, 38.72, 70.178
2909, 38.62, 70.211
2910, 38.57, 70.228
2911, 38.48, 70.261
2912, 38.43, 70.278
2913, 38.36, 70.311
2914, 38.29, 70.345
2915, 38.25, 70.361
2916, 38.18, 70.395
2917, 38.15, 70.411
2918, 38.07, 70.445
2919, 38.04, 70.461
2920, 37.97, 70.495
2921, 37.9, 70.528
2922, 37.86, 70.545
2923, 37.78, 70.578
2924, 37.74, 70.595
2925, 37.67, 70.628
2926, 37.59, 70.661
2927, 37.56, 70.678
2928, 37.48, 70.711
2929, 37.43, 70.728
2930, 37.35, 70.761
2931, 37.26, 70.795
2932, 37.22, 70.811
2933, 37.13, 70.845
2934, 37.08, 70.861
2935, 36.99, 70.895
2936, 36.89, 70.928
2937, 36.84, 70.945
2938, 36.74, 70.978
2939, 36.7, 70.995
2940, 36.61, 71.028
2941, 36.52, 71.061
2942, 36.48, 71.078
2943, 36.39, 71.111
2944, 36.31, 71.145
2945, 36.27, 71.161
2946, 36.18, 71.195
2947, 36.09, 71.228
2948, 36.05, 71.245
2949, 35.97, 71.278
2950, 35.89, 71.311
2951, 35.84, 71.328
2952, 35.76, 71.361
2953, 35.67, 71.395
2954, 35.63, 71.411
2955, 35.54, 71.445
2956, 35.46, 71.478
2957, 35.42, 71.495
2958, 35.35, 71.528
2959, 35.28, 71.561
2960, 35.23, 71.578
2961, 35.13, 71.611
2962, 35.03, 71.645
2963, 34.96, 71.678
2964, 34.93, 71.695
2965, 34.88, 71.728
2966, 34.87, 71.761
2967, 34.88, 71.778
2968, 34.84, 71.811
2969, 34.83, 71.845
2970, 34.84, 71.878
2971, 34.85, 71.895
2972, 34.86, 71.928
2973, 34.9, 71.961
2974, 34.92, 71.978
2975, 34.92, 72.011
2976, 34.95, 72.045
2977, 34.97, 72.078
2978, 34.97, 72.095
2979, 35, 72.128
2980, 35.01, 72.161
2981, 35.01, 72.178
2982, 35.03, 72.211
2983, 35.05, 72.245
2984, 35.05, 72.278
2985, 35.06, 72.295
2986, 35.08, 72.328
2987, 35.1, 72.361
2988, 35.11, 72.378
2989, 35.13, 72.411
2990, 35.15, 72.445
2991, 35.19, 72.478
2992, 35.21, 72.495
2993, 35.24, 72.528
2994, 35.31, 72.561
2995, 35.34, 72.578
2996, 35.42, 72.611
2997, 35.52, 72.645
2998, 35.6, 72.678
2999, 35.66, 72.695
3000, 35.8, 72.728
3001, 35.92, 72.761
3002, 35.97, 72.778
3003, 36.09, 72.811
3004, 36.2, 72.845
3005, 36.26, 72.861
3006, 36.39, 72.895
3007, 36.52, 72.928
3008, 36.58, 72.945
3009, 36.7, 72.978
3010, 36.82, 73.011
3011, 36.87, 73.028
3012, 37, 73.061
3013, 37.06, 73.078
3014, 37.17, 73.111
3015, 37.28, 73.145
3016, 37.35, 73.161
3017, 37.46, 73.195
3018, 37.57, 73.228
3019, 37.62, 73.245
3020, 37.75, 73.278
3021, 37.81, 73.295
3022, 37.92, 73.328
3023, 38, 73.361
3024, 38.04, 73.378
3025, 38.12, 73.411
3026, 38.18, 73.428
3027, 38.27, 73.461
3028, 38.31, 73.478
3029, 38.38, 73.511
3030, 38.46, 73.545
3031, 38.5, 73.561
3032, 38.58, 73.595
3033, 38.62, 73.611
3034, 38.7, 73.645
3035, 38.74, 73.661
3036, 38.83, 73.695
3037, 38.87, 73.711
3038, 38.95, 73.745
3039, 39.02, 73.778
3040, 39.06, 73.795
3041, 39.14, 73.828
3042, 39.18, 73.845
3043, 39.26, 73.878
3044, 39.3, 73.895
3045, 39.39, 73.928
3046, 39.43, 73.945
3047, 39.51, 73.978
3048, 39.55, 73.995
3049, 39.63, 74.028
3050, 39.67, 74.045
3051, 39.74, 74.078
3052, 39.78, 74.095
3053, 39.85, 74.128
3054, 39.89, 74.145
3055, 39.96, 74.178
3056, 40, 74.195
3057, 40.07, 74.228
3058, 40.1, 74.245
3059, 40.16, 74.278
3060, 40.2, 74.295
3061, 40.26, 74.328
3062, 40.29, 74.345
3063, 40.36, 74.378
3064, 40.39, 74.395
3065, 40.45, 74.428
3066, 40.48, 74.445
3067, 40.54, 74.478
3068, 40.58, 74.495
3069, 40.64, 74.528
3070, 40.67, 74.545
3071, 40.76, 74.578
3072, 40.8, 74.595
3073, 40.9, 74.628
3074, 40.95, 74.645
3075, 41.04, 74.678
3076, 41.09, 74.695
3077, 41.2, 74.728
3078, 41.25, 74.745
3079, 41.36, 74.778
3080, 41.42, 74.795
3081, 41.53, 74.828
3082, 41.59, 74.845
3083, 41.65, 74.861
3084, 41.77, 74.895
3085, 41.83, 74.911
3086, 41.94, 74.945
3087, 42, 74.961
3088, 42.12, 74.995
3089, 42.17, 75.011
3090, 42.22, 75.028
3091, 42.34, 75.061
3092, 42.39, 75.078
3093, 42.5, 75.111
3094, 42.56, 75.128
3095, 42.67, 75.161
3096, 42.72, 75.178
3097, 42.78, 75.195
3098, 42.89, 75.228
3099, 42.94, 75.245
3100, 43.05, 75.278
3101, 43.11, 75.295
3102, 43.17, 75.311
3103, 43.28, 75.345
3104, 43.34, 75.361
3105, 43.44, 75.395
3106, 43.5, 75.411
3107, 43.55, 75.428
3108, 43.66, 75.461
3109, 43.72, 75.478
3110, 43.77, 75.495
3111, 43.88, 75.528
3112, 43.94, 75.545
3113, 44.05, 75.578
3114, 44.11, 75.595
3115, 44.16, 75.611
3116, 44.27, 75.645
3117, 44.33, 75.661
3118, 44.38, 75.678
3119, 44.49, 75.711
3120, 44.54, 75.728
3121, 44.6, 75.745
3122, 44.71, 75.778
3123, 44.75, 75.795
3124, 44.8, 75.811
3125, 44.9, 75.845
3126, 44.95, 75.861
3127, 45, 75.878
3128, 45.11, 75.911
3129, 45.16, 75.928
3130, 45.22, 75.945
3131, 45.33, 75.978
3132, 45.38, 75.995
3133, 45.42, 76.011
3134, 45.52, 76.045
3135, 45.58, 76.061
3136, 45.63, 76.078
3137, 45.74, 76.111
3138, 45.79, 76.128
3139, 45.84, 76.145
3140, 45.95, 76.178
3141, 46, 76.195
3142, 46.05, 76.211
3143, 46.1, 76.228
3144, 46.2, 76.261
3145, 46.25, 76.278
3146, 46.3, 76.295
3147, 46.4, 76.328
3148, 46.45, 76.345
3149, 46.5, 76.361
3150, 46.55, 76.378
3151, 46.66, 76.411
3152, 46.71, 76.428
3153, 46.76, 76.445
3154, 46.86, 76.478
3155, 46.91, 76.495
3156, 46.96, 76.511
3157, 47.01, 76.528
3158, 47.11, 76.561
3159, 47.16, 76.578
3160, 47.21, 76.595
3161, 47.32, 76.628
3162, 47.37, 76.645
3163, 47.42, 76.661
3164, 47.47, 76.678
3165, 47.57, 76.711
3166, 47.62, 76.728
3167, 47.67, 76.745
3168, 47.72, 76.761
3169, 47.82, 76.795
3170, 47.87, 76.811
3171, 47.91, 76.828
3172, 47.96, 76.845
3173, 48.06, 76.878
3174, 48.11, 76.895
3175, 48.16, 76.911
3176, 48.21, 76.928
3177, 48.31, 76.961
3178, 48.35, 76.978
3179, 48.4, 76.995
3180, 48.44, 77.011
3181, 48.54, 77.045
3182, 48.58, 77.061
3183, 48.63, 77.078
3184, 48.68, 77.095
3185, 48.78, 77.128
3186, 48.82, 77.145
3187, 48.87, 77.161
3188, 48.92, 77.178
3189, 48.96, 77.195
3190, 49.05, 77.228
3191, 49.1, 77.245
3192, 49.14, 77.261
3193, 49.19, 77.278
3194, 49.27, 77.311
3195, 49.32, 77.328
3196, 49.38, 77.345
3197, 49.43, 77.361
3198, 49.47, 77.378
3199, 49.55, 77.411
3200, 49.6, 77.428
3201, 49.64, 77.445
3202, 49.68, 77.461
3203, 49.77, 77.495
3204, 49.82, 77.511
3205, 49.86, 77.528
3206, 49.9, 77.545
3207, 49.95, 77.561
3208, 50.03, 77.595
3209, 50.06, 77.611
3210, 50.1, 77.628
3211, 50.13, 77.645
3212, 50.16, 77.661
3213, 50.21, 77.695
3214, 50.22, 77.711
3215, 50.2, 77.728
3216, 50.18, 77.745
3217, 50.29, 77.761
3218, 50.38, 77.795
3219, 50.41, 77.811
3220, 50.48, 77.828
3221, 50.53, 77.845
3222, 50.55, 77.861
3223, 50.63, 77.895
3224, 50.67, 77.911
3225, 50.71, 77.928
3226, 50.75, 77.945
3227, 50.8, 77.961
3228, 50.84, 77.978
3229, 50.91, 78.011
3230, 50.95, 78.028
3231, 51, 78.045
3232, 51.04, 78.061
3233, 51.07, 78.078
3234, 51.15, 78.111
3235, 51.19, 78.128
3236, 51.22, 78.145
3237, 51.26, 78.161
3238, 51.3, 78.178
3239, 51.34, 78.195
3240, 51.42, 78.228
3241, 51.46, 78.245
3242, 51.5, 78.261
3243, 51.54, 78.278
3244, 51.57, 78.295
3245, 51.61, 78.311
3246, 51.69, 78.345
3247, 51.73, 78.361
3248, 51.77, 78.378
3249, 51.81, 78.395
3250, 51.84, 78.411
3251, 51.88, 78.428
3252, 51.96, 78.461
3253, 51.99, 78.478
3254, 52.03, 78.495
3255, 52.07, 78.511
3256, 52.11, 78.528
3257, 52.14, 78.545
3258, 52.22, 78.578
3259, 52.26, 78.595
3260, 52.3, 78.611
3261, 52.33, 78.628
3262, 52.37, 78.645
3263, 52.4, 78.661
3264, 52.47, 78.695
3265, 52.51, 78.711
3266, 52.54, 78.728
3267, 52.58, 78.745
3268, 52.62, 78.761
3269, 52.65, 78.778
3270, 52.69, 78.795
3271, 52.76, 78.828
3272, 52.8, 78.845
3273, 52.84, 78.861
3274, 52.87, 78.878
3275, 52.91, 78.895
3276, 52.95, 78.911
3277, 52.98, 78.928
3278, 53.02, 78.945
3279, 53.09, 78.978
3280, 53.12, 78.995
3281, 53.16, 79.011
3282, 53.2, 79.028
3283, 53.23, 79.045
3284, 53.27, 79.061
3285, 53.3, 79.078
3286, 53.37, 79.111
3287, 53.41, 79.128
3288, 53.44, 79.145
3289, 53.48, 79.161
3290, 53.52, 79.178
3291, 53.55, 79.195
3292, 53.58, 79.211
3293, 53.61, 79.228
3294, 53.68, 79.261
3295, 53.72, 79.278
3296, 53.76, 79.295
3297, 53.8, 79.311
3298, 53.84, 79.328
3299, 53.87, 79.345
3300, 53.9, 79.361
3301, 53.94, 79.378
3302, 53.97, 79.395
3303, 54.04, 79.428
3304, 54.07, 79.445
3305, 54.11, 79.461
3306, 54.14, 79.478
3307, 54.18, 79.495
3308, 54.21, 79.511
3309, 54.25, 79.528
3310, 54.29, 79.545
3311, 54.32, 79.561
3312, 54.39, 79.595
3313, 54.42, 79.611
3314, 54.46, 79.628
3315, 54.49, 79.645
3316, 54.53, 79.661
3317, 54.56, 79.678
3318, 54.6, 79.695
3319, 54.64, 79.711
3320, 54.68, 79.728
3321, 54.71, 79.745
3322, 54.78, 79.778
3323, 54.81, 79.795
3324, 54.85, 79.811
3325, 54.88, 79.828
3326, 54.92, 79.845
3327, 54.95, 79.861
3328, 54.98, 79.878
3329, 55.01, 79.895
3330, 55.05, 79.911
3331, 55.08, 79.928
3332, 55.15, 79.961
3333, 55.19, 79.978
3334, 55.22, 79.995
3335, 55.26, 80.011
3336, 55.3, 80.028
3337, 55.33, 80.045
3338, 55.37, 80.061
3339, 55.4, 80.078
3340, 55.43, 80.095
3341, 55.46, 80.111
3342, 55.49, 80.128
3343, 55.52, 80.145
3344, 55.59, 80.178
3345, 55.63, 80.195
3346, 55.67, 80.211
3347, 55.7, 80.228
3348, 55.74, 80.245
3349, 55.77, 80.261
3350, 55.8, 80.278
3351, 55.84, 80.295
3352, 55.87, 80.311
3353, 55.9, 80.328
3354, 55.94, 80.345
3355, 55.97, 80.361
3356, 56, 80.378
3357, 56.07, 80.411
3358, 56.1, 80.428
3359, 56.13, 80.445
3360, 56.17, 80.461
3361, 56.2, 80.478
3362, 56.24, 80.495
3363, 56.27, 80.511
3364, 56.3, 80.528
3365, 56.33, 80.545
3366, 56.37, 80.561
3367, 56.4, 80.578
3368, 56.44, 80.595
3369, 56.47, 80.611
3370, 56.51, 80.628
3371, 56.54, 80.645
3372, 56.6, 80.678
3373, 56.63, 80.695
3374, 56.66, 80.711
3375, 56.7, 80.728
3376, 56.73, 80.745
3377, 56.77, 80.761
3378, 56.8, 80.778
3379, 56.84, 80.795
3380, 56.87, 80.811
3381, 56.9, 80.828
3382, 56.93, 80.845
3383, 56.96, 80.861
3384, 56.98, 80.878
3385, 57.01, 80.895
3386, 57.04, 80.911
3387, 57.07, 80.928
3388, 57.11, 80.945
3389, 57.15, 80.961
3390, 57.22, 80.995
3391, 57.25, 81.011
3392, 57.28, 81.028
3393, 57.31, 81.045
3394, 57.34, 81.061
3395, 57.37, 81.078
3396, 57.4, 81.095
3397, 57.43, 81.111
3398, 57.46, 81.128
3399, 57.49, 81.145
3400, 57.52, 81.161
3401, 57.55, 81.178
3402, 57.59, 81.195
3403, 57.62, 81.211
3404, 57.65, 81.228
3405, 57.68, 81.245
3406, 57.72, 81.261
3407, 57.74, 81.278
3408, 57.77, 81.295
3409, 57.8, 81.311
3410, 57.83, 81.328
3411, 57.86, 81.345
3412, 57.9, 81.361
3413, 57.93, 81.378
3414, 57.99, 81.411
3415, 58.02, 81.428
3416, 58.04, 81.445
3417, 58.06, 81.461
3418, 58.08, 81.478
3419, 58.1, 81.495
3420, 58.13, 81.511
3421, 58.18, 81.528
3422, 58.22, 81.545
3423, 58.26, 81.561
3424, 58.24, 81.578
3425, 58.21, 81.595
3426, 58.33, 81.611
3427, 58.36, 81.628
3428, 58.3, 81.645
3429, 58.36, 81.661
3430, 58.42, 81.678
3431, 58.42, 81.695
3432, 58.43, 81.711
3433, 58.47, 81.728
3434, 58.5, 81.745
3435, 58.51, 81.761
3436, 58.54, 81.778
3437, 58.57, 81.795
3438, 58.59, 81.811
3439, 58.62, 81.828
3440, 58.65, 81.845
3441, 58.67, 81.861
3442, 58.69, 81.878
3443, 58.72, 81.895
3444, 58.74, 81.911
3445, 58.76, 81.928
3446, 58.79, 81.945
3447, 58.81, 81.961
3448, 58.84, 81.978
3449, 58.86, 81.995
3450, 58.89, 82.011
3451, 58.93, 82.045
3452, 58.95, 82.061
3453, 58.98, 82.078
3454, 59, 82.095
3455, 59.01, 82.111
3456, 59.03, 82.128
3457, 59.05, 82.145
3458, 59.05, 82.161
3459, 59.05, 82.178
3460, 59.04, 82.195
3461, 59.02, 82.211
3462, 58.97, 82.228
3463, 58.91, 82.245
3464, 58.86, 82.261
3465, 58.79, 82.278
3466, 58.7, 82.295
3467, 58.56, 82.311
3468, 58.47, 82.328
3469, 58.38, 82.345
3470, 58.27, 82.361
3471, 58.13, 82.378
3472, 57.98, 82.395
3473, 57.84, 82.411
3474, 57.68, 82.428
3475, 57.49, 82.445
3476, 57.3, 82.461
3477, 57.1, 82.478
3478, 56.87, 82.495
3479, 56.64, 82.511
3480, 56.4, 82.528
3481, 56.15, 82.545
3482, 55.88, 82.561
3483, 55.34, 82.595
3484, 55.07, 82.611
3485, 54.81, 82.628
3486, 54.55, 82.645
3487, 54.29, 82.661
3488, 54.04, 82.678
3489, 53.78, 82.695
3490, 53.52, 82.711
3491, 53.26, 82.728
3492, 53, 82.745
3493, 52.53, 82.778
3494, 52.29, 82.795
3495, 52.07, 82.811
3496, 51.87, 82.828
3497, 51.67, 82.845
3498, 51.46, 82.861
3499, 51.09, 82.895
3500, 50.92, 82.911
3501, 50.71, 82.928
3502, 50.5, 82.945
3503, 50.34, 82.961
3504, 50.2, 82.978
3505, 49.92, 83.011
3506, 49.77, 83.028
3507, 49.66, 83.045
3508, 49.55, 83.061
3509, 49.41, 83.078
3510, 49.2, 83.111
3511, 49.1, 83.128
3512, 48.97, 83.145
3513, 48.83, 83.161
3514, 48.6, 83.195
3515, 48.48, 83.211
3516, 48.36, 83.228
3517, 48.25, 83.245
3518, 48.02, 83.278
3519, 47.89, 83.295
3520, 47.77, 83.311
3521, 47.63, 83.328
3522, 47.35, 83.361
3523, 47.21, 83.378
3524, 47.07, 83.395
3525, 46.92, 83.411
3526, 46.64, 83.445
3527, 46.5, 83.461
3528, 46.34, 83.478
3529, 45.91, 83.511
3530, 45.73, 83.528
3531, 45.57, 83.545
3532, 45.37, 83.561
3533, 44.99, 83.595
3534, 44.82, 83.611
3535, 44.64, 83.628
3536, 44.26, 83.661
3537, 44.07, 83.678
3538, 43.7, 83.711
3539, 43.51, 83.728
3540, 43.32, 83.745
3541, 42.95, 83.778
3542, 42.76, 83.795
3543, 42.57, 83.811
3544, 42.2, 83.845
3545, 42.01, 83.861
3546, 41.61, 83.895
3547, 41.42, 83.911
3548, 41.04, 83.945
3549, 40.86, 83.961
3550, 40.48, 83.995
3551, 40.27, 84.011
3552, 39.86, 84.045
3553, 39.66, 84.061
3554, 39.25, 84.095
3555, 39.05, 84.111
3556, 38.61, 84.145
3557, 38.4, 84.161
3558, 37.99, 84.195
3559, 37.78, 84.211
3560, 37.36, 84.245
3561, 36.94, 84.278
3562, 36.74, 84.295
3563, 36.38, 84.328
3564, 36.19, 84.345
3565, 35.81, 84.378
3566, 35.44, 84.411
3567, 35.26, 84.428
3568, 34.95, 84.461
3569, 34.64, 84.495
3570, 34.33, 84.528
3571, 34.2, 84.545
3572, 33.93, 84.578
3573, 33.69, 84.611
3574, 33.48, 84.645
3575, 33.37, 84.661
3576, 33.16, 84.695
3577, 32.97, 84.728
3578, 32.79, 84.761
3579, 32.64, 84.795
3580, 32.57, 84.811
3581, 32.42, 84.845
3582, 32.27, 84.878
3583, 32.15, 84.911
3584, 32.03, 84.945
3585, 31.9, 84.978
3586, 31.76, 85.011
3587, 31.63, 85.045
3588, 31.57, 85.061
3589, 31.45, 85.095
3590, 31.32, 85.128
3591, 31.18, 85.161
3592, 31.05, 85.195
3593, 30.94, 85.228
3594, 30.83, 85.261
3595, 30.72, 85.295
3596, 30.62, 85.328
3597, 30.52, 85.361
3598, 30.43, 85.395
3599, 30.34, 85.428
3600, 30.25, 85.461
3601, 30.18, 85.495
3602, 30.1, 85.528
3603, 30.01, 85.561
3604, 29.94, 85.595
3605, 29.88, 85.628
3606, 29.81, 85.661
3607, 29.74, 85.695
3608, 29.67, 85.728
3609, 29.61, 85.761
3610, 29.55, 85.795
3611, 29.49, 85.828
3612, 29.45, 85.861
3613, 29.4, 85.895
3614, 29.37, 85.928
3615, 29.38, 85.961
3616, 29.38, 85.995
3617, 29.4, 86.028
3618, 29.4, 86.061
3619, 29.44, 86.095
3620, 29.46, 86.128
3621, 29.5, 86.161
3622, 29.54, 86.195
3623, 29.58, 86.228
3624, 29.63, 86.261
3625, 29.66, 86.295
3626, 29.71, 86.328
3627, 29.76, 86.361
3628, 29.81, 86.395
3629, 29.88, 86.428
3630, 29.93, 86.461
3631, 30.01, 86.495
3632, 30.1, 86.528
3633, 30.18, 86.561
3634, 30.27, 86.595
3635, 30.36, 86.628
3636, 30.45, 86.661
3637, 30.54, 86.695
3638, 30.64, 86.728
3639, 30.74, 86.761
3640, 30.84, 86.795
3641, 30.94, 86.828
3642, 31.05, 86.861
3643, 31.16, 86.895
3644, 31.27, 86.928
3645, 31.38, 86.961
3646, 31.5, 86.995
3647, 31.56, 87.011
3648, 31.68, 87.045
3649, 31.8, 87.078
3650, 31.92, 87.111
3651, 32.04, 87.145
3652, 32.15, 87.178
3653, 32.27, 87.211
3654, 32.39, 87.245
3655, 32.45, 87.261
3656, 32.57, 87.295
3657, 32.69, 87.328
3658, 32.8, 87.361
3659, 32.92, 87.395
3660, 33.04, 87.428
3661, 33.1, 87.445
3662, 33.21, 87.478
3663, 33.33, 87.511
3664, 33.45, 87.545
3665, 33.56, 87.578
3666, 33.62, 87.595
3667, 33.74, 87.628
3668, 33.86, 87.661
3669, 33.98, 87.695
3670, 34.04, 87.711
3671, 34.15, 87.745
3672, 34.27, 87.778
3673, 34.39, 87.811
3674, 34.46, 87.828
3675, 34.58, 87.861
3676, 34.7, 87.895
3677, 34.82, 87.928
3678, 34.88, 87.945
3679, 35.01, 87.978
3680, 35.13, 88.011
3681, 35.19, 88.028
3682, 35.32, 88.061
3683, 35.44, 88.095
3684, 35.56, 88.128
3685, 35.63, 88.145
3686, 35.74, 88.178
3687, 35.86, 88.211
3688, 35.93, 88.228
3689, 36.06, 88.261
3690, 36.19, 88.295
3691, 36.26, 88.311
3692, 36.38, 88.345
3693, 36.49, 88.378
3694, 36.55, 88.395
3695, 36.64, 88.428
3696, 36.66, 88.445
3697, 36.69, 88.478
3698, 36.66, 88.511
3699, 36.62, 88.528
3700, 36.54, 88.561
3701, 36.39, 88.595
3702, 36.29, 88.611
3703, 36.18, 88.645
3704, 36.03, 88.678
3705, 35.93, 88.695
3706, 35.74, 88.728
3707, 35.53, 88.761
3708, 35.41, 88.778
3709, 35.17, 88.811
3710, 34.95, 88.845
3711, 34.83, 88.861
3712, 34.61, 88.895
3713, 34.41, 88.928
3714, 34.24, 88.961
3715, 34.16, 88.978
3716, 34.02, 89.011
3717, 33.9, 89.045
3718, 33.79, 89.078
3719, 33.67, 89.111
3720, 33.61, 89.128
3721, 33.47, 89.161
3722, 33.32, 89.195
3723, 33.16, 89.228
3724, 32.98, 89.261
3725, 32.89, 89.278
3726, 32.72, 89.311
3727, 32.52, 89.345
3728, 32.17, 89.378
3729, 31.97, 89.411
3730, 31.76, 89.445
3731, 31.51, 89.478
3732, 31.4, 89.495
3733, 31.18, 89.528
3734, 30.94, 89.561
3735, 30.69, 89.595
3736, 30.44, 89.628
3737, 30.18, 89.661
3738, 29.92, 89.695
3739, 29.65, 89.728
3740, 29.38, 89.761
3741, 29.1, 89.795
3742, 28.82, 89.828
3743, 28.53, 89.861
3744, 28.11, 89.911
3745, 27.83, 89.945
3746, 27.57, 89.978
3747, 27.32, 90.011
3748, 26.94, 90.045
3749, 26.56, 90.078
3750, 26.14, 90.128
3751, 25.85, 90.161
3752, 25.55, 90.195
3753, 25.14, 90.245
3754, 24.85, 90.278
3755, 24.43, 90.328
3756, 24.21, 90.361
3757, 23.89, 90.411
3758, 23.64, 90.445
3759, 23.3, 90.495
3760, 23.07, 90.545
3761, 22.9, 90.578
3762, 22.67, 90.628
3763, 22.46, 90.678
3764, 22.33, 90.711
3765, 22.11, 90.761
3766, 21.91, 90.811
3767, 21.72, 90.861
3768, 21.5, 90.911
3769, 21.3, 90.961
3770, 21.11, 91.011
3771, 20.98, 91.045
3772, 20.71, 91.111
3773, 20.52, 91.161
3774, 20.33, 91.211
3775, 20.16, 91.261
3776, 19.98, 91.311
3777, 19.82, 91.361
3778, 19.58, 91.428
3779, 19.41, 91.478
3780, 19.26, 91.528
3781, 19.04, 91.595
3782, 18.87, 91.645
3783, 18.67, 91.711
3784, 18.55, 91.761
3785, 18.42, 91.811
3786, 18.23, 91.878
3787, 18.06, 91.945
3788, 17.96, 91.995
3789, 17.78, 92.061
3790, 17.63, 92.111
3791, 17.47, 92.178
3792, 17.32, 92.245
3793, 17.18, 92.295
3794, 17.02, 92.361
3795, 16.9, 92.428
3796, 16.8, 92.495
3797, 16.73, 92.545
3798, 16.76, 92.611
3799, 16.79, 92.678
3800, 16.89, 92.745
3801, 16.96, 92.795
3802, 17.1, 92.861
3803, 17.24, 92.911
3804, 17.42, 92.978
3805, 17.56, 93.028
3806, 17.75, 93.095
3807, 17.91, 93.145
3808, 18.06, 93.195
3809, 18.23, 93.245
3810, 18.4, 93.295
3811, 18.59, 93.345
3812, 18.82, 93.395
3813, 19.1, 93.445
3814, 19.4, 93.495
3815, 19.71, 93.545
3816, 20.04, 93.595
3817, 20.37, 93.645
3818, 20.7, 93.695
3819, 21.01, 93.745
3820, 21.32, 93.795
3821, 21.62, 93.845
3822, 21.8, 93.878
3823, 22.06, 93.928
3824, 22.32, 93.978
3825, 22.59, 94.028
3826, 22.77, 94.061
3827, 23.04, 94.111
3828, 23.29, 94.161
3829, 23.46, 94.195
3830, 23.68, 94.245
3831, 23.8, 94.278
3832, 23.96, 94.328
3833, 24.09, 94.378
3834, 24.16, 94.411
3835, 24.21, 94.461
3836, 24.25, 94.495
3837, 24.25, 94.545
3838, 24.47, 94.578
3839, 24.49, 94.628
3840, 24.5, 94.661
3841, 24.54, 94.711
3842, 24.59, 94.745
3843, 24.69, 94.795
3844, 24.77, 94.828
3845, 24.86, 94.878
3846, 24.88, 94.911
3847, 24.98, 94.945
3848, 25.04, 94.995
3849, 25.1, 95.028
3850, 25.2, 95.078
3851, 25.27, 95.111
3852, 25.35, 95.145
3853, 25.47, 95.195
3854, 25.57, 95.228
3855, 25.67, 95.261
3856, 25.83, 95.311
3857, 25.93, 95.345
3858, 26.04, 95.378
3859, 26.18, 95.428
3860, 26.28, 95.461
3861, 26.39, 95.495
3862, 26.56, 95.545
3863, 26.67, 95.578
3864, 26.78, 95.611
3865, 26.91, 95.645
3866, 27.04, 95.678
3867, 27.27, 95.728
3868, 27.43, 95.761
3869, 27.59, 95.795
3870, 27.74, 95.828
3871, 27.91, 95.861
3872, 28.15, 95.911
3873, 28.31, 95.945
3874, 28.48, 95.978
3875, 28.64, 96.011
3876, 28.81, 96.045
3877, 28.98, 96.078
3878, 29.15, 96.111
3879, 29.31, 96.145
3880, 29.47, 96.178
3881, 29.64, 96.211
3882, 29.79, 96.245
3883, 29.94, 96.278
3884, 30.13, 96.311
3885, 30.31, 96.345
3886, 30.46, 96.378
3887, 30.62, 96.411
3888, 30.79, 96.445
3889, 30.95, 96.478
3890, 31.11, 96.511
3891, 31.26, 96.545
3892, 31.41, 96.578
3893, 31.57, 96.611
3894, 31.73, 96.645
3895, 31.91, 96.678
3896, 32.07, 96.711
3897, 32.14, 96.728
3898, 32.29, 96.761
3899, 32.45, 96.795
3900, 32.61, 96.828
3901, 32.78, 96.861
3902, 32.93, 96.895
3903, 33.05, 96.928
3904, 33.08, 96.945
3905, 33.11, 96.978
3906, 33.08, 97.011
3907, 33.03, 97.045
3908, 32.87, 97.078
3909, 32.74, 97.111
3910, 32.72, 97.128
3911, 32.63, 97.161
3912, 32.48, 97.195
3913, 32.35, 97.228
3914, 32.21, 97.261
3915, 32.04, 97.295
3916, 31.87, 97.328
3917, 31.78, 97.345
3918, 31.58, 97.378
3919, 31.38, 97.411
3920, 31.16, 97.445
3921, 30.93, 97.478
3922, 30.71, 97.511
3923, 30.47, 97.545
3924, 30.22, 97.578
3925, 29.97, 97.611
3926, 29.73, 97.645
3927, 29.49, 97.678
3928, 29.25, 97.711
3929, 29, 97.745
3930, 28.75, 97.778
3931, 28.53, 97.811
3932, 28.35, 97.845
3933, 28.16, 97.878
3934, 28.01, 97.911
3935, 27.87, 97.945
3936, 27.67, 97.995
3937, 27.53, 98.028
3938, 27.41, 98.061
3939, 27.27, 98.095
3940, 27.12, 98.128
3941, 26.93, 98.178
3942, 26.8, 98.211
3943, 26.65, 98.245
3944, 26.51, 98.278
3945, 26.3, 98.328
3946, 26.17, 98.361
3947, 25.99, 98.411
3948, 25.86, 98.445
3949, 25.75, 98.478
3950, 25.59, 98.528
3951, 25.45, 98.561
3952, 25.25, 98.611
3953, 25.13, 98.645
3954, 24.96, 98.695
3955, 24.85, 98.728
3956, 24.7, 98.778
3957, 24.6, 98.811
3958, 24.46, 98.861
3959, 24.37, 98.895
3960, 24.21, 98.945
3961, 24.04, 98.995
3962, 23.93, 99.028
3963, 23.78, 99.078
3964, 23.69, 99.111
3965, 23.55, 99.161
3966, 23.42, 99.211
3967, 23.3, 99.261
3968, 23.22, 99.295
3969, 23.11, 99.345
3970, 23.02, 99.395
3971, 23.09, 99.445
3972, 23.17, 99.478
3973, 23.24, 99.528
3974, 23.36, 99.578
3975, 23.44, 99.628
3976, 23.52, 99.661
3977, 23.61, 99.711
3978, 23.71, 99.761
3979, 23.78, 99.795
3980, 23.92, 99.845
3981, 24.06, 99.895
3982, 24.17, 99.928
3983, 24.35, 99.978
3984, 24.53, 100.028
3985, 24.66, 100.061
3986, 24.84, 100.111
3987, 24.98, 100.145
3988, 25.19, 100.195
3989, 25.34, 100.228
3990, 25.58, 100.278
3991, 25.74, 100.311
3992, 25.89, 100.345
3993, 26.13, 100.395
3994, 26.28, 100.428
3995, 26.43, 100.461
3996, 26.67, 100.511
3997, 26.82, 100.545
3998, 26.97, 100.578
3999, 27.2, 100.628
4000, 27.35, 100.661
4001, 27.51, 100.695
4002, 27.74, 100.745
4003, 27.89, 100.778
4004, 28.04, 100.811
4005, 28.2, 100.845
4006, 28.35, 100.878
4007, 28.58, 100.928
4008, 28.73, 100.961
4009, 28.88, 100.995
4010, 29.05, 101.028
4011, 29.21, 101.061
4012, 29.36, 101.095
4013, 29.51, 101.128
4014, 29.67, 101.161
4015, 29.83, 101.195
4016, 29.98, 101.228
4017, 30.14, 101.261
4018, 30.3, 101.295
4019, 30.46, 101.328
4020, 30.61, 101.361
4021, 30.77, 101.395
4022, 30.93, 101.428
4023, 31.08, 101.461
4024, 31.24, 101.495
4025, 31.4, 101.528
4026, 31.56, 101.561
4027, 31.72, 101.595
4028, 31.88, 101.628
4029, 32.03, 101.661
4030, 32.19, 101.695
4031, 32.27, 101.711
4032, 32.41, 101.745
4033, 32.57, 101.778
4034, 32.73, 101.811
4035, 32.87, 101.845
4036, 33.02, 101.878
4037, 33.16, 101.911
4038, 33.24, 101.928
4039, 33.39, 101.961
4040, 33.54, 101.995
4041, 33.69, 102.028
4042, 33.83, 102.061
4043, 33.9, 102.078
4044, 34.04, 102.111
4045, 34.19, 102.145
4046, 34.34, 102.178
4047, 34.42, 102.195
4048, 34.56, 102.228
4049, 34.71, 102.261
4050, 34.85, 102.295
4051, 34.93, 102.311
4052, 35.08, 102.345
4053, 35.22, 102.378
4054, 35.3, 102.395
4055, 35.44, 102.428
4056, 35.59, 102.461
4057, 35.66, 102.478
4058, 35.8, 102.511
4059, 35.94, 102.545
4060, 36.02, 102.561
4061, 36.15, 102.595
4062, 36.3, 102.628
4063, 36.38, 102.645
4064, 36.53, 102.678
4065, 36.67, 102.711
4066, 36.74, 102.728
4067, 36.89, 102.761
4068, 36.96, 102.778
4069, 37.1, 102.811
4070, 37.24, 102.845
4071, 37.31, 102.861
4072, 37.45, 102.895
4073, 37.52, 102.911
4074, 37.67, 102.945
4075, 37.74, 102.961
4076, 37.88, 102.995
4077, 38.02, 103.028
4078, 38.09, 103.045
4079, 38.23, 103.078
4080, 38.3, 103.095
4081, 38.44, 103.128
4082, 38.51, 103.145
4083, 38.64, 103.178
4084, 38.71, 103.195
4085, 38.85, 103.228
4086, 38.91, 103.245
4087, 39.04, 103.278
4088, 39.11, 103.295
4089, 39.24, 103.328
4090, 39.31, 103.345
4091, 39.45, 103.378
4092, 39.52, 103.395
4093, 39.65, 103.428
4094, 39.71, 103.445
4095, 39.78, 103.478
4096, 39.75, 103.495
4097, 40.02, 103.528
4098, 40.09, 103.545
4099, 40.16, 103.578
4100, 40.23, 103.595
4101, 40.35, 103.628
4102, 40.39, 103.645
4103, 40.45, 103.661
4104, 40.57, 103.695
4105, 40.63, 103.711
4106, 40.74, 103.745
4107, 40.8, 103.761
4108, 40.91, 103.795
4109, 40.97, 103.811
4110, 41.08, 103.845
4111, 41.14, 103.861
4112, 41.25, 103.895
4113, 41.31, 103.911
4114, 41.36, 103.928
4115, 41.48, 103.961
4116, 41.53, 103.978
4117, 41.64, 104.011
4118, 41.7, 104.028
4119, 41.75, 104.045
4120, 41.86, 104.078
4121, 41.92, 104.095
4122, 42.03, 104.128
4123, 42.08, 104.145
4124, 42.19, 104.178
4125, 42.25, 104.195
4126, 42.3, 104.211
4127, 42.41, 104.245
4128, 42.47, 104.261
4129, 42.57, 104.295
4130, 42.63, 104.311
4131, 42.68, 104.328
4132, 42.79, 104.361
4133, 42.84, 104.378
4134, 42.9, 104.395
4135, 43, 104.428
4136, 43.06, 104.445
4137, 43.16, 104.478
4138, 43.22, 104.495
4139, 43.27, 104.511
4140, 43.37, 104.545
4141, 43.43, 104.561
4142, 43.48, 104.578
4143, 43.59, 104.611
4144, 43.64, 104.628
4145, 43.74, 104.661
4146, 43.79, 104.678
4147, 43.85, 104.695
4148, 43.95, 104.728
4149, 44.01, 104.745
4150, 44.06, 104.761
4151, 44.16, 104.795
4152, 44.21, 104.811
4153, 44.26, 104.828
4154, 44.36, 104.861
4155, 44.41, 104.878
4156, 44.46, 104.895
4157, 44.56, 104.928
4158, 44.62, 104.945
4159, 44.67, 104.961
4160, 44.77, 104.995
4161, 44.82, 105.011
4162, 44.87, 105.028
4163, 44.97, 105.061
4164, 45.02, 105.078
4165, 45.07, 105.095
4166, 45.17, 105.128
4167, 45.22, 105.145
4168, 45.28, 105.161
4169, 45.38, 105.195
4170, 45.43, 105.211
4171, 45.48, 105.228
4172, 45.58, 105.261
4173, 45.63, 105.278
4174, 45.68, 105.295
4175, 45.78, 105.328
4176, 45.83, 105.345
4177, 45.89, 105.361
4178, 45.94, 105.378
4179, 46.04, 105.411
4180, 46.09, 105.428
4181, 46.14, 105.445
4182, 46.24, 105.478
4183, 46.29, 105.495
4184, 46.34, 105.511
4185, 46.44, 105.545
4186, 46.48, 105.561
4187, 46.53, 105.578
4188, 46.58, 105.595
4189, 46.68, 105.628
4190, 46.73, 105.645
4191, 46.78, 105.661
4192, 46.82, 105.678
4193, 46.92, 105.711
4194, 46.97, 105.728
4195, 47.02, 105.745
4196, 47.12, 105.778
4197, 47.17, 105.795
4198, 47.22, 105.811
4199, 47.27, 105.828
4200, 47.37, 105.861
4201, 47.41, 105.878
4202, 47.46, 105.895
4203, 47.5, 105.911
4204, 47.6, 105.945
4205, 47.65, 105.961
4206, 47.7, 105.978
4207, 47.74, 105.995
4208, 47.84, 106.028
4209, 47.89, 106.045
4210, 47.93, 106.061
4211, 47.98, 106.078
4212, 48.07, 106.111
4213, 48.12, 106.128
4214, 48.17, 106.145
4215, 48.21, 106.161
4216, 48.31, 106.195
4217, 48.35, 106.211
4218, 48.4, 106.228
4219, 48.44, 106.245
4220, 48.53, 106.278
4221, 48.57, 106.295
4222, 48.62, 106.311
4223, 48.66, 106.328
4224, 48.75, 106.361
4225, 48.8, 106.378
4226, 48.84, 106.395
4227, 48.88, 106.411
4228, 48.97, 106.445
4229, 49.02, 106.461
4230, 49.06, 106.478
4231, 49.1, 106.495
4232, 49.14, 106.511
4233, 49.23, 106.545
4234, 49.27, 106.561
4235, 49.31, 106.578
4236, 49.36, 106.595
4237, 49.4, 106.611
4238, 49.4, 106.611
