0, 39.9817, 0.025
1, 39.9817, 0.025
2, 40.11, 0.0499
3, 40.24, 0.0748
4, 40.37, 0.0996
5, 40.5, 0.1243
6, 40.63, 0.1489
7, 40.76, 0.1734
8, 40.89, 0.1979
9, 41.02, 0.2222
10, 41.15, 0.2465
11, 41.28, 0.2708
12, 41.41, 0.2949
13, 41.54, 0.319
14, 41.67, 0.343
15, 41.8, 0.3669
16, 41.93, 0.3908
17, 42.06, 0.4145
18, 42.19, 0.4382
19, 42.32, 0.4619
20, 42.45, 0.4854
21, 42.58, 0.5089
22, 42.71, 0.5323
23, 42.84, 0.5557
24, 42.97, 0.5789
25, 43.1, 0.6021
26, 43.23, 0.6253
27, 43.36, 0.6483
28, 43.49, 0.6713
29, 43.62, 0.6942
30, 43.75, 0.7171
31, 43.88, 0.7399
32, 44.01, 0.7626
33, 44.14, 0.7853
34, 44.27, 0.8079
35, 44.4, 0.8304
36, 44.53, 0.8528
37, 44.66, 0.8752
38, 44.79, 0.8976
39, 44.92, 0.9198
40, 45.05, 0.942
41, 45.18, 0.9642
42, 45.31, 0.9862
43, 45.44, 1.0082
44, 45.57, 1.0302
45, 45.7, 1.0521
46, 45.83, 1.0739
47, 45.96, 1.0956
48, 46.09, 1.1173
49, 46.3982, 1.1389
50, 46.77, 1.1603
51, 46.77, 1.1603
52, 47.5375, 1.1813
53, 47.3751, 1.2024
54, 47.1695, 1.2236
55, 47.1728, 1.2448
56, 47.7207, 1.2658
57, 47.7308, 1.2867
58, 47.6226, 1.3077
59, 47.6716, 1.3287
60, 47.791, 1.3496
61, 48.0338, 1.3704
62, 48.3638, 1.3911
63, 48.2484, 1.4118
64, 48.2313, 1.4326
65, 48.4468, 1.4532
66, 48.6994, 1.4737
67, 48.7194, 1.4943
68, 48.7935, 1.5148
69, 48.7029, 1.5353
70, 49.0682, 1.5557
71, 49.2617, 1.576
72, 49.2306, 1.5963
73, 49.2276, 1.6166
74, 49.251, 1.6369
75, 49.4165, 1.6571
76, 49.6686, 1.6773
77, 49.6118, 1.6974
78, 49.5806, 1.7176
79, 49.6973, 1.7377
80, 49.7959, 1.7578
81, 50.07, 1.7778
82, 50.0285, 1.7978
83, 50.1436, 1.8177
84, 50.0704, 1.8377
85, 50.3525, 1.8575
86, 50.5262, 1.8773
87, 50.4816, 1.8971
88, 50.4644, 1.917
89, 50.4055, 1.9368
90, 50.6853, 1.9565
91, 50.9003, 1.9762
92, 51.0275, 1.9958
93, 50.9791, 2.0154
94, 50.9016, 2.035
95, 51.0783, 2.0546
96, 51.3589, 2.0741
97, 51.5032, 2.0935
98, 51.4053, 2.1129
99, 51.4894, 2.1324
100, 51.5695, 2.1518
101, 51.6258, 2.1711
102, 51.7687, 2.1904
103, 51.9311, 2.2097
104, 51.9992, 2.2289
105, 51.9203, 2.2482
106, 52.0836, 2.2674
107, 52.1422, 2.2866
108, 52.2128, 2.3057
109, 52.3651, 2.3248
110, 52.5561, 2.3439
111, 52.5862, 2.3629
112, 52.6171, 2.3819
113, 52.8423, 2.4008
114, 52.8146, 2.4197
115, 52.8714, 2.4386
116, 52.8829, 2.4576
117, 53.0026, 2.4764
118, 53.1704, 2.4952
119, 53.2026, 2.514
120, 53.2504, 2.5328
121, 53.2566, 2.5516
122, 53.4483, 2.5703
123, 53.7139, 2.5889
124, 53.633, 2.6076
125, 53.704, 2.6262
126, 53.707, 2.6448
127, 53.7704, 2.6634
128, 54.0546, 2.6819
129, 54.0578, 2.7004
130, 53.9402, 2.7189
131, 54.0263, 2.7374
132, 54.0938, 2.7559
133, 54.3178, 2.7743
134, 54.4735, 2.7927
135, 54.5044, 2.811
136, 54.6081, 2.8294
137, 54.5232, 2.8477
138, 54.6868, 2.866
139, 54.7305, 2.8842
140, 54.8283, 2.9025
141, 54.8984, 2.9207
142, 55.036, 2.9389
143, 55.0886, 2.957
144, 55.0847, 2.9752
145, 55.1938, 2.9933
146, 55.2789, 3.0114
147, 55.3928, 3.0294
148, 55.4656, 3.0475
149, 55.5079, 3.0655
150, 55.525, 3.0835
151, 55.6252, 3.1015
152, 55.7804, 3.1194
153, 55.9608, 3.1373
154, 55.9091, 3.1552
155, 55.9595, 3.173
156, 56.0208, 3.1909
157, 56.1165, 3.2087
158, 56.2854, 3.2265
159, 56.207, 3.2443
160, 56.2507, 3.262
161, 56.3696, 3.2798
162, 56.4446, 3.2975
163, 56.6697, 3.3151
164, 56.7223, 3.3328
165, 56.8236, 3.3504
166, 56.7281, 3.368
167, 56.7661, 3.3856
168, 56.7435, 3.4032
169, 56.7413, 3.4209
170, 57.0338, 3.4384
171, 57.1998, 3.4559
172, 57.2361, 3.4733
173, 57.1332, 3.4908
174, 57.1681, 3.5083
175, 57.1933, 3.5258
176, 57.2337, 3.5433
177, 57.4522, 3.5607
178, 57.5539, 3.5781
179, 57.6576, 3.5954
180, 57.5826, 3.6128
181, 57.6147, 3.6301
182, 57.7432, 3.6475
183, 57.7776, 3.6648
184, 57.9297, 3.682
185, 57.9449, 3.6993
186, 57.93, 3.7165
187, 57.9764, 3.7338
188, 58.0528, 3.751
189, 58.0192, 3.7683
190, 58.1642, 3.7855
191, 58.2053, 3.8026
192, 58.3727, 3.8198
193, 58.3355, 3.8369
194, 58.4279, 3.854
195, 58.4967, 3.8711
196, 58.5535, 3.8882
197, 58.5428, 3.9053
198, 58.6685, 3.9223
199, 58.7281, 3.9393
200, 58.874, 3.9563
201, 58.7955, 3.9733
202, 58.8658, 3.9903
203, 58.9162, 4.0073
204, 59.0923, 4.0242
205, 59.163, 4.0411
206, 59.2039, 4.058
207, 59.0792, 4.0749
208, 59.1259, 4.0919
209, 59.2602, 4.1087
210, 59.4164, 4.1256
211, 59.4679, 4.1424
212, 59.5238, 4.1592
213, 59.5087, 4.176
214, 59.5665, 4.1928
215, 59.5563, 4.2096
216, 59.6757, 4.2263
217, 59.7421, 4.2431
218, 59.7999, 4.2598
219, 59.7847, 4.2765
220, 59.8212, 4.2932
221, 60.0276, 4.3099
222, 60.1075, 4.3265
223, 60.1809, 4.3431
224, 60.1225, 4.3598
225, 60.2387, 4.3764
226, 60.2433, 4.393
227, 60.2822, 4.4096
228, 60.2763, 4.4261
229, 60.402, 4.4427
230, 60.3498, 4.4593
231, 60.5634, 4.4758
232, 60.6237, 4.4923
233, 60.7172, 4.5088
234, 60.6297, 4.5252
235, 60.6838, 4.5417
236, 60.6797, 4.5582
237, 60.8223, 4.5746
238, 60.8725, 4.5911
239, 60.9672, 4.6075
240, 61.0541, 4.6239
241, 61.1064, 4.6402
242, 61.1818, 4.6566
243, 61.1495, 4.6729
244, 61.1147, 4.6893
245, 61.1662, 4.7056
246, 61.2086, 4.722
247, 61.341, 4.7383
248, 61.3969, 4.7546
249, 61.4394, 4.7708
250, 61.5454, 4.7871
251, 61.6397, 4.8033
252, 61.6815, 4.8195
253, 61.7247, 4.8357
254, 61.6655, 4.8519
255, 61.7752, 4.8681
256, 61.8833, 4.8843
257, 61.8775, 4.9004
258, 61.9562, 4.9166
259, 61.9755, 4.9327
260, 61.8145, 4.9489
261, 61.806, 4.9651
262, 61.8184, 4.9813
263, 62.058, 4.9974
264, 62.071, 5.0135
265, 62.1002, 5.0296
266, 62.053, 5.0457
267, 61.9656, 5.0618
268, 61.9057, 5.078
269, 62.2305, 5.0941
270, 62.3406, 5.1101
271, 62.4278, 5.1261
272, 62.3796, 5.1421
273, 62.2402, 5.1582
274, 62.3011, 5.1743
275, 62.2978, 5.1903
276, 62.3425, 5.2064
277, 62.5029, 5.2224
278, 62.5287, 5.2383
279, 62.1118, 5.2544
280, 62.5223, 5.2704
281, 62.5549, 5.2864
282, 62.5387, 5.3024
283, 62.6554, 5.3184
284, 62.537, 5.3344
285, 62.5544, 5.3504
286, 62.5007, 5.3664
287, 62.5274, 5.3823
288, 62.5797, 5.3983
289, 62.7188, 5.4143
290, 62.7445, 5.4302
291, 62.6029, 5.4462
292, 62.7924, 5.4621
293, 62.6281, 5.4781
294, 62.9739, 5.494
295, 62.2583, 5.51
296, 62.9278, 5.5259
297, 62.7804, 5.5418
298, 62.6172, 5.5578
299, 62.6378, 5.5738
300, 62.7998, 5.5897
301, 62.6228, 5.6057
302, 62.7066, 5.6216
303, 62.7002, 5.6376
304, 61.8291, 5.6537
305, 62.645, 5.6697
306, 62.7002, 5.6856
307, 64.2214, 5.7012
308, 64.2423, 5.7168
309, 64.2855, 5.7323
310, 62.0605, 5.7485
311, 63.1069, 5.7643
312, 63.1171, 5.7801
313, 62.5864, 5.7961
314, 62.8169, 5.812
315, 62.7207, 5.828
316, 61.3418, 5.8443
317, 62.9224, 5.8602
318, 62.8954, 5.8761
319, 63.2082, 5.8919
320, 62.9513, 5.9078
321, 61.7155, 5.924
322, 62.5677, 5.94
323, 62.5061, 5.956
324, 62.7087, 5.9719
325, 61.5598, 5.9882
326, 63.3147, 6.004
327, 63.3213, 6.0197
328, 63.324, 6.0355
329, 61.3462, 6.0518
330, 62.9189, 6.0677
331, 62.8354, 6.0836
332, 60.8583, 6.1001
333, 62.432, 6.1161
334, 62.7085, 6.132
335, 61.2686, 6.1484
336, 62.5761, 6.1643
337, 62.5708, 6.1803
338, 60.5972, 6.1968
339, 63.0166, 6.2127
340, 61.4481, 6.229
341, 63.1523, 6.2448
342, 62.8099, 6.2607
343, 61.5546, 6.277
344, 62.9914, 6.2928
345, 61.4839, 6.3091
346, 62.4187, 6.3251
347, 59.3885, 6.342
348, 62.7065, 6.3579
349, 60.5719, 6.3744
350, 62.5129, 6.3904
351, 60.5348, 6.4069
352, 63.0406, 6.4228
353, 62.871, 6.4387
354, 65.3909, 6.454
355, 65.3272, 6.4693
356, 65.351, 6.4846
357, 65.8469, 6.4998
358, 65.5212, 6.5151
359, 65.5548, 6.5303
360, 65.724, 6.5455
361, 65.8246, 6.5607
362, 65.6262, 6.576
363, 65.4633, 6.5912
364, 65.589, 6.6065
365, 65.7414, 6.6217
366, 65.6756, 6.6369
367, 65.7081, 6.6521
368, 65.673, 6.6674
369, 65.5587, 6.6826
370, 65.4402, 6.6979
371, 65.5012, 6.7132
372, 65.8616, 6.7284
373, 65.8536, 6.7435
374, 66.1427, 6.7587
375, 65.7103, 6.7739
376, 65.6944, 6.7891
377, 65.7725, 6.8043
378, 65.6551, 6.8195
379, 66.3281, 6.8346
380, 66.324, 6.8497
381, 66.1659, 6.8648
382, 65.6964, 6.88
383, 65.6381, 6.8953
384, 65.7746, 6.9105
385, 65.9669, 6.9256
386, 65.8567, 6.9408
387, 66.0428, 6.9559
388, 66.0306, 6.9711
389, 65.8578, 6.9863
390, 65.969, 7.0014
391, 66.4416, 7.0165
392, 66.7341, 7.0315
393, 66.5479, 7.0465
394, 66.0931, 7.0616
395, 65.9528, 7.0768
396, 66.018, 7.0919
397, 66.0334, 7.1071
398, 65.9695, 7.1222
399, 66.6375, 7.1372
400, 66.0658, 7.1524
401, 66.0412, 7.1675
402, 65.8479, 7.1827
403, 65.9537, 7.1979
404, 66.0579, 7.213
405, 66.0732, 7.2281
406, 66.1382, 7.2433
407, 66.7103, 7.2583
408, 66.7284, 7.2732
409, 66.8397, 7.2882
410, 66.0444, 7.3033
411, 65.6797, 7.3186
412, 66.1244, 7.3337
413, 66.2364, 7.3488
414, 66.2481, 7.3639
415, 66.3357, 7.379
416, 66.186, 7.3941
417, 66.1902, 7.4092
418, 65.9661, 7.4243
419, 66.1319, 7.4395
420, 66.2513, 7.4545
421, 66.3419, 7.4696
422, 66.14, 7.4847
423, 67.0066, 7.4997
424, 67.0212, 7.5146
425, 67.0786, 7.5295
426, 66.297, 7.5446
427, 66.2622, 7.5597
428, 66.0905, 7.5748
429, 66.214, 7.5899
430, 67.3095, 7.6048
431, 67.3308, 7.6196
432, 67.1549, 7.6345
433, 66.4406, 7.6496
434, 66.4578, 7.6646
435, 66.4735, 7.6796
436, 65.8829, 7.6948
437, 66.54, 7.7099
438, 67.4618, 7.7247
439, 67.5019, 7.7395
440, 67.6203, 7.7543
441, 66.6273, 7.7693
442, 66.4358, 7.7843
443, 66.2965, 7.7994
444, 65.9855, 7.8146
445, 67.5404, 7.8294
446, 67.618, 7.8442
447, 67.6241, 7.859
448, 66.5802, 7.874
449, 66.6398, 7.889
450, 66.3525, 7.9041
451, 66.5165, 7.9191
452, 66.11, 7.9342
453, 65.8482, 7.9494
454, 67.8375, 7.9641
455, 67.758, 7.9789
456, 67.9782, 7.9936
457, 66.3721, 8.0087
458, 66.3972, 8.0237
459, 66.5764, 8.0388
460, 66.692, 8.0538
461, 66.7597, 8.0687
462, 67.9864, 8.0834
463, 67.8686, 8.0982
464, 67.9694, 8.1129
465, 66.5201, 8.1279
466, 66.2013, 8.143
467, 66.8656, 8.158
468, 66.4665, 8.173
469, 66.736, 8.188
470, 66.7, 8.203
471, 68.1828, 8.2177
472, 68.1274, 8.2323
473, 68.247, 8.247
474, 66.6644, 8.262
475, 66.8372, 8.277
476, 66.6028, 8.292
477, 66.338, 8.3071
478, 65.7481, 8.3223
479, 67.1582, 8.3372
480, 68.2826, 8.3518
481, 68.508, 8.3664
482, 68.4022, 8.381
483, 66.7669, 8.396
484, 67.0514, 8.4109
485, 67.082, 8.4258
486, 68.5368, 8.4404
487, 68.4375, 8.455
488, 68.4978, 8.4696
489, 66.8554, 8.4846
490, 67.1419, 8.4995
491, 67.2242, 8.5143
492, 67.5226, 8.5292
493, 67.3191, 8.544
494, 67.3865, 8.5588
495, 67.702, 8.5736
496, 68.8823, 8.5881
497, 68.7929, 8.6027
498, 68.5785, 8.6173
499, 67.2277, 8.6321
500, 67.4783, 8.6469
501, 67.2013, 8.6618
502, 67.8121, 8.6766
503, 67.652, 8.6914
504, 67.8044, 8.7061
505, 67.1848, 8.721
506, 69.0435, 8.7355
507, 69.0713, 8.7499
508, 69.1978, 8.7644
509, 69.1643, 8.7789
510, 68.0665, 8.7936
511, 67.5956, 8.8083
512, 67.7599, 8.8231
513, 67.4477, 8.8379
514, 67.4825, 8.8527
515, 68.0092, 8.8675
516, 67.9832, 8.8822
517, 68.0016, 8.8969
518, 67.8508, 8.9116
519, 69.2515, 8.926
520, 69.3386, 8.9405
521, 69.247, 8.9549
522, 69.3114, 8.9693
523, 68.1949, 8.984
524, 67.9469, 8.9987
525, 68.5248, 9.0133
526, 68.0904, 9.028
527, 68.2817, 9.0426
528, 68.311, 9.0573
529, 69.5818, 9.0717
530, 69.5679, 9.086
531, 69.5834, 9.1004
532, 68.6383, 9.115
533, 68.3726, 9.1296
534, 68.4566, 9.1442
535, 68.3409, 9.1588
536, 69.672, 9.1732
537, 69.7516, 9.1875
538, 69.8569, 9.2018
539, 68.8989, 9.2164
540, 68.3729, 9.231
541, 68.1528, 9.2456
542, 68.3662, 9.2603
543, 67.9315, 9.275
544, 67.8723, 9.2897
545, 68.8599, 9.3043
546, 68.8015, 9.3188
547, 70.0656, 9.3331
548, 70.0926, 9.3473
549, 70.0001, 9.3616
550, 68.2186, 9.3763
551, 68.6874, 9.3908
552, 70.1782, 9.4051
553, 70.093, 9.4193
554, 70.3436, 9.4336
555, 69.0326, 9.448
556, 68.9645, 9.4625
557, 68.487, 9.4771
558, 69.0057, 9.4916
559, 69.0443, 9.5061
560, 70.2347, 9.5204
561, 70.4742, 9.5346
562, 70.4147, 9.5488
563, 70.2925, 9.563
564, 69.0498, 9.5775
565, 69.1451, 9.5919
566, 69.2422, 9.6064
567, 69.134, 9.6208
568, 69.0725, 9.6353
569, 69.2258, 9.6498
570, 69.0509, 9.6642
571, 69.0095, 9.6787
572, 68.9936, 9.6932
573, 70.1811, 9.7075
574, 70.0892, 9.7217
575, 69.9511, 9.736
576, 69.9885, 9.7503
577, 69.9376, 9.7646
578, 69.3595, 9.779
579, 69.5881, 9.7934
580, 68.5062, 9.808
581, 68.275, 9.8227
582, 68.1683, 9.8373
583, 67.7856, 9.8521
584, 68.5696, 9.8667
585, 67.7933, 9.8814
586, 67.7562, 9.8962
587, 67.1787, 9.9111
588, 66.9112, 9.926
589, 67.1653, 9.9409
590, 66.5125, 9.9559
591, 66.3694, 9.971
592, 65.342, 9.9863
593, 65.1559, 10.0016
594, 65.745, 10.0169
595, 65.3981, 10.0321
596, 65.0689, 10.0475
597, 64.4, 10.063
598, 63.7351, 10.0787
599, 63.3794, 10.0945
600, 62.5496, 10.1105
601, 62.9355, 10.1264
602, 63.0132, 10.1423
603, 62.5433, 10.1582
604, 61.8539, 10.1744
605, 61.6109, 10.1906
606, 61.3044, 10.207
607, 61.5786, 10.2232
608, 60.9541, 10.2396
609, 60.5478, 10.2561
610, 60.2355, 10.2727
611, 60.1336, 10.2893
612, 59.2027, 10.3062
613, 59.088, 10.3232
614, 58.8224, 10.3402
615, 58.9602, 10.3571
616, 58.3232, 10.3743
617, 58.2504, 10.3914
618, 57.6873, 10.4088
619, 57.7641, 10.4261
620, 57.8038, 10.4434
621, 57.853, 10.4607
622, 57.2047, 10.4781
623, 57.1026, 10.4957
624, 56.6816, 10.5133
625, 56.5008, 10.531
626, 56.2968, 10.5488
627, 56.0446, 10.5666
628, 56.2373, 10.5844
629, 56.11, 10.6022
630, 56.1533, 10.62
631, 55.4122, 10.6381
632, 55.6057, 10.656
633, 55.5889, 10.674
634, 55.1495, 10.6922
635, 55.1591, 10.7103
636, 54.8857, 10.7285
637, 54.2798, 10.7469
638, 54.4897, 10.7653
639, 54.3683, 10.7837
640, 54.3869, 10.8021
641, 54.0654, 10.8206
642, 53.8826, 10.8391
643, 53.2385, 10.8579
644, 53.3722, 10.8766
645, 53.2511, 10.8954
646, 53.6427, 10.9141
647, 53.9785, 10.9326
648, 53.0334, 10.9515
649, 52.8063, 10.9704
650, 52.6211, 10.9894
651, 53.029, 11.0082
652, 52.9297, 11.0271
653, 52.2215, 11.0463
654, 51.6754, 11.0656
655, 52.0241, 11.0849
656, 52.2048, 11.104
657, 52.4901, 11.1231
658, 51.7771, 11.1424
659, 52.0098, 11.1616
660, 51.8632, 11.1809
661, 52.0224, 11.2001
662, 51.9025, 11.2194
663, 51.3074, 11.2389
664, 50.9021, 11.2585
665, 50.8842, 11.2782
666, 51.593, 11.2976
667, 51.3307, 11.317
668, 50.9566, 11.3367
669, 50.7952, 11.3563
670, 51.4227, 11.3758
671, 50.9012, 11.3954
672, 50.7828, 11.4151
673, 50.0894, 11.4351
674, 50.2264, 11.455
675, 49.7691, 11.4751
676, 50.0838, 11.4951
677, 50.1248, 11.515
678, 50.2959, 11.5349
679, 49.8286, 11.555
680, 49.6831, 11.5751
681, 50.0524, 11.5951
682, 49.9637, 11.6151
683, 49.7504, 11.6352
684, 49.8812, 11.6552
685, 49.2356, 11.6755
686, 49.409, 11.6958
687, 49.1757, 11.7161
688, 49.592, 11.7363
689, 49.0437, 11.7567
690, 48.3627, 11.7774
691, 48.1542, 11.7981
692, 49.2453, 11.8184
693, 49.1037, 11.8388
694, 48.5094, 11.8594
695, 48.3719, 11.8801
696, 48.5374, 11.9007
697, 47.8458, 11.9216
698, 48.165, 11.9423
699, 47.9324, 11.9632
700, 47.9841, 11.984
701, 47.8571, 12.0049
702, 47.8353, 12.0258
703, 47.3176, 12.047
704, 47.5422, 12.068
705, 47.3789, 12.0891
706, 47.0498, 12.1104
707, 47.1336, 12.1316
708, 46.8083, 12.153
709, 46.8887, 12.1743
710, 47.2831, 12.1954
711, 47.0501, 12.2167
712, 46.6651, 12.2381
713, 46.6878, 12.2595
714, 46.502, 12.281
715, 45.6832, 12.3029
716, 46.0653, 12.3246
717, 46.2953, 12.3462
718, 45.9278, 12.368
719, 45.8238, 12.3898
720, 46.0724, 12.4115
721, 45.6064, 12.4335
722, 45.3695, 12.4555
723, 45.887, 12.4773
724, 45.5897, 12.4992
725, 45.3448, 12.5213
726, 44.9888, 12.5435
727, 45.0997, 12.5657
728, 45.0798, 12.5879
729, 45.0406, 12.6101
730, 45.0047, 12.6323
731, 45.0601, 12.6545
732, 44.9084, 12.6768
733, 44.664, 12.6991
734, 44.4162, 12.7217
735, 44.6732, 12.744
736, 43.9417, 12.7668
737, 44.7095, 12.7892
738, 44.6464, 12.8116
739, 44.2095, 12.8342
740, 44.0507, 12.8569
741, 44.1222, 12.8795
742, 44.0645, 12.9022
743, 44.3176, 12.9248
744, 44.6018, 12.9472
745, 44.3122, 12.9698
746, 44.1483, 12.9924
747, 43.714, 13.0153
748, 44.0552, 13.038
749, 44.6067, 13.0604
750, 44.269, 13.083
751, 44.6188, 13.1054
752, 43.9267, 13.1282
753, 44.1953, 13.1508
754, 43.0668, 13.1741
755, 44.0138, 13.1968
756, 44.146, 13.2194
757, 44.4581, 13.2419
758, 44.6691, 13.2643
759, 44.3841, 13.2868
760, 44.2454, 13.3094
761, 44.1826, 13.3321
762, 44.9163, 13.3543
763, 44.8485, 13.3766
764, 45.0521, 13.3988
765, 44.6671, 13.4212
766, 44.101, 13.4439
767, 44.327, 13.4664
768, 44.7723, 13.4888
769, 45.2421, 13.5109
770, 45.0791, 13.5331
771, 45.0709, 13.5553
772, 44.868, 13.5775
773, 45.0375, 13.5997
774, 44.5333, 13.6222
775, 44.6717, 13.6446
776, 45.3102, 13.6667
777, 45.2644, 13.6888
778, 45.5354, 13.7107
779, 45.1224, 13.7329
780, 45.0445, 13.7551
781, 44.4655, 13.7776
782, 45.6074, 13.7995
783, 45.2673, 13.8216
784, 45.833, 13.8434
785, 45.3838, 13.8654
786, 45.6052, 13.8874
787, 45.4053, 13.9094
788, 45.7753, 13.9312
789, 45.9344, 13.953
790, 46.0629, 13.9747
791, 46.871, 13.996
792, 46.757, 14.0174
793, 45.5559, 14.0394
794, 46.1972, 14.061
795, 46.0387, 14.0828
796, 46.486, 14.1043
797, 45.9955, 14.126
798, 45.9617, 14.1478
799, 46.9837, 14.169
800, 46.4985, 14.1906
801, 46.7905, 14.2119
802, 46.986, 14.2332
803, 46.8445, 14.2546
804, 46.8781, 14.2759
805, 46.9729, 14.2972
806, 47.0372, 14.3184
807, 47.1059, 14.3397
808, 46.7521, 14.3611
809, 46.8401, 14.3824
810, 47.6092, 14.4034
811, 47.5021, 14.4245
812, 47.1903, 14.4456
813, 47.6554, 14.4666
814, 47.5434, 14.4877
815, 47.6929, 14.5086
816, 47.6006, 14.5296
817, 47.0085, 14.5509
818, 47.731, 14.5719
819, 47.59, 14.5929
820, 48.1548, 14.6136
821, 47.9162, 14.6345
822, 48.159, 14.6553
823, 48.3825, 14.6759
824, 47.6472, 14.6969
825, 48.5594, 14.7175
826, 48.2504, 14.7383
827, 47.852, 14.7592
828, 48.2861, 14.7799
829, 48.0612, 14.8007
830, 48.8398, 14.8211
831, 48.7636, 14.8416
832, 49.0168, 14.8621
833, 48.4174, 14.8827
834, 47.8565, 14.9036
835, 48.6455, 14.9242
836, 48.6723, 14.9447
837, 48.5933, 14.9653
838, 48.8075, 14.9858
839, 48.8903, 15.0062
840, 48.6951, 15.0268
841, 48.637, 15.0473
842, 48.8556, 15.0678
843, 49.1608, 15.0881
844, 49.283, 15.1084
845, 49.9039, 15.1285
846, 49.4434, 15.1487
847, 48.8017, 15.1692
848, 49.543, 15.1894
849, 49.4951, 15.2096
850, 49.1861, 15.2299
851, 49.5555, 15.2501
852, 49.2579, 15.2704
853, 49.3748, 15.2906
854, 49.6963, 15.3108
855, 50.1879, 15.3307
856, 50.3254, 15.3505
857, 49.993, 15.3706
858, 49.8306, 15.3906
859, 49.9667, 15.4106
860, 50.0453, 15.4306
861, 49.945, 15.4506
862, 49.9503, 15.4707
863, 50.2531, 15.4906
864, 50.3435, 15.5104
865, 50.2252, 15.5303
866, 50.4592, 15.5501
867, 50.2584, 15.57
868, 50.5532, 15.5898
869, 50.4578, 15.6096
870, 50.5447, 15.6294
871, 50.8731, 15.6491
872, 50.9226, 15.6687
873, 51.15, 15.6883
874, 50.9166, 15.7079
875, 51.0886, 15.7275
876, 50.9536, 15.7471
877, 51.0264, 15.7667
878, 51.4579, 15.7861
879, 51.2072, 15.8057
880, 51.3221, 15.8252
881, 51.233, 15.8447
882, 51.3237, 15.8642
883, 51.1397, 15.8837
884, 51.6565, 15.9031
885, 51.836, 15.9224
886, 51.5668, 15.9418
887, 51.3981, 15.9612
888, 51.775, 15.9805
889, 51.9225, 15.9998
890, 52.6199, 16.0188
891, 52.4051, 16.0379
892, 52.1043, 16.0571
893, 52.019, 16.0763
894, 52.0156, 16.0955
895, 52.0381, 16.1147
896, 52.5631, 16.1338
897, 52.5234, 16.1528
898, 52.5115, 16.1718
899, 51.9929, 16.1911
900, 52.4278, 16.2101
901, 52.6608, 16.2291
902, 52.8735, 16.248
903, 52.8914, 16.267
904, 52.4154, 16.286
905, 52.7283, 16.305
906, 53.0406, 16.3239
907, 52.9856, 16.3427
908, 52.6414, 16.3617
909, 53.1565, 16.3805
910, 53.0825, 16.3994
911, 53.1665, 16.4182
912, 53.4312, 16.4369
913, 53.1561, 16.4557
914, 53.2985, 16.4745
915, 53.4104, 16.4932
916, 53.563, 16.5119
917, 53.7414, 16.5305
918, 53.7391, 16.5491
919, 53.75, 16.5677
920, 53.4254, 16.5864
921, 53.4831, 16.6051
922, 53.6641, 16.6237
923, 54.1595, 16.6422
924, 54.1753, 16.6607
925, 53.8194, 16.6792
926, 53.9751, 16.6978
927, 54.0735, 16.7163
928, 54.642, 16.7346
929, 54.6601, 16.7529
930, 54.7407, 16.7711
931, 54.044, 16.7896
932, 54.4405, 16.808
933, 54.5355, 16.8263
934, 54.7616, 16.8446
935, 55.0295, 16.8628
936, 54.786, 16.881
937, 54.5254, 16.8994
938, 54.7615, 16.9176
939, 54.8802, 16.9358
940, 55.0227, 16.954
941, 55.1617, 16.9721
942, 55.2382, 16.9902
943, 54.9161, 17.0085
944, 54.8255, 17.0267
945, 55.2581, 17.0448
946, 55.5591, 17.0628
947, 55.5026, 17.0808
948, 55.6371, 17.0988
949, 55.373, 17.1168
950, 55.4209, 17.1349
951, 55.7109, 17.1528
952, 55.6106, 17.1708
953, 55.9392, 17.1887
954, 55.8595, 17.2066
955, 55.784, 17.2245
956, 55.8349, 17.2424
957, 56.0646, 17.2603
958, 56.1801, 17.2781
959, 56.4993, 17.2958
960, 56.3709, 17.3135
961, 56.4006, 17.3312
962, 56.2495, 17.349
963, 56.4782, 17.3667
964, 56.7263, 17.3843
965, 56.735, 17.402
966, 56.4645, 17.4197
967, 56.3619, 17.4374
968, 56.5353, 17.4551
969, 56.933, 17.4727
970, 57.0622, 17.4902
971, 56.7467, 17.5078
972, 56.9049, 17.5254
973, 57.0291, 17.5429
974, 56.986, 17.5605
975, 57.1628, 17.578
976, 57.1997, 17.5955
977, 57.3787, 17.6129
978, 57.5025, 17.6303
979, 57.5479, 17.6477
980, 57.6961, 17.665
981, 57.4376, 17.6824
982, 57.5436, 17.6998
983, 57.3072, 17.7172
984, 57.6287, 17.7346
985, 57.6307, 17.7519
986, 57.7944, 17.7692
987, 57.8828, 17.7865
988, 58.0083, 17.8037
989, 57.8521, 17.821
990, 57.8831, 17.8383
991, 57.9745, 17.8556
992, 58.1596, 17.8728
993, 58.2132, 17.8899
994, 58.2054, 17.9071
995, 58.2212, 17.9243
996, 58.2283, 17.9415
997, 58.2822, 17.9586
998, 58.471, 17.9757
999, 58.2849, 17.9929
1000, 58.5424, 18.01
1001, 58.4391, 18.0271
1002, 58.6384, 18.0441
1003, 58.7349, 18.0612
1004, 58.8096, 18.0782
1005, 58.7626, 18.0952
1006, 58.818, 18.1122
1007, 58.8638, 18.1292
1008, 59.1754, 18.1461
1009, 59.2341, 18.1629
1010, 59.3816, 18.1798
1011, 59.1574, 18.1967
1012, 59.2528, 18.2136
1013, 59.1665, 18.2305
1014, 59.301, 18.2473
1015, 59.3049, 18.2642
1016, 59.4955, 18.281
1017, 59.5661, 18.2978
1018, 59.6172, 18.3146
1019, 59.5791, 18.3313
1020, 59.5691, 18.3481
1021, 59.4984, 18.3649
1022, 59.6695, 18.3817
1023, 59.7483, 18.3984
1024, 59.8947, 18.4151
1025, 59.7595, 18.4319
1026, 60.1742, 18.4485
1027, 60.2269, 18.4651
1028, 60.2809, 18.4817
1029, 60.2989, 18.4983
1030, 60.1087, 18.5149
1031, 60.2301, 18.5315
1032, 60.3252, 18.5481
1033, 60.4389, 18.5646
1034, 60.5043, 18.5812
1035, 60.4798, 18.5977
1036, 60.4649, 18.6142
1037, 60.4727, 18.6308
1038, 60.5014, 18.6473
1039, 60.6147, 18.6638
1040, 60.6955, 18.6803
1041, 60.6382, 18.6968
1042, 60.8172, 18.7132
1043, 60.8923, 18.7296
1044, 61.066, 18.746
1045, 61.1231, 18.7624
1046, 61.2326, 18.7787
1047, 61.2084, 18.795
1048, 61.137, 18.8114
1049, 61.1037, 18.8277
1050, 61.2285, 18.8441
1051, 61.2779, 18.8604
1052, 61.4026, 18.8767
1053, 61.275, 18.893
1054, 61.2814, 18.9093
1055, 61.3121, 18.9256
1056, 61.6812, 18.9418
1057, 61.7805, 18.958
1058, 61.9473, 18.9742
1059, 61.6668, 18.9904
1060, 61.7192, 19.0066
1061, 61.5098, 19.0228
1062, 61.6281, 19.0391
1063, 61.8308, 19.0552
1064, 62.0296, 19.0714
1065, 62.0401, 19.0875
1066, 62.3384, 19.1035
1067, 62.0443, 19.1196
1068, 62.1173, 19.1357
1069, 61.9548, 19.1519
1070, 62.3111, 19.1679
1071, 62.3714, 19.184
1072, 62.3945, 19.2
1073, 62.3888, 19.216
1074, 62.3321, 19.2321
1075, 62.3675, 19.2481
1076, 62.2323, 19.2642
1077, 62.6312, 19.2801
1078, 62.6947, 19.2961
1079, 62.7194, 19.312
1080, 62.6169, 19.328
1081, 62.432, 19.344
1082, 62.8119, 19.3599
1083, 63.0081, 19.3758
1084, 63.1099, 19.3917
1085, 63.1834, 19.4075
1086, 62.8458, 19.4234
1087, 62.9981, 19.4393
1088, 62.7739, 19.4552
1089, 63.0596, 19.4711
1090, 63.1123, 19.4869
1091, 63.231, 19.5027
1092, 63.3521, 19.5185
1093, 63.2283, 19.5343
1094, 63.1481, 19.5502
1095, 63.1528, 19.566
1096, 63.3974, 19.5818
1097, 63.4919, 19.5975
1098, 63.4801, 19.6133
1099, 63.5782, 19.629
1100, 63.5629, 19.6447
1101, 63.5072, 19.6605
1102, 63.7367, 19.6762
1103, 63.694, 19.6919
1104, 63.9493, 19.7075
1105, 63.9429, 19.7231
1106, 63.7515, 19.7388
1107, 63.6684, 19.7545
1108, 63.7635, 19.7702
1109, 63.941, 19.7859
1110, 63.9906, 19.8015
1111, 64.1322, 19.8171
1112, 64.0337, 19.8327
1113, 64.1272, 19.8483
1114, 64.0802, 19.8639
1115, 64.1106, 19.8795
1116, 64.1756, 19.8951
1117, 64.2717, 19.9106
1118, 64.3341, 19.9262
1119, 64.4064, 19.9417
1120, 64.3635, 19.9572
1121, 64.426, 19.9728
1122, 64.5041, 19.9883
1123, 64.6553, 20.0037
1124, 64.6784, 20.0192
1125, 64.5078, 20.0347
1126, 64.6018, 20.0502
1127, 64.5175, 20.0657
1128, 64.5916, 20.0811
1129, 64.6063, 20.0966
1130, 64.7731, 20.1121
1131, 64.7633, 20.1275
1132, 64.702, 20.143
1133, 64.5739, 20.1584
1134, 64.7098, 20.1739
1135, 64.6469, 20.1894
1136, 64.8846, 20.2048
1137, 64.7721, 20.2202
1138, 64.9632, 20.2356
1139, 64.9401, 20.251
1140, 64.8097, 20.2664
1141, 64.8548, 20.2819
1142, 64.9912, 20.2972
1143, 65.1366, 20.3126
1144, 65.1486, 20.328
1145, 65.2482, 20.3433
1146, 65.1032, 20.3586
1147, 65.1412, 20.374
1148, 65.0392, 20.3894
1149, 65.1438, 20.4047
1150, 65.3151, 20.42
1151, 65.5453, 20.4353
1152, 65.3623, 20.4506
1153, 65.2742, 20.4659
1154, 65.374, 20.4812
1155, 65.4017, 20.4965
1156, 65.7327, 20.5117
1157, 65.7968, 20.5269
1158, 65.7258, 20.5421
1159, 65.5805, 20.5574
1160, 65.5208, 20.5726
1161, 65.6178, 20.5879
1162, 65.7311, 20.6031
1163, 65.8358, 20.6183
1164, 65.8305, 20.6335
1165, 65.9129, 20.6486
1166, 65.6421, 20.6639
1167, 65.7437, 20.6791
1168, 65.8557, 20.6943
1169, 66.004, 20.7094
1170, 66.1375, 20.7245
1171, 66.0581, 20.7397
1172, 66.0508, 20.7548
1173, 65.8874, 20.77
1174, 66.0764, 20.7851
1175, 66.0997, 20.8002
1176, 66.2083, 20.8154
1177, 66.3178, 20.8304
1178, 66.4662, 20.8455
1179, 66.3481, 20.8605
1180, 66.2263, 20.8756
1181, 66.1738, 20.8908
1182, 66.4123, 20.9058
1183, 66.6208, 20.9208
1184, 66.5904, 20.9358
1185, 66.508, 20.9509
1186, 66.4913, 20.9659
1187, 66.5031, 20.981
1188, 66.3181, 20.996
1189, 66.5496, 21.0111
1190, 66.971, 21.026
1191, 66.991, 21.0409
1192, 66.767, 21.0559
1193, 66.861, 21.0709
1194, 66.6503, 21.0859
1195, 66.7656, 21.1008
1196, 66.8645, 21.1158
1197, 66.942, 21.1307
1198, 66.879, 21.1457
1199, 66.8861, 21.1606
1200, 66.9028, 21.1756
1201, 67.1226, 21.1905
1202, 67.3497, 21.2053
1203, 67.0958, 21.2202
1204, 67.1754, 21.2351
1205, 67.162, 21.25
1206, 66.9623, 21.2649
1207, 67.0512, 21.2799
1208, 67.2449, 21.2947
1209, 67.3544, 21.3096
1210, 67.4772, 21.3244
1211, 67.2738, 21.3393
1212, 67.6225, 21.354
1213, 67.3311, 21.3689
1214, 67.4398, 21.3837
1215, 67.4912, 21.3985
1216, 67.6206, 21.4133
1217, 67.6921, 21.4281
1218, 67.5123, 21.4429
1219, 67.5156, 21.4577
1220, 67.5658, 21.4725
1221, 67.548, 21.4873
1222, 67.8914, 21.5021
1223, 67.8756, 21.5168
1224, 67.9106, 21.5315
1225, 67.869, 21.5463
1226, 67.7713, 21.561
1227, 67.7801, 21.5758
1228, 68.0791, 21.5904
1229, 67.9273, 21.6052
1230, 68.2055, 21.6198
1231, 68.0929, 21.6345
1232, 68.282, 21.6492
1233, 68.0332, 21.6639
1234, 68.0095, 21.6786
1235, 68.0428, 21.6933
1236, 68.0167, 21.708
1237, 68.2606, 21.7226
1238, 68.3221, 21.7373
1239, 68.4153, 21.7519
1240, 68.3834, 21.7665
1241, 68.4254, 21.7811
1242, 68.3797, 21.7957
1243, 68.5563, 21.8103
1244, 68.4866, 21.8249
1245, 68.5203, 21.8395
1246, 68.615, 21.8541
1247, 68.4796, 21.8687
1248, 68.4543, 21.8833
1249, 68.4626, 21.8979
1250, 68.6487, 21.9125
1251, 68.7059, 21.927
1252, 68.7788, 21.9416
1253, 68.7625, 21.9561
1254, 68.734, 21.9707
1255, 68.6341, 21.9852
1256, 68.6396, 21.9998
1257, 68.8123, 22.0143
1258, 68.7652, 22.0289
1259, 68.9723, 22.0434
1260, 69.0211, 22.0579
1261, 68.8465, 22.0724
1262, 68.982, 22.0869
1263, 68.879, 22.1014
1264, 69.0052, 22.1159
1265, 69.094, 22.1304
1266, 68.9333, 22.1449
1267, 69.2034, 22.1593
1268, 69.2541, 22.1738
1269, 69.1478, 22.1882
1270, 69.0776, 22.2027
1271, 69.2024, 22.2171
1272, 69.2518, 22.2316
1273, 69.0916, 22.2461
1274, 69.3692, 22.2605
1275, 69.3365, 22.2749
1276, 69.4493, 22.2893
1277, 69.38, 22.3037
1278, 69.4093, 22.3181
1279, 69.396, 22.3325
1280, 69.4682, 22.3469
1281, 69.608, 22.3613
1282, 69.5842, 22.3757
1283, 69.4655, 22.3901
1284, 69.5186, 22.4044
1285, 69.5568, 22.4188
1286, 69.5468, 22.4332
1287, 69.6744, 22.4475
1288, 69.7985, 22.4619
1289, 69.7559, 22.4762
1290, 69.8151, 22.4905
1291, 69.7839, 22.5049
1292, 70.1225, 22.5191
1293, 69.8033, 22.5335
1294, 69.7965, 22.5478
1295, 69.8931, 22.5621
1296, 69.8031, 22.5764
1297, 69.9144, 22.5907
1298, 69.9354, 22.605
1299, 70.0569, 22.6193
1300, 70.0409, 22.6336
1301, 70.2687, 22.6478
1302, 70.3061, 22.662
1303, 70.2205, 22.6763
1304, 70.1072, 22.6905
1305, 69.9082, 22.7048
1306, 69.9511, 22.7191
1307, 70.2379, 22.7334
1308, 70.2183, 22.7476
1309, 70.338, 22.7618
1310, 70.3189, 22.776
1311, 70.3025, 22.7903
1312, 69.9843, 22.8046
1313, 70.1111, 22.8188
1314, 70.3888, 22.833
1315, 70.3148, 22.8472
1316, 70.5747, 22.8614
1317, 70.5839, 22.8756
1318, 70.5392, 22.8898
1319, 70.4853, 22.9039
1320, 70.4265, 22.9181
1321, 70.6489, 22.9323
1322, 70.6464, 22.9465
1323, 70.7138, 22.9606
1324, 70.6255, 22.9748
1325, 70.583, 22.9889
1326, 70.461, 23.0031
1327, 70.6122, 23.0173
1328, 70.905, 23.0314
1329, 70.7891, 23.0455
1330, 70.7874, 23.0596
1331, 70.6406, 23.0738
1332, 70.5323, 23.088
1333, 70.7012, 23.1021
1334, 70.7464, 23.1162
1335, 70.9758, 23.1303
1336, 70.9167, 23.1444
1337, 70.8961, 23.1585
1338, 70.9316, 23.1726
1339, 70.8685, 23.1868
1340, 70.9778, 23.2008
1341, 70.8609, 23.215
1342, 71.0688, 23.229
1343, 70.9695, 23.2431
1344, 70.8829, 23.2572
1345, 71.119, 23.2713
1346, 71.123, 23.2853
1347, 71.1911, 23.2994
1348, 71.1613, 23.3134
1349, 71.3073, 23.3275
1350, 70.9619, 23.3416
1351, 71.1333, 23.3556
1352, 71.1818, 23.3697
1353, 71.2697, 23.3837
1354, 71.2338, 23.3977
1355, 71.3461, 23.4118
1356, 71.1692, 23.4258
1357, 71.1865, 23.4398
1358, 71.4283, 23.4538
1359, 71.3601, 23.4679
1360, 71.4127, 23.4819
1361, 71.3182, 23.4959
1362, 71.4851, 23.5099
1363, 71.2471, 23.5239
1364, 71.399, 23.5379
1365, 71.515, 23.5519
1366, 71.5101, 23.5659
1367, 71.577, 23.5799
1368, 71.6373, 23.5938
1369, 71.4981, 23.6078
1370, 71.5134, 23.6218
1371, 71.461, 23.6358
1372, 71.4819, 23.6498
1373, 71.6226, 23.6637
1374, 71.5553, 23.6777
1375, 71.7065, 23.6917
1376, 71.7071, 23.7056
1377, 71.6299, 23.7196
1378, 71.5964, 23.7335
1379, 71.6522, 23.7475
1380, 71.6043, 23.7614
1381, 71.8046, 23.7754
1382, 71.8601, 23.7893
1383, 71.8477, 23.8032
1384, 71.7317, 23.8171
1385, 71.7032, 23.8311
1386, 71.6635, 23.845
1387, 71.8307, 23.859
1388, 72.0551, 23.8728
1389, 72.0476, 23.8867
1390, 71.9672, 23.9006
1391, 71.957, 23.9145
1392, 71.6763, 23.9285
1393, 71.8451, 23.9424
1394, 72.0173, 23.9563
1395, 72.0283, 23.9702
1396, 72.0656, 23.984
1397, 72.0187, 23.9979
1398, 72.0708, 24.0118
1399, 71.9738, 24.0257
1400, 72.1, 24.0396
1401, 72.0682, 24.0534
1402, 72.1477, 24.0673
1403, 72.172, 24.0812
1404, 72.1401, 24.095
1405, 72.1917, 24.1089
1406, 72.1094, 24.1227
1407, 72.212, 24.1366
1408, 72.1026, 24.1505
1409, 72.2155, 24.1643
1410, 72.2298, 24.1781
1411, 72.299, 24.192
1412, 72.405, 24.2058
1413, 72.4201, 24.2196
1414, 72.335, 24.2334
1415, 72.3266, 24.2472
1416, 72.3484, 24.2611
1417, 72.4119, 24.2749
1418, 72.4703, 24.2887
1419, 72.5595, 24.3025
1420, 72.3807, 24.3163
1421, 72.303, 24.3301
1422, 72.333, 24.3439
1423, 72.3767, 24.3577
1424, 72.6235, 24.3715
1425, 72.673, 24.3853
1426, 72.6458, 24.399
1427, 72.6249, 24.4128
1428, 72.5084, 24.4266
1429, 72.5536, 24.4404
1430, 72.5818, 24.4542
1431, 72.7698, 24.4679
1432, 72.6305, 24.4817
1433, 72.6147, 24.4954
1434, 72.7342, 24.5092
1435, 72.6551, 24.523
1436, 72.7022, 24.5367
1437, 72.7634, 24.5505
1438, 72.6114, 24.5642
1439, 72.773, 24.578
1440, 72.8169, 24.5917
1441, 72.8789, 24.6054
1442, 72.7118, 24.6192
1443, 72.7914, 24.6329
1444, 72.6744, 24.6467
1445, 72.6964, 24.6604
1446, 72.9042, 24.6741
1447, 72.98, 24.6878
1448, 72.9209, 24.7016
1449, 73.0063, 24.7153
1450, 72.901, 24.729
1451, 72.8593, 24.7427
1452, 72.8891, 24.7564
1453, 73.0333, 24.7701
1454, 72.9823, 24.7838
1455, 73.1658, 24.7975
1456, 73.023, 24.8112
1457, 73.0309, 24.8249
1458, 73.0296, 24.8386
1459, 73.1542, 24.8522
1460, 73.0452, 24.8659
1461, 73.255, 24.8796
1462, 73.2611, 24.8932
1463, 73.2073, 24.9069
1464, 73.2172, 24.9205
1465, 73.0934, 24.9342
1466, 73.1191, 24.9479
1467, 73.0778, 24.9616
1468, 73.2214, 24.9752
1469, 73.3512, 24.9889
1470, 73.3193, 25.0025
1471, 73.2191, 25.0162
1472, 73.3453, 25.0298
1473, 73.2919, 25.0434
1474, 73.3698, 25.0571
1475, 73.3965, 25.0707
1476, 73.4779, 25.0843
1477, 73.4752, 25.0979
1478, 73.4805, 25.1115
1479, 73.3683, 25.1252
1480, 73.4452, 25.1388
1481, 73.448, 25.1524
1482, 73.3251, 25.166
1483, 73.5888, 25.1796
1484, 73.549, 25.1932
1485, 73.591, 25.2068
1486, 73.5658, 25.2204
1487, 73.5744, 25.234
1488, 73.4913, 25.2476
1489, 73.6483, 25.2612
1490, 73.6184, 25.2748
1491, 73.5083, 25.2884
1492, 73.6982, 25.3019
1493, 73.6463, 25.3155
1494, 73.4199, 25.3291
1495, 73.7739, 25.3427
1496, 73.5841, 25.3563
1497, 73.5985, 25.3699
1498, 73.823, 25.3834
1499, 73.8355, 25.397
1500, 73.8981, 25.4105
1501, 73.798, 25.424
1502, 73.8299, 25.4376
1503, 73.6908, 25.4511
1504, 73.7156, 25.4647
1505, 73.8405, 25.4783
1506, 73.983, 25.4918
1507, 73.8408, 25.5053
1508, 73.9175, 25.5188
1509, 73.8324, 25.5324
1510, 73.8684, 25.5459
1511, 73.9943, 25.5594
1512, 73.8486, 25.573
1513, 73.9315, 25.5865
1514, 74.007, 25.6
1515, 74.0048, 25.6135
1516, 74.0164, 25.627
1517, 74.0925, 25.6405
1518, 73.9432, 25.6541
1519, 73.9864, 25.6676
1520, 74.0121, 25.6811
1521, 74.0031, 25.6946
1522, 74.216, 25.7081
1523, 74.1276, 25.7216
1524, 74.0666, 25.7351
1525, 74.0915, 25.7486
1526, 74.1425, 25.7621
1527, 74.2636, 25.7755
1528, 74.2186, 25.789
1529, 74.1693, 25.8025
1530, 74.2537, 25.8159
1531, 74.1762, 25.8294
1532, 74.313, 25.8429
1533, 74.3383, 25.8563
1534, 74.3387, 25.8698
1535, 74.3848, 25.8832
1536, 74.2824, 25.8967
1537, 74.3136, 25.9101
1538, 74.3638, 25.9236
1539, 74.2365, 25.9371
1540, 74.289, 25.9505
1541, 74.3723, 25.964
1542, 74.4449, 25.9774
1543, 74.3099, 25.9909
1544, 74.4826, 26.0043
1545, 74.3905, 26.0177
1546, 74.3663, 26.0312
1547, 74.4219, 26.0446
1548, 74.4754, 26.058
1549, 74.4863, 26.0715
1550, 74.4978, 26.0849
1551, 74.5668, 26.0983
1552, 74.5488, 26.1117
1553, 74.556, 26.1251
1554, 74.6012, 26.1385
1555, 74.5453, 26.1519
1556, 74.7567, 26.1653
1557, 74.7825, 26.1787
1558, 74.658, 26.1921
1559, 74.6238, 26.2055
1560, 74.7329, 26.2189
1561, 74.6596, 26.2323
1562, 74.5583, 26.2457
1563, 74.6675, 26.2591
1564, 74.6556, 26.2725
1565, 74.8103, 26.2858
1566, 74.8249, 26.2992
1567, 74.7229, 26.3126
1568, 74.6615, 26.326
1569, 74.7287, 26.3394
1570, 74.8578, 26.3527
1571, 74.8637, 26.3661
1572, 74.9275, 26.3794
1573, 74.8289, 26.3928
1574, 74.9244, 26.4061
1575, 74.8982, 26.4195
1576, 74.8838, 26.4328
1577, 74.7955, 26.4462
1578, 74.8792, 26.4596
1579, 74.9122, 26.4729
1580, 74.9345, 26.4863
1581, 75.1232, 26.4996
1582, 75.0902, 26.5129
1583, 75.0846, 26.5262
1584, 75.0162, 26.5395
1585, 74.8939, 26.5529
1586, 75.0681, 26.5662
1587, 75.0646, 26.5795
1588, 75.0379, 26.5929
1589, 75.1114, 26.6062
1590, 75.0882, 26.6195
1591, 75.2002, 26.6328
1592, 75.0844, 26.6461
1593, 75.0857, 26.6594
1594, 75.1348, 26.6727
1595, 75.1533, 26.686
1596, 75.3026, 26.6993
1597, 75.2497, 26.7126
1598, 75.2594, 26.7259
1599, 75.231, 26.7392
1600, 75.1565, 26.7525
1601, 75.292, 26.7658
1602, 75.2795, 26.7791
1603, 75.2274, 26.7923
1604, 75.3462, 26.8056
1605, 75.2473, 26.8189
1606, 75.3575, 26.8322
1607, 75.2509, 26.8455
1608, 75.1599, 26.8588
1609, 75.3497, 26.872
1610, 75.3484, 26.8853
1611, 75.4794, 26.8986
1612, 75.4768, 26.9118
1613, 75.3868, 26.9251
1614, 75.3961, 26.9383
1615, 75.4204, 26.9516
1616, 75.4188, 26.9649
1617, 75.5665, 26.9781
1618, 75.4695, 26.9913
1619, 75.528, 27.0046
1620, 75.5369, 27.0178
1621, 75.4558, 27.0311
1622, 75.5675, 27.0443
1623, 75.5498, 27.0575
1624, 75.3607, 27.0708
1625, 75.5659, 27.084
1626, 75.7343, 27.0973
1627, 75.5559, 27.1105
1628, 75.6328, 27.1237
1629, 75.6541, 27.1369
1630, 75.5472, 27.1502
1631, 75.7421, 27.1634
1632, 75.6697, 27.1766
1633, 75.5908, 27.1898
1634, 75.8497, 27.203
1635, 75.7728, 27.2162
1636, 75.8838, 27.2294
1637, 75.7065, 27.2426
1638, 75.7413, 27.2558
1639, 75.7405, 27.269
1640, 75.7316, 27.2822
1641, 75.8252, 27.2954
1642, 75.7071, 27.3086
1643, 75.7563, 27.3218
1644, 75.7733, 27.335
1645, 75.8733, 27.3482
1646, 75.9345, 27.3613
1647, 75.8801, 27.3745
1648, 75.6556, 27.3877
1649, 75.8807, 27.4009
1650, 75.8791, 27.4141
1651, 76.0218, 27.4272
1652, 75.952, 27.4404
1653, 75.9706, 27.4536
1654, 75.883, 27.4667
1655, 75.9204, 27.4799
1656, 76.0317, 27.4931
1657, 75.8296, 27.5063
1658, 75.968, 27.5194
1659, 76.0222, 27.5326
1660, 76.0087, 27.5457
1661, 76.0976, 27.5589
1662, 76.0427, 27.572
1663, 76.1297, 27.5852
1664, 76.0396, 27.5983
1665, 75.9869, 27.6115
1666, 76.024, 27.6246
1667, 75.9749, 27.6378
1668, 75.9712, 27.651
1669, 75.9728, 27.6641
1670, 75.9185, 27.6773
1671, 75.8116, 27.6905
1672, 76.1331, 27.7036
1673, 75.8977, 27.7168
1674, 75.6041, 27.73
1675, 75.6627, 27.7432
1676, 75.4083, 27.7565
1677, 75.5438, 27.7697
1678, 75.0974, 27.783
1679, 74.7988, 27.7964
1680, 74.6311, 27.8098
1681, 74.8472, 27.8232
1682, 74.4528, 27.8366
1683, 74.6531, 27.85
1684, 73.7601, 27.8636
1685, 73.518, 27.8772
1686, 73.5695, 27.8908
1687, 73.0106, 27.9044
1688, 72.9142, 27.9182
1689, 72.2603, 27.932
1690, 71.7039, 27.9459
1691, 71.8553, 27.9599
1692, 71.6039, 27.9738
1693, 71.377, 27.9878
1694, 70.4323, 28.002
1695, 70.7159, 28.0162
1696, 69.7519, 28.0305
1697, 69.6131, 28.0449
1698, 69.0184, 28.0594
1699, 68.6013, 28.0739
1700, 68.3353, 28.0886
1701, 67.5327, 28.1034
1702, 67.3773, 28.1182
1703, 66.658, 28.1332
1704, 66.1628, 28.1483
1705, 66.0946, 28.1635
1706, 65.9134, 28.1786
1707, 65.4266, 28.1939
1708, 64.982, 28.2093
1709, 64.1992, 28.2249
1710, 63.5941, 28.2406
1711, 63.2321, 28.2564
1712, 62.5253, 28.2724
1713, 62.5508, 28.2884
1714, 61.8773, 28.3046
1715, 62.3202, 28.3206
1716, 61.9189, 28.3368
1717, 60.8641, 28.3532
1718, 59.8207, 28.3699
1719, 59.3771, 28.3868
1720, 59.2081, 28.4037
1721, 59.2401, 28.4205
1722, 58.7185, 28.4376
1723, 58.2944, 28.4547
1724, 57.7097, 28.472
1725, 57.5725, 28.4894
1726, 57.1646, 28.5069
1727, 57.155, 28.5244
1728, 56.0222, 28.5423
1729, 55.6613, 28.5602
1730, 55.2733, 28.5783
1731, 54.5563, 28.5966
1732, 53.8556, 28.6152
1733, 52.9727, 28.6341
1734, 53.1256, 28.6529
1735, 52.8723, 28.6718
1736, 52.7486, 28.6908
1737, 51.4112, 28.7102
1738, 51.8265, 28.7295
1739, 51.1261, 28.7491
1740, 51.154, 28.7686
1741, 50.8261, 28.7883
1742, 49.8896, 28.8084
1743, 49.1471, 28.8287
1744, 48.8205, 28.8492
1745, 49.1862, 28.8695
1746, 48.8916, 28.89
1747, 47.0388, 28.9112
1748, 46.3519, 28.9328
1749, 46.5937, 28.9543
1750, 46.9662, 28.9756
1751, 46.778, 28.9969
1752, 45.8447, 29.0187
1753, 44.4961, 29.0412
1754, 45.0613, 29.0634
1755, 44.3578, 29.086
1756, 44.2734, 29.1085
1757, 43.8495, 29.1314
1758, 42.9949, 29.1546
1759, 42.6302, 29.1781
1760, 42.131, 29.2018
1761, 42.3843, 29.2254
1762, 41.5458, 29.2495
1763, 40.712, 29.274
1764, 40.6409, 29.2986
1765, 40.3571, 29.3234
1766, 39.0082, 29.349
1767, 39.2116, 29.3746
1768, 38.4832, 29.4005
1769, 38.1805, 29.4267
1770, 37.2972, 29.4535
1771, 36.3696, 29.481
1772, 36.5143, 29.5084
1773, 36.726, 29.5357
1774, 36.0742, 29.5634
1775, 35.3494, 29.5917
1776, 35.2101, 29.6201
1777, 34.9, 29.6487
1778, 34.0667, 29.6781
1779, 34.065, 29.7074
1780, 33.108, 29.7376
1781, 32.7509, 29.7682
1782, 32.1991, 29.7992
1783, 31.596, 29.8309
1784, 31.3505, 29.8628
1785, 31.0167, 29.895
1786, 29.9075, 29.9284
1787, 30.0804, 29.9617
1788, 29.5668, 29.9955
1789, 28.6911, 30.0304
1790, 27.4055, 30.0669
1791, 27.2576, 30.1035
1792, 27.4922, 30.1399
1793, 26.7368, 30.1773
1794, 26.6407, 30.2149
1795, 26.0262, 30.2533
1796, 25.673, 30.2922
1797, 24.8793, 30.3324
1798, 24.6918, 30.3729
1799, 23.8601, 30.4148
1800, 23.7872, 30.4569
1801, 23.6678, 30.4991
1802, 23.2142, 30.5422
1803, 22.9494, 30.5858
1804, 22.213, 30.6308
1805, 22.3897, 30.6755
1806, 21.9931, 30.7209
1807, 21.7739, 30.7668
1808, 21.3243, 30.8137
1809, 21.2813, 30.8607
1810, 20.9861, 30.9084
1811, 20.8724, 30.9563
1812, 20.6708, 31.0047
1813, 20.2012, 31.0542
1814, 20.2226, 31.1036
1815, 19.9424, 31.1538
1816, 19.634, 31.2047
1817, 19.5125, 31.2559
1818, 19.3281, 31.3077
1819, 19.2919, 31.3595
1820, 19.028, 31.4121
1821, 18.8725, 31.4651
1822, 18.6282, 31.5187
1823, 18.5748, 31.5726
1824, 18.2712, 31.6273
1825, 18.1877, 31.6823
1826, 18.1934, 31.7373
1827, 17.8751, 31.7932
1828, 17.6741, 31.8498
1829, 17.5461, 31.9068
1830, 17.4978, 31.9639
1831, 17.4733, 32.0212
1832, 17.4132, 32.0786
1833, 17.4843, 32.1358
1834, 17.56, 32.1927
1835, 17.5252, 32.2498
1836, 17.769, 32.3061
1837, 17.7146, 32.3625
1838, 18.0599, 32.4179
1839, 18.0058, 32.4734
1840, 18.4419, 32.5276
1841, 18.4879, 32.5817
1842, 18.8388, 32.6348
1843, 18.8057, 32.688
1844, 19.3884, 32.7396
1845, 19.298, 32.7914
1846, 19.6588, 32.8423
1847, 19.8122, 32.8927
1848, 20.1305, 32.9424
1849, 20.2411, 32.9918
1850, 20.678, 33.0402
1851, 20.7876, 33.0883
1852, 21.0425, 33.1358
1853, 21.3807, 33.1826
1854, 21.6493, 33.2288
1855, 21.8036, 33.2746
1856, 22.2175, 33.3196
1857, 22.4467, 33.3642
1858, 22.6261, 33.4084
1859, 22.9712, 33.4519
1860, 23.1812, 33.4951
1861, 23.675, 33.5373
1862, 23.7306, 33.5794
1863, 23.9741, 33.6211
1864, 24.452, 33.662
1865, 24.5562, 33.7028
1866, 25.202, 33.7424
1867, 25.2553, 33.782
1868, 25.6009, 33.8211
1869, 25.8838, 33.8597
1870, 25.9654, 33.8982
1871, 26.6168, 33.9358
1872, 26.8457, 33.9731
1873, 26.8288, 34.0103
1874, 27.3997, 34.0468
1875, 27.5218, 34.0832
1876, 27.8285, 34.1191
1877, 28.3705, 34.1544
1878, 28.6187, 34.1893
1879, 28.427, 34.2245
1880, 29.1567, 34.2588
1881, 29.2473, 34.293
1882, 29.5804, 34.3268
1883, 30.0535, 34.36
1884, 29.9055, 34.3935
1885, 30.2106, 34.4266
1886, 30.8629, 34.459
1887, 31.1312, 34.4911
1888, 31.0848, 34.5233
1889, 31.4388, 34.5551
1890, 31.9553, 34.5864
1891, 32.097, 34.6175
1892, 32.3309, 34.6485
1893, 32.616, 34.6791
1894, 32.5242, 34.7099
1895, 32.61, 34.7405
1896, 33.4037, 34.7705
1897, 33.7537, 34.8001
1898, 33.8264, 34.8297
1899, 33.7432, 34.8593
1900, 34.3508, 34.8884
1901, 34.4616, 34.9174
1902, 34.6017, 34.9463
1903, 35.1084, 34.9748
1904, 35.2286, 35.0032
1905, 35.3493, 35.0315
1906, 35.6584, 35.0595
1907, 35.9544, 35.0873
1908, 36.2035, 35.115
1909, 36.0238, 35.1427
1910, 36.3263, 35.1703
1911, 36.7942, 35.1974
1912, 36.8659, 35.2246
1913, 36.8347, 35.2517
1914, 37.1236, 35.2786
1915, 37.4068, 35.3054
1916, 37.5452, 35.332
1917, 37.5319, 35.3587
1918, 37.9126, 35.385
1919, 38.0588, 35.4113
1920, 38.3199, 35.4374
1921, 38.3458, 35.4635
1922, 38.5392, 35.4894
1923, 38.7397, 35.5152
1924, 38.9817, 35.5409
1925, 38.9887, 35.5665
1926, 39.1151, 35.5921
1927, 39.4278, 35.6175
1928, 39.7091, 35.6427
1929, 39.7197, 35.6678
1930, 39.8729, 35.6929
1931, 40.1561, 35.7178
1932, 40.2284, 35.7427
1933, 40.304, 35.7675
1934, 40.5457, 35.7921
1935, 40.8829, 35.8166
1936, 40.9893, 35.841
1937, 40.961, 35.8654
1938, 40.924, 35.8899
1939, 41.3595, 35.914
1940, 41.593, 35.9381
1941, 41.6635, 35.9621
1942, 41.8169, 35.986
1943, 41.8449, 36.0099
1944, 42.0533, 36.0337
1945, 42.1469, 36.0574
1946, 42.518, 36.0809
1947, 42.6768, 36.1043
1948, 42.6915, 36.1278
1949, 42.9442, 36.1511
1950, 42.8591, 36.1744
1951, 43.0812, 36.1976
1952, 43.332, 36.2207
1953, 43.4049, 36.2437
1954, 43.6143, 36.2666
1955, 43.5744, 36.2896
1956, 43.9096, 36.3124
1957, 44.0646, 36.3351
1958, 44.0406, 36.3578
1959, 44.1849, 36.3804
1960, 44.4128, 36.4029
1961, 44.5909, 36.4253
1962, 44.6476, 36.4477
1963, 44.5505, 36.4702
1964, 44.8267, 36.4925
1965, 45.219, 36.5146
1966, 45.2146, 36.5367
1967, 45.3066, 36.5588
1968, 45.4571, 36.5808
1969, 45.3883, 36.6028
1970, 45.7907, 36.6247
1971, 45.8523, 36.6465
1972, 45.7507, 36.6683
1973, 45.9846, 36.6901
1974, 46.2989, 36.7117
1975, 46.4116, 36.7332
1976, 46.4001, 36.7548
1977, 46.4792, 36.7763
1978, 46.7217, 36.7977
1979, 46.8392, 36.819
1980, 47.0999, 36.8403
1981, 47.0483, 36.8615
1982, 47.1356, 36.8827
1983, 47.1232, 36.904
1984, 47.4384, 36.925
1985, 47.5879, 36.9461
1986, 47.7771, 36.967
1987, 47.7313, 36.9879
1988, 47.7708, 37.0089
1989, 48.052, 37.0297
1990, 48.1676, 37.0504
1991, 48.287, 37.0712
1992, 48.2612, 37.0919
1993, 48.5232, 37.1125
1994, 48.4775, 37.1331
1995, 48.878, 37.1536
1996, 48.8128, 37.1741
1997, 48.7124, 37.1946
1998, 48.8713, 37.215
1999, 49.0756, 37.2354
2000, 49.2489, 37.2557
2001, 49.3381, 37.276
2002, 49.182, 37.2963
2003, 49.4224, 37.3166
2004, 49.5752, 37.3367
2005, 49.7219, 37.3568
2006, 49.8111, 37.3769
2007, 49.5848, 37.3971
2008, 49.9691, 37.4171
2009, 49.9635, 37.4371
2010, 50.2811, 37.457
2011, 50.2514, 37.4769
2012, 50.1461, 37.4968
2013, 50.512, 37.5166
2014, 50.433, 37.5365
2015, 50.6346, 37.5562
2016, 50.8073, 37.5759
2017, 50.6208, 37.5957
2018, 50.7099, 37.6154
2019, 50.9694, 37.635
2020, 51.0969, 37.6546
2021, 51.1661, 37.6741
2022, 51.1663, 37.6937
2023, 51.1567, 37.7132
2024, 51.4173, 37.7327
2025, 51.6124, 37.752
2026, 51.657, 37.7714
2027, 51.6063, 37.7908
2028, 51.5447, 37.8102
2029, 51.7356, 37.8295
2030, 52.0348, 37.8487
2031, 52.1067, 37.8679
2032, 52.2383, 37.887
2033, 52.1691, 37.9062
2034, 52.0765, 37.9254
2035, 52.3408, 37.9445
2036, 52.5511, 37.9636
2037, 52.6863, 37.9825
2038, 52.6688, 38.0015
2039, 52.577, 38.0205
2040, 52.8402, 38.0395
2041, 52.9257, 38.0584
2042, 53.053, 38.0772
2043, 53.0376, 38.0961
2044, 53.1208, 38.1149
2045, 53.2501, 38.1337
2046, 53.3108, 38.1524
2047, 53.3626, 38.1712
2048, 53.5068, 38.1899
2049, 53.6863, 38.2085
2050, 53.7266, 38.2271
2051, 53.7579, 38.2457
2052, 53.9251, 38.2642
2053, 53.9483, 38.2828
2054, 54.0945, 38.3013
2055, 54.2248, 38.3197
2056, 54.1417, 38.3382
2057, 54.2615, 38.3566
2058, 54.3499, 38.375
2059, 54.5366, 38.3933
2060, 54.5101, 38.4117
2061, 54.5942, 38.43
2062, 54.6383, 38.4483
2063, 54.9046, 38.4665
2064, 54.9215, 38.4847
2065, 54.995, 38.5029
2066, 55.0228, 38.5211
2067, 55.1291, 38.5392
2068, 55.0708, 38.5574
2069, 55.216, 38.5755
2070, 55.362, 38.5936
2071, 55.5311, 38.6116
2072, 55.5685, 38.6296
2073, 55.6167, 38.6475
2074, 55.6895, 38.6655
2075, 55.7914, 38.6834
2076, 55.9615, 38.7013
2077, 55.9432, 38.7192
2078, 55.9778, 38.737
2079, 56.0425, 38.7549
2080, 56.1455, 38.7727
2081, 56.2342, 38.7905
2082, 56.4663, 38.8082
2083, 56.4445, 38.8259
2084, 56.4653, 38.8436
2085, 56.5574, 38.8613
2086, 56.6296, 38.8789
2087, 56.8117, 38.8965
2088, 56.8811, 38.9141
2089, 56.838, 38.9317
2090, 56.7849, 38.9493
2091, 56.9322, 38.9669
2092, 57.0597, 38.9844
2093, 57.1942, 39.0019
2094, 57.1593, 39.0194
2095, 57.3031, 39.0368
2096, 57.2184, 39.0543
2097, 57.2698, 39.0718
2098, 57.424, 39.0892
2099, 57.5544, 39.1066
2100, 57.6023, 39.1239
2101, 57.6187, 39.1413
2102, 57.6042, 39.1587
2103, 57.7759, 39.176
2104, 57.855, 39.1932
2105, 57.9717, 39.2105
2106, 57.9067, 39.2278
2107, 58.0202, 39.245
2108, 58.0955, 39.2622
2109, 58.2481, 39.2794
2110, 58.2343, 39.2966
2111, 58.2733, 39.3137
2112, 58.2743, 39.3309
2113, 58.3171, 39.348
2114, 58.344, 39.3652
2115, 58.4336, 39.3823
2116, 58.4924, 39.3994
2117, 58.5519, 39.4164
2118, 58.6349, 39.4335
2119, 58.778, 39.4505
2120, 58.7285, 39.4675
2121, 58.8067, 39.4845
2122, 58.8686, 39.5015
2123, 59.0439, 39.5185
2124, 59.1155, 39.5354
2125, 59.1697, 39.5523
2126, 58.9862, 39.5692
2127, 59.0873, 39.5862
2128, 59.256, 39.603
2129, 59.4323, 39.6199
2130, 59.4534, 39.6367
2131, 59.5076, 39.6535
2132, 59.534, 39.6703
2133, 59.5896, 39.6871
2134, 59.6405, 39.7038
2135, 59.7268, 39.7206
2136, 59.7478, 39.7373
2137, 59.7969, 39.754
2138, 59.833, 39.7708
2139, 59.9058, 39.7874
2140, 60.0269, 39.8041
2141, 60.1558, 39.8207
2142, 60.1161, 39.8374
2143, 60.1891, 39.854
2144, 60.1978, 39.8706
2145, 60.103, 39.8872
2146, 60.2251, 39.9038
2147, 60.3577, 39.9204
2148, 60.5278, 39.9369
2149, 60.5411, 39.9534
2150, 60.5482, 39.97
2151, 60.5241, 39.9865
2152, 60.5915, 40.003
2153, 60.7485, 40.0194
2154, 60.8807, 40.0359
2155, 60.9305, 40.0523
2156, 60.9456, 40.0687
2157, 60.8654, 40.0851
2158, 60.9863, 40.1015
2159, 60.9863, 40.1179
2160, 61.2188, 40.1342
2161, 61.213, 40.1506
2162, 61.2557, 40.1669
2163, 61.1983, 40.1832
2164, 61.2554, 40.1996
2165, 61.3667, 40.2159
2166, 61.5282, 40.2321
2167, 61.5411, 40.2484
2168, 61.5971, 40.2646
2169, 61.5836, 40.2808
2170, 61.5901, 40.2971
2171, 61.7171, 40.3133
2172, 61.7875, 40.3295
2173, 61.8302, 40.3456
2174, 61.8916, 40.3618
2175, 61.9213, 40.3779
2176, 61.9769, 40.3941
2177, 62.0304, 40.4102
2178, 62.1076, 40.4263
2179, 62.0806, 40.4424
2180, 62.2055, 40.4585
2181, 62.3088, 40.4745
2182, 62.3109, 40.4906
2183, 62.4227, 40.5066
2184, 62.5238, 40.5226
2185, 62.6371, 40.5386
2186, 62.6025, 40.5545
2187, 62.6662, 40.5705
2188, 62.6362, 40.5865
2189, 62.7078, 40.6024
2190, 62.8046, 40.6183
2191, 62.8851, 40.6342
2192, 62.8528, 40.6501
2193, 62.8856, 40.666
2194, 62.8617, 40.682
2195, 62.9465, 40.6978
2196, 63.0367, 40.7137
2197, 63.1007, 40.7296
2198, 63.2834, 40.7454
2199, 63.174, 40.7612
2200, 63.2856, 40.777
2201, 63.2789, 40.7928
2202, 63.2741, 40.8086
2203, 63.36, 40.8244
2204, 63.4893, 40.8401
2205, 63.543, 40.8559
2206, 63.5833, 40.8716
2207, 63.5888, 40.8873
2208, 63.6585, 40.903
2209, 63.7037, 40.9187
2210, 63.8055, 40.9344
2211, 63.8138, 40.9501
2212, 63.8215, 40.9657
2213, 63.7781, 40.9814
2214, 63.8273, 40.9971
2215, 63.952, 41.0127
2216, 63.9808, 41.0283
2217, 64.1697, 41.0439
2218, 64.145, 41.0595
2219, 64.1863, 41.0751
2220, 64.0764, 41.0907
2221, 64.219, 41.1063
2222, 64.2229, 41.1218
2223, 64.3694, 41.1374
2224, 64.3255, 41.1529
2225, 64.4347, 41.1684
2226, 64.3766, 41.184
2227, 64.4495, 41.1995
2228, 64.4076, 41.215
2229, 64.4978, 41.2305
2230, 64.5835, 41.246
2231, 64.6192, 41.2615
2232, 64.6256, 41.277
2233, 64.7092, 41.2924
2234, 64.7079, 41.3079
2235, 64.7797, 41.3233
2236, 64.8642, 41.3387
2237, 64.8683, 41.3541
2238, 64.9258, 41.3695
2239, 64.8943, 41.385
2240, 64.9171, 41.4004
2241, 64.9521, 41.4158
2242, 65.0988, 41.4311
2243, 65.0667, 41.4465
2244, 65.1081, 41.4618
2245, 65.1284, 41.4772
2246, 65.0966, 41.4926
2247, 65.2261, 41.5079
2248, 65.2706, 41.5232
2249, 65.2527, 41.5385
2250, 65.3432, 41.5538
2251, 65.2805, 41.5692
2252, 65.2982, 41.5845
2253, 65.3391, 41.5998
2254, 65.4516, 41.6151
2255, 65.5355, 41.6303
2256, 65.6469, 41.6455
2257, 65.6329, 41.6608
2258, 65.6508, 41.676
2259, 65.4922, 41.6913
2260, 65.5543, 41.7065
2261, 65.7026, 41.7218
2262, 65.8127, 41.737
2263, 65.7866, 41.7522
2264, 65.9237, 41.7673
2265, 65.8898, 41.7825
2266, 65.8685, 41.7977
2267, 65.9029, 41.8129
2268, 66.0885, 41.828
2269, 66.0259, 41.8431
2270, 66.116, 41.8583
2271, 66.0824, 41.8734
2272, 66.0771, 41.8885
2273, 66.2126, 41.9036
2274, 66.1514, 41.9187
2275, 66.304, 41.9338
2276, 66.306, 41.9489
2277, 66.332, 41.964
2278, 66.3119, 41.9791
2279, 66.2194, 41.9942
2280, 66.3954, 42.0092
2281, 66.3417, 42.0243
2282, 66.4937, 42.0393
2283, 66.5537, 42.0544
2284, 66.5968, 42.0694
2285, 66.5449, 42.0844
2286, 66.4338, 42.0995
2287, 66.1909, 42.1146
2288, 66.3456, 42.1296
2289, 66.3651, 42.1447
2290, 66.2972, 42.1598
2291, 66.2604, 42.1749
2292, 66.1997, 42.19
2293, 66.0134, 42.2051
2294, 65.8797, 42.2203
2295, 65.8362, 42.2355
2296, 65.9213, 42.2507
2297, 66.066, 42.2658
2298, 66.0366, 42.281
2299, 65.7997, 42.2962
2300, 65.9153, 42.3113
2301, 65.6208, 42.3266
2302, 65.6235, 42.3418
2303, 65.9699, 42.357
2304, 65.742, 42.3722
2305, 65.7237, 42.3874
2306, 65.5133, 42.4026
2307, 65.3431, 42.418
2308, 65.2707, 42.4333
2309, 65.1477, 42.4486
2310, 65.1148, 42.464
2311, 65.0207, 42.4794
2312, 64.9621, 42.4948
2313, 64.9058, 42.5102
2314, 64.8305, 42.5256
2315, 64.8423, 42.541
2316, 65.0439, 42.5564
2317, 64.6753, 42.5718
2318, 64.8949, 42.5873
2319, 64.8068, 42.6027
2320, 64.4889, 42.6182
2321, 64.3654, 42.6337
2322, 64.3886, 42.6493
2323, 64.4967, 42.6648
2324, 64.2561, 42.6803
2325, 64.0615, 42.6959
2326, 64.0313, 42.7116
2327, 63.9133, 42.7272
2328, 63.9257, 42.7428
2329, 63.7516, 42.7585
2330, 63.9098, 42.7742
2331, 64.0436, 42.7898
2332, 63.9613, 42.8054
2333, 63.8788, 42.8211
2334, 63.5501, 42.8368
2335, 63.5019, 42.8526
2336, 63.5894, 42.8683
2337, 63.5759, 42.884
2338, 63.4478, 42.8998
2339, 63.4567, 42.9155
2340, 63.1946, 42.9314
2341, 63.3275, 42.9472
2342, 63.2701, 42.963
2343, 63.1701, 42.9788
2344, 63.0812, 42.9946
2345, 63.1099, 43.0105
2346, 62.968, 43.0264
2347, 62.9464, 43.0423
2348, 62.8849, 43.0582
2349, 62.4782, 43.0742
2350, 62.8221, 43.0901
2351, 62.8056, 43.106
2352, 62.6671, 43.122
2353, 62.7441, 43.1379
2354, 62.6126, 43.1539
2355, 62.3675, 43.1699
2356, 62.1233, 43.186
2357, 62.2068, 43.2021
2358, 62.5572, 43.2181
2359, 62.3778, 43.2341
2360, 62.2163, 43.2502
2361, 62.0415, 43.2663
2362, 61.9771, 43.2824
2363, 62.0485, 43.2985
2364, 61.5854, 43.3148
2365, 62.1656, 43.3309
2366, 62.3474, 43.3469
2367, 62.1672, 43.363
2368, 61.7427, 43.3792
2369, 61.5811, 43.3954
2370, 61.76, 43.4116
2371, 61.9867, 43.4277
2372, 62.1203, 43.4438
2373, 61.7615, 43.46
2374, 61.5844, 43.4763
2375, 61.323, 43.4926
2376, 61.506, 43.5088
2377, 61.6434, 43.5251
2378, 61.7067, 43.5413
2379, 61.6826, 43.5575
2380, 61.6595, 43.5737
2381, 61.503, 43.59
2382, 61.4913, 43.6062
2383, 61.4953, 43.6225
2384, 61.4504, 43.6387
2385, 61.4787, 43.655
2386, 61.5672, 43.6713
2387, 61.5872, 43.6875
2388, 61.4676, 43.7038
2389, 61.6573, 43.72
2390, 61.6712, 43.7362
2391, 61.6585, 43.7524
2392, 61.8246, 43.7686
2393, 61.698, 43.7848
2394, 61.726, 43.801
2395, 61.6116, 43.8172
2396, 61.8165, 43.8334
2397, 61.6914, 43.8496
2398, 61.4838, 43.8659
2399, 61.4557, 43.8822
2400, 61.7349, 43.8983
2401, 61.9077, 43.9145
2402, 62.1239, 43.9306
2403, 61.8939, 43.9468
2404, 61.9479, 43.9629
2405, 62.2042, 43.979
2406, 61.8026, 43.9952
2407, 61.8663, 44.0113
2408, 61.8156, 44.0275
2409, 61.8234, 44.0437
2410, 62.1086, 44.0598
2411, 62.4363, 44.0758
2412, 62.2731, 44.0918
2413, 62.0132, 44.108
2414, 62.0066, 44.1241
2415, 61.1026, 44.1405
2416, 61.7653, 44.1567
2417, 61.7632, 44.1728
2418, 62.0603, 44.189
2419, 62.1209, 44.2051
2420, 62.1208, 44.2212
2421, 62.124, 44.2373
2422, 61.9293, 44.2534
2423, 61.8937, 44.2696
2424, 61.8864, 44.2857
2425, 61.8343, 44.3019
2426, 61.6739, 44.3181
2427, 61.897, 44.3343
2428, 62.0095, 44.3504
2429, 62.3168, 44.3664
2430, 62.3102, 44.3825
2431, 61.9213, 44.3986
2432, 61.6852, 44.4148
2433, 61.0029, 44.4312
2434, 61.7746, 44.4474
2435, 61.5158, 44.4637
2436, 61.851, 44.4798
2437, 61.5067, 44.4961
2438, 61.649, 44.5123
2439, 62.2334, 44.5284
2440, 62.1767, 44.5445
2441, 62.193, 44.5606
2442, 61.8766, 44.5767
2443, 62.0529, 44.5928
2444, 61.8464, 44.609
2445, 61.881, 44.6252
2446, 60.9248, 44.6416
2447, 61.3066, 44.6579
2448, 60.8533, 44.6743
2449, 62.149, 44.6904
2450, 62.0969, 44.7065
2451, 62.069, 44.7226
2452, 62.1182, 44.7387
2453, 61.905, 44.7549
2454, 62.0012, 44.771
2455, 62.1019, 44.7871
2456, 62.3304, 44.8032
2457, 62.3548, 44.8192
2458, 62.1573, 44.8353
2459, 62.1158, 44.8514
2460, 61.8129, 44.8676
2461, 62.1266, 44.8836
2462, 61.6512, 44.8999
2463, 61.7395, 44.9161
2464, 62.3249, 44.9321
2465, 61.3479, 44.9484
2466, 61.9328, 44.9646
2467, 61.5411, 44.9808
2468, 61.712, 44.997
2469, 62.2209, 45.0131
2470, 62.4446, 45.0291
2471, 62.2785, 45.0452
2472, 61.8966, 45.0613
2473, 61.5949, 45.0775
2474, 62.1148, 45.0936
2475, 61.9587, 45.1098
2476, 62.7583, 45.1257
2477, 62.3408, 45.1418
2478, 62.3374, 45.1578
2479, 62.1434, 45.1739
2480, 62.0542, 45.19
2481, 62.1879, 45.2061
2482, 62.495, 45.2221
2483, 62.6166, 45.2381
2484, 62.9319, 45.254
2485, 62.3313, 45.27
2486, 62.8359, 45.2859
2487, 61.8723, 45.3021
2488, 62.4673, 45.3181
2489, 62.7694, 45.334
2490, 62.7868, 45.3499
2491, 61.8429, 45.3661
2492, 62.301, 45.3822
2493, 62.3365, 45.3982
2494, 62.3629, 45.4142
2495, 62.7785, 45.4302
2496, 63.1426, 45.446
2497, 63.8018, 45.4617
2498, 63.2356, 45.4775
2499, 62.5054, 45.4935
2500, 62.0935, 45.5096
2501, 62.2479, 45.5257
2502, 62.1791, 45.5417
2503, 62.406, 45.5578
2504, 63.1273, 45.5736
2505, 62.8892, 45.5895
2506, 62.7666, 45.6054
2507, 62.6856, 45.6214
2508, 62.6723, 45.6373
2509, 62.9386, 45.6532
2510, 63.2561, 45.669
2511, 62.5235, 45.685
2512, 62.9409, 45.7009
2513, 61.7954, 45.7171
2514, 62.6418, 45.7331
2515, 62.6078, 45.749
2516, 62.667, 45.765
2517, 63.0525, 45.7809
2518, 63.223, 45.7967
2519, 63.2225, 45.8125
2520, 62.9807, 45.8284
2521, 63.0116, 45.8442
2522, 62.7011, 45.8602
2523, 62.9784, 45.8761
2524, 61.0301, 45.8925
2525, 62.5978, 45.9084
2526, 62.9815, 45.9243
2527, 63.0873, 45.9402
2528, 62.6065, 45.9561
2529, 62.7277, 45.9721
2530, 62.5899, 45.9881
2531, 62.9899, 46.0039
2532, 61.7071, 46.0201
2533, 61.6064, 46.0364
2534, 63.2329, 46.0522
2535, 63.8932, 46.0678
2536, 64.2034, 46.0834
2537, 63.3019, 46.0992
2538, 62.4506, 46.1152
2539, 61.1084, 46.1316
2540, 61.8273, 46.1478
2541, 62.1296, 46.1639
2542, 61.9681, 46.18
2543, 62.1925, 46.1961
2544, 60.6368, 46.2126
2545, 59.508, 46.2294
2546, 61.0299, 46.2457
2547, 61.0621, 46.2621
2548, 61.2102, 46.2785
2549, 60.0624, 46.2951
2550, 60.9547, 46.3115
2551, 59.1961, 46.3284
2552, 60.5588, 46.3449
2553, 59.2167, 46.3618
2554, 59.8144, 46.3785
2555, 59.1144, 46.3954
2556, 58.8608, 46.4124
2557, 59.2452, 46.4293
2558, 59.7974, 46.446
2559, 58.0772, 46.4633
2560, 58.5317, 46.4803
2561, 57.3621, 46.4978
2562, 57.6068, 46.5151
2563, 57.2983, 46.5326
2564, 56.2139, 46.5504
2565, 54.9339, 46.5686
2566, 55.5513, 46.5866
2567, 54.9726, 46.6048
2568, 55.031, 46.6229
2569, 52.9943, 46.6418
2570, 54.1648, 46.6603
2571, 54.6122, 46.6786
2572, 54.5729, 46.6969
2573, 55.0085, 46.7151
2574, 53.1708, 46.7339
2575, 52.5466, 46.7529
2576, 51.13, 46.7725
2577, 53.4365, 46.7912
2578, 52.1768, 46.8104
2579, 50.4766, 46.8302
2580, 50.4773, 46.85
2581, 50.1167, 46.8699
2582, 49.2889, 46.8902
2583, 50.2809, 46.9101
2584, 50.4497, 46.9299
2585, 50.3406, 46.9498
2586, 49.4548, 46.97
2587, 49.9119, 46.9901
2588, 48.7223, 47.0106
2589, 48.9866, 47.031
2590, 48.6453, 47.0516
2591, 47.673, 47.0725
2592, 47.4297, 47.0936
2593, 47.8789, 47.1145
2594, 48.3417, 47.1352
2595, 47.8711, 47.1561
2596, 45.9597, 47.1778
2597, 45.9671, 47.1996
2598, 44.9984, 47.2218
2599, 45.0341, 47.244
2600, 44.8352, 47.2663
2601, 45.074, 47.2885
2602, 43.708, 47.3114
2603, 44.0427, 47.3341
2604, 43.7359, 47.357
2605, 43.6436, 47.3799
2606, 42.4101, 47.4034
2607, 43.0471, 47.4267
2608, 43.1528, 47.4498
2609, 42.2593, 47.4735
2610, 41.8057, 47.4974
2611, 41.695, 47.5214
2612, 40.9507, 47.5458
2613, 41.3517, 47.57
2614, 40.7378, 47.5946
2615, 40.0877, 47.6195
2616, 40.1414, 47.6444
2617, 40.0193, 47.6694
2618, 39.9192, 47.6945
2619, 39.433, 47.7198
2620, 39.0673, 47.7454
2621, 38.591, 47.7713
2622, 39.317, 47.7968
2623, 38.9133, 47.8225
2624, 38.3328, 47.8486
2625, 37.6104, 47.8751
2626, 37.1981, 47.902
2627, 37.4216, 47.9287
2628, 36.923, 47.9558
2629, 37.0105, 47.9828
2630, 36.7914, 48.01
2631, 36.3984, 48.0375
2632, 36.1202, 48.0652
2633, 35.9144, 48.093
2634, 36.0019, 48.1208
2635, 35.6656, 48.1488
2636, 34.9962, 48.1774
2637, 34.6709, 48.2063
2638, 35.0691, 48.2348
2639, 34.344, 48.2639
2640, 34.4402, 48.2929
2641, 33.5984, 48.3227
2642, 33.388, 48.3526
2643, 33.3777, 48.3826
2644, 32.8113, 48.4131
2645, 32.5991, 48.4438
2646, 32.8317, 48.4742
2647, 32.3259, 48.5052
2648, 32.1588, 48.5362
2649, 31.4289, 48.5681
2650, 31.3447, 48.6
2651, 31.2782, 48.6319
2652, 31.0481, 48.6641
2653, 31.1504, 48.6962
2654, 31.6751, 48.7278
2655, 30.8863, 48.7602
2656, 30.3574, 48.7931
2657, 30.2037, 48.8262
2658, 29.7354, 48.8599
2659, 30.174, 48.893
2660, 29.7429, 48.9266
2661, 29.6437, 48.9604
2662, 29.4966, 48.9943
2663, 29.2421, 49.0285
2664, 29.4493, 49.0624
2665, 29.2057, 49.0967
2666, 28.9485, 49.1312
2667, 28.8826, 49.1658
2668, 28.4016, 49.201
2669, 28.0643, 49.2367
2670, 28.0754, 49.2723
2671, 28.2021, 49.3078
2672, 27.8844, 49.3436
2673, 27.7094, 49.3797
2674, 27.7597, 49.4157
2675, 27.1008, 49.4526
2676, 27.2064, 49.4894
2677, 27.3194, 49.526
2678, 27.0646, 49.5629
2679, 26.9302, 49.6001
2680, 26.9035, 49.6372
2681, 26.5376, 49.6749
2682, 26.8691, 49.7121
2683, 26.5276, 49.7498
2684, 26.5097, 49.7876
2685, 26.1785, 49.8258
2686, 26.5429, 49.8634
2687, 25.9207, 49.902
2688, 25.8955, 49.9406
2689, 25.6268, 49.9797
2690, 25.7454, 50.0185
2691, 25.8922, 50.0571
2692, 25.5207, 50.0963
2693, 25.8442, 50.135
2694, 25.2255, 50.1746
2695, 25.4495, 50.2139
2696, 25.1627, 50.2537
2697, 25.0755, 50.2935
2698, 25.2031, 50.3332
2699, 24.9133, 50.3734
2700, 24.9854, 50.4134
2701, 24.7813, 50.4537
2702, 24.7361, 50.4942
2703, 24.4486, 50.5351
2704, 24.5386, 50.5758
2705, 24.164, 50.6172
2706, 24.2986, 50.6584
2707, 24.0044, 50.7
2708, 23.9389, 50.7418
2709, 23.6831, 50.784
2710, 23.3962, 50.8268
2711, 23.3478, 50.8696
2712, 23.4765, 50.9122
2713, 23.2491, 50.9552
2714, 23.1058, 50.9985
2715, 22.9493, 51.0421
2716, 22.9016, 51.0857
2717, 22.8949, 51.1294
2718, 22.787, 51.1733
2719, 22.7303, 51.2173
2720, 22.5872, 51.2615
2721, 23.0879, 51.3049
2722, 22.7877, 51.3487
2723, 23.1531, 51.3919
2724, 23.1753, 51.4351
2725, 23.4115, 51.4778
2726, 23.3352, 51.5206
2727, 23.4771, 51.5632
2728, 23.5977, 51.6056
2729, 23.9481, 51.6474
2730, 23.8463, 51.6893
2731, 24.1459, 51.7307
2732, 24.1613, 51.7721
2733, 24.36, 51.8132
2734, 24.6686, 51.8537
2735, 24.8006, 51.894
2736, 24.827, 51.9343
2737, 25.0689, 51.9742
2738, 25.2305, 52.0138
2739, 25.4005, 52.0532
2740, 25.5362, 52.0924
2741, 25.6839, 52.1313
2742, 26.0597, 52.1697
2743, 26.1945, 52.2078
2744, 26.6366, 52.2454
2745, 26.7332, 52.2828
2746, 26.7189, 52.3202
2747, 26.9513, 52.3573
2748, 27.3546, 52.3939
2749, 27.6287, 52.4301
2750, 27.8569, 52.466
2751, 28.0849, 52.5016
2752, 28.202, 52.537
2753, 28.4949, 52.5721
2754, 28.7047, 52.607
2755, 28.9052, 52.6416
2756, 29.0223, 52.676
2757, 29.396, 52.71
2758, 29.6798, 52.7437
2759, 29.723, 52.7774
2760, 30.0007, 52.8107
2761, 30.3174, 52.8437
2762, 30.2775, 52.8767
2763, 30.5519, 52.9095
2764, 30.9119, 52.9418
2765, 31.1386, 52.9739
2766, 31.3653, 53.0058
2767, 31.5986, 53.0374
2768, 31.6426, 53.069
2769, 31.911, 53.1004
2770, 32.0856, 53.1316
2771, 32.6348, 53.1622
2772, 32.2436, 53.1932
2773, 32.9525, 53.2236
2774, 33.4621, 53.2534
2775, 33.649, 53.2832
2776, 33.534, 53.313
2777, 33.6687, 53.3427
2778, 34.1158, 53.372
2779, 34.4131, 53.4011
2780, 34.9087, 53.4297
2781, 34.7922, 53.4584
2782, 35.0027, 53.487
2783, 35.0158, 53.5156
2784, 35.2606, 53.5439
2785, 35.8283, 53.5718
2786, 36.0929, 53.5995
2787, 35.8121, 53.6275
2788, 36.0804, 53.6552
2789, 36.2239, 53.6828
2790, 36.656, 53.7101
2791, 36.9286, 53.7371
2792, 36.675, 53.7644
2793, 37.1469, 53.7913
2794, 37.2927, 53.8182
2795, 37.3403, 53.8449
2796, 37.6565, 53.8715
2797, 37.7932, 53.8979
2798, 37.8117, 53.9244
2799, 37.8582, 53.9508
2800, 38.128, 53.977
2801, 38.0899, 54.0033
2802, 38.5654, 54.0292
2803, 38.5392, 54.0552
2804, 38.6647, 54.081
2805, 39.1654, 54.1066
2806, 39.0836, 54.1321
2807, 39.0555, 54.1578
2808, 39.1641, 54.1833
2809, 39.2516, 54.2088
2810, 39.627, 54.234
2811, 39.7869, 54.2591
2812, 39.6848, 54.2843
2813, 40.2992, 54.3091
2814, 40.4717, 54.3339
2815, 40.4681, 54.3586
2816, 40.3029, 54.3834
2817, 40.4823, 54.4081
2818, 40.9446, 54.4325
2819, 40.7802, 54.457
2820, 41.2266, 54.4813
2821, 40.9171, 54.5057
2822, 41.3989, 54.5299
2823, 41.4615, 54.554
2824, 41.43, 54.5781
2825, 41.6515, 54.6021
2826, 41.7471, 54.6261
2827, 42.0163, 54.6499
2828, 42.1578, 54.6736
2829, 42.1373, 54.6973
2830, 42.3045, 54.721
2831, 42.5331, 54.7445
2832, 42.8778, 54.7678
2833, 43.2359, 54.7909
2834, 42.7112, 54.8144
2835, 43.1555, 54.8375
2836, 43.0332, 54.8608
2837, 43.332, 54.8838
2838, 43.071, 54.9071
2839, 43.4824, 54.9301
2840, 43.5922, 54.953
2841, 43.6426, 54.9759
2842, 43.5598, 54.9989
2843, 43.9799, 55.0216
2844, 43.8225, 55.0444
2845, 44.4634, 55.0669
2846, 44.1812, 55.0896
2847, 44.319, 55.1121
2848, 44.5237, 55.1346
2849, 44.8602, 55.1569
2850, 44.8432, 55.1792
2851, 45.0213, 55.2014
2852, 44.7624, 55.2237
2853, 45.2278, 55.2458
2854, 45.4166, 55.2679
2855, 45.2414, 55.29
2856, 45.3958, 55.312
2857, 45.4625, 55.334
2858, 45.9128, 55.3558
2859, 45.7871, 55.3776
2860, 46.0786, 55.3993
2861, 45.6119, 55.4212
2862, 46.1544, 55.4429
2863, 46.2002, 55.4645
2864, 46.1564, 55.4862
2865, 46.5782, 55.5077
2866, 46.3185, 55.5293
2867, 46.6447, 55.5507
2868, 46.8234, 55.5721
2869, 46.9001, 55.5934
2870, 47.0984, 55.6146
2871, 47.1376, 55.6358
2872, 46.9437, 55.6571
2873, 47.3566, 55.6782
2874, 47.4662, 55.6993
2875, 47.3349, 55.7204
2876, 47.6555, 55.7414
2877, 47.6096, 55.7624
2878, 47.5385, 55.7835
2879, 47.7829, 55.8044
2880, 48.0863, 55.8252
2881, 47.9881, 55.846
2882, 48.1201, 55.8668
2883, 48.3468, 55.8875
2884, 48.2609, 55.9082
2885, 48.6963, 55.9287
2886, 48.5574, 55.9493
2887, 48.286, 55.97
2888, 48.81, 55.9905
2889, 48.8903, 56.011
2890, 49.0775, 56.0314
2891, 48.8941, 56.0518
2892, 48.9487, 56.0722
2893, 49.075, 56.0926
2894, 49.3095, 56.1129
2895, 49.3083, 56.1332
2896, 49.6928, 56.1533
2897, 49.6988, 56.1734
2898, 49.8363, 56.1935
2899, 49.7026, 56.2136
2900, 49.8019, 56.2337
2901, 49.9645, 56.2537
2902, 49.8047, 56.2738
2903, 49.9972, 56.2938
2904, 50.1483, 56.3137
2905, 50.1912, 56.3337
2906, 50.3872, 56.3535
2907, 50.1039, 56.3735
2908, 50.3027, 56.3933
2909, 50.5898, 56.4131
2910, 50.5508, 56.4329
2911, 50.7936, 56.4526
2912, 50.8196, 56.4723
2913, 50.8763, 56.4919
2914, 51.0044, 56.5115
2915, 51.0348, 56.5311
2916, 51.162, 56.5507
2917, 51.2905, 56.5702
2918, 51.1024, 56.5897
2919, 51.4024, 56.6092
2920, 51.3933, 56.6286
2921, 51.705, 56.648
2922, 51.5898, 56.6674
2923, 51.5615, 56.6868
2924, 51.7845, 56.7061
2925, 51.8318, 56.7254
2926, 51.9871, 56.7446
2927, 52.0894, 56.7638
2928, 52.1632, 56.783
2929, 52.0862, 56.8022
2930, 52.2314, 56.8213
2931, 52.3314, 56.8404
2932, 52.4974, 56.8595
2933, 52.5866, 56.8785
2934, 52.5868, 56.8975
2935, 52.6736, 56.9165
2936, 52.9976, 56.9353
2937, 53.1046, 56.9542
2938, 52.8955, 56.9731
2939, 53.0468, 56.9919
2940, 53.0082, 57.0108
2941, 53.2409, 57.0296
2942, 53.1735, 57.0484
2943, 53.213, 57.0672
2944, 53.1878, 57.086
2945, 53.468, 57.1047
2946, 53.6878, 57.1233
2947, 53.6284, 57.142
2948, 53.8582, 57.1605
2949, 53.9713, 57.1791
2950, 53.9454, 57.1976
2951, 53.8113, 57.2162
2952, 53.9528, 57.2347
2953, 54.1062, 57.2532
2954, 54.1728, 57.2717
2955, 54.2346, 57.2901
2956, 54.2029, 57.3085
2957, 54.4277, 57.3269
2958, 54.3717, 57.3453
2959, 54.4133, 57.3637
2960, 54.5061, 57.382
2961, 54.6597, 57.4003
2962, 54.823, 57.4186
2963, 54.7456, 57.4368
2964, 54.8392, 57.4551
2965, 54.7207, 57.4733
2966, 54.9256, 57.4915
2967, 55.1105, 57.5097
2968, 55.233, 57.5278
2969, 55.3134, 57.5459
2970, 55.3662, 57.5639
2971, 55.1693, 57.5821
2972, 55.2086, 57.6002
2973, 55.4906, 57.6182
2974, 55.6968, 57.6362
2975, 55.7206, 57.6541
2976, 55.6631, 57.6721
2977, 55.8571, 57.69
2978, 55.9468, 57.7078
2979, 56.0401, 57.7257
2980, 55.9208, 57.7436
2981, 55.9665, 57.7614
2982, 56.0798, 57.7793
2983, 56.142, 57.7971
2984, 56.2664, 57.8149
2985, 56.3414, 57.8326
2986, 56.3218, 57.8504
2987, 56.4023, 57.8681
2988, 56.4606, 57.8858
2989, 56.5837, 57.9035
2990, 56.6037, 57.9211
2991, 56.6159, 57.9388
2992, 56.5663, 57.9565
2993, 56.6941, 57.9741
2994, 56.7667, 57.9917
2995, 56.8231, 58.0093
2996, 56.9934, 58.0269
2997, 57.0288, 58.0444
2998, 57.088, 58.0619
2999, 57.1194, 58.0794
3000, 57.1015, 58.0969
3001, 57.0482, 58.1145
3002, 57.2361, 58.1319
3003, 57.3259, 58.1494
3004, 57.3536, 58.1668
3005, 57.3008, 58.1843
3006, 57.2955, 58.2017
3007, 57.3268, 58.2192
3008, 57.5015, 58.2366
3009, 57.6868, 58.2539
3010, 57.7804, 58.2712
3011, 57.8112, 58.2885
3012, 57.8882, 58.3058
3013, 57.7595, 58.3231
3014, 57.8698, 58.3404
3015, 57.9803, 58.3576
3016, 58.0346, 58.3749
3017, 58.2191, 58.392
3018, 58.2246, 58.4092
3019, 58.2531, 58.4264
3020, 58.1521, 58.4436
3021, 58.1591, 58.4608
3022, 58.4155, 58.4779
3023, 58.4924, 58.495
3024, 58.4412, 58.5121
3025, 58.4962, 58.5292
3026, 58.5393, 58.5463
3027, 58.6936, 58.5633
3028, 58.7591, 58.5803
3029, 58.6868, 58.5974
3030, 58.6117, 58.6144
3031, 58.7735, 58.6314
3032, 58.9096, 58.6484
3033, 59.155, 58.6653
3034, 59.2002, 58.6822
3035, 59.1863, 58.6991
3036, 59.0275, 58.716
3037, 58.8968, 58.733
3038, 59.1503, 58.7499
3039, 59.2871, 58.7668
3040, 59.4339, 58.7836
3041, 59.3364, 58.8005
3042, 59.3864, 58.8173
3043, 59.3476, 58.8342
3044, 59.6211, 58.8509
3045, 59.7423, 58.8677
3046, 59.6533, 58.8844
3047, 59.792, 58.9012
3048, 59.7219, 58.9179
3049, 59.8398, 58.9346
3050, 59.8941, 58.9513
3051, 60.0366, 58.968
3052, 60.1554, 58.9846
3053, 60.1892, 59.0012
3054, 60.0722, 59.0179
3055, 60.0973, 59.0345
3056, 60.1517, 59.0511
3057, 60.2091, 59.0677
3058, 60.3769, 59.0843
3059, 60.4299, 59.1008
3060, 60.484, 59.1174
3061, 60.2701, 59.134
3062, 60.3516, 59.1505
3063, 60.4053, 59.1671
3064, 60.7448, 59.1836
3065, 60.692, 59.2
3066, 60.7486, 59.2165
3067, 60.7943, 59.2329
3068, 60.7531, 59.2494
3069, 60.8066, 59.2658
3070, 60.8548, 59.2823
3071, 61.0029, 59.2987
3072, 61.0567, 59.315
3073, 61.0831, 59.3314
3074, 61.0616, 59.3478
3075, 61.1112, 59.3642
3076, 61.2705, 59.3805
3077, 61.3721, 59.3968
3078, 61.4266, 59.4131
3079, 61.4256, 59.4293
3080, 61.246, 59.4457
3081, 61.2984, 59.462
3082, 61.4363, 59.4783
3083, 61.686, 59.4945
3084, 61.7352, 59.5107
3085, 61.709, 59.5269
3086, 61.6324, 59.5431
3087, 61.761, 59.5593
3088, 62.018, 59.5754
3089, 62.1377, 59.5915
3090, 61.8899, 59.6077
3091, 62.0067, 59.6238
3092, 61.9088, 59.6399
3093, 61.9607, 59.6561
3094, 62.1005, 59.6722
3095, 62.2297, 59.6883
3096, 62.3162, 59.7043
3097, 62.3674, 59.7203
3098, 62.3616, 59.7364
3099, 62.2639, 59.7524
3100, 62.312, 59.7685
3101, 62.4574, 59.7845
3102, 62.6379, 59.8005
3103, 62.6496, 59.8164
3104, 62.6329, 59.8324
3105, 62.7207, 59.8483
3106, 62.7357, 59.8643
3107, 62.8571, 59.8802
3108, 62.9135, 59.8961
3109, 62.929, 59.912
3110, 63.0661, 59.9278
3111, 62.8426, 59.9437
3112, 62.5579, 59.9597
3113, 62.8285, 59.9756
3114, 62.9765, 59.9915
3115, 63.2162, 60.0073
3116, 63.254, 60.0231
3117, 63.2817, 60.0389
3118, 63.2907, 60.0547
3119, 63.2518, 60.0705
3120, 63.3661, 60.0863
3121, 63.3094, 60.1021
3122, 63.4707, 60.1179
3123, 63.4652, 60.1336
3124, 63.5839, 60.1494
3125, 63.5706, 60.1651
3126, 63.6639, 60.1808
3127, 63.5168, 60.1965
3128, 63.837, 60.2122
3129, 63.8988, 60.2279
3130, 63.9547, 60.2435
3131, 63.9071, 60.2591
3132, 63.6897, 60.2748
3133, 63.8417, 60.2905
3134, 63.9527, 60.3061
3135, 64.1323, 60.3217
3136, 64.0578, 60.3374
3137, 64.0751, 60.353
3138, 64.0595, 60.3686
3139, 64.1377, 60.3842
3140, 64.1721, 60.3997
3141, 64.2627, 60.4153
3142, 64.0572, 60.4309
3143, 64.1799, 60.4465
3144, 64.0481, 60.4621
3145, 64.1421, 60.4777
3146, 64.429, 60.4932
3147, 64.4169, 60.5087
3148, 64.505, 60.5242
3149, 64.537, 60.5397
3150, 64.554, 60.5552
3151, 64.5115, 60.5707
3152, 64.6288, 60.5862
3153, 64.6219, 60.6017
3154, 64.7346, 60.6171
3155, 64.6642, 60.6326
3156, 64.6558, 60.6481
3157, 64.7317, 60.6635
3158, 64.7907, 60.6789
3159, 64.9865, 60.6943
3160, 65.0245, 60.7097
3161, 65.2212, 60.725
3162, 65.0601, 60.7404
3163, 65.0478, 60.7558
3164, 65.0443, 60.7712
3165, 64.9319, 60.7866
3166, 64.9514, 60.802
3167, 64.875, 60.8174
3168, 65.1241, 60.8327
3169, 65.13, 60.8481
3170, 65.3249, 60.8634
3171, 65.2127, 60.8787
3172, 65.242, 60.8941
3173, 65.3268, 60.9094
3174, 65.3628, 60.9247
3175, 65.4436, 60.9399
3176, 65.329, 60.9552
3177, 65.424, 60.9705
3178, 65.3106, 60.9858
3179, 65.3418, 61.0011
3180, 65.4969, 61.0164
3181, 65.5455, 61.0317
3182, 65.5994, 61.0469
3183, 65.6178, 61.0622
3184, 65.6734, 61.0774
3185, 65.551, 61.0926
3186, 65.7743, 61.1078
3187, 65.8753, 61.123
3188, 65.9736, 61.1382
3189, 65.757, 61.1534
3190, 65.8361, 61.1686
3191, 65.7939, 61.1838
3192, 65.511, 61.199
3193, 65.6723, 61.2143
3194, 65.7399, 61.2295
3195, 65.883, 61.2447
3196, 65.9322, 61.2598
3197, 65.9359, 61.275
3198, 65.7014, 61.2902
3199, 65.5325, 61.3055
3200, 65.5679, 61.3207
3201, 65.5754, 61.336
3202, 65.8092, 61.3512
3203, 65.9061, 61.3663
3204, 65.8109, 61.3815
3205, 65.5851, 61.3968
3206, 65.5788, 61.412
3207, 65.7807, 61.4272
3208, 65.9074, 61.4424
3209, 65.5935, 61.4576
3210, 65.916, 61.4728
3211, 65.4615, 61.4881
3212, 65.1048, 61.5035
3213, 65.1966, 61.5188
3214, 65.2489, 61.5341
3215, 65.6485, 61.5494
3216, 65.6156, 61.5646
3217, 65.3459, 61.5799
3218, 64.8922, 61.5953
3219, 64.1594, 61.6109
3220, 64.221, 61.6265
3221, 64.3862, 61.642
3222, 64.6485, 61.6575
3223, 64.6123, 61.6729
3224, 63.8875, 61.6886
3225, 63.6951, 61.7043
3226, 63.4661, 61.72
3227, 63.555, 61.7358
3228, 63.3132, 61.7516
3229, 63.6497, 61.7673
3230, 63.3869, 61.7831
3231, 62.4017, 61.7991
3232, 61.9051, 61.8152
3233, 61.4737, 61.8315
3234, 61.9329, 61.8477
3235, 61.4466, 61.8639
3236, 61.5498, 61.8802
3237, 60.4558, 61.8967
3238, 60.2317, 61.9133
3239, 60.0591, 61.93
3240, 59.5846, 61.9468
3241, 60.8748, 61.9632
3242, 60.6867, 61.9797
3243, 60.5569, 61.9962
3244, 60.5188, 62.0127
3245, 59.6621, 62.0295
3246, 59.103, 62.0464
3247, 58.7031, 62.0634
3248, 58.8708, 62.0804
3249, 59.6325, 62.0972
3250, 59.6623, 62.1139
3251, 59.5667, 62.1307
3252, 58.3427, 62.1479
3253, 57.8251, 62.1652
3254, 57.4842, 62.1825
3255, 58.6798, 62.1996
3256, 59.0092, 62.2165
3257, 59.2741, 62.2334
3258, 58.7277, 62.2504
3259, 58.2972, 62.2676
3260, 57.7449, 62.2849
3261, 57.9856, 62.3022
3262, 58.1561, 62.3193
3263, 58.1312, 62.3365
3264, 57.6721, 62.3539
3265, 57.6187, 62.3712
3266, 57.7892, 62.3885
3267, 57.4909, 62.4059
3268, 58.0781, 62.4232
3269, 57.7784, 62.4405
3270, 57.7051, 62.4578
3271, 56.9832, 62.4753
3272, 57.2311, 62.4928
3273, 57.173, 62.5103
3274, 57.2488, 62.5278
3275, 57.3568, 62.5452
3276, 57.2972, 62.5627
3277, 56.8587, 62.5803
3278, 57.1612, 62.5977
3279, 56.9916, 62.6153
3280, 57.2994, 62.6327
3281, 57.0746, 62.6503
3282, 56.8834, 62.6678
3283, 56.7223, 62.6855
3284, 56.5731, 62.7032
3285, 56.9625, 62.7207
3286, 57.141, 62.7382
3287, 56.9512, 62.7558
3288, 56.3595, 62.7735
3289, 56.4673, 62.7912
3290, 56.4251, 62.8089
3291, 56.4261, 62.8267
3292, 56.9321, 62.8442
3293, 56.8829, 62.8618
3294, 56.555, 62.8795
3295, 56.0716, 62.8973
3296, 56.1047, 62.9151
3297, 56.3759, 62.9329
3298, 56.3266, 62.9506
3299, 56.2959, 62.9684
3300, 55.9276, 62.9863
3301, 55.3458, 63.0044
3302, 55.644, 63.0223
3303, 55.9813, 63.0402
3304, 56.012, 63.058
3305, 56.2216, 63.0758
3306, 55.7015, 63.0938
3307, 55.4267, 63.1118
3308, 55.4797, 63.1298
3309, 55.6773, 63.1478
3310, 55.4836, 63.1658
3311, 55.2768, 63.1839
3312, 55.177, 63.202
3313, 55.0562, 63.2202
3314, 55.6703, 63.2382
3315, 55.7622, 63.2561
3316, 55.452, 63.2741
3317, 55.0158, 63.2923
3318, 54.494, 63.3107
3319, 54.5297, 63.329
3320, 54.4511, 63.3474
3321, 54.7799, 63.3656
3322, 54.5017, 63.384
3323, 54.481, 63.4023
3324, 54.5729, 63.4207
3325, 54.592, 63.439
3326, 54.3241, 63.4574
3327, 54.5229, 63.4757
3328, 54.0891, 63.4942
3329, 54.1976, 63.5127
3330, 54.4863, 63.531
3331, 53.814, 63.5496
3332, 54.058, 63.5681
3333, 54.127, 63.5866
3334, 54.6584, 63.6049
3335, 54.148, 63.6233
3336, 53.5153, 63.642
3337, 53.2961, 63.6608
3338, 53.8578, 63.6793
3339, 53.8562, 63.6979
3340, 53.9162, 63.7165
3341, 53.7953, 63.7351
3342, 53.6924, 63.7537
3343, 53.6299, 63.7723
3344, 54.2003, 63.7908
3345, 54.2491, 63.8092
3346, 54.1583, 63.8277
3347, 53.1867, 63.8465
3348, 53.6659, 63.8651
3349, 53.597, 63.8838
3350, 53.7015, 63.9024
3351, 53.4704, 63.9211
3352, 53.5874, 63.9397
3353, 53.6259, 63.9584
3354, 53.9563, 63.9769
3355, 53.7281, 63.9955
3356, 53.7538, 64.0141
3357, 53.5933, 64.0328
3358, 53.2248, 64.0516
3359, 53.3629, 64.0703
3360, 53.3662, 64.0891
3361, 53.768, 64.1077
3362, 53.5399, 64.1263
3363, 53.3362, 64.1451
3364, 53.0822, 64.1639
3365, 53.4938, 64.1826
3366, 53.6195, 64.2013
3367, 53.1737, 64.2201
3368, 53.1789, 64.2389
3369, 53.1626, 64.2577
3370, 53.146, 64.2765
3371, 53.0027, 64.2954
3372, 52.974, 64.3143
3373, 52.5473, 64.3333
3374, 52.6098, 64.3523
3375, 52.4119, 64.3714
3376, 52.8557, 64.3903
3377, 52.8099, 64.4092
3378, 52.6576, 64.4282
3379, 52.5574, 64.4472
3380, 52.2629, 64.4664
3381, 52.3217, 64.4855
3382, 52.1259, 64.5047
3383, 52.3168, 64.5238
3384, 52.0709, 64.543
3385, 51.6321, 64.5624
3386, 51.847, 64.5817
3387, 51.8198, 64.601
3388, 51.9505, 64.6202
3389, 51.7672, 64.6395
3390, 51.6736, 64.6589
3391, 51.5002, 64.6783
3392, 51.5147, 64.6977
3393, 51.5795, 64.7171
3394, 51.898, 64.7364
3395, 51.4347, 64.7558
3396, 51.4443, 64.7752
3397, 51.0748, 64.7948
3398, 51.4817, 64.8142
3399, 51.7421, 64.8336
3400, 51.414, 64.853
3401, 51.1896, 64.8726
3402, 51.1924, 64.8921
3403, 51.1706, 64.9116
3404, 51.3645, 64.9311
3405, 51.6543, 64.9505
3406, 51.2786, 64.97
3407, 50.9313, 64.9896
3408, 50.1689, 65.0095
3409, 51.3209, 65.029
3410, 51.3507, 65.0485
3411, 51.4183, 65.0679
3412, 50.915, 65.0876
3413, 51.3028, 65.1071
3414, 51.5448, 65.1265
3415, 51.8224, 65.1458
3416, 51.1677, 65.1653
3417, 51.1052, 65.1849
3418, 51.1896, 65.2044
3419, 51.3666, 65.2239
3420, 51.1652, 65.2434
3421, 51.3549, 65.2629
3422, 51.1746, 65.2824
3423, 51.1988, 65.302
3424, 50.7573, 65.3217
3425, 51.4624, 65.3411
3426, 51.3492, 65.3606
3427, 51.0319, 65.3802
3428, 51.2084, 65.3997
3429, 51.1498, 65.4192
3430, 51.5273, 65.4387
3431, 51.3597, 65.4581
3432, 51.6826, 65.4775
3433, 51.4749, 65.4969
3434, 51.2166, 65.5164
3435, 51.9012, 65.5357
3436, 51.773, 65.555
3437, 51.6726, 65.5744
3438, 51.1223, 65.5939
3439, 51.6915, 65.6133
3440, 51.9056, 65.6325
3441, 52.0251, 65.6518
3442, 51.7239, 65.6711
3443, 52.1764, 65.6903
3444, 52.0735, 65.7095
3445, 52.3081, 65.7286
3446, 52.6344, 65.7476
3447, 52.2944, 65.7667
3448, 52.2555, 65.7858
3449, 51.8496, 65.8051
3450, 52.1532, 65.8243
3451, 52.523, 65.8433
3452, 52.3965, 65.8624
3453, 52.3813, 65.8815
3454, 53.2714, 65.9003
3455, 53.3963, 65.919
3456, 53.0379, 65.9379
3457, 52.4665, 65.9569
3458, 52.6834, 65.9759
3459, 52.7613, 65.9949
3460, 53.0993, 66.0137
3461, 52.8069, 66.0326
3462, 53.2666, 66.0514
3463, 53.301, 66.0702
3464, 53.1237, 66.089
3465, 52.4563, 66.108
3466, 53.2077, 66.1268
3467, 53.2991, 66.1456
3468, 53.5472, 66.1643
3469, 53.3976, 66.183
3470, 54.3048, 66.2014
3471, 54.4399, 66.2198
3472, 53.7412, 66.2384
3473, 53.657, 66.257
3474, 53.6073, 66.2757
3475, 54.0851, 66.2942
3476, 53.8207, 66.3128
3477, 53.8871, 66.3313
3478, 53.8005, 66.3499
3479, 53.658, 66.3685
3480, 53.8004, 66.3871
3481, 54.0985, 66.4056
3482, 53.855, 66.4242
3483, 54.3416, 66.4426
3484, 53.9779, 66.4611
3485, 54.5338, 66.4794
3486, 54.7526, 66.4977
3487, 54.6879, 66.516
3488, 54.8008, 66.5342
3489, 55.0091, 66.5524
3490, 54.6547, 66.5707
3491, 54.9898, 66.5889
3492, 55.1875, 66.607
3493, 55.022, 66.6252
3494, 55.6106, 66.6432
3495, 55.5783, 66.6612
3496, 55.3056, 66.6793
3497, 55.2747, 66.6973
3498, 55.5507, 66.7153
3499, 55.6498, 66.7333
3500, 55.7147, 66.7513
3501, 55.6172, 66.7692
3502, 54.8543, 66.7875
3503, 55.6715, 66.8054
3504, 55.6249, 66.8234
3505, 55.9039, 66.8413
3506, 55.8711, 66.8592
3507, 55.886, 66.8771
3508, 55.8121, 66.895
3509, 55.9848, 66.9129
3510, 56.2934, 66.9306
3511, 56.2541, 66.9484
3512, 55.7149, 66.9664
3513, 55.4752, 66.9844
3514, 55.1679, 67.0025
3515, 54.8974, 67.0207
3516, 54.4603, 67.0391
3517, 54.575, 67.0574
3518, 54.3586, 67.0758
3519, 54.0324, 67.0943
3520, 53.8209, 67.1129
3521, 52.9034, 67.1318
3522, 52.833, 67.1507
3523, 52.6984, 67.1697
3524, 52.1788, 67.1889
3525, 52.0131, 67.2081
3526, 51.1839, 67.2276
3527, 51.1157, 67.2472
3528, 50.5109, 67.267
3529, 50.1435, 67.2869
3530, 50.1182, 67.3069
3531, 49.777, 67.327
3532, 49.0065, 67.3474
3533, 48.0959, 67.3682
3534, 48.017, 67.389
3535, 47.5809, 67.41
3536, 46.5557, 67.4315
3537, 46.5329, 67.453
3538, 45.8816, 67.4748
3539, 45.2826, 67.4969
3540, 45.1462, 67.519
3541, 44.7126, 67.5414
3542, 44.3517, 67.5639
3543, 43.5104, 67.5869
3544, 43.4872, 67.6099
3545, 42.6152, 67.6334
3546, 42.3274, 67.657
3547, 41.6517, 67.681
3548, 41.256, 67.7053
3549, 40.8607, 67.7297
3550, 40.6492, 67.7543
3551, 40.4757, 67.779
3552, 39.7062, 67.8042
3553, 39.0761, 67.8298
3554, 38.3804, 67.8559
3555, 37.9543, 67.8822
3556, 37.4065, 67.9089
3557, 37.2464, 67.9358
3558, 36.3731, 67.9633
3559, 36.0487, 67.991
3560, 35.6374, 68.0191
3561, 35.4948, 68.0473
3562, 34.7171, 68.0761
3563, 34.0774, 68.1054
3564, 33.6657, 68.1351
3565, 33.1143, 68.1653
3566, 32.916, 68.1957
3567, 32.1792, 68.2268
3568, 31.9278, 68.2581
3569, 31.4929, 68.2898
3570, 31.2687, 68.3218
3571, 30.8572, 68.3542
3572, 30.0874, 68.3875
3573, 29.8739, 68.4209
3574, 29.4259, 68.4549
3575, 29.041, 68.4894
3576, 28.6464, 68.5243
3577, 28.1232, 68.5598
3578, 27.9088, 68.5957
3579, 27.5883, 68.6319
3580, 26.8116, 68.6692
3581, 26.7207, 68.7066
3582, 26.2815, 68.7447
3583, 25.6607, 68.7836
3584, 25.808, 68.8224
3585, 25.6891, 68.8613
3586, 25.1066, 68.9011
3587, 25.0171, 68.9411
3588, 24.449, 68.982
3589, 24.7501, 69.0224
3590, 24.3397, 69.0635
3591, 23.9203, 69.1053
3592, 24.3168, 69.1464
3593, 23.5795, 69.1888
3594, 23.6186, 69.2312
3595, 23.5748, 69.2736
3596, 22.9607, 69.3172
3597, 23.0498, 69.3605
3598, 23.0766, 69.4039
3599, 22.7463, 69.4478
3600, 22.5218, 69.4922
3601, 22.4597, 69.5368
3602, 22.34, 69.5815
3603, 21.8413, 69.6273
3604, 21.9872, 69.6728
3605, 21.5785, 69.7191
3606, 21.6537, 69.7653
3607, 20.9812, 69.813
3608, 21.0301, 69.8605
3609, 20.7243, 69.9088
3610, 20.4305, 69.9577
3611, 20.3653, 70.0068
3612, 20.4576, 70.0557
3613, 20.4997, 70.1045
3614, 20.3933, 70.1535
3615, 20.2845, 70.2028
3616, 20.274, 70.2522
3617, 20.3591, 70.3013
3618, 20.5225, 70.35
3619, 20.3736, 70.3991
3620, 20.5791, 70.4477
3621, 20.6896, 70.496
3622, 20.7834, 70.5441
3623, 20.8873, 70.592
3624, 20.9487, 70.6397
3625, 21.1486, 70.687
3626, 21.3143, 70.7339
3627, 21.2337, 70.781
3628, 21.856, 70.8268
3629, 21.6547, 70.873
3630, 21.9016, 70.9186
3631, 22.3293, 70.9634
3632, 22.5417, 71.0078
3633, 22.6303, 71.052
3634, 22.7698, 71.0959
3635, 23.1801, 71.139
3636, 23.4281, 71.1817
3637, 23.5961, 71.2241
3638, 23.8188, 71.2661
3639, 24.2994, 71.3072
3640, 24.5631, 71.3479
3641, 24.6544, 71.3885
3642, 24.9512, 71.4286
3643, 25.061, 71.4685
3644, 25.3796, 71.5079
3645, 25.6625, 71.5468
3646, 25.6844, 71.5858
3647, 26.0304, 71.6242
3648, 26.2965, 71.6622
3649, 26.5491, 71.6999
3650, 26.8228, 71.7372
3651, 26.8223, 71.7744
3652, 27.3645, 71.811
3653, 27.5947, 71.8472
3654, 28.0711, 71.8829
3655, 28.0113, 71.9186
3656, 28.2423, 71.954
3657, 28.6949, 71.9888
3658, 28.7082, 72.0236
3659, 29.1508, 72.058
3660, 29.3997, 72.092
3661, 29.5788, 72.1258
3662, 29.9304, 72.1592
3663, 30.3449, 72.1921
3664, 30.3621, 72.2251
3665, 30.6431, 72.2577
3666, 31.0641, 72.2899
3667, 31.1823, 72.322
3668, 31.3651, 72.3539
3669, 31.7285, 72.3854
3670, 31.9723, 72.4166
3671, 32.1562, 72.4477
3672, 32.2656, 72.4787
3673, 32.9372, 72.5091
3674, 32.9183, 72.5395
3675, 33.0717, 72.5697
3676, 33.793, 72.5993
3677, 33.7913, 72.6289
3678, 33.7346, 72.6585
3679, 33.9294, 72.688
3680, 34.3373, 72.7171
3681, 34.572, 72.7461
3682, 34.8153, 72.7748
3683, 34.9016, 72.8034
3684, 35.305, 72.8318
3685, 35.3253, 72.8601
3686, 35.3301, 72.8884
3687, 35.8671, 72.9163
3688, 36.1371, 72.9439
3689, 36.4076, 72.9714
3690, 36.2448, 72.999
3691, 36.4001, 73.0265
3692, 36.6727, 73.0537
3693, 36.9147, 73.0808
3694, 37.0064, 73.1078
3695, 37.0584, 73.1348
3696, 37.4404, 73.1615
3697, 37.4456, 73.1882
3698, 37.5889, 73.2148
3699, 37.9317, 73.2412
3700, 38.0148, 73.2675
3701, 38.0933, 73.2938
3702, 38.2121, 73.3199
3703, 38.5468, 73.3459
3704, 38.7977, 73.3716
3705, 38.7504, 73.3975
3706, 38.8581, 73.4232
3707, 39.1156, 73.4488
3708, 39.3473, 73.4742
3709, 39.4021, 73.4995
3710, 39.4642, 73.5249
3711, 39.6857, 73.5501
3712, 39.9659, 73.5751
3713, 40.1268, 73.6
3714, 40.18, 73.6249
3715, 40.3657, 73.6497
3716, 40.4961, 73.6744
3717, 40.6413, 73.699
3718, 40.8208, 73.7235
3719, 40.8707, 73.748
3720, 41.1244, 73.7723
3721, 41.1649, 73.7966
3722, 41.4661, 73.8207
3723, 41.6976, 73.8447
3724, 41.859, 73.8685
3725, 41.9526, 73.8924
3726, 42.0043, 73.9162
3727, 42.1785, 73.9399
3728, 42.3054, 73.9635
3729, 42.5038, 73.9871
3730, 42.4979, 74.0106
3731, 42.8126, 74.034
3732, 42.901, 74.0573
3733, 43.04, 74.0805
3734, 43.2278, 74.1036
3735, 43.4567, 74.1266
3736, 43.4166, 74.1497
3737, 43.5817, 74.1726
3738, 43.7289, 74.1955
3739, 43.988, 74.2182
3740, 44.0752, 74.2409
3741, 44.0999, 74.2636
3742, 44.2098, 74.2862
3743, 44.3015, 74.3088
3744, 44.6348, 74.3312
3745, 44.771, 74.3535
3746, 44.8485, 74.3758
3747, 45.053, 74.398
3748, 45.2639, 74.4201
3749, 45.2752, 74.4422
3750, 45.4369, 74.4642
3751, 45.5014, 74.4862
3752, 45.3784, 74.5082
3753, 45.7427, 74.5301
3754, 45.9357, 74.5518
3755, 46.0095, 74.5736
3756, 46.1087, 74.5953
3757, 46.2998, 74.6169
3758, 46.2898, 74.6385
3759, 46.5225, 74.66
3760, 46.6119, 74.6814
3761, 46.6897, 74.7028
3762, 47.0551, 74.7241
3763, 47.0944, 74.7453
3764, 47.1428, 74.7665
3765, 47.0561, 74.7878
3766, 47.306, 74.8089
3767, 47.5935, 74.8299
3768, 47.6376, 74.8509
3769, 47.7441, 74.8719
3770, 47.8042, 74.8928
3771, 47.8458, 74.9137
3772, 48.1186, 74.9345
3773, 48.1737, 74.9552
3774, 48.3636, 74.9759
3775, 48.4327, 74.9966
3776, 48.2413, 75.0173
3777, 48.5586, 75.0379
3778, 48.8625, 75.0583
3779, 48.8829, 75.0788
3780, 48.9862, 75.0992
3781, 49.158, 75.1196
3782, 49.2554, 75.1399
3783, 49.4464, 75.1601
3784, 49.3461, 75.1803
3785, 49.4967, 75.2006
3786, 49.4792, 75.2208
3787, 49.5783, 75.2409
3788, 49.8225, 75.261
3789, 49.7696, 75.2811
3790, 49.9186, 75.3011
3791, 50.0037, 75.3211
3792, 50.0718, 75.3411
3793, 50.3034, 75.361
3794, 50.3343, 75.3808
3795, 50.3513, 75.4007
3796, 50.347, 75.4206
3797, 50.4653, 75.4404
3798, 50.7185, 75.4601
3799, 50.7505, 75.4798
3800, 50.9573, 75.4994
3801, 51.0045, 75.519
3802, 51.0654, 75.5386
3803, 51.2401, 75.5581
3804, 51.3098, 75.5776
3805, 51.3612, 75.5971
3806, 51.4303, 75.6165
3807, 51.5043, 75.636
3808, 51.7047, 75.6553
3809, 51.8376, 75.6746
3810, 51.9978, 75.6938
3811, 51.9218, 75.7131
3812, 51.9571, 75.7323
3813, 52.1482, 75.7515
3814, 52.2576, 75.7706
3815, 52.3182, 75.7897
3816, 52.2208, 75.8089
3817, 52.3906, 75.828
3818, 52.539, 75.847
3819, 52.6546, 75.866
3820, 52.8042, 75.8849
3821, 52.9526, 75.9038
3822, 52.9711, 75.9227
3823, 52.9866, 75.9416
3824, 53.1006, 75.9604
3825, 53.2328, 75.9792
3826, 53.3188, 75.998
3827, 53.4426, 76.0167
3828, 53.5528, 76.0353
3829, 53.5187, 76.054
3830, 53.6484, 76.0727
3831, 53.8488, 76.0912
3832, 53.8015, 76.1098
3833, 53.9163, 76.1284
3834, 53.9512, 76.1469
3835, 54.0722, 76.1654
3836, 54.1363, 76.1839
3837, 54.227, 76.2023
3838, 54.3622, 76.2207
3839, 54.4665, 76.2391
3840, 54.3968, 76.2575
3841, 54.5199, 76.2758
3842, 54.8252, 76.294
3843, 54.8851, 76.3123
3844, 54.9775, 76.3304
3845, 54.9077, 76.3487
3846, 54.8771, 76.3669
3847, 55.0246, 76.3851
3848, 55.1573, 76.4032
3849, 55.3004, 76.4213
3850, 55.376, 76.4393
3851, 55.3841, 76.4574
3852, 55.4987, 76.4754
3853, 55.7127, 76.4933
3854, 55.8779, 76.5112
3855, 55.8967, 76.5291
3856, 55.8948, 76.547
3857, 55.8519, 76.5649
3858, 55.9202, 76.5828
3859, 56.0675, 76.6006
3860, 56.2242, 76.6184
3861, 56.3108, 76.6362
3862, 56.3462, 76.6539
3863, 56.3323, 76.6717
3864, 56.4029, 76.6894
3865, 56.5503, 76.7071
3866, 56.5975, 76.7248
3867, 56.7611, 76.7424
3868, 56.7738, 76.76
3869, 56.863, 76.7776
3870, 56.8471, 76.7952
3871, 57.0513, 76.8127
3872, 57.0947, 76.8302
3873, 57.1526, 76.8477
3874, 57.2084, 76.8652
3875, 57.1872, 76.8827
3876, 57.3248, 76.9001
3877, 57.3954, 76.9176
3878, 57.451, 76.935
3879, 57.447, 76.9524
3880, 57.5161, 76.9698
3881, 57.6125, 76.9871
3882, 57.6858, 77.0044
3883, 57.7309, 77.0218
3884, 57.7946, 77.0391
3885, 57.7672, 77.0564
3886, 57.8803, 77.0737
3887, 57.9589, 77.0909
3888, 58.0468, 77.1081
3889, 58.1844, 77.1253
3890, 58.3133, 77.1425
3891, 58.2919, 77.1596
3892, 58.3879, 77.1768
3893, 58.4272, 77.1939
3894, 58.5039, 77.211
3895, 58.5273, 77.2281
3896, 58.579, 77.2451
3897, 58.6845, 77.2622
3898, 58.7093, 77.2792
3899, 58.7704, 77.2962
3900, 58.8855, 77.3132
3901, 58.9767, 77.3301
3902, 59.0347, 77.3471
3903, 59.0718, 77.364
3904, 58.9896, 77.381
3905, 59.0504, 77.3979
3906, 59.1091, 77.4148
3907, 59.3366, 77.4317
3908, 59.3971, 77.4485
3909, 59.4868, 77.4653
3910, 59.4736, 77.4821
3911, 59.4304, 77.499
3912, 59.4176, 77.5158
3913, 59.5904, 77.5326
3914, 59.7432, 77.5493
3915, 59.8314, 77.566
3916, 59.8284, 77.5827
3917, 59.8875, 77.5994
3918, 59.8702, 77.6161
3919, 59.9423, 77.6328
3920, 60.0024, 77.6495
3921, 60.0852, 77.6661
3922, 60.3272, 77.6827
3923, 60.3167, 77.6993
3924, 60.3271, 77.7159
3925, 60.2064, 77.7325
3926, 60.3641, 77.749
3927, 60.4646, 77.7656
3928, 60.6048, 77.7821
3929, 60.6634, 77.7986
3930, 60.6479, 77.8151
3931, 60.7014, 77.8315
3932, 60.782, 77.848
3933, 60.7974, 77.8644
3934, 60.9165, 77.8808
3935, 61.0283, 77.8972
3936, 61.0471, 77.9136
3937, 61.0764, 77.93
3938, 61.0795, 77.9464
3939, 61.1563, 77.9627
3940, 61.2528, 77.979
3941, 61.3115, 77.9953
3942, 61.3497, 78.0116
3943, 61.3419, 78.0279
3944, 61.3996, 78.0442
3945, 61.4756, 78.0605
3946, 61.5615, 78.0767
3947, 61.6402, 78.093
3948, 61.6841, 78.1092
3949, 61.741, 78.1254
3950, 61.7726, 78.1416
3951, 61.8308, 78.1577
3952, 61.9558, 78.1739
3953, 61.955, 78.19
3954, 62.0696, 78.2061
3955, 62.043, 78.2222
3956, 62.1121, 78.2383
3957, 62.1701, 78.2544
3958, 62.2998, 78.2705
3959, 62.3592, 78.2865
3960, 62.4075, 78.3025
3961, 62.3399, 78.3186
3962, 62.3511, 78.3346
3963, 62.4061, 78.3506
3964, 62.5413, 78.3666
3965, 62.6835, 78.3826
3966, 62.7437, 78.3985
3967, 62.6996, 78.4145
3968, 62.6189, 78.4304
3969, 62.7322, 78.4464
3970, 62.8865, 78.4623
3971, 63.0504, 78.4781
3972, 63.0483, 78.494
3973, 63.0374, 78.5099
3974, 63.1684, 78.5257
3975, 63.1225, 78.5415
3976, 63.174, 78.5574
3977, 63.2584, 78.5732
3978, 63.298, 78.589
3979, 63.3421, 78.6048
3980, 63.4591, 78.6205
3981, 63.3653, 78.6363
3982, 63.3996, 78.6521
3983, 63.4392, 78.6678
3984, 63.5347, 78.6836
3985, 63.6537, 78.6993
3986, 63.6477, 78.715
3987, 63.577, 78.7307
3988, 63.5263, 78.7465
3989, 63.6682, 78.7622
3990, 63.7545, 78.7779
3991, 63.7926, 78.7935
3992, 63.8742, 78.8092
3993, 63.8158, 78.8249
3994, 63.8594, 78.8405
3995, 63.81, 78.8562
3996, 63.9969, 78.8718
3997, 64.085, 78.8874
3998, 64.174, 78.903
3999, 64.1356, 78.9186
4000, 64.15, 78.9342
4001, 64.0794, 78.9498
4002, 64.1553, 78.9654
4003, 64.1662, 78.981
4004, 64.2987, 78.9965
4005, 64.315, 79.0121
4006, 64.3265, 79.0276
4007, 64.448, 79.0431
4008, 64.4206, 79.0587
4009, 64.4402, 79.0742
4010, 64.5276, 79.0897
4011, 64.5085, 79.1052
4012, 64.6396, 79.1206
4013, 64.627, 79.1361
4014, 64.6179, 79.1516
4015, 64.6278, 79.1671
4016, 64.7365, 79.1825
4017, 64.9017, 79.1979
4018, 64.9268, 79.2133
4019, 64.9349, 79.2287
4020, 64.8903, 79.2441
4021, 64.913, 79.2595
4022, 64.9779, 79.2749
4023, 65.0307, 79.2903
4024, 64.9918, 79.3057
4025, 65.0956, 79.3211
4026, 65.1739, 79.3364
4027, 65.1762, 79.3517
4028, 65.1168, 79.3671
4029, 65.2522, 79.3824
4030, 65.2917, 79.3977
4031, 65.3304, 79.413
4032, 65.2438, 79.4284
4033, 65.3269, 79.4437
4034, 65.3653, 79.459
4035, 65.5058, 79.4742
4036, 65.5973, 79.4895
4037, 65.5986, 79.5047
4038, 65.7052, 79.5199
4039, 65.705, 79.5352
4040, 65.6673, 79.5504
4041, 65.6957, 79.5656
4042, 65.6552, 79.5809
4043, 65.7033, 79.5961
4044, 65.7503, 79.6113
4045, 65.7776, 79.6265
4046, 65.8518, 79.6417
4047, 65.8935, 79.6568
4048, 65.9471, 79.672
4049, 65.9863, 79.6872
4050, 65.9628, 79.7023
4051, 66.1023, 79.7175
4052, 66.0106, 79.7326
4053, 66.0392, 79.7477
4054, 65.9862, 79.7629
4055, 66.2322, 79.778
4056, 66.2566, 79.7931
4057, 66.2439, 79.8082
4058, 66.2753, 79.8233
4059, 66.3507, 79.8383
4060, 66.3793, 79.8534
4061, 66.3949, 79.8685
4062, 66.4804, 79.8835
4063, 66.4767, 79.8986
4064, 66.5226, 79.9136
4065, 66.4994, 79.9286
4066, 66.5385, 79.9437
4067, 66.6382, 79.9587
4068, 66.685, 79.9737
4069, 66.6865, 79.9887
4070, 66.7337, 80.0036
4071, 66.7637, 80.0186
4072, 66.7259, 80.0336
4073, 66.6967, 80.0486
4074, 66.8826, 80.0635
4075, 67.0153, 80.0785
4076, 67.0323, 80.0934
4077, 66.963, 80.1083
4078, 67.0627, 80.1232
4079, 67.0467, 80.1381
4080, 67.1194, 80.153
4081, 67.1258, 80.1679
4082, 67.1663, 80.1828
4083, 67.2604, 80.1977
4084, 67.2472, 80.2126
4085, 67.238, 80.2274
4086, 67.2931, 80.2423
4087, 67.3723, 80.2571
4088, 67.4099, 80.272
4089, 67.5462, 80.2868
4090, 67.5564, 80.3016
4091, 67.5329, 80.3164
4092, 67.4573, 80.3312
4093, 67.4216, 80.3461
4094, 67.4745, 80.3609
4095, 67.5456, 80.3757
4096, 67.5751, 80.3905
4097, 67.5156, 80.4053
4098, 67.4975, 80.4201
4099, 67.3263, 80.435
4100, 67.0947, 80.4499
4101, 67.0847, 80.4648
4102, 67.0497, 80.4797
4103, 66.9422, 80.4946
4104, 66.8219, 80.5096
4105, 66.7828, 80.5246
4106, 66.6471, 80.5396
4107, 66.1245, 80.5547
4108, 65.9708, 80.5698
4109, 65.366, 80.5851
4110, 65.3899, 80.6004
4111, 65.193, 80.6158
4112, 64.8231, 80.6312
4113, 64.4317, 80.6467
4114, 63.9845, 80.6623
4115, 63.8069, 80.678
4116, 63.4775, 80.6938
4117, 63.2023, 80.7096
4118, 62.562, 80.7256
4119, 62.3472, 80.7416
4120, 61.7764, 80.7578
4121, 61.2285, 80.7741
4122, 60.592, 80.7906
4123, 60.4032, 80.8072
4124, 60.2201, 80.8238
4125, 60.1625, 80.8404
4126, 59.6518, 80.8572
4127, 58.9604, 80.8742
4128, 58.4298, 80.8913
4129, 58.1799, 80.9085
4130, 57.4225, 80.9259
4131, 57.5117, 80.9433
4132, 56.7399, 80.9609
4133, 56.2608, 80.9787
4134, 55.965, 80.9965
4135, 55.4866, 81.0145
4136, 55.2448, 81.0326
4137, 54.51, 81.051
4138, 54.6166, 81.0693
4139, 54.0223, 81.0878
4140, 53.4135, 81.1065
4141, 53.0478, 81.1254
4142, 52.6582, 81.1444
4143, 52.1413, 81.1636
4144, 51.5159, 81.183
4145, 51.511, 81.2024
4146, 51.0251, 81.222
4147, 50.6045, 81.2417
4148, 49.886, 81.2618
4149, 49.4757, 81.282
4150, 49.1003, 81.3024
4151, 48.7994, 81.3229
4152, 48.3678, 81.3435
4153, 47.9257, 81.3644
4154, 47.6188, 81.3854
4155, 47.1462, 81.4066
4156, 46.6588, 81.428
4157, 46.3929, 81.4496
4158, 45.6863, 81.4715
4159, 45.0754, 81.4937
4160, 44.8655, 81.516
4161, 44.3356, 81.5385
4162, 43.9458, 81.5613
4163, 43.5043, 81.5843
4164, 43.0175, 81.6075
4165, 42.7865, 81.6309
4166, 42.3779, 81.6545
4167, 42.0038, 81.6783
4168, 41.2143, 81.7025
4169, 40.7309, 81.7271
4170, 40.4979, 81.7518
4171, 40.0111, 81.7768
4172, 39.3414, 81.8022
4173, 38.6556, 81.8281
4174, 38.835, 81.8538
4175, 38.0817, 81.8801
4176, 37.4224, 81.9068
4177, 36.6913, 81.934
4178, 36.8742, 81.9612
4179, 36.2265, 81.9888
4180, 35.4187, 82.017
4181, 35.3843, 82.0453
4182, 34.6837, 82.0741
4183, 34.2655, 82.1033
4184, 33.6428, 82.133
4185, 32.9074, 82.1634
4186, 33.1455, 82.1936
4187, 32.4063, 82.2244
4188, 32.1389, 82.2555
4189, 31.6389, 82.2871
4190, 31.9219, 82.3185
4191, 31.0927, 82.3506
4192, 30.8031, 82.3831
4193, 30.9683, 82.4154
4194, 30.3371, 82.4484
4195, 30.1149, 82.4816
4196, 29.9024, 82.515
4197, 29.9222, 82.5484
4198, 29.4539, 82.5824
4199, 29.4553, 82.6163
4200, 29.103, 82.6507
4201, 28.7504, 82.6855
4202, 28.6397, 82.7204
4203, 28.0301, 82.7561
4204, 28.1545, 82.7916
4205, 28.1124, 82.8271
4206, 28.1148, 82.8627
4207, 27.6019, 82.8989
4208, 27.6795, 82.9351
4209, 27.7008, 82.9712
4210, 27.167, 83.008
4211, 27.248, 83.0447
4212, 27.1566, 83.0815
4213, 26.776, 83.1189
4214, 26.7624, 83.1562
4215, 26.898, 83.1934
4216, 26.5527, 83.2311
4217, 26.2752, 83.2691
4218, 26.0843, 83.3075
4219, 26.0331, 83.3459
4220, 25.9863, 83.3843
4221, 25.8602, 83.423
4222, 25.5627, 83.4621
4223, 25.5844, 83.5012
4224, 25.5761, 83.5403
4225, 25.198, 83.58
4226, 25.2319, 83.6196
4227, 25.3159, 83.6591
4228, 25.1813, 83.6989
4229, 25.2844, 83.7384
4230, 25.2931, 83.7779
4231, 25.3784, 83.8173
4232, 25.4478, 83.8566
4233, 25.4082, 83.896
4234, 25.5392, 83.9352
4235, 25.7689, 83.974
4236, 25.8004, 84.0127
4237, 25.705, 84.0516
4238, 25.7934, 84.0904
4239, 25.9133, 84.129
4240, 25.9816, 84.1675
4241, 26.247, 84.2056
4242, 26.258, 84.2437
4243, 26.0918, 84.282
4244, 26.4606, 84.3198
4245, 26.2573, 84.3579
4246, 26.2575, 84.3959
4247, 26.7627, 84.4333
4248, 26.3812, 84.4712
4249, 26.8449, 84.5085
4250, 27.1113, 84.5453
4251, 27.3322, 84.5819
4252, 28.0439, 84.6176
4253, 27.6285, 84.6538
4254, 27.682, 84.6899
4255, 28.1568, 84.7254
4256, 28.2973, 84.7608
4257, 28.5056, 84.7958
4258, 28.5142, 84.8309
4259, 29.1937, 84.8652
4260, 29.3887, 84.8992
4261, 29.4672, 84.9331
4262, 29.7487, 84.9667
4263, 29.434, 85.0007
4264, 30.028, 85.034
4265, 30.3885, 85.0669
4266, 31.0459, 85.0991
4267, 30.6086, 85.1318
4268, 31.0397, 85.164
4269, 31.4841, 85.1958
4270, 32.0177, 85.227
4271, 31.3983, 85.2589
4272, 31.951, 85.2902
4273, 32.0592, 85.3214
4274, 32.3467, 85.3523
4275, 32.6769, 85.3829
4276, 33.2692, 85.4129
4277, 32.9368, 85.4433
4278, 33.2843, 85.4733
4279, 33.4229, 85.5033
4280, 33.7798, 85.5329
4281, 33.6623, 85.5626
4282, 34.0366, 85.592
4283, 34.0025, 85.6214
4284, 34.0959, 85.6507
4285, 34.3142, 85.6798
4286, 34.1562, 85.7091
4287, 34.096, 85.7384
4288, 34.1057, 85.7678
4289, 34.2083, 85.797
4290, 34.188, 85.8262
4291, 34.1307, 85.8555
4292, 33.8201, 85.8851
4293, 34.1056, 85.9144
4294, 34.1982, 85.9437
4295, 34.0691, 85.973
4296, 33.7412, 86.0027
4297, 34.0398, 86.032
4298, 33.6071, 86.0618
4299, 33.0915, 86.092
4300, 33.7218, 86.1217
4301, 33.6507, 86.1514
4302, 33.0026, 86.1817
4303, 33.4149, 86.2116
4304, 32.7823, 86.2421
4305, 32.5383, 86.2729
4306, 33.2573, 86.3029
4307, 32.906, 86.3333
4308, 33.13, 86.3635
4309, 32.4105, 86.3943
4310, 32.115, 86.4255
4311, 32.458, 86.4563
4312, 32.5913, 86.487
4313, 31.891, 86.5183
4314, 31.8942, 86.5497
4315, 32.7317, 86.5802
4316, 32.2904, 86.6112
4317, 31.5414, 86.6429
4318, 31.7007, 86.6745
4319, 31.4881, 86.7062
4320, 31.2096, 86.7383
4321, 31.6565, 86.7698
4322, 31.3204, 86.8018
4323, 30.7319, 86.8343
4324, 30.9274, 86.8666
4325, 30.723, 86.8992
4326, 30.278, 86.9322
4327, 30.3773, 86.9651
4328, 30.1379, 86.9983
4329, 29.8933, 87.0318
4330, 29.6472, 87.0655
4331, 29.4832, 87.0994
4332, 29.7949, 87.133
4333, 28.9695, 87.1675
4334, 29.4841, 87.2014
4335, 29.5724, 87.2352
4336, 29.515, 87.2691
4337, 29.3398, 87.3032
4338, 29.5669, 87.337
4339, 29.6663, 87.3707
4340, 29.5944, 87.4045
4341, 29.8078, 87.4381
4342, 29.9002, 87.4715
4343, 29.9517, 87.5049
4344, 29.9295, 87.5383
4345, 30.2352, 87.5714
4346, 30.3309, 87.6044
4347, 30.3117, 87.6373
4348, 30.527, 87.6701
4349, 30.6238, 87.7028
4350, 30.5926, 87.7354
4351, 30.8081, 87.7679
4352, 30.7348, 87.8004
4353, 30.832, 87.8329
4354, 31.0422, 87.8651
4355, 31.1408, 87.8972
4356, 31.2339, 87.9292
4357, 31.2834, 87.9612
4358, 31.2015, 87.9932
4359, 31.1767, 88.0253
4360, 31.4803, 88.0571
4361, 31.612, 88.0887
4362, 31.706, 88.1202
4363, 32.0236, 88.1515
4364, 32.0378, 88.1827
4365, 31.9441, 88.214
4366, 32.1629, 88.2451
4367, 32.3675, 88.276
4368, 32.3556, 88.3069
4369, 32.8137, 88.3374
4370, 32.9911, 88.3677
4371, 33.1312, 88.3979
4372, 33.3207, 88.4279
4373, 33.4322, 88.4578
4374, 33.7686, 88.4874
4375, 33.868, 88.5169
4376, 34.1576, 88.5462
4377, 34.1554, 88.5755
4378, 34.4742, 88.6045
4379, 35.1018, 88.633
4380, 35.2869, 88.6613
4381, 35.1589, 88.6898
4382, 35.3027, 88.7181
4383, 35.6913, 88.7461
4384, 36.0467, 88.7738
4385, 35.9075, 88.8017
4386, 36.016, 88.8295
4387, 36.5369, 88.8568
4388, 36.7165, 88.8841
4389, 36.5951, 88.9114
4390, 36.7926, 88.9386
4391, 37.0819, 88.9655
4392, 37.1979, 88.9924
4393, 37.4403, 89.0191
4394, 37.4894, 89.0458
4395, 37.6088, 89.0724
4396, 37.9179, 89.0988
4397, 38.1407, 89.125
4398, 38.2623, 89.1511
4399, 38.3965, 89.1772
4400, 38.4024, 89.2032
4401, 38.7042, 89.229
4402, 38.8498, 89.2548
4403, 38.9819, 89.2804
4404, 39.0152, 89.3061
4405, 39.2049, 89.3316
4406, 39.578, 89.3568
4407, 39.5194, 89.3821
4408, 39.7117, 89.4073
4409, 39.8117, 89.4324
4410, 39.8517, 89.4575
