0, 65.09, 82.496
1, 65.11, 82.512
2, 65.12, 82.529
3, 65.14, 82.546
4, 65.17, 82.562
5, 65.17, 82.562
6, 65.19, 82.579
7, 65.21, 82.596
8, 65.24, 82.612
9, 65.26, 82.629
10, 65.28, 82.646
11, 65.3, 82.662
12, 65.33, 82.679
13, 65.35, 82.696
14, 65.37, 82.712
15, 65.39, 82.729
16, 65.41, 82.746
17, 65.43, 82.762
18, 65.43, 82.762
19, 65.45, 82.779
20, 65.47, 82.796
21, 65.49, 82.812
22, 65.52, 82.829
23, 65.54, 82.846
24, 65.56, 82.862
25, 65.58, 82.879
26, 65.6, 82.896
27, 65.62, 82.912
28, 65.64, 82.929
29, 65.64, 82.929
30, 65.66, 82.946
31, 65.68, 82.962
32, 65.7, 82.979
33, 65.72, 82.996
34, 65.74, 83.012
35, 65.76, 83.029
36, 65.78, 83.046
37, 65.8, 83.062
38, 65.82, 83.079
39, 65.84, 83.096
40, 65.86, 83.112
41, 65.86, 83.112
42, 65.89, 83.129
43, 65.91, 83.146
44, 65.93, 83.162
45, 65.95, 83.179
46, 65.97, 83.196
47, 65.99, 83.212
48, 66.01, 83.229
49, 66.03, 83.246
50, 66.05, 83.262
51, 66.07, 83.279
52, 66.07, 83.279
53, 66.09, 83.296
54, 66.11, 83.312
55, 66.13, 83.329
56, 66.15, 83.346
57, 66.17, 83.362
58, 66.19, 83.379
59, 66.21, 83.396
60, 66.23, 83.412
61, 66.25, 83.429
62, 66.27, 83.446
63, 66.27, 83.446
64, 66.29, 83.462
65, 66.31, 83.479
66, 66.32, 83.496
67, 66.34, 83.512
68, 66.36, 83.529
69, 66.38, 83.546
70, 66.4, 83.562
71, 66.42, 83.579
72, 66.44, 83.596
73, 66.44, 83.596
74, 66.46, 83.612
75, 66.48, 83.629
76, 66.49, 83.646
77, 66.51, 83.662
78, 66.53, 83.679
79, 66.55, 83.696
80, 66.56, 1.242
81, 66.58, 1.259
82, 66.6, 1.276
83, 66.6, 1.276
84, 66.62, 1.292
85, 66.64, 1.309
86, 66.66, 1.326
87, 66.68, 1.342
88, 66.7, 1.359
89, 66.72, 1.376
90, 66.73, 1.392
91, 66.75, 1.409
92, 66.77, 1.426
93, 66.77, 1.426
94, 66.79, 1.442
95, 66.8, 1.459
96, 66.82, 1.476
97, 66.84, 1.492
98, 66.86, 1.509
99, 66.88, 1.526
100, 66.9, 1.542
101, 66.91, 1.559
102, 66.93, 1.576
103, 66.93, 1.576
104, 66.95, 1.592
105, 66.97, 1.609
106, 66.98, 1.626
107, 67, 1.642
108, 67.02, 1.659
109, 67.03, 1.676
110, 67.05, 1.692
111, 67.07, 1.709
112, 67.07, 1.709
113, 67.08, 1.726
114, 67.1, 1.742
115, 67.12, 1.759
116, 67.14, 1.776
117, 67.16, 1.792
118, 67.18, 1.809
119, 67.19, 1.826
120, 67.21, 1.842
121, 67.23, 1.859
122, 67.23, 1.859
123, 67.24, 1.876
124, 67.26, 1.892
125, 67.27, 1.909
126, 67.29, 1.926
127, 67.3, 1.942
128, 67.32, 1.959
129, 67.34, 1.976
130, 67.36, 1.992
131, 67.36, 1.992
132, 67.38, 2.009
133, 67.39, 2.026
134, 67.41, 2.042
135, 67.42, 2.059
136, 67.44, 2.076
137, 67.46, 2.092
138, 67.47, 2.109
139, 67.49, 2.126
140, 67.49, 2.126
141, 67.51, 2.142
142, 67.53, 2.159
143, 67.54, 2.176
144, 67.56, 2.192
145, 67.57, 2.209
146, 67.59, 2.226
147, 67.6, 2.242
148, 67.62, 2.259
149, 67.62, 2.259
150, 67.64, 2.276
151, 67.65, 2.292
152, 67.67, 2.309
153, 67.68, 2.326
154, 67.7, 2.342
155, 67.71, 2.359
156, 67.73, 2.376
157, 67.75, 2.392
158, 67.75, 2.392
159, 67.76, 2.409
160, 67.78, 2.426
161, 67.79, 2.442
162, 67.81, 2.459
163, 67.82, 2.476
164, 67.84, 2.492
165, 67.85, 2.509
166, 67.85, 2.509
167, 67.87, 2.526
168, 67.88, 2.542
169, 67.9, 2.559
170, 67.91, 2.576
171, 67.93, 2.592
172, 67.94, 2.609
173, 67.96, 2.626
174, 67.97, 2.642
175, 67.97, 2.642
176, 67.99, 2.659
177, 68, 2.676
178, 68.01, 2.692
179, 68.03, 2.709
180, 68.04, 2.726
181, 68.06, 2.742
182, 68.07, 2.759
183, 68.09, 2.776
184, 68.09, 2.776
185, 68.1, 2.792
186, 68.11, 2.809
187, 68.13, 2.826
188, 68.14, 2.842
189, 68.16, 2.859
190, 68.17, 2.876
191, 68.19, 2.892
192, 68.19, 2.892
193, 68.2, 2.909
194, 68.22, 2.926
195, 68.23, 2.942
196, 68.24, 2.959
197, 68.26, 2.976
198, 68.27, 2.992
199, 68.29, 3.009
200, 68.29, 3.009
201, 68.3, 3.026
202, 68.31, 3.042
203, 68.32, 3.059
204, 68.34, 3.076
205, 68.35, 3.092
206, 68.36, 3.109
207, 68.38, 3.126
208, 68.38, 3.126
209, 68.39, 3.142
210, 68.41, 3.159
211, 68.42, 3.176
212, 68.43, 3.192
213, 68.45, 3.209
214, 68.46, 3.226
215, 68.47, 3.242
216, 68.47, 3.242
217, 68.48, 3.259
218, 68.49, 3.276
219, 68.51, 3.292
220, 68.52, 3.309
221, 68.54, 3.326
222, 68.55, 3.342
223, 68.56, 3.359
224, 68.56, 3.359
225, 68.58, 3.376
226, 68.59, 3.392
227, 68.6, 3.409
228, 68.62, 3.426
229, 68.63, 3.442
230, 68.65, 3.459
231, 68.66, 3.476
232, 68.66, 3.476
233, 68.67, 3.492
234, 68.68, 3.509
235, 68.7, 3.526
236, 68.71, 3.542
237, 68.72, 3.559
238, 68.73, 3.576
239, 68.74, 3.592
240, 68.74, 3.592
241, 68.76, 3.609
242, 68.77, 3.626
243, 68.78, 3.642
244, 68.8, 3.659
245, 68.81, 3.676
246, 68.82, 3.692
247, 68.83, 3.709
248, 68.83, 3.709
249, 68.85, 3.726
250, 68.86, 3.742
251, 68.87, 3.759
252, 68.88, 3.776
253, 68.89, 3.792
254, 68.91, 3.809
255, 68.92, 3.826
256, 68.92, 3.826
257, 68.93, 3.842
258, 68.94, 3.859
259, 68.95, 3.876
260, 68.97, 3.892
261, 68.98, 3.909
262, 68.99, 3.926
263, 69, 3.942
264, 69, 3.942
265, 69.01, 3.959
266, 69.03, 3.976
267, 69.04, 3.992
268, 69.05, 4.009
269, 69.06, 4.026
270, 69.07, 4.042
271, 69.07, 4.042
272, 69.09, 4.059
273, 69.1, 4.076
274, 69.11, 4.092
275, 69.12, 4.109
276, 69.13, 4.126
277, 69.14, 4.142
278, 69.15, 4.159
279, 69.15, 4.159
280, 69.16, 4.176
281, 69.17, 4.192
282, 69.19, 4.209
283, 69.19, 4.226
284, 69.21, 4.242
285, 69.22, 4.259
286, 69.22, 4.259
287, 69.23, 4.276
288, 69.24, 4.292
289, 69.25, 4.309
290, 69.26, 4.326
291, 69.27, 4.342
292, 69.29, 4.359
293, 69.3, 4.376
294, 69.3, 4.376
295, 69.31, 4.392
296, 69.32, 4.409
297, 69.33, 4.426
298, 69.34, 4.442
299, 69.35, 4.459
300, 69.36, 4.476
301, 69.36, 4.476
302, 69.37, 4.492
303, 69.38, 4.509
304, 69.4, 4.526
305, 69.41, 4.542
306, 69.42, 4.559
307, 69.43, 4.576
308, 69.44, 4.592
309, 69.44, 4.592
310, 69.45, 4.609
311, 69.46, 4.626
312, 69.47, 4.642
313, 69.48, 4.659
314, 69.49, 4.676
315, 69.5, 4.692
316, 69.5, 4.692
317, 69.51, 4.709
318, 69.52, 4.726
319, 69.53, 4.742
320, 69.54, 4.759
321, 69.55, 4.776
322, 69.56, 4.792
323, 69.56, 4.792
324, 69.57, 4.809
325, 69.58, 4.826
326, 69.59, 4.842
327, 69.6, 4.859
328, 69.61, 4.876
329, 69.62, 4.892
330, 69.62, 4.892
331, 69.63, 4.909
332, 69.64, 4.926
333, 69.65, 4.942
334, 69.66, 4.959
335, 69.67, 4.976
336, 69.68, 4.992
337, 69.69, 5.009
338, 69.69, 5.009
339, 69.7, 5.026
340, 69.71, 5.042
341, 69.72, 5.059
342, 69.73, 5.076
343, 69.74, 5.092
344, 69.75, 5.109
345, 69.75, 5.109
346, 69.76, 5.126
347, 69.77, 5.142
348, 69.78, 5.159
349, 69.79, 5.176
350, 69.8, 5.192
351, 69.81, 5.209
352, 69.81, 5.209
353, 69.82, 5.226
354, 69.83, 5.242
355, 69.84, 5.259
356, 69.84, 5.276
357, 69.85, 5.292
358, 69.86, 5.309
359, 69.86, 5.309
360, 69.87, 5.326
361, 69.88, 5.342
362, 69.89, 5.359
363, 69.9, 5.376
364, 69.91, 5.392
365, 69.92, 5.409
366, 69.92, 5.409
367, 69.93, 5.426
368, 69.94, 5.442
369, 69.95, 5.459
370, 69.96, 5.476
371, 69.97, 5.492
372, 69.98, 5.509
373, 69.98, 5.509
374, 69.98, 5.526
375, 69.99, 5.542
376, 70, 5.559
377, 70.01, 5.576
378, 69.96, 5.592
379, 69.91, 5.609
380, 69.91, 5.609
381, 70, 5.626
382, 69.97, 5.642
383, 69.98, 5.659
384, 69.99, 5.676
385, 69.99, 5.692
386, 69.99, 5.709
387, 69.99, 5.709
388, 70, 5.726
389, 70.01, 5.742
390, 70.01, 5.759
391, 70.02, 5.776
392, 70.02, 5.792
393, 70.03, 5.809
394, 70.03, 5.809
395, 70.03, 5.826
396, 70.04, 5.842
397, 70.04, 5.859
398, 70.05, 5.876
399, 70.05, 5.892
400, 70.06, 5.909
401, 70.06, 5.909
402, 70.06, 5.926
403, 70.07, 5.942
404, 70.08, 5.959
405, 70.08, 5.976
406, 70.09, 5.992
407, 70.1, 6.009
408, 70.1, 6.009
409, 70.1, 6.026
410, 70.11, 6.042
411, 70.11, 6.059
412, 70.12, 6.076
413, 70.12, 6.092
414, 70.13, 6.109
415, 70.13, 6.109
416, 70.13, 6.126
417, 70.14, 6.142
418, 70.14, 6.159
419, 70.15, 6.176
420, 70.16, 6.192
421, 70.16, 6.209
422, 70.16, 6.209
423, 70.17, 6.226
424, 70.17, 6.242
425, 70.18, 6.259
426, 70.18, 6.276
427, 70.19, 6.292
428, 70.19, 6.309
429, 70.19, 6.309
430, 70.2, 6.326
431, 70.2, 6.342
432, 70.21, 6.359
433, 70.21, 6.376
434, 70.22, 6.392
435, 70.22, 6.409
436, 70.22, 6.409
437, 70.23, 6.426
438, 70.23, 6.442
439, 70.24, 6.459
440, 70.25, 6.476
441, 70.25, 6.492
442, 70.26, 6.509
443, 70.26, 6.509
444, 70.26, 6.526
445, 70.27, 6.542
446, 70.27, 6.559
447, 70.28, 6.576
448, 70.28, 6.592
449, 70.28, 6.592
450, 70.29, 6.609
451, 70.29, 6.626
452, 70.3, 6.642
453, 70.31, 6.659
454, 70.31, 6.676
455, 70.32, 6.692
456, 70.32, 6.692
457, 70.32, 6.709
458, 70.33, 6.726
459, 70.34, 6.742
460, 70.34, 6.759
461, 70.34, 6.776
462, 70.35, 6.792
463, 70.35, 6.792
464, 70.35, 6.809
465, 70.36, 6.826
466, 70.36, 6.842
467, 70.37, 6.859
468, 70.37, 6.876
469, 70.38, 6.892
470, 70.38, 6.892
471, 70.38, 6.909
472, 70.39, 6.926
473, 70.39, 6.942
474, 70.39, 6.959
475, 70.4, 6.976
476, 70.4, 6.992
477, 70.4, 6.992
478, 70.41, 7.009
479, 70.41, 7.026
480, 70.42, 7.042
481, 70.42, 7.059
482, 70.42, 7.076
483, 70.42, 7.076
484, 70.42, 7.092
485, 70.43, 7.109
486, 70.43, 7.126
487, 70.43, 7.142
488, 70.43, 7.159
489, 70.43, 7.176
490, 70.43, 7.176
491, 70.43, 7.192
492, 70.43, 7.209
493, 70.43, 7.226
494, 70.43, 7.242
495, 70.42, 7.259
496, 70.42, 7.276
497, 70.42, 7.276
498, 70.41, 7.292
499, 70.4, 7.309
500, 70.39, 7.326
501, 70.37, 7.342
502, 70.34, 7.359
503, 70.3, 7.376
504, 70.3, 7.376
505, 70.23, 7.392
506, 70.15, 7.409
507, 70.06, 7.426
508, 69.96, 7.442
509, 69.84, 7.459
510, 69.67, 7.476
511, 69.67, 7.476
512, 69.54, 7.492
513, 69.4, 7.509
514, 69.24, 7.526
515, 69.05, 7.542
516, 68.84, 7.559
517, 68.64, 7.576
518, 68.64, 7.576
519, 68.41, 7.592
520, 68.14, 7.609
521, 67.87, 7.626
522, 67.57, 7.642
523, 67.24, 7.659
524, 66.9, 7.676
525, 66.55, 7.692
526, 66.18, 7.709
527, 65.81, 7.726
528, 65.81, 7.726
529, 65.46, 7.742
530, 65.1, 7.759
531, 64.73, 7.776
532, 64.35, 7.792
533, 63.97, 7.809
534, 63.6, 7.826
535, 63.24, 7.842
536, 62.88, 7.859
537, 62.47, 7.876
538, 62.08, 7.892
539, 61.73, 7.909
540, 61.39, 7.926
541, 61.06, 7.942
542, 60.72, 7.959
543, 60.39, 7.976
544, 60.04, 7.992
545, 59.69, 8.009
546, 59.35, 8.026
547, 59.02, 8.042
548, 58.7, 8.059
549, 58.37, 8.076
550, 58.03, 8.092
551, 57.7, 8.109
552, 57.38, 8.126
553, 57.05, 8.142
554, 56.73, 8.159
555, 56.41, 8.176
556, 56.04, 8.192
557, 55.68, 8.209
558, 55.36, 8.226
559, 55.04, 8.242
560, 54.72, 8.259
561, 54.04, 8.292
562, 53.7, 8.309
563, 53.39, 8.326
564, 53.07, 8.342
565, 52.75, 8.359
566, 52.43, 8.376
567, 52.12, 8.392
568, 51.81, 8.409
569, 51.2, 8.442
570, 50.89, 8.459
571, 50.58, 8.476
572, 50.27, 8.492
573, 49.97, 8.509
574, 49.38, 8.542
575, 49.09, 8.559
576, 48.8, 8.576
577, 48.53, 8.592
578, 48.26, 8.609
579, 47.7, 8.642
580, 47.39, 8.659
581, 47.1, 8.676
582, 46.82, 8.692
583, 46.29, 8.726
584, 45.99, 8.742
585, 45.7, 8.759
586, 45.17, 8.792
587, 44.9, 8.809
588, 44.63, 8.826
589, 44.1, 8.859
590, 43.83, 8.876
591, 43.57, 8.892
592, 43.06, 8.926
593, 42.81, 8.942
594, 42.33, 8.976
595, 42.1, 8.992
596, 41.88, 9.009
597, 41.44, 9.042
598, 41.21, 9.059
599, 40.78, 9.092
600, 40.56, 9.109
601, 40.15, 9.142
602, 39.94, 9.159
603, 39.53, 9.192
604, 39.34, 9.209
605, 38.94, 9.242
606, 38.74, 9.259
607, 38.24, 9.292
608, 37.77, 9.326
609, 37.56, 9.342
610, 37.1, 9.376
611, 36.87, 9.392
612, 36.44, 9.426
613, 36.01, 9.459
614, 35.79, 9.476
615, 35.37, 9.509
616, 34.94, 9.542
617, 34.73, 9.559
618, 34.32, 9.592
619, 33.92, 9.626
620, 33.51, 9.659
621, 33.09, 9.692
622, 32.89, 9.709
623, 32.51, 9.742
624, 32.12, 9.776
625, 31.74, 9.809
626, 31.41, 9.842
627, 31.11, 9.876
628, 30.82, 9.909
629, 30.56, 9.942
630, 30.32, 9.976
631, 30.1, 10.009
632, 29.87, 10.042
633, 29.65, 10.076
634, 29.46, 10.109
635, 29.28, 10.142
636, 29.11, 10.176
637, 28.87, 10.226
638, 28.73, 10.259
639, 28.59, 10.292
640, 28.45, 10.326
641, 28.32, 10.359
642, 28.2, 10.392
643, 28.07, 10.426
644, 27.89, 10.476
645, 27.77, 10.509
646, 27.64, 10.542
647, 27.52, 10.576
648, 27.4, 10.609
649, 27.22, 10.659
650, 27.11, 10.692
651, 27, 10.726
652, 26.9, 10.759
653, 26.74, 10.809
654, 26.66, 10.842
655, 26.57, 10.876
656, 26.42, 10.926
657, 26.34, 10.959
658, 26.27, 10.992
659, 26.19, 11.026
660, 26.03, 11.076
661, 25.94, 11.109
662, 25.88, 11.142
663, 25.77, 11.192
664, 25.67, 11.226
665, 25.53, 11.276
666, 25.48, 11.309
667, 25.44, 11.342
668, 25.46, 11.392
669, 25.47, 11.426
670, 25.51, 11.459
671, 25.64, 11.509
672, 25.7, 11.542
673, 25.78, 11.576
674, 25.87, 11.609
675, 26.02, 11.659
676, 26.14, 11.692
677, 26.23, 11.726
678, 26.37, 11.776
679, 26.44, 11.809
680, 26.56, 11.842
681, 26.68, 11.876
682, 26.75, 11.909
683, 26.92, 11.959
684, 26.99, 11.992
685, 27.1, 12.026
686, 27.18, 12.059
687, 27.38, 12.109
688, 27.5, 12.142
689, 27.65, 12.176
690, 27.83, 12.209
691, 28, 12.242
692, 28.22, 12.276
693, 28.44, 12.309
694, 28.66, 12.342
695, 28.88, 12.376
696, 29.2, 12.426
697, 29.42, 12.459
698, 29.65, 12.492
699, 29.88, 12.526
700, 30.11, 12.559
701, 30.23, 12.576
702, 30.46, 12.609
703, 30.68, 12.642
704, 30.9, 12.676
705, 31.12, 12.709
706, 31.33, 12.742
707, 31.54, 12.776
708, 31.75, 12.809
709, 31.95, 12.842
710, 32.09, 12.876
711, 32.08, 12.909
712, 32.03, 12.942
713, 31.87, 12.976
714, 31.79, 12.992
715, 31.74, 13.026
716, 31.68, 13.059
717, 31.56, 13.092
718, 31.46, 13.126
719, 31.38, 13.159
720, 31.28, 13.192
721, 31.19, 13.226
722, 31.1, 13.259
723, 31, 13.292
724, 30.91, 13.326
725, 30.81, 13.359
726, 30.71, 13.392
727, 30.61, 13.426
728, 30.52, 13.459
729, 30.42, 13.492
730, 30.32, 13.526
731, 30.23, 13.559
732, 30.14, 13.592
733, 30.04, 13.626
734, 29.95, 13.659
735, 29.86, 13.692
736, 29.78, 13.726
737, 29.69, 13.759
738, 29.6, 13.792
739, 29.51, 13.826
740, 29.41, 13.859
741, 29.33, 13.892
742, 29.25, 13.926
743, 29.16, 13.959
744, 29.06, 14.009
745, 29.02, 14.042
746, 28.97, 14.076
747, 29.03, 14.109
748, 29.02, 14.142
749, 29.02, 14.176
750, 29.03, 14.209
751, 29.05, 14.242
752, 29.06, 14.276
753, 29.08, 14.309
754, 29.11, 14.342
755, 29.13, 14.376
756, 29.16, 14.409
757, 29.18, 14.442
758, 29.24, 14.476
759, 29.29, 14.509
760, 29.38, 14.559
761, 29.45, 14.592
762, 29.51, 14.626
763, 29.6, 14.659
764, 29.68, 14.692
765, 29.78, 14.726
766, 29.9, 14.759
767, 29.99, 14.792
768, 30.12, 14.826
769, 30.23, 14.859
770, 30.35, 14.892
771, 30.46, 14.926
772, 30.56, 14.959
773, 30.69, 14.992
774, 30.8, 15.026
775, 30.93, 15.059
776, 31.05, 15.092
777, 31.17, 15.126
778, 31.3, 15.159
779, 31.42, 15.192
780, 31.55, 15.226
781, 31.68, 15.259
782, 31.8, 15.292
783, 31.96, 15.326
784, 32.04, 15.342
785, 32.19, 15.376
786, 32.36, 15.409
787, 32.53, 15.442
788, 32.73, 15.476
789, 32.92, 15.509
790, 33.15, 15.542
791, 33.33, 15.576
792, 33.42, 15.592
793, 33.62, 15.626
794, 33.79, 15.659
795, 33.99, 15.692
796, 34.21, 15.726
797, 34.29, 15.742
798, 34.47, 15.776
799, 34.67, 15.809
800, 34.87, 15.842
801, 34.97, 15.859
802, 35.18, 15.892
803, 35.41, 15.926
804, 35.62, 15.959
805, 35.72, 15.976
806, 35.92, 16.009
807, 36.12, 16.042
808, 36.22, 16.059
809, 36.42, 16.092
810, 36.63, 16.126
811, 36.74, 16.142
812, 36.94, 16.176
813, 37.12, 16.209
814, 37.22, 16.226
815, 37.43, 16.259
816, 37.64, 16.292
817, 37.74, 16.309
818, 37.93, 16.342
819, 38.04, 16.359
820, 38.25, 16.392
821, 38.44, 16.426
822, 38.53, 16.442
823, 38.71, 16.476
824, 38.81, 16.492
825, 38.97, 16.526
826, 39.08, 16.542
827, 39.2, 16.576
828, 39.15, 16.592
829, 39.39, 16.626
830, 39.47, 16.642
831, 39.65, 16.676
832, 39.74, 16.692
833, 39.91, 16.726
834, 40.03, 16.742
835, 40.18, 16.776
836, 40.26, 16.792
837, 40.42, 16.826
838, 40.51, 16.842
839, 40.65, 16.876
840, 40.74, 16.892
841, 40.9, 16.926
842, 40.99, 16.942
843, 41.16, 16.976
844, 41.24, 16.992
845, 41.4, 17.026
846, 41.47, 17.042
847, 41.64, 17.076
848, 41.72, 17.092
849, 41.8, 17.109
850, 41.95, 17.142
851, 42.03, 17.159
852, 42.18, 17.192
853, 42.26, 17.209
854, 42.42, 17.242
855, 42.5, 17.259
856, 42.57, 17.276
857, 42.72, 17.309
858, 42.79, 17.326
859, 42.94, 17.359
860, 43.01, 17.376
861, 43.08, 17.392
862, 43.23, 17.426
863, 43.3, 17.442
864, 43.45, 17.476
865, 43.52, 17.492
866, 43.59, 17.509
867, 43.73, 17.542
868, 43.8, 17.559
869, 43.94, 17.592
870, 44.01, 17.609
871, 44.08, 17.626
872, 44.22, 17.659
873, 44.29, 17.676
874, 44.36, 17.692
875, 44.49, 17.726
876, 44.56, 17.742
877, 44.63, 17.759
878, 44.78, 17.792
879, 44.85, 17.809
880, 44.99, 17.842
881, 45.05, 17.859
882, 45.12, 17.876
883, 45.26, 17.909
884, 45.33, 17.926
885, 45.4, 17.942
886, 45.53, 17.976
887, 45.59, 17.992
888, 45.66, 18.009
889, 45.79, 18.042
890, 45.86, 18.059
891, 45.92, 18.076
892, 46.06, 18.109
893, 46.12, 18.126
894, 46.19, 18.142
895, 46.32, 18.176
896, 46.39, 18.192
897, 46.45, 18.209
898, 46.51, 18.226
899, 46.63, 18.259
900, 46.69, 18.276
901, 46.76, 18.292
902, 46.89, 18.326
903, 46.95, 18.342
904, 47.01, 18.359
905, 47.13, 18.392
906, 47.19, 18.409
907, 47.25, 18.426
908, 47.31, 18.442
909, 47.43, 18.476
910, 47.5, 18.492
911, 47.56, 18.509
912, 47.67, 18.542
913, 47.73, 18.559
914, 47.79, 18.576
915, 47.84, 18.592
916, 47.96, 18.626
917, 48.02, 18.642
918, 48.07, 18.659
919, 48.13, 18.676
920, 48.24, 18.709
921, 48.29, 18.726
922, 48.34, 18.742
923, 48.38, 18.759
924, 48.41, 18.792
925, 48.38, 18.809
926, 48.33, 18.826
927, 48.29, 18.842
928, 48.14, 18.876
929, 48.01, 18.892
930, 47.93, 18.909
931, 47.82, 18.942
932, 47.73, 18.959
933, 47.64, 18.976
934, 47.56, 18.992
935, 47.4, 19.026
936, 47.32, 19.042
937, 47.23, 19.059
938, 47.06, 19.092
939, 46.97, 19.109
940, 46.87, 19.126
941, 46.78, 19.142
942, 46.58, 19.176
943, 46.48, 19.192
944, 46.38, 19.209
945, 46.17, 19.242
946, 46.07, 19.259
947, 45.96, 19.276
948, 45.74, 19.309
949, 45.64, 19.326
950, 45.53, 19.342
951, 45.32, 19.376
952, 45.22, 19.392
953, 45.11, 19.409
954, 44.91, 19.442
955, 44.81, 19.459
956, 44.71, 19.476
957, 44.52, 19.509
958, 44.43, 19.526
959, 44.33, 19.542
960, 44.14, 19.576
961, 44.05, 19.592
962, 43.86, 19.626
963, 43.77, 19.642
964, 43.67, 19.659
965, 43.47, 19.692
966, 43.38, 19.709
967, 43.28, 19.726
968, 43.09, 19.759
969, 42.99, 19.776
970, 42.79, 19.809
971, 42.7, 19.826
972, 42.51, 19.859
973, 42.41, 19.876
974, 42.32, 19.892
975, 42.14, 19.926
976, 42.06, 19.942
977, 41.88, 19.976
978, 41.8, 19.992
979, 41.65, 20.026
980, 41.57, 20.042
981, 41.5, 20.059
982, 41.35, 20.092
983, 41.27, 20.109
984, 41.12, 20.142
985, 41.04, 20.159
986, 40.89, 20.192
987, 40.81, 20.209
988, 40.65, 20.242
989, 40.57, 20.259
990, 40.41, 20.292
991, 40.33, 20.309
992, 40.17, 20.342
993, 40.09, 20.359
994, 39.93, 20.392
995, 39.85, 20.409
996, 39.69, 20.442
997, 39.61, 20.459
998, 39.44, 20.492
999, 39.36, 20.509
1000, 39.2, 20.542
1001, 39.12, 20.559
1002, 38.96, 20.592
1003, 38.89, 20.609
1004, 38.73, 20.642
1005, 38.66, 20.659
1006, 38.51, 20.692
1007, 38.44, 20.709
1008, 38.3, 20.742
1009, 38.23, 20.759
1010, 38.09, 20.792
1011, 37.97, 20.826
1012, 37.91, 20.842
1013, 37.8, 20.876
1014, 37.74, 20.892
1015, 37.64, 20.926
1016, 37.59, 20.942
1017, 37.5, 20.976
1018, 37.45, 20.992
1019, 37.36, 21.026
1020, 37.31, 21.042
1021, 37.21, 21.076
1022, 37.12, 21.109
1023, 37.07, 21.126
1024, 36.98, 21.159
1025, 36.93, 21.176
1026, 36.84, 21.209
1027, 36.79, 21.226
1028, 36.7, 21.259
1029, 36.65, 21.276
1030, 36.55, 21.309
1031, 36.5, 21.326
1032, 36.41, 21.359
1033, 36.32, 21.392
1034, 36.27, 21.409
1035, 36.18, 21.442
1036, 36.13, 21.459
1037, 36.03, 21.492
1038, 35.98, 21.509
1039, 35.88, 21.542
1040, 35.78, 21.576
1041, 35.73, 21.592
1042, 35.63, 21.626
1043, 35.52, 21.659
1044, 35.47, 21.676
1045, 35.38, 21.709
1046, 35.28, 21.742
1047, 35.22, 21.759
1048, 35.12, 21.792
1049, 35.02, 21.826
1050, 34.97, 21.842
1051, 34.87, 21.876
1052, 34.76, 21.909
1053, 34.72, 21.926
1054, 34.62, 21.959
1055, 34.52, 21.992
1056, 34.47, 22.009
1057, 34.37, 22.042
1058, 34.29, 22.076
1059, 34.21, 22.109
1060, 34.18, 22.126
1061, 34.21, 22.159
1062, 34.14, 22.192
1063, 34.12, 22.226
1064, 34.11, 22.242
1065, 34.07, 22.276
1066, 34.06, 22.309
1067, 34.05, 22.342
1068, 34.04, 22.376
1069, 34.06, 22.392
1070, 34.09, 22.426
1071, 34.1, 22.459
1072, 34.14, 22.492
1073, 34.17, 22.526
1074, 34.19, 22.542
1075, 34.25, 22.576
1076, 34.28, 22.609
1077, 34.35, 22.642
1078, 34.39, 22.659
1079, 34.43, 22.692
1080, 34.51, 22.726
1081, 34.58, 22.759
1082, 34.64, 22.792
1083, 34.68, 22.809
1084, 34.75, 22.842
1085, 34.82, 22.876
1086, 34.92, 22.909
1087, 34.97, 22.942
1088, 35, 22.959
1089, 35.09, 22.992
1090, 35.15, 23.026
1091, 35.23, 23.059
1092, 35.27, 23.076
1093, 35.33, 23.109
1094, 35.41, 23.142
1095, 35.49, 23.176
1096, 35.52, 23.192
1097, 35.62, 23.226
1098, 35.72, 23.259
1099, 35.83, 23.292
1100, 35.9, 23.309
1101, 36.03, 23.342
1102, 36.15, 23.376
1103, 36.31, 23.409
1104, 36.37, 23.426
1105, 36.49, 23.459
1106, 36.64, 23.492
1107, 36.7, 23.509
1108, 36.83, 23.542
1109, 36.99, 23.576
1110, 37.06, 23.592
1111, 37.19, 23.626
1112, 37.35, 23.659
1113, 37.48, 23.692
1114, 37.56, 23.709
1115, 37.73, 23.742
1116, 37.88, 23.776
1117, 37.96, 23.792
1118, 38.11, 23.826
1119, 38.18, 23.842
1120, 38.34, 23.876
1121, 38.51, 23.909
1122, 38.58, 23.926
1123, 38.72, 23.959
1124, 38.86, 23.992
1125, 38.94, 24.009
1126, 39.1, 24.042
1127, 39.18, 24.059
1128, 39.33, 24.092
1129, 39.41, 24.109
1130, 39.55, 24.142
1131, 39.7, 24.176
1132, 39.77, 24.192
1133, 39.92, 24.226
1134, 39.99, 24.242
1135, 40.13, 24.276
1136, 40.2, 24.292
1137, 40.34, 24.326
1138, 40.46, 24.359
1139, 40.54, 24.376
1140, 40.67, 24.409
1141, 40.73, 24.426
1142, 40.88, 24.459
1143, 40.95, 24.476
1144, 41.09, 24.509
1145, 41.17, 24.526
1146, 41.31, 24.559
1147, 41.38, 24.576
1148, 41.53, 24.609
1149, 41.6, 24.626
1150, 41.75, 24.659
1151, 41.82, 24.676
1152, 41.96, 24.709
1153, 42.03, 24.726
1154, 42.18, 24.759
1155, 42.26, 24.776
1156, 42.33, 24.792
1157, 42.47, 24.826
1158, 42.55, 24.842
1159, 42.7, 24.876
1160, 42.77, 24.892
1161, 42.92, 24.926
1162, 43, 24.942
1163, 43.07, 24.959
1164, 43.22, 24.992
1165, 43.3, 25.009
1166, 43.46, 25.042
1167, 43.54, 25.059
1168, 43.61, 25.076
1169, 43.76, 25.109
1170, 43.83, 25.126
1171, 43.91, 25.142
1172, 44.05, 25.176
1173, 44.12, 25.192
1174, 44.27, 25.226
1175, 44.34, 25.242
1176, 44.41, 25.259
1177, 44.55, 25.292
1178, 44.62, 25.309
1179, 44.69, 25.326
1180, 44.83, 25.359
1181, 44.9, 25.376
1182, 44.97, 25.392
1183, 45.1, 25.426
1184, 45.17, 25.442
1185, 45.24, 25.459
1186, 45.37, 25.492
1187, 45.44, 25.509
1188, 45.52, 25.526
1189, 45.59, 25.542
1190, 45.73, 25.576
1191, 45.8, 25.592
1192, 45.87, 25.609
1193, 46, 25.642
1194, 46.08, 25.659
1195, 46.15, 25.676
1196, 46.22, 25.692
1197, 46.35, 25.726
1198, 46.42, 25.742
1199, 46.49, 25.759
1200, 46.62, 25.792
1201, 46.69, 25.809
1202, 46.75, 25.826
1203, 46.81, 25.842
1204, 46.94, 25.876
1205, 47, 25.892
1206, 47.06, 25.909
1207, 47.13, 25.926
1208, 47.25, 25.959
1209, 47.31, 25.976
1210, 47.37, 25.992
1211, 47.43, 26.009
1212, 47.55, 26.042
1213, 47.61, 26.059
1214, 47.67, 26.076
1215, 47.73, 26.092
1216, 47.85, 26.126
1217, 47.91, 26.142
1218, 47.97, 26.159
1219, 48.03, 26.176
1220, 48.15, 26.209
1221, 48.21, 26.226
1222, 48.27, 26.242
1223, 48.33, 26.259
1224, 48.27, 26.292
1225, 48.39, 26.309
1226, 48.49, 26.326
1227, 48.52, 26.342
1228, 48.62, 26.376
1229, 48.67, 26.392
1230, 48.72, 26.409
1231, 48.77, 26.426
1232, 48.82, 26.442
1233, 48.92, 26.476
1234, 48.96, 26.492
1235, 49.01, 26.509
1236, 49.06, 26.526
1237, 49.15, 26.559
1238, 49.21, 26.576
1239, 49.25, 26.592
1240, 49.3, 26.609
1241, 49.33, 26.626
1242, 49.45, 26.659
1243, 49.48, 26.676
1244, 49.51, 26.692
1245, 49.55, 26.709
1246, 49.59, 26.726
1247, 49.71, 26.759
1248, 49.76, 26.776
1249, 49.8, 26.792
1250, 49.84, 26.809
1251, 49.9, 26.826
1252, 50.01, 26.859
1253, 50.05, 26.876
1254, 50.1, 26.892
1255, 50.15, 26.909
1256, 50.2, 26.926
1257, 50.3, 26.959
1258, 50.35, 26.976
1259, 50.4, 26.992
1260, 50.45, 27.009
1261, 50.5, 27.026
1262, 50.6, 27.059
1263, 50.65, 27.076
1264, 50.7, 27.092
1265, 50.76, 27.109
1266, 50.82, 27.126
1267, 50.93, 27.159
1268, 50.98, 27.176
1269, 51.04, 27.192
1270, 51.1, 27.209
1271, 51.15, 27.226
1272, 51.2, 27.242
1273, 51.3, 27.276
1274, 51.34, 27.292
1275, 51.38, 27.309
1276, 51.43, 27.326
1277, 51.48, 27.342
1278, 51.52, 27.359
1279, 51.62, 27.392
1280, 51.67, 27.409
1281, 51.72, 27.426
1282, 51.76, 27.442
1283, 51.81, 27.459
1284, 51.85, 27.476
1285, 51.94, 27.509
1286, 51.98, 27.526
1287, 52.02, 27.542
1288, 52.06, 27.559
1289, 52.08, 27.576
1290, 52.11, 27.592
1291, 52.25, 27.626
1292, 52.3, 27.642
1293, 52.33, 27.659
1294, 52.36, 27.676
1295, 52.41, 27.692
1296, 52.45, 27.709
1297, 52.49, 27.726
1298, 52.57, 27.759
1299, 52.61, 27.776
1300, 52.65, 27.792
1301, 52.7, 27.809
1302, 52.75, 27.826
1303, 52.79, 27.842
1304, 52.84, 27.859
1305, 52.92, 27.892
1306, 52.96, 27.909
1307, 53.01, 27.926
1308, 53.06, 27.942
1309, 53.11, 27.959
1310, 53.15, 27.976
1311, 53.19, 27.992
1312, 53.28, 28.026
1313, 53.33, 28.042
1314, 53.37, 28.059
1315, 53.41, 28.076
1316, 53.46, 28.092
1317, 53.5, 28.109
1318, 53.55, 28.126
1319, 53.6, 28.142
1320, 53.7, 28.176
1321, 53.74, 28.192
1322, 53.79, 28.209
1323, 53.84, 28.226
1324, 53.88, 28.242
1325, 53.92, 28.259
1326, 53.96, 28.276
1327, 54, 28.292
1328, 54.08, 28.326
1329, 54.13, 28.342
1330, 54.18, 28.359
1331, 54.23, 28.376
1332, 54.28, 28.392
1333, 54.33, 28.409
1334, 54.37, 28.426
1335, 54.42, 28.442
1336, 54.46, 28.459
1337, 54.51, 28.476
1338, 54.6, 28.509
1339, 54.65, 28.526
1340, 54.7, 28.542
1341, 54.74, 28.559
1342, 54.79, 28.576
1343, 54.83, 28.592
1344, 54.88, 28.609
1345, 54.93, 28.626
1346, 54.97, 28.642
1347, 55.02, 28.659
1348, 55.07, 28.676
1349, 55.16, 28.709
1350, 55.21, 28.726
1351, 55.25, 28.742
1352, 55.3, 28.759
1353, 55.34, 28.776
1354, 55.38, 28.792
1355, 55.43, 28.809
1356, 55.47, 28.826
1357, 55.51, 28.842
1358, 55.56, 28.859
1359, 55.6, 28.876
1360, 55.64, 28.892
1361, 55.69, 28.909
1362, 55.79, 28.942
1363, 55.83, 28.959
1364, 55.88, 28.976
1365, 55.92, 28.992
1366, 55.97, 29.009
1367, 56.01, 29.026
1368, 56.05, 29.042
1369, 56.09, 29.059
1370, 56.14, 29.076
1371, 56.18, 29.092
1372, 56.23, 29.109
1373, 56.27, 29.126
1374, 56.32, 29.142
1375, 56.36, 29.159
1376, 56.4, 29.176
1377, 56.49, 29.209
1378, 56.53, 29.226
1379, 56.58, 29.242
1380, 56.62, 29.259
1381, 56.66, 29.276
1382, 56.7, 29.292
1383, 56.75, 29.309
1384, 56.79, 29.326
1385, 56.83, 29.342
1386, 56.87, 29.359
1387, 56.91, 29.376
1388, 56.96, 29.392
1389, 57, 29.409
1390, 57.04, 29.426
1391, 57.09, 29.442
1392, 57.13, 29.459
1393, 57.17, 29.476
1394, 57.21, 29.492
1395, 57.25, 29.509
1396, 57.33, 29.542
1397, 57.37, 29.559
1398, 57.41, 29.576
1399, 57.45, 29.592
1400, 57.49, 29.609
1401, 57.53, 29.626
1402, 57.58, 29.642
1403, 57.62, 29.659
1404, 57.66, 29.676
1405, 57.7, 29.692
1406, 57.74, 29.709
1407, 57.78, 29.726
1408, 57.82, 29.742
1409, 57.86, 29.759
1410, 57.9, 29.776
1411, 57.94, 29.792
1412, 57.98, 29.809
1413, 58.02, 29.826
1414, 58.06, 29.842
1415, 58.1, 29.859
1416, 58.13, 29.876
1417, 58.17, 29.892
1418, 58.21, 29.909
1419, 58.25, 29.926
1420, 58.29, 29.942
1421, 58.33, 29.959
1422, 58.37, 29.976
1423, 58.4, 29.992
1424, 58.44, 30.009
1425, 58.48, 30.026
1426, 58.52, 30.042
1427, 58.55, 30.059
1428, 58.59, 30.076
1429, 58.67, 30.109
1430, 58.71, 30.126
1431, 58.75, 30.142
1432, 58.79, 30.159
1433, 58.82, 30.176
1434, 58.86, 30.192
1435, 58.89, 30.209
1436, 58.93, 30.226
1437, 58.96, 30.242
1438, 59, 30.259
1439, 59.03, 30.276
1440, 59.07, 30.292
1441, 59.11, 30.309
1442, 59.15, 30.326
1443, 59.19, 30.342
1444, 59.23, 30.359
1445, 59.27, 30.376
1446, 59.3, 30.392
1447, 59.34, 30.409
1448, 59.38, 30.426
1449, 59.41, 30.442
1450, 59.45, 30.459
1451, 59.49, 30.476
1452, 59.53, 30.492
1453, 59.56, 30.509
1454, 59.59, 30.526
1455, 59.62, 30.542
1456, 59.65, 30.559
1457, 59.68, 30.576
1458, 59.71, 30.592
1459, 59.74, 30.609
1460, 59.78, 30.626
1461, 59.82, 30.642
1462, 59.85, 30.659
1463, 59.9, 30.676
1464, 59.94, 30.692
1465, 59.92, 30.709
1466, 59.86, 30.726
1467, 59.98, 30.742
1468, 60.02, 30.759
1469, 59.98, 30.776
1470, 60.03, 30.792
1471, 60.1, 30.809
1472, 60.12, 30.826
1473, 60.12, 30.842
1474, 60.16, 30.859
1475, 60.19, 30.876
1476, 60.21, 30.892
1477, 60.24, 30.909
1478, 60.27, 30.926
1479, 60.3, 30.942
1480, 60.33, 30.959
1481, 60.36, 30.976
1482, 60.4, 30.992
1483, 60.43, 31.009
1484, 60.46, 31.026
1485, 60.49, 31.042
1486, 60.52, 31.059
1487, 60.56, 31.076
1488, 60.58, 31.092
1489, 60.61, 31.109
1490, 60.63, 31.126
1491, 60.66, 31.142
1492, 60.68, 31.159
1493, 60.71, 31.176
1494, 60.75, 31.192
1495, 60.78, 31.209
1496, 60.81, 31.226
1497, 60.84, 31.242
1498, 60.87, 31.259
1499, 60.9, 31.276
1500, 60.92, 31.292
1501, 60.95, 31.309
1502, 60.98, 31.326
1503, 61, 31.342
1504, 61.03, 31.359
1505, 61.06, 31.376
1506, 61.08, 31.392
1507, 61.11, 31.409
1508, 61.14, 31.426
1509, 61.17, 31.442
1510, 61.2, 31.459
1511, 61.2, 31.459
1512, 61.23, 31.476
1513, 61.25, 31.492
1514, 61.28, 31.509
1515, 61.31, 31.526
1516, 61.34, 31.542
1517, 61.37, 31.559
1518, 61.4, 31.576
1519, 61.42, 31.592
1520, 61.45, 31.609
1521, 61.48, 31.626
1522, 61.5, 31.642
1523, 61.53, 31.659
1524, 61.55, 31.676
1525, 61.58, 31.692
1526, 61.6, 31.709
1527, 61.63, 31.726
1528, 61.66, 31.742
1529, 61.69, 31.759
1530, 61.71, 31.776
1531, 61.73, 31.792
1532, 61.76, 31.809
1533, 61.79, 31.826
1534, 61.81, 31.842
1535, 61.84, 31.859
1536, 61.87, 31.876
1537, 61.9, 31.892
1538, 61.92, 31.909
1539, 61.95, 31.926
1540, 61.98, 31.942
1541, 62, 31.959
1542, 62.03, 31.976
1543, 62.05, 31.992
1544, 62.08, 32.009
1545, 62.1, 32.026
1546, 62.13, 32.042
1547, 62.15, 32.059
1548, 62.15, 32.059
1549, 62.18, 32.076
1550, 62.21, 32.092
1551, 62.24, 32.109
1552, 62.26, 32.126
1553, 62.29, 32.142
1554, 62.31, 32.159
1555, 62.34, 32.176
1556, 62.37, 32.192
1557, 62.39, 32.209
1558, 62.42, 32.226
1559, 62.44, 32.242
1560, 62.46, 32.259
1561, 62.49, 32.276
1562, 62.52, 32.292
1563, 62.54, 32.309
1564, 62.57, 32.326
1565, 62.59, 32.342
1566, 62.62, 32.359
1567, 62.64, 32.376
1568, 62.67, 32.392
1569, 62.69, 32.409
1570, 62.72, 32.426
1571, 62.74, 32.442
1572, 62.77, 32.459
1573, 62.77, 32.459
1574, 62.79, 32.476
1575, 62.82, 32.492
1576, 62.84, 32.509
1577, 62.87, 32.526
1578, 62.89, 32.542
1579, 62.92, 32.559
1580, 62.94, 32.576
1581, 62.97, 32.592
1582, 62.99, 32.609
1583, 63.01, 32.626
1584, 63.04, 32.642
1585, 63.06, 32.659
1586, 63.08, 32.676
1587, 63.11, 32.692
1588, 63.14, 32.709
1589, 63.17, 32.726
1590, 63.19, 32.742
1591, 63.21, 32.759
1592, 63.23, 32.776
1593, 63.26, 32.792
1594, 63.26, 32.792
1595, 63.28, 32.809
1596, 63.3, 32.826
1597, 63.32, 32.842
1598, 63.35, 32.859
1599, 63.37, 32.876
1600, 63.4, 32.892
1601, 63.42, 32.909
1602, 63.44, 32.926
1603, 63.47, 32.942
1604, 63.49, 32.959
1605, 63.52, 32.976
1606, 63.54, 32.992
1607, 63.56, 33.009
1608, 63.59, 33.026
1609, 63.61, 33.042
1610, 63.63, 33.059
1611, 63.66, 33.076
1612, 63.66, 33.076
1613, 63.68, 33.092
1614, 63.71, 33.109
1615, 63.73, 33.126
1616, 63.75, 33.142
1617, 63.77, 33.159
1618, 63.79, 33.176
1619, 63.82, 33.192
1620, 63.84, 33.209
1621, 63.86, 33.226
1622, 63.89, 33.242
1623, 63.91, 33.259
1624, 63.93, 33.276
1625, 63.95, 33.292
1626, 63.97, 33.309
1627, 64, 33.326
1628, 64.02, 33.342
1629, 64.02, 33.342
1630, 64.05, 33.359
1631, 64.07, 33.376
1632, 64.09, 33.392
1633, 64.12, 33.409
1634, 64.14, 33.426
1635, 64.16, 33.442
1636, 64.18, 33.459
1637, 64.2, 33.476
1638, 64.22, 33.492
1639, 64.24, 33.509
1640, 64.27, 33.526
1641, 64.29, 33.542
1642, 64.31, 33.559
1643, 64.34, 33.576
1644, 64.34, 33.576
1645, 64.36, 33.592
1646, 64.38, 33.609
1647, 64.4, 33.626
1648, 64.42, 33.642
1649, 64.44, 33.659
1650, 64.46, 33.676
1651, 64.49, 33.692
1652, 64.51, 33.709
1653, 64.53, 33.726
1654, 64.55, 33.742
1655, 64.57, 33.759
1656, 64.59, 33.776
1657, 64.62, 33.792
1658, 64.62, 33.792
1659, 64.64, 33.809
1660, 64.66, 33.826
1661, 64.68, 33.842
1662, 64.7, 33.859
1663, 64.73, 33.876
1664, 64.75, 33.892
1665, 64.77, 33.909
1666, 64.79, 33.926
1667, 64.81, 33.942
1668, 64.84, 33.959
1669, 64.86, 33.976
1670, 64.88, 33.992
1671, 64.9, 34.009
1672, 64.9, 34.009
1673, 64.92, 34.026
1674, 64.94, 34.042
1675, 64.96, 34.059
1676, 64.98, 34.076
1677, 65.01, 34.092
1678, 65.03, 34.109
1679, 65.05, 34.126
1680, 65.07, 34.142
1681, 65.09, 34.159
1682, 65.11, 34.176
1683, 65.13, 34.192
1684, 65.16, 34.209
1685, 65.16, 34.209
1686, 65.18, 34.226
1687, 65.2, 34.242
1688, 65.21, 34.259
1689, 65.23, 34.276
1690, 65.25, 34.292
1691, 65.27, 34.309
1692, 65.29, 34.326
1693, 65.31, 34.342
1694, 65.33, 34.359
1695, 65.35, 34.376
1696, 65.38, 34.392
1697, 65.38, 34.392
1698, 65.4, 34.409
1699, 65.42, 34.426
1700, 65.44, 34.442
1701, 65.46, 34.459
1702, 65.48, 34.476
1703, 65.5, 34.492
1704, 65.52, 34.509
1705, 65.54, 34.526
1706, 65.56, 34.542
1707, 65.58, 34.559
1708, 65.6, 34.576
1709, 65.6, 34.576
1710, 65.62, 34.592
1711, 65.64, 34.609
1712, 65.66, 34.626
1713, 65.68, 34.642
1714, 65.7, 34.659
1715, 65.72, 34.676
1716, 65.74, 34.692
1717, 65.76, 34.709
1718, 65.78, 34.726
1719, 65.8, 34.742
1720, 65.82, 34.759
1721, 65.82, 34.759
1722, 65.83, 34.776
1723, 65.85, 34.792
1724, 65.87, 34.809
1725, 65.89, 34.826
1726, 65.91, 34.842
1727, 65.93, 34.859
1728, 65.95, 34.876
1729, 65.97, 34.892
1730, 65.99, 34.909
1731, 66.01, 34.926
1732, 66.01, 34.926
1733, 66.03, 34.942
1734, 66.05, 34.959
1735, 66.06, 34.976
1736, 66.08, 34.992
1737, 66.11, 35.009
1738, 66.13, 35.026
1739, 66.14, 35.042
1740, 66.16, 35.059
1741, 66.17, 35.076
1742, 66.19, 35.092
1743, 66.19, 35.092
1744, 66.22, 35.109
1745, 66.24, 35.126
1746, 66.25, 35.142
1747, 66.27, 35.159
1748, 66.29, 35.176
1749, 66.31, 35.192
1750, 66.32, 35.209
1751, 66.34, 35.226
1752, 66.36, 35.242
1753, 66.36, 35.242
1754, 66.38, 35.259
1755, 66.4, 35.276
1756, 66.41, 35.292
1757, 66.43, 35.309
1758, 66.45, 35.326
1759, 66.47, 35.342
1760, 66.49, 35.359
1761, 66.51, 35.376
1762, 66.53, 35.392
1763, 66.55, 35.409
1764, 66.55, 35.409
1765, 66.56, 35.426
1766, 66.58, 35.442
1767, 66.59, 35.459
1768, 66.61, 35.476
1769, 66.62, 35.492
1770, 66.64, 35.509
1771, 66.66, 35.526
1772, 66.68, 35.542
1773, 66.7, 35.559
1774, 66.7, 35.559
1775, 66.72, 35.576
1776, 66.74, 35.592
1777, 66.75, 35.609
1778, 66.77, 35.626
1779, 66.79, 35.642
1780, 66.8, 35.659
1781, 66.82, 35.676
1782, 66.83, 35.692
1783, 66.85, 35.709
1784, 66.85, 35.709
1785, 66.86, 35.726
1786, 66.87, 35.742
1787, 66.89, 35.759
1788, 66.91, 35.776
1789, 66.93, 35.792
1790, 66.95, 35.809
1791, 66.97, 35.826
1792, 66.99, 35.842
1793, 66.99, 35.842
1794, 67, 35.859
1795, 67.02, 35.876
1796, 67.03, 35.892
1797, 67.05, 35.909
1798, 67.07, 35.926
1799, 67.09, 35.942
1800, 67.1, 35.959
1801, 67.12, 35.976
1802, 67.14, 35.992
1803, 67.14, 35.992
1804, 67.15, 36.009
1805, 67.17, 36.026
1806, 67.19, 36.042
1807, 67.21, 36.059
1808, 67.22, 36.076
1809, 67.24, 36.092
1810, 67.25, 36.109
1811, 67.27, 36.126
1812, 67.27, 36.126
1813, 67.28, 36.142
1814, 67.3, 36.159
1815, 67.32, 36.176
1816, 67.33, 36.192
1817, 67.35, 36.209
1818, 67.36, 36.226
1819, 67.38, 36.242
1820, 67.39, 36.259
1821, 67.39, 36.259
1822, 67.41, 36.276
1823, 67.42, 36.292
1824, 67.44, 36.309
1825, 67.45, 36.326
1826, 67.47, 36.342
1827, 67.49, 36.359
1828, 67.5, 36.376
1829, 67.52, 36.392
1830, 67.52, 36.392
1831, 67.53, 36.409
1832, 67.55, 36.426
1833, 67.57, 36.442
1834, 67.58, 36.459
1835, 67.6, 36.476
1836, 67.61, 36.492
1837, 67.62, 36.509
1838, 67.64, 36.526
1839, 67.64, 36.526
1840, 67.65, 36.542
1841, 67.67, 36.559
1842, 67.68, 36.576
1843, 67.7, 36.592
1844, 67.71, 36.609
1845, 67.73, 36.626
1846, 67.74, 36.642
1847, 67.76, 36.659
1848, 67.76, 36.659
1849, 67.77, 36.676
1850, 67.79, 36.692
1851, 67.8, 36.709
1852, 67.8, 36.726
1853, 67.82, 36.742
1854, 67.83, 36.759
1855, 67.85, 36.776
1856, 67.86, 36.792
1857, 67.86, 36.792
1858, 67.88, 36.809
1859, 67.89, 36.826
1860, 67.91, 36.842
1861, 67.93, 36.859
1862, 67.94, 36.876
1863, 67.95, 36.892
1864, 67.96, 36.909
1865, 67.96, 36.909
1866, 67.98, 36.926
1867, 67.99, 36.942
1868, 68.01, 36.959
1869, 68.02, 36.976
1870, 68.04, 36.992
1871, 68.05, 37.009
1872, 68.06, 37.026
1873, 68.08, 37.042
1874, 68.08, 37.042
1875, 68.09, 37.059
1876, 68.1, 37.076
1877, 68.12, 37.092
1878, 68.13, 37.109
1879, 68.14, 37.126
1880, 68.16, 37.142
1881, 68.18, 37.159
1882, 68.18, 37.159
1883, 68.19, 37.176
1884, 68.21, 37.192
1885, 68.22, 37.209
1886, 68.24, 37.226
1887, 68.25, 37.242
1888, 68.25, 37.259
1889, 68.26, 37.276
1890, 68.26, 37.276
1891, 68.28, 37.292
1892, 68.29, 37.309
1893, 68.3, 37.326
1894, 68.31, 37.342
1895, 68.32, 37.359
1896, 68.33, 37.376
1897, 68.34, 37.392
1898, 68.34, 37.409
1899, 68.34, 37.409
1900, 68.35, 37.426
1901, 68.36, 37.442
1902, 68.36, 37.459
1903, 68.36, 37.476
1904, 68.34, 37.492
1905, 68.31, 37.509
1906, 68.28, 37.526
1907, 68.28, 37.526
1908, 68.24, 37.542
1909, 68.2, 37.559
1910, 68.13, 37.576
1911, 68.05, 37.592
1912, 67.94, 37.609
1913, 67.83, 37.626
1914, 67.7, 37.642
1915, 67.7, 37.642
1916, 67.49, 37.659
1917, 67.36, 37.676
1918, 67.21, 37.692
1919, 67.06, 37.709
1920, 66.86, 37.726
1921, 66.63, 37.742
1922, 66.43, 37.759
1923, 66.2, 37.776
1924, 65.93, 37.792
1925, 65.93, 37.792
1926, 65.67, 37.809
1927, 65.4, 37.826
1928, 65.09, 37.842
1929, 64.72, 37.859
1930, 64.33, 37.876
1931, 63.96, 37.892
1932, 63.61, 37.909
1933, 63.24, 37.926
1934, 62.86, 37.942
1935, 62.49, 37.959
1936, 62.13, 37.976
1937, 61.79, 37.992
1938, 61.45, 38.009
1939, 61.11, 38.026
1940, 60.78, 38.042
1941, 60.44, 38.059
1942, 60.1, 38.076
1943, 59.76, 38.092
1944, 59.41, 38.109
1945, 59.07, 38.126
1946, 58.69, 38.142
1947, 58.3, 38.159
1948, 57.94, 38.176
1949, 57.61, 38.192
1950, 57.29, 38.209
1951, 56.95, 38.226
1952, 56.61, 38.242
1953, 56.29, 38.259
1954, 55.97, 38.276
1955, 55.63, 38.292
1956, 55.3, 38.309
1957, 54.98, 38.326
1958, 54.65, 38.342
1959, 54.33, 38.359
1960, 53.71, 38.392
1961, 53.4, 38.409
1962, 53.11, 38.426
1963, 52.82, 38.442
1964, 52.52, 38.459
1965, 52.22, 38.476
1966, 51.92, 38.492
1967, 51.31, 38.526
1968, 51.01, 38.542
1969, 50.73, 38.559
1970, 50.44, 38.576
1971, 50.15, 38.592
1972, 49.82, 38.609
1973, 49.16, 38.642
1974, 48.87, 38.659
1975, 48.58, 38.676
1976, 48.29, 38.692
1977, 47.66, 38.726
1978, 47.38, 38.742
1979, 47.08, 38.759
1980, 46.79, 38.776
1981, 46.2, 38.809
1982, 45.9, 38.826
1983, 45.6, 38.842
1984, 45.01, 38.876
1985, 44.72, 38.892
1986, 44.44, 38.909
1987, 43.86, 38.942
1988, 43.57, 38.959
1989, 43.27, 38.976
1990, 42.7, 39.009
1991, 42.42, 39.026
1992, 41.84, 39.059
1993, 41.55, 39.076
1994, 41.25, 39.092
1995, 40.65, 39.126
1996, 40.36, 39.142
1997, 39.79, 39.176
1998, 39.51, 39.192
1999, 38.97, 39.226
2000, 38.4, 39.259
2001, 38.12, 39.276
2002, 37.53, 39.309
2003, 37.23, 39.326
2004, 36.64, 39.359
2005, 36.07, 39.392
2006, 35.79, 39.409
2007, 35.25, 39.442
2008, 34.73, 39.476
2009, 34.47, 39.492
2010, 33.99, 39.526
2011, 33.5, 39.559
2012, 33.01, 39.592
2013, 32.77, 39.609
2014, 32.33, 39.642
2015, 31.94, 39.676
2016, 31.6, 39.709
2017, 31.3, 39.742
2018, 31.04, 39.776
2019, 30.81, 39.809
2020, 30.62, 39.842
2021, 30.46, 39.876
2022, 30.3, 39.909
2023, 30.14, 39.942
2024, 30.01, 39.976
2025, 29.88, 40.009
2026, 29.75, 40.042
2027, 29.62, 40.076
2028, 29.48, 40.109
2029, 29.35, 40.142
2030, 29.21, 40.176
2031, 29.07, 40.209
2032, 28.94, 40.242
2033, 28.8, 40.276
2034, 28.66, 40.309
2035, 28.53, 40.342
2036, 28.39, 40.376
2037, 28.26, 40.409
2038, 28.07, 40.459
2039, 27.94, 40.492
2040, 27.81, 40.526
2041, 27.69, 40.559
2042, 27.58, 40.592
2043, 27.48, 40.626
2044, 27.38, 40.659
2045, 27.25, 40.709
2046, 27.17, 40.742
2047, 27.1, 40.776
2048, 27.02, 40.809
2049, 26.93, 40.842
2050, 26.8, 40.892
2051, 26.72, 40.926
2052, 26.64, 40.959
2053, 26.58, 40.992
2054, 26.49, 41.026
2055, 26.37, 41.076
2056, 26.3, 41.109
2057, 26.24, 41.142
2058, 26.16, 41.192
2059, 26.15, 41.226
2060, 26.13, 41.259
2061, 26.15, 41.309
2062, 26.17, 41.342
2063, 26.17, 41.376
2064, 26.23, 41.409
2065, 26.31, 41.459
2066, 26.39, 41.492
2067, 26.49, 41.526
2068, 26.53, 41.559
2069, 26.7, 41.609
2070, 26.76, 41.642
2071, 26.86, 41.676
2072, 26.94, 41.709
2073, 27.12, 41.759
2074, 27.21, 41.792
2075, 27.33, 41.826
2076, 27.46, 41.859
2077, 27.58, 41.892
2078, 27.74, 41.926
2079, 27.96, 41.976
2080, 28.15, 42.009
2081, 28.32, 42.042
2082, 28.51, 42.076
2083, 28.71, 42.109
2084, 28.89, 42.142
2085, 29.11, 42.176
2086, 29.3, 42.209
2087, 29.51, 42.242
2088, 29.73, 42.276
2089, 30.04, 42.326
2090, 30.26, 42.359
2091, 30.46, 42.392
2092, 30.57, 42.409
2093, 30.79, 42.442
2094, 31, 42.476
2095, 31.22, 42.509
2096, 31.43, 42.542
2097, 31.65, 42.576
2098, 31.87, 42.609
2099, 32.07, 42.642
2100, 32.27, 42.676
2101, 32.46, 42.709
2102, 32.56, 42.726
2103, 32.78, 42.759
2104, 32.97, 42.792
2105, 33.17, 42.826
2106, 33.36, 42.859
2107, 33.54, 42.892
2108, 33.65, 42.909
2109, 33.87, 42.942
2110, 34.08, 42.976
2111, 34.3, 43.009
2112, 34.4, 43.026
2113, 34.61, 43.059
2114, 34.83, 43.092
2115, 35.05, 43.126
2116, 35.16, 43.142
2117, 35.37, 43.176
2118, 35.59, 43.209
2119, 35.7, 43.226
2120, 35.91, 43.259
2121, 36.12, 43.292
2122, 36.23, 43.309
2123, 36.43, 43.342
2124, 36.63, 43.376
2125, 36.74, 43.392
2126, 36.93, 43.426
2127, 37.13, 43.459
2128, 37.22, 43.476
2129, 37.42, 43.509
2130, 37.51, 43.526
2131, 37.71, 43.559
2132, 37.9, 43.592
2133, 37.99, 43.609
2134, 38.18, 43.642
2135, 38.27, 43.659
2136, 38.46, 43.692
2137, 38.64, 43.726
2138, 38.73, 43.742
2139, 38.92, 43.776
2140, 39.01, 43.792
2141, 39.18, 43.826
2142, 39.27, 43.842
2143, 39.44, 43.876
2144, 39.53, 43.892
2145, 39.63, 43.926
2146, 39.58, 43.942
2147, 39.86, 43.976
2148, 39.93, 43.992
2149, 40.05, 44.026
2150, 40.15, 44.042
2151, 40.29, 44.076
2152, 40.36, 44.092
2153, 40.51, 44.126
2154, 40.58, 44.142
2155, 40.73, 44.176
2156, 40.81, 44.192
2157, 40.97, 44.226
2158, 41.04, 44.242
2159, 41.19, 44.276
2160, 41.26, 44.292
2161, 41.41, 44.326
2162, 41.48, 44.342
2163, 41.62, 44.376
2164, 41.68, 44.392
2165, 41.7, 44.409
2166, 41.65, 44.442
2167, 41.62, 44.459
2168, 41.46, 44.492
2169, 41.38, 44.509
2170, 41.36, 44.526
2171, 41.29, 44.559
2172, 41.23, 44.576
2173, 41.13, 44.609
2174, 41.08, 44.626
2175, 40.98, 44.659
2176, 40.92, 44.676
2177, 40.83, 44.709
2178, 40.78, 44.726
2179, 40.68, 44.759
2180, 40.63, 44.776
2181, 40.58, 44.792
2182, 40.47, 44.826
2183, 40.42, 44.842
2184, 40.31, 44.876
2185, 40.26, 44.892
2186, 40.15, 44.926
2187, 40.09, 44.942
2188, 39.98, 44.976
2189, 39.92, 44.992
2190, 39.81, 45.026
2191, 39.75, 45.042
2192, 39.64, 45.076
2193, 39.59, 45.092
2194, 39.48, 45.126
2195, 39.43, 45.142
2196, 39.32, 45.176
2197, 39.27, 45.192
2198, 39.16, 45.226
2199, 39.11, 45.242
2200, 39.01, 45.276
2201, 38.95, 45.292
2202, 38.85, 45.326
2203, 38.75, 45.359
2204, 38.7, 45.376
2205, 38.6, 45.409
2206, 38.55, 45.426
2207, 38.45, 45.459
2208, 38.4, 45.476
2209, 38.31, 45.509
2210, 38.26, 45.526
2211, 38.18, 45.559
2212, 38.12, 45.592
2213, 38.08, 45.609
2214, 38.09, 45.642
2215, 38.09, 45.659
2216, 38.04, 45.692
2217, 38.04, 45.709
2218, 38.06, 45.742
2219, 38.07, 45.776
2220, 38.09, 45.792
2221, 38.13, 45.826
2222, 38.15, 45.842
2223, 38.21, 45.876
2224, 38.27, 45.909
2225, 38.31, 45.926
2226, 38.4, 45.959
2227, 38.44, 45.976
2228, 38.53, 46.009
2229, 38.57, 46.026
2230, 38.63, 46.059
2231, 38.65, 46.076
2232, 38.63, 46.109
2233, 38.59, 46.142
2234, 38.57, 46.159
2235, 38.43, 46.192
2236, 38.38, 46.209
2237, 38.35, 46.242
2238, 38.33, 46.259
2239, 38.23, 46.292
2240, 38.15, 46.326
2241, 38.12, 46.342
2242, 38.04, 46.376
2243, 38, 46.392
2244, 37.93, 46.426
2245, 37.89, 46.442
2246, 37.81, 46.476
2247, 37.74, 46.509
2248, 37.7, 46.526
2249, 37.62, 46.559
2250, 37.58, 46.576
2251, 37.5, 46.609
2252, 37.42, 46.642
2253, 37.38, 46.659
2254, 37.29, 46.692
2255, 37.25, 46.709
2256, 37.16, 46.742
2257, 37.08, 46.776
2258, 37.04, 46.792
2259, 36.96, 46.826
2260, 36.91, 46.842
2261, 36.82, 46.876
2262, 36.73, 46.909
2263, 36.68, 46.926
2264, 36.59, 46.959
2265, 36.55, 46.976
2266, 36.46, 47.009
2267, 36.38, 47.042
2268, 36.35, 47.059
2269, 36.27, 47.092
2270, 36.23, 47.109
2271, 36.15, 47.142
2272, 36.08, 47.176
2273, 36.05, 47.192
2274, 35.96, 47.226
2275, 35.89, 47.259
2276, 35.85, 47.276
2277, 35.77, 47.309
2278, 35.69, 47.342
2279, 35.65, 47.359
2280, 35.57, 47.392
2281, 35.49, 47.426
2282, 35.42, 47.459
2283, 35.39, 47.476
2284, 35.34, 47.509
2285, 35.4, 47.542
2286, 35.38, 47.559
2287, 35.4, 47.592
2288, 35.42, 47.626
2289, 35.41, 47.642
2290, 35.46, 47.676
2291, 35.47, 47.709
2292, 35.47, 47.742
2293, 35.48, 47.759
2294, 35.51, 47.792
2295, 35.53, 47.826
2296, 35.54, 47.842
2297, 35.56, 47.876
2298, 35.58, 47.909
2299, 35.61, 47.926
2300, 35.64, 47.959
2301, 35.66, 47.992
2302, 35.69, 48.009
2303, 35.72, 48.042
2304, 35.74, 48.076
2305, 35.77, 48.092
2306, 35.81, 48.126
2307, 35.88, 48.159
2308, 35.92, 48.176
2309, 35.99, 48.209
2310, 36.08, 48.242
2311, 36.13, 48.259
2312, 36.23, 48.292
2313, 36.36, 48.326
2314, 36.45, 48.342
2315, 36.59, 48.376
2316, 36.73, 48.409
2317, 36.82, 48.426
2318, 36.97, 48.459
2319, 37.12, 48.492
2320, 37.2, 48.509
2321, 37.36, 48.542
2322, 37.45, 48.559
2323, 37.59, 48.592
2324, 37.62, 48.626
2325, 37.59, 48.642
2326, 37.54, 48.676
2327, 37.46, 48.692
2328, 37.39, 48.726
2329, 37.35, 48.759
2330, 37.32, 48.776
2331, 37.22, 48.809
2332, 37.18, 48.826
2333, 37.14, 48.859
2334, 37.06, 48.892
2335, 37.02, 48.909
2336, 36.95, 48.942
2337, 36.87, 48.976
2338, 36.84, 48.992
2339, 36.76, 49.026
2340, 36.67, 49.059
2341, 36.63, 49.076
2342, 36.55, 49.109
2343, 36.51, 49.126
2344, 36.43, 49.159
2345, 36.35, 49.192
2346, 36.27, 49.226
2347, 36.23, 49.242
2348, 36.14, 49.276
2349, 36.06, 49.309
2350, 36.02, 49.326
2351, 35.93, 49.359
2352, 35.84, 49.392
2353, 35.8, 49.409
2354, 35.71, 49.442
2355, 35.63, 49.476
2356, 35.54, 49.509
2357, 35.49, 49.526
2358, 35.4, 49.559
2359, 35.32, 49.592
2360, 35.25, 49.626
2361, 35.22, 49.642
2362, 35.16, 49.676
2363, 35.17, 49.709
2364, 35.19, 49.726
2365, 35.13, 49.759
2366, 35.13, 49.792
2367, 35.1, 49.826
2368, 35.09, 49.842
2369, 35.08, 49.876
2370, 35.05, 49.909
2371, 35.02, 49.942
2372, 35.01, 49.959
2373, 34.96, 49.992
2374, 34.94, 50.026
2375, 34.93, 50.059
2376, 34.93, 50.076
2377, 34.95, 50.109
2378, 34.98, 50.142
2379, 34.98, 50.159
2380, 35.01, 50.192
2381, 35.03, 50.226
2382, 35.06, 50.259
2383, 35.07, 50.276
2384, 35.09, 50.309
2385, 35.11, 50.342
2386, 35.13, 50.376
2387, 35.13, 50.392
2388, 35.14, 50.426
2389, 35.15, 50.459
2390, 35.14, 50.476
2391, 35.14, 50.509
2392, 35.17, 50.542
2393, 35.2, 50.559
2394, 35.21, 50.592
2395, 35.23, 50.626
2396, 35.26, 50.642
2397, 35.31, 50.676
2398, 35.34, 50.709
2399, 35.38, 50.742
2400, 35.4, 50.759
2401, 35.46, 50.792
2402, 35.52, 50.826
2403, 35.57, 50.842
2404, 35.62, 50.876
2405, 35.69, 50.909
2406, 35.75, 50.926
2407, 35.83, 50.959
2408, 35.92, 50.992
2409, 35.96, 51.009
2410, 36.03, 51.042
2411, 36.1, 51.076
2412, 36.13, 51.092
2413, 36.18, 51.126
2414, 36.25, 51.159
2415, 36.27, 51.176
2416, 36.31, 51.209
2417, 36.4, 51.242
2418, 36.44, 51.259
2419, 36.51, 51.292
2420, 36.61, 51.326
2421, 36.67, 51.342
2422, 36.77, 51.376
2423, 36.92, 51.409
2424, 37, 51.426
2425, 37.12, 51.459
2426, 37.27, 51.492
2427, 37.35, 51.509
2428, 37.47, 51.542
2429, 37.55, 51.559
2430, 37.72, 51.592
2431, 37.86, 51.626
2432, 37.95, 51.642
2433, 38.12, 51.676
2434, 38.19, 51.692
2435, 38.36, 51.726
2436, 38.44, 51.742
2437, 38.59, 51.776
2438, 38.75, 51.809
2439, 38.83, 51.826
2440, 38.99, 51.859
2441, 39.07, 51.876
2442, 39.23, 51.909
2443, 39.31, 51.926
2444, 39.46, 51.959
2445, 39.54, 51.976
2446, 39.69, 52.009
2447, 39.77, 52.026
2448, 39.92, 52.059
2449, 40.07, 52.092
2450, 40.15, 52.109
2451, 40.3, 52.142
2452, 40.36, 52.159
2453, 40.51, 52.192
2454, 40.58, 52.209
2455, 40.73, 52.242
2456, 40.8, 52.259
2457, 40.94, 52.292
2458, 41.01, 52.309
2459, 41.1, 52.326
2460, 41.23, 52.359
2461, 41.3, 52.376
2462, 41.45, 52.409
2463, 41.52, 52.426
2464, 41.66, 52.459
2465, 41.73, 52.476
2466, 41.88, 52.509
2467, 41.95, 52.526
2468, 42.09, 52.559
2469, 42.16, 52.576
2470, 42.23, 52.592
2471, 42.37, 52.626
2472, 42.44, 52.642
2473, 42.59, 52.676
2474, 42.66, 52.692
2475, 42.81, 52.726
2476, 42.88, 52.742
2477, 42.95, 52.759
2478, 43.09, 52.792
2479, 43.16, 52.809
2480, 43.31, 52.842
2481, 43.38, 52.859
2482, 43.45, 52.876
2483, 43.6, 52.909
2484, 43.68, 52.926
2485, 43.83, 52.959
2486, 43.9, 52.976
2487, 43.98, 52.992
2488, 44.13, 53.026
2489, 44.2, 53.042
2490, 44.28, 53.059
2491, 44.43, 53.092
2492, 44.5, 53.109
2493, 44.58, 53.126
2494, 44.72, 53.159
2495, 44.79, 53.176
2496, 44.93, 53.209
2497, 45.01, 53.226
2498, 45.08, 53.242
2499, 45.23, 53.276
2500, 45.3, 53.292
2501, 45.38, 53.309
2502, 45.52, 53.342
2503, 45.6, 53.359
2504, 45.67, 53.376
2505, 45.74, 53.392
2506, 45.88, 53.426
2507, 45.96, 53.442
2508, 46.03, 53.459
2509, 46.17, 53.492
2510, 46.24, 53.509
2511, 46.31, 53.526
2512, 46.46, 53.559
2513, 46.53, 53.576
2514, 46.6, 53.592
2515, 46.75, 53.626
2516, 46.81, 53.642
2517, 46.88, 53.659
2518, 46.95, 53.676
2519, 47.09, 53.709
2520, 47.16, 53.726
2521, 47.23, 53.742
2522, 47.3, 53.759
2523, 47.44, 53.792
2524, 47.5, 53.809
2525, 47.57, 53.826
2526, 47.7, 53.859
2527, 47.77, 53.876
2528, 47.84, 53.892
2529, 47.9, 53.909
2530, 48.04, 53.942
2531, 48.1, 53.959
2532, 48.17, 53.976
2533, 48.23, 53.992
2534, 48.36, 54.026
2535, 48.42, 54.042
2536, 48.49, 54.059
2537, 48.55, 54.076
2538, 48.68, 54.109
2539, 48.74, 54.126
2540, 48.8, 54.142
2541, 48.87, 54.159
2542, 48.93, 54.176
2543, 49.07, 54.209
2544, 49.14, 54.226
2545, 49.21, 54.242
2546, 49.26, 54.259
2547, 49.38, 54.292
2548, 49.44, 54.309
2549, 49.5, 54.326
2550, 49.56, 54.342
2551, 49.62, 54.359
2552, 49.74, 54.392
2553, 49.72, 54.409
2554, 49.69, 54.426
2555, 49.81, 54.442
2556, 49.94, 54.459
2557, 49.98, 54.492
2558, 50.05, 54.509
2559, 50.12, 54.526
2560, 50.17, 54.542
2561, 50.22, 54.559
2562, 50.34, 54.592
2563, 50.39, 54.609
2564, 50.45, 54.626
2565, 50.51, 54.642
2566, 50.56, 54.659
2567, 50.68, 54.692
2568, 50.73, 54.709
2569, 50.79, 54.726
2570, 50.84, 54.742
2571, 50.9, 54.759
2572, 51.01, 54.792
2573, 51.06, 54.809
2574, 51.12, 54.826
2575, 51.17, 54.842
2576, 51.22, 54.859
2577, 51.28, 54.876
2578, 51.39, 54.909
2579, 51.44, 54.926
2580, 51.5, 54.942
2581, 51.56, 54.959
2582, 51.61, 54.976
2583, 51.67, 54.992
2584, 51.72, 55.009
2585, 51.82, 55.042
2586, 51.87, 55.059
2587, 51.93, 55.076
2588, 51.98, 55.092
2589, 52.03, 55.109
2590, 52.09, 55.126
2591, 52.2, 55.159
2592, 52.25, 55.176
2593, 52.3, 55.192
2594, 52.36, 55.209
2595, 52.41, 55.226
2596, 52.46, 55.242
2597, 52.51, 55.259
2598, 52.56, 55.276
2599, 52.67, 55.309
2600, 52.72, 55.326
2601, 52.77, 55.342
2602, 52.83, 55.359
2603, 52.88, 55.376
2604, 52.93, 55.392
2605, 52.98, 55.409
2606, 53.03, 55.426
2607, 53.13, 55.459
2608, 53.18, 55.476
2609, 53.24, 55.492
2610, 53.29, 55.509
2611, 53.34, 55.526
2612, 53.39, 55.542
2613, 53.44, 55.559
2614, 53.49, 55.576
2615, 53.54, 55.592
2616, 53.64, 55.626
2617, 53.69, 55.642
2618, 53.74, 55.659
2619, 53.79, 55.676
2620, 53.84, 55.692
2621, 53.89, 55.709
2622, 53.94, 55.726
2623, 53.99, 55.742
2624, 54.03, 55.759
2625, 54.08, 55.776
2626, 54.17, 55.809
2627, 54.22, 55.826
2628, 54.27, 55.842
2629, 54.31, 55.859
2630, 54.36, 55.876
2631, 54.4, 55.892
2632, 54.45, 55.909
2633, 54.49, 55.926
2634, 54.54, 55.942
2635, 54.58, 55.959
2636, 54.63, 55.976
2637, 54.72, 56.009
2638, 54.77, 56.026
2639, 54.81, 56.042
2640, 54.85, 56.059
2641, 54.9, 56.076
2642, 54.94, 56.092
2643, 54.98, 56.109
2644, 55.03, 56.126
2645, 55.07, 56.142
2646, 55.11, 56.159
2647, 55.16, 56.176
2648, 55.2, 56.192
2649, 55.24, 56.209
2650, 55.33, 56.242
2651, 55.37, 56.259
2652, 55.42, 56.276
2653, 55.46, 56.292
2654, 55.5, 56.309
2655, 55.54, 56.326
2656, 55.58, 56.342
2657, 55.63, 56.359
2658, 55.67, 56.376
2659, 55.71, 56.392
2660, 55.76, 56.409
2661, 55.8, 56.426
2662, 55.84, 56.442
2663, 55.92, 56.476
2664, 55.96, 56.492
2665, 56.01, 56.509
2666, 56.05, 56.526
2667, 56.09, 56.542
2668, 56.13, 56.559
2669, 56.18, 56.576
2670, 56.22, 56.592
2671, 56.26, 56.609
2672, 56.3, 56.626
2673, 56.34, 56.642
2674, 56.37, 56.659
2675, 56.41, 56.676
2676, 56.45, 56.692
2677, 56.49, 56.709
2678, 56.53, 56.726
2679, 56.61, 56.759
2680, 56.65, 56.776
2681, 56.69, 56.792
2682, 56.73, 56.809
2683, 56.77, 56.826
2684, 56.81, 56.842
2685, 56.84, 56.859
2686, 56.88, 56.876
2687, 56.91, 56.892
2688, 56.95, 56.909
2689, 56.98, 56.926
2690, 57.02, 56.942
2691, 57.06, 56.959
2692, 57.1, 56.976
2693, 57.14, 56.992
2694, 57.18, 57.009
2695, 57.21, 57.026
2696, 57.25, 57.042
2697, 57.29, 57.059
2698, 57.35, 57.092
2699, 57.39, 57.109
2700, 57.42, 57.126
2701, 57.46, 57.142
2702, 57.5, 57.159
2703, 57.53, 57.176
2704, 57.57, 57.192
2705, 57.61, 57.209
2706, 57.64, 57.226
2707, 57.68, 57.242
2708, 57.71, 57.259
2709, 57.74, 57.276
2710, 57.78, 57.292
2711, 57.81, 57.309
2712, 57.85, 57.326
2713, 57.88, 57.342
2714, 57.92, 57.359
2715, 57.95, 57.376
2716, 57.98, 57.392
2717, 58.02, 57.409
2718, 58.05, 57.426
2719, 58.09, 57.442
2720, 58.12, 57.459
2721, 58.15, 57.476
2722, 58.19, 57.492
2723, 58.22, 57.509
2724, 58.28, 57.542
2725, 58.32, 57.559
2726, 58.35, 57.576
2727, 58.38, 57.592
2728, 58.41, 57.609
2729, 58.43, 57.626
2730, 58.46, 57.642
2731, 58.48, 57.659
2732, 58.51, 57.676
2733, 58.54, 57.692
2734, 58.57, 57.709
2735, 58.6, 57.726
2736, 58.63, 57.742
2737, 58.66, 57.759
2738, 58.69, 57.776
2739, 58.71, 57.792
2740, 58.74, 57.809
2741, 58.77, 57.826
2742, 58.8, 57.842
2743, 58.82, 57.859
2744, 58.85, 57.876
2745, 58.89, 57.892
2746, 58.92, 57.909
2747, 58.96, 57.926
2748, 58.99, 57.942
2749, 59.01, 57.959
2750, 59.04, 57.976
2751, 59.06, 57.992
2752, 59.08, 58.009
2753, 59.1, 58.026
2754, 59.12, 58.042
2755, 59.14, 58.059
2756, 59.17, 58.076
2757, 59.19, 58.092
2758, 59.22, 58.109
2759, 59.26, 58.126
2760, 59.28, 58.142
2761, 59.31, 58.159
2762, 59.34, 58.176
2763, 59.36, 58.192
2764, 59.39, 58.209
2765, 59.41, 58.226
2766, 59.44, 58.242
2767, 59.46, 58.259
2768, 59.49, 58.276
2769, 59.52, 58.292
2770, 59.55, 58.309
2771, 59.58, 58.326
2772, 59.61, 58.342
2773, 59.64, 58.359
2774, 59.67, 58.376
2775, 59.7, 58.392
2776, 59.72, 58.409
2777, 59.75, 58.426
2778, 59.78, 58.442
2779, 59.75, 58.459
2780, 59.7, 58.476
2781, 59.78, 58.492
2782, 59.84, 58.509
2783, 59.81, 58.526
2784, 59.86, 58.542
2785, 59.88, 58.559
2786, 59.9, 58.576
2787, 59.93, 58.592
2788, 59.96, 58.609
2789, 59.98, 58.626
2790, 60.01, 58.642
2791, 60.04, 58.659
2792, 60.06, 58.676
2793, 60.09, 58.692
2794, 60.11, 58.709
2795, 60.14, 58.726
2796, 60.16, 58.742
2797, 60.18, 58.759
2798, 60.21, 58.776
2799, 60.24, 58.792
2800, 60.26, 58.809
2801, 60.29, 58.826
2802, 60.32, 58.842
2803, 60.35, 58.859
2804, 60.37, 58.876
2805, 60.4, 58.892
2806, 60.43, 58.909
2807, 60.45, 58.926
2808, 60.48, 58.942
2809, 60.51, 58.959
2810, 60.54, 58.976
2811, 60.57, 58.992
2812, 60.59, 59.009
2813, 60.62, 59.026
2814, 60.65, 59.042
2815, 60.68, 59.059
2816, 60.71, 59.076
2817, 60.74, 59.092
2818, 60.77, 59.109
2819, 60.79, 59.126
2820, 60.82, 59.142
2821, 60.85, 59.159
2822, 60.88, 59.176
2823, 60.9, 59.192
2824, 60.93, 59.209
2825, 60.96, 59.226
2826, 60.99, 59.242
2827, 61.02, 59.259
2828, 61.04, 59.276
2829, 61.07, 59.292
2830, 61.09, 59.309
2831, 61.12, 59.326
2832, 61.15, 59.342
2833, 61.18, 59.359
2834, 61.21, 59.376
2835, 61.24, 59.392
2836, 61.27, 59.409
2837, 61.29, 59.426
2838, 61.32, 59.442
2839, 61.35, 59.459
2840, 61.38, 59.476
2841, 61.38, 59.476
2842, 61.4, 59.492
2843, 61.43, 59.509
2844, 61.46, 59.526
2845, 61.48, 59.542
2846, 61.51, 59.559
2847, 61.54, 59.576
2848, 61.57, 59.592
2849, 61.6, 59.609
2850, 61.63, 59.626
2851, 61.65, 59.642
2852, 61.68, 59.659
2853, 61.7, 59.676
2854, 61.73, 59.692
2855, 61.76, 59.709
2856, 61.78, 59.726
2857, 61.81, 59.742
2858, 61.83, 59.759
2859, 61.86, 59.776
2860, 61.89, 59.792
2861, 61.92, 59.809
2862, 61.94, 59.826
2863, 61.96, 59.842
2864, 61.98, 59.859
2865, 62.01, 59.876
2866, 62.04, 59.892
2867, 62.06, 59.909
2868, 62.09, 59.926
2869, 62.09, 59.926
2870, 62.12, 59.942
2871, 62.15, 59.959
2872, 62.17, 59.976
2873, 62.2, 59.992
2874, 62.22, 60.009
2875, 62.25, 60.026
2876, 62.27, 60.042
2877, 62.29, 60.059
2878, 62.32, 60.076
2879, 62.35, 60.092
2880, 62.37, 60.109
2881, 62.4, 60.126
2882, 62.43, 60.142
2883, 62.45, 60.159
2884, 62.47, 60.176
2885, 62.5, 60.192
2886, 62.51, 60.209
2887, 62.53, 60.226
2888, 62.55, 60.242
2889, 62.57, 60.259
2890, 62.58, 60.276
2891, 62.58, 60.276
2892, 62.6, 60.292
2893, 62.62, 60.309
2894, 62.63, 60.326
2895, 62.63, 60.342
2896, 62.61, 60.359
2897, 62.58, 60.376
2898, 62.54, 60.392
2899, 62.47, 60.409
2900, 62.39, 60.426
2901, 62.31, 60.442
2902, 62.2, 60.459
2903, 62.05, 60.476
2904, 61.96, 60.492
2905, 61.85, 60.509
2906, 61.73, 60.526
2907, 61.56, 60.542
2908, 61.39, 60.559
2909, 61.24, 60.576
2910, 61.06, 60.592
2911, 60.85, 60.609
2912, 60.64, 60.626
2913, 60.4, 60.642
2914, 60.13, 60.659
2915, 59.85, 60.676
2916, 59.56, 60.692
2917, 59.28, 60.709
2918, 58.95, 60.726
2919, 58.63, 60.742
2920, 58.34, 60.759
2921, 58.01, 60.776
2922, 57.66, 60.792
2923, 57.31, 60.809
2924, 56.96, 60.826
2925, 56.61, 60.842
2926, 56.27, 60.859
2927, 55.94, 60.876
2928, 55.62, 60.892
2929, 55.28, 60.909
2930, 54.96, 60.926
2931, 54.65, 60.942
2932, 54.34, 60.959
2933, 53.67, 60.992
2934, 53.32, 61.009
2935, 53.01, 61.026
2936, 52.7, 61.042
2937, 52.4, 61.059
2938, 52.11, 61.076
2939, 51.79, 61.092
2940, 51.22, 61.126
2941, 50.95, 61.142
2942, 50.68, 61.159
2943, 50.41, 61.176
2944, 50.17, 61.192
2945, 49.93, 61.209
2946, 49.46, 61.242
2947, 49.22, 61.259
2948, 48.99, 61.276
2949, 48.76, 61.292
2950, 48.29, 61.326
2951, 48.06, 61.342
2952, 47.83, 61.359
2953, 47.6, 61.376
2954, 47.14, 61.409
2955, 46.91, 61.426
2956, 46.69, 61.442
2957, 46.47, 61.459
2958, 45.9, 61.492
2959, 45.65, 61.509
2960, 45.42, 61.526
2961, 44.94, 61.559
2962, 44.67, 61.576
2963, 44.42, 61.592
2964, 43.92, 61.626
2965, 43.66, 61.642
2966, 43.4, 61.659
2967, 42.89, 61.692
2968, 42.63, 61.709
2969, 42.1, 61.742
2970, 41.83, 61.759
2971, 41.57, 61.776
2972, 41.06, 61.809
2973, 40.81, 61.826
2974, 40.3, 61.859
2975, 40.03, 61.876
2976, 39.51, 61.909
2977, 39.25, 61.926
2978, 38.74, 61.959
2979, 38.49, 61.976
2980, 37.97, 62.009
2981, 37.39, 62.042
2982, 37.13, 62.059
2983, 36.65, 62.092
2984, 36.41, 62.109
2985, 35.87, 62.142
2986, 35.38, 62.176
2987, 34.92, 62.209
2988, 34.7, 62.226
2989, 34.25, 62.259
2990, 33.82, 62.292
2991, 33.42, 62.326
2992, 33.23, 62.342
2993, 32.87, 62.376
2994, 32.57, 62.409
2995, 32.24, 62.442
2996, 31.96, 62.476
2997, 31.73, 62.509
2998, 31.6, 62.526
2999, 31.34, 62.559
3000, 31.11, 62.592
3001, 30.91, 62.626
3002, 30.69, 62.659
3003, 30.49, 62.692
3004, 30.3, 62.726
3005, 30.11, 62.759
3006, 29.92, 62.792
3007, 29.74, 62.826
3008, 29.56, 62.859
3009, 29.38, 62.892
3010, 29.19, 62.926
3011, 29.01, 62.959
3012, 28.83, 62.992
3013, 28.65, 63.026
3014, 28.36, 63.076
3015, 28.2, 63.109
3016, 28.04, 63.142
3017, 27.87, 63.176
3018, 27.71, 63.209
3019, 27.57, 63.242
3020, 27.44, 63.276
3021, 27.26, 63.326
3022, 27.15, 63.359
3023, 27.04, 63.392
3024, 26.95, 63.426
3025, 26.86, 63.459
3026, 26.72, 63.509
3027, 26.61, 63.542
3028, 26.51, 63.576
3029, 26.38, 63.626
3030, 26.31, 63.659
3031, 26.22, 63.692
3032, 26.06, 63.742
3033, 25.97, 63.776
3034, 25.9, 63.809
3035, 25.78, 63.859
3036, 25.69, 63.892
3037, 25.62, 63.926
3038, 25.5, 63.976
3039, 25.43, 64.009
3040, 25.4, 64.059
3041, 25.48, 64.092
3042, 25.55, 64.142
3043, 25.61, 64.176
3044, 25.67, 64.209
3045, 25.78, 64.259
3046, 25.89, 64.292
3047, 25.97, 64.326
3048, 26.1, 64.376
3049, 26.17, 64.409
3050, 26.25, 64.442
3051, 26.39, 64.492
3052, 26.46, 64.526
3053, 26.54, 64.559
3054, 26.71, 64.609
3055, 26.83, 64.642
3056, 26.89, 64.676
3057, 27.07, 64.726
3058, 27.21, 64.759
3059, 27.42, 64.792
3060, 27.56, 64.826
3061, 27.84, 64.876
3062, 28.02, 64.909
3063, 28.22, 64.942
3064, 28.43, 64.976
3065, 28.61, 65.009
3066, 28.93, 65.059
3067, 29.09, 65.092
3068, 29.3, 65.126
3069, 29.48, 65.159
3070, 29.68, 65.192
3071, 29.88, 65.226
3072, 30.05, 65.259
3073, 30.25, 65.292
3074, 30.43, 65.326
3075, 30.61, 65.359
3076, 30.8, 65.392
3077, 30.96, 65.426
3078, 31.17, 65.459
3079, 31.33, 65.492
3080, 31.51, 65.526
3081, 31.71, 65.559
3082, 31.86, 65.592
3083, 32.07, 65.626
3084, 32.16, 65.642
3085, 32.33, 65.676
3086, 32.55, 65.709
3087, 32.74, 65.742
3088, 32.95, 65.776
3089, 33.17, 65.809
3090, 33.37, 65.842
3091, 33.48, 65.859
3092, 33.7, 65.892
3093, 33.91, 65.926
3094, 34.11, 65.959
3095, 34.33, 65.992
3096, 34.44, 66.009
3097, 34.66, 66.042
3098, 34.88, 66.076
3099, 34.98, 66.092
3100, 35.19, 66.126
3101, 35.4, 66.159
3102, 35.6, 66.192
3103, 35.7, 66.209
3104, 35.91, 66.242
3105, 36.12, 66.276
3106, 36.2, 66.292
3107, 36.29, 66.326
3108, 36.23, 66.359
3109, 36.21, 66.376
3110, 36.01, 66.409
3111, 35.87, 66.442
3112, 35.84, 66.459
3113, 35.73, 66.492
3114, 35.57, 66.526
3115, 35.5, 66.542
3116, 35.37, 66.576
3117, 35.21, 66.609
3118, 35.12, 66.626
3119, 34.95, 66.659
3120, 34.78, 66.692
3121, 34.59, 66.726
3122, 34.49, 66.742
3123, 34.3, 66.776
3124, 34.1, 66.809
3125, 33.89, 66.842
3126, 33.79, 66.859
3127, 33.58, 66.892
3128, 33.36, 66.926
3129, 33.14, 66.959
3130, 32.92, 66.992
3131, 32.81, 67.009
3132, 32.59, 67.042
3133, 32.37, 67.076
3134, 32.15, 67.109
3135, 31.92, 67.142
3136, 31.7, 67.176
3137, 31.48, 67.209
3138, 31.26, 67.242
3139, 31.16, 67.259
3140, 30.98, 67.292
3141, 30.8, 67.326
3142, 30.63, 67.359
3143, 30.47, 67.392
3144, 30.3, 67.426
3145, 30.13, 67.459
3146, 29.97, 67.492
3147, 29.82, 67.526
3148, 29.67, 67.559
3149, 29.52, 67.592
3150, 29.37, 67.626
3151, 29.24, 67.659
3152, 29.04, 67.709
3153, 28.93, 67.742
3154, 28.81, 67.776
3155, 28.7, 67.809
3156, 28.6, 67.842
3157, 28.5, 67.876
3158, 28.41, 67.909
3159, 28.33, 67.942
3160, 28.24, 67.976
3161, 28.14, 68.009
3162, 28.05, 68.042
3163, 27.96, 68.076
3164, 27.87, 68.109
3165, 27.73, 68.159
3166, 27.63, 68.192
3167, 27.54, 68.226
3168, 27.45, 68.259
3169, 27.36, 68.292
3170, 27.26, 68.326
3171, 27.12, 68.376
3172, 27.03, 68.409
3173, 26.94, 68.442
3174, 26.84, 68.476
3175, 26.7, 68.526
3176, 26.61, 68.559
3177, 26.53, 68.592
3178, 26.44, 68.626
3179, 26.31, 68.676
3180, 26.23, 68.709
3181, 26.15, 68.742
3182, 26.03, 68.792
3183, 25.95, 68.826
3184, 25.88, 68.859
3185, 25.79, 68.909
3186, 25.74, 68.942
3187, 25.68, 68.976
3188, 25.68, 69.026
3189, 25.71, 69.059
3190, 25.7, 69.092
3191, 25.74, 69.142
3192, 25.78, 69.176
3193, 25.83, 69.209
3194, 25.9, 69.259
3195, 25.94, 69.292
3196, 25.98, 69.326
3197, 26.12, 69.376
3198, 26.16, 69.409
3199, 26.24, 69.442
3200, 26.31, 69.492
3201, 26.41, 69.526
3202, 26.48, 69.559
3203, 26.65, 69.609
3204, 26.75, 69.642
3205, 26.89, 69.676
3206, 27.06, 69.726
3207, 27.2, 69.759
3208, 27.33, 69.792
3209, 27.46, 69.826
3210, 27.72, 69.876
3211, 27.87, 69.909
3212, 28.04, 69.942
3213, 28.17, 69.976
3214, 28.34, 70.009
3215, 28.48, 70.042
3216, 28.69, 70.092
3217, 28.87, 70.126
3218, 29.04, 70.159
3219, 29.24, 70.192
3220, 29.4, 70.226
3221, 29.56, 70.259
3222, 29.74, 70.292
3223, 29.93, 70.326
3224, 30.15, 70.359
3225, 30.34, 70.392
3226, 30.53, 70.426
3227, 30.74, 70.459
3228, 30.92, 70.492
3229, 31.14, 70.526
3230, 31.34, 70.559
3231, 31.55, 70.592
3232, 31.77, 70.626
3233, 31.97, 70.659
3234, 32.19, 70.692
3235, 32.42, 70.726
3236, 32.65, 70.759
3237, 32.76, 70.776
3238, 32.97, 70.809
3239, 33.19, 70.842
3240, 33.41, 70.876
3241, 33.62, 70.909
3242, 33.84, 70.942
3243, 33.94, 70.959
3244, 34.16, 70.992
3245, 34.37, 71.026
3246, 34.57, 71.059
3247, 34.78, 71.092
3248, 34.89, 71.109
3249, 35.09, 71.142
3250, 35.3, 71.176
3251, 35.4, 71.192
3252, 35.61, 71.226
3253, 35.81, 71.259
3254, 36.02, 71.292
3255, 36.12, 71.309
3256, 36.32, 71.342
3257, 36.53, 71.376
3258, 36.63, 71.392
3259, 36.84, 71.426
3260, 37.05, 71.459
3261, 37.15, 71.476
3262, 37.36, 71.509
3263, 37.46, 71.526
3264, 37.67, 71.559
3265, 37.88, 71.592
3266, 37.98, 71.609
3267, 38.18, 71.642
3268, 38.28, 71.659
3269, 38.47, 71.692
3270, 38.67, 71.726
3271, 38.77, 71.742
3272, 38.96, 71.776
3273, 39.05, 71.792
3274, 39.24, 71.826
3275, 39.33, 71.842
3276, 39.52, 71.876
3277, 39.61, 71.892
3278, 39.79, 71.926
3279, 39.8, 71.942
3280, 39.89, 71.976
3281, 40.05, 71.992
3282, 40.2, 72.026
3283, 40.31, 72.042
3284, 40.48, 72.076
3285, 40.55, 72.092
3286, 40.64, 72.109
3287, 40.81, 72.142
3288, 40.89, 72.159
3289, 41.05, 72.192
3290, 41.13, 72.209
3291, 41.29, 72.242
3292, 41.37, 72.259
3293, 41.45, 72.276
3294, 41.6, 72.309
3295, 41.67, 72.326
3296, 41.82, 72.359
3297, 41.9, 72.376
3298, 41.98, 72.392
3299, 42.13, 72.426
3300, 42.2, 72.442
3301, 42.35, 72.476
3302, 42.42, 72.492
3303, 42.49, 72.509
3304, 42.64, 72.542
3305, 42.72, 72.559
3306, 42.79, 72.576
3307, 42.93, 72.609
3308, 43, 72.626
3309, 43.14, 72.659
3310, 43.21, 72.676
3311, 43.29, 72.692
3312, 43.43, 72.726
3313, 43.5, 72.742
3314, 43.58, 72.759
3315, 43.71, 72.792
3316, 43.78, 72.809
3317, 43.85, 72.826
3318, 44, 72.859
3319, 44.06, 72.876
3320, 44.13, 72.892
3321, 44.27, 72.926
3322, 44.34, 72.942
3323, 44.4, 72.959
3324, 44.53, 72.992
3325, 44.59, 73.009
3326, 44.66, 73.026
3327, 44.78, 73.059
3328, 44.84, 73.076
3329, 44.9, 73.092
3330, 44.96, 73.109
3331, 45.07, 73.142
3332, 45.12, 73.159
3333, 45.17, 73.176
3334, 45.3, 73.209
3335, 45.36, 73.226
3336, 45.42, 73.242
3337, 45.54, 73.276
3338, 45.61, 73.292
3339, 45.65, 73.309
3340, 45.77, 73.342
3341, 45.85, 73.359
3342, 45.91, 73.376
3343, 45.96, 73.392
3344, 46.09, 73.426
3345, 46.16, 73.442
3346, 46.22, 73.459
3347, 46.35, 73.492
3348, 46.41, 73.509
3349, 46.49, 73.526
3350, 46.54, 73.542
3351, 46.66, 73.576
3352, 46.72, 73.592
3353, 46.79, 73.609
3354, 46.91, 73.642
3355, 46.96, 73.659
3356, 47.02, 73.676
3357, 47.09, 73.692
3358, 47.19, 73.726
3359, 47.24, 73.742
3360, 47.29, 73.759
3361, 47.35, 73.776
3362, 47.46, 73.809
3363, 47.51, 73.826
3364, 47.56, 73.842
3365, 47.6, 73.859
3366, 47.71, 73.892
3367, 47.77, 73.909
3368, 47.81, 73.926
3369, 47.9, 73.959
3370, 47.96, 73.976
3371, 48.02, 73.992
3372, 48.06, 74.009
3373, 48.16, 74.042
3374, 48.22, 74.059
3375, 48.28, 74.076
3376, 48.33, 74.092
3377, 48.44, 74.126
3378, 48.49, 74.142
3379, 48.53, 74.159
3380, 48.57, 74.176
3381, 48.69, 74.209
3382, 48.74, 74.226
3383, 48.74, 74.242
3384, 48.69, 74.259
3385, 48.78, 74.276
3386, 48.85, 74.309
3387, 48.91, 74.326
3388, 48.99, 74.342
3389, 49.04, 74.359
3390, 49.13, 74.392
3391, 49.17, 74.409
3392, 49.2, 74.426
3393, 49.24, 74.442
3394, 49.31, 74.476
3395, 49.35, 74.492
3396, 49.39, 74.509
3397, 49.43, 74.526
3398, 49.46, 74.542
3399, 49.53, 74.576
3400, 49.55, 74.592
3401, 49.59, 74.609
3402, 49.64, 74.626
3403, 49.71, 74.659
3404, 49.74, 74.676
3405, 49.78, 74.692
3406, 49.82, 74.709
3407, 49.86, 74.726
3408, 49.93, 74.759
3409, 49.98, 74.776
3410, 50.03, 74.792
3411, 50.07, 74.809
3412, 50.11, 74.826
3413, 50.19, 74.859
3414, 50.24, 74.876
3415, 50.28, 74.892
3416, 50.32, 74.909
3417, 50.41, 74.942
3418, 50.45, 74.959
3419, 50.49, 74.976
3420, 50.54, 74.992
3421, 50.58, 75.009
3422, 50.67, 75.042
3423, 50.7, 75.059
3424, 50.73, 75.076
3425, 50.77, 75.092
3426, 50.81, 75.109
3427, 50.89, 75.142
3428, 50.92, 75.159
3429, 50.96, 75.176
3430, 51, 75.192
3431, 51.04, 75.209
3432, 51.07, 75.226
3433, 51.14, 75.259
3434, 51.18, 75.276
3435, 51.21, 75.292
3436, 51.24, 75.309
3437, 51.27, 75.326
3438, 51.36, 75.359
3439, 51.39, 75.376
3440, 51.42, 75.392
3441, 51.45, 75.409
3442, 51.49, 75.426
3443, 51.54, 75.442
3444, 51.61, 75.476
3445, 51.64, 75.492
3446, 51.68, 75.509
3447, 51.72, 75.526
3448, 51.75, 75.542
3449, 51.79, 75.559
3450, 51.86, 75.592
3451, 51.9, 75.609
3452, 51.94, 75.626
3453, 51.97, 75.642
3454, 52, 75.659
3455, 52.05, 75.676
3456, 52.13, 75.709
3457, 52.16, 75.726
3458, 52.2, 75.742
3459, 52.24, 75.759
3460, 52.28, 75.776
3461, 52.32, 75.792
3462, 52.41, 75.826
3463, 52.45, 75.842
3464, 52.49, 75.859
3465, 52.53, 75.876
3466, 52.57, 75.892
3467, 52.61, 75.909
3468, 52.65, 75.926
3469, 52.75, 75.959
3470, 52.79, 75.976
3471, 52.84, 75.992
3472, 52.88, 76.009
3473, 52.92, 76.026
3474, 52.96, 76.042
3475, 53.01, 76.059
3476, 53.08, 76.092
3477, 53.12, 76.109
3478, 53.16, 76.126
3479, 53.2, 76.142
3480, 53.24, 76.159
3481, 53.28, 76.176
3482, 53.31, 76.192
3483, 53.42, 76.226
3484, 53.47, 76.242
3485, 53.52, 76.259
3486, 53.56, 76.276
3487, 53.61, 76.292
3488, 53.65, 76.309
3489, 53.69, 76.326
3490, 53.73, 76.342
3491, 53.82, 76.376
3492, 53.86, 76.392
3493, 53.91, 76.409
3494, 53.96, 76.426
3495, 54, 76.442
3496, 54.05, 76.459
3497, 54.09, 76.476
3498, 54.14, 76.492
3499, 54.18, 76.509
3500, 54.22, 76.526
3501, 54.32, 76.559
3502, 54.36, 76.576
3503, 54.41, 76.592
3504, 54.46, 76.609
3505, 54.5, 76.626
3506, 54.54, 76.642
3507, 54.58, 76.659
3508, 54.63, 76.676
3509, 54.67, 76.692
3510, 54.72, 76.709
3511, 54.81, 76.742
3512, 54.85, 76.759
3513, 54.9, 76.776
3514, 54.95, 76.792
3515, 54.99, 76.809
3516, 55.03, 76.826
3517, 55.08, 76.842
3518, 55.12, 76.859
3519, 55.17, 76.876
3520, 55.21, 76.892
3521, 55.26, 76.909
3522, 55.3, 76.926
3523, 55.38, 76.959
3524, 55.42, 76.976
3525, 55.46, 76.992
3526, 55.5, 77.009
3527, 55.55, 77.026
3528, 55.6, 77.042
3529, 55.64, 77.059
3530, 55.69, 77.076
3531, 55.73, 77.092
3532, 55.77, 77.109
3533, 55.82, 77.126
3534, 55.86, 77.142
3535, 55.9, 77.159
3536, 55.94, 77.176
3537, 56.02, 77.209
3538, 56.06, 77.226
3539, 56.1, 77.242
3540, 56.16, 77.259
3541, 56.21, 77.276
3542, 56.25, 77.292
3543, 56.28, 77.309
3544, 56.31, 77.326
3545, 56.36, 77.342
3546, 56.4, 77.359
3547, 56.44, 77.376
3548, 56.48, 77.392
3549, 56.53, 77.409
3550, 56.57, 77.426
3551, 56.62, 77.442
3552, 56.66, 77.459
3553, 56.7, 77.476
3554, 56.75, 77.492
3555, 56.79, 77.509
3556, 56.87, 77.542
3557, 56.91, 77.559
3558, 56.95, 77.576
3559, 56.99, 77.592
3560, 57.03, 77.609
3561, 57.07, 77.626
3562, 57.12, 77.642
3563, 57.16, 77.659
3564, 57.2, 77.676
3565, 57.25, 77.692
3566, 57.29, 77.709
3567, 57.33, 77.726
3568, 57.37, 77.742
3569, 57.41, 77.759
3570, 57.45, 77.776
3571, 57.5, 77.792
3572, 57.54, 77.809
3573, 57.58, 77.826
3574, 57.62, 77.842
3575, 57.67, 77.859
3576, 57.71, 77.876
3577, 57.75, 77.892
3578, 57.79, 77.909
3579, 57.83, 77.926
3580, 57.87, 77.942
3581, 57.91, 77.959
3582, 57.95, 77.976
3583, 57.99, 77.992
3584, 58.07, 78.026
3585, 58.11, 78.042
3586, 58.16, 78.059
3587, 58.2, 78.076
3588, 58.24, 78.092
3589, 58.28, 78.109
3590, 58.32, 78.126
3591, 58.36, 78.142
3592, 58.4, 78.159
3593, 58.44, 78.176
3594, 58.48, 78.192
3595, 58.52, 78.209
3596, 58.56, 78.226
3597, 58.6, 78.242
3598, 58.64, 78.259
3599, 58.68, 78.276
3600, 58.72, 78.292
3601, 58.76, 78.309
3602, 58.8, 78.326
3603, 58.84, 78.342
3604, 58.88, 78.359
3605, 58.92, 78.376
3606, 58.96, 78.392
3607, 58.99, 78.409
3608, 59.03, 78.426
3609, 59.07, 78.442
3610, 59.11, 78.459
3611, 59.15, 78.476
3612, 59.18, 78.492
3613, 59.22, 78.509
3614, 59.26, 78.526
3615, 59.29, 78.542
3616, 59.33, 78.559
3617, 59.37, 78.576
3618, 59.41, 78.592
3619, 59.44, 78.609
3620, 59.48, 78.626
3621, 59.52, 78.642
3622, 59.55, 78.659
3623, 59.59, 78.676
3624, 59.63, 78.692
3625, 59.66, 78.709
3626, 59.7, 78.726
3627, 59.74, 78.742
3628, 59.77, 78.759
3629, 59.81, 78.776
3630, 59.84, 78.792
3631, 59.88, 78.809
3632, 59.92, 78.826
3633, 59.95, 78.842
3634, 59.99, 78.859
3635, 60.02, 78.876
3636, 60.06, 78.892
3637, 60.09, 78.909
3638, 60.12, 78.926
3639, 60.16, 78.942
3640, 60.19, 78.959
3641, 60.23, 78.976
3642, 60.26, 78.992
3643, 60.3, 79.009
3644, 60.33, 79.026
3645, 60.36, 79.042
3646, 60.39, 79.059
3647, 60.42, 79.076
3648, 60.4, 79.092
3649, 60.35, 79.109
3650, 60.45, 79.126
3651, 60.51, 79.142
3652, 60.48, 79.159
3653, 60.52, 79.176
3654, 60.57, 79.192
3655, 60.59, 79.209
3656, 60.62, 79.226
3657, 60.66, 79.242
3658, 60.69, 79.259
3659, 60.71, 79.276
3660, 60.75, 79.292
3661, 60.78, 79.309
3662, 60.81, 79.326
3663, 60.84, 79.342
3664, 60.87, 79.359
3665, 60.9, 79.376
3666, 60.93, 79.392
3667, 60.96, 79.409
3668, 60.99, 79.426
3669, 61.01, 79.442
3670, 61.04, 79.459
3671, 61.07, 79.476
3672, 61.1, 79.492
3673, 61.13, 79.509
3674, 61.16, 79.526
3675, 61.19, 79.542
3676, 61.21, 79.559
3677, 61.24, 79.576
3678, 61.27, 79.592
3679, 61.3, 79.609
3680, 61.33, 79.626
3681, 61.36, 79.642
3682, 61.39, 79.659
3683, 61.41, 79.676
3684, 61.44, 79.692
3685, 61.47, 79.709
3686, 61.5, 79.726
3687, 61.5, 79.726
3688, 61.53, 79.742
3689, 61.56, 79.759
3690, 61.58, 79.776
3691, 61.61, 79.792
3692, 61.64, 79.809
3693, 61.67, 79.826
3694, 61.7, 79.842
3695, 61.73, 79.859
3696, 61.75, 79.876
3697, 61.78, 79.892
3698, 61.81, 79.909
3699, 61.84, 79.926
3700, 61.87, 79.942
3701, 61.89, 79.959
3702, 61.92, 79.976
3703, 61.95, 79.992
3704, 61.97, 80.009
3705, 62, 80.026
3706, 62.03, 80.042
3707, 62.06, 80.059
3708, 62.08, 80.076
3709, 62.11, 80.092
3710, 62.14, 80.109
3711, 62.17, 80.126
3712, 62.19, 80.142
3713, 62.22, 80.159
3714, 62.25, 80.176
3715, 62.28, 80.192
3716, 62.3, 80.209
3717, 62.33, 80.226
3718, 62.36, 80.242
3719, 62.36, 80.242
3720, 62.38, 80.259
3721, 62.41, 80.276
3722, 62.44, 80.292
3723, 62.47, 80.309
3724, 62.49, 80.326
3725, 62.52, 80.342
3726, 62.55, 80.359
3727, 62.58, 80.376
3728, 62.6, 80.392
3729, 62.63, 80.409
3730, 62.66, 80.426
3731, 62.68, 80.442
3732, 62.71, 80.459
3733, 62.74, 80.476
3734, 62.76, 80.492
3735, 62.79, 80.509
3736, 62.81, 80.526
3737, 62.84, 80.542
3738, 62.87, 80.559
3739, 62.89, 80.576
3740, 62.92, 80.592
3741, 62.94, 80.609
3742, 62.94, 80.609
3743, 62.97, 80.626
3744, 62.99, 80.642
3745, 63.02, 80.659
3746, 63.05, 80.676
3747, 63.07, 80.692
3748, 63.1, 80.709
3749, 63.12, 80.726
3750, 63.15, 80.742
3751, 63.18, 80.759
3752, 63.2, 80.776
3753, 63.23, 80.792
3754, 63.25, 80.809
3755, 63.28, 80.826
3756, 63.3, 80.842
3757, 63.33, 80.859
3758, 63.35, 80.876
3759, 63.38, 80.892
3760, 63.4, 80.909
3761, 63.43, 80.926
3762, 63.43, 80.926
3763, 63.45, 80.942
3764, 63.48, 80.959
3765, 63.5, 80.976
3766, 63.53, 80.992
3767, 63.55, 81.009
3768, 63.58, 81.026
3769, 63.6, 81.042
3770, 63.63, 81.059
3771, 63.65, 81.076
3772, 63.68, 81.092
3773, 63.7, 81.109
3774, 63.73, 81.126
3775, 63.75, 81.142
3776, 63.77, 81.159
3777, 63.8, 81.176
3778, 63.83, 81.192
3779, 63.85, 81.209
3780, 63.85, 81.209
3781, 63.88, 81.226
3782, 63.9, 81.242
3783, 63.93, 81.259
3784, 63.95, 81.276
3785, 63.98, 81.292
3786, 64, 81.309
3787, 64.02, 81.326
3788, 64.04, 81.342
3789, 64.07, 81.359
3790, 64.09, 81.376
3791, 64.12, 81.392
3792, 64.14, 81.409
3793, 64.16, 81.426
3794, 64.19, 81.442
3795, 64.19, 81.442
3796, 64.21, 81.459
3797, 64.23, 81.476
3798, 64.25, 81.492
3799, 64.27, 81.509
3800, 64.3, 81.526
3801, 64.32, 81.542
3802, 64.35, 81.559
3803, 64.37, 81.576
3804, 64.4, 81.592
3805, 64.42, 81.609
3806, 64.44, 81.626
3807, 64.47, 81.642
3808, 64.49, 81.659
3809, 64.51, 81.676
3810, 64.51, 81.676
3811, 64.54, 81.692
3812, 64.56, 81.709
3813, 64.58, 81.726
3814, 64.6, 81.742
3815, 64.63, 81.759
3816, 64.65, 81.776
3817, 64.67, 81.792
3818, 64.7, 81.809
3819, 64.72, 81.826
3820, 64.75, 81.842
3821, 64.77, 81.859
3822, 64.79, 81.876
3823, 64.81, 81.892
3824, 64.81, 81.892
3825, 64.83, 81.909
3826, 64.86, 81.926
3827, 64.88, 81.942
3828, 64.9, 81.959
3829, 64.93, 81.976
3830, 64.95, 81.992
3831, 64.97, 82.009
3832, 65, 82.026
3833, 65.02, 82.042
3834, 65.04, 82.059
3835, 65.06, 82.076
3836, 65.08, 82.092
3837, 65.08, 82.092
3838, 65.1, 82.109
3839, 65.13, 82.126
3840, 65.15, 82.142
3841, 65.17, 82.159
3842, 65.19, 82.176
3843, 65.22, 82.192
3844, 65.25, 82.209
3845, 65.25, 82.209
