0, 51.48, 71.181
1, 51.52, 71.198
2, 51.55, 71.214
3, 51.58, 71.231
4, 51.65, 71.264
5, 51.68, 71.281
6, 51.71, 71.298
7, 51.74, 71.314
8, 51.78, 71.331
9, 51.81, 71.348
10, 51.84, 71.364
11, 51.91, 71.397
12, 51.94, 71.414
13, 51.96, 71.431
14, 52, 71.448
15, 52.04, 71.464
16, 52.07, 71.481
17, 52.13, 71.514
18, 52.16, 71.531
19, 52.2, 71.548
20, 52.23, 71.564
21, 52.27, 71.581
22, 52.3, 71.598
23, 52.33, 71.614
24, 52.4, 71.647
25, 52.43, 71.664
26, 52.47, 71.681
27, 52.5, 71.698
28, 52.53, 71.714
29, 52.56, 71.731
30, 52.59, 71.747
31, 52.66, 71.781
32, 52.69, 71.798
33, 52.72, 71.814
34, 52.75, 71.831
35, 52.78, 71.848
36, 52.81, 71.864
37, 52.84, 71.881
38, 52.9, 71.914
39, 52.93, 71.931
40, 52.93, 71.931
41, 52.99, 71.964
42, 53.03, 71.981
43, 53.06, 71.997
44, 53.1, 72.014
45, 53.16, 72.048
46, 53.19, 72.064
47, 53.22, 72.081
48, 53.25, 72.098
49, 53.29, 72.114
50, 53.32, 72.131
51, 53.35, 72.147
52, 53.38, 72.164
53, 53.44, 72.198
54, 53.47, 72.214
55, 53.5, 72.231
56, 53.53, 72.247
57, 53.56, 72.264
58, 53.59, 72.281
59, 53.62, 72.298
60, 53.65, 72.314
61, 53.68, 72.331
62, 53.75, 72.364
63, 53.78, 72.381
64, 53.81, 72.397
65, 53.84, 72.414
66, 53.87, 72.431
67, 53.9, 72.448
68, 53.93, 72.464
69, 53.95, 72.481
70, 54.01, 72.514
71, 54.04, 72.531
72, 54.07, 72.548
73, 54.1, 72.564
74, 54.13, 72.581
75, 54.16, 72.598
76, 54.18, 72.614
77, 54.21, 72.631
78, 54.24, 72.647
79, 54.27, 72.664
80, 54.33, 72.698
81, 54.35, 72.714
82, 54.38, 72.731
83, 54.42, 72.747
84, 54.45, 72.764
85, 54.48, 72.781
86, 54.51, 72.798
87, 54.54, 72.814
88, 54.57, 72.831
89, 54.62, 72.864
90, 54.65, 1.727
91, 54.68, 1.744
92, 54.71, 1.761
93, 54.74, 1.777
94, 54.77, 1.794
95, 54.8, 1.811
96, 54.82, 1.827
97, 54.85, 1.844
98, 54.88, 1.861
99, 54.91, 1.877
100, 54.97, 1.911
101, 55, 1.927
102, 55.02, 1.944
103, 55.06, 1.961
104, 55.09, 1.977
105, 55.11, 1.994
106, 55.13, 2.011
107, 55.14, 2.027
108, 55.16, 2.044
109, 55.2, 2.061
110, 55.23, 2.077
111, 55.3, 2.111
112, 55.33, 2.127
113, 55.35, 2.144
114, 55.38, 2.161
115, 55.41, 2.177
116, 55.43, 2.194
117, 55.46, 2.211
118, 55.49, 2.227
119, 55.51, 2.244
120, 55.54, 2.261
121, 55.56, 2.277
122, 55.59, 2.294
123, 55.65, 2.327
124, 55.67, 2.344
125, 55.7, 2.361
126, 55.73, 2.377
127, 55.75, 2.394
128, 55.78, 2.411
129, 55.81, 2.427
130, 55.83, 2.444
131, 55.86, 2.461
132, 55.89, 2.477
133, 55.91, 2.494
134, 55.94, 2.511
135, 55.96, 2.527
136, 56.01, 2.561
137, 56.04, 2.577
138, 56.06, 2.594
139, 56.09, 2.611
140, 56.11, 2.627
141, 56.14, 2.644
142, 56.16, 2.661
143, 56.19, 2.677
144, 56.21, 2.694
145, 56.24, 2.711
146, 56.26, 2.727
147, 56.28, 2.744
148, 56.31, 2.761
149, 56.33, 2.777
150, 56.35, 2.794
151, 56.4, 2.827
152, 56.43, 2.844
153, 56.45, 2.861
154, 56.48, 2.877
155, 56.5, 2.894
156, 56.53, 2.911
157, 56.55, 2.927
158, 56.57, 2.944
159, 56.6, 2.961
160, 56.62, 2.977
161, 56.64, 2.994
162, 56.66, 3.011
163, 56.68, 3.027
164, 56.7, 3.044
165, 56.72, 3.061
166, 56.74, 3.077
167, 56.78, 3.111
168, 56.8, 3.127
169, 56.82, 3.144
170, 56.85, 3.161
171, 56.87, 3.177
172, 56.9, 3.194
173, 56.92, 3.211
174, 56.93, 3.227
175, 56.96, 3.244
176, 56.98, 3.261
177, 57.01, 3.277
178, 57.04, 3.294
179, 57.05, 3.311
180, 57.07, 3.327
181, 57.09, 3.344
182, 57.11, 3.361
183, 57.13, 3.377
184, 57.15, 3.394
185, 57.17, 3.411
186, 57.22, 3.444
187, 57.24, 3.461
188, 57.26, 3.477
189, 57.28, 3.494
190, 57.3, 3.511
191, 57.33, 3.527
192, 57.35, 3.544
193, 57.36, 3.561
194, 57.38, 3.577
195, 57.39, 3.594
196, 57.41, 3.611
197, 57.42, 3.627
198, 57.43, 3.644
199, 57.43, 3.661
200, 57.44, 3.677
201, 57.44, 3.694
202, 57.44, 3.711
203, 57.45, 3.727
204, 57.45, 3.744
205, 57.45, 3.761
206, 57.44, 3.777
207, 57.43, 3.794
208, 57.4, 3.827
209, 57.38, 3.844
210, 57.35, 3.861
211, 57.33, 3.877
212, 57.3, 3.894
213, 57.26, 3.911
214, 57.22, 3.927
215, 57.17, 3.944
216, 57.12, 3.961
217, 57.05, 3.977
218, 56.98, 3.994
219, 56.91, 4.011
220, 56.82, 4.027
221, 56.73, 4.044
222, 56.63, 4.061
223, 56.51, 4.077
224, 56.37, 4.094
225, 56.23, 4.111
226, 56.06, 4.127
227, 55.71, 4.161
228, 55.53, 4.177
229, 55.34, 4.194
230, 55.15, 4.211
231, 54.96, 4.227
232, 54.77, 4.244
233, 54.56, 4.261
234, 54.35, 4.277
235, 54.16, 4.294
236, 53.96, 4.311
237, 53.76, 4.327
238, 53.35, 4.361
239, 53.15, 4.377
240, 52.96, 4.394
241, 52.76, 4.411
242, 52.56, 4.427
243, 52.36, 4.444
244, 52.17, 4.461
245, 51.79, 4.494
246, 51.58, 4.511
247, 51.37, 4.527
248, 51.19, 4.544
249, 50.99, 4.561
250, 50.79, 4.577
251, 50.39, 4.611
252, 50.2, 4.627
253, 50.01, 4.644
254, 49.81, 4.661
255, 49.62, 4.677
256, 49.24, 4.711
257, 49.06, 4.727
258, 48.86, 4.744
259, 48.66, 4.761
260, 48.26, 4.794
261, 48.07, 4.811
262, 47.88, 4.827
263, 47.69, 4.844
264, 47.29, 4.877
265, 47.08, 4.894
266, 46.88, 4.911
267, 46.69, 4.927
268, 46.3, 4.961
269, 46.11, 4.977
270, 45.91, 4.994
271, 45.52, 5.027
272, 45.33, 5.044
273, 45.14, 5.061
274, 44.75, 5.094
275, 44.56, 5.111
276, 44.37, 5.127
277, 43.98, 5.161
278, 43.79, 5.177
279, 43.6, 5.194
280, 43.23, 5.227
281, 43.05, 5.244
282, 42.86, 5.261
283, 42.49, 5.294
284, 42.3, 5.311
285, 41.93, 5.344
286, 41.74, 5.361
287, 41.37, 5.394
288, 41.17, 5.411
289, 40.96, 5.427
290, 40.57, 5.461
291, 40.39, 5.477
292, 40.01, 5.511
293, 39.83, 5.527
294, 39.48, 5.561
295, 39.31, 5.577
296, 39, 5.611
297, 38.69, 5.644
298, 38.54, 5.661
299, 38.23, 5.694
300, 38.08, 5.711
301, 37.77, 5.744
302, 37.62, 5.761
303, 37.32, 5.794
304, 37.02, 5.827
305, 36.86, 5.844
306, 36.56, 5.877
307, 36.25, 5.911
308, 36.11, 5.927
309, 35.81, 5.961
310, 35.51, 5.994
311, 35.37, 6.011
312, 35.08, 6.044
313, 34.79, 6.077
314, 34.66, 6.094
315, 34.39, 6.127
316, 34.12, 6.161
317, 33.86, 6.194
318, 33.72, 6.211
319, 33.46, 6.244
320, 33.2, 6.277
321, 32.96, 6.311
322, 32.7, 6.344
323, 32.58, 6.361
324, 32.34, 6.394
325, 32.1, 6.427
326, 31.86, 6.461
327, 31.64, 6.494
328, 31.4, 6.527
329, 31.14, 6.561
330, 30.93, 6.594
331, 30.76, 6.627
332, 30.59, 6.661
333, 30.45, 6.694
334, 30.34, 6.727
335, 30.25, 6.761
336, 30.17, 6.794
337, 30.11, 6.827
338, 30.04, 6.861
339, 29.97, 6.894
340, 29.9, 6.927
341, 29.83, 6.961
342, 29.76, 6.994
343, 29.69, 7.027
344, 29.63, 7.061
345, 29.56, 7.094
346, 29.49, 7.127
347, 29.42, 7.161
348, 29.35, 7.194
349, 29.28, 7.227
350, 29.21, 7.261
351, 29.14, 7.294
352, 29.08, 7.327
353, 29.03, 7.361
354, 28.98, 7.394
355, 28.97, 7.427
356, 28.98, 7.461
357, 29.01, 7.511
358, 29.05, 7.544
359, 29.1, 7.577
360, 29.16, 7.611
361, 29.23, 7.644
362, 29.3, 7.677
363, 29.36, 7.711
364, 29.42, 7.744
365, 29.49, 7.777
366, 29.54, 7.811
367, 29.62, 7.844
368, 29.68, 7.877
369, 29.72, 7.911
370, 29.74, 7.944
371, 29.78, 7.977
372, 29.84, 8.011
373, 29.9, 8.044
374, 29.94, 8.077
375, 29.97, 8.111
376, 30, 8.144
377, 30.03, 8.177
378, 30.05, 8.211
379, 30.08, 8.244
380, 30.11, 8.277
381, 30.15, 8.311
382, 30.18, 8.344
383, 30.2, 8.361
384, 30.23, 8.394
385, 30.26, 8.427
386, 30.3, 8.461
387, 30.35, 8.494
388, 30.4, 8.527
389, 30.45, 8.561
390, 30.51, 8.594
391, 30.57, 8.627
392, 30.66, 8.661
393, 30.73, 8.694
394, 30.8, 8.727
395, 30.83, 8.744
396, 30.89, 8.777
397, 30.95, 8.811
398, 31, 8.844
399, 31.06, 8.877
400, 31.12, 8.911
401, 31.2, 8.944
402, 31.25, 8.961
403, 31.34, 8.994
404, 31.43, 9.027
405, 31.51, 9.061
406, 31.62, 9.094
407, 31.67, 9.111
408, 31.78, 9.144
409, 31.88, 9.177
410, 31.98, 9.211
411, 32.09, 9.244
412, 32.2, 9.277
413, 32.26, 9.294
414, 32.36, 9.327
415, 32.48, 9.361
416, 32.59, 9.394
417, 32.69, 9.427
418, 32.75, 9.444
419, 32.86, 9.477
420, 32.96, 9.511
421, 33.04, 9.544
422, 33.01, 9.577
423, 33.06, 9.594
424, 33.17, 9.627
425, 33.27, 9.661
426, 33.37, 9.694
427, 33.47, 9.727
428, 33.52, 9.744
429, 33.61, 9.777
430, 33.72, 9.811
431, 33.83, 9.844
432, 33.88, 9.861
433, 34, 9.894
434, 34.12, 9.927
435, 34.23, 9.961
436, 34.29, 9.977
437, 34.4, 10.011
438, 34.52, 10.044
439, 34.63, 10.077
440, 34.68, 10.094
441, 34.79, 10.127
442, 34.92, 10.161
443, 35.06, 10.194
444, 35.11, 10.211
445, 35.24, 10.244
446, 35.36, 10.277
447, 35.41, 10.294
448, 35.51, 10.327
449, 35.63, 10.361
450, 35.76, 10.394
451, 35.81, 10.411
452, 35.93, 10.444
453, 36.04, 10.477
454, 36.1, 10.494
455, 36.22, 10.527
456, 36.34, 10.561
457, 36.39, 10.577
458, 36.5, 10.611
459, 36.62, 10.644
460, 36.68, 10.661
461, 36.79, 10.694
462, 36.85, 10.711
463, 36.96, 10.744
464, 37.07, 10.777
465, 37.12, 10.794
466, 37.25, 10.827
467, 37.37, 10.861
468, 37.42, 10.877
469, 37.53, 10.911
470, 37.6, 10.927
471, 37.71, 10.961
472, 37.82, 10.994
473, 37.87, 11.011
474, 37.99, 11.044
475, 38.05, 11.061
476, 38.18, 11.094
477, 38.28, 11.127
478, 38.34, 11.144
479, 38.44, 11.177
480, 38.5, 11.194
481, 38.61, 11.227
482, 38.67, 11.244
483, 38.78, 11.277
484, 38.89, 11.311
485, 38.94, 11.327
486, 39.06, 11.361
487, 39.11, 11.377
488, 39.22, 11.411
489, 39.28, 11.427
490, 39.39, 11.461
491, 39.45, 11.477
492, 39.55, 11.511
493, 39.61, 11.527
494, 39.74, 11.561
495, 39.8, 11.577
496, 39.91, 11.611
497, 39.96, 11.627
498, 40.07, 11.661
499, 40.12, 11.677
500, 40.23, 11.711
501, 40.29, 11.727
502, 40.41, 11.761
503, 40.47, 11.777
504, 40.57, 11.811
505, 40.63, 11.827
506, 40.73, 11.861
507, 40.78, 11.877
508, 40.89, 11.911
509, 40.95, 11.927
510, 41.07, 11.961
511, 41.12, 11.977
512, 41.23, 12.011
513, 41.28, 12.027
514, 41.38, 12.061
515, 41.43, 12.077
516, 41.46, 12.094
517, 41.44, 12.127
518, 41.52, 12.144
519, 41.62, 12.177
520, 41.66, 12.194
521, 41.76, 12.227
522, 41.81, 12.244
523, 41.91, 12.277
524, 41.96, 12.294
525, 42.01, 12.311
526, 42.11, 12.344
527, 42.16, 12.361
528, 42.26, 12.394
529, 42.31, 12.411
530, 42.41, 12.444
531, 42.46, 12.461
532, 42.51, 12.477
533, 42.62, 12.511
534, 42.66, 12.527
535, 42.77, 12.561
536, 42.82, 12.577
537, 42.87, 12.594
538, 42.96, 12.627
539, 43.01, 12.644
540, 43.11, 12.677
541, 43.16, 12.694
542, 43.21, 12.711
543, 43.3, 12.744
544, 43.35, 12.761
545, 43.45, 12.794
546, 43.49, 12.811
547, 43.54, 12.827
548, 43.63, 12.861
549, 43.68, 12.877
550, 43.72, 12.894
551, 43.82, 12.927
552, 43.87, 12.944
553, 43.97, 12.977
554, 44.01, 12.994
555, 44.06, 13.011
556, 44.14, 13.044
557, 44.19, 13.061
558, 44.23, 13.077
559, 44.32, 13.111
560, 44.36, 13.127
561, 44.41, 13.144
562, 44.5, 13.177
563, 44.54, 13.194
564, 44.63, 13.227
565, 44.68, 13.244
566, 44.72, 13.261
567, 44.8, 13.294
568, 44.85, 13.311
569, 44.89, 13.327
570, 44.98, 13.361
571, 45.02, 13.377
572, 45.06, 13.394
573, 45.15, 13.427
574, 45.19, 13.444
575, 45.23, 13.461
576, 45.32, 13.494
577, 45.36, 13.511
578, 45.41, 13.527
579, 45.49, 13.561
580, 45.53, 13.577
581, 45.57, 13.594
582, 45.66, 13.627
583, 45.71, 13.644
584, 45.75, 13.661
585, 45.84, 13.694
586, 45.88, 13.711
587, 45.92, 13.727
588, 45.96, 13.744
589, 46.05, 13.777
590, 46.09, 13.794
591, 46.13, 13.811
592, 46.22, 13.844
593, 46.26, 13.861
594, 46.3, 13.877
595, 46.38, 13.911
596, 46.42, 13.927
597, 46.46, 13.944
598, 46.5, 13.961
599, 46.58, 13.994
600, 46.62, 14.011
601, 46.67, 14.027
602, 46.75, 14.061
603, 46.79, 14.077
604, 46.83, 14.094
605, 46.88, 14.111
606, 46.95, 14.144
607, 46.99, 14.161
608, 47.03, 14.177
609, 47.11, 14.211
610, 47.16, 14.227
611, 47.2, 14.244
612, 47.24, 14.261
613, 47.31, 14.294
614, 47.35, 14.311
615, 47.39, 14.327
616, 47.46, 14.361
617, 47.51, 14.377
618, 47.55, 14.394
619, 47.59, 14.411
620, 47.67, 14.444
621, 47.71, 14.461
622, 47.74, 14.477
623, 47.78, 14.494
624, 47.86, 14.527
625, 47.9, 14.544
626, 47.93, 14.561
627, 47.97, 14.577
628, 48.05, 14.611
629, 48.09, 14.627
630, 48.12, 14.644
631, 48.15, 14.661
632, 48.23, 14.694
633, 48.27, 14.711
634, 48.31, 14.727
635, 48.34, 14.744
636, 48.4, 14.777
637, 48.44, 14.794
638, 48.48, 14.811
639, 48.51, 14.827
640, 48.59, 14.861
641, 48.63, 14.877
642, 48.68, 14.894
643, 48.72, 14.911
644, 48.78, 14.944
645, 48.82, 14.961
646, 48.86, 14.977
647, 48.89, 14.994
648, 48.92, 15.011
649, 49, 15.044
650, 49.05, 15.061
651, 49.09, 15.077
652, 49.12, 15.094
653, 49.2, 15.127
654, 49.23, 15.144
655, 49.28, 15.161
656, 49.32, 15.177
657, 49.36, 15.194
658, 49.42, 15.227
659, 49.46, 15.244
660, 49.5, 15.261
661, 49.55, 15.277
662, 49.59, 15.294
663, 49.67, 15.327
664, 49.7, 15.344
665, 49.74, 15.361
666, 49.78, 15.377
667, 49.86, 15.411
668, 49.87, 15.427
669, 49.85, 15.444
670, 49.88, 15.461
671, 49.92, 15.477
672, 49.98, 15.511
673, 50.02, 15.527
674, 50.05, 15.544
675, 50.09, 15.561
676, 50.13, 15.577
677, 50.21, 15.611
678, 50.25, 15.627
679, 50.28, 15.644
680, 50.32, 15.661
681, 50.35, 15.677
682, 50.39, 15.694
683, 50.46, 15.727
684, 50.5, 15.744
685, 50.54, 15.761
686, 50.58, 15.777
687, 50.62, 15.794
688, 50.69, 15.827
689, 50.73, 15.844
690, 50.77, 15.861
691, 50.81, 15.877
692, 50.85, 15.894
693, 50.88, 15.911
694, 50.96, 15.944
695, 50.99, 15.961
696, 51.03, 15.977
697, 51.07, 15.994
698, 51.1, 16.011
699, 51.14, 16.027
700, 51.21, 16.061
701, 51.25, 16.077
702, 51.29, 16.094
703, 51.33, 16.111
704, 51.37, 16.127
705, 51.41, 16.144
706, 51.49, 16.177
707, 51.53, 16.194
708, 51.57, 16.211
709, 51.61, 16.227
710, 51.65, 16.244
711, 51.69, 16.261
712, 51.76, 16.294
713, 51.79, 16.311
714, 51.84, 16.327
715, 51.88, 16.344
716, 51.92, 16.361
717, 51.96, 16.377
718, 52.04, 16.411
719, 52.08, 16.427
720, 52.11, 16.444
721, 52.15, 16.461
722, 52.19, 16.477
723, 52.23, 16.494
724, 52.26, 16.511
725, 52.34, 16.544
726, 52.38, 16.561
727, 52.42, 16.577
728, 52.47, 16.594
729, 52.51, 16.611
730, 52.55, 16.627
731, 52.59, 16.644
732, 52.66, 16.677
733, 52.7, 16.694
734, 52.74, 16.711
735, 52.77, 16.727
736, 52.81, 16.744
737, 52.86, 16.761
738, 52.89, 16.777
739, 52.93, 16.794
740, 53, 16.827
741, 53.04, 16.844
742, 53.09, 16.861
743, 53.14, 16.877
744, 53.18, 16.894
745, 53.21, 16.911
746, 53.25, 16.927
747, 53.29, 16.944
748, 53.38, 16.977
749, 53.42, 16.994
750, 53.45, 17.011
751, 53.49, 17.027
752, 53.53, 17.044
753, 53.57, 17.061
754, 53.61, 17.077
755, 53.65, 17.094
756, 53.73, 17.127
757, 53.76, 17.144
758, 53.8, 17.161
759, 53.84, 17.177
760, 53.87, 17.194
761, 53.91, 17.211
762, 53.95, 17.227
763, 53.99, 17.244
764, 54.03, 17.261
765, 54.1, 17.294
766, 54.14, 17.311
767, 54.18, 17.327
768, 54.22, 17.344
769, 54.25, 17.361
770, 54.29, 17.377
771, 54.32, 17.394
772, 54.36, 17.411
773, 54.4, 17.427
774, 54.43, 17.444
775, 54.5, 17.477
776, 54.54, 17.494
777, 54.58, 17.511
778, 54.61, 17.527
779, 54.64, 17.544
780, 54.68, 17.561
781, 54.72, 17.577
782, 54.76, 17.594
783, 54.79, 17.611
784, 54.83, 17.627
785, 54.9, 17.661
786, 54.94, 17.677
787, 54.97, 17.694
788, 55.01, 17.711
789, 55.05, 17.727
790, 55.08, 17.744
791, 55.11, 17.761
792, 55.15, 17.777
793, 55.18, 17.794
794, 55.21, 17.811
795, 55.25, 17.827
796, 55.32, 17.861
797, 55.36, 17.877
798, 55.39, 17.894
799, 55.43, 17.911
800, 55.46, 17.927
801, 55.49, 17.944
802, 55.53, 17.961
803, 55.56, 17.977
804, 55.59, 17.994
805, 55.62, 18.011
806, 55.65, 18.027
807, 55.69, 18.044
808, 55.75, 18.077
809, 55.78, 18.094
810, 55.82, 18.111
811, 55.85, 18.127
812, 55.89, 18.144
813, 55.93, 18.161
814, 55.96, 18.177
815, 55.99, 18.194
816, 56.02, 18.211
817, 56.05, 18.227
818, 56.09, 18.244
819, 56.12, 18.261
820, 56.15, 18.277
821, 56.22, 18.311
822, 56.25, 18.327
823, 56.28, 18.344
824, 56.31, 18.361
825, 56.34, 18.377
826, 56.38, 18.394
827, 56.42, 18.411
828, 56.45, 18.427
829, 56.49, 18.444
830, 56.52, 18.461
831, 56.55, 18.477
832, 56.58, 18.494
833, 56.61, 18.511
834, 56.64, 18.527
835, 56.67, 18.544
836, 56.72, 18.577
837, 56.74, 18.594
838, 56.76, 18.611
839, 56.78, 18.627
840, 56.79, 18.644
841, 56.8, 18.661
842, 56.82, 18.677
843, 56.83, 18.694
844, 56.85, 18.711
845, 56.87, 18.727
846, 56.88, 18.744
847, 56.89, 18.761
848, 56.91, 18.777
849, 56.93, 18.794
850, 56.94, 18.811
851, 56.95, 18.827
852, 56.95, 18.844
853, 56.97, 18.877
854, 56.98, 18.894
855, 56.99, 18.911
856, 57, 18.927
857, 57.01, 18.944
858, 57.02, 18.961
859, 57.02, 18.977
860, 57.03, 18.994
861, 57.04, 19.011
862, 57.05, 19.027
863, 57.05, 19.044
864, 57.06, 19.061
865, 57.06, 19.077
866, 57.07, 19.094
867, 57.07, 19.111
868, 57.07, 19.127
869, 57.07, 19.144
870, 57.07, 19.161
871, 57.07, 19.177
872, 57.08, 19.211
873, 57.09, 19.227
874, 57.09, 19.244
875, 57.1, 19.261
876, 57.1, 19.277
877, 57.11, 19.294
878, 57.12, 19.311
879, 57.13, 19.327
880, 57.13, 19.344
881, 57.14, 19.361
882, 57.14, 19.377
883, 57.15, 19.394
884, 57.15, 19.411
885, 57.17, 19.427
886, 57.18, 19.444
887, 57.19, 19.461
888, 57.21, 19.477
889, 57.22, 19.494
890, 57.23, 19.511
891, 57.23, 19.527
892, 57.23, 19.544
893, 57.23, 19.577
894, 57.23, 19.594
895, 57.23, 19.611
896, 57.23, 19.627
897, 57.23, 19.644
898, 57.23, 19.661
899, 57.24, 19.677
900, 57.24, 19.694
901, 57.24, 19.711
902, 57.24, 19.727
903, 57.25, 19.744
904, 57.25, 19.761
905, 57.25, 19.777
906, 57.26, 19.794
907, 57.26, 19.811
908, 57.26, 19.827
909, 57.26, 19.844
910, 57.26, 19.861
911, 57.26, 19.877
912, 57.25, 19.894
913, 57.25, 19.911
914, 57.24, 19.927
915, 57.24, 19.944
916, 57.25, 19.977
917, 57.25, 19.994
918, 57.25, 20.011
919, 57.26, 20.027
920, 57.26, 20.044
921, 57.26, 20.061
922, 57.26, 20.077
923, 57.26, 20.094
924, 57.26, 20.111
925, 57.27, 20.127
926, 57.27, 20.144
927, 57.28, 20.161
928, 57.28, 20.177
929, 57.29, 20.194
930, 57.3, 20.211
931, 57.3, 20.227
932, 57.31, 20.244
933, 57.33, 20.261
934, 57.34, 20.277
935, 57.35, 20.294
936, 57.37, 20.311
937, 57.39, 20.327
938, 57.41, 20.344
939, 57.43, 20.361
940, 57.45, 20.377
941, 57.47, 20.394
942, 57.49, 20.411
943, 57.51, 20.427
944, 57.53, 20.444
945, 57.56, 20.461
946, 57.58, 20.477
947, 57.61, 20.494
948, 57.63, 20.511
949, 57.65, 20.527
950, 57.68, 20.544
951, 57.7, 20.561
952, 57.73, 20.577
953, 57.75, 20.594
954, 57.79, 20.627
955, 57.8, 20.644
956, 57.81, 20.661
957, 57.81, 20.677
958, 57.81, 20.694
959, 57.8, 20.711
960, 57.79, 20.727
961, 57.77, 20.744
962, 57.74, 20.761
963, 57.71, 20.777
964, 57.67, 20.794
965, 57.62, 20.811
966, 57.55, 20.827
967, 57.47, 20.844
968, 57.38, 20.861
969, 57.26, 20.877
970, 57.14, 20.894
971, 57.01, 20.911
972, 56.87, 20.927
973, 56.72, 20.944
974, 56.57, 20.961
975, 56.42, 20.977
976, 56.24, 20.994
977, 56.07, 21.011
978, 55.74, 21.044
979, 55.56, 21.061
980, 55.38, 21.077
981, 55.21, 21.094
982, 55.03, 21.111
983, 54.85, 21.127
984, 54.67, 21.144
985, 54.49, 21.161
986, 54.31, 21.177
987, 54.12, 21.194
988, 53.74, 21.227
989, 53.55, 21.244
990, 53.35, 21.261
991, 53.16, 21.277
992, 52.97, 21.294
993, 52.77, 21.311
994, 52.58, 21.327
995, 52.39, 21.344
996, 52.01, 21.377
997, 51.82, 21.394
998, 51.63, 21.411
999, 51.44, 21.427
1000, 51.26, 21.444
1001, 51.07, 21.461
1002, 50.69, 21.494
1003, 50.5, 21.511
1004, 50.32, 21.527
1005, 50.14, 21.544
1006, 49.96, 21.561
1007, 49.59, 21.594
1008, 49.4, 21.611
1009, 49.18, 21.627
1010, 48.99, 21.644
1011, 48.8, 21.661
1012, 48.42, 21.694
1013, 48.24, 21.711
1014, 48.06, 21.727
1015, 47.88, 21.744
1016, 47.53, 21.777
1017, 47.37, 21.794
1018, 47.21, 21.811
1019, 47.04, 21.827
1020, 46.71, 21.861
1021, 46.55, 21.877
1022, 46.39, 21.894
1023, 46.09, 21.927
1024, 45.94, 21.944
1025, 45.79, 21.961
1026, 45.64, 21.977
1027, 45.35, 22.011
1028, 45.21, 22.027
1029, 45.07, 22.044
1030, 44.8, 22.077
1031, 44.66, 22.094
1032, 44.52, 22.111
1033, 44.22, 22.144
1034, 44.08, 22.161
1035, 43.8, 22.194
1036, 43.67, 22.211
1037, 43.53, 22.227
1038, 43.28, 22.261
1039, 43.16, 22.277
1040, 43.03, 22.294
1041, 42.75, 22.327
1042, 42.61, 22.344
1043, 42.36, 22.377
1044, 42.23, 22.394
1045, 42.12, 22.411
1046, 41.93, 22.444
1047, 41.84, 22.461
1048, 41.68, 22.494
1049, 41.6, 22.511
1050, 41.46, 22.544
1051, 41.4, 22.561
1052, 41.35, 22.577
1053, 41.26, 22.611
1054, 41.22, 22.627
1055, 41.15, 22.661
1056, 41.13, 22.677
1057, 41.1, 22.711
1058, 41.09, 22.727
1059, 41.06, 22.761
1060, 41.04, 22.777
1061, 41.03, 22.811
1062, 41.03, 22.827
1063, 41.02, 22.844
1064, 41, 22.877
1065, 40.99, 22.894
1066, 40.97, 22.927
1067, 40.95, 22.944
1068, 40.93, 22.977
1069, 40.92, 22.994
1070, 40.9, 23.027
1071, 40.87, 23.044
1072, 40.8, 23.077
1073, 40.78, 23.094
1074, 40.75, 23.127
1075, 40.73, 23.144
1076, 40.7, 23.161
1077, 40.66, 23.194
1078, 40.64, 23.211
1079, 40.59, 23.244
1080, 40.57, 23.261
1081, 40.52, 23.294
1082, 40.49, 23.311
1083, 40.44, 23.344
1084, 40.41, 23.361
1085, 40.35, 23.394
1086, 40.32, 23.411
1087, 40.27, 23.444
1088, 40.24, 23.461
1089, 40.18, 23.494
1090, 40.15, 23.511
1091, 40.12, 23.527
1092, 40.06, 23.561
1093, 40.02, 23.577
1094, 39.95, 23.611
1095, 39.92, 23.627
1096, 39.84, 23.661
1097, 39.8, 23.677
1098, 39.73, 23.711
1099, 39.7, 23.727
1100, 39.64, 23.761
1101, 39.61, 23.777
1102, 39.58, 23.794
1103, 39.52, 23.827
1104, 39.49, 23.844
1105, 39.41, 23.877
1106, 39.38, 23.894
1107, 39.34, 23.911
1108, 39.26, 23.944
1109, 39.22, 23.961
1110, 39.15, 23.994
1111, 39.11, 24.011
1112, 39.07, 24.027
1113, 39.02, 24.061
1114, 39, 24.077
1115, 38.96, 24.111
1116, 38.95, 24.127
1117, 38.91, 24.161
1118, 38.9, 24.177
1119, 38.88, 24.211
1120, 38.87, 24.227
1121, 38.87, 24.244
1122, 38.87, 24.277
1123, 38.88, 24.294
1124, 38.91, 24.327
1125, 38.92, 24.344
1126, 38.95, 24.377
1127, 38.97, 24.394
1128, 38.99, 24.427
1129, 39.01, 24.444
1130, 39.05, 24.477
1131, 39.07, 24.494
1132, 39.11, 24.527
1133, 39.13, 24.544
1134, 39.19, 24.577
1135, 39.22, 24.594
1136, 39.28, 24.627
1137, 39.33, 24.661
1138, 39.36, 24.677
1139, 39.41, 24.711
1140, 39.45, 24.727
1141, 39.51, 24.761
1142, 39.55, 24.777
1143, 39.62, 24.811
1144, 39.66, 24.827
1145, 39.74, 24.861
1146, 39.78, 24.877
1147, 39.84, 24.911
1148, 39.88, 24.927
1149, 39.96, 24.961
1150, 40, 24.977
1151, 40.09, 25.011
1152, 40.13, 25.027
1153, 40.21, 25.061
1154, 40.25, 25.077
1155, 40.32, 25.111
1156, 40.34, 25.127
1157, 40.4, 25.161
1158, 40.44, 25.177
1159, 40.54, 25.211
1160, 40.58, 25.227
1161, 40.62, 25.261
1162, 40.6, 25.277
1163, 40.64, 25.311
1164, 40.67, 25.327
1165, 40.73, 25.361
1166, 40.76, 25.377
1167, 40.84, 25.411
1168, 40.87, 25.427
1169, 40.93, 25.461
1170, 40.97, 25.477
1171, 41.05, 25.511
1172, 41.09, 25.527
1173, 41.16, 25.561
1174, 41.2, 25.577
1175, 41.26, 25.611
1176, 41.29, 25.627
1177, 41.33, 25.644
1178, 41.39, 25.677
1179, 41.41, 25.694
1180, 41.5, 25.727
1181, 41.56, 25.744
1182, 41.63, 25.777
1183, 41.67, 25.794
1184, 41.74, 25.827
1185, 41.77, 25.844
1186, 41.8, 25.861
1187, 41.87, 25.894
1188, 41.91, 25.911
1189, 41.97, 25.944
1190, 42.01, 25.961
1191, 42.06, 25.994
1192, 42.09, 26.011
1193, 42.11, 26.044
1194, 42.13, 26.061
1195, 42.2, 26.077
1196, 42.33, 26.111
1197, 42.36, 26.127
1198, 42.43, 26.161
1199, 42.47, 26.177
1200, 42.55, 26.211
1201, 42.59, 26.227
1202, 42.63, 26.244
1203, 42.7, 26.277
1204, 42.75, 26.294
1205, 42.83, 26.327
1206, 42.85, 26.344
1207, 42.88, 26.361
1208, 42.96, 26.394
1209, 43, 26.411
1210, 43.1, 26.444
1211, 43.14, 26.461
1212, 43.19, 26.477
1213, 43.23, 26.511
1214, 43.27, 26.527
1215, 43.35, 26.561
1216, 43.39, 26.577
1217, 43.44, 26.594
1218, 43.51, 26.627
1219, 43.55, 26.644
1220, 43.62, 26.677
1221, 43.66, 26.694
1222, 43.7, 26.711
1223, 43.8, 26.744
1224, 43.84, 26.761
1225, 43.87, 26.777
1226, 43.94, 26.811
1227, 43.97, 26.827
1228, 44.04, 26.861
1229, 44.08, 26.877
1230, 44.12, 26.894
1231, 44.2, 26.927
1232, 44.25, 26.944
1233, 44.29, 26.961
1234, 44.36, 26.994
1235, 44.4, 27.011
1236, 44.43, 27.027
1237, 44.51, 27.061
1238, 44.55, 27.077
1239, 44.63, 27.111
1240, 44.66, 27.127
1241, 44.7, 27.144
1242, 44.78, 27.177
1243, 44.82, 27.194
1244, 44.85, 27.211
1245, 44.92, 27.244
1246, 44.96, 27.261
1247, 45, 27.277
1248, 45.07, 27.311
1249, 45.11, 27.327
1250, 45.15, 27.344
1251, 45.22, 27.377
1252, 45.26, 27.394
1253, 45.29, 27.411
1254, 45.36, 27.444
1255, 45.39, 27.461
1256, 45.43, 27.477
1257, 45.51, 27.511
1258, 45.54, 27.527
1259, 45.58, 27.544
1260, 45.62, 27.561
1261, 45.69, 27.594
1262, 45.73, 27.611
1263, 45.76, 27.627
1264, 45.82, 27.661
1265, 45.86, 27.677
1266, 45.89, 27.694
1267, 45.97, 27.727
1268, 46.01, 27.744
1269, 46.04, 27.761
1270, 46.12, 27.794
1271, 46.15, 27.811
1272, 46.19, 27.827
1273, 46.22, 27.844
1274, 46.3, 27.877
1275, 46.33, 27.894
1276, 46.37, 27.911
1277, 46.44, 27.944
1278, 46.47, 27.961
1279, 46.51, 27.977
1280, 46.58, 28.011
1281, 46.61, 28.027
1282, 46.65, 28.044
1283, 46.68, 28.061
1284, 46.75, 28.094
1285, 46.78, 28.111
1286, 46.82, 28.127
1287, 46.89, 28.161
1288, 46.93, 28.177
1289, 46.96, 28.194
1290, 47, 28.211
1291, 47.07, 28.244
1292, 47.1, 28.261
1293, 47.14, 28.277
1294, 47.17, 28.294
1295, 47.23, 28.327
1296, 47.27, 28.344
1297, 47.3, 28.361
1298, 47.38, 28.394
1299, 47.41, 28.411
1300, 47.44, 28.427
1301, 47.47, 28.444
1302, 47.54, 28.477
1303, 47.58, 28.494
1304, 47.61, 28.511
1305, 47.65, 28.527
1306, 47.71, 28.561
1307, 47.74, 28.577
1308, 47.78, 28.594
1309, 47.81, 28.611
1310, 47.87, 28.644
1311, 47.9, 28.661
1312, 47.94, 28.677
1313, 47.97, 28.694
1314, 48.03, 28.727
1315, 48.06, 28.744
1316, 48.09, 28.761
1317, 48.12, 28.777
1318, 48.18, 28.811
1319, 48.21, 28.827
1320, 48.24, 28.844
1321, 48.27, 28.861
1322, 48.33, 28.894
1323, 48.36, 28.911
1324, 48.39, 28.927
1325, 48.42, 28.944
1326, 48.45, 28.961
1327, 48.51, 28.994
1328, 48.54, 29.011
1329, 48.56, 29.027
1330, 48.58, 29.044
1331, 48.64, 29.077
1332, 48.67, 29.094
1333, 48.7, 29.111
1334, 48.73, 29.127
1335, 48.78, 29.161
1336, 48.8, 29.177
1337, 48.83, 29.194
1338, 48.86, 29.211
1339, 48.9, 29.244
1340, 48.93, 29.261
1341, 48.95, 29.277
1342, 48.97, 29.294
1343, 49, 29.311
1344, 49.03, 29.344
1345, 49.05, 29.361
1346, 49.08, 29.377
1347, 49.11, 29.394
1348, 49.17, 29.427
1349, 49.2, 29.444
1350, 49.23, 29.461
1351, 49.25, 29.477
1352, 49.28, 29.494
1353, 49.33, 29.527
1354, 49.35, 29.544
1355, 49.37, 29.561
1356, 49.39, 29.577
1357, 49.41, 29.594
1358, 49.45, 29.627
1359, 49.47, 29.644
1360, 49.49, 29.661
1361, 49.51, 29.677
1362, 49.55, 29.711
1363, 49.55, 29.727
1364, 49.51, 29.744
1365, 49.53, 29.761
1366, 49.56, 29.777
1367, 49.58, 29.811
1368, 49.6, 29.827
1369, 49.62, 29.844
1370, 49.64, 29.861
1371, 49.67, 29.877
1372, 49.72, 29.911
1373, 49.74, 29.927
1374, 49.76, 29.944
1375, 49.78, 29.961
1376, 49.8, 29.977
1377, 49.84, 30.011
1378, 49.86, 30.027
1379, 49.88, 30.044
1380, 49.9, 30.061
1381, 49.93, 30.077
1382, 49.97, 30.111
1383, 49.99, 30.127
1384, 50.02, 30.144
1385, 50.04, 30.161
1386, 50.07, 30.177
1387, 50.12, 30.211
1388, 50.15, 30.227
1389, 50.17, 30.244
1390, 50.19, 30.261
1391, 50.22, 30.277
1392, 50.25, 30.311
1393, 50.28, 30.327
1394, 50.3, 30.344
1395, 50.32, 30.361
1396, 50.35, 30.377
1397, 50.41, 30.411
1398, 50.43, 30.427
1399, 50.46, 30.444
1400, 50.48, 30.461
1401, 50.51, 30.477
1402, 50.56, 30.511
1403, 50.6, 30.527
1404, 50.63, 30.544
1405, 50.66, 30.561
1406, 50.69, 30.577
1407, 50.72, 30.594
1408, 50.77, 30.627
1409, 50.79, 30.644
1410, 50.82, 30.661
1411, 50.84, 30.677
1412, 50.87, 30.694
1413, 50.89, 30.711
1414, 50.95, 30.744
1415, 50.97, 30.761
1416, 51, 30.777
1417, 51.03, 30.794
1418, 51.05, 30.811
1419, 51.1, 30.844
1420, 51.13, 30.861
1421, 51.15, 30.877
1422, 51.18, 30.894
1423, 51.2, 30.911
1424, 51.23, 30.927
1425, 51.28, 30.961
1426, 51.3, 30.977
1427, 51.33, 30.994
1428, 51.35, 31.011
1429, 51.38, 31.027
1430, 51.41, 31.044
1431, 51.46, 31.077
1432, 51.48, 31.094
1433, 51.51, 31.111
1434, 51.53, 31.127
1435, 51.55, 31.144
1436, 51.58, 31.161
1437, 51.62, 31.194
1438, 51.64, 31.211
1439, 51.66, 31.227
1440, 51.69, 31.244
1441, 51.72, 31.261
1442, 51.74, 31.277
1443, 51.8, 31.311
1444, 51.82, 31.327
1445, 51.84, 31.344
1446, 51.86, 31.361
1447, 51.89, 31.377
1448, 51.92, 31.394
1449, 51.97, 31.427
1450, 52, 31.444
1451, 52.02, 31.461
1452, 52.04, 31.477
1453, 52.07, 31.494
1454, 52.09, 31.511
1455, 52.11, 31.527
1456, 52.16, 31.561
1457, 52.18, 31.577
1458, 52.21, 31.594
1459, 52.24, 31.611
1460, 52.27, 31.627
1461, 52.3, 31.644
1462, 52.35, 31.677
1463, 52.37, 31.694
1464, 52.4, 31.711
1465, 52.42, 31.727
1466, 52.44, 31.744
1467, 52.47, 31.761
1468, 52.49, 31.777
1469, 52.54, 31.811
1470, 52.56, 31.827
1471, 52.58, 31.844
1472, 52.61, 31.861
1473, 52.63, 31.877
1474, 52.65, 31.894
1475, 52.67, 31.911
1476, 52.71, 31.944
1477, 52.73, 31.961
1478, 52.76, 31.977
1479, 52.79, 31.994
1480, 52.81, 32.011
1481, 52.83, 32.027
1482, 52.85, 32.044
1483, 52.89, 32.077
1484, 52.92, 32.094
1485, 52.94, 32.111
1486, 52.96, 32.127
1487, 52.98, 32.144
1488, 53, 32.161
1489, 53.02, 32.177
1490, 53.06, 32.211
1491, 53.08, 32.227
1492, 53.1, 32.244
1493, 53.12, 32.261
1494, 53.14, 32.277
1495, 53.15, 32.294
1496, 53.17, 32.311
1497, 53.22, 32.344
1498, 53.24, 32.361
1499, 53.26, 32.377
1500, 53.28, 32.394
1501, 53.29, 32.411
1502, 53.31, 32.427
1503, 53.33, 32.444
1504, 53.35, 32.461
1505, 53.38, 32.494
1506, 53.4, 32.511
1507, 53.41, 32.527
1508, 53.43, 32.544
1509, 53.45, 32.561
1510, 53.47, 32.577
1511, 53.49, 32.594
1512, 53.51, 32.627
1513, 53.53, 32.644
1514, 53.54, 32.661
1515, 53.56, 32.677
1516, 53.58, 32.694
1517, 53.6, 32.711
1518, 53.62, 32.727
1519, 53.63, 32.744
1520, 53.66, 32.777
1521, 53.67, 32.794
1522, 53.68, 32.811
1523, 53.69, 32.827
1524, 53.71, 32.844
1525, 53.72, 32.861
1526, 53.74, 32.877
1527, 53.76, 32.894
1528, 53.78, 32.927
1529, 53.79, 32.944
1530, 53.79, 32.961
1531, 53.79, 32.977
1532, 53.79, 32.994
1533, 53.8, 33.011
1534, 53.8, 33.027
1535, 53.8, 33.044
1536, 53.82, 33.077
1537, 53.82, 33.094
1538, 53.83, 33.111
1539, 53.83, 33.127
1540, 53.83, 33.144
1541, 53.83, 33.161
1542, 53.84, 33.177
1543, 53.84, 33.194
1544, 53.85, 33.227
1545, 53.85, 33.244
1546, 53.85, 33.261
1547, 53.86, 33.277
1548, 53.86, 33.294
1549, 53.86, 33.311
1550, 53.87, 33.327
1551, 53.88, 33.361
1552, 53.89, 33.377
1553, 53.89, 33.394
1554, 53.9, 33.411
1555, 53.91, 33.427
1556, 53.92, 33.444
1557, 53.93, 33.461
1558, 53.94, 33.477
1559, 53.98, 33.511
1560, 53.99, 33.527
1561, 54, 33.544
1562, 54.02, 33.561
1563, 54.03, 33.577
1564, 54.04, 33.594
1565, 54.06, 33.611
1566, 54.07, 33.627
1567, 54.08, 33.644
1568, 54.11, 33.677
1569, 54.12, 33.694
1570, 54.13, 33.711
1571, 54.15, 33.727
1572, 54.17, 33.744
1573, 54.18, 33.761
1574, 54.2, 33.777
1575, 54.21, 33.794
1576, 54.24, 33.827
1577, 54.25, 33.844
1578, 54.27, 33.861
1579, 54.28, 33.877
1580, 54.3, 33.894
1581, 54.31, 33.911
1582, 54.32, 33.927
1583, 54.33, 33.944
1584, 54.35, 33.961
1585, 54.37, 33.994
1586, 54.39, 34.011
1587, 54.4, 34.027
1588, 54.41, 34.044
1589, 54.41, 34.061
1590, 54.43, 34.077
1591, 54.46, 34.094
1592, 54.48, 34.111
1593, 54.49, 34.127
1594, 54.5, 34.144
1595, 54.52, 34.177
1596, 54.53, 34.194
1597, 54.53, 34.211
1598, 54.55, 34.227
1599, 54.56, 34.244
1600, 54.57, 34.261
1601, 54.57, 34.277
1602, 54.56, 34.294
1603, 54.53, 34.311
1604, 54.49, 34.327
1605, 54.41, 34.361
1606, 54.38, 34.377
1607, 54.35, 34.394
1608, 54.29, 34.411
1609, 54.25, 34.427
1610, 54.21, 34.444
1611, 54.18, 34.461
1612, 54.14, 34.477
1613, 54.1, 34.494
1614, 54.05, 34.511
1615, 53.94, 34.544
1616, 53.87, 34.561
1617, 53.8, 34.577
1618, 53.72, 34.594
1619, 53.64, 34.611
1620, 53.55, 34.627
1621, 53.45, 34.644
1622, 53.34, 34.661
1623, 53.23, 34.677
1624, 52.99, 34.711
1625, 52.86, 34.727
1626, 52.72, 34.744
1627, 52.57, 34.761
1628, 52.43, 34.777
1629, 52.27, 34.794
1630, 52.11, 34.811
1631, 51.79, 34.844
1632, 51.62, 34.861
1633, 51.45, 34.877
1634, 51.28, 34.894
1635, 51.1, 34.911
1636, 50.92, 34.927
1637, 50.57, 34.961
1638, 50.38, 34.977
1639, 50.2, 34.994
1640, 50.01, 35.011
1641, 49.84, 35.027
1642, 49.47, 35.061
1643, 49.29, 35.077
1644, 49.11, 35.094
1645, 48.93, 35.111
1646, 48.75, 35.127
1647, 48.39, 35.161
1648, 48.21, 35.177
1649, 48.02, 35.194
1650, 47.84, 35.211
1651, 47.44, 35.244
1652, 47.25, 35.261
1653, 47.06, 35.277
1654, 46.87, 35.294
1655, 46.5, 35.327
1656, 46.31, 35.344
1657, 46.12, 35.361
1658, 45.74, 35.394
1659, 45.55, 35.411
1660, 45.36, 35.427
1661, 44.98, 35.461
1662, 44.79, 35.477
1663, 44.6, 35.494
1664, 44.22, 35.527
1665, 44.03, 35.544
1666, 43.85, 35.561
1667, 43.47, 35.594
1668, 43.29, 35.611
1669, 43.1, 35.627
1670, 42.75, 35.661
1671, 42.57, 35.677
1672, 42.24, 35.711
1673, 42.07, 35.727
1674, 41.74, 35.761
1675, 41.57, 35.777
1676, 41.41, 35.794
1677, 41.08, 35.827
1678, 40.92, 35.844
1679, 40.59, 35.877
1680, 40.43, 35.894
1681, 40.12, 35.927
1682, 39.96, 35.944
1683, 39.66, 35.977
1684, 39.52, 35.994
1685, 39.2, 36.027
1686, 39.05, 36.044
1687, 38.8, 36.077
1688, 38.55, 36.111
1689, 38.43, 36.127
1690, 38.19, 36.161
1691, 38.06, 36.177
1692, 37.81, 36.211
1693, 37.58, 36.244
1694, 37.47, 36.261
1695, 37.26, 36.294
1696, 37.06, 36.327
1697, 36.95, 36.344
1698, 36.71, 36.377
1699, 36.6, 36.394
1700, 36.43, 36.427
1701, 36.29, 36.461
1702, 36.15, 36.494
1703, 36.08, 36.511
1704, 35.97, 36.544
1705, 35.89, 36.577
1706, 35.85, 36.594
1707, 35.77, 36.627
1708, 35.68, 36.661
1709, 35.6, 36.694
1710, 35.56, 36.711
1711, 35.47, 36.744
1712, 35.39, 36.777
1713, 35.35, 36.794
1714, 35.26, 36.827
1715, 35.17, 36.861
1716, 35.09, 36.894
1717, 35.04, 36.911
1718, 34.96, 36.944
1719, 34.87, 36.977
1720, 34.79, 37.011
1721, 34.74, 37.027
1722, 34.66, 37.061
1723, 34.57, 37.094
1724, 34.48, 37.127
1725, 34.43, 37.144
1726, 34.35, 37.177
1727, 34.26, 37.211
1728, 34.18, 37.244
1729, 34.09, 37.277
1730, 34.04, 37.294
1731, 33.96, 37.327
1732, 33.87, 37.361
1733, 33.78, 37.394
1734, 33.69, 37.427
1735, 33.64, 37.444
1736, 33.55, 37.477
1737, 33.46, 37.511
1738, 33.37, 37.544
1739, 33.33, 37.561
1740, 33.24, 37.594
1741, 33.16, 37.627
1742, 33.07, 37.661
1743, 32.99, 37.694
1744, 32.96, 37.711
1745, 32.89, 37.744
1746, 32.82, 37.777
1747, 32.79, 37.811
1748, 32.75, 37.844
1749, 32.74, 37.861
1750, 32.72, 37.894
1751, 32.71, 37.927
1752, 32.71, 37.961
1753, 32.72, 37.994
1754, 32.73, 38.011
1755, 32.74, 38.044
1756, 32.76, 38.077
1757, 32.78, 38.111
1758, 32.81, 38.144
1759, 32.83, 38.177
1760, 32.84, 38.194
1761, 32.86, 38.227
1762, 32.89, 38.261
1763, 32.91, 38.294
1764, 32.95, 38.327
1765, 32.97, 38.344
1766, 33.02, 38.377
1767, 33.07, 38.411
1768, 33.13, 38.444
1769, 33.16, 38.461
1770, 33.2, 38.494
1771, 33.25, 38.527
1772, 33.3, 38.561
1773, 33.33, 38.577
1774, 33.38, 38.611
1775, 33.44, 38.644
1776, 33.49, 38.677
1777, 33.53, 38.694
1778, 33.6, 38.727
1779, 33.66, 38.761
1780, 33.74, 38.794
1781, 33.78, 38.811
1782, 33.88, 38.844
1783, 33.98, 38.877
1784, 34.07, 38.911
1785, 34.12, 38.927
1786, 34.21, 38.961
1787, 34.32, 38.994
1788, 34.42, 39.027
1789, 34.47, 39.044
1790, 34.56, 39.077
1791, 34.65, 39.111
1792, 34.71, 39.127
1793, 34.82, 39.161
1794, 34.92, 39.194
1795, 35.03, 39.227
1796, 35.09, 39.244
1797, 35.19, 39.277
1798, 35.3, 39.311
1799, 35.35, 39.327
1800, 35.45, 39.361
1801, 35.56, 39.394
1802, 35.61, 39.411
1803, 35.7, 39.444
1804, 35.81, 39.477
1805, 35.87, 39.494
1806, 35.98, 39.527
1807, 36.08, 39.561
1808, 36.13, 39.577
1809, 36.23, 39.611
1810, 36.33, 39.644
1811, 36.39, 39.661
1812, 36.49, 39.694
1813, 36.6, 39.727
1814, 36.65, 39.744
1815, 36.76, 39.777
1816, 36.86, 39.811
1817, 36.91, 39.827
1818, 37.01, 39.861
1819, 37.11, 39.894
1820, 37.17, 39.911
1821, 37.27, 39.944
1822, 37.33, 39.961
1823, 37.44, 39.994
1824, 37.55, 40.027
1825, 37.6, 40.044
1826, 37.71, 40.077
1827, 37.76, 40.094
1828, 37.86, 40.127
1829, 37.98, 40.161
1830, 38.04, 40.177
1831, 38.16, 40.211
1832, 38.22, 40.227
1833, 38.33, 40.261
1834, 38.39, 40.277
1835, 38.5, 40.311
1836, 38.61, 40.344
1837, 38.67, 40.361
1838, 38.79, 40.394
1839, 38.84, 40.411
1840, 38.96, 40.444
1841, 39.01, 40.461
1842, 39.12, 40.494
1843, 39.17, 40.511
1844, 39.28, 40.544
1845, 39.4, 40.577
1846, 39.46, 40.594
1847, 39.56, 40.627
1848, 39.61, 40.644
1849, 39.72, 40.677
1850, 39.77, 40.694
1851, 39.88, 40.727
1852, 39.93, 40.744
1853, 40.04, 40.777
1854, 40.09, 40.794
1855, 40.2, 40.827
1856, 40.25, 40.844
1857, 40.34, 40.877
1858, 40.37, 40.894
1859, 40.45, 40.927
1860, 40.51, 40.944
1861, 40.65, 40.977
1862, 40.71, 40.994
1863, 40.76, 41.011
1864, 40.86, 41.044
1865, 40.91, 41.061
1866, 41.01, 41.094
1867, 41.06, 41.111
1868, 41.16, 41.144
1869, 41.21, 41.161
1870, 41.32, 41.194
1871, 41.36, 41.211
1872, 41.46, 41.244
1873, 41.51, 41.261
1874, 41.61, 41.294
1875, 41.65, 41.311
1876, 41.7, 41.327
1877, 41.79, 41.361
1878, 41.84, 41.377
1879, 41.93, 41.411
1880, 41.98, 41.427
1881, 42.07, 41.461
1882, 42.12, 41.477
1883, 42.16, 41.494
1884, 42.24, 41.527
1885, 42.27, 41.544
1886, 42.34, 41.577
1887, 42.37, 41.594
1888, 42.4, 41.611
1889, 42.45, 41.644
1890, 42.42, 41.661
1891, 42.51, 41.694
1892, 42.55, 41.711
1893, 42.63, 41.744
1894, 42.68, 41.761
1895, 42.73, 41.777
1896, 42.83, 41.811
1897, 42.88, 41.827
1898, 42.97, 41.861
1899, 43.02, 41.877
1900, 43.06, 41.894
1901, 43.15, 41.927
1902, 43.2, 41.944
1903, 43.29, 41.977
1904, 43.33, 41.994
1905, 43.38, 42.011
1906, 43.47, 42.044
1907, 43.52, 42.061
1908, 43.57, 42.077
1909, 43.68, 42.111
1910, 43.72, 42.127
1911, 43.82, 42.161
1912, 43.86, 42.177
1913, 43.91, 42.194
1914, 43.99, 42.227
1915, 44.04, 42.244
1916, 44.09, 42.261
1917, 44.18, 42.294
1918, 44.21, 42.311
1919, 44.25, 42.327
1920, 44.31, 42.361
1921, 44.35, 42.377
1922, 44.44, 42.411
1923, 44.5, 42.427
1924, 44.55, 42.444
1925, 44.65, 42.477
1926, 44.69, 42.494
1927, 44.73, 42.511
1928, 44.79, 42.544
1929, 44.84, 42.561
1930, 44.9, 42.577
1931, 44.99, 42.611
1932, 45.03, 42.627
1933, 45.07, 42.644
1934, 45.14, 42.677
1935, 45.18, 42.694
1936, 45.23, 42.711
1937, 45.32, 42.744
1938, 45.36, 42.761
1939, 45.4, 42.777
1940, 45.49, 42.811
1941, 45.53, 42.827
1942, 45.57, 42.844
1943, 45.65, 42.877
1944, 45.69, 42.894
1945, 45.72, 42.911
1946, 45.76, 42.927
1947, 45.83, 42.961
1948, 45.86, 42.977
1949, 45.89, 42.994
1950, 45.98, 43.027
1951, 46.02, 43.044
1952, 46.06, 43.061
1953, 46.13, 43.094
1954, 46.17, 43.111
1955, 46.21, 43.127
1956, 46.27, 43.161
1957, 46.31, 43.177
1958, 46.34, 43.194
1959, 46.37, 43.211
1960, 46.44, 43.244
1961, 46.48, 43.261
1962, 46.52, 43.277
1963, 46.57, 43.311
1964, 46.6, 43.327
1965, 46.63, 43.344
1966, 46.68, 43.361
1967, 46.75, 43.394
1968, 46.78, 43.411
1969, 46.8, 43.427
1970, 46.85, 43.461
1971, 46.88, 43.477
1972, 46.9, 43.494
1973, 46.92, 43.511
1974, 46.96, 43.544
1975, 46.97, 43.561
1976, 46.98, 43.577
1977, 46.99, 43.611
1978, 46.99, 43.627
1979, 46.99, 43.644
1980, 46.98, 43.661
1981, 46.96, 43.694
1982, 46.95, 43.711
1983, 46.93, 43.727
1984, 46.91, 43.744
1985, 46.84, 43.777
1986, 46.79, 43.794
1987, 46.74, 43.811
1988, 46.6, 43.844
1989, 46.51, 43.861
1990, 46.41, 43.877
1991, 46.29, 43.894
1992, 46.01, 43.927
1993, 45.85, 43.944
1994, 45.68, 43.961
1995, 45.34, 43.994
1996, 45.17, 44.011
1997, 44.98, 44.027
1998, 44.61, 44.061
1999, 44.42, 44.077
2000, 44.24, 44.094
2001, 43.86, 44.127
2002, 43.68, 44.144
2003, 43.31, 44.177
2004, 43.13, 44.194
2005, 42.94, 44.211
2006, 42.58, 44.244
2007, 42.39, 44.261
2008, 42.03, 44.294
2009, 41.85, 44.311
2010, 41.67, 44.327
2011, 41.31, 44.361
2012, 41.13, 44.377
2013, 40.78, 44.411
2014, 40.62, 44.427
2015, 40.29, 44.461
2016, 40.11, 44.477
2017, 39.79, 44.511
2018, 39.64, 44.527
2019, 39.34, 44.561
2020, 39.2, 44.577
2021, 38.93, 44.611
2022, 38.8, 44.627
2023, 38.54, 44.661
2024, 38.3, 44.694
2025, 38.18, 44.711
2026, 37.95, 44.744
2027, 37.83, 44.761
2028, 37.6, 44.794
2029, 37.37, 44.827
2030, 37.26, 44.844
2031, 37.03, 44.877
2032, 36.91, 44.894
2033, 36.69, 44.927
2034, 36.49, 44.961
2035, 36.39, 44.977
2036, 36.21, 45.011
2037, 36.06, 45.044
2038, 35.98, 45.061
2039, 35.84, 45.094
2040, 35.72, 45.127
2041, 35.68, 45.144
2042, 35.6, 45.177
2043, 35.53, 45.211
2044, 35.46, 45.244
2045, 35.42, 45.261
2046, 35.35, 45.294
2047, 35.27, 45.327
2048, 35.23, 45.344
2049, 35.16, 45.377
2050, 35.08, 45.411
2051, 35.01, 45.444
2052, 34.97, 45.461
2053, 34.9, 45.494
2054, 34.83, 45.527
2055, 34.75, 45.561
2056, 34.71, 45.577
2057, 34.64, 45.611
2058, 34.56, 45.644
2059, 34.48, 45.677
2060, 34.44, 45.694
2061, 34.36, 45.727
2062, 34.29, 45.761
2063, 34.21, 45.794
2064, 34.17, 45.811
2065, 34.1, 45.844
2066, 34.02, 45.877
2067, 33.95, 45.911
2068, 33.91, 45.927
2069, 33.84, 45.961
2070, 33.77, 45.994
2071, 33.69, 46.027
2072, 33.65, 46.044
2073, 33.57, 46.077
2074, 33.49, 46.111
2075, 33.46, 46.127
2076, 33.39, 46.161
2077, 33.32, 46.194
2078, 33.28, 46.211
2079, 33.2, 46.244
2080, 33.12, 46.277
2081, 33.07, 46.294
2082, 32.99, 46.327
2083, 32.91, 46.361
2084, 32.88, 46.377
2085, 32.82, 46.411
2086, 32.77, 46.444
2087, 32.77, 46.461
2088, 32.75, 46.494
2089, 32.71, 46.527
2090, 32.69, 46.544
2091, 32.67, 46.577
2092, 32.66, 46.611
2093, 32.67, 46.644
2094, 32.67, 46.661
2095, 32.68, 46.694
2096, 32.69, 46.727
2097, 32.7, 46.761
2098, 32.72, 46.794
2099, 32.73, 46.811
2100, 32.74, 46.844
2101, 32.76, 46.877
2102, 32.77, 46.911
2103, 32.79, 46.944
2104, 32.8, 46.961
2105, 32.81, 46.994
2106, 32.83, 47.027
2107, 32.85, 47.061
2108, 32.87, 47.094
2109, 32.87, 47.111
2110, 32.9, 47.144
2111, 32.93, 47.177
2112, 32.97, 47.211
2113, 33.02, 47.244
2114, 33.08, 47.277
2115, 33.12, 47.294
2116, 33.2, 47.327
2117, 33.29, 47.361
2118, 33.38, 47.394
2119, 33.48, 47.427
2120, 33.53, 47.444
2121, 33.62, 47.477
2122, 33.72, 47.511
2123, 33.82, 47.544
2124, 33.93, 47.577
2125, 33.98, 47.594
2126, 34.07, 47.627
2127, 34.17, 47.661
2128, 34.29, 47.694
2129, 34.35, 47.711
2130, 34.45, 47.744
2131, 34.56, 47.777
2132, 34.66, 47.811
2133, 34.71, 47.827
2134, 34.81, 47.861
2135, 34.92, 47.894
2136, 34.97, 47.911
2137, 35.07, 47.944
2138, 35.17, 47.977
2139, 35.27, 48.011
2140, 35.32, 48.027
2141, 35.42, 48.061
2142, 35.52, 48.094
2143, 35.57, 48.111
2144, 35.66, 48.144
2145, 35.76, 48.177
2146, 35.81, 48.194
2147, 35.9, 48.227
2148, 36.01, 48.261
2149, 36.06, 48.277
2150, 36.15, 48.311
2151, 36.24, 48.344
2152, 36.29, 48.361
2153, 36.38, 48.394
2154, 36.47, 48.427
2155, 36.52, 48.444
2156, 36.6, 48.477
2157, 36.69, 48.511
2158, 36.74, 48.527
2159, 36.85, 48.561
2160, 36.9, 48.577
2161, 36.99, 48.611
2162, 37.07, 48.644
2163, 37.12, 48.661
2164, 37.23, 48.694
2165, 37.33, 48.727
2166, 37.39, 48.744
2167, 37.46, 48.777
2168, 37.5, 48.794
2169, 37.59, 48.827
2170, 37.68, 48.861
2171, 37.73, 48.877
2172, 37.82, 48.911
2173, 37.87, 48.927
2174, 37.95, 48.961
2175, 37.99, 48.977
2176, 38.09, 49.011
2177, 38.18, 49.044
2178, 38.23, 49.061
2179, 38.31, 49.094
2180, 38.36, 49.111
2181, 38.44, 49.144
2182, 38.48, 49.161
2183, 38.57, 49.194
2184, 38.66, 49.227
2185, 38.71, 49.244
2186, 38.8, 49.277
2187, 38.84, 49.294
2188, 38.93, 49.327
2189, 38.99, 49.344
2190, 39.1, 49.377
2191, 39.14, 49.394
2192, 39.23, 49.427
2193, 39.27, 49.444
2194, 39.37, 49.477
2195, 39.42, 49.494
2196, 39.51, 49.527
2197, 39.56, 49.544
2198, 39.66, 49.577
2199, 39.76, 49.611
2200, 39.81, 49.627
2201, 39.9, 49.661
2202, 39.95, 49.677
2203, 40.05, 49.711
2204, 40.09, 49.727
2205, 40.19, 49.761
2206, 40.24, 49.777
2207, 40.34, 49.811
2208, 40.39, 49.827
2209, 40.49, 49.861
2210, 40.53, 49.877
2211, 40.58, 49.894
2212, 40.68, 49.927
2213, 40.73, 49.944
2214, 40.82, 49.977
2215, 40.87, 49.994
2216, 40.96, 50.027
2217, 41.01, 50.044
2218, 41.1, 50.077
2219, 41.15, 50.094
2220, 41.24, 50.127
2221, 41.29, 50.144
2222, 41.38, 50.177
2223, 41.42, 50.194
2224, 41.48, 50.227
2225, 41.46, 50.244
2226, 41.46, 50.261
2227, 41.56, 50.294
2228, 41.6, 50.311
2229, 41.69, 50.344
2230, 41.73, 50.361
2231, 41.82, 50.394
2232, 41.86, 50.411
2233, 41.94, 50.444
2234, 41.99, 50.461
2235, 42.07, 50.494
2236, 42.12, 50.511
2237, 42.16, 50.527
2238, 42.24, 50.561
2239, 42.28, 50.577
2240, 42.37, 50.611
2241, 42.41, 50.627
2242, 42.5, 50.661
2243, 42.54, 50.677
2244, 42.58, 50.694
2245, 42.67, 50.727
2246, 42.72, 50.744
2247, 42.8, 50.777
2248, 42.84, 50.794
2249, 42.93, 50.827
2250, 42.97, 50.844
2251, 43.01, 50.861
2252, 43.1, 50.894
2253, 43.15, 50.911
2254, 43.23, 50.944
2255, 43.27, 50.961
2256, 43.31, 50.977
2257, 43.4, 51.011
2258, 43.44, 51.027
2259, 43.53, 51.061
2260, 43.58, 51.077
2261, 43.62, 51.094
2262, 43.7, 51.127
2263, 43.74, 51.144
2264, 43.83, 51.177
2265, 43.87, 51.194
2266, 43.91, 51.211
2267, 44, 51.244
2268, 44.04, 51.261
2269, 44.08, 51.277
2270, 44.16, 51.311
2271, 44.2, 51.327
2272, 44.25, 51.344
2273, 44.33, 51.377
2274, 44.37, 51.394
2275, 44.46, 51.427
2276, 44.5, 51.444
2277, 44.58, 51.477
2278, 44.62, 51.494
2279, 44.67, 51.511
2280, 44.71, 51.527
2281, 44.78, 51.561
2282, 44.82, 51.577
2283, 44.86, 51.594
2284, 44.94, 51.627
2285, 44.98, 51.644
2286, 45.02, 51.661
2287, 45.11, 51.694
2288, 45.15, 51.711
2289, 45.2, 51.727
2290, 45.27, 51.761
2291, 45.31, 51.777
2292, 45.35, 51.794
2293, 45.44, 51.827
2294, 45.48, 51.844
2295, 45.51, 51.861
2296, 45.58, 51.894
2297, 45.62, 51.911
2298, 45.66, 51.927
2299, 45.76, 51.961
2300, 45.8, 51.977
2301, 45.84, 51.994
2302, 45.91, 52.027
2303, 45.95, 52.044
2304, 45.99, 52.061
2305, 46.07, 52.094
2306, 46.11, 52.111
2307, 46.15, 52.127
2308, 46.22, 52.161
2309, 46.27, 52.177
2310, 46.3, 52.194
2311, 46.34, 52.211
2312, 46.42, 52.244
2313, 46.47, 52.261
2314, 46.51, 52.277
2315, 46.59, 52.311
2316, 46.63, 52.327
2317, 46.67, 52.344
2318, 46.75, 52.377
2319, 46.79, 52.394
2320, 46.83, 52.411
2321, 46.86, 52.427
2322, 46.94, 52.461
2323, 46.98, 52.477
2324, 47.02, 52.494
2325, 47.1, 52.527
2326, 47.14, 52.544
2327, 47.18, 52.561
2328, 47.22, 52.577
2329, 47.29, 52.611
2330, 47.33, 52.627
2331, 47.37, 52.644
2332, 47.41, 52.661
2333, 47.49, 52.694
2334, 47.53, 52.711
2335, 47.56, 52.727
2336, 47.6, 52.744
2337, 47.67, 52.777
2338, 47.71, 52.794
2339, 47.75, 52.811
2340, 47.82, 52.844
2341, 47.86, 52.861
2342, 47.9, 52.877
2343, 47.94, 52.894
2344, 48.01, 52.927
2345, 48.05, 52.944
2346, 48.09, 52.961
2347, 48.12, 52.977
2348, 48.2, 53.011
2349, 48.23, 53.027
2350, 48.27, 53.044
2351, 48.3, 53.061
2352, 48.34, 53.077
2353, 48.42, 53.111
2354, 48.45, 53.127
2355, 48.49, 53.144
2356, 48.52, 53.161
2357, 48.59, 53.194
2358, 48.62, 53.211
2359, 48.66, 53.227
2360, 48.7, 53.244
2361, 48.78, 53.277
2362, 48.81, 53.294
2363, 48.85, 53.311
2364, 48.88, 53.327
2365, 48.95, 53.361
2366, 48.99, 53.377
2367, 49.02, 53.394
2368, 49.06, 53.411
2369, 49.09, 53.427
2370, 49.16, 53.461
2371, 49.2, 53.477
2372, 49.23, 53.494
2373, 49.27, 53.511
2374, 49.34, 53.544
2375, 49.37, 53.561
2376, 49.41, 53.577
2377, 49.44, 53.594
2378, 49.48, 53.611
2379, 49.55, 53.644
2380, 49.58, 53.661
2381, 49.61, 53.677
2382, 49.65, 53.694
2383, 49.68, 53.711
2384, 49.73, 53.744
2385, 49.76, 53.761
2386, 49.79, 53.777
2387, 49.83, 53.794
2388, 49.87, 53.811
2389, 49.95, 53.844
2390, 49.98, 53.861
2391, 50.01, 53.877
2392, 50.04, 53.894
2393, 50.08, 53.911
2394, 50.14, 53.944
2395, 50.17, 53.961
2396, 50.18, 53.977
2397, 50.14, 53.994
2398, 50.17, 54.011
2399, 50.25, 54.044
2400, 50.26, 54.061
2401, 50.29, 54.077
2402, 50.32, 54.094
2403, 50.35, 54.111
2404, 50.41, 54.144
2405, 50.44, 54.161
2406, 50.47, 54.177
2407, 50.51, 54.194
2408, 50.54, 54.211
2409, 50.6, 54.244
2410, 50.63, 54.261
2411, 50.67, 54.277
2412, 50.7, 54.294
2413, 50.73, 54.311
2414, 50.76, 54.327
2415, 50.82, 54.361
2416, 50.85, 54.377
2417, 50.88, 54.394
2418, 50.91, 54.411
2419, 50.95, 54.427
2420, 51.01, 54.461
2421, 51.04, 54.477
2422, 51.07, 54.494
2423, 51.09, 54.511
2424, 51.12, 54.527
2425, 51.16, 54.544
2426, 51.22, 54.577
2427, 51.25, 54.594
2428, 51.28, 54.611
2429, 51.31, 54.627
2430, 51.34, 54.644
2431, 51.37, 54.661
2432, 51.43, 54.694
2433, 51.46, 54.711
2434, 51.49, 54.727
2435, 51.52, 54.744
2436, 51.55, 54.761
2437, 51.58, 54.777
2438, 51.64, 54.811
2439, 51.67, 54.827
2440, 51.7, 54.844
2441, 51.73, 54.861
2442, 51.76, 54.877
2443, 51.79, 54.894
2444, 51.85, 54.927
2445, 51.88, 54.944
2446, 51.9, 54.961
2447, 51.94, 54.977
2448, 51.97, 54.994
2449, 52, 55.011
2450, 52.02, 55.027
2451, 52.08, 55.061
2452, 52.12, 55.077
2453, 52.14, 55.094
2454, 52.17, 55.111
2455, 52.2, 55.127
2456, 52.23, 55.144
2457, 52.29, 55.177
2458, 52.32, 55.194
2459, 52.35, 55.211
2460, 52.38, 55.227
2461, 52.41, 55.244
2462, 52.43, 55.261
2463, 52.46, 55.277
2464, 52.52, 55.311
2465, 52.55, 55.327
2466, 52.57, 55.344
2467, 52.6, 55.361
2468, 52.63, 55.377
2469, 52.66, 55.394
2470, 52.69, 55.411
2471, 52.75, 55.444
2472, 52.77, 55.461
2473, 52.8, 55.477
2474, 52.83, 55.494
2475, 52.86, 55.511
2476, 52.89, 55.527
2477, 52.92, 55.544
2478, 52.94, 55.561
2479, 53, 55.594
2480, 53.03, 55.611
2481, 53.06, 55.627
2482, 53.09, 55.644
2483, 53.11, 55.661
2484, 53.14, 55.677
2485, 53.17, 55.694
2486, 53.22, 55.727
2487, 53.25, 55.744
2488, 53.27, 55.761
2489, 53.3, 55.777
2490, 53.32, 55.794
2491, 53.35, 55.811
2492, 53.38, 55.827
2493, 53.4, 55.844
2494, 53.46, 55.877
2495, 53.48, 55.894
2496, 53.51, 55.911
2497, 53.53, 55.927
2498, 53.56, 55.944
2499, 53.59, 55.961
2500, 53.61, 55.977
2501, 53.64, 55.994
2502, 53.7, 56.027
2503, 53.73, 56.044
2504, 53.76, 56.061
2505, 53.8, 56.077
2506, 53.83, 56.094
2507, 53.87, 56.111
2508, 53.9, 56.127
2509, 53.93, 56.144
2510, 53.96, 56.161
2511, 54.02, 56.194
2512, 54.05, 56.211
2513, 54.08, 56.227
2514, 54.11, 56.244
2515, 54.14, 56.261
2516, 54.17, 56.277
2517, 54.2, 56.294
2518, 54.23, 56.311
2519, 54.26, 56.327
2520, 54.32, 56.361
2521, 54.35, 56.377
2522, 54.38, 56.394
2523, 54.41, 56.411
2524, 54.44, 56.427
2525, 54.47, 56.444
2526, 54.5, 56.461
2527, 54.54, 56.477
2528, 54.56, 56.494
2529, 54.59, 56.511
2530, 54.65, 56.544
2531, 54.68, 56.561
2532, 54.71, 56.577
2533, 54.74, 56.594
2534, 54.77, 56.611
2535, 54.77, 56.611
2536, 54.83, 56.644
2537, 54.86, 56.661
2538, 54.88, 56.677
2539, 54.92, 56.694
2540, 54.94, 56.711
2541, 55, 56.744
2542, 55.04, 56.761
2543, 55.07, 56.777
2544, 55.09, 56.794
2545, 55.11, 56.811
2546, 55.14, 56.827
2547, 55.18, 56.844
2548, 55.21, 56.861
2549, 55.24, 56.877
2550, 55.27, 56.894
2551, 55.29, 56.911
2552, 55.35, 56.944
2553, 55.37, 56.961
2554, 55.4, 56.977
2555, 55.43, 56.994
2556, 55.46, 57.011
2557, 55.49, 57.027
2558, 55.51, 57.044
2559, 55.54, 57.061
2560, 55.57, 57.077
2561, 55.6, 57.094
2562, 55.63, 57.111
2563, 55.66, 57.127
2564, 55.71, 57.161
2565, 55.74, 57.177
2566, 55.76, 57.194
2567, 55.79, 57.211
2568, 55.82, 57.227
2569, 55.85, 57.244
2570, 55.87, 57.261
2571, 55.9, 57.277
2572, 55.92, 57.294
2573, 55.95, 57.311
2574, 55.98, 57.327
2575, 56.01, 57.344
2576, 56.03, 57.361
2577, 56.06, 57.377
2578, 56.11, 57.411
2579, 56.14, 57.427
2580, 56.16, 57.444
2581, 56.19, 57.461
2582, 56.22, 57.477
2583, 56.25, 57.494
2584, 56.27, 57.511
2585, 56.3, 57.527
2586, 56.33, 57.544
2587, 56.36, 57.561
2588, 56.38, 57.577
2589, 56.41, 57.594
2590, 56.43, 57.611
2591, 56.46, 57.627
2592, 56.48, 57.644
2593, 56.53, 57.677
2594, 56.56, 57.694
2595, 56.59, 57.711
2596, 56.61, 57.727
2597, 56.64, 57.744
2598, 56.67, 57.761
2599, 56.69, 57.777
2600, 56.72, 57.794
2601, 56.74, 57.811
2602, 56.76, 57.827
2603, 56.78, 57.844
2604, 56.81, 57.861
2605, 56.84, 57.877
2606, 56.86, 57.894
2607, 56.89, 57.911
2608, 56.92, 57.927
2609, 56.94, 57.944
2610, 56.99, 57.977
2611, 57.01, 57.994
2612, 57.04, 58.011
2613, 57.06, 58.027
2614, 57.08, 58.044
2615, 57.11, 58.061
2616, 57.13, 58.077
2617, 57.15, 58.094
2618, 57.18, 58.111
2619, 57.2, 58.127
2620, 57.23, 58.144
2621, 57.25, 58.161
2622, 57.27, 58.177
2623, 57.3, 58.194
2624, 57.32, 58.211
2625, 57.34, 58.227
2626, 57.37, 58.244
2627, 57.39, 58.261
2628, 57.41, 58.277
2629, 57.44, 58.294
2630, 57.48, 58.327
2631, 57.5, 58.344
2632, 57.52, 58.361
2633, 57.54, 58.377
2634, 57.57, 58.394
2635, 57.59, 58.411
2636, 57.61, 58.427
2637, 57.63, 58.444
2638, 57.65, 58.461
2639, 57.67, 58.477
2640, 57.69, 58.494
2641, 57.71, 58.511
2642, 57.73, 58.527
2643, 57.75, 58.544
2644, 57.78, 58.561
2645, 57.8, 58.577
2646, 57.82, 58.594
2647, 57.84, 58.611
2648, 57.86, 58.627
2649, 57.88, 58.644
2650, 57.89, 58.661
2651, 57.91, 58.677
2652, 57.93, 58.694
2653, 57.95, 58.711
2654, 57.97, 58.727
2655, 58.02, 58.761
2656, 58.04, 58.777
2657, 58.06, 58.794
2658, 58.08, 58.811
2659, 58.1, 58.827
2660, 58.12, 58.844
2661, 58.14, 58.861
2662, 58.16, 58.877
2663, 58.17, 58.894
2664, 58.19, 58.911
2665, 58.2, 58.927
2666, 58.21, 58.944
2667, 58.22, 58.961
2668, 58.23, 58.977
2669, 58.24, 58.994
2670, 58.24, 59.011
2671, 58.24, 59.027
2672, 58.24, 59.044
2673, 58.23, 59.061
2674, 58.21, 59.077
2675, 58.19, 59.094
2676, 58.16, 59.111
2677, 58.12, 59.127
2678, 58.08, 59.144
2679, 58.02, 59.161
2680, 57.95, 59.177
2681, 57.87, 59.194
2682, 57.77, 59.211
2683, 57.65, 59.227
2684, 57.52, 59.244
2685, 57.2, 59.277
2686, 57.02, 59.294
2687, 56.82, 59.311
2688, 56.62, 59.327
2689, 56.42, 59.344
2690, 56.21, 59.361
2691, 55.98, 59.377
2692, 55.76, 59.394
2693, 55.56, 59.411
2694, 55.34, 59.427
2695, 55.12, 59.444
2696, 54.91, 59.461
2697, 54.7, 59.477
2698, 54.47, 59.494
2699, 54.02, 59.527
2700, 53.81, 59.544
2701, 53.59, 59.561
2702, 53.35, 59.577
2703, 53.13, 59.594
2704, 52.91, 59.611
2705, 52.68, 59.627
2706, 52.46, 59.644
2707, 52.02, 59.677
2708, 51.81, 59.694
2709, 51.6, 59.711
2710, 51.39, 59.727
2711, 51.19, 59.744
2712, 50.98, 59.761
2713, 50.58, 59.794
2714, 50.36, 59.811
2715, 50.12, 59.827
2716, 49.9, 59.844
2717, 49.69, 59.861
2718, 49.27, 59.894
2719, 49.05, 59.911
2720, 48.84, 59.927
2721, 48.61, 59.944
2722, 48.38, 59.961
2723, 47.96, 59.994
2724, 47.76, 60.011
2725, 47.56, 60.027
2726, 47.35, 60.044
2727, 46.95, 60.077
2728, 46.74, 60.094
2729, 46.52, 60.111
2730, 46.1, 60.144
2731, 45.9, 60.161
2732, 45.69, 60.177
2733, 45.49, 60.194
2734, 45.07, 60.227
2735, 44.87, 60.244
2736, 44.66, 60.261
2737, 44.26, 60.294
2738, 44.06, 60.311
2739, 43.64, 60.344
2740, 43.44, 60.361
2741, 43.23, 60.377
2742, 42.82, 60.411
2743, 42.62, 60.427
2744, 42.21, 60.461
2745, 42.01, 60.477
2746, 41.81, 60.494
2747, 41.42, 60.527
2748, 41.23, 60.544
2749, 40.85, 60.577
2750, 40.66, 60.594
2751, 40.3, 60.627
2752, 40.1, 60.644
2753, 39.72, 60.677
2754, 39.54, 60.694
2755, 39.18, 60.727
2756, 38.99, 60.744
2757, 38.63, 60.777
2758, 38.45, 60.794
2759, 38.09, 60.827
2760, 37.91, 60.844
2761, 37.54, 60.877
2762, 37.18, 60.911
2763, 37, 60.927
2764, 36.64, 60.961
2765, 36.28, 60.994
2766, 36.1, 61.011
2767, 35.74, 61.044
2768, 35.4, 61.077
2769, 35.25, 61.094
2770, 34.95, 61.127
2771, 34.65, 61.161
2772, 34.5, 61.177
2773, 34.21, 61.211
2774, 33.94, 61.244
2775, 33.68, 61.277
2776, 33.56, 61.294
2777, 33.33, 61.327
2778, 33.11, 61.361
2779, 32.9, 61.394
2780, 32.71, 61.427
2781, 32.54, 61.461
2782, 32.47, 61.477
2783, 32.35, 61.511
2784, 32.25, 61.544
2785, 32.18, 61.577
2786, 32.12, 61.611
2787, 32.07, 61.644
2788, 32.02, 61.677
2789, 31.96, 61.711
2790, 31.91, 61.744
2791, 31.88, 61.761
2792, 31.82, 61.794
2793, 31.76, 61.827
2794, 31.71, 61.861
2795, 31.65, 61.894
2796, 31.59, 61.927
2797, 31.54, 61.961
2798, 31.48, 61.994
2799, 31.41, 62.027
2800, 31.35, 62.061
2801, 31.32, 62.077
2802, 31.26, 62.111
2803, 31.2, 62.144
2804, 31.15, 62.177
2805, 31.11, 62.211
2806, 31.05, 62.244
2807, 31.02, 62.261
2808, 30.96, 62.294
2809, 30.91, 62.327
2810, 30.87, 62.361
2811, 30.84, 62.377
2812, 30.79, 62.411
2813, 30.73, 62.444
2814, 30.71, 62.461
2815, 30.69, 62.494
2816, 30.67, 62.527
2817, 30.66, 62.561
2818, 30.64, 62.594
2819, 30.64, 62.611
2820, 30.62, 62.644
2821, 30.57, 62.677
2822, 30.51, 62.711
2823, 30.47, 62.744
2824, 30.47, 62.777
2825, 30.5, 62.811
2826, 30.53, 62.844
2827, 30.59, 62.877
2828, 30.68, 62.927
2829, 30.76, 62.961
2830, 30.84, 62.994
2831, 30.93, 63.027
2832, 31.02, 63.061
2833, 31.11, 63.094
2834, 31.16, 63.111
2835, 31.28, 63.144
2836, 31.38, 63.177
2837, 31.49, 63.211
2838, 31.61, 63.244
2839, 31.74, 63.277
2840, 31.8, 63.294
2841, 31.92, 63.327
2842, 32.03, 63.361
2843, 32.13, 63.394
2844, 32.2, 63.427
2845, 32.24, 63.444
2846, 32.38, 63.477
2847, 32.55, 63.511
2848, 32.66, 63.544
2849, 32.73, 63.577
2850, 32.77, 63.594
2851, 32.85, 63.627
2852, 32.97, 63.661
2853, 33.04, 63.694
2854, 33.07, 63.711
2855, 33.17, 63.744
2856, 33.3, 63.777
2857, 33.41, 63.811
2858, 33.46, 63.827
2859, 33.54, 63.861
2860, 33.63, 63.894
2861, 33.74, 63.927
2862, 33.79, 63.944
2863, 33.9, 63.977
2864, 33.97, 64.011
2865, 34, 64.044
2866, 34.03, 64.061
2867, 34.11, 64.094
2868, 34.19, 64.127
2869, 34.24, 64.144
2870, 34.35, 64.177
2871, 34.43, 64.211
2872, 34.52, 64.244
2873, 34.57, 64.261
2874, 34.65, 64.294
2875, 34.72, 64.327
2876, 34.8, 64.361
2877, 34.84, 64.377
2878, 34.93, 64.411
2879, 35.03, 64.444
2880, 35.13, 64.477
2881, 35.17, 64.494
2882, 35.24, 64.527
2883, 35.31, 64.561
2884, 35.35, 64.577
2885, 35.43, 64.611
2886, 35.52, 64.644
2887, 35.64, 64.677
2888, 35.7, 64.694
2889, 35.8, 64.727
2890, 35.87, 64.761
2891, 35.91, 64.777
2892, 36.04, 64.811
2893, 36.16, 64.844
2894, 36.22, 64.861
2895, 36.31, 64.894
2896, 36.39, 64.927
2897, 36.42, 64.944
2898, 36.49, 64.977
2899, 36.62, 65.011
2900, 36.68, 65.027
2901, 36.77, 65.061
2902, 36.82, 65.094
2903, 36.87, 65.111
2904, 36.99, 65.144
2905, 37.09, 65.177
2906, 37.14, 65.194
2907, 37.24, 65.227
2908, 37.33, 65.261
2909, 37.37, 65.277
2910, 37.46, 65.311
2911, 37.52, 65.327
2912, 37.62, 65.361
2913, 37.72, 65.394
2914, 37.76, 65.411
2915, 37.84, 65.444
2916, 37.93, 65.477
2917, 37.97, 65.494
2918, 38.08, 65.527
2919, 38.14, 65.544
2920, 38.26, 65.577
2921, 38.31, 65.594
2922, 38.4, 65.627
2923, 38.5, 65.661
2924, 38.55, 65.677
2925, 38.64, 65.711
2926, 38.69, 65.727
2927, 38.79, 65.761
2928, 38.85, 65.777
2929, 38.96, 65.811
2930, 39.06, 65.844
2931, 39.12, 65.861
2932, 39.21, 65.894
2933, 39.26, 65.911
2934, 39.34, 65.944
2935, 39.38, 65.961
2936, 39.52, 65.994
2937, 39.57, 66.011
2938, 39.68, 66.044
2939, 39.73, 66.061
2940, 39.84, 66.094
2941, 39.89, 66.111
2942, 39.98, 66.144
2943, 40.02, 66.161
2944, 40.15, 66.194
2945, 40.22, 66.211
2946, 40.33, 66.244
2947, 40.38, 66.261
2948, 40.49, 66.294
2949, 40.54, 66.311
2950, 40.63, 66.344
2951, 40.68, 66.361
2952, 40.79, 66.394
2953, 40.85, 66.411
2954, 40.94, 66.444
2955, 40.97, 66.461
2956, 41.05, 66.494
2957, 41.1, 66.511
2958, 41.21, 66.544
2959, 41.26, 66.561
2960, 41.28, 66.594
2961, 41.27, 66.611
2962, 41.34, 66.627
2963, 41.42, 66.661
2964, 41.46, 66.677
2965, 41.55, 66.711
2966, 41.6, 66.727
2967, 41.69, 66.761
2968, 41.74, 66.777
2969, 41.84, 66.811
2970, 41.89, 66.827
2971, 41.94, 66.844
2972, 42.03, 66.877
2973, 42.08, 66.894
2974, 42.17, 66.927
2975, 42.21, 66.944
2976, 42.3, 66.977
2977, 42.35, 66.994
2978, 42.4, 67.011
2979, 42.49, 67.044
2980, 42.54, 67.061
2981, 42.63, 67.094
2982, 42.68, 67.111
2983, 42.77, 67.144
2984, 42.82, 67.161
2985, 42.87, 67.177
2986, 42.96, 67.211
2987, 43, 67.227
2988, 43.09, 67.261
2989, 43.14, 67.277
2990, 43.18, 67.294
2991, 43.27, 67.327
2992, 43.32, 67.344
2993, 43.36, 67.361
2994, 43.45, 67.394
2995, 43.5, 67.411
2996, 43.59, 67.444
2997, 43.64, 67.461
2998, 43.68, 67.477
2999, 43.77, 67.511
3000, 43.82, 67.527
3001, 43.91, 67.561
3002, 43.96, 67.577
3003, 44, 67.594
3004, 44.09, 67.627
3005, 44.14, 67.644
3006, 44.18, 67.661
3007, 44.27, 67.694
3008, 44.31, 67.711
3009, 44.36, 67.727
3010, 44.44, 67.761
3011, 44.49, 67.777
3012, 44.49, 67.777
3013, 44.49, 67.777
3014, 44.66, 67.844
3015, 44.71, 67.861
3016, 44.8, 67.894
3017, 44.84, 67.911
3018, 44.88, 67.927
3019, 44.96, 67.961
3020, 45, 67.977
3021, 45.05, 67.994
3022, 45.14, 68.027
3023, 45.19, 68.044
3024, 45.23, 68.061
3025, 45.31, 68.094
3026, 45.35, 68.111
3027, 45.39, 68.127
3028, 45.47, 68.161
3029, 45.51, 68.177
3030, 45.56, 68.194
3031, 45.64, 68.227
3032, 45.68, 68.244
3033, 45.72, 68.261
3034, 45.81, 68.294
3035, 45.85, 68.311
3036, 45.9, 68.327
3037, 45.98, 68.361
3038, 46.02, 68.377
3039, 46.06, 68.394
3040, 46.11, 68.411
3041, 46.18, 68.444
3042, 46.22, 68.461
3043, 46.26, 68.477
3044, 46.35, 68.511
3045, 46.39, 68.527
3046, 46.44, 68.544
3047, 46.52, 68.577
3048, 46.56, 68.594
3049, 46.6, 68.611
3050, 46.64, 68.627
3051, 46.72, 68.661
3052, 46.76, 68.677
3053, 46.8, 68.694
3054, 46.87, 68.727
3055, 46.91, 68.744
3056, 46.95, 68.761
3057, 46.99, 68.777
3058, 47.06, 68.811
3059, 47.1, 68.827
3060, 47.15, 68.844
3061, 47.19, 68.861
3062, 47.27, 68.894
3063, 47.3, 68.911
3064, 47.34, 68.927
3065, 47.41, 68.961
3066, 47.45, 68.977
3067, 47.49, 68.994
3068, 47.53, 69.011
3069, 47.62, 69.044
3070, 47.66, 69.061
3071, 47.7, 69.077
3072, 47.73, 69.094
3073, 47.81, 69.127
3074, 47.84, 69.144
3075, 47.88, 69.161
3076, 47.92, 69.177
3077, 48, 69.211
3078, 48.04, 69.227
3079, 48.07, 69.244
3080, 48.11, 69.261
3081, 48.18, 69.294
3082, 48.22, 69.311
3083, 48.25, 69.327
3084, 48.29, 69.344
3085, 48.37, 69.377
3086, 48.4, 69.394
3087, 48.44, 69.411
3088, 48.47, 69.427
3089, 48.55, 69.461
3090, 48.58, 69.477
3091, 48.62, 69.494
3092, 48.66, 69.511
3093, 48.7, 69.527
3094, 48.77, 69.561
3095, 48.81, 69.577
3096, 48.85, 69.594
3097, 48.88, 69.611
3098, 48.95, 69.644
3099, 48.99, 69.661
3100, 49.02, 69.677
3101, 49.06, 69.694
3102, 49.09, 69.711
3103, 49.16, 69.744
3104, 49.19, 69.761
3105, 49.23, 69.777
3106, 49.26, 69.794
3107, 49.33, 69.827
3108, 49.37, 69.844
3109, 49.4, 69.861
3110, 49.44, 69.877
3111, 49.47, 69.894
3112, 49.55, 69.927
3113, 49.58, 69.944
3114, 49.62, 69.961
3115, 49.65, 69.977
3116, 49.68, 69.994
3117, 49.74, 70.027
3118, 49.78, 70.044
3119, 49.82, 70.061
3120, 49.85, 70.077
3121, 49.89, 70.094
3122, 49.96, 70.127
3123, 50, 70.144
3124, 50.04, 70.161
3125, 50.08, 70.177
3126, 50.11, 70.194
3127, 50.18, 70.227
3128, 50.21, 70.244
3129, 50.25, 70.261
3130, 50.28, 70.277
3131, 50.31, 70.294
3132, 50.38, 70.327
3133, 50.42, 70.344
3134, 50.45, 70.361
3135, 50.49, 70.377
3136, 50.52, 70.394
3137, 50.58, 70.427
3138, 50.62, 70.444
3139, 50.65, 70.461
3140, 50.69, 70.477
3141, 50.7, 70.494
3142, 50.66, 70.511
3143, 50.75, 70.544
3144, 50.77, 70.561
3145, 50.79, 70.577
3146, 50.81, 70.594
3147, 50.84, 70.611
3148, 50.92, 70.644
3149, 50.96, 70.661
3150, 50.99, 70.677
3151, 51.03, 70.694
3152, 51.06, 70.711
3153, 51.09, 70.727
3154, 51.16, 70.761
3155, 51.19, 70.777
3156, 51.22, 70.794
3157, 51.26, 70.811
3158, 51.29, 70.827
3159, 51.33, 70.844
3160, 51.39, 70.877
3161, 51.39, 70.877
