0, 58.9, 62.205
1, 58.94, 62.221
2, 58.98, 62.238
3, 59.02, 62.255
4, 59.06, 62.271
5, 59.1, 62.288
6, 59.14, 62.305
7, 59.18, 62.321
8, 59.22, 62.338
9, 59.26, 62.355
10, 59.3, 62.371
11, 59.34, 62.388
12, 59.38, 62.405
13, 59.42, 62.421
14, 59.46, 62.438
15, 59.5, 62.455
16, 59.54, 62.471
17, 59.58, 62.488
18, 59.62, 62.505
19, 59.66, 62.521
20, 59.7, 62.538
21, 59.74, 62.555
22, 59.78, 62.571
23, 59.82, 62.588
24, 59.86, 62.605
25, 59.9, 62.621
26, 59.94, 62.638
27, 59.98, 62.655
28, 60.02, 62.671
29, 60.05, 62.688
30, 60.09, 62.705
31, 60.12, 62.721
32, 60.16, 62.738
33, 60.19, 62.755
34, 60.23, 62.771
35, 60.26, 62.788
36, 60.3, 62.805
37, 60.33, 62.821
38, 60.36, 62.838
39, 60.38, 62.855
40, 60.41, 62.871
41, 60.39, 62.888
42, 60.34, 62.905
43, 60.44, 62.921
44, 60.51, 62.938
45, 60.49, 62.955
46, 60.53, 62.971
47, 60.58, 62.988
48, 60.61, 63.005
49, 60.63, 63.021
50, 60.68, 63.038
51, 60.71, 63.055
52, 60.74, 63.071
53, 60.77, 63.088
54, 60.81, 63.105
55, 60.84, 63.121
56, 60.87, 63.138
57, 60.91, 63.155
58, 60.94, 63.171
59, 60.97, 63.188
60, 61.01, 63.205
61, 61.04, 63.221
62, 61.07, 63.238
63, 61.1, 63.255
64, 61.1, 63.255
65, 61.14, 63.271
66, 61.17, 63.288
67, 61.2, 63.305
68, 61.23, 63.321
69, 61.27, 63.338
70, 61.3, 63.355
71, 61.33, 63.371
72, 61.36, 63.388
73, 61.39, 63.405
74, 61.42, 63.421
75, 61.45, 63.438
76, 61.48, 63.455
77, 61.51, 63.471
78, 61.54, 63.488
79, 61.57, 63.505
80, 61.61, 63.521
81, 61.64, 63.538
82, 61.67, 63.555
83, 61.71, 63.571
84, 61.74, 63.588
85, 61.77, 63.605
86, 61.8, 63.621
87, 61.84, 63.638
88, 61.87, 63.655
89, 61.9, 63.671
90, 61.93, 63.688
91, 61.96, 63.705
92, 61.99, 63.721
93, 62.02, 63.738
94, 62.06, 63.755
95, 62.09, 63.771
96, 62.12, 63.788
97, 62.15, 63.805
98, 62.18, 63.821
99, 62.22, 63.838
100, 62.25, 63.855
101, 62.25, 63.855
102, 62.28, 63.871
103, 62.31, 63.888
104, 62.35, 63.905
105, 62.38, 63.921
106, 62.4, 63.938
107, 62.42, 63.955
108, 62.43, 63.971
109, 62.46, 63.988
110, 62.47, 64.005
111, 62.49, 64.021
112, 62.56, 64.038
113, 62.62, 64.055
114, 62.65, 64.071
115, 62.64, 64.088
116, 62.68, 64.105
117, 62.72, 64.121
118, 62.73, 64.138
119, 62.76, 64.155
120, 62.79, 64.171
121, 62.82, 64.188
122, 62.84, 64.205
123, 62.88, 64.221
124, 62.91, 64.238
125, 62.91, 64.238
126, 62.94, 2.083
127, 62.97, 2.1
128, 63, 2.116
129, 63.03, 2.133
130, 63.06, 2.15
131, 63.08, 2.166
132, 63.11, 2.183
133, 63.14, 2.2
134, 63.16, 2.216
135, 63.19, 2.233
136, 63.22, 2.25
137, 63.25, 2.266
138, 63.27, 2.283
139, 63.3, 2.3
140, 63.33, 2.316
141, 63.35, 2.333
142, 63.38, 2.35
143, 63.41, 2.366
144, 63.43, 2.383
145, 63.43, 2.383
146, 63.46, 2.4
147, 63.49, 2.416
148, 63.51, 2.433
149, 63.53, 2.45
150, 63.56, 2.466
151, 63.59, 2.483
152, 63.62, 2.5
153, 63.65, 2.516
154, 63.68, 2.533
155, 63.7, 2.55
156, 63.73, 2.566
157, 63.75, 2.583
158, 63.78, 2.6
159, 63.8, 2.616
160, 63.82, 2.633
161, 63.84, 2.65
162, 63.84, 2.65
163, 63.86, 2.666
164, 63.88, 2.683
165, 63.91, 2.7
166, 63.93, 2.716
167, 63.95, 2.733
168, 63.97, 2.75
169, 64, 2.766
170, 64.02, 2.783
171, 64.04, 2.8
172, 64.07, 2.816
173, 64.09, 2.833
174, 64.11, 2.85
175, 64.14, 2.866
176, 64.16, 2.883
177, 64.19, 2.9
178, 64.19, 2.9
179, 64.23, 2.916
180, 64.25, 2.933
181, 64.27, 2.95
182, 64.28, 2.966
183, 64.31, 2.983
184, 64.33, 3
185, 64.35, 3.016
186, 64.38, 3.033
187, 64.41, 3.05
188, 64.43, 3.066
189, 64.45, 3.083
190, 64.48, 3.1
191, 64.5, 3.116
192, 64.53, 3.133
193, 64.53, 3.133
194, 64.55, 3.15
195, 64.57, 3.166
196, 64.6, 3.183
197, 64.62, 3.2
198, 64.63, 3.216
199, 64.64, 3.233
200, 64.66, 3.25
201, 64.67, 3.266
202, 64.68, 3.283
203, 64.68, 3.3
204, 64.69, 3.316
205, 64.69, 3.333
206, 64.69, 3.35
207, 64.69, 3.35
208, 64.69, 3.366
209, 64.68, 3.383
210, 64.67, 3.4
211, 64.66, 3.416
212, 64.64, 3.433
213, 64.62, 3.45
214, 64.6, 3.466
215, 64.57, 3.483
216, 64.54, 3.5
217, 64.5, 3.516
218, 64.45, 3.533
219, 64.38, 3.55
220, 64.31, 3.566
221, 64.31, 3.566
222, 64.23, 3.583
223, 64.14, 3.6
224, 64.03, 3.616
225, 63.91, 3.633
226, 63.76, 3.65
227, 63.59, 3.666
228, 63.41, 3.683
229, 63.2, 3.7
230, 62.95, 3.716
231, 62.72, 3.733
232, 62.46, 3.75
233, 62.16, 3.766
234, 61.86, 3.783
235, 61.57, 3.8
236, 61.27, 3.816
237, 60.96, 3.833
238, 60.66, 3.85
239, 60.36, 3.866
240, 60.06, 3.883
241, 59.72, 3.9
242, 59.41, 3.916
243, 59.13, 3.933
244, 58.82, 3.95
245, 58.53, 3.966
246, 58.18, 3.983
247, 57.87, 4
248, 57.61, 4.016
249, 57.29, 4.033
250, 56.98, 4.05
251, 56.65, 4.066
252, 56.33, 4.083
253, 56.04, 4.1
254, 55.75, 4.116
255, 55.46, 4.133
256, 55.16, 4.15
257, 54.88, 4.166
258, 54.28, 4.2
259, 53.95, 4.216
260, 53.65, 4.233
261, 53.37, 4.25
262, 53.11, 4.266
263, 52.84, 4.283
264, 52.54, 4.3
265, 52.22, 4.316
266, 51.63, 4.35
267, 51.36, 4.366
268, 51.06, 4.383
269, 50.78, 4.4
270, 50.51, 4.416
271, 50.24, 4.433
272, 49.71, 4.466
273, 49.41, 4.483
274, 49.12, 4.5
275, 48.86, 4.516
276, 48.38, 4.55
277, 48.15, 4.566
278, 47.91, 4.583
279, 47.68, 4.6
280, 47.23, 4.633
281, 47.02, 4.65
282, 46.77, 4.666
283, 46.47, 4.683
284, 46.06, 4.716
285, 45.87, 4.733
286, 45.67, 4.75
287, 45.21, 4.783
288, 45.01, 4.8
289, 44.83, 4.816
290, 44.43, 4.85
291, 44.22, 4.866
292, 44.02, 4.883
293, 43.64, 4.916
294, 43.44, 4.933
295, 43.24, 4.95
296, 42.85, 4.983
297, 42.66, 5
298, 42.28, 5.033
299, 42.09, 5.05
300, 41.71, 5.083
301, 41.52, 5.1
302, 41.33, 5.116
303, 40.95, 5.15
304, 40.77, 5.166
305, 40.43, 5.2
306, 40.27, 5.216
307, 39.94, 5.25
308, 39.77, 5.266
309, 39.43, 5.3
310, 39.27, 5.316
311, 39, 5.35
312, 38.85, 5.366
313, 38.55, 5.4
314, 38.29, 5.433
315, 38.18, 5.45
316, 38, 5.483
317, 37.91, 5.5
318, 37.77, 5.533
319, 37.67, 5.566
320, 37.63, 5.583
321, 37.57, 5.616
322, 37.55, 5.633
323, 37.51, 5.666
324, 37.47, 5.7
325, 37.45, 5.716
326, 37.41, 5.75
327, 37.38, 5.766
328, 37.34, 5.8
329, 37.3, 5.833
330, 37.27, 5.85
331, 37.08, 5.883
332, 36.96, 5.9
333, 36.89, 5.933
334, 36.83, 5.966
335, 36.76, 5.983
336, 36.63, 6.016
337, 36.54, 6.05
338, 36.49, 6.066
339, 36.38, 6.1
340, 36.27, 6.133
341, 36.22, 6.15
342, 36.11, 6.183
343, 36, 6.216
344, 35.95, 6.233
345, 35.84, 6.266
346, 35.73, 6.3
347, 35.67, 6.316
348, 35.56, 6.35
349, 35.44, 6.383
350, 35.39, 6.4
351, 35.28, 6.433
352, 35.16, 6.466
353, 35.1, 6.483
354, 34.98, 6.516
355, 34.86, 6.55
356, 34.73, 6.583
357, 34.67, 6.6
358, 34.55, 6.633
359, 34.43, 6.666
360, 34.31, 6.7
361, 34.25, 6.716
362, 34.12, 6.75
363, 34, 6.783
364, 33.89, 6.816
365, 33.83, 6.833
366, 33.71, 6.866
367, 33.58, 6.9
368, 33.45, 6.933
369, 33.33, 6.966
370, 33.28, 6.983
371, 33.2, 7.016
372, 33.12, 7.05
373, 33.05, 7.083
374, 32.99, 7.116
375, 32.95, 7.133
376, 32.89, 7.166
377, 32.87, 7.2
378, 32.81, 7.233
379, 32.8, 7.25
380, 32.81, 7.283
381, 32.81, 7.316
382, 32.82, 7.35
383, 32.83, 7.383
384, 32.84, 7.416
385, 32.84, 7.433
386, 32.85, 7.466
387, 32.83, 7.5
388, 32.8, 7.533
389, 32.76, 7.566
390, 32.75, 7.583
391, 32.71, 7.616
392, 32.67, 7.65
393, 32.63, 7.683
394, 32.59, 7.716
395, 32.54, 7.75
396, 32.52, 7.766
397, 32.48, 7.8
398, 32.48, 7.833
399, 32.48, 7.866
400, 32.52, 7.9
401, 32.56, 7.916
402, 32.61, 7.95
403, 32.65, 7.983
404, 32.75, 8.016
405, 32.87, 8.05
406, 32.91, 8.066
407, 33, 8.1
408, 33.11, 8.133
409, 33.22, 8.166
410, 33.31, 8.183
411, 33.44, 8.216
412, 33.53, 8.25
413, 33.72, 8.283
414, 33.89, 8.316
415, 33.97, 8.333
416, 34.14, 8.366
417, 34.3, 8.4
418, 34.48, 8.433
419, 34.58, 8.45
420, 34.73, 8.483
421, 34.93, 8.516
422, 35.05, 8.533
423, 35.21, 8.566
424, 35.4, 8.6
425, 35.61, 8.633
426, 35.72, 8.65
427, 35.93, 8.683
428, 36.14, 8.716
429, 36.24, 8.733
430, 36.44, 8.766
431, 36.54, 8.783
432, 36.74, 8.816
433, 36.95, 8.85
434, 37.05, 8.866
435, 37.25, 8.9
436, 37.45, 8.933
437, 37.55, 8.95
438, 37.75, 8.983
439, 37.84, 9
440, 38.03, 9.033
441, 38.23, 9.066
442, 38.32, 9.083
443, 38.5, 9.116
444, 38.6, 9.133
445, 38.81, 9.166
446, 38.9, 9.183
447, 39.08, 9.216
448, 39.26, 9.25
449, 39.35, 9.266
450, 39.51, 9.3
451, 39.6, 9.316
452, 39.78, 9.35
453, 39.88, 9.366
454, 40.04, 9.4
455, 40.12, 9.416
456, 40.09, 9.45
457, 40.2, 9.466
458, 40.45, 9.5
459, 40.51, 9.516
460, 40.67, 9.55
461, 40.74, 9.566
462, 40.92, 9.6
463, 41, 9.616
464, 41.15, 9.65
465, 41.23, 9.666
466, 41.32, 9.683
467, 41.48, 9.716
468, 41.56, 9.733
469, 41.72, 9.766
470, 41.81, 9.783
471, 41.96, 9.816
472, 42.04, 9.833
473, 42.21, 9.866
474, 42.29, 9.883
475, 42.36, 9.9
476, 42.53, 9.933
477, 42.61, 9.95
478, 42.78, 9.983
479, 42.85, 10
480, 43, 10.033
481, 43.08, 10.05
482, 43.17, 10.066
483, 43.33, 10.1
484, 43.41, 10.116
485, 43.49, 10.133
486, 43.64, 10.166
487, 43.72, 10.183
488, 43.88, 10.216
489, 43.96, 10.233
490, 44.04, 10.25
491, 44.2, 10.283
492, 44.28, 10.3
493, 44.36, 10.316
494, 44.52, 10.35
495, 44.61, 10.366
496, 44.69, 10.383
497, 44.85, 10.416
498, 44.92, 10.433
499, 45.07, 10.466
500, 45.15, 10.483
501, 45.22, 10.5
502, 45.31, 10.516
503, 45.47, 10.55
504, 45.55, 10.566
505, 45.63, 10.583
506, 45.77, 10.616
507, 45.85, 10.633
508, 45.92, 10.65
509, 46.07, 10.683
510, 46.15, 10.7
511, 46.23, 10.716
512, 46.39, 10.75
513, 46.46, 10.766
514, 46.53, 10.783
515, 46.67, 10.816
516, 46.75, 10.833
517, 46.82, 10.85
518, 46.89, 10.866
519, 47.04, 10.9
520, 47.11, 10.916
521, 47.19, 10.933
522, 47.33, 10.966
523, 47.4, 10.983
524, 47.47, 11
525, 47.54, 11.016
526, 47.68, 11.05
527, 47.75, 11.066
528, 47.82, 11.083
529, 47.89, 11.1
530, 48.02, 11.133
531, 48.09, 11.15
532, 48.15, 11.166
533, 48.22, 11.183
534, 48.36, 11.216
535, 48.42, 11.233
536, 48.49, 11.25
537, 48.48, 11.266
538, 48.58, 11.3
539, 48.69, 11.316
540, 48.72, 11.333
541, 48.77, 11.35
542, 48.9, 11.383
543, 48.95, 11.4
544, 49.01, 11.416
545, 49.07, 11.433
546, 49.18, 11.466
547, 49.24, 11.483
548, 49.3, 11.5
549, 49.35, 11.516
550, 49.41, 11.533
551, 49.52, 11.566
552, 49.58, 11.583
553, 49.64, 11.6
554, 49.69, 11.616
555, 49.75, 11.633
556, 49.87, 11.666
557, 49.92, 11.683
558, 49.97, 11.7
559, 50.03, 11.716
560, 50.14, 11.75
561, 50.2, 11.766
562, 50.26, 11.783
563, 50.32, 11.8
564, 50.37, 11.816
565, 50.48, 11.85
566, 50.54, 11.866
567, 50.59, 11.883
568, 50.65, 11.9
569, 50.71, 11.916
570, 50.76, 11.933
571, 50.87, 11.966
572, 50.93, 11.983
573, 50.98, 12
574, 51.03, 12.016
575, 51.09, 12.033
576, 51.2, 12.066
577, 51.25, 12.083
578, 51.31, 12.1
579, 51.36, 12.116
580, 51.42, 12.133
581, 51.47, 12.15
582, 51.58, 12.183
583, 51.63, 12.2
584, 51.69, 12.216
585, 51.75, 12.233
586, 51.8, 12.25
587, 51.85, 12.266
588, 51.96, 12.3
589, 52.02, 12.316
590, 52.07, 12.333
591, 52.13, 12.35
592, 52.18, 12.366
593, 52.23, 12.383
594, 52.29, 12.4
595, 52.39, 12.433
596, 52.45, 12.45
597, 52.5, 12.466
598, 52.55, 12.483
599, 52.6, 12.5
600, 52.66, 12.516
601, 52.71, 12.533
602, 52.82, 12.566
603, 52.88, 12.583
604, 52.93, 12.6
605, 52.98, 12.616
606, 53.03, 12.633
607, 53.09, 12.65
608, 53.14, 12.666
609, 53.25, 12.7
610, 53.3, 12.716
611, 53.36, 12.733
612, 53.41, 12.75
613, 53.47, 12.766
614, 53.52, 12.783
615, 53.57, 12.8
616, 53.62, 12.816
617, 53.68, 12.833
618, 53.79, 12.866
619, 53.84, 12.883
620, 53.89, 12.9
621, 53.95, 12.916
622, 53.99, 12.933
623, 54.05, 12.95
624, 54.1, 12.966
625, 54.15, 12.983
626, 54.2, 13
627, 54.3, 13.033
628, 54.35, 13.05
629, 54.4, 13.066
630, 54.45, 13.083
631, 54.51, 13.1
632, 54.56, 13.116
633, 54.61, 13.133
634, 54.66, 13.15
635, 54.71, 13.166
636, 54.76, 13.183
637, 54.85, 13.216
638, 54.9, 13.233
639, 54.95, 13.25
640, 55, 13.266
641, 55.06, 13.283
642, 55.11, 13.3
643, 55.16, 13.316
644, 55.21, 13.333
645, 55.25, 13.35
646, 55.3, 13.366
647, 55.35, 13.383
648, 55.45, 13.416
649, 55.49, 13.433
650, 55.54, 13.45
651, 55.59, 13.466
652, 55.64, 13.483
653, 55.69, 13.5
654, 55.74, 13.516
655, 55.79, 13.533
656, 55.84, 13.55
657, 55.88, 13.566
658, 55.93, 13.583
659, 55.98, 13.6
660, 56.03, 13.616
661, 56.07, 13.633
662, 56.17, 13.666
663, 56.22, 13.683
664, 56.27, 13.7
665, 56.31, 13.716
666, 56.36, 13.733
667, 56.41, 13.75
668, 56.46, 13.766
669, 56.5, 13.783
670, 56.55, 13.8
671, 56.6, 13.816
672, 56.65, 13.833
673, 56.69, 13.85
674, 56.74, 13.866
675, 56.79, 13.883
676, 56.84, 13.9
677, 56.89, 13.916
678, 56.98, 13.95
679, 57.03, 13.966
680, 57.07, 13.983
681, 57.12, 14
682, 57.16, 14.016
683, 57.21, 14.033
684, 57.26, 14.05
685, 57.3, 14.066
686, 57.35, 14.083
687, 57.39, 14.1
688, 57.44, 14.116
689, 57.49, 14.133
690, 57.53, 14.15
691, 57.58, 14.166
692, 57.62, 14.183
693, 57.67, 14.2
694, 57.71, 14.216
695, 57.76, 14.233
696, 57.8, 14.25
697, 57.85, 14.266
698, 57.89, 14.283
699, 57.94, 14.3
700, 57.98, 14.316
701, 58.02, 14.333
702, 58.07, 14.35
703, 58.16, 14.383
704, 58.21, 14.4
705, 58.26, 14.416
706, 58.3, 14.433
707, 58.34, 14.45
708, 58.39, 14.466
709, 58.44, 14.483
710, 58.48, 14.5
711, 58.52, 14.516
712, 58.57, 14.533
713, 58.62, 14.55
714, 58.66, 14.566
715, 58.7, 14.583
716, 58.75, 14.6
717, 58.8, 14.616
718, 58.84, 14.633
719, 58.88, 14.65
720, 58.93, 14.666
721, 58.97, 14.683
722, 59.01, 14.7
723, 59.06, 14.716
724, 59.1, 14.733
725, 59.14, 14.75
726, 59.19, 14.766
727, 59.23, 14.783
728, 59.28, 14.8
729, 59.32, 14.816
730, 59.36, 14.833
731, 59.41, 14.85
732, 59.45, 14.866
733, 59.49, 14.883
734, 59.53, 14.9
735, 59.58, 14.916
736, 59.62, 14.933
737, 59.66, 14.95
738, 59.71, 14.966
739, 59.75, 14.983
740, 59.8, 15
741, 59.84, 15.016
742, 59.88, 15.033
743, 59.92, 15.05
744, 59.96, 15.066
745, 60, 15.083
746, 60.04, 15.1
747, 60.09, 15.116
748, 60.12, 15.133
749, 60.16, 15.15
750, 60.19, 15.166
751, 60.23, 15.183
752, 60.2, 15.2
753, 60.16, 15.216
754, 60.26, 15.233
755, 60.32, 15.25
756, 60.31, 15.266
757, 60.37, 15.283
758, 60.42, 15.3
759, 60.44, 15.316
760, 60.47, 15.333
761, 60.51, 15.35
762, 60.54, 15.366
763, 60.57, 15.383
764, 60.62, 15.4
765, 60.66, 15.416
766, 60.69, 15.433
767, 60.72, 15.45
768, 60.76, 15.466
769, 60.79, 15.483
770, 60.82, 15.5
771, 60.85, 15.516
772, 60.88, 15.533
773, 60.92, 15.55
774, 60.95, 15.566
775, 60.98, 15.583
776, 61.01, 15.6
777, 61.05, 15.616
778, 61.08, 15.633
779, 61.11, 15.65
780, 61.14, 15.666
781, 61.18, 15.683
782, 61.21, 15.7
783, 61.24, 15.716
784, 61.27, 15.733
785, 61.3, 15.75
786, 61.34, 15.766
787, 61.37, 15.783
788, 61.4, 15.8
789, 61.43, 15.816
790, 61.46, 15.833
791, 61.49, 15.85
792, 61.52, 15.866
793, 61.55, 15.883
794, 61.58, 15.9
795, 61.61, 15.916
796, 61.65, 15.933
797, 61.68, 15.95
798, 61.68, 15.95
799, 61.71, 15.966
800, 61.75, 15.983
801, 61.78, 16
802, 61.81, 16.016
803, 61.84, 16.033
804, 61.87, 16.05
805, 61.9, 16.066
806, 61.93, 16.083
807, 61.96, 16.1
808, 61.99, 16.116
809, 62.02, 16.133
810, 62.05, 16.15
811, 62.09, 16.166
812, 62.12, 16.183
813, 62.15, 16.2
814, 62.18, 16.216
815, 62.21, 16.233
816, 62.24, 16.25
817, 62.27, 16.266
818, 62.3, 16.283
819, 62.33, 16.3
820, 62.37, 16.316
821, 62.4, 16.333
822, 62.42, 16.35
823, 62.45, 16.366
824, 62.48, 16.383
825, 62.52, 16.4
826, 62.55, 16.416
827, 62.58, 16.433
828, 62.58, 16.433
829, 62.62, 16.45
830, 62.65, 16.466
831, 62.68, 16.483
832, 62.72, 16.5
833, 62.75, 16.516
834, 62.78, 16.533
835, 62.81, 16.55
836, 62.85, 16.566
837, 62.89, 16.583
838, 62.92, 16.6
839, 62.96, 16.616
840, 62.99, 16.633
841, 63.02, 16.65
842, 63.05, 16.666
843, 63.08, 16.683
844, 63.11, 16.7
845, 63.14, 16.716
846, 63.18, 16.733
847, 63.21, 16.75
848, 63.24, 16.766
849, 63.27, 16.783
850, 63.31, 16.8
851, 63.31, 16.8
852, 63.34, 16.816
853, 63.36, 16.833
854, 63.39, 16.85
855, 63.42, 16.866
856, 63.45, 16.883
857, 63.48, 16.9
858, 63.51, 16.916
859, 63.54, 16.933
860, 63.57, 16.95
861, 63.59, 16.966
862, 63.63, 16.983
863, 63.66, 17
864, 63.69, 17.016
865, 63.72, 17.033
866, 63.75, 17.05
867, 63.77, 17.066
868, 63.8, 17.083
869, 63.83, 17.1
870, 63.83, 17.1
871, 63.85, 17.116
872, 63.87, 17.133
873, 63.9, 17.15
874, 63.94, 17.166
875, 63.96, 17.183
876, 64, 17.2
877, 64.03, 17.216
878, 64.05, 17.233
879, 64.07, 17.25
880, 64.09, 17.266
881, 64.13, 17.283
882, 64.14, 17.3
883, 64.16, 17.316
884, 64.17, 17.333
885, 64.17, 17.333
886, 64.18, 17.35
887, 64.2, 17.366
888, 64.23, 17.383
889, 64.3, 17.4
890, 64.32, 17.416
891, 64.35, 17.433
892, 64.35, 17.45
893, 64.37, 17.466
894, 64.39, 17.483
895, 64.4, 17.5
896, 64.42, 17.516
897, 64.43, 17.533
898, 64.43, 17.533
899, 64.44, 17.55
900, 64.48, 17.566
901, 64.53, 17.583
902, 64.55, 17.6
903, 64.55, 17.616
904, 64.58, 17.633
905, 64.6, 17.65
906, 64.62, 17.666
907, 64.66, 17.683
908, 64.7, 17.7
909, 64.73, 17.716
910, 64.74, 17.733
911, 64.74, 17.733
912, 64.74, 17.75
913, 64.76, 17.766
914, 64.78, 17.783
915, 64.79, 17.8
916, 64.82, 17.816
917, 64.85, 17.833
918, 64.88, 17.85
919, 64.91, 17.866
920, 64.93, 17.883
921, 64.93, 17.883
922, 64.95, 17.9
923, 64.97, 17.916
924, 64.99, 17.933
925, 65, 17.95
926, 65.02, 17.966
927, 65.04, 17.983
928, 65.06, 18
929, 65.08, 18.016
930, 65.1, 18.033
931, 65.1, 18.033
932, 65.12, 18.05
933, 65.15, 18.066
934, 65.17, 18.083
935, 65.19, 18.1
936, 65.21, 18.116
937, 65.23, 18.133
938, 65.25, 18.15
939, 65.26, 18.166
940, 65.26, 18.166
941, 65.28, 18.183
942, 65.31, 18.2
943, 65.33, 18.216
944, 65.36, 18.233
945, 65.38, 18.25
946, 65.41, 18.266
947, 65.43, 18.283
948, 65.45, 18.3
949, 65.45, 18.3
950, 65.47, 18.316
951, 65.5, 18.333
952, 65.52, 18.35
953, 65.54, 18.366
954, 65.56, 18.383
955, 65.59, 18.4
956, 65.61, 18.416
957, 65.63, 18.433
958, 65.65, 18.45
959, 65.65, 18.45
960, 65.68, 18.466
961, 65.7, 18.483
962, 65.72, 18.5
963, 65.74, 18.516
964, 65.76, 18.533
965, 65.78, 18.55
966, 65.8, 18.566
967, 65.82, 18.583
968, 65.85, 18.6
969, 65.85, 18.6
970, 65.87, 18.616
971, 65.89, 18.633
972, 65.92, 18.65
973, 65.94, 18.666
974, 65.96, 18.683
975, 65.97, 18.7
976, 66, 18.716
977, 66.02, 18.733
978, 66.04, 18.75
979, 66.06, 18.766
980, 66.06, 18.766
981, 66.08, 18.783
982, 66.09, 18.8
983, 66.11, 18.816
984, 66.13, 18.833
985, 66.15, 18.85
986, 66.17, 18.866
987, 66.19, 18.883
988, 66.22, 18.9
989, 66.24, 18.916
990, 66.26, 18.933
991, 66.26, 18.933
992, 66.28, 18.95
993, 66.3, 18.966
994, 66.32, 18.983
995, 66.34, 19
996, 66.35, 19.016
997, 66.36, 19.033
998, 66.37, 19.05
999, 66.37, 19.066
1000, 66.37, 19.083
1001, 66.36, 19.1
1002, 66.36, 19.1
1003, 66.34, 19.116
1004, 66.31, 19.133
1005, 66.27, 19.15
1006, 66.22, 19.166
1007, 66.17, 19.183
1008, 66.12, 19.2
1009, 66.05, 19.216
1010, 65.97, 19.233
1011, 65.88, 19.25
1012, 65.77, 19.266
1013, 65.64, 19.283
1014, 65.64, 19.283
1015, 65.5, 19.3
1016, 65.34, 19.316
1017, 65.17, 19.333
1018, 64.98, 19.35
1019, 64.78, 19.366
1020, 64.57, 19.383
1021, 64.36, 19.4
1022, 64.14, 19.416
1023, 63.9, 19.433
1024, 63.62, 19.45
1025, 63.4, 19.466
1026, 63.18, 19.483
1027, 62.95, 19.5
1028, 62.69, 19.516
1029, 62.45, 19.533
1030, 62.45, 19.533
1031, 62.22, 19.55
1032, 61.98, 19.566
1033, 61.74, 19.583
1034, 61.49, 19.6
1035, 61.25, 19.616
1036, 61, 19.633
1037, 60.76, 19.65
1038, 60.53, 19.666
1039, 60.29, 19.683
1040, 60.07, 19.7
1041, 59.84, 19.716
1042, 59.63, 19.733
1043, 59.34, 19.75
1044, 59.03, 19.766
1045, 58.81, 19.783
1046, 58.59, 19.8
1047, 58.36, 19.816
1048, 58.1, 19.833
1049, 57.88, 19.85
1050, 57.52, 19.883
1051, 57.31, 19.9
1052, 57.08, 19.916
1053, 56.86, 19.933
1054, 56.65, 19.95
1055, 56.39, 19.966
1056, 56.15, 19.983
1057, 56.02, 20
1058, 55.88, 20.016
1059, 55.75, 20.033
1060, 55.62, 20.05
1061, 55.47, 20.066
1062, 55.35, 20.083
1063, 55.26, 20.1
1064, 55.15, 20.116
1065, 54.95, 20.15
1066, 54.87, 20.166
1067, 54.78, 20.183
1068, 54.7, 20.2
1069, 54.62, 20.216
1070, 54.55, 20.233
1071, 54.47, 20.25
1072, 54.4, 20.266
1073, 54.33, 20.283
1074, 54.27, 20.3
1075, 54.13, 20.333
1076, 54.06, 20.35
1077, 54, 20.366
1078, 53.93, 20.383
1079, 53.87, 20.4
1080, 53.8, 20.416
1081, 53.73, 20.433
1082, 53.67, 20.45
1083, 53.6, 20.466
1084, 53.46, 20.5
1085, 53.4, 20.516
1086, 53.33, 20.533
1087, 53.27, 20.55
1088, 53.2, 20.566
1089, 53.13, 20.583
1090, 53.07, 20.6
1091, 53, 20.616
1092, 52.86, 20.65
1093, 52.79, 20.666
1094, 52.72, 20.683
1095, 52.64, 20.7
1096, 52.57, 20.716
1097, 52.49, 20.733
1098, 52.41, 20.75
1099, 52.34, 20.766
1100, 52.26, 20.783
1101, 52.12, 20.816
1102, 52.05, 20.833
1103, 51.97, 20.85
1104, 51.9, 20.866
1105, 51.82, 20.883
1106, 51.75, 20.9
1107, 51.67, 20.916
1108, 51.59, 20.933
1109, 51.51, 20.95
1110, 51.43, 20.966
1111, 51.34, 20.983
1112, 51.19, 21.016
1113, 51.13, 21.033
1114, 51.06, 21.05
1115, 51, 21.066
1116, 50.94, 21.083
1117, 50.88, 21.1
1118, 50.83, 21.116
1119, 50.84, 21.133
1120, 50.81, 21.15
1121, 50.73, 21.183
1122, 50.73, 21.2
1123, 50.71, 21.216
1124, 50.69, 21.233
1125, 50.68, 21.25
1126, 50.68, 21.266
1127, 50.67, 21.3
1128, 50.67, 21.316
1129, 50.67, 21.333
1130, 50.66, 21.35
1131, 50.66, 21.366
1132, 50.67, 21.383
1133, 50.67, 21.416
1134, 50.67, 21.433
1135, 50.67, 21.45
1136, 50.67, 21.466
1137, 50.67, 21.483
1138, 50.67, 21.516
1139, 50.66, 21.533
1140, 50.66, 21.55
1141, 50.66, 21.566
1142, 50.67, 21.583
1143, 50.68, 21.616
1144, 50.68, 21.633
1145, 50.69, 21.65
1146, 50.71, 21.666
1147, 50.72, 21.683
1148, 50.75, 21.716
1149, 50.75, 21.733
1150, 50.76, 21.75
1151, 50.79, 21.766
1152, 50.82, 21.783
1153, 50.88, 21.816
1154, 50.9, 21.833
1155, 50.93, 21.85
1156, 50.95, 21.866
1157, 50.98, 21.883
1158, 51, 21.916
1159, 51.02, 21.933
1160, 51.07, 21.95
1161, 51.14, 21.966
1162, 51.19, 21.983
1163, 51.2, 22
1164, 51.26, 22.033
1165, 51.29, 22.05
1166, 51.32, 22.066
1167, 51.35, 22.083
1168, 51.37, 22.1
1169, 51.44, 22.133
1170, 51.5, 22.15
1171, 51.54, 22.166
1172, 51.56, 22.183
1173, 51.59, 22.2
1174, 51.63, 22.216
1175, 51.68, 22.25
1176, 51.71, 22.266
1177, 51.75, 22.283
1178, 51.78, 22.3
1179, 51.81, 22.316
1180, 51.83, 22.333
1181, 51.92, 22.366
1182, 51.97, 22.383
1183, 51.99, 22.4
1184, 52.01, 22.416
1185, 52.03, 22.433
1186, 52.07, 22.45
1187, 52.16, 22.483
1188, 52.19, 22.5
1189, 52.21, 22.516
1190, 52.25, 22.533
1191, 52.28, 22.55
1192, 52.31, 22.566
1193, 52.39, 22.6
1194, 52.43, 22.616
1195, 52.47, 22.633
1196, 52.49, 22.65
1197, 52.53, 22.666
1198, 52.57, 22.683
1199, 52.61, 22.7
1200, 52.68, 22.733
1201, 52.72, 22.75
1202, 52.76, 22.766
1203, 52.8, 22.783
1204, 52.84, 22.8
1205, 52.88, 22.816
1206, 52.92, 22.833
1207, 52.99, 22.866
1208, 53.02, 22.883
1209, 53.04, 22.9
1210, 53.05, 22.916
1211, 53.07, 22.933
1212, 53.09, 22.95
1213, 53.11, 22.966
1214, 53.31, 23
1215, 53.38, 23.016
1216, 53.38, 23.033
1217, 53.39, 23.05
1218, 53.44, 23.066
1219, 53.5, 23.083
1220, 53.53, 23.1
1221, 53.6, 23.133
1222, 53.65, 23.15
1223, 53.69, 23.166
1224, 53.72, 23.183
1225, 53.76, 23.2
1226, 53.8, 23.216
1227, 53.84, 23.233
1228, 53.87, 23.25
1229, 53.9, 23.266
1230, 53.98, 23.3
1231, 54.02, 23.316
1232, 54.06, 23.333
1233, 54.1, 23.35
1234, 54.14, 23.366
1235, 54.18, 23.383
1236, 54.21, 23.4
1237, 54.25, 23.416
1238, 54.29, 23.433
1239, 54.37, 23.466
1240, 54.41, 23.483
1241, 54.45, 23.5
1242, 54.49, 23.516
1243, 54.53, 23.533
1244, 54.56, 23.55
1245, 54.6, 23.566
1246, 54.64, 23.583
1247, 54.68, 23.6
1248, 54.72, 23.616
1249, 54.8, 23.65
1250, 54.83, 23.666
1251, 54.87, 23.683
1252, 54.91, 23.7
1253, 54.95, 23.716
1254, 54.99, 23.733
1255, 55.03, 23.75
1256, 55.07, 23.766
1257, 55.11, 23.783
1258, 55.15, 23.8
1259, 55.23, 23.833
1260, 55.27, 23.85
1261, 55.3, 23.866
1262, 55.34, 23.883
1263, 55.38, 23.9
1264, 55.42, 23.916
1265, 55.45, 23.933
1266, 55.49, 23.95
1267, 55.53, 23.966
1268, 55.57, 23.983
1269, 55.61, 24
1270, 55.65, 24.016
1271, 55.69, 24.033
1272, 55.77, 24.066
1273, 55.81, 24.083
1274, 55.85, 24.1
1275, 55.88, 24.116
1276, 55.92, 24.133
1277, 55.96, 24.15
1278, 56, 24.166
1279, 56.04, 24.183
1280, 56.07, 24.2
1281, 56.11, 24.216
1282, 56.14, 24.233
1283, 56.18, 24.25
1284, 56.22, 24.266
1285, 56.25, 24.283
1286, 56.29, 24.3
1287, 56.36, 24.333
1288, 56.4, 24.35
1289, 56.44, 24.366
1290, 56.47, 24.383
1291, 56.51, 24.4
1292, 56.54, 24.416
1293, 56.58, 24.433
1294, 56.61, 24.45
1295, 56.65, 24.466
1296, 56.68, 24.483
1297, 56.72, 24.5
1298, 56.75, 24.516
1299, 56.79, 24.533
1300, 56.82, 24.55
1301, 56.86, 24.566
1302, 56.89, 24.583
1303, 56.93, 24.6
1304, 56.96, 24.616
1305, 57, 24.633
1306, 57.06, 24.666
1307, 57.1, 24.683
1308, 57.13, 24.7
1309, 57.16, 24.716
1310, 57.2, 24.733
1311, 57.23, 24.75
1312, 57.26, 24.766
1313, 57.29, 24.783
1314, 57.33, 24.8
1315, 57.36, 24.816
1316, 57.39, 24.833
1317, 57.42, 24.85
1318, 57.45, 24.866
1319, 57.49, 24.883
1320, 57.52, 24.9
1321, 57.55, 24.916
1322, 57.58, 24.933
1323, 57.61, 24.95
1324, 57.64, 24.966
1325, 57.67, 24.983
1326, 57.7, 25
1327, 57.73, 25.016
1328, 57.76, 25.033
1329, 57.78, 25.05
1330, 57.82, 25.066
1331, 57.85, 25.083
1332, 57.9, 25.116
1333, 57.93, 25.133
1334, 57.96, 25.15
1335, 57.99, 25.166
1336, 58.02, 25.183
1337, 58.04, 25.2
1338, 58.06, 25.216
1339, 58.07, 25.233
1340, 58.1, 25.25
1341, 58.12, 25.266
1342, 58.14, 25.283
1343, 58.16, 25.3
1344, 58.13, 25.316
1345, 58.07, 25.333
1346, 58.16, 25.35
1347, 58.18, 25.366
1348, 58.19, 25.383
1349, 58.23, 25.4
1350, 58.25, 25.416
1351, 58.28, 25.433
1352, 58.32, 25.45
1353, 58.34, 25.466
1354, 58.36, 25.483
1355, 58.38, 25.5
1356, 58.4, 25.516
1357, 58.42, 25.533
1358, 58.44, 25.55
1359, 58.46, 25.566
1360, 58.49, 25.583
1361, 58.51, 25.6
1362, 58.53, 25.616
1363, 58.56, 25.633
1364, 58.58, 25.65
1365, 58.6, 25.666
1366, 58.62, 25.683
1367, 58.64, 25.7
1368, 58.66, 25.716
1369, 58.68, 25.733
1370, 58.71, 25.75
1371, 58.75, 25.783
1372, 58.78, 25.8
1373, 58.8, 25.816
1374, 58.82, 25.833
1375, 58.85, 25.85
1376, 58.87, 25.866
1377, 58.89, 25.883
1378, 58.91, 25.9
1379, 58.93, 25.916
1380, 58.95, 25.933
1381, 58.97, 25.95
1382, 59, 25.966
1383, 59.02, 25.983
1384, 59.04, 26
1385, 59.06, 26.016
1386, 59.08, 26.033
1387, 59.1, 26.05
1388, 59.12, 26.066
1389, 59.15, 26.083
1390, 59.16, 26.1
1391, 59.18, 26.116
1392, 59.19, 26.133
1393, 59.21, 26.15
1394, 59.22, 26.166
1395, 59.24, 26.183
1396, 59.26, 26.2
1397, 59.29, 26.216
1398, 59.31, 26.233
1399, 59.33, 26.25
1400, 59.35, 26.266
1401, 59.37, 26.283
1402, 59.38, 26.3
1403, 59.4, 26.316
1404, 59.42, 26.333
1405, 59.45, 26.35
1406, 59.46, 26.366
1407, 59.48, 26.383
1408, 59.5, 26.4
1409, 59.52, 26.416
1410, 59.53, 26.433
1411, 59.55, 26.45
1412, 59.57, 26.466
1413, 59.59, 26.483
1414, 59.62, 26.5
1415, 59.64, 26.516
1416, 59.66, 26.533
1417, 59.68, 26.55
1418, 59.7, 26.566
1419, 59.72, 26.583
1420, 59.74, 26.6
1421, 59.76, 26.616
1422, 59.77, 26.633
1423, 59.79, 26.65
1424, 59.81, 26.666
1425, 59.83, 26.683
1426, 59.85, 26.7
1427, 59.87, 26.716
1428, 59.89, 26.733
1429, 59.91, 26.75
1430, 59.93, 26.766
1431, 59.95, 26.783
1432, 59.96, 26.8
1433, 59.98, 26.816
1434, 60, 26.833
1435, 60.02, 26.85
1436, 60.04, 26.866
1437, 60.05, 26.883
1438, 60.07, 26.9
1439, 60.08, 26.916
1440, 60.1, 26.933
1441, 60.12, 26.95
1442, 60.14, 26.966
1443, 60.16, 26.983
1444, 60.18, 27
1445, 60.2, 27.016
1446, 60.22, 27.033
1447, 60.24, 27.05
1448, 60.26, 27.066
1449, 60.28, 27.083
1450, 60.3, 27.1
1451, 60.32, 27.116
1452, 60.33, 27.133
1453, 60.35, 27.15
1454, 60.37, 27.166
1455, 60.39, 27.183
1456, 60.41, 27.2
1457, 60.43, 27.216
1458, 60.45, 27.233
1459, 60.47, 27.25
1460, 60.49, 27.266
1461, 60.51, 27.283
1462, 60.53, 27.3
1463, 60.55, 27.316
1464, 60.57, 27.333
1465, 60.58, 27.35
1466, 60.6, 27.366
1467, 60.61, 27.383
1468, 60.63, 27.4
1469, 60.65, 27.416
1470, 60.67, 27.433
1471, 60.69, 27.45
1472, 60.71, 27.466
1473, 60.72, 27.483
1474, 60.74, 27.5
1475, 60.75, 27.516
1476, 60.77, 27.533
1477, 60.79, 27.55
1478, 60.8, 27.566
1479, 60.82, 27.583
1480, 60.84, 27.6
1481, 60.86, 27.616
1482, 60.88, 27.633
1483, 60.89, 27.65
1484, 60.91, 27.666
1485, 60.93, 27.683
1486, 60.94, 27.7
1487, 60.96, 27.716
1488, 60.98, 27.733
1489, 61, 27.75
1490, 61.01, 27.766
1491, 61.03, 27.783
1492, 61.04, 27.8
1493, 61.06, 27.816
1494, 61.07, 27.833
1495, 61.09, 27.85
1496, 61.11, 27.866
1497, 61.13, 27.883
1498, 61.15, 27.9
1499, 61.16, 27.916
1500, 61.18, 27.933
1501, 61.2, 27.95
1502, 61.21, 27.966
1503, 61.23, 27.983
1504, 61.24, 28
1505, 61.26, 28.016
1506, 61.27, 28.033
1507, 61.29, 28.05
1508, 61.3, 28.066
1509, 61.32, 28.083
1510, 61.33, 28.1
1511, 61.35, 28.116
1512, 61.35, 28.116
1513, 61.36, 28.133
1514, 61.38, 28.15
1515, 61.4, 28.166
1516, 61.42, 28.183
1517, 61.44, 28.2
1518, 61.45, 28.216
1519, 61.47, 28.233
1520, 61.48, 28.25
1521, 61.5, 28.266
1522, 61.51, 28.283
1523, 61.53, 28.3
1524, 61.55, 28.316
1525, 61.56, 28.333
1526, 61.58, 28.35
1527, 61.6, 28.366
1528, 61.61, 28.383
1529, 61.63, 28.4
1530, 61.64, 28.416
1531, 61.66, 28.433
1532, 61.67, 28.45
1533, 61.68, 28.466
1534, 61.7, 28.483
1535, 61.72, 28.5
1536, 61.73, 28.516
1537, 61.75, 28.533
1538, 61.76, 28.55
1539, 61.78, 28.566
1540, 61.79, 28.583
1541, 61.81, 28.6
1542, 61.82, 28.616
1543, 61.84, 28.633
1544, 61.85, 28.65
1545, 61.87, 28.666
1546, 61.88, 28.683
1547, 61.89, 28.7
1548, 61.91, 28.716
1549, 61.92, 28.733
1550, 61.94, 28.75
1551, 61.95, 28.766
1552, 61.96, 28.783
1553, 61.97, 28.8
1554, 61.98, 28.816
1555, 61.98, 28.816
1556, 62, 28.833
1557, 62.01, 28.85
1558, 62.03, 28.866
1559, 62.04, 28.883
1560, 62.05, 28.9
1561, 62.06, 28.916
1562, 62.07, 28.933
1563, 62.08, 28.95
1564, 62.09, 28.966
1565, 62.1, 28.983
1566, 62.11, 29
1567, 62.12, 29.016
1568, 62.13, 29.033
1569, 62.14, 29.05
1570, 62.15, 29.066
1571, 62.16, 29.083
1572, 62.17, 29.1
1573, 62.19, 29.116
1574, 62.2, 29.133
1575, 62.21, 29.15
1576, 62.22, 29.166
1577, 62.23, 29.183
1578, 62.23, 29.2
1579, 62.24, 29.216
1580, 62.25, 29.233
1581, 62.26, 29.25
1582, 62.26, 29.266
1583, 62.27, 29.283
1584, 62.27, 29.3
1585, 62.28, 29.316
1586, 62.29, 29.333
1587, 62.29, 29.333
1588, 62.29, 29.35
1589, 62.3, 29.366
1590, 62.31, 29.383
1591, 62.32, 29.4
1592, 62.32, 29.416
1593, 62.33, 29.433
1594, 62.34, 29.45
1595, 62.34, 29.466
1596, 62.35, 29.483
1597, 62.36, 29.5
1598, 62.37, 29.516
1599, 62.37, 29.533
1600, 62.38, 29.55
1601, 62.4, 29.566
1602, 62.4, 29.583
1603, 62.42, 29.6
1604, 62.42, 29.616
1605, 62.43, 29.633
1606, 62.43, 29.65
1607, 62.44, 29.666
1608, 62.45, 29.683
1609, 62.46, 29.7
1610, 62.47, 29.716
1611, 62.48, 29.733
1612, 62.49, 29.75
1613, 62.49, 29.766
1614, 62.49, 29.766
1615, 62.51, 29.783
1616, 62.51, 29.8
1617, 62.52, 29.816
1618, 62.53, 29.833
1619, 62.54, 29.85
1620, 62.55, 29.866
1621, 62.55, 29.883
1622, 62.54, 29.9
1623, 62.51, 29.916
1624, 62.46, 29.933
1625, 62.4, 29.95
1626, 62.3, 29.966
1627, 62.19, 29.983
1628, 62.05, 30
1629, 61.89, 30.016
1630, 61.7, 30.033
1631, 61.49, 30.05
1632, 61.27, 30.066
1633, 61.04, 30.083
1634, 60.8, 30.1
1635, 60.53, 30.116
1636, 60.25, 30.133
1637, 59.93, 30.15
1638, 59.62, 30.166
1639, 59.33, 30.183
1640, 59.03, 30.2
1641, 58.72, 30.216
1642, 58.38, 30.233
1643, 58.07, 30.25
1644, 57.76, 30.266
1645, 57.44, 30.283
1646, 57.13, 30.3
1647, 56.82, 30.316
1648, 56.5, 30.333
1649, 56.18, 30.35
1650, 55.87, 30.366
1651, 55.56, 30.383
1652, 55.24, 30.4
1653, 54.93, 30.416
1654, 54.32, 30.45
1655, 54.01, 30.466
1656, 53.7, 30.483
1657, 53.39, 30.5
1658, 53.09, 30.516
1659, 52.77, 30.533
1660, 52.38, 30.55
1661, 52.04, 30.566
1662, 51.45, 30.6
1663, 51.15, 30.616
1664, 50.85, 30.633
1665, 50.54, 30.65
1666, 50.24, 30.666
1667, 49.91, 30.683
1668, 49.3, 30.716
1669, 49, 30.733
1670, 48.7, 30.75
1671, 48.39, 30.766
1672, 47.8, 30.8
1673, 47.51, 30.816
1674, 47.22, 30.833
1675, 46.95, 30.85
1676, 46.43, 30.883
1677, 46.17, 30.9
1678, 45.91, 30.916
1679, 45.45, 30.95
1680, 45.24, 30.966
1681, 45.03, 30.983
1682, 44.62, 31.016
1683, 44.43, 31.033
1684, 44.24, 31.05
1685, 43.87, 31.083
1686, 43.62, 31.1
1687, 43.36, 31.116
1688, 43.01, 31.15
1689, 42.83, 31.166
1690, 42.5, 31.2
1691, 42.3, 31.216
1692, 41.95, 31.25
1693, 41.8, 31.266
1694, 41.45, 31.3
1695, 41.28, 31.316
1696, 40.99, 31.35
1697, 40.85, 31.366
1698, 40.56, 31.4
1699, 40.42, 31.416
1700, 40.14, 31.45
1701, 40.01, 31.466
1702, 39.79, 31.5
1703, 39.7, 31.516
1704, 39.53, 31.55
1705, 39.39, 31.583
1706, 39.33, 31.6
1707, 39.22, 31.633
1708, 39.17, 31.65
1709, 39.07, 31.683
1710, 39.02, 31.7
1711, 38.92, 31.733
1712, 38.82, 31.766
1713, 38.77, 31.783
1714, 38.67, 31.816
1715, 38.62, 31.833
1716, 38.52, 31.866
1717, 38.46, 31.883
1718, 38.36, 31.916
1719, 38.25, 31.95
1720, 38.2, 31.966
1721, 38.09, 32
1722, 37.98, 32.033
1723, 37.92, 32.05
1724, 37.8, 32.083
1725, 37.75, 32.1
1726, 37.65, 32.133
1727, 37.57, 32.166
1728, 37.54, 32.183
1729, 37.57, 32.216
1730, 37.53, 32.25
1731, 37.54, 32.266
1732, 37.55, 32.3
1733, 37.56, 32.333
1734, 37.58, 32.35
1735, 37.61, 32.383
1736, 37.62, 32.4
1737, 37.68, 32.433
1738, 37.72, 32.466
1739, 37.75, 32.483
1740, 37.82, 32.516
1741, 37.86, 32.533
1742, 37.92, 32.566
1743, 38.01, 32.6
1744, 38.04, 32.616
1745, 38.12, 32.65
1746, 38.16, 32.666
1747, 38.24, 32.7
1748, 38.28, 32.716
1749, 38.37, 32.75
1750, 38.4, 32.766
1751, 38.48, 32.8
1752, 38.52, 32.816
1753, 38.57, 32.85
1754, 38.64, 32.883
1755, 38.68, 32.9
1756, 38.74, 32.933
1757, 38.77, 32.95
1758, 38.83, 32.983
1759, 38.86, 33
1760, 38.9, 33.033
1761, 38.93, 33.05
1762, 38.98, 33.083
1763, 39.01, 33.1
1764, 39.08, 33.133
1765, 39.1, 33.15
1766, 39.17, 33.183
1767, 39.21, 33.2
1768, 39.31, 33.233
1769, 39.35, 33.25
1770, 39.43, 33.283
1771, 39.46, 33.3
1772, 39.54, 33.333
1773, 39.58, 33.35
1774, 39.64, 33.383
1775, 39.69, 33.4
1776, 39.77, 33.433
1777, 39.8, 33.45
1778, 39.85, 33.483
1779, 39.9, 33.5
1780, 40.03, 33.533
1781, 40.07, 33.55
1782, 40.1, 33.566
1783, 40.2, 33.6
1784, 40.27, 33.616
1785, 40.4, 33.65
1786, 40.46, 33.666
1787, 40.59, 33.7
1788, 40.65, 33.716
1789, 40.79, 33.75
1790, 40.87, 33.766
1791, 41.01, 33.8
1792, 41.07, 33.816
1793, 41.13, 33.833
1794, 41.26, 33.866
1795, 41.34, 33.883
1796, 41.48, 33.916
1797, 41.56, 33.933
1798, 41.71, 33.966
1799, 41.78, 33.983
1800, 41.92, 34.016
1801, 42, 34.033
1802, 42.07, 34.05
1803, 42.22, 34.083
1804, 42.29, 34.1
1805, 42.43, 34.133
1806, 42.5, 34.15
1807, 42.58, 34.166
1808, 42.73, 34.2
1809, 42.8, 34.216
1810, 42.94, 34.25
1811, 43.01, 34.266
1812, 43.15, 34.3
1813, 43.23, 34.316
1814, 43.3, 34.333
1815, 43.44, 34.366
1816, 43.51, 34.383
1817, 43.58, 34.4
1818, 43.73, 34.433
1819, 43.8, 34.45
1820, 43.94, 34.483
1821, 44.01, 34.5
1822, 44.09, 34.516
1823, 44.23, 34.55
1824, 44.31, 34.566
1825, 44.38, 34.583
1826, 44.53, 34.616
1827, 44.6, 34.633
1828, 44.67, 34.65
1829, 44.82, 34.683
1830, 44.89, 34.7
1831, 44.96, 34.716
1832, 45.11, 34.75
1833, 45.19, 34.766
1834, 45.26, 34.783
1835, 45.41, 34.816
1836, 45.48, 34.833
1837, 45.56, 34.85
1838, 45.7, 34.883
1839, 45.78, 34.9
1840, 45.85, 34.916
1841, 46, 34.95
1842, 46.06, 34.966
1843, 46.14, 34.983
1844, 46.28, 35.016
1845, 46.35, 35.033
1846, 46.42, 35.05
1847, 46.56, 35.083
1848, 46.63, 35.1
1849, 46.7, 35.116
1850, 46.77, 35.133
1851, 46.9, 35.166
1852, 46.97, 35.183
1853, 47.04, 35.2
1854, 47.18, 35.233
1855, 47.25, 35.25
1856, 47.31, 35.266
1857, 47.38, 35.283
1858, 47.51, 35.316
1859, 47.57, 35.333
1860, 47.62, 35.35
1861, 47.64, 35.366
1862, 47.73, 35.4
1863, 47.85, 35.416
1864, 47.88, 35.433
1865, 47.94, 35.45
1866, 48.04, 35.483
1867, 48.1, 35.5
1868, 48.16, 35.516
1869, 48.22, 35.533
1870, 48.34, 35.566
1871, 48.39, 35.583
1872, 48.44, 35.6
1873, 48.5, 35.616
1874, 48.61, 35.65
1875, 48.67, 35.666
1876, 48.72, 35.683
1877, 48.78, 35.7
1878, 48.89, 35.733
1879, 48.95, 35.75
1880, 49, 35.766
1881, 49.05, 35.783
1882, 49.11, 35.8
1883, 49.22, 35.833
1884, 49.28, 35.85
1885, 49.33, 35.866
1886, 49.38, 35.883
1887, 49.48, 35.916
1888, 49.54, 35.933
1889, 49.57, 35.95
1890, 49.62, 35.966
1891, 49.7, 35.983
1892, 49.84, 36.016
1893, 49.86, 36.033
1894, 49.9, 36.05
1895, 49.96, 36.066
1896, 50.03, 36.083
1897, 50.14, 36.116
1898, 50.19, 36.133
1899, 50.24, 36.15
1900, 50.29, 36.166
1901, 50.34, 36.183
1902, 50.45, 36.216
1903, 50.5, 36.233
1904, 50.55, 36.25
1905, 50.6, 36.266
1906, 50.66, 36.283
1907, 50.71, 36.3
1908, 50.82, 36.333
1909, 50.88, 36.35
1910, 50.93, 36.366
1911, 50.99, 36.383
1912, 51.04, 36.4
1913, 51.14, 36.433
1914, 51.18, 36.45
1915, 51.23, 36.466
1916, 51.28, 36.483
1917, 51.33, 36.5
1918, 51.38, 36.516
1919, 51.46, 36.55
1920, 51.49, 36.566
1921, 51.52, 36.583
1922, 51.53, 36.6
1923, 51.56, 36.616
1924, 51.61, 36.633
1925, 51.84, 36.666
1926, 51.9, 36.683
1927, 51.89, 36.7
1928, 51.92, 36.716
1929, 51.98, 36.733
1930, 52.03, 36.75
1931, 52.06, 36.766
1932, 52.21, 36.8
1933, 52.27, 36.816
1934, 52.27, 36.833
1935, 52.3, 36.85
1936, 52.36, 36.866
1937, 52.42, 36.883
1938, 52.5, 36.916
1939, 52.56, 36.933
1940, 52.62, 36.95
1941, 52.66, 36.966
1942, 52.7, 36.983
1943, 52.75, 37
1944, 52.79, 37.016
1945, 52.82, 37.033
1946, 52.89, 37.066
1947, 52.93, 37.083
1948, 52.97, 37.1
1949, 53.01, 37.116
1950, 53.06, 37.133
1951, 53.11, 37.15
1952, 53.15, 37.166
1953, 53.23, 37.2
1954, 53.27, 37.216
1955, 53.31, 37.233
1956, 53.35, 37.25
1957, 53.39, 37.266
1958, 53.42, 37.283
1959, 53.45, 37.3
1960, 53.49, 37.316
1961, 53.57, 37.35
1962, 53.61, 37.366
1963, 53.65, 37.383
1964, 53.69, 37.4
1965, 53.72, 37.416
1966, 53.76, 37.433
1967, 53.8, 37.45
1968, 53.84, 37.466
1969, 53.87, 37.483
1970, 53.93, 37.516
1971, 53.97, 37.533
1972, 54.01, 37.55
1973, 54.05, 37.566
1974, 54.09, 37.583
1975, 54.12, 37.6
1976, 54.16, 37.616
1977, 54.19, 37.633
1978, 54.23, 37.65
1979, 54.29, 37.683
1980, 54.33, 37.7
1981, 54.36, 37.716
1982, 54.4, 37.733
1983, 54.43, 37.75
1984, 54.46, 37.766
1985, 54.48, 37.783
1986, 54.5, 37.8
1987, 54.51, 37.816
1988, 54.51, 37.833
1989, 54.48, 37.866
1990, 54.44, 37.883
1991, 54.39, 37.9
1992, 54.31, 37.916
1993, 54.22, 37.933
1994, 54.1, 37.95
1995, 53.95, 37.966
1996, 53.79, 37.983
1997, 53.6, 38
1998, 53.18, 38.033
1999, 52.95, 38.05
2000, 52.71, 38.066
2001, 52.46, 38.083
2002, 52.21, 38.1
2003, 51.94, 38.116
2004, 51.68, 38.133
2005, 51.13, 38.166
2006, 50.82, 38.183
2007, 50.52, 38.2
2008, 50.26, 38.216
2009, 49.99, 38.233
2010, 49.42, 38.266
2011, 49.13, 38.283
2012, 48.86, 38.3
2013, 48.59, 38.316
2014, 48.02, 38.35
2015, 47.75, 38.366
2016, 47.49, 38.383
2017, 47.23, 38.4
2018, 46.7, 38.433
2019, 46.41, 38.45
2020, 46.09, 38.466
2021, 45.81, 38.483
2022, 45.26, 38.516
2023, 44.98, 38.533
2024, 44.71, 38.55
2025, 44.18, 38.583
2026, 43.93, 38.6
2027, 43.42, 38.633
2028, 43.16, 38.65
2029, 42.93, 38.666
2030, 42.5, 38.7
2031, 42.28, 38.716
2032, 41.84, 38.75
2033, 41.64, 38.766
2034, 41.26, 38.8
2035, 41.06, 38.816
2036, 40.88, 38.833
2037, 40.55, 38.866
2038, 40.37, 38.883
2039, 40.06, 38.916
2040, 39.92, 38.933
2041, 39.61, 38.966
2042, 39.46, 38.983
2043, 39.24, 39.016
2044, 39.02, 39.05
2045, 38.91, 39.066
2046, 38.71, 39.1
2047, 38.62, 39.116
2048, 38.44, 39.15
2049, 38.37, 39.166
2050, 38.23, 39.2
2051, 38.11, 39.233
2052, 38.06, 39.25
2053, 37.96, 39.283
2054, 37.91, 39.3
2055, 37.81, 39.333
2056, 37.71, 39.366
2057, 37.66, 39.383
2058, 37.57, 39.416
2059, 37.52, 39.433
2060, 37.43, 39.466
2061, 37.36, 39.5
2062, 37.32, 39.516
2063, 37.27, 39.55
2064, 37.26, 39.583
2065, 37.23, 39.6
2066, 37.21, 39.633
2067, 37.2, 39.666
2068, 37.19, 39.683
2069, 37.17, 39.716
2070, 37.16, 39.733
2071, 37.14, 39.766
2072, 37.11, 39.8
2073, 37.1, 39.816
2074, 37.09, 39.85
2075, 37.08, 39.866
2076, 37.06, 39.9
2077, 37.07, 39.916
2078, 37.06, 39.95
2079, 37.06, 39.966
2080, 37.08, 40
2081, 37.09, 40.033
2082, 37.09, 40.05
2083, 37.12, 40.083
2084, 37.14, 40.1
2085, 37.14, 40.133
2086, 37.15, 40.15
2087, 37.2, 40.183
2088, 37.21, 40.2
2089, 37.24, 40.233
2090, 37.28, 40.25
2091, 37.32, 40.283
2092, 37.34, 40.3
2093, 37.4, 40.333
2094, 37.46, 40.366
2095, 37.48, 40.383
2096, 37.57, 40.416
2097, 37.62, 40.433
2098, 37.68, 40.466
2099, 37.73, 40.483
2100, 37.86, 40.516
2101, 37.96, 40.55
2102, 38.01, 40.566
2103, 38.15, 40.6
2104, 38.2, 40.616
2105, 38.31, 40.65
2106, 38.45, 40.683
2107, 38.51, 40.7
2108, 38.63, 40.733
2109, 38.71, 40.75
2110, 38.85, 40.783
2111, 38.92, 40.8
2112, 39.07, 40.833
2113, 39.14, 40.85
2114, 39.29, 40.883
2115, 39.36, 40.9
2116, 39.5, 40.933
2117, 39.57, 40.95
2118, 39.72, 40.983
2119, 39.88, 41.016
2120, 39.95, 41.033
2121, 40.09, 41.066
2122, 40.16, 41.083
2123, 40.31, 41.116
2124, 40.38, 41.133
2125, 40.52, 41.166
2126, 40.6, 41.183
2127, 40.75, 41.216
2128, 40.82, 41.233
2129, 40.89, 41.25
2130, 41.04, 41.283
2131, 41.12, 41.3
2132, 41.26, 41.333
2133, 41.33, 41.35
2134, 41.47, 41.383
2135, 41.54, 41.4
2136, 41.69, 41.433
2137, 41.76, 41.45
2138, 41.89, 41.483
2139, 41.96, 41.5
2140, 42.04, 41.516
2141, 42.17, 41.55
2142, 42.24, 41.566
2143, 42.38, 41.6
2144, 42.45, 41.616
2145, 42.59, 41.65
2146, 42.65, 41.666
2147, 42.72, 41.683
2148, 42.85, 41.716
2149, 42.92, 41.733
2150, 43.06, 41.766
2151, 43.13, 41.783
2152, 43.19, 41.8
2153, 43.32, 41.833
2154, 43.38, 41.85
2155, 43.51, 41.883
2156, 43.58, 41.9
2157, 43.65, 41.916
2158, 43.78, 41.95
2159, 43.84, 41.966
2160, 43.9, 41.983
2161, 44.05, 42.016
2162, 44.12, 42.033
2163, 44.24, 42.066
2164, 44.3, 42.083
2165, 44.35, 42.1
2166, 44.5, 42.133
2167, 44.57, 42.15
2168, 44.64, 42.166
2169, 44.77, 42.2
2170, 44.82, 42.216
2171, 44.86, 42.233
2172, 45.02, 42.266
2173, 45.11, 42.283
2174, 45.19, 42.3
2175, 45.32, 42.333
2176, 45.39, 42.35
2177, 45.45, 42.366
2178, 45.59, 42.4
2179, 45.66, 42.416
2180, 45.73, 42.433
2181, 45.86, 42.466
2182, 45.93, 42.483
2183, 46, 42.5
2184, 46.07, 42.516
2185, 46.2, 42.55
2186, 46.27, 42.566
2187, 46.34, 42.583
2188, 46.48, 42.616
2189, 46.54, 42.633
2190, 46.6, 42.65
2191, 46.75, 42.683
2192, 46.82, 42.7
2193, 46.88, 42.716
2194, 46.94, 42.733
2195, 47.07, 42.766
2196, 47.14, 42.783
2197, 47.2, 42.8
2198, 47.27, 42.816
2199, 47.4, 42.85
2200, 47.47, 42.866
2201, 47.53, 42.883
2202, 47.66, 42.916
2203, 47.73, 42.933
2204, 47.8, 42.95
2205, 47.86, 42.966
2206, 47.99, 43
2207, 48.05, 43.016
2208, 48.12, 43.033
2209, 48.18, 43.05
2210, 48.31, 43.083
2211, 48.37, 43.1
2212, 48.44, 43.116
2213, 48.5, 43.133
2214, 48.56, 43.166
2215, 48.53, 43.183
2216, 48.65, 43.2
2217, 48.76, 43.216
2218, 48.85, 43.25
2219, 48.91, 43.266
2220, 48.97, 43.283
2221, 49.02, 43.3
2222, 49.08, 43.316
2223, 49.19, 43.35
2224, 49.25, 43.366
2225, 49.3, 43.383
2226, 49.36, 43.4
2227, 49.48, 43.433
2228, 49.54, 43.45
2229, 49.59, 43.466
2230, 49.65, 43.483
2231, 49.76, 43.516
2232, 49.82, 43.533
2233, 49.87, 43.55
2234, 49.93, 43.566
2235, 49.99, 43.583
2236, 50.1, 43.616
2237, 50.15, 43.633
2238, 50.21, 43.65
2239, 50.26, 43.666
2240, 50.31, 43.683
2241, 50.42, 43.716
2242, 50.47, 43.733
2243, 50.53, 43.75
2244, 50.59, 43.766
2245, 50.64, 43.783
2246, 50.74, 43.816
2247, 50.8, 43.833
2248, 50.85, 43.85
2249, 50.9, 43.866
2250, 50.96, 43.883
2251, 51.07, 43.916
2252, 51.12, 43.933
2253, 51.17, 43.95
2254, 51.23, 43.966
2255, 51.28, 43.983
2256, 51.38, 44.016
2257, 51.44, 44.033
2258, 51.49, 44.05
2259, 51.54, 44.066
2260, 51.6, 44.083
2261, 51.65, 44.1
2262, 51.76, 44.133
2263, 51.81, 44.15
2264, 51.86, 44.166
2265, 51.92, 44.183
2266, 51.97, 44.2
2267, 52.02, 44.216
2268, 52.13, 44.25
2269, 52.18, 44.266
2270, 52.23, 44.283
2271, 52.28, 44.3
2272, 52.34, 44.316
2273, 52.39, 44.333
2274, 52.44, 44.35
2275, 52.55, 44.383
2276, 52.6, 44.4
2277, 52.65, 44.416
2278, 52.7, 44.433
2279, 52.76, 44.45
2280, 52.81, 44.466
2281, 52.91, 44.5
2282, 52.96, 44.516
2283, 53.01, 44.533
2284, 53.06, 44.55
2285, 53.11, 44.566
2286, 53.16, 44.583
2287, 53.21, 44.6
2288, 53.26, 44.616
2289, 53.37, 44.65
2290, 53.42, 44.666
2291, 53.47, 44.683
2292, 53.52, 44.7
2293, 53.57, 44.716
2294, 53.62, 44.733
2295, 53.67, 44.75
2296, 53.72, 44.766
2297, 53.82, 44.8
2298, 53.87, 44.816
2299, 53.93, 44.833
2300, 53.98, 44.85
2301, 54.04, 44.866
2302, 54.09, 44.883
2303, 54.13, 44.9
2304, 54.18, 44.916
2305, 54.28, 44.95
2306, 54.33, 44.966
2307, 54.39, 44.983
2308, 54.44, 45
2309, 54.48, 45.016
2310, 54.53, 45.033
2311, 54.58, 45.05
2312, 54.63, 45.066
2313, 54.68, 45.083
2314, 54.79, 45.116
2315, 54.85, 45.133
2316, 54.9, 45.15
2317, 54.95, 45.166
2318, 55, 45.183
2319, 55.04, 45.2
2320, 55.09, 45.216
2321, 55.14, 45.233
2322, 55.19, 45.25
2323, 55.24, 45.266
2324, 55.29, 45.283
2325, 55.39, 45.316
2326, 55.44, 45.333
2327, 55.49, 45.35
2328, 55.53, 45.366
2329, 55.58, 45.383
2330, 55.63, 45.4
2331, 55.68, 45.416
2332, 55.73, 45.433
2333, 55.78, 45.45
2334, 55.83, 45.466
2335, 55.88, 45.483
2336, 55.92, 45.5
2337, 55.97, 45.516
2338, 56.07, 45.55
2339, 56.11, 45.566
2340, 56.16, 45.583
2341, 56.21, 45.6
2342, 56.25, 45.616
2343, 56.3, 45.633
2344, 56.35, 45.65
2345, 56.4, 45.666
2346, 56.44, 45.683
2347, 56.49, 45.7
2348, 56.53, 45.716
2349, 56.58, 45.733
2350, 56.63, 45.75
2351, 56.67, 45.766
2352, 56.72, 45.783
2353, 56.81, 45.816
2354, 56.85, 45.833
2355, 56.9, 45.85
2356, 56.94, 45.866
2357, 56.98, 45.883
2358, 57.03, 45.9
2359, 57.07, 45.916
2360, 57.12, 45.933
2361, 57.17, 45.95
2362, 57.22, 45.966
2363, 57.26, 45.983
2364, 57.31, 46
2365, 57.35, 46.016
2366, 57.39, 46.033
2367, 57.43, 46.05
2368, 57.47, 46.066
2369, 57.52, 46.083
2370, 57.56, 46.1
2371, 57.61, 46.116
2372, 57.65, 46.133
2373, 57.69, 46.15
2374, 57.78, 46.183
2375, 57.82, 46.2
2376, 57.86, 46.216
2377, 57.91, 46.233
2378, 57.95, 46.25
2379, 57.99, 46.266
2380, 58.03, 46.283
2381, 58.07, 46.3
2382, 58.11, 46.316
2383, 58.14, 46.333
2384, 58.18, 46.35
2385, 58.22, 46.366
2386, 58.26, 46.383
2387, 58.3, 46.4
2388, 58.34, 46.416
2389, 58.4, 46.433
2390, 58.44, 46.45
2391, 58.48, 46.466
2392, 58.52, 46.483
2393, 58.56, 46.5
2394, 58.59, 46.516
2395, 58.63, 46.533
2396, 58.67, 46.55
2397, 58.71, 46.566
2398, 58.75, 46.583
2399, 58.79, 46.6
2400, 58.83, 46.616
2401, 58.87, 46.633
2402, 58.91, 46.65
2403, 58.95, 46.666
2404, 58.98, 46.683
2405, 59.02, 46.7
2406, 59.06, 46.716
2407, 59.09, 46.733
2408, 59.13, 46.75
2409, 59.17, 46.766
2410, 59.21, 46.783
2411, 59.25, 46.8
2412, 59.29, 46.816
2413, 59.33, 46.833
2414, 59.4, 46.866
2415, 59.44, 46.883
2416, 59.47, 46.9
2417, 59.51, 46.916
2418, 59.55, 46.933
2419, 59.58, 46.95
2420, 59.62, 46.966
2421, 59.65, 46.983
2422, 59.69, 47
2423, 59.72, 47.016
2424, 59.76, 47.033
2425, 59.79, 47.05
2426, 59.83, 47.066
2427, 59.87, 47.083
2428, 59.91, 47.1
2429, 59.94, 47.116
2430, 59.97, 47.133
2431, 60, 47.15
2432, 60.04, 47.166
2433, 60.08, 47.183
2434, 60.11, 47.2
2435, 60.14, 47.216
2436, 60.18, 47.233
2437, 60.21, 47.25
2438, 60.18, 47.266
2439, 60.14, 47.283
2440, 60.24, 47.3
2441, 60.3, 47.316
2442, 60.27, 47.333
2443, 60.31, 47.35
2444, 60.36, 47.366
2445, 60.39, 47.383
2446, 60.41, 47.4
2447, 60.44, 47.416
2448, 60.47, 47.433
2449, 60.5, 47.45
2450, 60.54, 47.466
2451, 60.57, 47.483
2452, 60.57, 47.483
2453, 60.6, 47.5
2454, 60.63, 47.516
2455, 60.66, 47.533
2456, 60.69, 47.55
2457, 60.72, 47.566
2458, 60.75, 47.583
2459, 60.78, 47.6
2460, 60.81, 47.616
2461, 60.84, 47.633
2462, 60.87, 47.65
2463, 60.9, 47.666
2464, 60.93, 47.683
2465, 60.96, 47.7
2466, 60.99, 47.716
2467, 61.02, 47.733
2468, 61.05, 47.75
2469, 61.08, 47.766
2470, 61.11, 47.783
2471, 61.14, 47.8
2472, 61.17, 47.816
2473, 61.2, 47.833
2474, 61.23, 47.85
2475, 61.25, 47.866
2476, 61.28, 47.883
2477, 61.31, 47.9
2478, 61.34, 47.916
2479, 61.37, 47.933
2480, 61.4, 47.95
2481, 61.43, 47.966
2482, 61.46, 47.983
2483, 61.49, 48
2484, 61.52, 48.016
2485, 61.54, 48.033
2486, 61.57, 48.05
2487, 61.6, 48.066
2488, 61.62, 48.083
2489, 61.65, 48.1
2490, 61.68, 48.116
2491, 61.71, 48.133
2492, 61.74, 48.15
2493, 61.77, 48.166
2494, 61.8, 48.183
2495, 61.83, 48.2
2496, 61.86, 48.216
2497, 61.88, 48.233
2498, 61.91, 48.25
2499, 61.91, 48.25
2500, 61.94, 48.266
2501, 61.98, 48.283
2502, 62.01, 48.3
2503, 62.04, 48.316
2504, 62.08, 48.333
2505, 62.11, 48.35
2506, 62.15, 48.366
2507, 62.19, 48.383
2508, 62.22, 48.4
2509, 62.26, 48.416
2510, 62.29, 48.433
2511, 62.32, 48.45
2512, 62.35, 48.466
2513, 62.38, 48.483
2514, 62.41, 48.5
2515, 62.44, 48.516
2516, 62.48, 48.533
2517, 62.5, 48.55
2518, 62.53, 48.566
2519, 62.57, 48.583
2520, 62.6, 48.6
2521, 62.63, 48.616
2522, 62.66, 48.633
2523, 62.69, 48.65
2524, 62.73, 48.666
2525, 62.76, 48.683
2526, 62.76, 48.683
2527, 62.79, 48.7
2528, 62.82, 48.716
2529, 62.85, 48.733
2530, 62.88, 48.75
2531, 62.91, 48.766
2532, 62.94, 48.783
2533, 62.97, 48.8
2534, 63, 48.816
2535, 63.03, 48.833
2536, 63.06, 48.85
2537, 63.09, 48.866
2538, 63.12, 48.883
2539, 63.15, 48.9
2540, 63.17, 48.916
2541, 63.21, 48.933
2542, 63.24, 48.95
2543, 63.27, 48.966
2544, 63.3, 48.983
2545, 63.33, 49
2546, 63.33, 49
2547, 63.36, 49.016
2548, 63.38, 49.033
2549, 63.41, 49.05
2550, 63.44, 49.066
2551, 63.47, 49.083
2552, 63.49, 49.1
2553, 63.52, 49.116
2554, 63.55, 49.133
2555, 63.58, 49.15
2556, 63.61, 49.166
2557, 63.64, 49.183
2558, 63.67, 49.2
2559, 63.69, 49.216
2560, 63.72, 49.233
2561, 63.75, 49.25
2562, 63.79, 49.266
2563, 63.82, 49.283
2564, 63.82, 49.283
2565, 63.84, 49.3
2566, 63.87, 49.316
2567, 63.89, 49.333
2568, 63.92, 49.35
2569, 63.95, 49.366
2570, 63.98, 49.383
2571, 64, 49.4
2572, 64.03, 49.416
2573, 64.06, 49.433
2574, 64.09, 49.45
2575, 64.12, 49.466
2576, 64.14, 49.483
2577, 64.17, 49.5
2578, 64.2, 49.516
2579, 64.22, 49.533
2580, 64.22, 49.533
2581, 64.25, 49.55
2582, 64.28, 49.566
2583, 64.31, 49.583
2584, 64.34, 49.6
2585, 64.37, 49.616
2586, 64.4, 49.633
2587, 64.42, 49.65
2588, 64.45, 49.666
2589, 64.47, 49.683
2590, 64.5, 49.7
2591, 64.52, 49.716
2592, 64.55, 49.733
2593, 64.57, 49.75
2594, 64.6, 49.766
2595, 64.6, 49.766
2596, 64.63, 49.783
2597, 64.65, 49.8
2598, 64.68, 49.816
2599, 64.71, 49.833
2600, 64.73, 49.85
2601, 64.75, 49.866
2602, 64.78, 49.883
2603, 64.8, 49.9
2604, 64.83, 49.916
2605, 64.85, 49.933
2606, 64.88, 49.95
2607, 64.91, 49.966
2608, 64.91, 49.966
2609, 64.93, 49.983
2610, 64.96, 50
2611, 64.98, 50.016
2612, 65, 50.033
2613, 65.03, 50.05
2614, 65.05, 50.066
2615, 65.07, 50.083
2616, 65.1, 50.1
2617, 65.12, 50.116
2618, 65.15, 50.133
2619, 65.17, 50.15
2620, 65.19, 50.166
2621, 65.19, 50.166
2622, 65.22, 50.183
2623, 65.24, 50.2
2624, 65.27, 50.216
2625, 65.29, 50.233
2626, 65.31, 50.25
2627, 65.34, 50.266
2628, 65.36, 50.283
2629, 65.38, 50.3
2630, 65.4, 50.316
2631, 65.43, 50.333
2632, 65.45, 50.35
2633, 65.45, 50.35
2634, 65.47, 50.366
2635, 65.49, 50.383
2636, 65.51, 50.4
2637, 65.53, 50.416
2638, 65.54, 50.433
2639, 65.56, 50.45
2640, 65.58, 50.466
2641, 65.6, 50.483
2642, 65.63, 50.5
2643, 65.65, 50.516
2644, 65.67, 50.533
2645, 65.67, 50.533
2646, 65.69, 50.55
2647, 65.71, 50.566
2648, 65.73, 50.583
2649, 65.75, 50.6
2650, 65.77, 50.616
2651, 65.79, 50.633
2652, 65.81, 50.65
2653, 65.83, 50.666
2654, 65.85, 50.683
2655, 65.87, 50.7
2656, 65.89, 50.716
2657, 65.89, 50.716
2658, 65.92, 50.733
2659, 65.94, 50.75
2660, 65.96, 50.766
2661, 65.98, 50.783
2662, 66, 50.8
2663, 66.02, 50.816
2664, 66.04, 50.833
2665, 66.06, 50.85
2666, 66.08, 50.866
2667, 66.1, 50.883
2668, 66.1, 50.883
2669, 66.13, 50.9
2670, 66.15, 50.916
2671, 66.17, 50.933
2672, 66.19, 50.95
2673, 66.21, 50.966
2674, 66.23, 50.983
2675, 66.25, 51
2676, 66.27, 51.016
2677, 66.28, 51.033
2678, 66.28, 51.033
2679, 66.29, 51.05
2680, 66.28, 51.066
2681, 66.27, 51.083
2682, 66.24, 51.1
2683, 66.19, 51.116
2684, 66.12, 51.133
2685, 66.02, 51.15
2686, 65.91, 51.166
2687, 65.79, 51.183
2688, 65.64, 51.2
2689, 65.64, 51.2
2690, 65.47, 51.216
2691, 65.26, 51.233
2692, 65.03, 51.25
2693, 64.77, 51.266
2694, 64.49, 51.283
2695, 64.2, 51.3
2696, 63.91, 51.316
2697, 63.6, 51.333
2698, 63.28, 51.35
2699, 62.95, 51.366
2700, 62.62, 51.383
2701, 62.27, 51.4
2702, 61.93, 51.416
2703, 61.61, 51.433
2704, 61.25, 51.45
2705, 60.9, 51.466
2706, 60.57, 51.483
2707, 60.23, 51.5
2708, 59.89, 51.516
2709, 59.57, 51.533
2710, 59.25, 51.55
2711, 58.93, 51.566
2712, 58.62, 51.583
2713, 58.3, 51.6
2714, 57.93, 51.616
2715, 57.55, 51.633
2716, 57.18, 51.65
2717, 56.86, 51.666
2718, 56.52, 51.683
2719, 56.19, 51.7
2720, 55.86, 51.716
2721, 55.53, 51.733
2722, 55.19, 51.75
2723, 54.87, 51.766
2724, 54.55, 51.783
2725, 54.15, 51.8
2726, 53.48, 51.833
2727, 53.18, 51.85
2728, 52.86, 51.866
2729, 52.52, 51.883
2730, 52.16, 51.9
2731, 51.79, 51.916
2732, 51.45, 51.933
2733, 50.82, 51.966
2734, 50.51, 51.983
2735, 50.2, 52
2736, 49.88, 52.016
2737, 49.54, 52.033
2738, 48.89, 52.066
2739, 48.58, 52.083
2740, 48.27, 52.1
2741, 47.95, 52.116
2742, 47.61, 52.133
2743, 46.96, 52.166
2744, 46.64, 52.183
2745, 46.33, 52.2
2746, 45.79, 52.233
2747, 45.53, 52.25
2748, 45.25, 52.266
2749, 44.76, 52.3
2750, 44.52, 52.316
2751, 44.23, 52.333
2752, 43.68, 52.366
2753, 43.47, 52.383
2754, 43.24, 52.4
2755, 42.75, 52.433
2756, 42.51, 52.45
2757, 42.06, 52.483
2758, 41.83, 52.5
2759, 41.59, 52.516
2760, 41.13, 52.55
2761, 40.91, 52.566
2762, 40.45, 52.6
2763, 40.21, 52.616
2764, 39.75, 52.65
2765, 39.53, 52.666
2766, 39.09, 52.7
2767, 38.86, 52.716
2768, 38.42, 52.75
2769, 38.2, 52.766
2770, 37.67, 52.8
2771, 37.15, 52.833
2772, 36.92, 52.85
2773, 36.45, 52.883
2774, 36, 52.916
2775, 35.76, 52.933
2776, 35.31, 52.966
2777, 34.89, 53
2778, 34.68, 53.016
2779, 34.29, 53.05
2780, 33.94, 53.083
2781, 33.62, 53.116
2782, 33.46, 53.133
2783, 33.17, 53.166
2784, 32.93, 53.2
2785, 32.7, 53.233
2786, 32.47, 53.266
2787, 32.3, 53.3
2788, 32.15, 53.333
2789, 32.08, 53.35
2790, 31.95, 53.383
2791, 31.84, 53.416
2792, 31.75, 53.45
2793, 31.66, 53.483
2794, 31.58, 53.516
2795, 31.48, 53.55
2796, 31.39, 53.583
2797, 31.31, 53.616
2798, 31.21, 53.65
2799, 31.12, 53.683
2800, 31.03, 53.716
2801, 30.94, 53.75
2802, 30.86, 53.783
2803, 30.79, 53.816
2804, 30.76, 53.833
2805, 30.72, 53.866
2806, 30.66, 53.9
2807, 30.6, 53.933
2808, 30.57, 53.966
2809, 30.53, 54
2810, 30.51, 54.033
2811, 30.48, 54.05
2812, 30.44, 54.083
2813, 30.43, 54.116
2814, 30.4, 54.15
2815, 30.4, 54.166
2816, 30.42, 54.2
2817, 30.44, 54.233
2818, 30.52, 54.266
2819, 30.54, 54.3
2820, 30.71, 54.333
2821, 30.86, 54.366
2822, 30.81, 54.4
2823, 30.83, 54.416
2824, 30.91, 54.45
2825, 30.92, 54.483
2826, 31.15, 54.516
2827, 31.37, 54.55
2828, 31.48, 54.583
2829, 31.58, 54.616
2830, 31.66, 54.65
2831, 31.86, 54.683
2832, 32.1, 54.716
2833, 32.27, 54.75
2834, 32.46, 54.783
2835, 32.56, 54.8
2836, 32.72, 54.833
2837, 32.89, 54.866
2838, 33.06, 54.9
2839, 33.21, 54.933
2840, 33.3, 54.95
2841, 33.48, 54.983
2842, 33.63, 55.016
2843, 33.77, 55.05
2844, 33.85, 55.066
2845, 33.98, 55.1
2846, 34.1, 55.133
2847, 34.22, 55.166
2848, 34.28, 55.183
2849, 34.43, 55.216
2850, 34.57, 55.25
2851, 34.65, 55.283
2852, 34.69, 55.3
2853, 34.81, 55.333
2854, 34.93, 55.366
2855, 35, 55.383
2856, 35.16, 55.416
2857, 35.25, 55.45
2858, 35.29, 55.466
2859, 35.44, 55.5
2860, 35.57, 55.533
2861, 35.6, 55.55
2862, 35.66, 55.583
2863, 35.81, 55.616
2864, 35.92, 55.633
2865, 36.12, 55.666
2866, 36.35, 55.7
2867, 36.48, 55.716
2868, 36.66, 55.75
2869, 36.73, 55.766
2870, 36.9, 55.8
2871, 37.14, 55.833
2872, 37.26, 55.85
2873, 37.44, 55.883
2874, 37.62, 55.916
2875, 37.72, 55.933
2876, 37.83, 55.966
2877, 37.79, 55.983
2878, 38.05, 56.016
2879, 38.16, 56.033
2880, 38.32, 56.066
2881, 38.45, 56.1
2882, 38.54, 56.116
2883, 38.72, 56.15
2884, 38.78, 56.166
2885, 38.92, 56.2
2886, 38.99, 56.216
2887, 39.15, 56.25
2888, 39.23, 56.266
2889, 39.36, 56.3
2890, 39.55, 56.333
2891, 39.63, 56.35
2892, 39.74, 56.383
2893, 39.8, 56.4
2894, 39.98, 56.433
2895, 40.09, 56.45
2896, 40.28, 56.483
2897, 40.36, 56.5
2898, 40.5, 56.533
2899, 40.56, 56.55
2900, 40.71, 56.583
2901, 40.81, 56.6
2902, 41, 56.633
2903, 41.07, 56.65
2904, 41.19, 56.683
2905, 41.27, 56.7
2906, 41.46, 56.733
2907, 41.55, 56.75
2908, 41.62, 56.766
2909, 41.76, 56.8
2910, 41.84, 56.816
2911, 42, 56.85
2912, 42.08, 56.866
2913, 42.24, 56.9
2914, 42.32, 56.916
2915, 42.47, 56.95
2916, 42.54, 56.966
2917, 42.61, 56.983
2918, 42.76, 57.016
2919, 42.83, 57.033
2920, 42.99, 57.066
2921, 43.08, 57.083
2922, 43.16, 57.1
2923, 43.3, 57.133
2924, 43.37, 57.15
2925, 43.51, 57.183
2926, 43.59, 57.2
2927, 43.66, 57.216
2928, 43.8, 57.25
2929, 43.88, 57.266
2930, 44.03, 57.3
2931, 44.11, 57.316
2932, 44.18, 57.333
2933, 44.33, 57.366
2934, 44.41, 57.383
2935, 44.47, 57.4
2936, 44.58, 57.433
2937, 44.62, 57.45
2938, 44.7, 57.466
2939, 44.94, 57.5
2940, 45.05, 57.516
2941, 45.1, 57.533
2942, 45.25, 57.566
2943, 45.32, 57.583
2944, 45.39, 57.6
2945, 45.52, 57.633
2946, 45.61, 57.65
2947, 45.72, 57.666
2948, 45.91, 57.7
2949, 45.95, 57.716
2950, 46.01, 57.733
2951, 46.17, 57.766
2952, 46.25, 57.783
2953, 46.32, 57.8
2954, 46.48, 57.833
2955, 46.56, 57.85
2956, 46.62, 57.866
2957, 46.67, 57.883
2958, 46.69, 57.916
2959, 46.76, 57.933
2960, 46.87, 57.95
2961, 47.12, 57.983
2962, 47.17, 58
2963, 47.2, 58.016
2964, 47.26, 58.033
2965, 47.41, 58.066
2966, 47.48, 58.083
2967, 47.55, 58.1
2968, 47.71, 58.133
2969, 47.79, 58.15
2970, 47.86, 58.166
2971, 47.93, 58.183
2972, 47.99, 58.216
2973, 47.95, 58.233
2974, 48.1, 58.25
2975, 48.21, 58.266
2976, 48.3, 58.3
2977, 48.35, 58.316
2978, 48.42, 58.333
2979, 48.49, 58.35
2980, 48.6, 58.383
2981, 48.67, 58.4
2982, 48.73, 58.416
2983, 48.79, 58.433
2984, 48.91, 58.466
2985, 48.97, 58.483
2986, 49.03, 58.5
2987, 49.09, 58.516
2988, 49.15, 58.533
2989, 49.26, 58.566
2990, 49.32, 58.583
2991, 49.38, 58.6
2992, 49.44, 58.616
2993, 49.56, 58.65
2994, 49.62, 58.666
2995, 49.68, 58.683
2996, 49.74, 58.7
2997, 49.79, 58.716
2998, 49.91, 58.75
2999, 49.98, 58.766
3000, 50.04, 58.783
3001, 50.09, 58.8
3002, 50.15, 58.816
3003, 50.27, 58.85
3004, 50.33, 58.866
3005, 50.39, 58.883
3006, 50.45, 58.9
3007, 50.5, 58.916
3008, 50.62, 58.95
3009, 50.68, 58.966
3010, 50.73, 58.983
3011, 50.79, 59
3012, 50.85, 59.016
3013, 50.9, 59.033
3014, 51.02, 59.066
3015, 51.08, 59.083
3016, 51.13, 59.1
3017, 51.19, 59.116
3018, 51.24, 59.133
3019, 51.3, 59.15
3020, 51.4, 59.183
3021, 51.46, 59.2
3022, 51.52, 59.216
3023, 51.57, 59.233
3024, 51.63, 59.25
3025, 51.68, 59.266
3026, 51.78, 59.3
3027, 51.83, 59.316
3028, 51.89, 59.333
3029, 51.94, 59.35
3030, 52, 59.366
3031, 52.06, 59.383
3032, 52.18, 59.416
3033, 52.23, 59.433
3034, 52.28, 59.45
3035, 52.34, 59.466
3036, 52.4, 59.483
3037, 52.45, 59.5
3038, 52.5, 59.516
3039, 52.61, 59.55
3040, 52.66, 59.566
3041, 52.71, 59.583
3042, 52.77, 59.6
3043, 52.82, 59.616
3044, 52.87, 59.633
3045, 52.93, 59.65
3046, 52.99, 59.666
3047, 53.09, 59.7
3048, 53.14, 59.716
3049, 53.2, 59.733
3050, 53.25, 59.75
3051, 53.3, 59.766
3052, 53.35, 59.783
3053, 53.4, 59.8
3054, 53.45, 59.816
3055, 53.55, 59.85
3056, 53.61, 59.866
3057, 53.66, 59.883
3058, 53.71, 59.9
3059, 53.76, 59.916
3060, 53.82, 59.933
3061, 53.87, 59.95
3062, 53.92, 59.966
3063, 54.03, 60
3064, 54.08, 60.016
3065, 54.13, 60.033
3066, 54.18, 60.05
3067, 54.24, 60.066
3068, 54.29, 60.083
3069, 54.34, 60.1
3070, 54.39, 60.116
3071, 54.44, 60.133
3072, 54.5, 60.15
3073, 54.6, 60.183
3074, 54.65, 60.2
3075, 54.7, 60.216
3076, 54.75, 60.233
3077, 54.8, 60.25
3078, 54.85, 60.266
3079, 54.9, 60.283
3080, 54.95, 60.3
3081, 55, 60.316
3082, 55.04, 60.333
3083, 55.09, 60.35
3084, 55.19, 60.383
3085, 55.24, 60.4
3086, 55.29, 60.416
3087, 55.33, 60.433
3088, 55.39, 60.45
3089, 55.44, 60.466
3090, 55.49, 60.483
3091, 55.54, 60.5
3092, 55.59, 60.516
3093, 55.64, 60.533
3094, 55.69, 60.55
3095, 55.74, 60.566
3096, 55.78, 60.583
3097, 55.88, 60.616
3098, 55.92, 60.633
3099, 55.97, 60.65
3100, 56.02, 60.666
3101, 56.07, 60.683
3102, 56.11, 60.7
3103, 56.16, 60.716
3104, 56.2, 60.733
3105, 56.25, 60.75
3106, 56.29, 60.766
3107, 56.34, 60.783
3108, 56.39, 60.8
3109, 56.44, 60.816
3110, 56.49, 60.833
3111, 56.54, 60.85
3112, 56.63, 60.883
3113, 56.68, 60.9
3114, 56.73, 60.916
3115, 56.77, 60.933
3116, 56.82, 60.95
3117, 56.87, 60.966
3118, 56.91, 60.983
3119, 56.96, 61
3120, 57.01, 61.016
3121, 57.05, 61.033
3122, 57.1, 61.05
3123, 57.15, 61.066
3124, 57.2, 61.083
3125, 57.25, 61.1
3126, 57.3, 61.116
3127, 57.34, 61.133
3128, 57.39, 61.15
3129, 57.43, 61.166
3130, 57.47, 61.183
3131, 57.52, 61.2
3132, 57.56, 61.216
3133, 57.6, 61.233
3134, 57.69, 61.266
3135, 57.74, 61.283
3136, 57.79, 61.3
3137, 57.83, 61.316
3138, 57.88, 61.333
3139, 57.92, 61.35
3140, 57.96, 61.366
3141, 58.01, 61.383
3142, 58.05, 61.4
3143, 58.09, 61.416
3144, 58.13, 61.433
3145, 58.17, 61.45
3146, 58.21, 61.466
3147, 58.25, 61.483
3148, 58.3, 61.5
3149, 58.34, 61.516
3150, 58.38, 61.533
3151, 58.42, 61.55
3152, 58.47, 61.566
3153, 58.51, 61.583
3154, 58.55, 61.6
3155, 58.59, 61.616
3156, 58.64, 61.633
3157, 58.69, 61.65
3158, 58.74, 61.666
3159, 58.78, 61.683
3160, 58.82, 61.7
3161, 58.82, 61.7
