0, 59.96, 85.659
1, 59.99, 85.675
2, 60.03, 85.692
3, 60.06, 85.709
4, 60.1, 85.725
5, 60.13, 85.742
6, 60.16, 85.759
7, 60.2, 85.775
8, 60.23, 85.792
9, 60.26, 85.809
10, 60.29, 85.825
11, 60.32, 85.842
12, 60.34, 85.859
13, 60.37, 85.875
14, 60.34, 85.892
15, 60.29, 85.909
16, 60.38, 85.925
17, 60.44, 85.942
18, 60.41, 85.959
19, 60.45, 85.975
20, 60.5, 85.992
21, 60.52, 86.009
22, 60.54, 86.025
23, 60.58, 86.042
24, 60.61, 86.059
25, 60.63, 86.075
26, 60.66, 86.092
27, 60.69, 86.109
28, 60.72, 86.125
29, 60.74, 86.142
30, 60.77, 86.159
31, 60.8, 86.175
32, 60.83, 86.192
33, 60.86, 86.209
34, 60.88, 86.225
35, 60.91, 86.242
36, 60.94, 86.259
37, 60.96, 86.275
38, 60.99, 86.292
39, 61.02, 86.309
40, 61.04, 86.325
41, 61.07, 86.342
42, 61.09, 86.359
43, 61.12, 86.375
44, 61.14, 86.392
45, 61.17, 86.409
46, 61.19, 86.425
47, 61.21, 86.442
48, 61.24, 86.459
49, 61.26, 86.475
50, 61.29, 86.492
51, 61.32, 86.509
52, 61.34, 86.525
53, 61.37, 86.542
54, 61.39, 86.559
55, 61.42, 86.575
56, 61.44, 86.592
57, 61.46, 86.609
58, 61.49, 86.625
59, 61.51, 86.642
60, 61.54, 86.659
61, 61.56, 86.675
62, 61.58, 86.692
63, 61.61, 86.709
64, 61.63, 86.725
65, 61.65, 86.742
66, 61.68, 86.759
67, 61.68, 86.759
68, 61.7, 86.775
69, 61.72, 86.792
70, 61.74, 86.809
71, 61.76, 86.825
72, 61.78, 86.842
73, 61.8, 86.859
74, 61.83, 86.875
75, 61.84, 86.892
76, 61.86, 86.909
77, 61.88, 86.925
78, 61.9, 86.942
79, 61.92, 86.959
80, 61.94, 86.975
81, 61.96, 86.992
82, 61.97, 87.009
83, 61.99, 87.025
84, 62.01, 87.042
85, 62.03, 87.059
86, 62.05, 87.075
87, 62.06, 87.092
88, 62.08, 87.109
89, 62.1, 87.125
90, 62.12, 87.142
91, 62.13, 87.159
92, 62.15, 87.175
93, 62.18, 87.192
94, 62.19, 87.209
95, 62.21, 87.225
96, 62.22, 87.242
97, 62.24, 87.259
98, 62.27, 87.275
99, 62.29, 87.292
100, 62.3, 87.309
101, 62.32, 87.325
102, 62.35, 87.342
103, 62.37, 87.359
104, 62.38, 87.375
105, 62.4, 87.392
106, 62.42, 87.409
107, 62.44, 87.425
108, 62.46, 87.442
109, 62.46, 87.442
110, 62.48, 87.459
111, 62.49, 87.475
112, 62.51, 87.492
113, 62.53, 87.509
114, 62.56, 87.525
115, 62.58, 87.542
116, 62.6, 87.559
117, 62.62, 87.575
118, 62.64, 87.592
119, 62.66, 87.609
120, 62.69, 87.625
121, 62.71, 87.642
122, 62.73, 87.659
123, 62.75, 2.038
124, 62.77, 2.055
125, 62.8, 2.072
126, 62.82, 2.088
127, 62.84, 2.105
128, 62.86, 2.122
129, 62.88, 2.138
130, 62.9, 2.155
131, 62.91, 2.172
132, 62.93, 2.188
133, 62.96, 2.205
134, 62.98, 2.222
135, 63.01, 2.238
136, 63.01, 2.238
137, 63.03, 2.255
138, 63.05, 2.272
139, 63.06, 2.288
140, 63.08, 2.305
141, 63.09, 2.322
142, 63.11, 2.338
143, 63.14, 2.355
144, 63.16, 2.372
145, 63.18, 2.388
146, 63.2, 2.405
147, 63.22, 2.422
148, 63.24, 2.438
149, 63.26, 2.455
150, 63.28, 2.472
151, 63.3, 2.488
152, 63.31, 2.505
153, 63.33, 2.522
154, 63.35, 2.538
155, 63.37, 2.555
156, 63.39, 2.572
157, 63.41, 2.588
158, 63.41, 2.588
159, 63.43, 2.605
160, 63.45, 2.622
161, 63.46, 2.638
162, 63.48, 2.655
163, 63.5, 2.672
164, 63.52, 2.688
165, 63.53, 2.705
166, 63.54, 2.722
167, 63.55, 2.738
168, 63.57, 2.755
169, 63.58, 2.772
170, 63.6, 2.788
171, 63.61, 2.805
172, 63.63, 2.822
173, 63.64, 2.838
174, 63.65, 2.855
175, 63.66, 2.872
176, 63.67, 2.888
177, 63.68, 2.905
178, 63.68, 2.905
179, 63.69, 2.922
180, 63.7, 2.938
181, 63.71, 2.955
182, 63.72, 2.972
183, 63.73, 2.988
184, 63.75, 3.005
185, 63.76, 3.022
186, 63.77, 3.038
187, 63.78, 3.055
188, 63.79, 3.072
189, 63.8, 3.088
190, 63.81, 3.105
191, 63.82, 3.122
192, 63.83, 3.138
193, 63.84, 3.155
194, 63.85, 3.172
195, 63.85, 3.188
196, 63.86, 3.205
197, 63.86, 3.205
198, 63.86, 3.222
199, 63.87, 3.238
200, 63.87, 3.255
201, 63.88, 3.272
202, 63.89, 3.288
203, 63.9, 3.305
204, 63.91, 3.322
205, 63.92, 3.338
206, 63.93, 3.355
207, 63.93, 3.372
208, 63.94, 3.388
209, 63.95, 3.405
210, 63.96, 3.422
211, 63.97, 3.438
212, 63.97, 3.455
213, 63.98, 3.472
214, 63.99, 3.488
215, 64, 3.505
216, 64, 3.505
217, 64, 3.522
218, 64.01, 3.538
219, 64.02, 3.555
220, 64.02, 3.572
221, 64.02, 3.588
222, 64.03, 3.605
223, 64.03, 3.622
224, 64.03, 3.638
225, 64.04, 3.655
226, 64.04, 3.672
227, 64.05, 3.688
228, 64.05, 3.705
229, 64.06, 3.722
230, 64.06, 3.738
231, 64.07, 3.755
232, 64.07, 3.772
233, 64.08, 3.788
234, 64.08, 3.805
235, 64.08, 3.805
236, 64.07, 3.822
237, 64.07, 3.838
238, 64.07, 3.855
239, 64.06, 3.872
240, 64.04, 3.888
241, 64.04, 3.905
242, 64.03, 3.922
243, 64.01, 3.938
244, 63.98, 3.955
245, 63.94, 3.972
246, 63.9, 3.988
247, 63.84, 4.005
248, 63.77, 4.022
249, 63.7, 4.038
250, 63.62, 4.055
251, 63.53, 4.072
252, 63.39, 4.088
253, 63.26, 4.105
254, 63.19, 4.122
255, 63.09, 4.138
256, 63.09, 4.138
257, 62.98, 4.155
258, 62.84, 4.172
259, 62.73, 4.188
260, 62.63, 4.205
261, 62.51, 4.222
262, 62.38, 4.238
263, 62.26, 4.255
264, 62.15, 4.272
265, 62.02, 4.288
266, 61.89, 4.305
267, 61.77, 4.322
268, 61.65, 4.338
269, 61.52, 4.355
270, 61.41, 4.372
271, 61.29, 4.388
272, 61.17, 4.405
273, 61.05, 4.422
274, 60.93, 4.438
275, 60.82, 4.455
276, 60.7, 4.472
277, 60.58, 4.488
278, 60.46, 4.505
279, 60.34, 4.522
280, 60.23, 4.538
281, 60.12, 4.555
282, 60, 4.572
283, 59.89, 4.588
284, 59.77, 4.605
285, 59.66, 4.622
286, 59.54, 4.638
287, 59.41, 4.655
288, 59.28, 4.672
289, 59.15, 4.688
290, 59.01, 4.705
291, 58.88, 4.722
292, 58.73, 4.738
293, 58.58, 4.755
294, 58.44, 4.772
295, 58.12, 4.805
296, 57.96, 4.822
297, 57.78, 4.838
298, 57.59, 4.855
299, 57.4, 4.872
300, 57.22, 4.888
301, 57.03, 4.905
302, 56.83, 4.922
303, 56.63, 4.938
304, 56.42, 4.955
305, 56.22, 4.972
306, 56, 4.988
307, 55.79, 5.005
308, 55.59, 5.022
309, 55.38, 5.038
310, 54.99, 5.072
311, 54.78, 5.088
312, 54.56, 5.105
313, 54.35, 5.122
314, 54.14, 5.138
315, 53.93, 5.155
316, 53.71, 5.172
317, 53.5, 5.188
318, 53.11, 5.222
319, 52.9, 5.238
320, 52.69, 5.255
321, 52.48, 5.272
322, 52.27, 5.288
323, 52.07, 5.305
324, 51.76, 5.322
325, 51.33, 5.355
326, 51.1, 5.372
327, 50.91, 5.388
328, 50.72, 5.405
329, 50.54, 5.422
330, 50.09, 5.455
331, 49.83, 5.472
332, 49.63, 5.488
333, 49.45, 5.505
334, 49.28, 5.522
335, 48.95, 5.555
336, 48.79, 5.572
337, 48.61, 5.588
338, 48.43, 5.605
339, 48.14, 5.638
340, 47.93, 5.655
341, 47.71, 5.672
342, 47.38, 5.705
343, 47.21, 5.722
344, 47.03, 5.738
345, 46.89, 5.755
346, 46.51, 5.788
347, 46.33, 5.805
348, 46.16, 5.822
349, 45.82, 5.855
350, 45.65, 5.872
351, 45.45, 5.888
352, 45.03, 5.922
353, 44.85, 5.938
354, 44.67, 5.955
355, 44.25, 5.988
356, 44.07, 6.005
357, 43.91, 6.022
358, 43.55, 6.055
359, 43.36, 6.072
360, 42.99, 6.105
361, 42.82, 6.122
362, 42.66, 6.138
363, 42.3, 6.172
364, 42.12, 6.188
365, 41.75, 6.222
366, 41.57, 6.238
367, 41.21, 6.272
368, 41.04, 6.288
369, 40.69, 6.322
370, 40.51, 6.338
371, 40.17, 6.372
372, 40.01, 6.388
373, 39.69, 6.422
374, 39.53, 6.438
375, 39.23, 6.472
376, 39.08, 6.488
377, 38.77, 6.522
378, 38.62, 6.538
379, 38.32, 6.572
380, 38.01, 6.605
381, 37.86, 6.622
382, 37.58, 6.655
383, 37.15, 6.688
384, 36.94, 6.705
385, 36.68, 6.738
386, 36.43, 6.772
387, 36.27, 6.788
388, 36.01, 6.822
389, 35.8, 6.855
390, 35.68, 6.872
391, 35.46, 6.905
392, 35.3, 6.938
393, 35.22, 6.955
394, 35.06, 6.988
395, 34.92, 7.022
396, 34.78, 7.055
397, 34.71, 7.072
398, 34.57, 7.105
399, 34.43, 7.138
400, 34.37, 7.155
401, 34.25, 7.188
402, 34.15, 7.222
403, 34.05, 7.255
404, 33.99, 7.272
405, 33.83, 7.305
406, 33.67, 7.338
407, 33.54, 7.372
408, 33.48, 7.388
409, 33.33, 7.422
410, 33.14, 7.455
411, 33, 7.488
412, 32.87, 7.522
413, 32.76, 7.555
414, 32.69, 7.572
415, 32.56, 7.605
416, 32.4, 7.638
417, 32.24, 7.672
418, 32.06, 7.705
419, 31.87, 7.738
420, 31.73, 7.772
421, 31.6, 7.805
422, 31.54, 7.822
423, 31.43, 7.855
424, 31.29, 7.888
425, 31.14, 7.922
426, 30.99, 7.955
427, 30.81, 7.988
428, 30.64, 8.022
429, 30.49, 8.055
430, 30.39, 8.088
431, 30.31, 8.122
432, 30.24, 8.155
433, 30.17, 8.188
434, 30.13, 8.222
435, 30.14, 8.255
436, 30.11, 8.288
437, 30.09, 8.322
438, 30.11, 8.355
439, 30.1, 8.388
440, 30.17, 8.422
441, 30.25, 8.455
442, 30.28, 8.488
443, 30.37, 8.522
444, 30.39, 8.555
445, 30.43, 8.588
446, 30.54, 8.622
447, 30.54, 8.655
448, 30.58, 8.688
449, 30.64, 8.722
450, 30.69, 8.755
451, 30.75, 8.788
452, 30.79, 8.822
453, 30.86, 8.855
454, 30.93, 8.888
455, 30.98, 8.905
456, 31.1, 8.938
457, 31.24, 8.972
458, 31.39, 9.005
459, 31.55, 9.038
460, 31.69, 9.072
461, 31.9, 9.105
462, 32.09, 9.138
463, 32.29, 9.172
464, 32.41, 9.188
465, 32.62, 9.222
466, 32.83, 9.255
467, 33.03, 9.288
468, 33.24, 9.322
469, 33.45, 9.355
470, 33.55, 9.372
471, 33.75, 9.405
472, 33.95, 9.438
473, 34.15, 9.472
474, 34.24, 9.488
475, 34.44, 9.522
476, 34.65, 9.555
477, 34.85, 9.588
478, 34.95, 9.605
479, 35.15, 9.638
480, 35.34, 9.672
481, 35.43, 9.688
482, 35.61, 9.722
483, 35.82, 9.755
484, 35.93, 9.772
485, 36.12, 9.805
486, 36.31, 9.838
487, 36.41, 9.855
488, 36.6, 9.888
489, 36.79, 9.922
490, 36.88, 9.938
491, 37.06, 9.972
492, 37.15, 9.988
493, 37.34, 10.022
494, 37.54, 10.055
495, 37.64, 10.072
496, 37.8, 10.105
497, 37.88, 10.122
498, 38.08, 10.155
499, 38.3, 10.188
500, 38.36, 10.205
501, 38.51, 10.238
502, 38.61, 10.255
503, 38.84, 10.288
504, 38.93, 10.305
505, 39.07, 10.338
506, 39.13, 10.355
507, 39.13, 10.388
508, 39.25, 10.405
509, 39.51, 10.438
510, 39.56, 10.455
511, 39.74, 10.488
512, 39.81, 10.505
513, 39.95, 10.538
514, 40.1, 10.572
515, 40.17, 10.588
516, 40.26, 10.605
517, 40.44, 10.638
518, 40.52, 10.655
519, 40.67, 10.688
520, 40.75, 10.705
521, 40.9, 10.738
522, 40.97, 10.755
523, 41.13, 10.788
524, 41.21, 10.805
525, 41.36, 10.838
526, 41.44, 10.855
527, 41.6, 10.888
528, 41.68, 10.905
529, 41.83, 10.938
530, 41.91, 10.955
531, 41.99, 10.972
532, 42.14, 11.005
533, 42.22, 11.022
534, 42.38, 11.055
535, 42.46, 11.072
536, 42.54, 11.088
537, 42.7, 11.122
538, 42.77, 11.138
539, 42.92, 11.172
540, 43, 11.188
541, 43.08, 11.205
542, 43.24, 11.238
543, 43.32, 11.255
544, 43.48, 11.288
545, 43.55, 11.305
546, 43.63, 11.322
547, 43.79, 11.355
548, 43.86, 11.372
549, 44.02, 11.405
550, 44.1, 11.422
551, 44.18, 11.438
552, 44.34, 11.472
553, 44.42, 11.488
554, 44.5, 11.505
555, 44.66, 11.538
556, 44.73, 11.555
557, 44.81, 11.572
558, 44.97, 11.605
559, 45.05, 11.622
560, 45.13, 11.638
561, 45.28, 11.672
562, 45.36, 11.688
563, 45.44, 11.705
564, 45.59, 11.738
565, 45.67, 11.755
566, 45.75, 11.772
567, 45.9, 11.805
568, 45.98, 11.822
569, 46.05, 11.838
570, 46.13, 11.855
571, 46.28, 11.888
572, 46.36, 11.905
573, 46.44, 11.922
574, 46.59, 11.955
575, 46.67, 11.972
576, 46.74, 11.988
577, 46.89, 12.022
578, 46.97, 12.038
579, 47.04, 12.055
580, 47.12, 12.072
581, 47.26, 12.105
582, 47.34, 12.122
583, 47.41, 12.138
584, 47.49, 12.155
585, 47.64, 12.188
586, 47.71, 12.205
587, 47.79, 12.222
588, 47.86, 12.238
589, 48, 12.272
590, 48.07, 12.288
591, 48.14, 12.305
592, 48.21, 12.322
593, 48.35, 12.355
594, 48.42, 12.372
595, 48.49, 12.388
596, 48.56, 12.405
597, 48.7, 12.438
598, 48.77, 12.455
599, 48.84, 12.472
600, 48.91, 12.488
601, 49.05, 12.522
602, 49.12, 12.538
603, 49.18, 12.555
604, 49.25, 12.572
605, 49.32, 12.588
606, 49.45, 12.622
607, 49.52, 12.638
608, 49.59, 12.655
609, 49.65, 12.672
610, 49.71, 12.688
611, 49.84, 12.722
612, 49.9, 12.738
613, 49.94, 12.755
614, 49.99, 12.772
615, 50.03, 12.788
616, 50.09, 12.822
617, 50.12, 12.838
618, 50.11, 12.855
619, 50.08, 12.872
620, 50.19, 12.888
621, 50.33, 12.922
622, 50.36, 12.938
623, 50.41, 12.955
624, 50.48, 12.972
625, 50.54, 12.988
626, 50.7, 13.022
627, 50.77, 13.038
628, 50.81, 13.055
629, 50.87, 13.072
630, 50.93, 13.088
631, 51.05, 13.122
632, 51.11, 13.138
633, 51.17, 13.155
634, 51.23, 13.172
635, 51.28, 13.188
636, 51.34, 13.205
637, 51.48, 13.238
638, 51.54, 13.255
639, 51.58, 13.272
640, 51.64, 13.288
641, 51.69, 13.305
642, 51.75, 13.322
643, 51.87, 13.355
644, 51.93, 13.372
645, 51.98, 13.388
646, 52.03, 13.405
647, 52.08, 13.422
648, 52.13, 13.438
649, 52.18, 13.455
650, 52.29, 13.488
651, 52.35, 13.505
652, 52.39, 13.522
653, 52.43, 13.538
654, 52.47, 13.555
655, 52.5, 13.572
656, 52.49, 13.605
657, 52.47, 13.622
658, 52.44, 13.638
659, 52.4, 13.655
660, 52.36, 13.672
661, 52.32, 13.688
662, 52.28, 13.705
663, 52.07, 13.738
664, 52.05, 13.755
665, 51.99, 13.772
666, 51.94, 13.788
667, 51.86, 13.805
668, 51.76, 13.822
669, 51.7, 13.838
670, 51.56, 13.872
671, 51.47, 13.888
672, 51.39, 13.905
673, 51.32, 13.922
674, 51.25, 13.938
675, 51.17, 13.955
676, 51.01, 13.988
677, 50.93, 14.005
678, 50.85, 14.022
679, 50.77, 14.038
680, 50.68, 14.055
681, 50.6, 14.072
682, 50.41, 14.105
683, 50.32, 14.122
684, 50.22, 14.138
685, 50.13, 14.155
686, 50.04, 14.172
687, 49.86, 14.205
688, 49.78, 14.222
689, 49.72, 14.238
690, 49.65, 14.255
691, 49.55, 14.272
692, 49.19, 14.305
693, 49.15, 14.322
694, 49.08, 14.338
695, 49.02, 14.355
696, 48.93, 14.372
697, 48.69, 14.405
698, 48.62, 14.422
699, 48.56, 14.438
700, 48.47, 14.455
701, 48.26, 14.488
702, 48.18, 14.505
703, 48.1, 14.522
704, 48.02, 14.538
705, 47.83, 14.572
706, 47.75, 14.588
707, 47.67, 14.605
708, 47.49, 14.638
709, 47.4, 14.655
710, 47.32, 14.672
711, 47.23, 14.688
712, 47.04, 14.722
713, 46.95, 14.738
714, 46.86, 14.755
715, 46.68, 14.788
716, 46.59, 14.805
717, 46.5, 14.822
718, 46.42, 14.838
719, 46.24, 14.872
720, 46.15, 14.888
721, 46.06, 14.905
722, 45.9, 14.938
723, 45.82, 14.955
724, 45.74, 14.972
725, 45.59, 15.005
726, 45.51, 15.022
727, 45.43, 15.038
728, 45.28, 15.072
729, 45.2, 15.088
730, 45.12, 15.105
731, 44.99, 15.138
732, 44.93, 15.155
733, 44.88, 15.172
734, 44.78, 15.205
735, 44.73, 15.222
736, 44.73, 15.238
737, 44.72, 15.272
738, 44.68, 15.288
739, 44.66, 15.305
740, 44.65, 15.338
741, 44.64, 15.355
742, 44.59, 15.388
743, 44.58, 15.405
744, 44.57, 15.422
745, 44.53, 15.455
746, 44.51, 15.472
747, 44.5, 15.488
748, 44.46, 15.522
749, 44.44, 15.538
750, 44.42, 15.555
751, 44.36, 15.588
752, 44.32, 15.605
753, 44.22, 15.638
754, 44.17, 15.655
755, 44.12, 15.672
756, 44.02, 15.705
757, 43.97, 15.722
758, 43.92, 15.738
759, 43.81, 15.772
760, 43.76, 15.788
761, 43.59, 15.822
762, 43.48, 15.838
763, 43.41, 15.855
764, 43.3, 15.888
765, 43.22, 15.905
766, 43.13, 15.922
767, 42.99, 15.955
768, 42.92, 15.972
769, 42.77, 16.005
770, 42.7, 16.022
771, 42.63, 16.038
772, 42.48, 16.072
773, 42.41, 16.088
774, 42.27, 16.122
775, 42.2, 16.138
776, 42.12, 16.155
777, 41.98, 16.188
778, 41.91, 16.205
779, 41.78, 16.238
780, 41.71, 16.255
781, 41.56, 16.288
782, 41.49, 16.305
783, 41.42, 16.322
784, 41.28, 16.355
785, 41.19, 16.372
786, 41, 16.405
787, 40.93, 16.422
788, 40.81, 16.455
789, 40.74, 16.472
790, 40.66, 16.505
791, 40.62, 16.522
792, 40.55, 16.555
793, 40.48, 16.572
794, 40.32, 16.605
795, 40.27, 16.622
796, 40.18, 16.655
797, 40.13, 16.672
798, 40.05, 16.705
799, 40.03, 16.722
800, 40.01, 16.755
801, 39.98, 16.772
802, 39.95, 16.805
803, 39.94, 16.822
804, 39.92, 16.838
805, 39.9, 16.872
806, 39.89, 16.888
807, 39.85, 16.922
808, 39.93, 16.938
809, 40.09, 16.972
810, 40.06, 16.988
811, 39.95, 17.022
812, 39.98, 17.038
813, 39.96, 17.072
814, 39.94, 17.088
815, 39.89, 17.122
816, 39.9, 17.138
817, 40.15, 17.172
818, 40.28, 17.188
819, 40.28, 17.222
820, 40.24, 17.238
821, 40.26, 17.272
822, 40.25, 17.288
823, 40.24, 17.322
824, 40.26, 17.338
825, 40.26, 17.372
826, 40.32, 17.388
827, 40.46, 17.422
828, 40.48, 17.438
829, 40.45, 17.472
830, 40.45, 17.488
831, 40.45, 17.522
832, 40.45, 17.538
833, 40.49, 17.572
834, 40.53, 17.588
835, 40.66, 17.622
836, 40.71, 17.638
837, 40.76, 17.672
838, 40.78, 17.688
839, 40.84, 17.722
840, 40.89, 17.738
841, 41.01, 17.772
842, 41.07, 17.788
843, 41.13, 17.805
844, 41.26, 17.838
845, 41.32, 17.855
846, 41.47, 17.888
847, 41.55, 17.905
848, 41.72, 17.938
849, 41.81, 17.955
850, 41.98, 17.988
851, 42.08, 18.005
852, 42.17, 18.022
853, 42.34, 18.055
854, 42.42, 18.072
855, 42.58, 18.105
856, 42.67, 18.122
857, 42.75, 18.138
858, 42.94, 18.172
859, 43.03, 18.188
860, 43.23, 18.222
861, 43.32, 18.238
862, 43.41, 18.255
863, 43.59, 18.288
864, 43.68, 18.305
865, 43.78, 18.322
866, 43.97, 18.355
867, 44.07, 18.372
868, 44.25, 18.405
869, 44.34, 18.422
870, 44.44, 18.438
871, 44.62, 18.472
872, 44.71, 18.488
873, 44.8, 18.505
874, 44.98, 18.538
875, 45.07, 18.555
876, 45.17, 18.572
877, 45.37, 18.605
878, 45.47, 18.622
879, 45.56, 18.638
880, 45.75, 18.672
881, 45.84, 18.688
882, 45.94, 18.705
883, 46.12, 18.738
884, 46.21, 18.755
885, 46.31, 18.772
886, 46.41, 18.788
887, 46.6, 18.822
888, 46.68, 18.838
889, 46.77, 18.855
890, 46.95, 18.888
891, 47.04, 18.905
892, 47.12, 18.922
893, 47.27, 18.955
894, 47.32, 18.972
895, 47.36, 18.988
896, 47.37, 19.005
897, 47.31, 19.038
898, 47.22, 19.055
899, 47.11, 19.072
900, 46.96, 19.088
901, 46.61, 19.122
902, 46.42, 19.138
903, 46.22, 19.155
904, 45.82, 19.188
905, 45.63, 19.205
906, 45.39, 19.222
907, 44.9, 19.255
908, 44.64, 19.272
909, 44.36, 19.288
910, 43.89, 19.322
911, 43.67, 19.338
912, 43.43, 19.355
913, 42.95, 19.388
914, 42.72, 19.405
915, 42.27, 19.438
916, 42.03, 19.455
917, 41.79, 19.472
918, 41.32, 19.505
919, 41.09, 19.522
920, 40.61, 19.555
921, 40.39, 19.572
922, 39.93, 19.605
923, 39.7, 19.622
924, 39.26, 19.655
925, 39.02, 19.672
926, 38.61, 19.705
927, 38.44, 19.722
928, 37.96, 19.755
929, 37.44, 19.788
930, 37.19, 19.805
931, 36.75, 19.838
932, 36.57, 19.855
933, 36.2, 19.888
934, 35.83, 19.922
935, 35.65, 19.938
936, 35.31, 19.972
937, 34.95, 20.005
938, 34.57, 20.038
939, 34.37, 20.055
940, 34.01, 20.088
941, 33.68, 20.122
942, 33.33, 20.155
943, 33.14, 20.172
944, 32.77, 20.205
945, 32.43, 20.238
946, 32.09, 20.272
947, 31.75, 20.305
948, 31.42, 20.338
949, 31.08, 20.372
950, 30.79, 20.405
951, 30.46, 20.438
952, 30.05, 20.472
953, 29.76, 20.505
954, 29.5, 20.538
955, 29.3, 20.572
956, 29.1, 20.605
957, 28.86, 20.638
958, 28.63, 20.672
959, 28.47, 20.705
960, 28.35, 20.738
961, 28.24, 20.772
962, 28.15, 20.805
963, 28.08, 20.838
964, 28, 20.872
965, 27.88, 20.922
966, 27.8, 20.955
967, 27.72, 20.988
968, 27.64, 21.022
969, 27.56, 21.055
970, 27.49, 21.088
971, 27.41, 21.122
972, 27.33, 21.155
973, 27.21, 21.205
974, 27.12, 21.238
975, 27.04, 21.272
976, 26.94, 21.305
977, 26.85, 21.338
978, 26.71, 21.388
979, 26.61, 21.422
980, 26.51, 21.455
981, 26.41, 21.488
982, 26.29, 21.538
983, 26.2, 21.572
984, 26.09, 21.605
985, 25.95, 21.655
986, 25.9, 21.688
987, 25.86, 21.722
988, 25.8, 21.755
989, 25.61, 21.805
990, 25.47, 21.838
991, 25.41, 21.872
992, 25.35, 21.922
993, 25.28, 21.955
994, 25.19, 21.988
995, 25.12, 22.038
996, 25.1, 22.072
997, 25.04, 22.105
998, 25.06, 22.155
999, 25.18, 22.188
1000, 25.32, 22.238
1001, 25.46, 22.272
1002, 25.6, 22.305
1003, 25.81, 22.355
1004, 25.97, 22.388
1005, 26.17, 22.422
1006, 26.42, 22.472
1007, 26.6, 22.505
1008, 26.81, 22.538
1009, 27.03, 22.572
1010, 27.35, 22.622
1011, 27.56, 22.655
1012, 27.81, 22.688
1013, 28.05, 22.722
1014, 28.3, 22.755
1015, 28.54, 22.788
1016, 28.81, 22.822
1017, 29.12, 22.855
1018, 29.33, 22.888
1019, 29.57, 22.922
1020, 29.85, 22.955
1021, 30.1, 22.988
1022, 30.38, 23.022
1023, 30.64, 23.055
1024, 30.89, 23.088
1025, 31.12, 23.122
1026, 31.33, 23.155
1027, 31.51, 23.188
1028, 31.66, 23.222
1029, 31.76, 23.255
1030, 31.89, 23.288
1031, 32.27, 23.322
1032, 32.37, 23.338
1033, 32.62, 23.372
1034, 32.88, 23.405
1035, 33.13, 23.438
1036, 33.4, 23.472
1037, 33.52, 23.488
1038, 33.77, 23.522
1039, 34.02, 23.555
1040, 34.28, 23.588
1041, 34.53, 23.622
1042, 34.65, 23.638
1043, 34.91, 23.672
1044, 35.16, 23.705
1045, 35.4, 23.738
1046, 35.52, 23.755
1047, 35.76, 23.788
1048, 36.01, 23.822
1049, 36.14, 23.838
1050, 36.41, 23.872
1051, 36.62, 23.905
1052, 36.74, 23.922
1053, 36.99, 23.955
1054, 37.24, 23.988
1055, 37.35, 24.005
1056, 37.62, 24.038
1057, 37.72, 24.055
1058, 38, 24.088
1059, 38.27, 24.122
1060, 38.38, 24.138
1061, 38.6, 24.172
1062, 38.73, 24.188
1063, 38.99, 24.222
1064, 39.12, 24.238
1065, 39.35, 24.272
1066, 39.35, 24.272
1067, 39.69, 24.322
1068, 39.91, 24.355
1069, 40.02, 24.372
1070, 40.24, 24.405
1071, 40.35, 24.422
1072, 40.56, 24.455
1073, 40.57, 24.472
1074, 40.7, 24.505
1075, 40.89, 24.522
1076, 41.07, 24.555
1077, 41.17, 24.572
1078, 41.39, 24.605
1079, 41.49, 24.622
1080, 41.57, 24.638
1081, 41.73, 24.672
1082, 41.8, 24.688
1083, 41.99, 24.722
1084, 42.11, 24.738
1085, 42.31, 24.772
1086, 42.39, 24.788
1087, 42.49, 24.805
1088, 42.68, 24.838
1089, 42.77, 24.855
1090, 42.94, 24.888
1091, 43.03, 24.905
1092, 43.21, 24.938
1093, 43.29, 24.955
1094, 43.38, 24.972
1095, 43.55, 25.005
1096, 43.64, 25.022
1097, 43.72, 25.038
1098, 43.89, 25.072
1099, 43.98, 25.088
1100, 44.15, 25.122
1101, 44.23, 25.138
1102, 44.32, 25.155
1103, 44.47, 25.188
1104, 44.55, 25.205
1105, 44.64, 25.222
1106, 44.8, 25.255
1107, 44.88, 25.272
1108, 44.97, 25.288
1109, 45.13, 25.322
1110, 45.21, 25.338
1111, 45.29, 25.355
1112, 45.45, 25.388
1113, 45.53, 25.405
1114, 45.61, 25.422
1115, 45.77, 25.455
1116, 45.84, 25.472
1117, 45.92, 25.488
1118, 46.07, 25.522
1119, 46.15, 25.538
1120, 46.24, 25.555
1121, 46.39, 25.588
1122, 46.46, 25.605
1123, 46.53, 25.622
1124, 46.68, 25.655
1125, 46.75, 25.672
1126, 46.83, 25.688
1127, 46.91, 25.705
1128, 47.06, 25.738
1129, 47.13, 25.755
1130, 47.2, 25.772
1131, 47.35, 25.805
1132, 47.42, 25.822
1133, 47.5, 25.838
1134, 47.57, 25.855
1135, 47.71, 25.888
1136, 47.78, 25.905
1137, 47.85, 25.922
1138, 47.99, 25.955
1139, 48.06, 25.972
1140, 48.13, 25.988
1141, 48.2, 26.005
1142, 48.34, 26.038
1143, 48.41, 26.055
1144, 48.47, 26.072
1145, 48.54, 26.088
1146, 48.67, 26.122
1147, 48.74, 26.138
1148, 48.8, 26.155
1149, 48.87, 26.172
1150, 48.99, 26.205
1151, 49.06, 26.222
1152, 49.13, 26.238
1153, 49.19, 26.255
1154, 49.26, 26.272
1155, 49.37, 26.305
1156, 49.42, 26.322
1157, 49.46, 26.338
1158, 49.5, 26.355
1159, 49.58, 26.388
1160, 49.62, 26.405
1161, 49.66, 26.422
1162, 49.69, 26.438
1163, 49.72, 26.455
1164, 49.77, 26.488
1165, 49.8, 26.505
1166, 49.78, 26.522
1167, 49.75, 26.538
1168, 50.01, 26.572
1169, 50.02, 26.588
1170, 50.07, 26.605
1171, 50.15, 26.622
1172, 50.23, 26.638
1173, 50.34, 26.672
1174, 50.41, 26.688
1175, 50.47, 26.705
1176, 50.53, 26.722
1177, 50.58, 26.738
1178, 50.64, 26.755
1179, 50.75, 26.788
1180, 50.81, 26.805
1181, 50.88, 26.822
1182, 50.94, 26.838
1183, 51, 26.855
1184, 51.11, 26.888
1185, 51.16, 26.905
1186, 51.2, 26.922
1187, 51.26, 26.938
1188, 51.31, 26.955
1189, 51.37, 26.972
1190, 51.49, 27.005
1191, 51.55, 27.022
1192, 51.61, 27.038
1193, 51.67, 27.055
1194, 51.72, 27.072
1195, 51.76, 27.088
1196, 51.87, 27.122
1197, 51.92, 27.138
1198, 51.97, 27.155
1199, 52.03, 27.172
1200, 52.09, 27.188
1201, 52.15, 27.205
1202, 52.19, 27.222
1203, 52.31, 27.255
1204, 52.38, 27.272
1205, 52.43, 27.288
1206, 52.47, 27.305
1207, 52.52, 27.322
1208, 52.58, 27.338
1209, 52.62, 27.355
1210, 52.73, 27.388
1211, 52.81, 27.405
1212, 52.86, 27.422
1213, 52.91, 27.438
1214, 52.96, 27.455
1215, 53.02, 27.472
1216, 53.07, 27.488
1217, 53.11, 27.505
1218, 53.21, 27.538
1219, 53.26, 27.555
1220, 53.31, 27.572
1221, 53.35, 27.588
1222, 53.41, 27.605
1223, 53.46, 27.622
1224, 53.5, 27.638
1225, 53.55, 27.655
1226, 53.6, 27.672
1227, 53.7, 27.705
1228, 53.75, 27.722
1229, 53.8, 27.738
1230, 53.85, 27.755
1231, 53.9, 27.772
1232, 53.94, 27.788
1233, 53.99, 27.805
1234, 54.04, 27.822
1235, 54.09, 27.838
1236, 54.14, 27.855
1237, 54.23, 27.888
1238, 54.28, 27.905
1239, 54.32, 27.922
1240, 54.37, 27.938
1241, 54.41, 27.955
1242, 54.46, 27.972
1243, 54.5, 27.988
1244, 54.54, 28.005
1245, 54.59, 28.022
1246, 54.63, 28.038
1247, 54.67, 28.055
1248, 54.72, 28.072
1249, 54.8, 28.105
1250, 54.84, 28.122
1251, 54.88, 28.138
1252, 54.93, 28.155
1253, 54.97, 28.172
1254, 55.01, 28.188
1255, 55.05, 28.205
1256, 55.08, 28.222
1257, 55.12, 28.238
1258, 55.16, 28.255
1259, 55.2, 28.272
1260, 55.24, 28.288
1261, 55.28, 28.305
1262, 55.36, 28.338
1263, 55.39, 28.355
1264, 55.43, 28.372
1265, 55.47, 28.388
1266, 55.51, 28.405
1267, 55.54, 28.422
1268, 55.58, 28.438
1269, 55.62, 28.455
1270, 55.65, 28.472
1271, 55.69, 28.488
1272, 55.73, 28.505
1273, 55.76, 28.522
1274, 55.8, 28.538
1275, 55.86, 28.572
1276, 55.89, 28.588
1277, 55.93, 28.605
1278, 55.96, 28.622
1279, 55.99, 28.638
1280, 56.03, 28.655
1281, 56.06, 28.672
1282, 56.09, 28.688
1283, 56.12, 28.705
1284, 56.15, 28.722
1285, 56.18, 28.738
1286, 56.21, 28.755
1287, 56.24, 28.772
1288, 56.27, 28.788
1289, 56.3, 28.805
1290, 56.37, 28.838
1291, 56.4, 28.855
1292, 56.43, 28.872
1293, 56.46, 28.888
1294, 56.49, 28.905
1295, 56.52, 28.922
1296, 56.55, 28.938
1297, 56.58, 28.955
1298, 56.61, 28.972
1299, 56.64, 28.988
1300, 56.67, 29.005
1301, 56.7, 29.022
1302, 56.74, 29.038
1303, 56.77, 29.055
1304, 56.8, 29.072
1305, 56.83, 29.088
1306, 56.86, 29.105
1307, 56.92, 29.138
1308, 56.96, 29.155
1309, 56.99, 29.172
1310, 57.02, 29.188
1311, 57.05, 29.205
1312, 57.08, 29.222
1313, 57.11, 29.238
1314, 57.14, 29.255
1315, 57.17, 29.272
1316, 57.2, 29.288
1317, 57.23, 29.305
1318, 57.26, 29.322
1319, 57.29, 29.338
1320, 57.32, 29.355
1321, 57.35, 29.372
1322, 57.38, 29.388
1323, 57.42, 29.405
1324, 57.45, 29.422
1325, 57.49, 29.438
1326, 57.53, 29.455
1327, 57.59, 29.488
1328, 57.62, 29.505
1329, 57.66, 29.522
1330, 57.7, 29.538
1331, 57.74, 29.555
1332, 57.77, 29.572
1333, 57.8, 29.588
1334, 57.83, 29.605
1335, 57.86, 29.622
1336, 57.89, 29.638
1337, 57.93, 29.655
1338, 57.96, 29.672
1339, 58, 29.688
1340, 58.03, 29.705
1341, 58.06, 29.722
1342, 58.1, 29.738
1343, 58.13, 29.755
1344, 58.16, 29.772
1345, 58.2, 29.788
1346, 58.23, 29.805
1347, 58.26, 29.822
1348, 58.29, 29.838
1349, 58.32, 29.855
1350, 58.35, 29.872
1351, 58.39, 29.888
1352, 58.42, 29.905
1353, 58.45, 29.922
1354, 58.48, 29.938
1355, 58.56, 29.972
1356, 58.6, 29.988
1357, 58.65, 30.005
1358, 58.69, 30.022
1359, 58.72, 30.038
1360, 58.76, 30.055
1361, 58.8, 30.072
1362, 58.84, 30.088
1363, 58.88, 30.105
1364, 58.91, 30.122
1365, 58.94, 30.138
1366, 58.96, 30.155
1367, 58.96, 30.172
1368, 58.96, 30.188
1369, 58.95, 30.205
1370, 58.92, 30.222
1371, 58.86, 30.238
1372, 58.79, 30.255
1373, 58.7, 30.272
1374, 58.59, 30.288
1375, 58.46, 30.305
1376, 58.31, 30.322
1377, 58.15, 30.338
1378, 57.97, 30.355
1379, 57.77, 30.372
1380, 57.57, 30.388
1381, 57.35, 30.405
1382, 57.1, 30.422
1383, 56.88, 30.438
1384, 56.67, 30.455
1385, 56.45, 30.472
1386, 56.22, 30.488
1387, 55.97, 30.505
1388, 55.74, 30.522
1389, 55.3, 30.555
1390, 55.06, 30.572
1391, 54.83, 30.588
1392, 54.6, 30.605
1393, 54.36, 30.622
1394, 54.13, 30.638
1395, 53.89, 30.655
1396, 53.65, 30.672
1397, 53.43, 30.688
1398, 53.21, 30.705
1399, 52.75, 30.738
1400, 52.51, 30.755
1401, 52.27, 30.772
1402, 52.05, 30.788
1403, 51.83, 30.805
1404, 51.6, 30.822
1405, 51.15, 30.855
1406, 50.93, 30.872
1407, 50.73, 30.888
1408, 50.53, 30.905
1409, 50.33, 30.922
1410, 50.13, 30.938
1411, 49.75, 30.972
1412, 49.57, 30.988
1413, 49.4, 31.005
1414, 49.21, 31.022
1415, 49.03, 31.038
1416, 48.71, 31.072
1417, 48.53, 31.088
1418, 48.38, 31.105
1419, 48.23, 31.122
1420, 47.85, 31.155
1421, 47.6, 31.172
1422, 47.41, 31.188
1423, 47.26, 31.205
1424, 46.97, 31.238
1425, 46.82, 31.255
1426, 46.66, 31.272
1427, 46.37, 31.305
1428, 46.23, 31.322
1429, 46.08, 31.338
1430, 45.81, 31.372
1431, 45.69, 31.388
1432, 45.56, 31.405
1433, 45.32, 31.438
1434, 45.19, 31.455
1435, 45.09, 31.472
1436, 44.92, 31.505
1437, 44.83, 31.522
1438, 44.76, 31.538
1439, 44.6, 31.572
1440, 44.52, 31.588
1441, 44.38, 31.622
1442, 44.3, 31.638
1443, 44.24, 31.655
1444, 44.12, 31.688
1445, 44.06, 31.705
1446, 43.93, 31.738
1447, 43.87, 31.755
1448, 43.8, 31.772
1449, 43.68, 31.805
1450, 43.63, 31.822
1451, 43.52, 31.855
1452, 43.47, 31.872
1453, 43.43, 31.888
1454, 43.33, 31.922
1455, 43.28, 31.938
1456, 43.19, 31.972
1457, 43.14, 31.988
1458, 43.05, 32.022
1459, 43.01, 32.038
1460, 42.91, 32.072
1461, 42.87, 32.088
1462, 42.82, 32.105
1463, 42.73, 32.138
1464, 42.68, 32.155
1465, 42.59, 32.188
1466, 42.54, 32.205
1467, 42.44, 32.238
1468, 42.38, 32.255
1469, 42.28, 32.288
1470, 42.23, 32.305
1471, 42.12, 32.338
1472, 42.07, 32.355
1473, 41.96, 32.388
1474, 41.91, 32.405
1475, 41.81, 32.438
1476, 41.75, 32.455
1477, 41.65, 32.488
1478, 41.6, 32.505
1479, 41.5, 32.538
1480, 41.45, 32.555
1481, 41.35, 32.588
1482, 41.3, 32.605
1483, 41.2, 32.638
1484, 41.15, 32.655
1485, 41.07, 32.688
1486, 41.04, 32.705
1487, 40.98, 32.738
1488, 40.95, 32.755
1489, 40.92, 32.788
1490, 40.96, 32.805
1491, 40.97, 32.838
1492, 40.97, 32.872
1493, 40.99, 32.888
1494, 41.01, 32.922
1495, 41.01, 32.938
1496, 41, 32.972
1497, 40.98, 32.988
1498, 40.93, 33.022
1499, 40.89, 33.038
1500, 40.73, 33.072
1501, 40.71, 33.088
1502, 40.66, 33.122
1503, 40.55, 33.155
1504, 40.51, 33.172
1505, 40.44, 33.205
1506, 40.39, 33.222
1507, 40.31, 33.255
1508, 40.28, 33.272
1509, 40.22, 33.305
1510, 40.2, 33.322
1511, 40.15, 33.355
1512, 40.16, 33.388
1513, 40.2, 33.405
1514, 40.18, 33.438
1515, 40.19, 33.455
1516, 40.24, 33.488
1517, 40.28, 33.522
1518, 40.3, 33.538
1519, 40.36, 33.572
1520, 40.4, 33.588
1521, 40.46, 33.622
1522, 40.49, 33.638
1523, 40.55, 33.672
1524, 40.59, 33.688
1525, 40.67, 33.722
1526, 40.76, 33.755
1527, 40.81, 33.772
1528, 40.9, 33.805
1529, 40.95, 33.822
1530, 41.05, 33.855
1531, 41.1, 33.872
1532, 41.2, 33.905
1533, 41.25, 33.922
1534, 41.35, 33.955
1535, 41.4, 33.972
1536, 41.55, 34.005
1537, 41.62, 34.022
1538, 41.74, 34.055
1539, 41.81, 34.072
1540, 41.97, 34.105
1541, 42.04, 34.122
1542, 42.17, 34.155
1543, 42.26, 34.172
1544, 42.4, 34.205
1545, 42.47, 34.222
1546, 42.64, 34.255
1547, 42.72, 34.272
1548, 42.87, 34.305
1549, 42.95, 34.322
1550, 43.11, 34.355
1551, 43.19, 34.372
1552, 43.27, 34.388
1553, 43.41, 34.422
1554, 43.49, 34.438
1555, 43.65, 34.472
1556, 43.73, 34.488
1557, 43.87, 34.522
1558, 43.94, 34.538
1559, 44.01, 34.555
1560, 44.17, 34.588
1561, 44.26, 34.605
1562, 44.41, 34.638
1563, 44.48, 34.655
1564, 44.55, 34.672
1565, 44.7, 34.705
1566, 44.78, 34.722
1567, 44.92, 34.755
1568, 45, 34.772
1569, 45.07, 34.788
1570, 45.2, 34.822
1571, 45.27, 34.838
1572, 45.34, 34.855
1573, 45.46, 34.888
1574, 45.54, 34.905
1575, 45.63, 34.922
1576, 45.78, 34.955
1577, 45.84, 34.972
1578, 45.98, 35.005
1579, 46.05, 35.022
1580, 46.12, 35.038
1581, 46.25, 35.072
1582, 46.32, 35.088
1583, 46.39, 35.105
1584, 46.54, 35.138
1585, 46.62, 35.155
1586, 46.69, 35.172
1587, 46.82, 35.205
1588, 46.89, 35.222
1589, 46.95, 35.238
1590, 47.09, 35.272
1591, 47.15, 35.288
1592, 47.22, 35.305
1593, 47.35, 35.338
1594, 47.41, 35.355
1595, 47.47, 35.372
1596, 47.53, 35.388
1597, 47.66, 35.422
1598, 47.71, 35.438
1599, 47.77, 35.455
1600, 47.89, 35.488
1601, 47.95, 35.505
1602, 48, 35.522
1603, 48.11, 35.555
1604, 48.16, 35.572
1605, 48.21, 35.588
1606, 48.27, 35.605
1607, 48.2, 35.638
1608, 48.32, 35.655
1609, 48.4, 35.672
1610, 48.42, 35.688
1611, 48.5, 35.722
1612, 48.55, 35.738
1613, 48.58, 35.755
1614, 48.68, 35.788
1615, 48.71, 35.805
1616, 48.75, 35.822
1617, 48.79, 35.838
1618, 48.87, 35.872
1619, 48.91, 35.888
1620, 48.95, 35.905
1621, 48.99, 35.922
1622, 49.07, 35.955
1623, 49.12, 35.972
1624, 49.16, 35.988
1625, 49.2, 36.005
1626, 49.28, 36.038
1627, 49.32, 36.055
1628, 49.36, 36.072
1629, 49.44, 36.105
1630, 49.47, 36.122
1631, 49.51, 36.138
1632, 49.55, 36.155
1633, 49.59, 36.172
1634, 49.67, 36.205
1635, 49.71, 36.222
1636, 49.75, 36.238
1637, 49.79, 36.255
1638, 49.86, 36.288
1639, 49.9, 36.305
1640, 49.94, 36.322
1641, 49.97, 36.338
1642, 50.04, 36.372
1643, 50.09, 36.388
1644, 50.13, 36.405
1645, 50.16, 36.422
1646, 50.18, 36.438
1647, 50.27, 36.472
1648, 50.31, 36.488
1649, 50.35, 36.505
1650, 50.37, 36.522
1651, 50.45, 36.555
1652, 50.5, 36.572
1653, 50.54, 36.588
1654, 50.57, 36.605
1655, 50.6, 36.622
1656, 50.64, 36.655
1657, 50.69, 36.672
1658, 50.74, 36.688
1659, 50.77, 36.705
1660, 50.8, 36.722
1661, 50.89, 36.755
1662, 50.94, 36.772
1663, 50.96, 36.788
1664, 50.99, 36.805
1665, 51.03, 36.822
1666, 51.08, 36.855
1667, 51.12, 36.872
1668, 51.15, 36.888
1669, 51.2, 36.905
1670, 51.24, 36.922
1671, 51.33, 36.955
1672, 51.36, 36.972
1673, 51.39, 36.988
1674, 51.41, 37.005
1675, 51.44, 37.022
1676, 51.51, 37.055
1677, 51.55, 37.072
1678, 51.59, 37.088
1679, 51.63, 37.105
1680, 51.66, 37.122
1681, 51.72, 37.155
1682, 51.76, 37.172
1683, 51.79, 37.188
1684, 51.82, 37.205
1685, 51.85, 37.222
1686, 51.9, 37.255
1687, 51.92, 37.272
1688, 51.94, 37.288
1689, 51.97, 37.305
1690, 52, 37.322
1691, 52.03, 37.338
1692, 52.08, 37.372
1693, 52.1, 37.388
1694, 52.12, 37.405
1695, 52.14, 37.422
1696, 52.17, 37.438
1697, 52.2, 37.455
1698, 52.25, 37.488
1699, 52.27, 37.505
1700, 52.3, 37.522
1701, 52.32, 37.538
1702, 52.34, 37.555
1703, 52.4, 37.588
1704, 52.43, 37.605
1705, 52.45, 37.622
1706, 52.48, 37.638
1707, 52.51, 37.655
1708, 52.53, 37.672
1709, 52.59, 37.705
1710, 52.62, 37.722
1711, 52.64, 37.738
1712, 52.67, 37.755
1713, 52.69, 37.772
1714, 52.71, 37.788
1715, 52.73, 37.805
1716, 52.79, 37.838
1717, 52.82, 37.855
1718, 52.84, 37.872
1719, 52.87, 37.888
1720, 52.9, 37.905
1721, 52.94, 37.922
1722, 52.99, 37.955
1723, 53.02, 37.972
1724, 53.04, 37.988
1725, 53.06, 38.005
1726, 53.09, 38.022
1727, 53.13, 38.038
1728, 53.17, 38.055
1729, 53.19, 38.088
1730, 53.19, 38.105
1731, 53.2, 38.122
1732, 53.19, 38.138
1733, 53.23, 38.155
1734, 53.3, 38.172
1735, 53.36, 38.188
1736, 53.39, 38.222
1737, 53.42, 38.238
1738, 53.45, 38.255
1739, 53.49, 38.272
1740, 53.52, 38.288
1741, 53.55, 38.305
1742, 53.57, 38.322
1743, 53.6, 38.338
1744, 53.66, 38.372
1745, 53.7, 38.388
1746, 53.75, 38.405
1747, 53.78, 38.422
1748, 53.82, 38.438
1749, 53.85, 38.455
1750, 53.89, 38.472
1751, 53.93, 38.488
1752, 54.03, 38.522
1753, 54.08, 38.538
1754, 54.12, 38.555
1755, 54.17, 38.572
1756, 54.21, 38.588
1757, 54.25, 38.605
1758, 54.29, 38.622
1759, 54.34, 38.638
1760, 54.43, 38.672
1761, 54.47, 38.688
1762, 54.51, 38.705
1763, 54.55, 38.722
1764, 54.59, 38.738
1765, 54.63, 38.755
1766, 54.67, 38.772
1767, 54.71, 38.788
1768, 54.76, 38.805
1769, 54.8, 38.822
1770, 54.88, 38.855
1771, 54.92, 38.872
1772, 54.96, 38.888
1773, 55, 38.905
1774, 55.04, 38.922
1775, 55.08, 38.938
1776, 55.12, 38.955
1777, 55.17, 38.972
1778, 55.21, 38.988
1779, 55.25, 39.005
1780, 55.29, 39.022
1781, 55.36, 39.055
1782, 55.4, 39.072
1783, 55.45, 39.088
1784, 55.49, 39.105
1785, 55.53, 39.122
1786, 55.57, 39.138
1787, 55.6, 39.155
1788, 55.65, 39.172
1789, 55.69, 39.188
1790, 55.73, 39.205
1791, 55.76, 39.222
1792, 55.8, 39.238
1793, 55.88, 39.272
1794, 55.92, 39.288
1795, 55.96, 39.305
1796, 56, 39.322
1797, 56.04, 39.338
1798, 56.08, 39.355
1799, 56.11, 39.372
1800, 56.15, 39.388
1801, 56.19, 39.405
1802, 56.23, 39.422
1803, 56.27, 39.438
1804, 56.31, 39.455
1805, 56.35, 39.472
1806, 56.38, 39.488
1807, 56.42, 39.505
1808, 56.5, 39.538
1809, 56.53, 39.555
1810, 56.57, 39.572
1811, 56.61, 39.588
1812, 56.64, 39.605
1813, 56.68, 39.622
1814, 56.72, 39.638
1815, 56.76, 39.655
1816, 56.79, 39.672
1817, 56.83, 39.688
1818, 56.87, 39.705
1819, 56.91, 39.722
1820, 56.94, 39.738
1821, 56.98, 39.755
1822, 57.01, 39.772
1823, 57.05, 39.788
1824, 57.09, 39.805
1825, 57.12, 39.822
1826, 57.2, 39.855
1827, 57.23, 39.872
1828, 57.27, 39.888
1829, 57.3, 39.905
1830, 57.34, 39.922
1831, 57.37, 39.938
1832, 57.4, 39.955
1833, 57.44, 39.972
1834, 57.47, 39.988
1835, 57.5, 40.005
1836, 57.54, 40.022
1837, 57.57, 40.038
1838, 57.61, 40.055
1839, 57.64, 40.072
1840, 57.68, 40.088
1841, 57.71, 40.105
1842, 57.74, 40.122
1843, 57.78, 40.138
1844, 57.81, 40.155
1845, 57.85, 40.172
1846, 57.88, 40.188
1847, 57.91, 40.205
1848, 57.98, 40.238
1849, 58.01, 40.255
1850, 58.05, 40.272
1851, 58.08, 40.288
1852, 58.11, 40.305
1853, 58.15, 40.322
1854, 58.18, 40.338
1855, 58.21, 40.355
1856, 58.24, 40.372
1857, 58.27, 40.388
1858, 58.3, 40.405
1859, 58.34, 40.422
1860, 58.37, 40.438
1861, 58.4, 40.455
1862, 58.44, 40.472
1863, 58.47, 40.488
1864, 58.51, 40.505
1865, 58.54, 40.522
1866, 58.57, 40.538
1867, 58.6, 40.555
1868, 58.63, 40.572
1869, 58.65, 40.588
1870, 58.68, 40.605
1871, 58.72, 40.622
1872, 58.75, 40.638
1873, 58.78, 40.655
1874, 58.81, 40.672
1875, 58.85, 40.688
1876, 58.87, 40.705
1877, 58.9, 40.722
1878, 58.92, 40.738
1879, 58.95, 40.755
1880, 58.98, 40.772
1881, 59, 40.788
1882, 59.04, 40.805
1883, 59.09, 40.822
1884, 59.13, 40.838
1885, 59.15, 40.855
1886, 59.18, 40.872
1887, 59.21, 40.888
1888, 59.27, 40.922
1889, 59.29, 40.938
1890, 59.32, 40.955
1891, 59.35, 40.972
1892, 59.38, 40.988
1893, 59.41, 41.005
1894, 59.44, 41.022
1895, 59.47, 41.038
1896, 59.49, 41.055
1897, 59.52, 41.072
1898, 59.55, 41.088
1899, 59.58, 41.105
1900, 59.61, 41.122
1901, 59.64, 41.138
1902, 59.67, 41.155
1903, 59.69, 41.172
1904, 59.71, 41.188
1905, 59.74, 41.205
1906, 59.76, 41.222
1907, 59.79, 41.238
1908, 59.82, 41.255
1909, 59.85, 41.272
1910, 59.87, 41.288
1911, 59.9, 41.305
1912, 59.94, 41.322
1913, 59.96, 41.338
1914, 59.99, 41.355
1915, 60.01, 41.372
1916, 60.04, 41.388
1917, 60.06, 41.405
1918, 60.09, 41.422
1919, 60.05, 41.438
1920, 60, 41.455
1921, 60.1, 41.472
1922, 60.14, 41.488
1923, 60.1, 41.505
1924, 60.13, 41.522
1925, 60.18, 41.538
1926, 60.19, 41.555
1927, 60.21, 41.572
1928, 60.24, 41.588
1929, 60.27, 41.605
1930, 60.28, 41.622
1931, 60.31, 41.638
1932, 60.34, 41.655
1933, 60.36, 41.672
1934, 60.38, 41.688
1935, 60.4, 41.705
1936, 60.42, 41.722
1937, 60.44, 41.738
1938, 60.46, 41.755
1939, 60.49, 41.772
1940, 60.51, 41.788
1941, 60.54, 41.805
1942, 60.56, 41.822
1943, 60.59, 41.838
1944, 60.61, 41.855
1945, 60.63, 41.872
1946, 60.66, 41.888
1947, 60.68, 41.905
1948, 60.7, 41.922
1949, 60.71, 41.938
1950, 60.73, 41.955
1951, 60.75, 41.972
1952, 60.76, 41.988
1953, 60.78, 42.005
1954, 60.81, 42.022
1955, 60.81, 42.022
1956, 60.83, 42.038
1957, 60.86, 42.055
1958, 60.88, 42.072
1959, 60.91, 42.088
1960, 60.93, 42.105
1961, 60.95, 42.122
1962, 60.96, 42.138
1963, 60.98, 42.155
1964, 61, 42.172
1965, 61.02, 42.188
1966, 61.04, 42.205
1967, 61.06, 42.222
1968, 61.08, 42.238
1969, 61.1, 42.255
1970, 61.12, 42.272
1971, 61.14, 42.288
1972, 61.16, 42.305
1973, 61.18, 42.322
1974, 61.2, 42.338
1975, 61.23, 42.355
1976, 61.25, 42.372
1977, 61.26, 42.388
1978, 61.27, 42.405
1979, 61.29, 42.422
1980, 61.29, 42.438
1981, 61.31, 42.455
1982, 61.32, 42.472
1983, 61.34, 42.488
1984, 61.36, 42.505
1985, 61.41, 42.522
1986, 61.44, 42.538
1987, 61.46, 42.555
1988, 61.48, 42.572
1989, 61.5, 42.588
1990, 61.52, 42.605
1991, 61.53, 42.622
1992, 61.54, 42.638
1993, 61.56, 42.655
1994, 61.58, 42.672
1995, 61.59, 42.688
1996, 61.6, 42.705
1997, 61.6, 42.722
1998, 61.61, 42.738
1999, 61.6, 42.755
2000, 61.59, 42.772
2001, 61.58, 42.788
2002, 61.55, 42.805
2003, 61.51, 42.822
2004, 61.47, 42.838
2005, 61.41, 42.855
2006, 61.34, 42.872
2007, 61.34, 42.872
2008, 61.25, 42.888
2009, 61.15, 42.905
2010, 61.03, 42.922
2011, 60.88, 42.938
2012, 60.71, 42.955
2013, 60.52, 42.972
2014, 60.3, 42.988
2015, 60.09, 43.005
2016, 59.87, 43.022
2017, 59.59, 43.038
2018, 59.31, 43.055
2019, 58.99, 43.072
2020, 58.64, 43.088
2021, 58.09, 43.122
2022, 57.82, 43.138
2023, 57.57, 43.155
2024, 57.33, 43.172
2025, 57.09, 43.188
2026, 56.81, 43.205
2027, 56.49, 43.222
2028, 56.15, 43.238
2029, 55.77, 43.255
2030, 55.44, 43.272
2031, 55.17, 43.288
2032, 54.88, 43.305
2033, 54.6, 43.322
2034, 54.31, 43.338
2035, 54.02, 43.355
2036, 53.44, 43.388
2037, 53.14, 43.405
2038, 52.88, 43.422
2039, 52.62, 43.438
2040, 52.34, 43.455
2041, 52.03, 43.472
2042, 51.68, 43.488
2043, 51.02, 43.522
2044, 50.71, 43.538
2045, 50.42, 43.555
2046, 50.16, 43.572
2047, 49.87, 43.588
2048, 49.33, 43.622
2049, 49.04, 43.638
2050, 48.74, 43.655
2051, 48.46, 43.672
2052, 48.11, 43.688
2053, 47.5, 43.722
2054, 47.22, 43.738
2055, 46.94, 43.755
2056, 46.45, 43.788
2057, 46.2, 43.805
2058, 45.93, 43.822
2059, 45.68, 43.838
2060, 45.16, 43.872
2061, 44.88, 43.888
2062, 44.6, 43.905
2063, 44.06, 43.938
2064, 43.83, 43.955
2065, 43.29, 43.988
2066, 43.05, 44.005
2067, 42.83, 44.022
2068, 42.38, 44.055
2069, 42.15, 44.072
2070, 41.72, 44.105
2071, 41.5, 44.122
2072, 41.27, 44.138
2073, 40.86, 44.172
2074, 40.65, 44.188
2075, 40.21, 44.222
2076, 40, 44.238
2077, 39.57, 44.272
2078, 39.35, 44.288
2079, 38.96, 44.322
2080, 38.76, 44.338
2081, 38.34, 44.372
2082, 37.95, 44.405
2083, 37.74, 44.422
2084, 37.34, 44.455
2085, 37.13, 44.472
2086, 36.66, 44.505
2087, 36.29, 44.538
2088, 36.1, 44.555
2089, 35.75, 44.588
2090, 35.41, 44.622
2091, 35.22, 44.638
2092, 34.86, 44.672
2093, 34.55, 44.705
2094, 34.4, 44.722
2095, 34.07, 44.755
2096, 33.77, 44.788
2097, 33.52, 44.822
2098, 33.23, 44.855
2099, 33.08, 44.872
2100, 32.86, 44.905
2101, 32.65, 44.938
2102, 32.38, 44.972
2103, 32.15, 45.005
2104, 31.98, 45.038
2105, 31.77, 45.072
2106, 31.64, 45.088
2107, 31.42, 45.122
2108, 31.25, 45.155
2109, 31.05, 45.188
2110, 30.79, 45.222
2111, 30.58, 45.255
2112, 30.39, 45.288
2113, 30.2, 45.322
2114, 29.99, 45.355
2115, 29.9, 45.372
2116, 29.73, 45.405
2117, 29.58, 45.438
2118, 29.46, 45.472
2119, 29.36, 45.505
2120, 29.25, 45.538
2121, 29.1, 45.572
2122, 28.97, 45.605
2123, 28.85, 45.638
2124, 28.73, 45.672
2125, 28.63, 45.705
2126, 28.54, 45.738
2127, 28.45, 45.772
2128, 28.33, 45.805
2129, 28.2, 45.838
2130, 28.11, 45.872
2131, 28.04, 45.905
2132, 27.95, 45.938
2133, 27.87, 45.972
2134, 27.73, 46.022
2135, 27.64, 46.055
2136, 27.54, 46.088
2137, 27.41, 46.122
2138, 27.29, 46.155
2139, 27.2, 46.188
2140, 27.12, 46.222
2141, 26.97, 46.272
2142, 26.85, 46.305
2143, 26.73, 46.338
2144, 26.67, 46.372
2145, 26.67, 46.422
2146, 26.74, 46.455
2147, 26.74, 46.488
2148, 26.78, 46.522
2149, 26.87, 46.572
2150, 26.95, 46.605
2151, 27.04, 46.638
2152, 27.09, 46.672
2153, 27.27, 46.722
2154, 27.36, 46.755
2155, 27.48, 46.788
2156, 27.62, 46.838
2157, 27.74, 46.872
2158, 27.83, 46.905
2159, 27.95, 46.938
2160, 28.1, 46.972
2161, 28.25, 47.022
2162, 28.4, 47.055
2163, 28.5, 47.088
2164, 28.61, 47.122
2165, 28.7, 47.155
2166, 28.87, 47.205
2167, 29.01, 47.238
2168, 29.17, 47.272
2169, 29.31, 47.305
2170, 29.49, 47.338
2171, 29.71, 47.372
2172, 29.86, 47.405
2173, 30.03, 47.438
2174, 30.2, 47.472
2175, 30.36, 47.505
2176, 30.54, 47.538
2177, 30.64, 47.572
2178, 30.68, 47.605
2179, 30.66, 47.638
2180, 30.63, 47.672
2181, 30.61, 47.705
2182, 30.49, 47.738
2183, 30.41, 47.772
2184, 30.38, 47.805
2185, 30.35, 47.838
2186, 30.31, 47.872
2187, 30.06, 47.922
2188, 29.84, 47.955
2189, 29.74, 47.988
2190, 29.58, 48.022
2191, 29.39, 48.055
2192, 29.22, 48.088
2193, 29.09, 48.122
2194, 28.88, 48.155
2195, 28.62, 48.188
2196, 28.44, 48.222
2197, 28.31, 48.255
2198, 28.02, 48.305
2199, 27.81, 48.338
2200, 27.66, 48.372
2201, 27.5, 48.405
2202, 27.28, 48.438
2203, 27.06, 48.488
2204, 26.89, 48.522
2205, 26.69, 48.555
2206, 26.46, 48.605
2207, 26.32, 48.638
2208, 26.14, 48.672
2209, 25.96, 48.722
2210, 25.86, 48.755
2211, 25.69, 48.805
2212, 25.6, 48.838
2213, 25.51, 48.872
2214, 25.38, 48.922
2215, 25.28, 48.955
2216, 25.11, 49.005
2217, 25, 49.038
2218, 24.87, 49.072
2219, 24.69, 49.122
2220, 24.54, 49.155
2221, 24.33, 49.205
2222, 24.2, 49.238
2223, 24.04, 49.288
2224, 23.93, 49.322
2225, 23.81, 49.372
2226, 23.72, 49.405
2227, 23.59, 49.455
2228, 23.53, 49.488
2229, 23.47, 49.538
2230, 23.45, 49.572
2231, 23.65, 49.622
2232, 23.78, 49.655
2233, 23.93, 49.705
2234, 24.07, 49.738
2235, 24.26, 49.788
2236, 24.35, 49.822
2237, 24.4, 49.855
2238, 24.34, 49.905
2239, 24.29, 49.938
2240, 24.11, 49.972
2241, 23.91, 50.022
2242, 23.82, 50.055
2243, 23.73, 50.088
2244, 23.63, 50.138
2245, 23.57, 50.172
2246, 23.45, 50.222
2247, 23.36, 50.255
2248, 23.27, 50.288
2249, 23.16, 50.338
2250, 23.11, 50.372
2251, 23.04, 50.422
2252, 22.99, 50.472
2253, 22.99, 50.505
2254, 22.96, 50.555
2255, 23, 50.588
2256, 23.06, 50.638
2257, 23.05, 50.672
2258, 23.09, 50.722
2259, 23.26, 50.772
2260, 23.36, 50.805
2261, 23.36, 50.855
2262, 23.47, 50.888
2263, 23.78, 50.938
2264, 24.02, 50.972
2265, 24.21, 51.022
2266, 24.38, 51.055
2267, 24.7, 51.105
2268, 24.95, 51.138
2269, 25.18, 51.172
2270, 25.55, 51.222
2271, 25.77, 51.255
2272, 26.03, 51.288
2273, 26.4, 51.338
2274, 26.69, 51.372
2275, 26.95, 51.405
2276, 27.19, 51.438
2277, 27.44, 51.472
2278, 27.83, 51.522
2279, 28.12, 51.555
2280, 28.36, 51.588
2281, 28.65, 51.622
2282, 28.92, 51.655
2283, 29.2, 51.688
2284, 29.48, 51.722
2285, 29.77, 51.755
2286, 30.05, 51.788
2287, 30.34, 51.822
2288, 30.61, 51.855
2289, 30.88, 51.888
2290, 31.14, 51.922
2291, 31.39, 51.955
2292, 31.61, 51.988
2293, 31.79, 52.022
2294, 31.78, 52.055
2295, 31.9, 52.072
2296, 32.25, 52.105
2297, 32.48, 52.138
2298, 32.73, 52.172
2299, 32.93, 52.205
2300, 33.16, 52.238
2301, 33.39, 52.272
2302, 33.51, 52.288
2303, 33.72, 52.322
2304, 33.93, 52.355
2305, 34.18, 52.388
2306, 34.3, 52.405
2307, 34.51, 52.438
2308, 34.73, 52.472
2309, 34.95, 52.505
2310, 35.07, 52.522
2311, 35.3, 52.555
2312, 35.51, 52.588
2313, 35.73, 52.622
2314, 35.86, 52.638
2315, 36.07, 52.672
2316, 36.27, 52.705
2317, 36.39, 52.722
2318, 36.61, 52.755
2319, 36.77, 52.788
2320, 36.9, 52.805
2321, 37.18, 52.838
2322, 37.27, 52.855
2323, 37.44, 52.888
2324, 37.64, 52.922
2325, 37.74, 52.938
2326, 37.99, 52.972
2327, 38.12, 52.988
2328, 38.33, 53.022
2329, 38.43, 53.038
2330, 38.63, 53.072
2331, 38.84, 53.105
2332, 38.94, 53.122
2333, 39.15, 53.155
2334, 39.24, 53.172
2335, 39.43, 53.205
2336, 39.53, 53.222
2337, 39.64, 53.255
2338, 39.6, 53.272
2339, 39.9, 53.305
2340, 40.02, 53.322
2341, 40.18, 53.355
2342, 40.27, 53.372
2343, 40.44, 53.405
2344, 40.53, 53.422
2345, 40.7, 53.455
2346, 40.78, 53.472
2347, 40.87, 53.488
2348, 41.04, 53.522
2349, 41.13, 53.538
2350, 41.3, 53.572
2351, 41.38, 53.588
2352, 41.56, 53.622
2353, 41.64, 53.638
2354, 41.82, 53.672
2355, 41.91, 53.688
2356, 41.99, 53.705
2357, 42.16, 53.738
2358, 42.25, 53.755
2359, 42.42, 53.788
2360, 42.5, 53.805
2361, 42.59, 53.822
2362, 42.76, 53.855
2363, 42.84, 53.872
2364, 43.01, 53.905
2365, 43.1, 53.922
2366, 43.2, 53.938
2367, 43.37, 53.972
2368, 43.45, 53.988
2369, 43.61, 54.022
2370, 43.69, 54.038
2371, 43.78, 54.055
2372, 43.94, 54.088
2373, 44.02, 54.105
2374, 44.11, 54.122
2375, 44.28, 54.155
2376, 44.36, 54.172
2377, 44.44, 54.188
2378, 44.6, 54.222
2379, 44.69, 54.238
2380, 44.78, 54.255
2381, 44.93, 54.288
2382, 45.01, 54.305
2383, 45.1, 54.322
2384, 45.29, 54.355
2385, 45.36, 54.372
2386, 45.44, 54.388
2387, 45.61, 54.422
2388, 45.7, 54.438
2389, 45.77, 54.455
2390, 45.92, 54.488
2391, 46, 54.505
2392, 46.07, 54.522
2393, 46.27, 54.555
2394, 46.36, 54.572
2395, 46.43, 54.588
2396, 46.49, 54.605
2397, 46.66, 54.638
2398, 46.74, 54.655
2399, 46.81, 54.672
2400, 46.96, 54.705
2401, 47.04, 54.722
2402, 47.12, 54.738
2403, 47.2, 54.755
2404, 47.36, 54.788
2405, 47.42, 54.805
2406, 47.49, 54.822
2407, 47.64, 54.855
2408, 47.71, 54.872
2409, 47.78, 54.888
2410, 47.84, 54.905
2411, 47.94, 54.938
2412, 48.01, 54.955
2413, 48.12, 54.972
2414, 48.23, 54.988
2415, 48.39, 55.022
2416, 48.45, 55.038
2417, 48.52, 55.055
2418, 48.59, 55.072
2419, 48.67, 55.088
2420, 48.8, 55.122
2421, 48.87, 55.138
2422, 48.94, 55.155
2423, 49.01, 55.172
2424, 49.16, 55.205
2425, 49.23, 55.222
2426, 49.3, 55.238
2427, 49.37, 55.255
2428, 49.5, 55.288
2429, 49.56, 55.305
2430, 49.63, 55.322
2431, 49.7, 55.338
2432, 49.75, 55.355
2433, 49.86, 55.388
2434, 49.85, 55.405
2435, 49.82, 55.422
2436, 49.94, 55.438
2437, 50.07, 55.455
2438, 50.14, 55.488
2439, 50.22, 55.505
2440, 50.28, 55.522
2441, 50.34, 55.538
2442, 50.4, 55.555
2443, 50.52, 55.588
2444, 50.58, 55.605
2445, 50.64, 55.622
2446, 50.7, 55.638
2447, 50.76, 55.655
2448, 50.89, 55.688
2449, 50.95, 55.705
2450, 51.01, 55.722
2451, 51.07, 55.738
2452, 51.12, 55.755
2453, 51.18, 55.772
2454, 51.3, 55.805
2455, 51.35, 55.822
2456, 51.41, 55.838
2457, 51.48, 55.855
2458, 51.54, 55.872
2459, 51.59, 55.888
2460, 51.71, 55.922
2461, 51.76, 55.938
2462, 51.81, 55.955
2463, 51.87, 55.972
2464, 51.92, 55.988
2465, 51.98, 56.005
2466, 52.04, 56.022
2467, 52.16, 56.055
2468, 52.21, 56.072
2469, 52.26, 56.088
2470, 52.33, 56.105
2471, 52.39, 56.122
2472, 52.43, 56.138
2473, 52.56, 56.172
2474, 52.62, 56.188
2475, 52.67, 56.205
2476, 52.72, 56.222
2477, 52.78, 56.238
2478, 52.84, 56.255
2479, 52.89, 56.272
2480, 52.94, 56.288
2481, 53.08, 56.322
2482, 53.13, 56.338
2483, 53.19, 56.355
2484, 53.23, 56.372
2485, 53.28, 56.388
2486, 53.33, 56.405
2487, 53.36, 56.422
2488, 53.39, 56.438
2489, 53.55, 56.472
2490, 53.65, 56.488
2491, 53.67, 56.505
2492, 53.68, 56.522
2493, 53.74, 56.538
2494, 53.82, 56.555
2495, 53.87, 56.572
2496, 53.91, 56.588
2497, 54.03, 56.622
2498, 54.09, 56.638
2499, 54.13, 56.655
2500, 54.19, 56.672
2501, 54.24, 56.688
2502, 54.29, 56.705
2503, 54.34, 56.722
2504, 54.39, 56.738
2505, 54.44, 56.755
2506, 54.54, 56.788
2507, 54.59, 56.805
2508, 54.64, 56.822
2509, 54.69, 56.838
2510, 54.74, 56.855
2511, 54.79, 56.872
2512, 54.84, 56.888
2513, 54.89, 56.905
2514, 54.94, 56.922
2515, 54.99, 56.938
2516, 55.04, 56.955
2517, 55.14, 56.988
2518, 55.19, 57.005
2519, 55.23, 57.022
2520, 55.28, 57.038
2521, 55.32, 57.055
2522, 55.37, 57.072
2523, 55.42, 57.088
2524, 55.46, 57.105
2525, 55.51, 57.122
2526, 55.55, 57.138
2527, 55.59, 57.155
2528, 55.63, 57.172
2529, 55.72, 57.205
2530, 55.77, 57.222
2531, 55.81, 57.238
2532, 55.85, 57.255
2533, 55.89, 57.272
2534, 55.94, 57.288
2535, 55.99, 57.305
2536, 56.03, 57.322
2537, 56.07, 57.338
2538, 56.11, 57.355
2539, 56.16, 57.372
2540, 56.2, 57.388
2541, 56.25, 57.405
2542, 56.29, 57.422
2543, 56.33, 57.438
2544, 56.41, 57.472
2545, 56.45, 57.488
2546, 56.5, 57.505
2547, 56.54, 57.522
2548, 56.57, 57.538
2549, 56.62, 57.555
2550, 56.66, 57.572
2551, 56.69, 57.588
2552, 56.72, 57.605
2553, 56.76, 57.622
2554, 56.8, 57.638
2555, 56.83, 57.655
2556, 56.87, 57.672
2557, 56.91, 57.688
2558, 56.92, 57.705
2559, 56.91, 57.722
2560, 56.92, 57.738
2561, 57.01, 57.755
2562, 57.1, 57.772
2563, 57.13, 57.788
2564, 57.08, 57.822
2565, 57.11, 57.838
2566, 57.13, 57.855
2567, 57.12, 57.872
2568, 57.16, 57.888
2569, 57.17, 57.905
2570, 57.19, 57.922
2571, 57.26, 57.938
2572, 57.31, 57.955
2573, 57.4, 57.972
2574, 57.46, 57.988
2575, 57.49, 58.005
2576, 57.48, 58.022
2577, 57.48, 58.038
2578, 57.5, 58.055
2579, 57.52, 58.072
2580, 57.52, 58.088
2581, 57.49, 58.105
2582, 57.46, 58.122
2583, 57.47, 58.138
2584, 57.5, 58.155
2585, 57.54, 58.172
2586, 57.61, 58.188
2587, 57.63, 58.222
2588, 57.64, 58.238
2589, 57.64, 58.255
2590, 57.65, 58.272
2591, 57.66, 58.288
2592, 57.66, 58.305
2593, 57.66, 58.322
2594, 57.65, 58.338
2595, 57.73, 58.355
2596, 57.77, 58.372
2597, 57.82, 58.388
2598, 57.79, 58.405
2599, 57.79, 58.422
2600, 57.84, 58.438
2601, 57.92, 58.455
2602, 57.97, 58.472
2603, 58.02, 58.488
2604, 58.07, 58.505
2605, 58.12, 58.522
2606, 58.16, 58.538
2607, 58.21, 58.555
2608, 58.25, 58.572
2609, 58.29, 58.588
2610, 58.33, 58.605
2611, 58.37, 58.622
2612, 58.42, 58.638
2613, 58.47, 58.655
2614, 58.52, 58.672
2615, 58.57, 58.688
2616, 58.62, 58.705
2617, 58.67, 58.722
2618, 58.77, 58.755
2619, 58.81, 58.772
2620, 58.86, 58.788
2621, 58.9, 58.805
2622, 58.94, 58.822
2623, 58.98, 58.838
2624, 59.02, 58.855
2625, 59.05, 58.872
2626, 59.09, 58.888
2627, 59.12, 58.905
2628, 59.16, 58.922
2629, 59.2, 58.938
2630, 59.23, 58.955
2631, 59.26, 58.972
2632, 59.3, 58.988
2633, 59.33, 59.005
2634, 59.37, 59.022
2635, 59.4, 59.038
2636, 59.44, 59.055
2637, 59.48, 59.072
2638, 59.51, 59.088
2639, 59.54, 59.105
2640, 59.57, 59.122
2641, 59.6, 59.138
2642, 59.63, 59.155
2643, 59.66, 59.172
2644, 59.69, 59.188
2645, 59.71, 59.205
2646, 59.73, 59.222
2647, 59.76, 59.238
2648, 59.78, 59.255
2649, 59.8, 59.272
2650, 59.81, 59.288
2651, 59.83, 59.305
2652, 59.85, 59.322
2653, 59.82, 59.338
2654, 59.77, 59.355
2655, 59.85, 59.372
2656, 59.88, 59.388
2657, 59.86, 59.405
2658, 59.9, 59.422
2659, 59.93, 59.438
2660, 59.93, 59.455
2661, 59.93, 59.472
2662, 59.96, 59.488
2663, 59.97, 59.505
2664, 59.98, 59.522
2665, 60, 59.538
2666, 59.99, 59.555
2667, 59.97, 59.572
2668, 60, 59.588
2669, 60.06, 59.605
2670, 60.07, 59.622
2671, 60.03, 59.638
2672, 60.04, 59.655
2673, 60.05, 59.672
2674, 60.04, 59.688
2675, 60.04, 59.705
2676, 60.06, 59.722
2677, 60.06, 59.738
2678, 60.11, 59.755
2679, 60.28, 59.772
2680, 60.33, 59.788
2681, 60.25, 59.805
2682, 60.21, 59.822
2683, 60.24, 59.838
2684, 60.25, 59.855
2685, 60.25, 59.872
2686, 60.27, 59.888
2687, 60.3, 59.905
2688, 60.33, 59.922
2689, 60.37, 59.938
2690, 60.38, 59.955
2691, 60.38, 59.972
2692, 60.39, 59.988
2693, 60.38, 60.005
2694, 60.38, 60.022
2695, 60.4, 60.038
2696, 60.4, 60.038
2697, 60.43, 60.055
2698, 60.45, 60.072
2699, 60.46, 60.088
2700, 60.47, 60.105
2701, 60.48, 60.122
2702, 60.49, 60.138
2703, 60.5, 60.155
2704, 60.51, 60.172
2705, 60.53, 60.188
2706, 60.55, 60.205
2707, 60.56, 60.222
2708, 60.58, 60.238
2709, 60.59, 60.255
2710, 60.61, 60.272
2711, 60.62, 60.288
2712, 60.64, 60.305
2713, 60.66, 60.322
2714, 60.68, 60.338
2715, 60.7, 60.355
2716, 60.72, 60.372
2717, 60.74, 60.388
2718, 60.76, 60.405
2719, 60.78, 60.422
2720, 60.8, 60.438
2721, 60.82, 60.455
2722, 60.84, 60.472
2723, 60.86, 60.488
2724, 60.88, 60.505
2725, 60.9, 60.522
2726, 60.93, 60.538
2727, 60.95, 60.555
2728, 60.97, 60.572
2729, 60.99, 60.588
2730, 61.01, 60.605
2731, 61.02, 60.622
2732, 61.04, 60.638
2733, 61.06, 60.655
2734, 61.08, 60.672
2735, 61.1, 60.688
2736, 61.12, 60.705
2737, 61.15, 60.722
2738, 61.16, 60.738
2739, 61.18, 60.755
2740, 61.2, 60.772
2741, 61.23, 60.788
2742, 61.25, 60.805
2743, 61.27, 60.822
2744, 61.3, 60.838
2745, 61.3, 60.838
2746, 61.32, 60.855
2747, 61.33, 60.872
2748, 61.36, 60.888
2749, 61.39, 60.905
2750, 61.42, 60.922
2751, 61.45, 60.938
2752, 61.48, 60.955
2753, 61.5, 60.972
2754, 61.53, 60.988
2755, 61.56, 61.005
2756, 61.59, 61.022
2757, 61.62, 61.038
2758, 61.65, 61.055
2759, 61.68, 61.072
2760, 61.71, 61.088
2761, 61.74, 61.105
2762, 61.78, 61.122
2763, 61.81, 61.138
2764, 61.84, 61.155
2765, 61.88, 61.172
2766, 61.92, 61.188
2767, 61.95, 61.205
2768, 61.98, 61.222
2769, 62.01, 61.238
2770, 62.05, 61.255
2771, 62.08, 61.272
2772, 62.11, 61.288
2773, 62.15, 61.305
2774, 62.18, 61.322
2775, 62.18, 61.322
2776, 62.21, 61.338
2777, 62.24, 61.355
2778, 62.28, 61.372
2779, 62.31, 61.388
2780, 62.34, 61.405
2781, 62.38, 61.422
2782, 62.42, 61.438
2783, 62.45, 61.455
2784, 62.49, 61.472
2785, 62.52, 61.488
2786, 62.55, 61.505
2787, 62.58, 61.522
2788, 62.62, 61.538
2789, 62.65, 61.555
2790, 62.69, 61.572
2791, 62.73, 61.588
2792, 62.77, 61.605
2793, 62.8, 61.622
2794, 62.84, 61.638
2795, 62.87, 61.655
2796, 62.9, 61.672
2797, 62.9, 61.672
2798, 62.94, 61.688
2799, 62.97, 61.705
2800, 63, 61.722
2801, 63.05, 61.738
2802, 63.09, 61.755
2803, 63.13, 61.772
2804, 63.16, 61.788
2805, 63.19, 61.805
2806, 63.22, 61.822
2807, 63.25, 61.838
2808, 63.28, 61.855
2809, 63.31, 61.872
2810, 63.35, 61.888
2811, 63.38, 61.905
2812, 63.41, 61.922
2813, 63.44, 61.938
2814, 63.48, 61.955
2815, 63.51, 61.972
2816, 63.55, 61.988
2817, 63.55, 61.988
2818, 63.6, 62.005
2819, 63.63, 62.022
2820, 63.65, 62.038
2821, 63.68, 62.055
2822, 63.71, 62.072
2823, 63.74, 62.088
2824, 63.77, 62.105
2825, 63.8, 62.122
2826, 63.83, 62.138
2827, 63.86, 62.155
2828, 63.89, 62.172
2829, 63.92, 62.188
2830, 63.95, 62.205
2831, 63.98, 62.222
2832, 64.01, 62.238
2833, 64.04, 62.255
2834, 64.04, 62.255
2835, 64.07, 62.272
2836, 64.1, 62.288
2837, 64.12, 62.305
2838, 64.15, 62.322
2839, 64.17, 62.338
2840, 64.2, 62.355
2841, 64.22, 62.372
2842, 64.25, 62.388
2843, 64.28, 62.405
2844, 64.3, 62.422
2845, 64.32, 62.438
2846, 64.35, 62.455
2847, 64.37, 62.472
2848, 64.38, 62.488
2849, 64.41, 62.505
2850, 64.41, 62.505
2851, 64.43, 62.522
2852, 64.45, 62.538
2853, 64.48, 62.555
2854, 64.5, 62.572
2855, 64.53, 62.588
2856, 64.55, 62.605
2857, 64.57, 62.622
2858, 64.59, 62.638
2859, 64.61, 62.655
2860, 64.62, 62.672
2861, 64.64, 62.688
2862, 64.66, 62.705
2863, 64.69, 62.722
2864, 64.71, 62.738
2865, 64.71, 62.738
2866, 64.73, 62.755
2867, 64.75, 62.772
2868, 64.77, 62.788
2869, 64.79, 62.805
2870, 64.81, 62.822
2871, 64.83, 62.838
2872, 64.84, 62.855
2873, 64.86, 62.872
2874, 64.88, 62.888
2875, 64.89, 62.905
2876, 64.91, 62.922
2877, 64.93, 62.938
2878, 64.93, 62.938
2879, 64.95, 62.955
2880, 64.96, 62.972
2881, 64.98, 62.988
2882, 64.99, 63.005
2883, 65.01, 63.022
2884, 65.02, 63.038
2885, 65.03, 63.055
2886, 65.05, 63.072
2887, 65.06, 63.088
2888, 65.07, 63.105
2889, 65.08, 63.122
2890, 65.1, 63.138
2891, 65.1, 63.138
2892, 65.11, 63.155
2893, 65.13, 63.172
2894, 65.14, 63.188
2895, 65.16, 63.205
2896, 65.18, 63.222
2897, 65.2, 63.238
2898, 65.22, 63.255
2899, 65.24, 63.272
2900, 65.25, 63.288
2901, 65.27, 63.305
2902, 65.3, 63.322
2903, 65.31, 63.338
2904, 65.31, 63.338
2905, 65.33, 63.355
2906, 65.35, 63.372
2907, 65.37, 63.388
2908, 65.38, 63.405
2909, 65.4, 63.422
2910, 65.42, 63.438
2911, 65.44, 63.455
2912, 65.46, 63.472
2913, 65.48, 63.488
2914, 65.5, 63.505
2915, 65.52, 63.522
2916, 65.52, 63.522
2917, 65.54, 63.538
2918, 65.55, 63.555
2919, 65.57, 63.572
2920, 65.59, 63.588
2921, 65.61, 63.605
2922, 65.62, 63.622
2923, 65.64, 63.638
2924, 65.66, 63.655
2925, 65.69, 63.672
2926, 65.71, 63.688
2927, 65.71, 63.688
2928, 65.73, 63.705
2929, 65.75, 63.722
2930, 65.77, 63.738
2931, 65.78, 63.755
2932, 65.8, 63.772
2933, 65.82, 63.788
2934, 65.84, 63.805
2935, 65.86, 63.822
2936, 65.88, 63.838
2937, 65.9, 63.855
2938, 65.9, 63.855
2939, 65.92, 63.872
2940, 65.94, 63.888
2941, 65.96, 63.905
2942, 65.98, 63.922
2943, 66, 63.938
2944, 66.01, 63.955
2945, 66.03, 63.972
2946, 66.05, 63.988
2947, 66.08, 64.005
2948, 66.11, 64.022
2949, 66.11, 64.022
2950, 66.13, 64.038
2951, 66.15, 64.055
2952, 66.18, 64.072
2953, 66.2, 64.088
2954, 66.22, 64.105
2955, 66.24, 64.122
2956, 66.26, 64.138
2957, 66.28, 64.155
2958, 66.3, 64.172
2959, 66.3, 64.172
2960, 66.32, 64.188
2961, 66.34, 64.205
2962, 66.35, 64.222
2963, 66.37, 64.238
2964, 66.39, 64.255
2965, 66.41, 64.272
2966, 66.44, 64.288
2967, 66.46, 64.305
2968, 66.46, 64.305
2969, 66.48, 64.322
2970, 66.49, 64.338
2971, 66.51, 64.355
2972, 66.53, 64.372
2973, 66.55, 64.388
2974, 66.57, 64.405
2975, 66.59, 64.422
2976, 66.61, 64.438
2977, 66.63, 64.455
2978, 66.63, 64.455
2979, 66.66, 64.472
2980, 66.67, 64.488
2981, 66.7, 64.505
2982, 66.72, 64.522
2983, 66.73, 64.538
2984, 66.75, 64.555
2985, 66.77, 64.572
2986, 66.78, 64.588
2987, 66.8, 64.605
2988, 66.8, 64.605
2989, 66.82, 64.622
2990, 66.84, 64.638
2991, 66.86, 64.655
2992, 66.88, 64.672
2993, 66.9, 64.688
2994, 66.91, 64.705
2995, 66.93, 64.722
2996, 66.95, 64.738
2997, 66.95, 64.738
2998, 66.96, 64.755
2999, 66.98, 64.772
3000, 66.99, 64.788
3001, 67.01, 64.805
3002, 67.02, 64.822
3003, 67.04, 64.838
3004, 67.05, 64.855
3005, 67.07, 64.872
3006, 67.08, 64.888
3007, 67.08, 64.888
3008, 67.1, 64.905
3009, 67.12, 64.922
3010, 67.13, 64.938
3011, 67.14, 64.955
3012, 67.15, 64.972
3013, 67.16, 64.988
3014, 67.17, 65.005
3015, 67.18, 65.022
3016, 67.18, 65.022
3017, 67.2, 65.038
3018, 67.21, 65.055
3019, 67.23, 65.072
3020, 67.24, 65.088
3021, 67.26, 65.105
3022, 67.28, 65.122
3023, 67.3, 65.138
3024, 67.32, 65.155
3025, 67.33, 65.172
3026, 67.33, 65.172
3027, 67.35, 65.188
3028, 67.37, 65.205
3029, 67.39, 65.222
3030, 67.4, 65.238
3031, 67.4, 65.255
3032, 67.41, 65.272
3033, 67.4, 65.288
3034, 67.41, 65.305
3035, 67.41, 65.305
3036, 67.46, 65.322
3037, 67.51, 65.338
3038, 67.52, 65.355
3039, 67.51, 65.372
3040, 67.52, 65.388
3041, 67.53, 65.405
3042, 67.53, 65.422
3043, 67.55, 65.438
3044, 67.55, 65.438
3045, 67.56, 65.455
3046, 67.57, 65.472
3047, 67.58, 65.488
3048, 67.6, 65.505
3049, 67.61, 65.522
3050, 67.64, 65.538
3051, 67.67, 65.555
3052, 67.69, 65.572
3053, 67.69, 65.572
3054, 67.69, 65.588
3055, 67.71, 65.605
3056, 67.73, 65.622
3057, 67.75, 65.638
3058, 67.76, 65.655
3059, 67.78, 65.672
3060, 67.79, 65.688
3061, 67.79, 65.688
3062, 67.82, 65.705
3063, 67.83, 65.722
3064, 67.85, 65.738
3065, 67.86, 65.755
3066, 67.88, 65.772
3067, 67.9, 65.788
3068, 67.92, 65.805
3069, 67.93, 65.822
3070, 67.93, 65.822
3071, 67.94, 65.838
3072, 67.96, 65.855
3073, 67.98, 65.872
3074, 67.99, 65.888
3075, 68.01, 65.905
3076, 68.03, 65.922
3077, 68.03, 65.938
3078, 68.03, 65.938
3079, 68.05, 65.955
3080, 68.07, 65.972
3081, 68.08, 65.988
3082, 68.1, 66.005
3083, 68.12, 66.022
3084, 68.14, 66.038
3085, 68.16, 66.055
3086, 68.17, 66.072
3087, 68.17, 66.072
3088, 68.18, 66.088
3089, 68.21, 66.105
3090, 68.22, 66.122
3091, 68.24, 66.138
3092, 68.26, 66.155
3093, 68.27, 66.172
3094, 68.28, 66.188
3095, 68.28, 66.188
3096, 68.29, 66.205
3097, 68.29, 66.222
3098, 68.3, 66.238
3099, 68.31, 66.255
3100, 68.33, 66.272
3101, 68.33, 66.288
3102, 68.33, 66.305
3103, 68.33, 66.305
3104, 68.34, 66.322
3105, 68.34, 66.338
3106, 68.37, 66.355
3107, 68.4, 66.372
3108, 68.41, 66.388
3109, 68.39, 66.405
3110, 68.38, 66.422
3111, 68.37, 66.438
3112, 68.37, 66.438
3113, 68.36, 66.455
3114, 68.36, 66.472
3115, 68.37, 66.488
3116, 68.4, 66.505
3117, 68.41, 66.522
3118, 68.42, 66.538
3119, 68.42, 66.555
3120, 68.42, 66.555
3121, 68.42, 66.572
3122, 68.41, 66.588
3123, 68.4, 66.605
3124, 68.4, 66.622
3125, 68.4, 66.638
3126, 68.41, 66.655
3127, 68.41, 66.672
3128, 68.41, 66.688
3129, 68.41, 66.688
3130, 68.41, 66.705
3131, 68.4, 66.722
3132, 68.39, 66.738
3133, 68.39, 66.755
3134, 68.39, 66.772
3135, 68.39, 66.788
3136, 68.39, 66.805
3137, 68.39, 66.805
3138, 68.39, 66.822
3139, 68.39, 66.838
3140, 68.39, 66.855
3141, 68.39, 66.872
3142, 68.39, 66.888
3143, 68.4, 66.905
3144, 68.4, 66.922
3145, 68.4, 66.922
3146, 68.4, 66.938
3147, 68.39, 66.955
3148, 68.39, 66.972
3149, 68.38, 66.988
3150, 68.38, 67.005
3151, 68.37, 67.022
3152, 68.37, 67.038
3153, 68.36, 67.055
3154, 68.36, 67.055
3155, 68.35, 67.072
3156, 68.34, 67.088
3157, 68.34, 67.105
3158, 68.33, 67.122
3159, 68.32, 67.138
3160, 68.32, 67.155
3161, 68.31, 67.172
3162, 68.31, 67.172
3163, 68.3, 67.188
3164, 68.3, 67.205
3165, 68.29, 67.222
3166, 68.28, 67.238
3167, 68.27, 67.255
3168, 68.27, 67.272
3169, 68.26, 67.288
3170, 68.26, 67.288
3171, 68.25, 67.305
3172, 68.25, 67.322
3173, 68.27, 67.338
3174, 68.28, 67.355
3175, 68.28, 67.372
3176, 68.26, 67.388
3177, 68.25, 67.405
3178, 68.25, 67.405
3179, 68.23, 67.422
3180, 68.22, 67.438
3181, 68.21, 67.455
3182, 68.2, 67.472
3183, 68.19, 67.488
3184, 68.18, 67.505
3185, 68.18, 67.522
3186, 68.19, 67.538
3187, 68.19, 67.538
3188, 68.19, 67.555
3189, 68.18, 67.572
3190, 68.16, 67.588
3191, 68.15, 67.605
3192, 68.14, 67.622
3193, 68.12, 67.638
3194, 68.09, 67.655
3195, 68.09, 67.655
3196, 68.09, 67.672
3197, 68.08, 67.688
3198, 68.07, 67.705
3199, 68.06, 67.722
3200, 68.05, 67.738
3201, 68.05, 67.755
3202, 68.05, 67.772
3203, 68.05, 67.788
3204, 68.05, 67.788
3205, 68.05, 67.805
3206, 68.05, 67.822
3207, 68.05, 67.838
3208, 68.04, 67.855
3209, 68.05, 67.872
3210, 68.05, 67.888
3211, 68.04, 67.905
3212, 68.04, 67.905
3213, 68.02, 67.922
3214, 68.01, 67.938
3215, 68, 67.955
3216, 67.98, 67.972
3217, 67.97, 67.988
3218, 67.95, 68.005
3219, 67.94, 68.022
3220, 67.94, 68.022
3221, 67.94, 68.038
3222, 67.94, 68.055
3223, 67.93, 68.072
3224, 67.93, 68.088
3225, 67.94, 68.105
3226, 67.94, 68.122
3227, 67.94, 68.138
3228, 67.94, 68.155
3229, 67.94, 68.155
3230, 67.94, 68.172
3231, 67.94, 68.188
3232, 67.94, 68.205
3233, 67.94, 68.222
3234, 67.93, 68.238
3235, 67.93, 68.255
3236, 67.93, 68.272
3237, 67.93, 68.272
3238, 67.93, 68.288
3239, 67.93, 68.305
3240, 67.92, 68.322
3241, 67.92, 68.338
3242, 67.91, 68.355
3243, 67.91, 68.372
3244, 67.91, 68.388
3245, 67.91, 68.388
3246, 67.92, 68.405
3247, 67.92, 68.422
3248, 67.92, 68.438
3249, 67.92, 68.455
3250, 67.93, 68.472
3251, 67.93, 68.488
3252, 67.94, 68.505
3253, 67.94, 68.522
3254, 67.94, 68.522
3255, 67.95, 68.538
3256, 67.96, 68.555
3257, 67.97, 68.572
3258, 67.98, 68.588
3259, 67.99, 68.605
3260, 68, 68.622
3261, 68.01, 68.638
3262, 68.01, 68.638
3263, 68.02, 68.655
3264, 68.03, 68.672
3265, 68.04, 68.688
3266, 68.05, 68.705
3267, 68.06, 68.722
3268, 68.06, 68.738
3269, 68.08, 68.755
3270, 68.08, 68.755
3271, 68.09, 68.772
3272, 68.11, 68.788
3273, 68.13, 68.805
3274, 68.14, 68.822
3275, 68.15, 68.838
3276, 68.15, 68.855
3277, 68.16, 68.872
3278, 68.16, 68.872
3279, 68.16, 68.888
3280, 68.17, 68.905
3281, 68.19, 68.922
3282, 68.21, 68.938
3283, 68.23, 68.955
3284, 68.24, 68.972
3285, 68.25, 68.988
3286, 68.25, 68.988
3287, 68.26, 69.005
3288, 68.27, 69.022
3289, 68.28, 69.038
3290, 68.29, 69.055
3291, 68.3, 69.072
3292, 68.31, 69.088
3293, 68.32, 69.105
3294, 68.32, 69.105
3295, 68.34, 69.122
3296, 68.35, 69.138
3297, 68.37, 69.155
3298, 68.39, 69.172
3299, 68.4, 69.188
3300, 68.4, 69.205
3301, 68.41, 69.222
3302, 68.42, 69.238
3303, 68.42, 69.238
3304, 68.43, 69.255
3305, 68.44, 69.272
3306, 68.46, 69.288
3307, 68.47, 69.305
3308, 68.49, 69.322
3309, 68.5, 69.338
3310, 68.5, 69.355
3311, 68.5, 69.355
3312, 68.5, 69.372
3313, 68.51, 69.388
3314, 68.53, 69.405
3315, 68.54, 69.422
3316, 68.55, 69.438
3317, 68.56, 69.455
3318, 68.57, 69.472
3319, 68.57, 69.472
3320, 68.58, 69.488
3321, 68.59, 69.505
3322, 68.6, 69.522
3323, 68.61, 69.538
3324, 68.61, 69.555
3325, 68.62, 69.572
3326, 68.64, 69.588
3327, 68.64, 69.588
3328, 68.66, 69.605
3329, 68.68, 69.622
3330, 68.69, 69.638
3331, 68.7, 69.655
3332, 68.7, 69.672
3333, 68.69, 69.688
3334, 68.7, 69.705
3335, 68.7, 69.705
3336, 68.69, 69.722
3337, 68.71, 69.738
3338, 68.75, 69.755
3339, 68.79, 69.772
3340, 68.8, 69.788
3341, 68.79, 69.805
3342, 68.79, 69.805
3343, 68.8, 69.822
3344, 68.81, 69.838
3345, 68.82, 69.855
3346, 68.83, 69.872
3347, 68.85, 69.888
3348, 68.86, 69.905
3349, 68.87, 69.922
3350, 68.87, 69.922
3351, 68.89, 69.938
3352, 68.89, 69.955
3353, 68.9, 69.972
3354, 68.92, 69.988
3355, 68.93, 70.005
3356, 68.94, 70.022
3357, 68.95, 70.038
3358, 68.95, 70.038
3359, 68.96, 70.055
3360, 68.98, 70.072
3361, 68.99, 70.088
3362, 69, 70.105
3363, 69.01, 70.122
3364, 69.01, 70.138
3365, 69.03, 70.155
3366, 69.03, 70.155
3367, 69.04, 70.172
3368, 69.04, 70.188
3369, 69.05, 70.205
3370, 69.06, 70.222
3371, 69.07, 70.238
3372, 69.08, 70.255
3373, 69.08, 70.255
3374, 69.09, 70.272
3375, 69.1, 70.288
3376, 69.12, 70.305
3377, 69.13, 70.322
3378, 69.14, 70.338
3379, 69.15, 70.355
3380, 69.16, 70.372
3381, 69.16, 70.372
3382, 69.17, 70.388
3383, 69.18, 70.405
3384, 69.19, 70.422
3385, 69.2, 70.438
3386, 69.2, 70.455
3387, 69.21, 70.472
3388, 69.21, 70.472
3389, 69.22, 70.488
3390, 69.23, 70.505
3391, 69.24, 70.522
3392, 69.25, 70.538
3393, 69.26, 70.555
3394, 69.27, 70.572
3395, 69.28, 70.588
3396, 69.28, 70.588
3397, 69.29, 70.605
3398, 69.3, 70.622
3399, 69.31, 70.638
3400, 69.32, 70.655
3401, 69.33, 70.672
3402, 69.34, 70.688
3403, 69.34, 70.688
3404, 69.35, 70.705
3405, 69.36, 70.722
3406, 69.37, 70.738
3407, 69.39, 70.755
3408, 69.41, 70.772
3409, 69.43, 70.788
3410, 69.45, 70.805
3411, 69.45, 70.805
3412, 69.46, 70.822
3413, 69.47, 70.838
3414, 69.49, 70.855
3415, 69.51, 70.872
3416, 69.52, 70.888
3417, 69.54, 70.905
3418, 69.54, 70.905
3419, 69.55, 70.922
3420, 69.56, 70.938
3421, 69.57, 70.955
3422, 69.58, 70.972
3423, 69.58, 70.988
3424, 69.58, 71.005
3425, 69.58, 71.005
3426, 69.57, 71.022
3427, 69.56, 71.038
3428, 69.54, 71.055
3429, 69.52, 71.072
3430, 69.5, 71.088
3431, 69.48, 71.105
3432, 69.44, 71.122
3433, 69.44, 71.122
3434, 69.39, 71.138
3435, 69.32, 71.155
3436, 69.25, 71.172
3437, 69.15, 71.188
3438, 69.04, 71.205
3439, 68.9, 71.222
3440, 68.9, 71.222
3441, 68.73, 71.238
3442, 68.52, 71.255
3443, 68.28, 71.272
3444, 68.04, 71.288
3445, 67.78, 71.305
3446, 67.51, 71.322
3447, 67.24, 71.338
3448, 66.94, 71.355
3449, 66.94, 71.355
3450, 66.63, 71.372
3451, 66.3, 71.388
3452, 65.95, 71.405
3453, 65.63, 71.422
3454, 65.32, 71.438
3455, 64.98, 71.455
3456, 64.65, 71.472
3457, 64.33, 71.488
3458, 64, 71.505
3459, 63.65, 71.522
3460, 63.31, 71.538
3461, 62.97, 71.555
3462, 62.97, 71.555
3463, 62.63, 71.572
3464, 62.29, 71.588
3465, 61.95, 71.605
3466, 61.61, 71.622
3467, 61.27, 71.638
3468, 60.96, 71.655
3469, 60.63, 71.672
3470, 60.27, 71.688
3471, 59.94, 71.705
3472, 59.62, 71.722
3473, 59.62, 71.722
3474, 58.94, 71.755
3475, 58.63, 71.772
3476, 58.33, 71.788
3477, 57.99, 71.805
3478, 57.73, 71.822
3479, 57.51, 71.838
3480, 56.95, 71.872
3481, 56.53, 71.888
3482, 56.1, 71.905
3483, 55.64, 71.922
3484, 55.23, 71.938
3485, 54.91, 71.955
3486, 54.62, 71.972
3487, 54.33, 71.988
3488, 54.03, 72.005
3489, 53.74, 72.022
3490, 53.43, 72.038
3491, 52.81, 72.072
3492, 52.51, 72.088
3493, 52.21, 72.105
3494, 51.89, 72.122
3495, 51.6, 72.138
3496, 51.32, 72.155
3497, 51.03, 72.172
3498, 50.44, 72.205
3499, 50.14, 72.222
3500, 49.87, 72.238
3501, 49.6, 72.255
3502, 49.32, 72.272
3503, 48.76, 72.305
3504, 48.43, 72.322
3505, 48.12, 72.338
3506, 47.85, 72.355
3507, 47.25, 72.388
3508, 46.94, 72.405
3509, 46.6, 72.422
3510, 46.29, 72.438
3511, 45.73, 72.472
3512, 45.45, 72.488
3513, 45.17, 72.505
3514, 44.65, 72.538
3515, 44.38, 72.555
3516, 44.1, 72.572
3517, 43.55, 72.605
3518, 43.28, 72.622
3519, 42.76, 72.655
3520, 42.5, 72.672
3521, 42.23, 72.688
3522, 41.72, 72.722
3523, 41.47, 72.738
3524, 40.92, 72.772
3525, 40.62, 72.788
3526, 40.08, 72.822
3527, 39.85, 72.838
3528, 39.34, 72.872
3529, 39.07, 72.888
3530, 38.51, 72.922
3531, 38.26, 72.938
3532, 37.77, 72.972
3533, 37.52, 72.988
3534, 37, 73.022
3535, 36.5, 73.055
3536, 36.26, 73.072
3537, 35.73, 73.105
3538, 35.27, 73.138
3539, 35.02, 73.155
3540, 34.48, 73.188
3541, 33.97, 73.222
3542, 33.5, 73.255
3543, 33.25, 73.272
3544, 32.73, 73.305
3545, 32.17, 73.338
3546, 31.79, 73.372
3547, 31.38, 73.405
3548, 30.92, 73.438
3549, 30.39, 73.472
3550, 29.98, 73.505
3551, 29.61, 73.538
3552, 29.23, 73.572
3553, 28.79, 73.605
3554, 28.42, 73.638
3555, 28.05, 73.672
3556, 27.63, 73.705
3557, 27.27, 73.738
3558, 26.95, 73.772
3559, 26.49, 73.822
3560, 26.21, 73.855
3561, 25.91, 73.888
3562, 25.59, 73.922
3563, 25.2, 73.972
3564, 24.94, 74.005
3565, 24.65, 74.038
3566, 24.4, 74.072
3567, 24.08, 74.122
3568, 23.85, 74.155
3569, 23.47, 74.205
3570, 23.24, 74.238
3571, 22.91, 74.288
3572, 22.7, 74.322
3573, 22.39, 74.372
3574, 22.17, 74.405
3575, 21.92, 74.455
3576, 21.66, 74.505
3577, 21.51, 74.538
3578, 21.29, 74.588
3579, 21.07, 74.638
3580, 20.93, 74.672
3581, 20.76, 74.722
3582, 20.62, 74.772
3583, 20.48, 74.822
3584, 20.39, 74.855
3585, 20.26, 74.905
3586, 20.11, 74.955
3587, 19.95, 75.005
3588, 19.8, 75.055
3589, 19.66, 75.105
3590, 19.53, 75.155
3591, 19.4, 75.205
3592, 19.28, 75.255
3593, 19.12, 75.322
3594, 19.01, 75.372
3595, 18.9, 75.422
3596, 18.75, 75.488
3597, 18.63, 75.538
3598, 18.52, 75.588
3599, 18.38, 75.655
3600, 18.29, 75.705
3601, 18.14, 75.772
3602, 18.07, 75.822
3603, 18.03, 75.888
3604, 18.15, 75.955
3605, 18.2, 76.005
3606, 18.41, 76.072
3607, 18.54, 76.122
3608, 18.73, 76.172
3609, 19, 76.238
3610, 19.2, 76.288
3611, 19.41, 76.338
3612, 19.73, 76.405
3613, 19.97, 76.455
3614, 20.18, 76.505
3615, 20.35, 76.555
3616, 20.59, 76.605
3617, 20.82, 76.672
3618, 21.06, 76.722
3619, 21.27, 76.772
3620, 21.52, 76.822
3621, 21.77, 76.872
3622, 21.95, 76.905
3623, 22.23, 76.955
3624, 22.54, 77.005
3625, 22.81, 77.055
3626, 23, 77.088
3627, 23.32, 77.138
3628, 23.62, 77.188
3629, 23.89, 77.222
3630, 24.16, 77.272
3631, 24.35, 77.305
3632, 24.64, 77.355
3633, 24.88, 77.388
3634, 25.18, 77.438
3635, 25.43, 77.472
3636, 25.79, 77.522
3637, 26.03, 77.555
3638, 26.26, 77.588
3639, 26.63, 77.638
3640, 26.86, 77.672
3641, 27.1, 77.705
3642, 27.35, 77.738
3643, 27.71, 77.788
3644, 27.98, 77.822
3645, 28.21, 77.855
3646, 28.49, 77.888
3647, 28.76, 77.922
3648, 29.02, 77.955
3649, 29.29, 77.988
3650, 29.55, 78.022
3651, 29.83, 78.055
3652, 30.11, 78.088
3653, 30.37, 78.122
3654, 30.63, 78.155
3655, 30.89, 78.188
3656, 31.12, 78.222
3657, 31.25, 78.255
3658, 31.34, 78.288
3659, 31.65, 78.322
3660, 31.83, 78.355
3661, 31.95, 78.372
3662, 32.18, 78.405
3663, 32.41, 78.438
3664, 32.64, 78.472
3665, 32.87, 78.505
3666, 33.09, 78.538
3667, 33.2, 78.555
3668, 33.43, 78.588
3669, 33.65, 78.622
3670, 33.87, 78.655
3671, 33.98, 78.672
3672, 34.21, 78.705
3673, 34.42, 78.738
3674, 34.64, 78.772
3675, 34.75, 78.788
3676, 34.98, 78.822
3677, 35.19, 78.855
3678, 35.3, 78.872
3679, 35.52, 78.905
3680, 35.74, 78.938
3681, 35.85, 78.955
3682, 36.07, 78.988
3683, 36.29, 79.022
3684, 36.4, 79.038
3685, 36.62, 79.072
3686, 36.85, 79.105
3687, 36.96, 79.122
3688, 37.18, 79.155
3689, 37.28, 79.172
3690, 37.5, 79.205
3691, 37.72, 79.238
3692, 37.83, 79.255
3693, 38.04, 79.288
3694, 38.15, 79.305
3695, 38.36, 79.338
3696, 38.46, 79.355
3697, 38.67, 79.388
3698, 38.87, 79.422
3699, 38.97, 79.438
3700, 39.17, 79.472
3701, 39.27, 79.488
3702, 39.47, 79.522
3703, 39.57, 79.538
3704, 39.77, 79.572
3705, 39.86, 79.588
3706, 40.05, 79.622
3707, 40.14, 79.638
3708, 40.31, 79.672
3709, 40.39, 79.688
3710, 40.54, 79.722
3711, 40.61, 79.738
3712, 40.71, 79.772
3713, 40.75, 79.788
3714, 40.72, 79.822
3715, 40.84, 79.838
3716, 41.12, 79.872
3717, 41.18, 79.888
3718, 41.26, 79.905
3719, 41.44, 79.938
3720, 41.53, 79.955
3721, 41.69, 79.988
3722, 41.78, 80.005
3723, 41.95, 80.038
3724, 42.04, 80.055
3725, 42.21, 80.088
3726, 42.29, 80.105
3727, 42.38, 80.122
3728, 42.54, 80.155
3729, 42.62, 80.172
3730, 42.79, 80.205
3731, 42.88, 80.222
3732, 42.96, 80.238
3733, 43.13, 80.272
3734, 43.21, 80.288
3735, 43.36, 80.322
3736, 43.44, 80.338
3737, 43.52, 80.355
3738, 43.67, 80.388
3739, 43.76, 80.405
3740, 43.98, 80.438
3741, 44.04, 80.455
3742, 44.1, 80.472
3743, 44.27, 80.505
3744, 44.35, 80.522
3745, 44.43, 80.538
3746, 44.58, 80.572
3747, 44.67, 80.588
3748, 44.75, 80.605
3749, 44.9, 80.638
3750, 44.98, 80.655
3751, 45.06, 80.672
3752, 45.22, 80.705
3753, 45.3, 80.722
3754, 45.38, 80.738
3755, 45.54, 80.772
3756, 45.62, 80.788
3757, 45.69, 80.805
3758, 45.85, 80.838
3759, 45.93, 80.855
3760, 46.01, 80.872
3761, 46.16, 80.905
3762, 46.24, 80.922
3763, 46.32, 80.938
3764, 46.47, 80.972
3765, 46.55, 80.988
3766, 46.63, 81.005
3767, 46.71, 81.022
3768, 46.86, 81.055
3769, 46.94, 81.072
3770, 47.01, 81.088
3771, 47.16, 81.122
3772, 47.24, 81.138
3773, 47.31, 81.155
3774, 47.38, 81.172
3775, 47.53, 81.205
3776, 47.6, 81.222
3777, 47.67, 81.238
3778, 47.81, 81.272
3779, 47.88, 81.288
3780, 47.95, 81.305
3781, 48.02, 81.322
3782, 48.16, 81.355
3783, 48.23, 81.372
3784, 48.3, 81.388
3785, 48.37, 81.405
3786, 48.5, 81.438
3787, 48.57, 81.455
3788, 48.63, 81.472
3789, 48.7, 81.488
3790, 48.84, 81.522
3791, 48.9, 81.538
3792, 48.97, 81.555
3793, 49.03, 81.572
3794, 49.16, 81.605
3795, 49.23, 81.622
3796, 49.29, 81.638
3797, 49.35, 81.655
3798, 49.48, 81.688
3799, 49.54, 81.705
3800, 49.6, 81.722
3801, 49.66, 81.738
3802, 49.76, 81.772
3803, 49.81, 81.788
3804, 49.85, 81.805
3805, 49.89, 81.822
3806, 49.92, 81.838
3807, 49.97, 81.872
3808, 49.99, 81.888
3809, 50.01, 81.905
3810, 50.02, 81.922
3811, 50.03, 81.938
3812, 50.04, 81.972
3813, 50.05, 81.988
3814, 50.03, 82.005
3815, 50, 82.022
3816, 50.22, 82.055
3817, 50.24, 82.072
3818, 50.28, 82.088
3819, 50.35, 82.105
3820, 50.41, 82.122
3821, 50.51, 82.155
3822, 50.58, 82.172
3823, 50.63, 82.188
3824, 50.69, 82.205
3825, 50.74, 82.222
3826, 50.84, 82.255
3827, 50.89, 82.272
3828, 50.95, 82.288
3829, 51, 82.305
3830, 51.05, 82.322
3831, 51.17, 82.355
3832, 51.22, 82.372
3833, 51.27, 82.388
3834, 51.32, 82.405
3835, 51.38, 82.422
3836, 51.48, 82.455
3837, 51.53, 82.472
3838, 51.59, 82.488
3839, 51.64, 82.505
3840, 51.69, 82.522
3841, 51.74, 82.538
3842, 51.84, 82.572
3843, 51.9, 82.588
3844, 51.95, 82.605
3845, 52, 82.622
3846, 52.05, 82.638
3847, 52.11, 82.655
3848, 52.2, 82.688
3849, 52.25, 82.705
3850, 52.31, 82.722
3851, 52.36, 82.738
3852, 52.41, 82.755
3853, 52.46, 82.772
3854, 52.56, 82.805
3855, 52.61, 82.822
3856, 52.66, 82.838
3857, 52.71, 82.855
3858, 52.76, 82.872
3859, 52.81, 82.888
3860, 52.92, 82.922
3861, 52.97, 82.938
3862, 53.02, 82.955
3863, 53.07, 82.972
3864, 53.12, 82.988
3865, 53.17, 83.005
3866, 53.23, 83.022
3867, 53.33, 83.055
3868, 53.38, 83.072
3869, 53.43, 83.088
3870, 53.49, 83.105
3871, 53.54, 83.122
3872, 53.59, 83.138
3873, 53.64, 83.155
3874, 53.69, 83.172
3875, 53.78, 83.205
3876, 53.84, 83.222
3877, 53.89, 83.238
3878, 53.94, 83.255
3879, 53.99, 83.272
3880, 54.04, 83.288
3881, 54.09, 83.305
3882, 54.14, 83.322
3883, 54.24, 83.355
3884, 54.29, 83.372
3885, 54.34, 83.388
3886, 54.39, 83.405
3887, 54.44, 83.422
3888, 54.49, 83.438
3889, 54.54, 83.455
3890, 54.58, 83.472
3891, 54.63, 83.488
3892, 54.73, 83.522
3893, 54.78, 83.538
3894, 54.83, 83.555
3895, 54.88, 83.572
3896, 54.93, 83.588
3897, 54.98, 83.605
3898, 55.02, 83.622
3899, 55.07, 83.638
3900, 55.12, 83.655
3901, 55.17, 83.672
3902, 55.27, 83.705
3903, 55.32, 83.722
3904, 55.37, 83.738
3905, 55.42, 83.755
3906, 55.47, 83.772
3907, 55.51, 83.788
3908, 55.56, 83.805
3909, 55.61, 83.822
3910, 55.66, 83.838
3911, 55.71, 83.855
3912, 55.76, 83.872
3913, 55.85, 83.905
3914, 55.9, 83.922
3915, 55.95, 83.938
3916, 56, 83.955
3917, 56.04, 83.972
3918, 56.09, 83.988
3919, 56.14, 84.005
3920, 56.19, 84.022
3921, 56.24, 84.038
3922, 56.28, 84.055
3923, 56.33, 84.072
3924, 56.37, 84.088
3925, 56.42, 84.105
3926, 56.47, 84.122
3927, 56.51, 84.138
3928, 56.6, 84.172
3929, 56.64, 84.188
3930, 56.69, 84.205
3931, 56.73, 84.222
3932, 56.78, 84.238
3933, 56.83, 84.255
3934, 56.88, 84.272
3935, 56.92, 84.288
3936, 56.97, 84.305
3937, 57.01, 84.322
3938, 57.05, 84.338
3939, 57.1, 84.355
3940, 57.14, 84.372
3941, 57.19, 84.388
3942, 57.23, 84.405
3943, 57.27, 84.422
3944, 57.32, 84.438
3945, 57.36, 84.455
3946, 57.41, 84.472
3947, 57.49, 84.505
3948, 57.53, 84.522
3949, 57.58, 84.538
3950, 57.62, 84.555
3951, 57.66, 84.572
3952, 57.7, 84.588
3953, 57.75, 84.605
3954, 57.79, 84.622
3955, 57.83, 84.638
3956, 57.88, 84.655
3957, 57.92, 84.672
3958, 57.96, 84.688
3959, 58, 84.705
3960, 58.04, 84.722
3961, 58.08, 84.738
3962, 58.12, 84.755
3963, 58.16, 84.772
3964, 58.2, 84.788
3965, 58.25, 84.805
3966, 58.29, 84.822
3967, 58.33, 84.838
3968, 58.37, 84.855
3969, 58.41, 84.872
3970, 58.45, 84.888
3971, 58.49, 84.905
3972, 58.53, 84.922
3973, 58.57, 84.938
3974, 58.61, 84.955
3975, 58.65, 84.972
3976, 58.69, 84.988
3977, 58.77, 85.022
3978, 58.81, 85.038
3979, 58.85, 85.055
3980, 58.89, 85.072
3981, 58.93, 85.088
3982, 58.97, 85.105
3983, 59.01, 85.122
3984, 59.04, 85.138
3985, 59.08, 85.155
3986, 59.12, 85.172
3987, 59.15, 85.188
3988, 59.19, 85.205
3989, 59.23, 85.222
3990, 59.27, 85.238
3991, 59.3, 85.255
3992, 59.34, 85.272
3993, 59.38, 85.288
3994, 59.42, 85.305
3995, 59.46, 85.322
3996, 59.49, 85.338
3997, 59.53, 85.355
3998, 59.57, 85.372
3999, 59.6, 85.388
4000, 59.64, 85.405
4001, 59.68, 85.422
4002, 59.71, 85.438
4003, 59.75, 85.455
4004, 59.79, 85.472
4005, 59.82, 85.488
4006, 59.86, 85.505
4007, 59.89, 85.522
4008, 59.89, 85.522
