0, 52.4181, 106.3722
1, 52.469, 106.3889
2, 52.5191, 106.4055
3, 52.5671, 106.4222
4, 52.6161, 106.4389
5, 52.6653, 106.4555
6, 52.7664, 106.4889
7, 52.8163, 106.5055
8, 52.8641, 106.5222
9, 52.9125, 106.5388
10, 52.9615, 106.5555
11, 53.0114, 106.5722
12, 53.0607, 106.5889
13, 53.1095, 106.6055
14, 53.2066, 106.6389
15, 53.256, 106.6555
16, 53.305, 106.6722
17, 53.3531, 106.6889
18, 53.401, 106.7055
19, 53.4487, 106.7222
20, 53.4969, 106.7389
21, 53.5452, 106.7555
22, 53.6419, 106.7888
23, 53.69, 106.8055
24, 53.738, 106.8222
25, 53.7857, 106.8389
26, 53.8336, 106.8555
27, 53.8817, 106.8722
28, 53.9298, 106.8889
29, 53.9776, 106.9055
30, 54.0724, 106.9389
31, 54.1195, 106.9555
32, 54.1666, 106.9722
33, 54.2136, 106.9889
34, 54.2603, 107.0055
35, 54.307, 107.0222
36, 54.3536, 107.0388
37, 54.4002, 107.0555
38, 54.4466, 107.0722
39, 54.4929, 107.0889
40, 54.5851, 107.1222
41, 54.631, 107.1389
42, 54.6769, 107.1555
43, 54.7226, 107.1722
44, 54.7681, 107.1889
45, 54.8134, 107.2055
46, 54.8589, 107.2222
47, 54.9044, 107.2389
48, 54.9498, 107.2555
49, 54.9952, 107.2722
50, 55.0856, 107.3055
51, 55.1306, 107.3222
52, 55.1756, 107.3389
53, 55.2204, 107.3555
54, 55.2651, 107.3722
55, 55.3097, 107.3889
56, 55.3541, 107.4055
57, 55.3985, 107.4222
58, 55.4428, 107.4389
59, 55.4871, 107.4555
60, 55.5314, 107.4722
61, 55.5755, 107.4889
62, 55.6634, 107.5222
63, 55.7072, 107.5388
64, 55.7503, 107.5555
65, 55.7932, 107.5722
66, 55.8361, 107.5889
67, 55.8795, 107.6055
68, 55.9233, 107.6222
69, 55.9669, 107.6389
70, 56.0101, 107.6555
71, 56.0524, 107.6722
72, 56.0947, 107.6889
73, 56.1371, 107.7055
74, 56.1794, 107.7222
75, 56.2215, 107.7389
76, 56.3064, 107.7722
77, 56.3492, 107.7888
78, 56.3918, 107.8055
79, 56.434, 107.8222
80, 56.4763, 107.8389
81, 56.5185, 107.8555
82, 56.5606, 107.8722
83, 56.6022, 107.8889
84, 56.6437, 107.9055
85, 56.6856, 107.9222
86, 56.7268, 107.9389
87, 56.7679, 107.9555
88, 56.8088, 107.9722
89, 56.85, 107.9889
90, 56.8913, 108.0055
91, 56.9325, 108.0222
92, 56.9732, 1.697
93, 57.054, 1.7303
94, 57.0947, 1.747
95, 57.1355, 1.7636
96, 57.176, 1.7803
97, 57.2164, 1.797
98, 57.2571, 1.8136
99, 57.2978, 1.8303
100, 57.3383, 1.847
101, 57.378, 1.8636
102, 57.4177, 1.8803
103, 57.4576, 1.897
104, 57.498, 1.9136
105, 57.5382, 1.9303
106, 57.5782, 1.947
107, 57.6178, 1.9636
108, 57.6573, 1.9803
109, 57.697, 1.997
110, 57.7367, 2.0136
111, 57.7761, 2.0303
112, 57.8154, 2.047
113, 57.8547, 2.0636
114, 57.894, 2.0803
115, 57.9724, 2.1136
116, 58.0114, 2.1303
117, 58.0503, 2.147
118, 58.0874, 2.1636
119, 58.0891, 2.1803
120, 58.0416, 2.197
121, 58.028, 2.2136
122, 58.0395, 2.2303
123, 58.0816, 2.247
124, 58.1292, 2.2636
125, 58.1614, 2.2803
126, 58.1851, 2.297
127, 58.216, 2.3136
128, 58.2544, 2.3303
129, 58.2918, 2.347
130, 58.3249, 2.3636
131, 58.3571, 2.3803
132, 58.3919, 2.397
133, 58.4278, 2.4136
134, 58.4634, 2.4303
135, 58.498, 2.447
136, 58.533, 2.4636
137, 58.5686, 2.4803
138, 58.6047, 2.497
139, 58.6402, 2.5136
140, 58.6747, 2.5303
141, 58.7092, 2.547
142, 58.7436, 2.5636
143, 58.7781, 2.5803
144, 58.8126, 2.597
145, 58.8471, 2.6136
146, 58.8819, 2.6303
147, 58.9166, 2.647
148, 58.9509, 2.6636
149, 58.9845, 2.6803
150, 59.0178, 2.697
151, 59.0509, 2.7136
152, 59.0844, 2.7303
153, 59.1531, 2.7636
154, 59.1883, 2.7803
155, 59.223, 2.797
156, 59.2575, 2.8136
157, 59.2919, 2.8303
158, 59.326, 2.847
159, 59.3599, 2.8636
160, 59.3935, 2.8803
161, 59.4267, 2.897
162, 59.4598, 2.9136
163, 59.493, 2.9303
164, 59.5264, 2.947
165, 59.5598, 2.9636
166, 59.593, 2.9803
167, 59.6264, 2.997
168, 59.6601, 3.0136
169, 59.6939, 3.0303
170, 59.7277, 3.047
171, 59.7614, 3.0636
172, 59.7947, 3.0803
173, 59.8281, 3.097
174, 59.8615, 3.1136
175, 59.8946, 3.1303
176, 59.9274, 3.147
177, 59.9594, 3.1636
178, 59.9913, 3.1803
179, 60.024, 3.197
180, 60.0578, 3.2136
181, 60.0918, 3.2303
182, 60.1252, 3.247
183, 60.158, 3.2636
184, 60.1908, 3.2803
185, 60.2239, 3.297
186, 60.2569, 3.3136
187, 60.2896, 3.3303
188, 60.3221, 3.347
189, 60.3547, 3.3636
190, 60.3872, 3.3803
191, 60.4196, 3.397
192, 60.452, 3.4136
193, 60.4843, 3.4303
194, 60.5166, 3.447
195, 60.5488, 3.4636
196, 60.5812, 3.4803
197, 60.6134, 3.497
198, 60.6455, 3.5136
199, 60.6776, 3.5303
200, 60.7097, 3.547
201, 60.7417, 3.5636
202, 60.7737, 3.5803
203, 60.8055, 3.597
204, 60.8373, 3.6136
205, 60.8692, 3.6303
206, 60.8692, 3.6303
207, 60.9014, 3.647
208, 60.9337, 3.6636
209, 60.9659, 3.6803
210, 60.9981, 3.697
211, 61.0304, 3.7136
212, 61.0625, 3.7303
213, 61.0946, 3.747
214, 61.1263, 3.7636
215, 61.158, 3.7803
216, 61.1897, 3.797
217, 61.2217, 3.8136
218, 61.2525, 3.8303
219, 61.2832, 3.847
220, 61.3135, 3.8636
221, 61.3431, 3.8803
222, 61.373, 3.897
223, 61.4036, 3.9136
224, 61.4352, 3.9303
225, 61.4664, 3.947
226, 61.4966, 3.9636
227, 61.5269, 3.9803
228, 61.5583, 3.997
229, 61.5899, 4.0136
230, 61.6213, 4.0303
231, 61.6526, 4.047
232, 61.6841, 4.0636
233, 61.7158, 4.0803
234, 61.7469, 4.097
235, 61.7776, 4.1136
236, 61.808, 4.1303
237, 61.8389, 4.147
238, 61.8693, 4.1636
239, 61.8993, 4.1803
240, 61.9294, 4.197
241, 61.9594, 4.2136
242, 61.9897, 4.2303
243, 62.0205, 4.247
244, 62.0511, 4.2636
245, 62.0817, 4.2803
246, 62.1128, 4.297
247, 62.1128, 4.297
248, 62.1439, 4.3136
249, 62.1747, 4.3303
250, 62.2049, 4.347
251, 62.2349, 4.3636
252, 62.265, 4.3803
253, 62.2957, 4.397
254, 62.326, 4.4136
255, 62.3559, 4.4303
256, 62.3855, 4.447
257, 62.4156, 4.4636
258, 62.4457, 4.4803
259, 62.4754, 4.497
260, 62.5051, 4.5136
261, 62.5354, 4.5303
262, 62.566, 4.547
263, 62.5957, 4.5636
264, 62.6254, 4.5803
265, 62.6554, 4.597
266, 62.6855, 4.6136
267, 62.7154, 4.6303
268, 62.7453, 4.647
269, 62.7751, 4.6636
270, 62.8046, 4.6803
271, 62.834, 4.697
272, 62.834, 4.697
273, 62.8635, 4.7136
274, 62.8933, 4.7303
275, 62.923, 4.747
276, 62.9527, 4.7636
277, 62.9824, 4.7803
278, 63.0122, 4.797
279, 63.042, 4.8136
280, 63.0719, 4.8303
281, 63.1017, 4.847
282, 63.1315, 4.8636
283, 63.1613, 4.8803
284, 63.1912, 4.897
285, 63.2211, 4.9136
286, 63.251, 4.9303
287, 63.2808, 4.947
288, 63.3108, 4.9636
289, 63.3407, 4.9803
290, 63.3707, 4.997
291, 63.4007, 5.0136
292, 63.4007, 5.0136
293, 63.4309, 5.0303
294, 63.4609, 5.047
295, 63.4907, 5.0636
296, 63.5211, 5.0803
297, 63.5514, 5.097
298, 63.582, 5.1136
299, 63.6114, 5.1303
300, 63.6403, 5.147
301, 63.6696, 5.1636
302, 63.6989, 5.1803
303, 63.7281, 5.197
304, 63.7572, 5.2136
305, 63.7863, 5.2303
306, 63.8161, 5.247
307, 63.846, 5.2636
308, 63.8755, 5.2803
309, 63.8755, 5.2803
310, 63.9043, 5.297
311, 63.9325, 5.3136
312, 63.9612, 5.3303
313, 63.9906, 5.347
314, 64.0203, 5.3636
315, 64.0498, 5.3803
316, 64.0792, 5.397
317, 64.1089, 5.4136
318, 64.139, 5.4303
319, 64.1696, 5.447
320, 64.1999, 5.4636
321, 64.2293, 5.4803
322, 64.2578, 5.497
323, 64.2867, 5.5136
324, 64.3163, 5.5303
325, 64.3163, 5.5303
326, 64.3464, 5.547
327, 64.3765, 5.5636
328, 64.406, 5.5803
329, 64.4347, 5.597
330, 64.4639, 5.6136
331, 64.4931, 5.6303
332, 64.522, 5.647
333, 64.5518, 5.6636
334, 64.5813, 5.6803
335, 64.6106, 5.697
336, 64.6395, 5.7136
337, 64.6679, 5.7303
338, 64.696, 5.747
339, 64.696, 5.747
340, 64.7247, 5.7636
341, 64.7541, 5.7803
342, 64.7831, 5.797
343, 64.8116, 5.8136
344, 64.8406, 5.8303
345, 64.87, 5.847
346, 64.9006, 5.8636
347, 64.9314, 5.8803
348, 64.9627, 5.897
349, 64.994, 5.9136
350, 65.0235, 5.9303
351, 65.0519, 5.947
352, 65.0798, 5.9636
353, 65.0798, 5.9636
354, 65.107, 5.9803
355, 65.1348, 5.997
356, 65.1635, 6.0136
357, 65.1921, 6.0303
358, 65.2193, 6.047
359, 65.2454, 6.0636
360, 65.2731, 6.0803
361, 65.3024, 6.097
362, 65.3329, 6.1136
363, 65.3623, 6.1303
364, 65.3906, 6.147
365, 65.3906, 6.147
366, 65.4186, 6.1636
367, 65.4468, 6.1803
368, 65.4749, 6.197
369, 65.503, 6.2136
370, 65.5314, 6.2303
371, 65.5604, 6.247
372, 65.5893, 6.2636
373, 65.6176, 6.2803
374, 65.6454, 6.297
375, 65.6726, 6.3136
376, 65.7003, 6.3303
377, 65.7003, 6.3303
378, 65.7283, 6.347
379, 65.7554, 6.3636
380, 65.7819, 6.3803
381, 65.8088, 6.397
382, 65.8362, 6.4136
383, 65.8633, 6.4303
384, 65.8902, 6.447
385, 65.9174, 6.4636
386, 65.9446, 6.4803
387, 65.9718, 6.497
388, 65.9718, 6.497
389, 65.9989, 6.5136
390, 66.0259, 6.5303
391, 66.0529, 6.547
392, 66.0799, 6.5636
393, 66.1069, 6.5803
394, 66.1339, 6.597
395, 66.1608, 6.6136
396, 66.1877, 6.6303
397, 66.2145, 6.647
398, 66.2412, 6.6636
399, 66.2412, 6.6636
400, 66.2679, 6.6803
401, 66.2945, 6.697
402, 66.3203, 6.7136
403, 66.3454, 6.7303
404, 66.3704, 6.747
405, 66.3952, 6.7636
406, 66.4201, 6.7803
407, 66.4455, 6.797
408, 66.4711, 6.8136
409, 66.4711, 6.8136
410, 66.4967, 6.8303
411, 66.522, 6.847
412, 66.5477, 6.8636
413, 66.5737, 6.8803
414, 66.5993, 6.897
415, 66.625, 6.9136
416, 66.6512, 6.9303
417, 66.6779, 6.947
418, 66.7044, 6.9636
419, 66.7303, 6.9803
420, 66.7303, 6.9803
421, 66.7567, 6.997
422, 66.7837, 7.0136
423, 66.8103, 7.0303
424, 66.8357, 7.047
425, 66.8601, 7.0636
426, 66.8847, 7.0803
427, 66.9097, 7.097
428, 66.9349, 7.1136
429, 66.9349, 7.1136
430, 66.9599, 7.1303
431, 66.9847, 7.147
432, 67.0092, 7.1636
433, 67.0334, 7.1803
434, 67.0578, 7.197
435, 67.0825, 7.2136
436, 67.1068, 7.2303
437, 67.1302, 7.247
438, 67.1537, 7.2636
439, 67.1537, 7.2636
440, 67.1772, 7.2803
441, 67.2005, 7.297
442, 67.2247, 7.3136
443, 67.2492, 7.3303
444, 67.2742, 7.347
445, 67.2994, 7.3636
446, 67.3251, 7.3803
447, 67.3504, 7.397
448, 67.3504, 7.397
449, 67.3754, 7.4136
450, 67.3998, 7.4303
451, 67.4238, 7.447
452, 67.4475, 7.4636
453, 67.4712, 7.4803
454, 67.4952, 7.497
455, 67.5188, 7.5136
456, 67.5423, 7.5303
457, 67.5423, 7.5303
458, 67.5649, 7.547
459, 67.5877, 7.5636
460, 67.6112, 7.5803
461, 67.6345, 7.597
462, 67.6576, 7.6136
463, 67.681, 7.6303
464, 67.7043, 7.647
465, 67.7269, 7.6636
466, 67.7269, 7.6636
467, 67.7497, 7.6803
468, 67.7728, 7.697
469, 67.7964, 7.7136
470, 67.8204, 7.7303
471, 67.8438, 7.747
472, 67.8671, 7.7636
473, 67.8904, 7.7803
474, 67.9114, 7.797
475, 67.9114, 7.797
476, 67.9292, 7.8136
477, 67.943, 7.8303
478, 67.9512, 7.847
479, 67.954, 7.8636
480, 67.9503, 7.8803
481, 67.9356, 7.897
482, 67.9031, 7.9136
483, 67.9031, 7.9136
484, 67.8371, 7.9303
485, 67.7473, 7.947
486, 67.6497, 7.9636
487, 67.518, 7.9803
488, 67.353, 7.997
489, 67.2025, 8.0136
490, 67.05, 8.0303
491, 66.8742, 8.047
492, 66.8742, 8.047
493, 66.6701, 8.0636
494, 66.4449, 8.0803
495, 66.2107, 8.097
496, 65.9661, 8.1136
497, 65.704, 8.1303
498, 65.421, 8.147
499, 65.1262, 8.1636
500, 64.8162, 8.1803
501, 64.4892, 8.197
502, 64.1549, 8.2136
503, 63.8138, 8.2303
504, 63.4716, 8.247
505, 63.4716, 8.247
506, 63.1356, 8.2636
507, 62.7966, 8.2803
508, 62.4534, 8.297
509, 62.1068, 8.3136
510, 61.7613, 8.3303
511, 61.4136, 8.347
512, 61.0505, 8.3636
513, 60.6924, 8.3803
514, 60.3457, 8.397
515, 59.9994, 8.4136
516, 59.6524, 8.4303
517, 59.3128, 8.447
518, 58.9736, 8.4636
519, 58.6352, 8.4803
520, 58.3074, 8.497
521, 57.9792, 8.5136
522, 57.6552, 8.5303
523, 57.34, 8.547
524, 57.009, 8.5636
525, 56.3299, 8.597
526, 55.9887, 8.6136
527, 55.6527, 8.6303
528, 55.319, 8.647
529, 54.9876, 8.6636
530, 54.6543, 8.6803
531, 54.3072, 8.697
532, 53.9583, 8.7136
533, 53.6121, 8.7303
534, 53.2671, 8.747
535, 52.9282, 8.7636
536, 52.2799, 8.797
537, 51.9681, 8.8136
538, 51.6619, 8.8303
539, 51.3534, 8.847
540, 51.0436, 8.8636
541, 50.7278, 8.8803
542, 50.0736, 8.9136
543, 49.7433, 8.9303
544, 49.4107, 8.947
545, 49.0687, 8.9636
546, 48.7376, 8.9803
547, 48.1304, 9.0136
548, 47.8304, 9.0303
549, 47.5529, 9.047
550, 47.269, 9.0636
551, 46.6867, 9.097
552, 46.403, 9.1136
553, 46.1241, 9.1303
554, 45.5384, 9.1636
555, 45.2359, 9.1803
556, 44.931, 9.197
557, 44.3091, 9.2303
558, 43.998, 9.247
559, 43.686, 9.2636
560, 43.0649, 9.297
561, 42.7582, 9.3136
562, 42.1624, 9.347
563, 41.8749, 9.3636
564, 41.5909, 9.3803
565, 41.0344, 9.4136
566, 40.7598, 9.4303
567, 40.2096, 9.4636
568, 39.9358, 9.4803
569, 39.3713, 9.5136
570, 39.0777, 9.5303
571, 38.4887, 9.5636
572, 38.1884, 9.5803
573, 37.5721, 9.6136
574, 36.9875, 9.647
575, 36.7051, 9.6636
576, 36.1667, 9.697
577, 35.9071, 9.7136
578, 35.3879, 9.747
579, 34.8807, 9.7803
580, 34.366, 9.8136
581, 34.1082, 9.8303
582, 33.5954, 9.8636
583, 33.0579, 9.897
584, 32.5147, 9.9303
585, 31.9902, 9.9636
586, 31.738, 9.9803
587, 31.2494, 10.0136
588, 30.7883, 10.047
589, 30.3603, 10.0803
590, 29.9675, 10.1136
591, 29.6052, 10.147
592, 29.2501, 10.1803
593, 28.8929, 10.2136
594, 28.5401, 10.247
595, 28.0156, 10.297
596, 27.6328, 10.3303
597, 27.2241, 10.3636
598, 26.8265, 10.397
599, 26.4561, 10.4303
600, 25.9481, 10.4803
601, 25.6375, 10.5136
602, 25.3479, 10.547
603, 24.952, 10.597
604, 24.7183, 10.6303
605, 24.415, 10.6803
606, 24.2324, 10.7136
607, 23.9709, 10.7636
608, 23.8163, 10.797
609, 23.6273, 10.847
610, 23.5293, 10.8803
611, 23.3946, 10.9303
612, 23.3088, 10.9636
613, 23.1833, 11.0136
614, 23.1002, 11.047
615, 22.9762, 11.097
616, 22.8961, 11.1303
617, 22.7791, 11.1803
618, 22.6622, 11.2303
619, 22.5821, 11.2636
620, 22.46, 11.3136
621, 22.3809, 11.347
622, 22.2651, 11.397
623, 22.1473, 11.447
624, 22.0664, 11.4803
625, 21.9453, 11.5303
626, 21.8265, 11.5803
627, 21.7069, 11.6303
628, 21.6255, 11.6636
629, 21.5041, 11.7136
630, 21.3842, 11.7636
631, 21.3052, 11.797
632, 21.1897, 11.847
633, 21.074, 11.897
634, 20.9955, 11.9303
635, 20.8759, 11.9803
636, 20.7603, 12.0303
637, 20.6792, 12.0803
638, 20.6429, 12.1136
639, 20.6791, 12.1636
640, 20.7907, 12.2136
641, 20.8397, 12.247
642, 20.8925, 12.297
643, 20.9877, 12.347
644, 21.0535, 12.3803
645, 21.124, 12.4303
646, 21.1859, 12.4803
647, 21.3477, 12.5303
648, 21.5347, 12.5636
649, 21.6585, 12.6136
650, 21.6797, 12.6636
651, 21.7154, 12.697
652, 21.7951, 12.747
653, 21.9113, 12.797
654, 22.07, 12.847
655, 22.1709, 12.8803
656, 22.3084, 12.9303
657, 22.4344, 12.9636
658, 22.6235, 13.0136
659, 22.8034, 13.0636
660, 22.9092, 13.097
661, 23.0797, 13.147
662, 23.2105, 13.1803
663, 23.4381, 13.2303
664, 23.609, 13.2636
665, 23.8936, 13.3136
666, 24.1124, 13.347
667, 24.4501, 13.397
668, 24.6749, 13.4303
669, 24.8975, 13.4636
670, 25.2015, 13.5136
671, 25.3829, 13.547
672, 25.6388, 13.597
673, 25.8059, 13.6303
674, 25.9755, 13.6636
675, 26.2417, 13.7136
676, 26.4155, 13.747
677, 26.5846, 13.7803
678, 26.7515, 13.8136
679, 27.0025, 13.8636
680, 27.1725, 13.897
681, 27.3465, 13.9303
682, 27.5203, 13.9636
683, 27.6929, 13.997
684, 27.9694, 14.047
685, 28.1788, 14.0803
686, 28.4022, 14.1136
687, 28.6262, 14.147
688, 28.8496, 14.1803
689, 29.0666, 14.2136
690, 29.2752, 14.247
691, 29.4045, 14.2803
692, 29.369, 14.3136
693, 29.4368, 14.347
694, 29.7928, 14.397
695, 30.0282, 14.4303
696, 30.2229, 14.4636
697, 30.42, 14.497
698, 30.6291, 14.5303
699, 30.8391, 14.5636
700, 30.94, 14.5803
701, 31.1349, 14.6136
702, 31.3361, 14.647
703, 31.5461, 14.6803
704, 31.7637, 14.7136
705, 31.9709, 14.747
706, 32.1701, 14.7803
707, 32.3685, 14.8136
708, 32.5658, 14.847
709, 32.7677, 14.8803
710, 32.9716, 14.9136
711, 33.0734, 14.9303
712, 33.2723, 14.9636
713, 33.4632, 14.997
714, 33.6551, 15.0303
715, 33.8567, 15.0636
716, 33.9548, 15.0803
717, 34.1605, 15.1136
718, 34.3561, 15.147
719, 34.5449, 15.1803
720, 34.6401, 15.197
721, 34.83, 15.2303
722, 35.0217, 15.2636
723, 35.2132, 15.297
724, 35.3069, 15.3136
725, 35.4942, 15.347
726, 35.6745, 15.3803
727, 35.7645, 15.397
728, 35.9479, 15.4303
729, 36.1332, 15.4636
730, 36.2226, 15.4803
731, 36.4003, 15.5136
732, 36.5821, 15.547
733, 36.6743, 15.5636
734, 36.8448, 15.597
735, 37.0227, 15.6303
736, 37.1093, 15.647
737, 37.2865, 15.6803
738, 37.4542, 15.7136
739, 37.5343, 15.7303
740, 37.6998, 15.7636
741, 37.7904, 15.7803
742, 37.9776, 15.8136
743, 38.1547, 15.847
744, 38.2361, 15.8636
745, 38.3969, 15.897
746, 38.4802, 15.9136
747, 38.5325, 15.947
748, 38.5095, 15.9803
749, 38.5461, 15.997
750, 38.7249, 16.0303
751, 38.8215, 16.047
752, 38.9581, 16.0803
753, 39.0185, 16.097
754, 39.1656, 16.1303
755, 39.2453, 16.147
756, 39.4009, 16.1803
757, 39.4762, 16.197
758, 39.6311, 16.2303
759, 39.7095, 16.247
760, 39.8627, 16.2803
761, 39.9379, 16.297
762, 40.0887, 16.3303
763, 40.2413, 16.3636
764, 40.3172, 16.3803
765, 40.3936, 16.397
766, 40.5459, 16.4303
767, 40.6219, 16.447
768, 40.7744, 16.4803
769, 40.8504, 16.497
770, 40.9997, 16.5303
771, 41.0747, 16.547
772, 41.2235, 16.5803
773, 41.2989, 16.597
774, 41.45, 16.6303
775, 41.5251, 16.647
776, 41.6731, 16.6803
777, 41.7463, 16.697
778, 41.8203, 16.7136
779, 41.9693, 16.747
780, 42.0436, 16.7636
781, 42.1901, 16.797
782, 42.2616, 16.8136
783, 42.404, 16.847
784, 42.4767, 16.8636
785, 42.5499, 16.8803
786, 42.6963, 16.9136
787, 42.7674, 16.9303
788, 42.9092, 16.9636
789, 42.9808, 16.9803
790, 43.0535, 16.997
791, 43.1989, 17.0303
792, 43.2708, 17.047
793, 43.4131, 17.0803
794, 43.484, 17.097
795, 43.5553, 17.1136
796, 43.6964, 17.147
797, 43.7662, 17.1636
798, 43.8358, 17.1803
799, 43.9763, 17.2136
800, 44.0466, 17.2303
801, 44.1172, 17.247
802, 44.2581, 17.2803
803, 44.3278, 17.297
804, 44.464, 17.3303
805, 44.532, 17.347
806, 44.6001, 17.3636
807, 44.738, 17.397
808, 44.8058, 17.4136
809, 44.874, 17.4303
810, 45.0095, 17.4636
811, 45.0771, 17.4803
812, 45.1436, 17.497
813, 45.2099, 17.5136
814, 45.3439, 17.547
815, 45.4109, 17.5636
816, 45.4774, 17.5803
817, 45.61, 17.6136
818, 45.6765, 17.6303
819, 45.7436, 17.647
820, 45.8755, 17.6803
821, 45.9407, 17.697
822, 46.0047, 17.7136
823, 46.1321, 17.747
824, 46.1957, 17.7636
825, 46.2593, 17.7803
826, 46.3239, 17.797
827, 46.4554, 17.8303
828, 46.5214, 17.847
829, 46.5857, 17.8636
830, 46.6488, 17.8803
831, 46.7728, 17.9136
832, 46.8357, 17.9303
833, 46.899, 17.947
834, 47.0251, 17.9803
835, 47.0864, 17.997
836, 47.1479, 18.0136
837, 47.2101, 18.0303
838, 47.3356, 18.0636
839, 47.3974, 18.0803
840, 47.4579, 18.097
841, 47.5179, 18.1136
842, 47.6384, 18.147
843, 47.6987, 18.1636
844, 47.7592, 18.1803
845, 47.8197, 18.197
846, 47.9398, 18.2303
847, 47.9988, 18.247
848, 48.0577, 18.2636
849, 48.1166, 18.2803
850, 48.2359, 18.3136
851, 48.2968, 18.3303
852, 48.3577, 18.347
853, 48.4175, 18.3636
854, 48.474, 18.3803
855, 48.4536, 18.4136
856, 48.4455, 18.4303
857, 48.4533, 18.447
858, 48.5024, 18.4636
859, 48.6422, 18.497
860, 48.6913, 18.5136
861, 48.7303, 18.5303
862, 48.7756, 18.547
863, 48.89, 18.5803
864, 48.9454, 18.597
865, 48.9955, 18.6136
866, 49.0454, 18.6303
867, 49.098, 18.647
868, 49.2071, 18.6803
869, 49.2593, 18.697
870, 49.3103, 18.7136
871, 49.362, 18.7303
872, 49.4146, 18.747
873, 49.5209, 18.7803
874, 49.573, 18.797
875, 49.6248, 18.8136
876, 49.6761, 18.8303
877, 49.7809, 18.8636
878, 49.8341, 18.8803
879, 49.8878, 18.897
880, 49.9403, 18.9136
881, 49.9919, 18.9303
882, 50.0934, 18.9636
883, 50.1446, 18.9803
884, 50.1966, 18.997
885, 50.2484, 19.0136
886, 50.3002, 19.0303
887, 50.3519, 19.047
888, 50.4545, 19.0803
889, 50.505, 19.097
890, 50.5556, 19.1136
891, 50.6072, 19.1303
892, 50.6599, 19.147
893, 50.7662, 19.1803
894, 50.8189, 19.197
895, 50.8711, 19.2136
896, 50.9225, 19.2303
897, 50.9731, 19.247
898, 51.0229, 19.2636
899, 51.1219, 19.297
900, 51.171, 19.3136
901, 51.2203, 19.3303
902, 51.2699, 19.347
903, 51.3196, 19.3636
904, 51.3696, 19.3803
905, 51.4706, 19.4136
906, 51.5211, 19.4303
907, 51.572, 19.447
908, 51.6226, 19.4636
909, 51.6732, 19.4803
910, 51.7233, 19.497
911, 51.8217, 19.5303
912, 51.8708, 19.547
913, 51.9202, 19.5636
914, 51.9703, 19.5803
915, 52.0207, 19.597
916, 52.0708, 19.6136
917, 52.169, 19.647
918, 52.2176, 19.6636
919, 52.2663, 19.6803
920, 52.315, 19.697
921, 52.3636, 19.7136
922, 52.4124, 19.7303
923, 52.4616, 19.747
924, 52.5598, 19.7803
925, 52.6088, 19.797
926, 52.6574, 19.8136
927, 52.7055, 19.8303
928, 52.7532, 19.847
929, 52.8008, 19.8636
930, 52.8489, 19.8803
931, 52.9455, 19.9136
932, 52.9939, 19.9303
933, 53.0423, 19.947
934, 53.0908, 19.9636
935, 53.1392, 19.9803
936, 53.1872, 19.997
937, 53.235, 20.0136
938, 53.2829, 20.0303
939, 53.3782, 20.0636
940, 53.4252, 20.0803
941, 53.4721, 20.097
942, 53.5188, 20.1136
943, 53.5652, 20.1303
944, 53.6118, 20.147
945, 53.6587, 20.1636
946, 53.706, 20.1803
947, 53.8, 20.2136
948, 53.8464, 20.2303
949, 53.8924, 20.247
950, 53.939, 20.2636
951, 53.9852, 20.2803
952, 54.0311, 20.297
953, 54.0769, 20.3136
954, 54.1229, 20.3303
955, 54.169, 20.347
956, 54.2603, 20.3803
957, 54.3056, 20.397
958, 54.3508, 20.4136
959, 54.3974, 20.4303
960, 54.4438, 20.447
961, 54.4898, 20.4636
962, 54.5355, 20.4803
963, 54.5793, 20.497
964, 54.6231, 20.5136
965, 54.6667, 20.5303
966, 54.7556, 20.5636
967, 54.7998, 20.5803
968, 54.8434, 20.597
969, 54.887, 20.6136
970, 54.9301, 20.6303
971, 54.9732, 20.647
972, 55.0165, 20.6636
973, 55.0604, 20.6803
974, 55.1053, 20.697
975, 55.1502, 20.7136
976, 55.2378, 20.747
977, 55.2809, 20.7636
978, 55.3233, 20.7803
979, 55.3658, 20.797
980, 55.4092, 20.8136
981, 55.4519, 20.8303
982, 55.4928, 20.847
983, 55.5317, 20.8636
984, 55.5686, 20.8803
985, 55.6031, 20.897
986, 55.6355, 20.9136
987, 55.6655, 20.9303
988, 55.6929, 20.947
989, 55.7388, 20.9803
990, 55.7546, 20.997
991, 55.765, 21.0136
992, 55.7725, 21.0303
993, 55.7773, 21.047
994, 55.7768, 21.0636
995, 55.769, 21.0803
996, 55.7445, 21.097
997, 55.6979, 21.1136
998, 55.6172, 21.1303
999, 55.5123, 21.147
1000, 55.3823, 21.1636
1001, 55.2462, 21.1803
1002, 54.8992, 21.2136
1003, 54.6887, 21.2303
1004, 54.4752, 21.247
1005, 54.2591, 21.2636
1006, 54.0273, 21.2803
1007, 53.7762, 21.297
1008, 53.5115, 21.3136
1009, 53.2381, 21.3303
1010, 52.9591, 21.347
1011, 52.378, 21.3803
1012, 52.0804, 21.397
1013, 51.7801, 21.4136
1014, 51.4805, 21.4303
1015, 51.1792, 21.447
1016, 50.8695, 21.4636
1017, 50.2101, 21.497
1018, 49.8822, 21.5136
1019, 49.5537, 21.5303
1020, 49.2283, 21.547
1021, 48.9209, 21.5636
1022, 48.3135, 21.597
1023, 48.0108, 21.6136
1024, 47.7127, 21.6303
1025, 47.4226, 21.647
1026, 46.8608, 21.6803
1027, 46.572, 21.697
1028, 46.2813, 21.7136
1029, 45.7057, 21.747
1030, 45.4162, 21.7636
1031, 45.1277, 21.7803
1032, 44.8473, 21.797
1033, 44.2977, 21.8303
1034, 44.0154, 21.847
1035, 43.4513, 21.8803
1036, 43.179, 21.897
1037, 42.906, 21.9136
1038, 42.36, 21.947
1039, 42.0928, 21.9636
1040, 41.5668, 21.997
1041, 41.3076, 22.0136
1042, 41.0482, 22.0303
1043, 40.5118, 22.0636
1044, 40.2586, 22.0803
1045, 39.7737, 22.1136
1046, 39.5142, 22.1303
1047, 38.996, 22.1636
1048, 38.7471, 22.1803
1049, 38.2655, 22.2136
1050, 37.7665, 22.247
1051, 37.5396, 22.2636
1052, 37.0987, 22.297
1053, 36.88, 22.3136
1054, 36.484, 22.347
1055, 36.0907, 22.3803
1056, 35.9014, 22.397
1057, 35.534, 22.4303
1058, 35.1248, 22.4636
1059, 34.9343, 22.4803
1060, 34.6179, 22.5136
1061, 34.3523, 22.547
1062, 34.0937, 22.5803
1063, 33.962, 22.597
1064, 33.6999, 22.6303
1065, 33.444, 22.6636
1066, 33.1915, 22.697
1067, 32.9404, 22.7303
1068, 32.8167, 22.747
1069, 32.5839, 22.7803
1070, 32.3711, 22.8136
1071, 32.1752, 22.847
1072, 31.9924, 22.8803
1073, 31.8225, 22.9136
1074, 31.6596, 22.947
1075, 31.5028, 22.9803
1076, 31.4253, 22.997
1077, 31.2691, 23.0303
1078, 31.1073, 23.0636
1079, 30.944, 23.097
1080, 30.7836, 23.1303
1081, 30.6196, 23.1636
1082, 30.4628, 23.197
1083, 30.3115, 23.2303
1084, 30.1745, 23.2636
1085, 30.0609, 23.297
1086, 29.9683, 23.3303
1087, 29.9017, 23.3636
1088, 29.842, 23.397
1089, 29.7858, 23.4303
1090, 29.7304, 23.4636
1091, 29.6741, 23.497
1092, 29.6176, 23.5303
1093, 29.5619, 23.5636
1094, 29.4769, 23.6136
1095, 29.4202, 23.647
1096, 29.3633, 23.6803
1097, 29.3072, 23.7136
1098, 29.2518, 23.747
1099, 29.1969, 23.7803
1100, 29.1418, 23.8136
1101, 29.0856, 23.847
1102, 29.0289, 23.8803
1103, 28.9726, 23.9136
1104, 28.9193, 23.947
1105, 28.8803, 23.9803
1106, 28.8563, 24.0136
1107, 28.8455, 24.0636
1108, 28.8964, 24.097
1109, 28.9297, 24.1303
1110, 28.9427, 24.1636
1111, 28.963, 24.197
1112, 29.0006, 24.2303
1113, 29.0383, 24.2636
1114, 29.0731, 24.297
1115, 29.0995, 24.3303
1116, 29.0894, 24.3636
1117, 29.0632, 24.397
1118, 28.9708, 24.4303
1119, 28.8154, 24.4803
1120, 28.7841, 24.5136
1121, 28.7554, 24.547
1122, 28.7266, 24.5803
1123, 28.6977, 24.6136
1124, 28.6684, 24.647
1125, 28.6392, 24.6803
1126, 28.5919, 24.7136
1127, 28.4723, 24.747
1128, 28.2809, 24.797
1129, 28.1904, 24.8303
1130, 28.1163, 24.8636
1131, 28.0347, 24.897
1132, 27.9411, 24.9303
1133, 27.8431, 24.9636
1134, 27.7483, 24.997
1135, 27.6147, 25.047
1136, 27.5259, 25.0803
1137, 27.4346, 25.1136
1138, 27.343, 25.147
1139, 27.2516, 25.1803
1140, 27.1149, 25.2303
1141, 27.0249, 25.2636
1142, 26.9357, 25.297
1143, 26.8482, 25.3303
1144, 26.7623, 25.3636
1145, 26.6327, 25.4136
1146, 26.549, 25.447
1147, 26.4663, 25.4803
1148, 26.3841, 25.5136
1149, 26.2649, 25.5636
1150, 26.1855, 25.597
1151, 26.1142, 25.6303
1152, 26.0663, 25.6803
1153, 26.0443, 25.7136
1154, 26.0846, 25.747
1155, 26.2344, 25.797
1156, 26.3137, 25.8303
1157, 26.3602, 25.8636
1158, 26.4058, 25.897
1159, 26.5213, 25.947
1160, 26.6247, 25.9803
1161, 26.7202, 26.0136
1162, 26.7967, 26.047
1163, 26.8671, 26.097
1164, 26.9049, 26.1303
1165, 26.9379, 26.1636
1166, 26.9527, 26.197
1167, 26.9446, 26.2303
1168, 26.9109, 26.2803
1169, 26.8963, 26.3136
1170, 26.8868, 26.347
1171, 26.8747, 26.3803
1172, 26.8624, 26.4136
1173, 26.8438, 26.4636
1174, 26.8458, 26.497
1175, 26.864, 26.5303
1176, 26.8963, 26.5636
1177, 26.9394, 26.597
1178, 27.0247, 26.647
1179, 27.0888, 26.6803
1180, 27.16, 26.7136
1181, 27.2242, 26.747
1182, 27.2894, 26.7803
1183, 27.3929, 26.8303
1184, 27.4662, 26.8636
1185, 27.5341, 26.897
1186, 27.5992, 26.9303
1187, 27.6771, 26.9636
1188, 27.7677, 26.997
1189, 27.8622, 27.0303
1190, 27.9526, 27.0636
1191, 28.0852, 27.1136
1192, 28.1696, 27.147
1193, 28.2525, 27.1803
1194, 28.3384, 27.2136
1195, 28.432, 27.247
1196, 28.5263, 27.2803
1197, 28.6235, 27.3136
1198, 28.7207, 27.347
1199, 28.8262, 27.3803
1200, 28.95, 27.4136
1201, 29.0987, 27.447
1202, 29.2747, 27.4803
1203, 29.3964, 27.5136
1204, 29.3783, 27.547
1205, 29.4635, 27.5803
1206, 29.692, 27.6136
1207, 29.9438, 27.647
1208, 30.1504, 27.6803
1209, 30.2486, 27.697
1210, 30.4586, 27.7303
1211, 30.6833, 27.7636
1212, 30.9085, 27.797
1213, 31.1278, 27.8303
1214, 31.3434, 27.8636
1215, 31.5567, 27.897
1216, 31.6628, 27.9136
1217, 31.8753, 27.947
1218, 32.0876, 27.9803
1219, 32.2993, 28.0136
1220, 32.5119, 28.047
1221, 32.6185, 28.0636
1222, 32.8314, 28.097
1223, 33.0427, 28.1303
1224, 33.2549, 28.1636
1225, 33.3612, 28.1803
1226, 33.5755, 28.2136
1227, 33.7836, 28.247
1228, 33.8858, 28.2636
1229, 34.0938, 28.297
1230, 34.3073, 28.3303
1231, 34.4138, 28.347
1232, 34.6213, 28.3803
1233, 34.8245, 28.4136
1234, 34.9258, 28.4303
1235, 35.1304, 28.4636
1236, 35.3339, 28.497
1237, 35.4346, 28.5136
1238, 35.6356, 28.547
1239, 35.7369, 28.5636
1240, 35.9398, 28.597
1241, 36.1403, 28.6303
1242, 36.2401, 28.647
1243, 36.4369, 28.6803
1244, 36.5353, 28.697
1245, 36.7325, 28.7303
1246, 36.9298, 28.7636
1247, 37.0272, 28.7803
1248, 37.2226, 28.8136
1249, 37.3212, 28.8303
1250, 37.5186, 28.8636
1251, 37.7127, 28.897
1252, 37.81, 28.9136
1253, 38.0044, 28.947
1254, 38.1023, 28.9636
1255, 38.2999, 28.997
1256, 38.3995, 29.0136
1257, 38.5964, 29.047
1258, 38.6694, 29.0636
1259, 38.6536, 29.097
1260, 38.7124, 29.1303
1261, 38.8015, 29.147
1262, 39.0128, 29.1803
1263, 39.0981, 29.197
1264, 39.2415, 29.2303
1265, 39.3207, 29.247
1266, 39.496, 29.2803
1267, 39.5817, 29.297
1268, 39.74, 29.3303
1269, 39.8178, 29.347
1270, 39.982, 29.3803
1271, 40.1484, 29.4136
1272, 40.2293, 29.4303
1273, 40.3878, 29.4636
1274, 40.4674, 29.4803
1275, 40.6269, 29.5136
1276, 40.7065, 29.5303
1277, 40.8676, 29.5636
1278, 40.9486, 29.5803
1279, 41.1107, 29.6136
1280, 41.1901, 29.6303
1281, 41.3497, 29.6636
1282, 41.4297, 29.6803
1283, 41.5897, 29.7136
1284, 41.6697, 29.7303
1285, 41.8261, 29.7636
1286, 41.9041, 29.7803
1287, 42.0587, 29.8136
1288, 42.1357, 29.8303
1289, 42.2123, 29.847
1290, 42.3651, 29.8803
1291, 42.4408, 29.897
1292, 42.5905, 29.9303
1293, 42.6653, 29.947
1294, 42.8175, 29.9803
1295, 42.8952, 29.997
1296, 42.9736, 30.0136
1297, 43.1289, 30.047
1298, 43.2043, 30.0636
1299, 43.3525, 30.097
1300, 43.4288, 30.1136
1301, 43.5069, 30.1303
1302, 43.6624, 30.1636
1303, 43.7376, 30.1803
1304, 43.8866, 30.2136
1305, 43.9618, 30.2303
1306, 44.0377, 30.247
1307, 44.1877, 30.2803
1308, 44.2613, 30.297
1309, 44.3339, 30.3136
1310, 44.476, 30.347
1311, 44.5458, 30.3636
1312, 44.6894, 30.397
1313, 44.763, 30.4136
1314, 44.837, 30.4303
1315, 44.9788, 30.4636
1316, 45.0454, 30.4803
1317, 45.1109, 30.497
1318, 45.242, 30.5303
1319, 45.3093, 30.547
1320, 45.3741, 30.5636
1321, 45.5007, 30.597
1322, 45.5623, 30.6136
1323, 45.6277, 30.6303
1324, 45.7563, 30.6636
1325, 45.8215, 30.6803
1326, 45.8837, 30.697
1327, 46.0087, 30.7303
1328, 46.0662, 30.747
1329, 46.1215, 30.7636
1330, 46.1734, 30.7803
1331, 46.284, 30.8136
1332, 46.3429, 30.8303
1333, 46.3998, 30.847
1334, 46.497, 30.8803
1335, 46.5435, 30.897
1336, 46.5823, 30.9136
1337, 46.6946, 30.947
1338, 46.7543, 30.9636
1339, 46.816, 30.9803
1340, 46.8712, 30.997
1341, 46.9566, 31.0303
1342, 46.9935, 31.047
1343, 47.0303, 31.0636
1344, 47.1134, 31.097
1345, 47.1581, 31.1136
1346, 47.2024, 31.1303
1347, 47.246, 31.147
1348, 47.3293, 31.1803
1349, 47.3732, 31.197
1350, 47.4195, 31.2136
1351, 47.468, 31.2303
1352, 47.5636, 31.2636
1353, 47.609, 31.2803
1354, 47.6535, 31.297
1355, 47.6965, 31.3136
1356, 47.7822, 31.347
1357, 47.8258, 31.3636
1358, 47.8701, 31.3803
1359, 47.9157, 31.397
1360, 48.0078, 31.4303
1361, 48.0543, 31.447
1362, 48.1001, 31.4636
1363, 48.1487, 31.4803
1364, 48.2224, 31.5136
1365, 48.2007, 31.5303
1366, 48.1728, 31.547
1367, 48.184, 31.5636
1368, 48.2652, 31.597
1369, 48.313, 31.6136
1370, 48.3577, 31.6303
1371, 48.4034, 31.647
1372, 48.4986, 31.6803
1373, 48.5441, 31.697
1374, 48.5858, 31.7136
1375, 48.6296, 31.7303
1376, 48.7233, 31.7636
1377, 48.7696, 31.7803
1378, 48.8131, 31.797
1379, 48.8576, 31.8136
1380, 48.9521, 31.847
1381, 49.0024, 31.8636
1382, 49.0527, 31.8803
1383, 49.1018, 31.897
1384, 49.1492, 31.9136
1385, 49.2396, 31.947
1386, 49.2847, 31.9636
1387, 49.3316, 31.9803
1388, 49.3791, 31.997
1389, 49.4678, 32.0303
1390, 49.5105, 32.047
1391, 49.5543, 32.0636
1392, 49.5973, 32.0803
1393, 49.6468, 32.097
1394, 49.7374, 32.1303
1395, 49.7805, 32.1469
1396, 49.8284, 32.1636
1397, 49.8777, 32.1803
1398, 49.9297, 32.197
1399, 50.0344, 32.2303
1400, 50.0858, 32.247
1401, 50.1371, 32.2636
1402, 50.1857, 32.2803
1403, 50.2331, 32.297
1404, 50.3342, 32.3303
1405, 50.3885, 32.347
1406, 50.4418, 32.3636
1407, 50.4956, 32.3803
1408, 50.5472, 32.3969
1409, 50.6533, 32.4303
1410, 50.7043, 32.447
1411, 50.7603, 32.4636
1412, 50.8137, 32.4803
1413, 50.8685, 32.497
1414, 50.9781, 32.5303
1415, 51.0323, 32.547
1416, 51.0855, 32.5636
1417, 51.1387, 32.5803
1418, 51.1919, 32.597
1419, 51.2458, 32.6136
1420, 51.3526, 32.6469
1421, 51.4053, 32.6636
1422, 51.4578, 32.6803
1423, 51.5121, 32.697
1424, 51.5686, 32.7136
1425, 51.625, 32.7303
1426, 51.7337, 32.7636
1427, 51.785, 32.7803
1428, 51.8353, 32.797
1429, 51.8864, 32.8136
1430, 51.9372, 32.8303
1431, 51.9875, 32.847
1432, 52.0387, 32.8636
1433, 52.1399, 32.8969
1434, 52.1878, 32.9136
1435, 52.2435, 32.9303
1436, 52.2927, 32.947
1437, 52.3468, 32.9636
1438, 52.3984, 32.9803
1439, 52.5015, 33.0136
1440, 52.5498, 33.0303
1441, 52.6048, 33.047
1442, 52.6536, 33.0636
1443, 52.7058, 33.0803
1444, 52.7561, 33.097
1445, 52.8049, 33.1136
1446, 52.857, 33.1303
1447, 52.9597, 33.1636
1448, 53.0078, 33.1803
1449, 53.055, 33.197
1450, 53.1024, 33.2136
1451, 53.1495, 33.2303
1452, 53.1984, 33.247
1453, 53.2481, 33.2636
1454, 53.3449, 33.297
1455, 53.3932, 33.3136
1456, 53.4418, 33.3303
1457, 53.4902, 33.347
1458, 53.5383, 33.3636
1459, 53.5851, 33.3803
1460, 53.6316, 33.3969
1461, 53.6784, 33.4136
1462, 53.7735, 33.447
1463, 53.8217, 33.4636
1464, 53.87, 33.4803
1465, 53.9175, 33.497
1466, 53.9648, 33.5136
1467, 54.0114, 33.5303
1468, 54.0573, 33.547
1469, 54.1034, 33.5636
1470, 54.1495, 33.5803
1471, 54.2425, 33.6136
1472, 54.289, 33.6303
1473, 54.3355, 33.6469
1474, 54.3823, 33.6636
1475, 54.4287, 33.6803
1476, 54.4742, 33.697
1477, 54.5185, 33.7136
1478, 54.5623, 33.7303
1479, 54.6079, 33.747
1480, 54.6535, 33.7636
1481, 54.7444, 33.797
1482, 54.789, 33.8136
1483, 54.8335, 33.8303
1484, 54.8782, 33.847
1485, 54.9233, 33.8636
1486, 54.9678, 33.8803
1487, 55.0116, 33.8969
1488, 55.0552, 33.9136
1489, 55.0982, 33.9303
1490, 55.1413, 33.947
1491, 55.1844, 33.9636
1492, 55.2712, 33.997
1493, 55.3143, 34.0136
1494, 55.357, 34.0303
1495, 55.3996, 34.047
1496, 55.4421, 34.0636
1497, 55.4846, 34.0803
1498, 55.5268, 34.097
1499, 55.5687, 34.1136
1500, 55.6105, 34.1303
1501, 55.6527, 34.1469
1502, 55.6948, 34.1636
1503, 55.737, 34.1803
1504, 55.8201, 34.2136
1505, 55.8612, 34.2303
1506, 55.9019, 34.247
1507, 55.9427, 34.2636
1508, 55.9836, 34.2803
1509, 56.0245, 34.297
1510, 56.0653, 34.3136
1511, 56.106, 34.3303
1512, 56.1465, 34.347
1513, 56.1867, 34.3636
1514, 56.2265, 34.3803
1515, 56.266, 34.3969
1516, 56.3057, 34.4136
1517, 56.3453, 34.4303
1518, 56.4235, 34.4636
1519, 56.4623, 34.4803
1520, 56.5018, 34.497
1521, 56.5418, 34.5136
1522, 56.5815, 34.5303
1523, 56.621, 34.547
1524, 56.6605, 34.5636
1525, 56.699, 34.5803
1526, 56.7374, 34.597
1527, 56.7757, 34.6136
1528, 56.8138, 34.6303
1529, 56.8526, 34.6469
1530, 56.8913, 34.6636
1531, 56.9303, 34.6803
1532, 56.9685, 34.697
1533, 57.0068, 34.7136
1534, 57.0443, 34.7303
1535, 57.1199, 34.7636
1536, 57.1569, 34.7803
1537, 57.1936, 34.797
1538, 57.2305, 34.8136
1539, 57.2675, 34.8303
1540, 57.3067, 34.847
1541, 57.3436, 34.8636
1542, 57.3809, 34.8803
1543, 57.4173, 34.8969
1544, 57.455, 34.9136
1545, 57.4941, 34.9303
1546, 57.529, 34.947
1547, 57.5647, 34.9636
1548, 57.6018, 34.9803
1549, 57.6378, 34.997
1550, 57.6739, 35.0136
1551, 57.7105, 35.0303
1552, 57.7458, 35.047
1553, 57.7806, 35.0636
1554, 57.8146, 35.0803
1555, 57.8486, 35.097
1556, 57.8827, 35.1136
1557, 57.9173, 35.1303
1558, 57.9858, 35.1636
1559, 58.0209, 35.1803
1560, 58.0559, 35.197
1561, 58.0904, 35.2136
1562, 58.1248, 35.2303
1563, 58.1595, 35.247
1564, 58.1944, 35.2636
1565, 58.2289, 35.2803
1566, 58.263, 35.297
1567, 58.2968, 35.3136
1568, 58.3301, 35.3303
1569, 58.3631, 35.347
1570, 58.3955, 35.3636
1571, 58.4282, 35.3803
1572, 58.4604, 35.3969
1573, 58.4927, 35.4136
1574, 58.5249, 35.4303
1575, 58.5564, 35.447
1576, 58.5881, 35.4636
1577, 58.6202, 35.4803
1578, 58.6519, 35.497
1579, 58.6835, 35.5136
1580, 58.7156, 35.5303
1581, 58.7482, 35.547
1582, 58.7814, 35.5636
1583, 58.8144, 35.5803
1584, 58.8466, 35.597
1585, 58.8778, 35.6136
1586, 58.909, 35.6303
1587, 58.9401, 35.6469
1588, 58.9712, 35.6636
1589, 59.0023, 35.6803
1590, 59.0333, 35.697
1591, 59.0636, 35.7136
1592, 59.0936, 35.7303
1593, 59.1237, 35.747
1594, 59.1537, 35.7636
1595, 59.184, 35.7803
1596, 59.2138, 35.797
1597, 59.2436, 35.8136
1598, 59.273, 35.8303
1599, 59.3021, 35.847
1600, 59.3612, 35.8803
1601, 59.3907, 35.8969
1602, 59.4205, 35.9136
1603, 59.4494, 35.9303
1604, 59.4786, 35.947
1605, 59.5077, 35.9636
1606, 59.5366, 35.9803
1607, 59.5666, 35.997
1608, 59.5947, 36.0136
1609, 59.6237, 36.0303
1610, 59.651, 36.047
1611, 59.6786, 36.0636
1612, 59.7068, 36.0803
1613, 59.7341, 36.097
1614, 59.7622, 36.1136
1615, 59.789, 36.1303
1616, 59.8158, 36.1469
1617, 59.8428, 36.1636
1618, 59.8702, 36.1803
1619, 59.8974, 36.197
1620, 59.9242, 36.2136
1621, 59.9507, 36.2303
1622, 59.977, 36.247
1623, 60.004, 36.2636
1624, 60.0311, 36.2803
1625, 60.0581, 36.297
1626, 60.0856, 36.3136
1627, 60.1124, 36.3303
1628, 60.1394, 36.347
1629, 60.1656, 36.3636
1630, 60.1918, 36.3803
1631, 60.2181, 36.3969
1632, 60.2441, 36.4136
1633, 60.2699, 36.4303
1634, 60.2956, 36.447
1635, 60.3214, 36.4636
1636, 60.347, 36.4803
1637, 60.3724, 36.497
1638, 60.398, 36.5136
1639, 60.4235, 36.5303
1640, 60.4489, 36.547
1641, 60.475, 36.5636
1642, 60.5008, 36.5803
1643, 60.5266, 36.597
1644, 60.5514, 36.6136
1645, 60.5754, 36.6303
1646, 60.598, 36.6469
1647, 60.5861, 36.6636
1648, 60.5272, 36.6803
1649, 60.5042, 36.697
1650, 60.5084, 36.7136
1651, 60.5341, 36.7303
1652, 60.5653, 36.747
1653, 60.5844, 36.7636
1654, 60.5972, 36.7803
1655, 60.6164, 36.797
1656, 60.6413, 36.8136
1657, 60.6661, 36.8303
1658, 60.6661, 36.8303
1659, 60.6875, 36.847
1660, 60.708, 36.8636
1661, 60.7297, 36.8803
1662, 60.7526, 36.8969
1663, 60.7752, 36.9136
1664, 60.7972, 36.9303
1665, 60.8192, 36.947
1666, 60.842, 36.9636
1667, 60.8642, 36.9803
1668, 60.886, 36.997
1669, 60.9075, 37.0136
1670, 60.9288, 37.0303
1671, 60.9505, 37.047
1672, 60.9724, 37.0636
1673, 60.9942, 37.0803
1674, 61.0167, 37.097
1675, 61.0396, 37.1136
1676, 61.0622, 37.1303
1677, 61.0837, 37.1469
1678, 61.1049, 37.1636
1679, 61.1263, 37.1803
1680, 61.1477, 37.197
1681, 61.1684, 37.2136
1682, 61.1886, 37.2303
1683, 61.2086, 37.247
1684, 61.2297, 37.2636
1685, 61.2507, 37.2803
1686, 61.2713, 37.297
1687, 61.292, 37.3136
1688, 61.3129, 37.3303
1689, 61.3333, 37.347
1690, 61.3537, 37.3636
1691, 61.374, 37.3803
1692, 61.3942, 37.3969
1693, 61.4143, 37.4136
1694, 61.434, 37.4303
1695, 61.4542, 37.447
1696, 61.474, 37.4636
1697, 61.4934, 37.4803
1698, 61.511, 37.497
1699, 61.5272, 37.5136
1700, 61.5411, 37.5303
1701, 61.5519, 37.547
1702, 61.5591, 37.5636
1703, 61.5615, 37.5803
1704, 61.5587, 37.597
1705, 61.5446, 37.6136
1706, 61.5139, 37.6303
1707, 61.4599, 37.6469
1708, 61.3816, 37.6636
1709, 61.2832, 37.6803
1710, 61.1734, 37.697
1711, 61.057, 37.7136
1712, 60.9023, 37.7303
1713, 60.7263, 37.747
1714, 60.7263, 37.747
1715, 60.5641, 37.7636
1716, 60.3972, 37.7803
1717, 60.2114, 37.797
1718, 60.0043, 37.8136
1719, 59.7808, 37.8303
1720, 59.5514, 37.847
1721, 59.064, 37.8803
1722, 58.8036, 37.8969
1723, 58.5318, 37.9136
1724, 58.25, 37.9303
1725, 57.9526, 37.947
1726, 57.6616, 37.9636
1727, 57.3731, 37.9803
1728, 57.0544, 37.997
1729, 56.7533, 38.0136
1730, 56.4753, 38.0303
1731, 56.1578, 38.047
1732, 55.8632, 38.0636
1733, 55.5819, 38.0803
1734, 55.2837, 38.097
1735, 55.0081, 38.1136
1736, 54.7395, 38.1303
1737, 54.4861, 38.1469
1738, 54.2423, 38.1636
1739, 53.7237, 38.197
1740, 53.4482, 38.2136
1741, 53.1863, 38.2303
1742, 52.9221, 38.247
1743, 52.6513, 38.2636
1744, 52.3867, 38.2803
1745, 52.1214, 38.297
1746, 51.6307, 38.3303
1747, 51.4161, 38.347
1748, 51.2045, 38.3636
1749, 51.0041, 38.3803
1750, 50.8127, 38.3969
1751, 50.6317, 38.4136
1752, 50.2655, 38.447
1753, 50.0896, 38.4636
1754, 49.9158, 38.4803
1755, 49.7465, 38.497
1756, 49.5862, 38.5136
1757, 49.2673, 38.547
1758, 49.0969, 38.5636
1759, 48.898, 38.5803
1760, 48.7149, 38.597
1761, 48.4222, 38.6303
1762, 48.2966, 38.6469
1763, 48.1699, 38.6636
1764, 48.0353, 38.6803
1765, 47.7566, 38.7136
1766, 47.6222, 38.7303
1767, 47.5009, 38.747
1768, 47.3961, 38.7636
1769, 47.225, 38.797
1770, 47.1469, 38.8136
1771, 47.0772, 38.8303
1772, 47.0155, 38.847
1773, 46.9014, 38.8803
1774, 46.8473, 38.8969
1775, 46.7973, 38.9136
1776, 46.7169, 38.947
1777, 46.6815, 38.9636
1778, 46.6451, 38.9803
1779, 46.6135, 38.997
1780, 46.6062, 39.0303
1781, 46.5941, 39.047
1782, 46.5737, 39.0636
1783, 46.5346, 39.097
1784, 46.5228, 39.1136
1785, 46.5141, 39.1303
1786, 46.4907, 39.1636
1787, 46.4674, 39.1803
1788, 46.435, 39.197
1789, 46.3912, 39.2136
1790, 46.308, 39.247
1791, 46.2467, 39.2636
1792, 46.157, 39.2803
1793, 46.0133, 39.3136
1794, 45.9657, 39.3303
1795, 45.9221, 39.347
1796, 45.8177, 39.3803
1797, 45.7589, 39.3969
1798, 45.704, 39.4136
1799, 45.6255, 39.447
1800, 45.5925, 39.4636
1801, 45.5575, 39.4803
1802, 45.4958, 39.5136
1803, 45.4859, 39.5303
1804, 45.4727, 39.547
1805, 45.4489, 39.5636
1806, 45.3709, 39.597
1807, 45.3313, 39.6136
1808, 45.293, 39.6303
1809, 45.2241, 39.6636
1810, 45.1851, 39.6803
1811, 45.1521, 39.697
1812, 45.0886, 39.7303
1813, 45.0605, 39.747
1814, 45.0345, 39.7636
1815, 44.9921, 39.797
1816, 44.9796, 39.8136
1817, 44.9685, 39.8303
1818, 44.955, 39.8636
1819, 44.9449, 39.8803
1820, 44.932, 39.8969
1821, 44.9076, 39.9303
1822, 44.9198, 39.947
1823, 44.9238, 39.9636
1824, 44.9291, 39.9803
1825, 44.9048, 40.0136
1826, 44.8785, 40.0303
1827, 44.8557, 40.047
1828, 44.8345, 40.0803
1829, 44.833, 40.097
1830, 44.8321, 40.1136
1831, 44.8247, 40.1469
1832, 44.8222, 40.1636
1833, 44.8228, 40.1803
1834, 44.827, 40.2136
1835, 44.827, 40.2303
1836, 44.8274, 40.247
1837, 44.8344, 40.2803
1838, 44.8401, 40.297
1839, 44.8476, 40.3136
1840, 44.8645, 40.347
1841, 44.8711, 40.3636
1842, 44.8759, 40.3803
1843, 44.8821, 40.4136
1844, 44.8854, 40.4303
1845, 44.8883, 40.447
1846, 44.8832, 40.4803
1847, 44.8766, 40.497
1848, 44.8701, 40.5136
1849, 44.8577, 40.547
1850, 44.8529, 40.5636
1851, 44.8489, 40.5803
1852, 44.8437, 40.6136
1853, 44.8464, 40.6303
1854, 44.853, 40.6469
1855, 44.8813, 40.6803
1856, 44.8987, 40.697
1857, 44.9167, 40.7136
1858, 44.9592, 40.747
1859, 44.9887, 40.7636
1860, 45.0194, 40.7803
1861, 45.077, 40.8136
1862, 45.1079, 40.8303
1863, 45.1406, 40.847
1864, 45.2108, 40.8803
1865, 45.2478, 40.8969
1866, 45.2888, 40.9136
1867, 45.3741, 40.947
1868, 45.417, 40.9636
1869, 45.459, 40.9803
1870, 45.5561, 41.0136
1871, 45.6105, 41.0303
1872, 45.6666, 41.047
1873, 45.776, 41.0803
1874, 45.8314, 41.097
1875, 45.8852, 41.1136
1876, 45.9443, 41.1303
1877, 46.0537, 41.1636
1878, 46.1111, 41.1803
1879, 46.1662, 41.197
1880, 46.2813, 41.2303
1881, 46.338, 41.247
1882, 46.3936, 41.2636
1883, 46.5049, 41.297
1884, 46.5601, 41.3136
1885, 46.6159, 41.3303
1886, 46.6739, 41.347
1887, 46.7864, 41.3803
1888, 46.8434, 41.3969
1889, 46.8989, 41.4136
1890, 47.0103, 41.447
1891, 47.0636, 41.4636
1892, 47.118, 41.4803
1893, 47.2312, 41.5136
1894, 47.2884, 41.5303
1895, 47.3468, 41.547
1896, 47.4042, 41.5636
1897, 47.5127, 41.597
1898, 47.5661, 41.6136
1899, 47.6221, 41.6303
1900, 47.6799, 41.6469
1901, 47.794, 41.6803
1902, 47.85, 41.697
1903, 47.9069, 41.7136
1904, 47.9635, 41.7303
1905, 48.0771, 41.7636
1906, 48.1328, 41.7803
1907, 48.1887, 41.797
1908, 48.247, 41.8136
1909, 48.3699, 41.847
1910, 48.433, 41.8636
1911, 48.4944, 41.8803
1912, 48.5531, 41.8969
1913, 48.6661, 41.9303
1914, 48.7237, 41.947
1915, 48.7824, 41.9636
1916, 48.8409, 41.9803
1917, 48.9226, 42.0136
1918, 48.8763, 42.0303
1919, 48.8667, 42.047
1920, 48.8759, 42.0636
1921, 48.9233, 42.0803
1922, 49.0571, 42.1136
1923, 49.1068, 42.1303
1924, 49.1479, 42.1469
1925, 49.1938, 42.1636
1926, 49.3057, 42.197
1927, 49.3599, 42.2136
1928, 49.4102, 42.2303
1929, 49.458, 42.247
1930, 49.506, 42.2636
1931, 49.5967, 42.297
1932, 49.6361, 42.3136
1933, 49.6722, 42.3303
1934, 49.7043, 42.347
1935, 49.7306, 42.3636
1936, 49.7537, 42.3969
1937, 49.7421, 42.4136
1938, 49.7122, 42.4303
1939, 49.6546, 42.447
1940, 49.569, 42.4636
1941, 49.3521, 42.497
1942, 49.1978, 42.5136
1943, 49.0195, 42.5303
1944, 48.8477, 42.547
1945, 48.6794, 42.5636
1946, 48.2965, 42.597
1947, 48.0736, 42.6136
1948, 47.8333, 42.6303
1949, 47.5879, 42.6469
1950, 47.0835, 42.6803
1951, 46.8211, 42.697
1952, 46.5548, 42.7136
1953, 46.0145, 42.747
1954, 45.7384, 42.7636
1955, 45.4589, 42.7803
1956, 45.18, 42.797
1957, 44.6265, 42.8303
1958, 44.3482, 42.847
1959, 44.0724, 42.8636
1960, 43.5415, 42.8969
1961, 43.2824, 42.9136
1962, 42.7735, 42.947
1963, 42.5169, 42.9636
1964, 42.2613, 42.9803
1965, 41.7626, 43.0136
1966, 41.5218, 43.0303
1967, 41.093, 43.0636
1968, 40.887, 43.0803
1969, 40.5088, 43.1136
1970, 40.3097, 43.1303
1971, 39.9547, 43.1636
1972, 39.8144, 43.1803
1973, 39.555, 43.2136
1974, 39.4186, 43.2303
1975, 39.138, 43.2636
1976, 39.0033, 43.2803
1977, 38.7496, 43.3136
1978, 38.6238, 43.3303
1979, 38.3671, 43.3636
1980, 38.2369, 43.3803
1981, 37.9752, 43.4136
1982, 37.8454, 43.4303
1983, 37.5842, 43.4636
1984, 37.4606, 43.4803
1985, 37.2199, 43.5136
1986, 36.9816, 43.547
1987, 36.8655, 43.5636
1988, 36.6367, 43.597
1989, 36.5263, 43.6136
1990, 36.3176, 43.6469
1991, 36.1166, 43.6803
1992, 35.9891, 43.697
1993, 35.7314, 43.7303
1994, 35.5311, 43.7636
1995, 35.4527, 43.7803
1996, 35.3051, 43.8136
1997, 35.1508, 43.847
1998, 35.0751, 43.8636
1999, 34.9433, 43.8969
2000, 34.8391, 43.9303
2001, 34.7446, 43.9636
2002, 34.6967, 43.9803
2003, 34.5995, 44.0136
2004, 34.5045, 44.047
2005, 34.4129, 44.0803
2006, 34.3674, 44.097
2007, 34.2756, 44.1303
2008, 34.1818, 44.1636
2009, 34.0877, 44.197
2010, 34.0403, 44.2136
2011, 33.945, 44.247
2012, 33.849, 44.2803
2013, 33.7519, 44.3136
2014, 33.6539, 44.347
2015, 33.6044, 44.3636
2016, 33.5047, 44.3969
2017, 33.4036, 44.4303
2018, 33.3015, 44.4636
2019, 33.1992, 44.497
2020, 33.1482, 44.5136
2021, 33.0457, 44.547
2022, 32.943, 44.5803
2023, 32.8403, 44.6136
2024, 32.7369, 44.6469
2025, 32.6326, 44.6803
2026, 32.5278, 44.7136
2027, 32.4745, 44.7303
2028, 32.368, 44.7636
2029, 32.2607, 44.797
2030, 32.152, 44.8303
2031, 32.0433, 44.8636
2032, 31.933, 44.8969
2033, 31.8233, 44.9303
2034, 31.7146, 44.9636
2035, 31.6079, 44.997
2036, 31.5018, 45.0303
2037, 31.396, 45.0636
2038, 31.2911, 45.097
2039, 31.1861, 45.1303
2040, 31.0805, 45.1636
2041, 30.9749, 45.197
2042, 30.8684, 45.2303
2043, 30.7605, 45.2636
2044, 30.6518, 45.297
2045, 30.542, 45.3303
2046, 30.4318, 45.3636
2047, 30.3219, 45.3969
2048, 30.2114, 45.4303
2049, 30.1008, 45.4636
2050, 29.9903, 45.497
2051, 29.8796, 45.5303
2052, 29.7697, 45.5636
2053, 29.6612, 45.597
2054, 29.5535, 45.6303
2055, 29.4454, 45.6636
2056, 29.2841, 45.7136
2057, 29.1782, 45.747
2058, 29.0716, 45.7803
2059, 28.9665, 45.8136
2060, 28.8797, 45.847
2061, 28.81, 45.8803
2062, 28.7719, 45.9136
2063, 28.8321, 45.9636
2064, 28.8392, 45.997
2065, 28.8406, 46.0303
2066, 28.8667, 46.0636
2067, 28.9027, 46.097
2068, 28.95, 46.1469
2069, 28.9865, 46.1803
2070, 29.0323, 46.2136
2071, 29.0904, 46.247
2072, 29.155, 46.2803
2073, 29.2303, 46.3136
2074, 29.3589, 46.3636
2075, 29.4471, 46.3969
2076, 29.5385, 46.4303
2077, 29.6287, 46.4636
2078, 29.7116, 46.497
2079, 29.7904, 46.5303
2080, 29.8575, 46.5636
2081, 29.9126, 46.597
2082, 29.9704, 46.6303
2083, 30.0642, 46.6803
2084, 30.1239, 46.7136
2085, 30.1774, 46.747
2086, 30.2319, 46.7803
2087, 30.3034, 46.8136
2088, 30.3914, 46.847
2089, 30.4842, 46.8803
2090, 30.5814, 46.9136
2091, 30.6776, 46.947
2092, 30.7786, 46.9803
2093, 30.8818, 47.0136
2094, 30.9793, 47.047
2095, 31.0778, 47.0803
2096, 31.1819, 47.1136
2097, 31.2893, 47.1469
2098, 31.3955, 47.1803
2099, 31.5028, 47.2136
2100, 31.6144, 47.247
2101, 31.7261, 47.2803
2102, 31.8429, 47.3136
2103, 31.9723, 47.347
2104, 32.1095, 47.3803
2105, 32.2599, 47.4136
2106, 32.421, 47.447
2107, 32.5039, 47.4636
2108, 32.6671, 47.497
2109, 32.8326, 47.5303
2110, 32.9994, 47.5636
2111, 33.1614, 47.597
2112, 33.3198, 47.6303
2113, 33.4823, 47.6636
2114, 33.6455, 47.697
2115, 33.7264, 47.7136
2116, 33.8855, 47.747
2117, 34.0468, 47.7803
2118, 34.2142, 47.8136
2119, 34.3783, 47.847
2120, 34.4603, 47.8636
2121, 34.6205, 47.8969
2122, 34.7798, 47.9303
2123, 34.9426, 47.9636
2124, 35.0251, 47.9803
2125, 35.1899, 48.0136
2126, 35.349, 48.047
2127, 35.5043, 48.0803
2128, 35.5835, 48.097
2129, 35.7432, 48.1303
2130, 35.9054, 48.1636
2131, 35.9861, 48.1803
2132, 36.1454, 48.2136
2133, 36.3014, 48.247
2134, 36.378, 48.2636
2135, 36.5326, 48.297
2136, 36.6889, 48.3303
2137, 36.767, 48.347
2138, 36.9184, 48.3803
2139, 37.0696, 48.4136
2140, 37.1446, 48.4303
2141, 37.2918, 48.4636
2142, 37.4352, 48.497
2143, 37.5085, 48.5136
2144, 37.6567, 48.547
2145, 37.7843, 48.5803
2146, 37.7651, 48.597
2147, 37.7153, 48.6303
2148, 37.7388, 48.6469
2149, 37.8904, 48.6803
2150, 38.0494, 48.7136
2151, 38.1031, 48.7303
2152, 38.2164, 48.7636
2153, 38.2845, 48.7803
2154, 38.4277, 48.8136
2155, 38.4933, 48.8303
2156, 38.6168, 48.8636
2157, 38.7551, 48.8969
2158, 38.8357, 48.9136
2159, 38.9671, 48.947
2160, 39.0328, 48.9636
2161, 39.1652, 48.997
2162, 39.2383, 49.0136
2163, 39.3775, 49.047
2164, 39.4458, 49.0636
2165, 39.5764, 49.097
2166, 39.6446, 49.1136
2167, 39.779, 49.1469
2168, 39.8445, 49.1636
2169, 39.9769, 49.197
2170, 40.1093, 49.2303
2171, 40.1778, 49.247
2172, 40.316, 49.2803
2173, 40.3822, 49.297
2174, 40.5122, 49.3303
2175, 40.577, 49.347
2176, 40.6431, 49.3636
2177, 40.7764, 49.3969
2178, 40.8413, 49.4136
2179, 40.9709, 49.447
2180, 41.035, 49.4636
2181, 41.1658, 49.497
2182, 41.2309, 49.5136
2183, 41.3618, 49.547
2184, 41.4265, 49.5636
2185, 41.5534, 49.597
2186, 41.616, 49.6136
2187, 41.7413, 49.6469
2188, 41.803, 49.6636
2189, 41.8641, 49.6803
2190, 41.9911, 49.7136
2191, 42.0555, 49.7303
2192, 42.1839, 49.7636
2193, 42.2474, 49.7803
2194, 42.3727, 49.8136
2195, 42.4357, 49.8303
2196, 42.4989, 49.847
2197, 42.6253, 49.8803
2198, 42.6876, 49.8969
2199, 42.8114, 49.9303
2200, 42.8724, 49.947
2201, 42.9331, 49.9636
2202, 43.0568, 49.997
2203, 43.1206, 50.0136
2204, 43.2467, 50.047
2205, 43.3097, 50.0636
2206, 43.3731, 50.0803
2207, 43.4994, 50.1136
2208, 43.5637, 50.1303
2209, 43.6887, 50.1636
2210, 43.7496, 50.1803
2211, 43.8101, 50.197
2212, 43.931, 50.2303
2213, 43.9933, 50.247
2214, 44.0562, 50.2636
2215, 44.1816, 50.297
2216, 44.2433, 50.3136
2217, 44.3042, 50.3303
2218, 44.4256, 50.3636
2219, 44.4873, 50.3803
2220, 44.607, 50.4136
2221, 44.6665, 50.4303
2222, 44.7262, 50.447
2223, 44.8491, 50.4803
2224, 44.9126, 50.497
2225, 44.9754, 50.5136
2226, 45.1006, 50.547
2227, 45.1618, 50.5636
2228, 45.222, 50.5803
2229, 45.3398, 50.6136
2230, 45.3984, 50.6303
2231, 45.4579, 50.6469
2232, 45.578, 50.6803
2233, 45.6379, 50.697
2234, 45.6976, 50.7136
2235, 45.7561, 50.7303
2236, 45.871, 50.7636
2237, 45.9277, 50.7803
2238, 45.9844, 50.797
2239, 46.0996, 50.8303
2240, 46.1583, 50.847
2241, 46.2185, 50.8636
2242, 46.3402, 50.8969
2243, 46.4006, 50.9136
2244, 46.4603, 50.9303
2245, 46.5198, 50.947
2246, 46.637, 50.9803
2247, 46.6942, 50.997
2248, 46.7513, 51.0136
2249, 46.8642, 51.047
2250, 46.9202, 51.0636
2251, 46.9757, 51.0803
2252, 47.0308, 51.097
2253, 47.142, 51.1303
2254, 47.198, 51.1469
2255, 47.2539, 51.1636
2256, 47.3668, 51.197
2257, 47.423, 51.2136
2258, 47.4789, 51.2303
2259, 47.5345, 51.247
2260, 47.6448, 51.2803
2261, 47.6998, 51.297
2262, 47.7553, 51.3136
2263, 47.8114, 51.3303
2264, 47.922, 51.3636
2265, 47.9771, 51.3803
2266, 48.0324, 51.3969
2267, 48.0884, 51.4136
2268, 48.1992, 51.447
2269, 48.254, 51.4636
2270, 48.3082, 51.4803
2271, 48.3622, 51.497
2272, 48.4708, 51.5303
2273, 48.5247, 51.547
2274, 48.5782, 51.5636
2275, 48.631, 51.5803
2276, 48.7311, 51.6136
2277, 48.7773, 51.6303
2278, 48.8217, 51.6469
2279, 48.863, 51.6636
2280, 48.9012, 51.6803
2281, 48.9652, 51.7136
2282, 48.9902, 51.7303
2283, 49.0105, 51.747
2284, 49.0259, 51.7636
2285, 49.0226, 51.797
2286, 48.9911, 51.8136
2287, 48.9242, 51.8303
2288, 48.822, 51.847
2289, 48.5645, 51.8803
2290, 48.3745, 51.8969
2291, 48.1608, 51.9136
2292, 47.9519, 51.9303
2293, 47.7538, 51.947
2294, 47.3294, 51.9803
2295, 47.0856, 51.997
2296, 46.8325, 52.0136
2297, 46.2983, 52.047
2298, 46.0178, 52.0636
2299, 45.755, 52.0803
2300, 45.4984, 52.097
2301, 44.9879, 52.1303
2302, 44.7367, 52.1469
2303, 44.4705, 52.1636
2304, 43.8798, 52.197
2305, 43.5562, 52.2136
2306, 42.9069, 52.247
2307, 42.5902, 52.2636
2308, 42.2755, 52.2803
2309, 41.6568, 52.3136
2310, 41.3566, 52.3303
2311, 40.7622, 52.3636
2312, 40.4687, 52.3803
2313, 39.902, 52.4136
2314, 39.6261, 52.4303
2315, 39.1022, 52.4636
2316, 38.8505, 52.4803
2317, 38.3647, 52.5136
2318, 38.1325, 52.5303
2319, 37.6661, 52.5636
2320, 37.216, 52.597
2321, 36.9894, 52.6303
2322, 36.4941, 52.6636
2323, 36.2538, 52.6803
2324, 35.7819, 52.7136
2325, 35.3376, 52.747
2326, 35.106, 52.7636
2327, 34.6297, 52.797
2328, 34.1741, 52.8303
2329, 33.7112, 52.8636
2330, 33.479, 52.8803
2331, 33.0108, 52.9136
2332, 32.5607, 52.947
2333, 32.1501, 52.9803
2334, 31.7757, 53.0136
2335, 31.4431, 53.047
2336, 31.2198, 53.0803
2337, 31.0365, 53.1136
2338, 30.8731, 53.1469
2339, 30.7948, 53.1636
2340, 30.6396, 53.197
2341, 30.4789, 53.2303
2342, 30.2475, 53.2636
2343, 29.9932, 53.297
2344, 29.7765, 53.3303
2345, 29.5986, 53.3636
2346, 29.4329, 53.3969
2347, 29.1653, 53.447
2348, 28.9788, 53.4803
2349, 28.8021, 53.5136
2350, 28.6373, 53.547
2351, 28.4782, 53.5803
2352, 28.3196, 53.6136
2353, 28.1663, 53.6469
2354, 28.0284, 53.6803
2355, 27.9114, 53.7136
2356, 27.8081, 53.747
2357, 27.661, 53.797
2358, 27.5664, 53.8303
2359, 27.4719, 53.8636
2360, 27.3754, 53.8969
2361, 27.2795, 53.9303
2362, 27.1375, 53.9803
2363, 27.0418, 54.0136
2364, 26.944, 54.047
2365, 26.844, 54.0803
2366, 26.743, 54.1136
2367, 26.5919, 54.1636
2368, 26.4882, 54.197
2369, 26.3834, 54.2303
2370, 26.2816, 54.2636
2371, 26.1126, 54.3136
2372, 25.9934, 54.347
2373, 25.8736, 54.3803
2374, 25.7235, 54.4303
2375, 25.6487, 54.4636
2376, 25.5695, 54.497
2377, 25.4005, 54.547
2378, 25.281, 54.5803
2379, 25.1885, 54.6136
2380, 25.1047, 54.6636
2381, 25.095, 54.697
2382, 25.1574, 54.7303
2383, 25.243, 54.7803
2384, 25.2632, 54.8136
2385, 25.2741, 54.847
2386, 25.3317, 54.8969
2387, 25.3698, 54.9303
2388, 25.4179, 54.9636
2389, 25.5023, 55.0136
2390, 25.5672, 55.047
2391, 25.645, 55.0803
2392, 25.7917, 55.1303
2393, 25.9064, 55.1636
2394, 26.0299, 55.197
2395, 26.225, 55.247
2396, 26.359, 55.2803
2397, 26.4962, 55.3136
2398, 26.7081, 55.3636
2399, 26.8524, 55.3969
2400, 26.9945, 55.4303
2401, 27.1305, 55.4636
2402, 27.3224, 55.5136
2403, 27.447, 55.547
2404, 27.5708, 55.5803
2405, 27.6964, 55.6136
2406, 27.8259, 55.6469
2407, 27.9553, 55.6803
2408, 28.0707, 55.7136
2409, 28.1678, 55.7636
2410, 28.1825, 55.797
2411, 28.3118, 55.8303
2412, 28.4953, 55.8636
2413, 28.6485, 55.8969
2414, 28.7206, 55.9303
2415, 28.7581, 55.9636
2416, 28.8232, 55.997
2417, 28.9152, 56.0303
2418, 29.0215, 56.0636
2419, 29.1141, 56.097
2420, 29.2077, 56.1469
2421, 29.2782, 56.1803
2422, 29.3708, 56.2136
2423, 29.4766, 56.247
2424, 29.5581, 56.2803
2425, 29.6219, 56.3136
2426, 29.6892, 56.347
2427, 29.7777, 56.3803
2428, 29.8898, 56.4136
2429, 30.0233, 56.447
2430, 30.1717, 56.4803
2431, 30.2543, 56.5136
2432, 30.2206, 56.547
2433, 30.3144, 56.5803
2434, 30.5351, 56.6136
2435, 30.758, 56.6469
2436, 30.9273, 56.6803
2437, 31.0966, 56.7136
2438, 31.1924, 56.7303
2439, 31.3971, 56.7636
2440, 31.5972, 56.797
2441, 31.7882, 56.8303
2442, 31.9835, 56.8636
2443, 32.1856, 56.8969
2444, 32.3853, 56.9303
2445, 32.5785, 56.9636
2446, 32.7711, 56.997
2447, 32.8677, 57.0136
2448, 33.0603, 57.047
2449, 33.249, 57.0803
2450, 33.4327, 57.1136
2451, 33.6143, 57.1469
2452, 33.7029, 57.1636
2453, 33.8763, 57.197
2454, 34.0625, 57.2303
2455, 34.2547, 57.2636
2456, 34.4314, 57.297
2457, 34.5155, 57.3136
2458, 34.6846, 57.347
2459, 34.8651, 57.3803
2460, 35.0521, 57.4136
2461, 35.1462, 57.4303
2462, 35.3232, 57.4636
2463, 35.492, 57.497
2464, 35.5779, 57.5136
2465, 35.7588, 57.547
2466, 35.9427, 57.5803
2467, 36.0317, 57.597
2468, 36.2095, 57.6303
2469, 36.3741, 57.6636
2470, 36.4676, 57.6803
2471, 36.6415, 57.7136
2472, 36.8245, 57.747
2473, 36.919, 57.7636
2474, 37.0991, 57.797
2475, 37.2735, 57.8303
2476, 37.3442, 57.847
2477, 37.5136, 57.8803
2478, 37.6004, 57.8969
2479, 37.7848, 57.9303
2480, 37.9603, 57.9636
2481, 38.0441, 57.9803
2482, 38.2084, 58.0136
2483, 38.2914, 58.0303
2484, 38.4584, 58.0636
2485, 38.5434, 58.0803
2486, 38.708, 58.1136
2487, 38.8688, 58.1469
2488, 38.9489, 58.1636
2489, 39.1117, 58.197
2490, 39.1947, 58.2136
2491, 39.3625, 58.247
2492, 39.4432, 58.2636
2493, 39.4752, 58.297
2494, 39.4592, 58.3136
2495, 39.5063, 58.347
2496, 39.5861, 58.3636
2497, 39.7752, 58.3969
2498, 39.8468, 58.4136
2499, 39.9705, 58.447
2500, 40.0383, 58.4636
2501, 40.1942, 58.497
2502, 40.2706, 58.5136
2503, 40.4126, 58.547
2504, 40.4812, 58.5636
2505, 40.6264, 58.597
2506, 40.7009, 58.6136
2507, 40.8465, 58.6469
2508, 40.9181, 58.6636
2509, 41.0632, 58.697
2510, 41.137, 58.7136
2511, 41.2813, 58.747
2512, 41.3525, 58.7636
2513, 41.4241, 58.7803
2514, 41.5692, 58.8136
2515, 41.6341, 58.8303
2516, 41.7044, 58.8636
2517, 41.6831, 58.8803
2518, 41.5941, 58.9136
2519, 41.5069, 58.9303
2520, 41.2982, 58.9636
2521, 41.2163, 58.9803
2522, 41.1516, 58.997
2523, 40.9875, 59.0303
2524, 40.8834, 59.047
2525, 40.6285, 59.0803
2526, 40.4972, 59.097
2527, 40.2295, 59.1303
2528, 40.0857, 59.1469
2529, 39.7741, 59.1803
2530, 39.6142, 59.197
2531, 39.303, 59.2303
2532, 39.1531, 59.247
2533, 38.8567, 59.2803
2534, 38.705, 59.297
2535, 38.4121, 59.3303
2536, 38.1164, 59.3636
2537, 37.9734, 59.3803
2538, 37.6925, 59.4136
2539, 37.5569, 59.4303
2540, 37.2363, 59.4636
2541, 36.9357, 59.497
2542, 36.8108, 59.5136
2543, 36.5869, 59.547
2544, 36.3772, 59.5803
2545, 36.2732, 59.597
2546, 36.072, 59.6303
2547, 35.8829, 59.6636
2548, 35.7961, 59.6803
2549, 35.6333, 59.7136
2550, 35.4735, 59.747
2551, 35.3959, 59.7636
2552, 35.2556, 59.797
2553, 35.1301, 59.8303
2554, 35.0725, 59.847
2555, 34.9635, 59.8803
2556, 34.8556, 59.9136
2557, 34.7513, 59.947
2558, 34.6997, 59.9636
2559, 34.5949, 59.997
2560, 34.4902, 60.0303
2561, 34.3859, 60.0636
2562, 34.3336, 60.0803
2563, 34.2271, 60.1136
2564, 34.1185, 60.1469
2565, 34.0096, 60.1803
2566, 33.9013, 60.2136
2567, 33.8479, 60.2303
2568, 33.742, 60.2636
2569, 33.6378, 60.297
2570, 33.5354, 60.3303
2571, 33.4328, 60.3636
2572, 33.3811, 60.3803
2573, 33.2779, 60.4136
2574, 33.1747, 60.447
2575, 33.0731, 60.4803
2576, 32.9919, 60.5136
2577, 32.964, 60.5303
2578, 32.9032, 60.5636
2579, 32.8951, 60.597
2580, 32.926, 60.6303
2581, 32.9211, 60.6636
2582, 32.9078, 60.6803
2583, 32.8807, 60.7136
2584, 32.8724, 60.747
2585, 32.8786, 60.7803
2586, 32.8848, 60.8136
2587, 32.8982, 60.847
2588, 32.9165, 60.8636
2589, 32.9591, 60.8969
2590, 32.9909, 60.9303
2591, 33.0116, 60.9636
2592, 33.0571, 60.997
2593, 33.0732, 61.0136
2594, 33.1118, 61.047
2595, 33.1263, 61.0803
2596, 33.1786, 61.1136
2597, 33.2577, 61.1469
2598, 33.2883, 61.1636
2599, 33.3423, 61.197
2600, 33.3847, 61.2303
2601, 33.4425, 61.2636
2602, 33.4791, 61.2803
2603, 33.5465, 61.3136
2604, 33.6046, 61.347
2605, 33.6623, 61.3803
2606, 33.6887, 61.3969
2607, 33.7323, 61.4303
2608, 33.7816, 61.4636
2609, 33.8487, 61.497
2610, 33.8865, 61.5136
2611, 33.961, 61.547
2612, 34.0285, 61.5803
2613, 34.0948, 61.6136
2614, 34.1284, 61.6303
2615, 34.2079, 61.6636
2616, 34.2921, 61.697
2617, 34.3308, 61.7136
2618, 34.408, 61.747
2619, 34.4929, 61.7803
2620, 34.5404, 61.797
2621, 34.6444, 61.8303
2622, 34.7563, 61.8636
2623, 34.8175, 61.8803
2624, 34.9587, 61.9136
2625, 35.1247, 61.947
2626, 35.2127, 61.9636
2627, 35.3862, 61.997
2628, 35.5571, 62.0303
2629, 35.643, 62.047
2630, 35.8197, 62.0803
2631, 35.9975, 62.1136
2632, 36.0859, 62.1303
2633, 36.2614, 62.1636
2634, 36.4348, 62.197
2635, 36.5214, 62.2136
2636, 36.6955, 62.247
2637, 36.7827, 62.2636
2638, 36.9558, 62.297
2639, 37.0845, 62.3303
2640, 37.1036, 62.347
2641, 37.0602, 62.3803
2642, 36.9801, 62.3969
2643, 36.793, 62.4303
2644, 36.7033, 62.4636
2645, 36.6951, 62.4803
2646, 36.6659, 62.5136
2647, 36.5981, 62.547
2648, 36.541, 62.5636
2649, 36.4275, 62.597
2650, 36.3511, 62.6303
2651, 36.3209, 62.6469
2652, 36.2497, 62.6803
2653, 36.1578, 62.7136
2654, 36.1099, 62.7303
2655, 36.0226, 62.7636
2656, 35.9451, 62.797
2657, 35.9067, 62.8136
2658, 35.8242, 62.847
2659, 35.7388, 62.8803
2660, 35.6967, 62.8969
2661, 35.6141, 62.9303
2662, 35.5331, 62.9636
2663, 35.4506, 62.997
2664, 35.4096, 63.0136
2665, 35.3269, 63.047
2666, 35.2435, 63.0803
2667, 35.2011, 63.097
2668, 35.1148, 63.1303
2669, 35.0269, 63.1636
2670, 34.9384, 63.197
2671, 34.8939, 63.2136
2672, 34.8052, 63.247
2673, 34.7159, 63.2803
2674, 34.6269, 63.3136
2675, 34.5827, 63.3303
2676, 34.4988, 63.3636
2677, 34.427, 63.3969
2678, 34.3977, 63.4136
2679, 34.3479, 63.447
2680, 34.2976, 63.4803
2681, 34.2518, 63.5136
2682, 34.2548, 63.5303
2683, 34.2932, 63.5636
2684, 34.3147, 63.597
2685, 34.3095, 63.6303
2686, 34.3105, 63.6469
2687, 34.3326, 63.6803
2688, 34.3653, 63.7136
2689, 34.3894, 63.747
2690, 34.4005, 63.7636
2691, 34.4286, 63.797
2692, 34.4584, 63.8303
2693, 34.4798, 63.8636
2694, 34.4834, 63.8803
2695, 34.4771, 63.9136
2696, 34.4575, 63.947
2697, 34.4399, 63.9636
2698, 34.3913, 63.997
2699, 34.3419, 64.0303
2700, 34.2923, 64.0636
2701, 34.2645, 64.0803
2702, 34.2061, 64.1136
2703, 34.1467, 64.1469
2704, 34.0419, 64.1803
2705, 33.9682, 64.197
2706, 33.8513, 64.2303
2707, 33.7814, 64.2636
2708, 33.7126, 64.297
2709, 33.646, 64.3303
2710, 33.6328, 64.347
2711, 33.6422, 64.3803
2712, 33.6371, 64.4136
2713, 33.6042, 64.447
2714, 33.591, 64.4636
2715, 33.5675, 64.4969
2716, 33.5645, 64.5303
2717, 33.5729, 64.5636
2718, 33.5882, 64.5803
2719, 33.5902, 64.6136
2720, 33.6009, 64.6469
2721, 33.6239, 64.6803
2722, 33.638, 64.7136
2723, 33.6522, 64.7303
2724, 33.6692, 64.7636
2725, 33.7164, 64.797
2726, 33.7707, 64.8303
2727, 33.7971, 64.847
2728, 33.8413, 64.8803
2729, 33.8789, 64.9136
2730, 33.9276, 64.947
2731, 33.9846, 64.9803
2732, 34.0121, 64.9969
2733, 34.0698, 65.0303
2734, 34.1264, 65.0636
2735, 34.1797, 65.097
2736, 34.205, 65.1136
2737, 34.2555, 65.1469
2738, 34.3051, 65.1803
2739, 34.3534, 65.2136
2740, 34.3731, 65.2303
2741, 34.4108, 65.2636
2742, 34.4472, 65.297
2743, 34.4785, 65.3303
2744, 34.4968, 65.347
2745, 34.536, 65.3803
2746, 34.5717, 65.4136
2747, 34.6141, 65.447
2748, 34.639, 65.4636
2749, 34.6916, 65.4969
2750, 34.7458, 65.5303
2751, 34.772, 65.547
2752, 34.8287, 65.5803
2753, 34.8903, 65.6136
2754, 34.9545, 65.6469
2755, 34.9914, 65.6636
2756, 35.0794, 65.697
2757, 35.1934, 65.7303
2758, 35.2612, 65.7469
2759, 35.4118, 65.7803
2760, 35.5661, 65.8136
2761, 35.7154, 65.847
2762, 35.7905, 65.8636
2763, 35.9446, 65.8969
2764, 36.1025, 65.9303
2765, 36.1829, 65.947
2766, 36.3416, 65.9803
2767, 36.5016, 66.0136
2768, 36.5791, 66.0303
2769, 36.7186, 66.0636
2770, 36.786, 66.0803
2771, 36.9327, 66.1136
2772, 37.0966, 66.1469
2773, 37.1893, 66.1636
2774, 37.3577, 66.197
2775, 37.5185, 66.2303
2776, 37.5703, 66.2469
2777, 37.5232, 66.2803
2778, 37.518, 66.297
2779, 37.6341, 66.3303
2780, 37.8161, 66.3636
2781, 37.8874, 66.3803
2782, 38.0086, 66.4136
2783, 38.076, 66.4303
2784, 38.2254, 66.4636
2785, 38.3722, 66.4969
2786, 38.4421, 66.5136
2787, 38.5842, 66.547
2788, 38.6552, 66.5636
2789, 38.7985, 66.597
2790, 38.8657, 66.6136
2791, 39.0074, 66.6469
2792, 39.0783, 66.6636
2793, 39.2234, 66.697
2794, 39.3622, 66.7303
2795, 39.432, 66.7469
2796, 39.5731, 66.7803
2797, 39.6422, 66.797
2798, 39.778, 66.8303
2799, 39.8445, 66.847
2800, 39.9811, 66.8803
2801, 40.052, 66.8969
2802, 40.1951, 66.9303
2803, 40.2679, 66.947
2804, 40.4153, 66.9803
2805, 40.4892, 66.9969
2806, 40.6267, 67.0303
2807, 40.6943, 67.047
2808, 40.8335, 67.0803
2809, 40.9033, 67.097
2810, 41.0444, 67.1303
2811, 41.1159, 67.1469
2812, 41.1868, 67.1636
2813, 41.3342, 67.197
2814, 41.4046, 67.2136
2815, 41.544, 67.2469
2816, 41.6129, 67.2636
2817, 41.7551, 67.297
2818, 41.825, 67.3136
2819, 41.9664, 67.347
2820, 42.0377, 67.3636
2821, 42.1103, 67.3803
2822, 42.2541, 67.4136
2823, 42.3234, 67.4303
2824, 42.46, 67.4636
2825, 42.5296, 67.4803
2826, 42.6713, 67.5136
2827, 42.7413, 67.5303
2828, 42.8094, 67.547
2829, 42.9426, 67.5803
2830, 43.0091, 67.597
2831, 43.1429, 67.6136
2832, 43.2102, 67.6303
2833, 43.2777, 67.6469
2834, 43.4128, 67.6803
2835, 43.4793, 67.697
2836, 43.5454, 67.7136
2837, 43.6768, 67.7469
2838, 43.7423, 67.7636
2839, 43.8719, 67.797
2840, 43.9365, 67.8136
2841, 44.0011, 67.8303
2842, 44.1312, 67.8636
2843, 44.1953, 67.8803
2844, 44.2584, 67.8969
2845, 44.384, 67.9303
2846, 44.4469, 67.947
2847, 44.5103, 67.9636
2848, 44.6353, 67.9969
2849, 44.6969, 68.0136
2850, 44.758, 68.0303
2851, 44.8808, 68.0636
2852, 44.9425, 68.0803
2853, 45.0041, 68.097
2854, 45.1264, 68.1303
2855, 45.1869, 68.1469
2856, 45.2467, 68.1636
2857, 45.3674, 68.197
2858, 45.4279, 68.2136
2859, 45.4886, 68.2303
2860, 45.6072, 68.2636
2861, 45.6655, 68.2803
2862, 45.7231, 68.297
2863, 45.8387, 68.3303
2864, 45.8966, 68.347
2865, 45.954, 68.3636
2866, 46.0116, 68.3803
2867, 46.1259, 68.4136
2868, 46.1815, 68.4303
2869, 46.2383, 68.447
2870, 46.35, 68.4803
2871, 46.4061, 68.4969
2872, 46.4626, 68.5136
2873, 46.5191, 68.5303
2874, 46.6298, 68.5636
2875, 46.6834, 68.5803
2876, 46.7362, 68.597
2877, 46.7884, 68.6136
2878, 46.8954, 68.6469
2879, 46.9493, 68.6636
2880, 47.0025, 68.6803
2881, 47.0554, 68.697
2882, 47.1604, 68.7303
2883, 47.2119, 68.7469
2884, 47.2607, 68.7636
2885, 47.3107, 68.7803
2886, 47.4081, 68.8136
2887, 47.4591, 68.8303
2888, 47.5104, 68.847
2889, 47.5607, 68.8636
2890, 47.6568, 68.8969
2891, 47.7044, 68.9136
2892, 47.7521, 68.9303
2893, 47.7997, 68.947
2894, 47.8964, 68.9803
2895, 47.9447, 68.9969
2896, 47.9942, 69.0136
2897, 48.0433, 69.0303
2898, 48.1382, 69.0636
2899, 48.1838, 69.0803
2900, 48.2273, 69.097
2901, 48.2447, 69.1136
2902, 48.198, 69.1303
2903, 48.1699, 69.1636
2904, 48.2061, 69.1803
2905, 48.2559, 69.197
2906, 48.3037, 69.2136
2907, 48.3744, 69.2469
2908, 48.411, 69.2636
2909, 48.4479, 69.2803
2910, 48.4828, 69.297
2911, 48.5494, 69.3303
2912, 48.5804, 69.347
2913, 48.6068, 69.3636
2914, 48.6328, 69.3803
2915, 48.659, 69.3969
2916, 48.7156, 69.4303
2917, 48.7374, 69.447
2918, 48.7526, 69.4636
2919, 48.7679, 69.4803
2920, 48.8061, 69.5136
2921, 48.8212, 69.5303
2922, 48.8316, 69.547
2923, 48.8441, 69.5636
2924, 48.8577, 69.5803
2925, 48.8728, 69.6136
2926, 48.8739, 69.6303
2927, 48.8759, 69.6469
2928, 48.8773, 69.6636
2929, 48.8775, 69.697
2930, 48.8736, 69.7136
2931, 48.8697, 69.7303
2932, 48.8684, 69.7469
2933, 48.8678, 69.7636
2934, 48.8655, 69.797
2935, 48.8639, 69.8136
2936, 48.8609, 69.8303
2937, 48.8573, 69.847
2938, 48.8492, 69.8803
2939, 48.8466, 69.8969
2940, 48.8455, 69.9136
2941, 48.8506, 69.9303
2942, 48.8801, 69.9636
2943, 48.9004, 69.9803
2944, 48.9228, 69.9969
2945, 48.9478, 70.0136
2946, 48.9785, 70.0303
2947, 49.0558, 70.0636
2948, 49.0958, 70.0803
2949, 49.1351, 70.097
2950, 49.1752, 70.1136
2951, 49.2552, 70.1469
2952, 49.2932, 70.1636
2953, 49.3299, 70.1803
2954, 49.368, 70.197
2955, 49.4064, 70.2136
2956, 49.4866, 70.2469
2957, 49.5271, 70.2636
2958, 49.567, 70.2803
2959, 49.607, 70.297
2960, 49.6474, 70.3136
2961, 49.7323, 70.347
2962, 49.7744, 70.3636
2963, 49.8158, 70.3803
2964, 49.855, 70.3969
2965, 49.9358, 70.4303
2966, 49.9786, 70.447
2967, 50.0218, 70.4636
2968, 50.0633, 70.4803
2969, 50.1054, 70.4969
2970, 50.1916, 70.5303
2971, 50.2364, 70.547
2972, 50.2816, 70.5636
2973, 50.3265, 70.5803
2974, 50.3707, 70.597
2975, 50.4621, 70.6303
2976, 50.5084, 70.6469
2977, 50.5536, 70.6636
2978, 50.5974, 70.6803
2979, 50.64, 70.697
2980, 50.682, 70.7136
2981, 50.7632, 70.7469
2982, 50.8016, 70.7636
2983, 50.8383, 70.7803
2984, 50.8726, 70.797
2985, 50.9038, 70.8136
2986, 50.9581, 70.847
2987, 50.9814, 70.8636
2988, 51.0012, 70.8803
2989, 51.0167, 70.8969
2990, 51.0257, 70.9136
2991, 51.0216, 70.9303
2992, 50.9355, 70.9636
2993, 50.8464, 70.9803
2994, 50.747, 70.9969
2995, 50.6322, 71.0136
2996, 50.4715, 71.0303
2997, 50.1672, 71.0636
2998, 50.0204, 71.0803
2999, 49.8585, 71.097
3000, 49.6785, 71.1136
3001, 49.4769, 71.1303
3002, 49.0567, 71.1636
3003, 48.8414, 71.1803
3004, 48.6189, 71.197
3005, 48.3897, 71.2136
3006, 48.1537, 71.2303
3007, 47.6815, 71.2636
3008, 47.4476, 71.2803
3009, 47.2166, 71.297
3010, 46.7624, 71.3303
3011, 46.5367, 71.347
3012, 46.3171, 71.3636
3013, 46.0924, 71.3803
3014, 45.6444, 71.4136
3015, 45.4472, 71.4303
3016, 45.2418, 71.447
3017, 44.8075, 71.4803
3018, 44.588, 71.4969
3019, 44.3473, 71.5136
3020, 43.9086, 71.547
3021, 43.7359, 71.5636
3022, 43.5681, 71.5803
3023, 43.2628, 71.6136
3024, 43.1298, 71.6303
3025, 42.9097, 71.6636
3026, 42.8199, 71.6803
3027, 42.7359, 71.697
3028, 42.5856, 71.7303
3029, 42.5185, 71.7469
3030, 42.3954, 71.7803
3031, 42.3392, 71.797
3032, 42.2315, 71.8303
3033, 42.1733, 71.847
3034, 42.1108, 71.8636
3035, 41.9774, 71.8969
3036, 41.9096, 71.9136
3037, 41.7643, 71.947
3038, 41.6918, 71.9636
3039, 41.5394, 71.9969
3040, 41.4574, 72.0136
3041, 41.3753, 72.0303
3042, 41.2092, 72.0636
3043, 41.1247, 72.0803
3044, 40.9525, 72.1136
3045, 40.8656, 72.1303
3046, 40.6827, 72.1636
3047, 40.5873, 72.1803
3048, 40.3896, 72.2136
3049, 40.2918, 72.2303
3050, 40.0911, 72.2636
3051, 39.9856, 72.2803
3052, 39.7788, 72.3136
3053, 39.6781, 72.3303
3054, 39.4871, 72.3636
3055, 39.3954, 72.3803
3056, 39.2259, 72.4136
3057, 39.1513, 72.4303
3058, 39.015, 72.4636
3059, 38.8945, 72.4969
3060, 38.8334, 72.5136
3061, 38.7146, 72.547
3062, 38.655, 72.5636
3063, 38.5335, 72.597
3064, 38.474, 72.6136
3065, 38.3723, 72.6469
3066, 38.3261, 72.6636
3067, 38.3155, 72.697
3068, 38.3436, 72.7303
3069, 38.3443, 72.7469
3070, 38.3512, 72.7803
3071, 38.357, 72.797
3072, 38.3717, 72.8303
3073, 38.3817, 72.847
3074, 38.4121, 72.8803
3075, 38.4471, 72.9136
3076, 38.4686, 72.9303
3077, 38.5251, 72.9636
3078, 38.5555, 72.9803
3079, 38.6206, 73.0136
3080, 38.6589, 73.0303
3081, 38.7465, 73.0636
3082, 38.8378, 73.097
3083, 38.8863, 73.1136
3084, 38.9954, 73.1469
3085, 39.0563, 73.1636
3086, 39.18, 73.197
3087, 39.2415, 73.2136
3088, 39.3644, 73.2469
3089, 39.427, 73.2636
3090, 39.5506, 73.297
3091, 39.6106, 73.3136
3092, 39.7225, 73.347
3093, 39.7717, 73.3636
3094, 39.8712, 73.3969
3095, 39.9377, 73.4136
3096, 40.0565, 73.447
3097, 40.1123, 73.4636
3098, 40.2196, 73.4969
3099, 40.2922, 73.5136
3100, 40.3997, 73.547
3101, 40.485, 73.5636
3102, 40.6139, 73.597
3103, 40.6982, 73.6136
3104, 40.8199, 73.6469
3105, 40.8919, 73.6636
3106, 41.0235, 73.697
3107, 41.0798, 73.7136
3108, 41.2087, 73.7469
3109, 41.2581, 73.7636
3110, 41.3263, 73.7803
3111, 41.4464, 73.8136
3112, 41.5214, 73.8303
3113, 41.6309, 73.8636
3114, 41.7102, 73.8803
3115, 41.841, 73.9136
3116, 41.9078, 73.9303
3117, 41.9621, 73.947
3118, 42.0861, 73.9803
3119, 42.1405, 73.9969
3120, 42.2532, 74.0303
3121, 42.3194, 74.047
3122, 42.4428, 74.0803
3123, 42.5026, 74.097
3124, 42.5539, 74.1136
3125, 42.6663, 74.1469
3126, 42.7233, 74.1636
3127, 42.8476, 74.197
3128, 42.8952, 74.2136
3129, 42.9564, 74.2303
3130, 43.0796, 74.2636
3131, 43.1478, 74.2803
3132, 43.2577, 74.3136
3133, 43.3098, 74.3303
3134, 43.3641, 74.347
3135, 43.4838, 74.3803
3136, 43.5451, 74.3969
3137, 43.601, 74.4136
3138, 43.7067, 74.447
3139, 43.7587, 74.4636
3140, 43.8654, 74.4969
3141, 43.9171, 74.5136
3142, 43.9695, 74.5303
3143, 44.0744, 74.5636
3144, 44.1278, 74.5803
3145, 44.1805, 74.597
3146, 44.2872, 74.6303
3147, 44.3425, 74.6469
3148, 44.3984, 74.6636
3149, 44.5078, 74.697
3150, 44.5603, 74.7136
3151, 44.6119, 74.7303
3152, 44.7186, 74.7636
3153, 44.7712, 74.7803
3154, 44.877, 74.8136
3155, 44.9299, 74.8303
3156, 44.9846, 74.847
3157, 45.0942, 74.8803
3158, 45.1469, 74.8969
3159, 45.199, 74.9136
3160, 45.3039, 74.947
3161, 45.3584, 74.9636
3162, 45.4135, 74.9803
3163, 45.4671, 74.9969
3164, 45.5721, 75.0303
3165, 45.616, 75.047
3166, 45.6677, 75.0636
3167, 45.7795, 75.097
3168, 45.8457, 75.1136
3169, 45.9069, 75.1303
3170, 46.0137, 75.1636
3171, 46.0619, 75.1803
3172, 46.1132, 75.197
3173, 46.1997, 75.2303
3174, 46.2454, 75.2469
3175, 46.2796, 75.2636
3176, 46.4063, 75.297
3177, 46.4717, 75.3136
3178, 46.5498, 75.3303
3179, 46.6134, 75.347
3180, 46.7195, 75.3803
3181, 46.7655, 75.3969
3182, 46.8163, 75.4136
3183, 46.9278, 75.447
3184, 46.9862, 75.4636
3185, 47.041, 75.4803
3186, 47.102, 75.4969
3187, 47.2108, 75.5303
3188, 47.2672, 75.547
3189, 47.3199, 75.5636
3190, 47.3786, 75.5803
3191, 47.4851, 75.6136
3192, 47.5403, 75.6303
3193, 47.5899, 75.6469
3194, 47.699, 75.6803
3195, 47.752, 75.697
3196, 47.8038, 75.7136
3197, 47.8511, 75.7303
3198, 47.9745, 75.7636
3199, 48.0289, 75.7803
3200, 48.0822, 75.797
3201, 48.119, 75.8136
3202, 48.2281, 75.847
3203, 48.2677, 75.8636
3204, 48.3359, 75.8803
3205, 48.3517, 75.8969
3206, 48.3154, 75.9303
3207, 48.3415, 75.947
3208, 48.3982, 75.9636
3209, 48.4629, 75.9803
3210, 48.5699, 76.0136
3211, 48.6125, 76.0303
3212, 48.6614, 76.047
3213, 48.7164, 76.0636
3214, 48.7721, 76.0803
3215, 48.8743, 76.1136
3216, 48.9246, 76.1303
3217, 48.9773, 76.1469
3218, 49.0317, 76.1636
3219, 49.1392, 76.197
3220, 49.1917, 76.2136
3221, 49.2456, 76.2303
3222, 49.2998, 76.2469
3223, 49.3537, 76.2636
3224, 49.4586, 76.297
3225, 49.5107, 76.3136
3226, 49.5632, 76.3303
3227, 49.6157, 76.347
3228, 49.7212, 76.3803
3229, 49.7738, 76.3969
3230, 49.8269, 76.4136
3231, 49.8798, 76.4303
3232, 49.9324, 76.447
3233, 50.0388, 76.4803
3234, 50.0916, 76.4969
3235, 50.1446, 76.5136
3236, 50.1971, 76.5303
3237, 50.25, 76.547
3238, 50.3544, 76.5803
3239, 50.4064, 76.597
3240, 50.4579, 76.6136
3241, 50.5085, 76.6303
3242, 50.5615, 76.6469
3243, 50.6138, 76.6636
3244, 50.72, 76.697
3245, 50.7698, 76.7136
3246, 50.8241, 76.7303
3247, 50.88, 76.7469
3248, 50.9349, 76.7636
3249, 51.0386, 76.797
3250, 51.0879, 76.8136
3251, 51.1388, 76.8303
3252, 51.1911, 76.847
3253, 51.2441, 76.8636
3254, 51.2963, 76.8803
3255, 51.3984, 76.9136
3256, 51.4496, 76.9303
3257, 51.5012, 76.947
3258, 51.5531, 76.9636
3259, 51.6047, 76.9803
3260, 51.656, 76.9969
3261, 51.7588, 77.0303
3262, 51.8113, 77.047
3263, 51.8642, 77.0636
3264, 51.9162, 77.0803
3265, 51.9675, 77.097
3266, 52.0181, 77.1136
3267, 52.1203, 77.1469
3268, 52.1716, 77.1636
3269, 52.2229, 77.1803
3270, 52.2745, 77.197
3271, 52.3259, 77.2136
3272, 52.3775, 77.2303
3273, 52.429, 77.2469
3274, 52.5306, 77.2803
3275, 52.5808, 77.297
3276, 52.6308, 77.3136
3277, 52.6816, 77.3303
3278, 52.733, 77.347
3279, 52.784, 77.3636
3280, 52.8348, 77.3803
3281, 52.9367, 77.4136
3282, 52.9876, 77.4303
3283, 53.0387, 77.447
3284, 53.0903, 77.4636
3285, 53.1416, 77.4803
3286, 53.1925, 77.4969
3287, 53.2424, 77.5136
3288, 53.2921, 77.5303
3289, 53.3917, 77.5636
3290, 53.4421, 77.5803
3291, 53.4927, 77.597
3292, 53.543, 77.6136
3293, 53.5932, 77.6303
3294, 53.6429, 77.6469
3295, 53.6927, 77.6636
3296, 53.7422, 77.6803
3297, 53.8395, 77.7136
3298, 53.8876, 77.7303
3299, 53.936, 77.7469
3300, 53.9851, 77.7636
3301, 54.0347, 77.7803
3302, 54.0839, 77.797
3303, 54.1334, 77.8136
3304, 54.1823, 77.8303
3305, 54.2307, 77.847
3306, 54.3279, 77.8803
3307, 54.3769, 77.8969
3308, 54.4255, 77.9136
3309, 54.4739, 77.9303
3310, 54.522, 77.947
3311, 54.5699, 77.9636
3312, 54.6175, 77.9803
3313, 54.665, 77.9969
3314, 54.7118, 78.0136
3315, 54.7581, 78.0303
3316, 54.85, 78.0636
3317, 54.8962, 78.0803
3318, 54.9431, 78.097
3319, 54.99, 78.1136
3320, 55.0368, 78.1303
3321, 55.0838, 78.1469
3322, 55.1303, 78.1636
3323, 55.177, 78.1803
3324, 55.2237, 78.197
3325, 55.2703, 78.2136
3326, 55.3173, 78.2303
3327, 55.4113, 78.2636
3328, 55.4573, 78.2803
3329, 55.5027, 78.297
3330, 55.5475, 78.3136
3331, 55.5916, 78.3303
3332, 55.6355, 78.347
3333, 55.6804, 78.3636
3334, 55.7258, 78.3803
3335, 55.7716, 78.3969
3336, 55.8176, 78.4136
3337, 55.863, 78.4303
3338, 55.9083, 78.447
3339, 55.9534, 78.4636
3340, 56.0426, 78.4969
3341, 56.0866, 78.5136
3342, 56.1315, 78.5303
3343, 56.1765, 78.547
3344, 56.2217, 78.5636
3345, 56.2666, 78.5803
3346, 56.3113, 78.597
3347, 56.3556, 78.6136
3348, 56.3992, 78.6303
3349, 56.4425, 78.6469
3350, 56.4856, 78.6636
3351, 56.5287, 78.6803
3352, 56.5716, 78.697
3353, 56.6146, 78.7136
3354, 56.658, 78.7303
3355, 56.7441, 78.7636
3356, 56.7867, 78.7803
3357, 56.8293, 78.797
3358, 56.8719, 78.8136
3359, 56.9152, 78.8303
3360, 56.9587, 78.847
3361, 57.0021, 78.8636
3362, 57.0448, 78.8803
3363, 57.087, 78.8969
3364, 57.129, 78.9136
3365, 57.1712, 78.9303
3366, 57.214, 78.947
3367, 57.2566, 78.9636
3368, 57.2977, 78.9803
3369, 57.3368, 78.9969
3370, 57.3739, 79.0136
3371, 57.4094, 79.0303
3372, 57.4439, 79.047
3373, 57.4776, 79.0636
3374, 57.5415, 79.097
3375, 57.5722, 79.1136
3376, 57.6021, 79.1303
3377, 57.6312, 79.1469
3378, 57.6586, 79.1636
3379, 57.6833, 79.1803
3380, 57.7055, 79.197
3381, 57.7243, 79.2136
3382, 57.7398, 79.2303
3383, 57.7505, 79.2469
3384, 57.7548, 79.2636
3385, 57.7484, 79.2803
3386, 57.7242, 79.297
3387, 57.6695, 79.3136
3388, 57.5777, 79.3303
3389, 57.4697, 79.347
3390, 57.3465, 79.3636
3391, 57.1725, 79.3803
3392, 56.9861, 79.3969
3393, 56.8057, 79.4136
3394, 56.623, 79.4303
3395, 56.4219, 79.447
3396, 56.1944, 79.4636
3397, 55.6761, 79.4969
3398, 55.4084, 79.5136
3399, 55.1256, 79.5303
3400, 54.8283, 79.547
3401, 54.5213, 79.5636
3402, 54.2107, 79.5803
3403, 53.8971, 79.597
3404, 53.5918, 79.6136
3405, 53.2894, 79.6303
3406, 52.991, 79.6469
3407, 52.4128, 79.6803
3408, 52.0843, 79.697
3409, 51.7594, 79.7136
3410, 51.4275, 79.7303
3411, 51.083, 79.7469
3412, 50.7416, 79.7636
3413, 50.1038, 79.797
3414, 49.7973, 79.8136
3415, 49.4896, 79.8303
3416, 49.1883, 79.847
3417, 48.8791, 79.8636
3418, 48.2837, 79.8969
3419, 47.9986, 79.9136
3420, 47.7203, 79.9303
3421, 47.4562, 79.947
3422, 46.9387, 79.9803
3423, 46.6678, 79.9969
3424, 46.3945, 80.0136
3425, 45.8141, 80.047
3426, 45.5038, 80.0636
3427, 45.1922, 80.0803
3428, 44.8723, 80.097
3429, 44.2653, 80.1303
3430, 43.9658, 80.1469
3431, 43.3572, 80.1803
3432, 43.0607, 80.197
3433, 42.7726, 80.2136
3434, 42.208, 80.2469
3435, 41.9242, 80.2636
3436, 41.3561, 80.297
3437, 41.0756, 80.3136
3438, 40.5233, 80.347
3439, 40.2487, 80.3636
3440, 39.9847, 80.3803
3441, 39.4908, 80.4136
3442, 39.0455, 80.447
3443, 38.8394, 80.4636
3444, 38.4464, 80.4969
3445, 38.2554, 80.5136
3446, 37.8551, 80.547
3447, 37.6601, 80.5636
3448, 37.2663, 80.597
3449, 36.8072, 80.6303
3450, 36.5606, 80.6469
3451, 36.1126, 80.6803
3452, 35.9, 80.697
3453, 35.4638, 80.7303
3454, 35.0076, 80.7636
3455, 34.5902, 80.797
3456, 34.3719, 80.8136
3457, 33.9368, 80.847
3458, 33.5304, 80.8803
3459, 33.0977, 80.9136
3460, 32.882, 80.9303
3461, 32.4563, 80.9636
3462, 32.0752, 80.9969
3463, 31.7219, 81.0303
3464, 31.3845, 81.0636
3465, 31.0949, 81.097
3466, 30.8515, 81.1303
3467, 30.6099, 81.1636
3468, 30.3842, 81.197
3469, 30.1793, 81.2303
3470, 29.9965, 81.2636
3471, 29.7815, 81.297
3472, 29.5611, 81.3303
3473, 29.3883, 81.3636
3474, 29.2663, 81.3969
3475, 29.17, 81.4303
3476, 29.0717, 81.4636
3477, 28.9627, 81.4969
3478, 28.8511, 81.5303
3479, 28.7484, 81.5636
3480, 28.6582, 81.597
3481, 28.5769, 81.6303
3482, 28.4926, 81.6636
3483, 28.4057, 81.697
3484, 28.3201, 81.7303
3485, 28.1952, 81.7803
3486, 28.113, 81.8136
3487, 28.0297, 81.847
3488, 27.9456, 81.8803
3489, 27.8616, 81.9136
3490, 27.777, 81.947
3491, 27.6903, 81.9803
3492, 27.6032, 82.0136
3493, 27.513, 82.047
3494, 27.4224, 82.0803
3495, 27.2825, 82.1303
3496, 27.1871, 82.1636
3497, 27.0915, 82.197
3498, 26.998, 82.2303
3499, 26.9057, 82.2636
3500, 26.8139, 82.297
3501, 26.6725, 82.347
3502, 26.5817, 82.3803
3503, 26.5106, 82.4136
3504, 26.4668, 82.447
3505, 26.4045, 82.4969
3506, 26.3878, 82.5303
3507, 26.4056, 82.5636
3508, 26.4119, 82.597
3509, 26.3705, 82.6469
3510, 26.3577, 82.6803
3511, 26.3909, 82.7136
3512, 26.4743, 82.7469
3513, 26.6018, 82.797
3514, 26.6432, 82.8303
3515, 26.639, 82.8636
3516, 26.6189, 82.8969
3517, 26.5929, 82.947
3518, 26.6017, 82.9803
3519, 26.6308, 83.0136
3520, 26.6762, 83.047
3521, 26.7361, 83.097
3522, 26.7977, 83.1303
3523, 26.8869, 83.1636
3524, 26.9641, 83.197
3525, 27.0321, 83.2303
3526, 27.1292, 83.2803
3527, 27.1983, 83.3136
3528, 27.2874, 83.347
3529, 27.3935, 83.3803
3530, 27.5075, 83.4136
3531, 27.6211, 83.447
3532, 27.7872, 83.4969
3533, 27.8976, 83.5303
3534, 28.0118, 83.5636
3535, 28.1258, 83.597
3536, 28.2367, 83.6303
3537, 28.3538, 83.6636
3538, 28.4868, 83.697
3539, 28.6333, 83.7303
3540, 28.8767, 83.7803
3541, 29.0523, 83.8136
3542, 29.2389, 83.847
3543, 29.4418, 83.8803
3544, 29.6471, 83.9136
3545, 29.8431, 83.947
3546, 30.0277, 83.9803
3547, 30.2008, 84.0136
3548, 30.3482, 84.047
3549, 30.3469, 84.0803
3550, 30.341, 84.097
3551, 30.4427, 84.1303
3552, 30.6802, 84.1636
3553, 30.9267, 84.197
3554, 31.1218, 84.2303
3555, 31.3119, 84.2636
3556, 31.5166, 84.297
3557, 31.7184, 84.3303
3558, 31.9153, 84.3636
3559, 32.1162, 84.3969
3560, 32.2192, 84.4136
3561, 32.425, 84.447
3562, 32.62, 84.4803
3563, 32.8073, 84.5136
3564, 32.9978, 84.547
3565, 33.1966, 84.5803
3566, 33.2926, 84.597
3567, 33.4761, 84.6303
3568, 33.6591, 84.6636
3569, 33.8468, 84.697
3570, 34.0431, 84.7303
3571, 34.1407, 84.7469
3572, 34.3293, 84.7803
3573, 34.5191, 84.8136
3574, 34.7144, 84.847
3575, 34.8102, 84.8636
3576, 34.9944, 84.8969
3577, 35.172, 84.9303
3578, 35.2628, 84.947
3579, 35.4465, 84.9803
3580, 35.6335, 85.0136
3581, 35.7293, 85.0303
3582, 35.9175, 85.0636
3583, 36.0974, 85.097
3584, 36.1823, 85.1136
3585, 36.3616, 85.1469
3586, 36.5481, 85.1803
3587, 36.6451, 85.197
3588, 36.8303, 85.2303
3589, 37.0123, 85.2636
3590, 37.1013, 85.2803
3591, 37.2776, 85.3136
3592, 37.45, 85.347
3593, 37.537, 85.3636
3594, 37.7139, 85.3969
3595, 37.8057, 85.4136
3596, 37.9891, 85.447
3597, 38.1683, 85.4803
3598, 38.2566, 85.4969
3599, 38.435, 85.5303
3600, 38.5243, 85.547
3601, 38.6992, 85.5803
3602, 38.785, 85.597
3603, 38.9568, 85.6303
3604, 39.0445, 85.6469
3605, 39.2216, 85.6803
3606, 39.3977, 85.7136
3607, 39.4842, 85.7303
3608, 39.6294, 85.7636
3609, 39.6049, 85.7803
3610, 39.5987, 85.8136
3611, 39.6489, 85.8303
3612, 39.8349, 85.8636
3613, 39.9301, 85.8803
3614, 40.0646, 85.9136
3615, 40.1258, 85.9303
3616, 40.2747, 85.9636
3617, 40.3568, 85.9803
3618, 40.5114, 86.0136
3619, 40.5823, 86.0303
3620, 40.7261, 86.0636
3621, 40.8004, 86.0803
3622, 40.9506, 86.1136
3623, 41.0244, 86.1303
3624, 41.0975, 86.1469
3625, 41.2435, 86.1803
3626, 41.3168, 86.197
3627, 41.4619, 86.2303
3628, 41.5346, 86.2469
3629, 41.6804, 86.2803
3630, 41.754, 86.297
3631, 41.8984, 86.3303
3632, 41.9689, 86.347
3633, 42.1093, 86.3803
3634, 42.1807, 86.3969
3635, 42.2519, 86.4136
3636, 42.3953, 86.447
3637, 42.4656, 86.4636
3638, 42.6046, 86.4969
3639, 42.6746, 86.5136
3640, 42.8168, 86.547
3641, 42.8888, 86.5636
3642, 42.9595, 86.5803
3643, 43.0984, 86.6136
3644, 43.168, 86.6303
3645, 43.3102, 86.6636
3646, 43.3807, 86.6803
3647, 43.4507, 86.697
3648, 43.5908, 86.7303
3649, 43.6623, 86.7469
3650, 43.8052, 86.7803
3651, 43.8744, 86.797
3652, 43.9408, 86.8136
3653, 44.064, 86.847
3654, 44.1185, 86.8636
3655, 44.166, 86.8803
3656, 44.2058, 86.9136
3657, 44.1758, 86.9303
3658, 44.0342, 86.9636
3659, 43.9155, 86.9803
3660, 43.7607, 86.9969
3661, 43.4974, 87.0303
3662, 43.3767, 87.047
3663, 43.2386, 87.0636
3664, 42.9211, 87.097
3665, 42.7243, 87.1136
3666, 42.2873, 87.1469
3667, 42.0647, 87.1636
3668, 41.6143, 87.197
3669, 41.3848, 87.2136
3670, 41.1456, 87.2303
3671, 40.6581, 87.2636
3672, 40.4237, 87.2803
3673, 39.9641, 87.3136
3674, 39.7384, 87.3303
3675, 39.2813, 87.3636
3676, 39.0494, 87.3803
3677, 38.5809, 87.4136
3678, 38.1131, 87.447
3679, 37.8739, 87.4636
3680, 37.4054, 87.4969
3681, 37.1759, 87.5136
3682, 36.7169, 87.547
3683, 36.2397, 87.5803
3684, 35.9846, 87.597
3685, 35.5, 87.6303
3686, 35.0593, 87.6636
3687, 34.8498, 87.6803
3688, 34.4488, 87.7136
3689, 34.0726, 87.7469
3690, 33.7167, 87.7803
3691, 33.5461, 87.797
3692, 33.2234, 87.8303
3693, 32.9193, 87.8636
3694, 32.6285, 87.8969
3695, 32.3565, 87.9303
3696, 32.1072, 87.9636
3697, 31.9901, 87.9803
3698, 31.773, 88.0136
3699, 31.5777, 88.047
3700, 31.4059, 88.0803
3701, 31.2541, 88.1136
3702, 31.112, 88.1469
3703, 30.9763, 88.1803
3704, 30.8454, 88.2136
3705, 30.7148, 88.2469
3706, 30.5868, 88.2803
3707, 30.4597, 88.3136
3708, 30.3256, 88.347
3709, 30.1827, 88.3803
3710, 30.0362, 88.4136
3711, 29.903, 88.447
3712, 29.7909, 88.4803
3713, 29.7052, 88.5136
3714, 29.6408, 88.547
3715, 29.5794, 88.5803
3716, 29.5192, 88.6136
3717, 29.4582, 88.6469
3718, 29.3938, 88.6803
3719, 29.3292, 88.7136
3720, 29.2649, 88.7469
3721, 29.2001, 88.7803
3722, 29.1341, 88.8136
3723, 29.0712, 88.847
3724, 29.039, 88.8803
3725, 29.0048, 88.9136
3726, 28.97, 88.947
3727, 28.9355, 88.9803
3728, 28.9015, 89.0136
3729, 28.8213, 89.047
3730, 28.6875, 89.0803
3731, 28.559, 89.1136
3732, 28.4653, 89.1469
3733, 28.3587, 89.197
3734, 28.2742, 89.2303
3735, 28.1742, 89.2636
3736, 28.072, 89.297
3737, 27.9767, 89.3303
3738, 27.8896, 89.3636
3739, 27.7997, 89.3969
3740, 27.7022, 89.4303
3741, 27.6009, 89.4636
3742, 27.4479, 89.5136
3743, 27.3463, 89.547
3744, 27.2438, 89.5803
3745, 27.1402, 89.6136
3746, 27.0348, 89.6469
3747, 26.9269, 89.6803
3748, 26.7573, 89.7303
3749, 26.6387, 89.7636
3750, 26.511, 89.797
3751, 26.3813, 89.8303
3752, 26.183, 89.8803
3753, 26.0562, 89.9136
3754, 25.939, 89.947
3755, 25.7653, 89.9969
3756, 25.6515, 90.0303
3757, 25.5357, 90.0636
3758, 25.3632, 90.1136
3759, 25.2482, 90.1469
3760, 25.1337, 90.1803
3761, 24.9658, 90.2303
3762, 24.8564, 90.2636
3763, 24.6941, 90.3136
3764, 24.5855, 90.347
3765, 24.4231, 90.3969
3766, 24.3147, 90.4303
3767, 24.1535, 90.4803
3768, 24.0471, 90.5136
3769, 23.8905, 90.5636
3770, 23.7864, 90.597
3771, 23.6306, 90.6469
3772, 23.5286, 90.6803
3773, 23.3762, 90.7303
3774, 23.2871, 90.7636
3775, 23.1945, 90.8136
3776, 23.1096, 90.8636
3777, 23.1095, 90.8969
3778, 23.1651, 90.947
3779, 23.1879, 90.9803
3780, 23.2155, 91.0303
3781, 23.2844, 91.0803
3782, 23.3458, 91.1136
3783, 23.4323, 91.1636
3784, 23.4803, 91.197
3785, 23.5698, 91.2469
3786, 23.6779, 91.297
3787, 23.752, 91.3303
3788, 23.8559, 91.3803
3789, 23.9123, 91.4136
3790, 24.0012, 91.4636
3791, 24.0684, 91.4969
3792, 24.1788, 91.547
3793, 24.2448, 91.5803
3794, 24.3323, 91.6303
3795, 24.3901, 91.6636
3796, 24.4818, 91.7136
3797, 24.5469, 91.7469
3798, 24.6374, 91.797
3799, 24.6976, 91.8303
3800, 24.7914, 91.8803
3801, 24.8519, 91.9136
3802, 24.9457, 91.9636
3803, 25.0056, 91.9969
3804, 25.1049, 92.047
3805, 25.1723, 92.0803
3806, 25.2705, 92.1303
3807, 25.3382, 92.1636
3808, 25.4083, 92.197
3809, 25.5112, 92.2469
3810, 25.5742, 92.2803
3811, 25.6717, 92.3303
3812, 25.7403, 92.3636
3813, 25.8105, 92.3969
3814, 25.9209, 92.447
3815, 26.0009, 92.4803
3816, 26.0816, 92.5136
3817, 26.2067, 92.5636
3818, 26.3055, 92.597
3819, 26.4156, 92.6303
3820, 26.5914, 92.6803
3821, 26.712, 92.7136
3822, 26.8394, 92.7469
3823, 26.9781, 92.7803
3824, 27.2142, 92.8303
3825, 27.3934, 92.8636
3826, 27.5936, 92.8969
3827, 27.8137, 92.9303
3828, 28.0385, 92.9636
3829, 28.36, 93.0136
3830, 28.5682, 93.047
3831, 28.6905, 93.0803
3832, 28.6422, 93.1136
3833, 28.6725, 93.1469
3834, 28.8753, 93.1803
3835, 29.1248, 93.2136
3836, 29.3255, 93.2469
3837, 29.5091, 93.2803
3838, 29.7049, 93.3136
3839, 29.9098, 93.347
3840, 30.1099, 93.3803
3841, 30.3036, 93.4136
3842, 30.4989, 93.447
3843, 30.6939, 93.4803
3844, 30.8793, 93.5136
3845, 31.0655, 93.547
3846, 31.2548, 93.5803
3847, 31.4461, 93.6136
3848, 31.63, 93.6469
3849, 31.8097, 93.6803
3850, 31.9935, 93.7136
3851, 32.1846, 93.7469
3852, 32.3732, 93.7803
3853, 32.5551, 93.8136
3854, 32.643, 93.8303
3855, 32.8235, 93.8636
3856, 33.0103, 93.8969
3857, 33.1931, 93.9303
3858, 33.372, 93.9636
3859, 33.5467, 93.9969
3860, 33.7218, 94.0303
3861, 33.8111, 94.047
3862, 33.9869, 94.0803
3863, 34.1619, 94.1136
3864, 34.34, 94.1469
3865, 34.432, 94.1636
3866, 34.6082, 94.197
3867, 34.7751, 94.2303
3868, 34.9452, 94.2636
3869, 35.0343, 94.2803
3870, 35.2147, 94.3136
3871, 35.3864, 94.347
3872, 35.5526, 94.3803
3873, 35.6358, 94.3969
3874, 35.8008, 94.4303
3875, 35.9594, 94.4636
3876, 36.1296, 94.4969
3877, 36.2145, 94.5136
3878, 36.3837, 94.547
3879, 36.5446, 94.5803
3880, 36.6254, 94.597
3881, 36.7876, 94.6303
3882, 36.9452, 94.6636
3883, 37.0217, 94.6803
3884, 37.1707, 94.7136
3885, 37.3293, 94.7469
3886, 37.4095, 94.7636
3887, 37.5702, 94.797
3888, 37.6491, 94.8136
3889, 37.8034, 94.847
3890, 37.9586, 94.8803
3891, 38.0356, 94.8969
3892, 38.1909, 94.9303
3893, 38.2688, 94.947
3894, 38.4254, 94.9803
3895, 38.502, 94.9969
3896, 38.6504, 95.0303
3897, 38.7986, 95.0636
3898, 38.8752, 95.0803
3899, 39.0318, 95.1136
3900, 39.1103, 95.1303
3901, 39.2629, 95.1636
3902, 39.3374, 95.1803
3903, 39.46, 95.2136
3904, 39.4252, 95.2303
3905, 39.3994, 95.2636
3906, 39.4375, 95.2803
3907, 39.5933, 95.3136
3908, 39.6759, 95.3303
3909, 39.8022, 95.3636
3910, 39.8623, 95.3803
3911, 39.9963, 95.4136
3912, 40.0658, 95.4303
3913, 40.1993, 95.4636
3914, 40.2645, 95.4803
3915, 40.3957, 95.5136
3916, 40.462, 95.5303
3917, 40.5942, 95.5636
3918, 40.6602, 95.5803
3919, 40.7924, 95.6136
3920, 40.8584, 95.6303
3921, 40.9903, 95.6636
3922, 41.056, 95.6803
3923, 41.187, 95.7136
3924, 41.2516, 95.7303
3925, 41.3159, 95.7469
3926, 41.4467, 95.7803
3927, 41.5126, 95.797
3928, 41.6432, 95.8303
3929, 41.7069, 95.847
3930, 41.8312, 95.8803
3931, 41.8906, 95.8969
3932, 41.9477, 95.9136
3933, 42.0516, 95.947
3934, 42.0971, 95.9636
3935, 42.1732, 95.9969
3936, 42.1992, 96.0136
3937, 42.2089, 96.0303
3938, 42.1571, 96.0636
3939, 42.0887, 96.0803
3940, 41.8929, 96.1136
3941, 41.7796, 96.1303
3942, 41.653, 96.1469
3943, 41.2969, 96.1803
3944, 41.1036, 96.197
3945, 40.7201, 96.2303
3946, 40.5167, 96.2469
3947, 40.065, 96.2803
3948, 39.8168, 96.297
3949, 39.313, 96.3303
3950, 39.0587, 96.347
3951, 38.5484, 96.3803
3952, 38.293, 96.3969
3953, 37.7881, 96.4303
3954, 37.5396, 96.447
3955, 37.0495, 96.4803
3956, 36.8108, 96.4969
3957, 36.3384, 96.5303
3958, 36.1087, 96.547
3959, 35.6677, 96.5803
3960, 35.2608, 96.6136
3961, 35.0684, 96.6303
3962, 34.706, 96.6636
3963, 34.3772, 96.697
3964, 34.2257, 96.7136
3965, 33.9446, 96.7469
3966, 33.6486, 96.7803
3967, 33.4889, 96.797
3968, 33.2188, 96.8303
3969, 33.0164, 96.8636
3970, 32.8232, 96.8969
3971, 32.722, 96.9136
3972, 32.5104, 96.947
3973, 32.3024, 96.9803
3974, 32.1025, 97.0136
3975, 31.9067, 97.047
3976, 31.8069, 97.0636
3977, 31.6025, 97.097
3978, 31.4048, 97.1303
3979, 31.2207, 97.1636
3980, 31.0476, 97.197
3981, 30.8797, 97.2303
3982, 30.8009, 97.2469
3983, 30.6539, 97.2803
3984, 30.5222, 97.3136
3985, 30.4082, 97.347
3986, 30.3081, 97.3803
3987, 30.2132, 97.4136
3988, 30.1217, 97.447
3989, 30.0303, 97.4803
3990, 29.9393, 97.5136
3991, 29.85, 97.547
3992, 29.763, 97.5803
3993, 29.6848, 97.6136
3994, 29.626, 97.6469
3995, 29.5821, 97.6803
3996, 29.5389, 97.7136
3997, 29.5326, 97.7469
3998, 29.576, 97.7803
3999, 29.5995, 97.8136
4000, 29.6098, 97.847
4001, 29.6416, 97.8803
4002, 29.6975, 97.9136
4003, 29.7558, 97.947
4004, 29.808, 97.9803
4005, 29.8649, 98.0136
4006, 29.9314, 98.047
4007, 29.9946, 98.0803
4008, 30.0514, 98.1136
4009, 30.1053, 98.1469
4010, 30.1431, 98.1803
4011, 30.1379, 98.2136
4012, 30.1002, 98.2469
4013, 30.0475, 98.2803
4014, 29.9805, 98.3136
4015, 29.8345, 98.347
4016, 29.7178, 98.3803
4017, 29.6539, 98.4136
4018, 29.5863, 98.447
4019, 29.4902, 98.4803
4020, 29.3902, 98.5136
4021, 29.3013, 98.547
4022, 29.2215, 98.5803
4023, 29.1356, 98.6136
4024, 29.0756, 98.6469
4025, 29.0235, 98.6803
4026, 29.054, 98.7303
4027, 29.0876, 98.7636
4028, 29.0833, 98.797
4029, 29.0744, 98.8303
4030, 29.0837, 98.8636
4031, 29.1003, 98.8969
4032, 29.1098, 98.9303
4033, 29.1018, 98.9636
4034, 29.0784, 98.9969
4035, 29.0631, 99.047
4036, 29.0577, 99.0803
4037, 29.0469, 99.1136
4038, 29.0566, 99.1469
4039, 29.0872, 99.1803
4040, 29.1211, 99.2136
4041, 29.153, 99.2469
4042, 29.1905, 99.2803
4043, 29.2144, 99.3136
4044, 29.1859, 99.347
4045, 29.1289, 99.3803
4046, 28.9131, 99.4303
4047, 28.7993, 99.4636
4048, 28.7438, 99.4969
4049, 28.6809, 99.5303
4050, 28.6138, 99.5636
4051, 28.5629, 99.597
4052, 28.5868, 99.6303
4053, 28.7158, 99.6803
4054, 28.7633, 99.7136
4055, 28.8124, 99.7469
4056, 28.8812, 99.7803
4057, 28.9539, 99.8136
4058, 29.0329, 99.847
4059, 29.1372, 99.8803
4060, 29.2489, 99.9136
4061, 29.3308, 99.947
4062, 29.4748, 99.9969
4063, 29.5963, 100.0303
4064, 29.7271, 100.0636
4065, 29.8644, 100.097
4066, 30.0033, 100.1303
4067, 30.1362, 100.1636
4068, 30.2683, 100.197
4069, 30.3971, 100.2303
4070, 30.5189, 100.2636
4071, 30.6401, 100.297
4072, 30.7598, 100.3303
4073, 30.8668, 100.3636
4074, 30.987, 100.3969
4075, 31.0965, 100.4303
4076, 31.1918, 100.4636
4077, 31.3041, 100.4969
4078, 31.4123, 100.5303
4079, 31.4562, 100.547
4080, 31.5389, 100.5803
4081, 31.6289, 100.6136
4082, 31.7151, 100.6469
4083, 31.7988, 100.6803
4084, 31.8791, 100.7136
4085, 31.9427, 100.7469
4086, 32.0079, 100.7803
4087, 32.0835, 100.8136
4088, 32.1528, 100.847
4089, 32.2226, 100.8803
4090, 32.2616, 100.8969
4091, 32.3397, 100.9303
4092, 32.4165, 100.9636
4093, 32.5077, 100.9969
4094, 32.6011, 101.0303
4095, 32.689, 101.0636
4096, 32.7847, 101.097
4097, 32.8325, 101.1136
4098, 32.9191, 101.1469
4099, 33.0064, 101.1803
4100, 33.1067, 101.2136
4101, 33.1996, 101.2469
4102, 33.2909, 101.2803
4103, 33.3426, 101.297
4104, 33.4423, 101.3303
4105, 33.5299, 101.3636
4106, 33.6266, 101.3969
4107, 33.7218, 101.4303
4108, 33.7675, 101.447
4109, 33.8656, 101.4803
4110, 33.9732, 101.5136
4111, 34.0699, 101.547
4112, 34.1192, 101.5636
4113, 34.2293, 101.597
4114, 34.3347, 101.6303
4115, 34.428, 101.6636
4116, 34.4785, 101.6803
4117, 34.5842, 101.7136
4118, 34.6739, 101.7469
4119, 34.7587, 101.7803
4120, 34.8055, 101.797
4121, 34.8964, 101.8303
4122, 34.9721, 101.8636
4123, 35.0539, 101.8969
4124, 35.0953, 101.9136
4125, 35.1667, 101.947
4126, 35.2349, 101.9803
4127, 35.2725, 101.9969
4128, 35.3415, 102.0303
4129, 35.4018, 102.0636
4130, 35.4366, 102.0803
4131, 35.5147, 102.1136
4132, 35.5294, 102.1469
4133, 35.5033, 102.1636
4134, 35.5401, 102.197
4135, 35.6318, 102.2303
4136, 35.6709, 102.2469
4137, 35.7725, 102.2803
4138, 35.9151, 102.3136
4139, 35.9911, 102.3303
4140, 36.151, 102.3636
4141, 36.3161, 102.3969
4142, 36.3942, 102.4136
4143, 36.5455, 102.447
4144, 36.7022, 102.4803
4145, 36.783, 102.4969
4146, 36.9445, 102.5303
4147, 37.0976, 102.5636
4148, 37.1726, 102.5803
4149, 37.3134, 102.6136
4150, 37.383, 102.6303
4151, 37.5221, 102.6636
4152, 37.6621, 102.697
4153, 37.7293, 102.7136
4154, 37.8614, 102.7469
4155, 37.9252, 102.7636
4156, 38.0506, 102.797
4157, 38.1776, 102.8303
4158, 38.2432, 102.847
4159, 38.3665, 102.8803
4160, 38.4248, 102.8969
4161, 38.5341, 102.9303
4162, 38.5924, 102.947
4163, 38.7126, 102.9803
4164, 38.8163, 103.0136
4165, 38.8597, 103.0303
4166, 38.9458, 103.0636
4167, 38.9868, 103.0803
4168, 39.0492, 103.1136
4169, 39.0735, 103.1303
4170, 39.1237, 103.1636
4171, 39.1478, 103.1803
4172, 39.182, 103.2136
4173, 39.1956, 103.2303
4174, 39.2384, 103.2636
4175, 39.2952, 103.297
4176, 39.3243, 103.3136
4177, 39.3898, 103.347
4178, 39.428, 103.3636
4179, 39.5056, 103.3969
4180, 39.5348, 103.4136
4181, 39.5968, 103.447
4182, 39.6378, 103.4636
4183, 39.7286, 103.4969
4184, 39.7699, 103.5136
4185, 39.8573, 103.547
4186, 39.9118, 103.5636
4187, 40.0336, 103.597
4188, 40.0945, 103.6136
4189, 40.2294, 103.6469
4190, 40.3073, 103.6636
4191, 40.4672, 103.697
4192, 40.5435, 103.7136
4193, 40.6853, 103.7469
4194, 40.7522, 103.7636
4195, 40.8951, 103.797
4196, 40.967, 103.8136
4197, 41.1185, 103.847
4198, 41.1888, 103.8636
4199, 41.3323, 103.8969
4200, 41.3983, 103.9136
4201, 41.4724, 103.9303
4202, 41.6112, 103.9636
4203, 41.6874, 103.9803
4204, 41.8246, 104.0136
4205, 41.898, 104.0303
4206, 42.0338, 104.0636
4207, 42.1068, 104.0803
4208, 42.1722, 104.097
4209, 42.3218, 104.1303
4210, 42.3898, 104.1469
4211, 42.5368, 104.1803
4212, 42.6066, 104.197
4213, 42.7504, 104.2303
4214, 42.8199, 104.2469
4215, 42.8888, 104.2636
4216, 43.0245, 104.297
4217, 43.0924, 104.3136
4218, 43.2301, 104.347
4219, 43.2997, 104.3636
4220, 43.3699, 104.3803
4221, 43.5084, 104.4136
4222, 43.5763, 104.4303
4223, 43.6442, 104.447
4224, 43.7814, 104.4803
4225, 43.85, 104.4969
4226, 43.981, 104.5303
4227, 44.0453, 104.547
4228, 44.1102, 104.5636
4229, 44.2371, 104.597
4230, 44.3012, 104.6136
4231, 44.3671, 104.6303
4232, 44.5089, 104.6636
4233, 44.5805, 104.6803
4234, 44.6525, 104.697
4235, 44.791, 104.7303
4236, 44.8595, 104.7469
4237, 44.9258, 104.7636
4238, 45.0532, 104.797
4239, 45.1172, 104.8136
4240, 45.1775, 104.8303
4241, 45.3072, 104.8636
4242, 45.3686, 104.8803
4243, 45.4421, 104.8969
4244, 45.5701, 104.9303
4245, 45.6373, 104.947
4246, 45.7021, 104.9636
4247, 45.8296, 104.9969
4248, 45.8959, 105.0136
4249, 45.9645, 105.0303
4250, 46.0974, 105.0636
4251, 46.1632, 105.0803
4252, 46.2262, 105.097
4253, 46.3547, 105.1303
4254, 46.4187, 105.1469
4255, 46.4822, 105.1636
4256, 46.5451, 105.1803
4257, 46.6679, 105.2136
4258, 46.7288, 105.2303
4259, 46.7896, 105.2469
4260, 46.9111, 105.2803
4261, 46.9733, 105.297
4262, 47.0369, 105.3136
4263, 47.1015, 105.3303
4264, 47.2297, 105.3636
4265, 47.292, 105.3803
4266, 47.3534, 105.3969
4267, 47.414, 105.4136
4268, 47.5347, 105.447
4269, 47.5948, 105.4636
4270, 47.6545, 105.4803
4271, 47.7724, 105.5136
4272, 47.8316, 105.5303
4273, 47.8912, 105.547
4274, 47.9515, 105.5636
4275, 48.0749, 105.597
4276, 48.1372, 105.6136
4277, 48.199, 105.6303
4278, 48.2601, 105.6469
4279, 48.3787, 105.6803
4280, 48.4381, 105.697
4281, 48.4976, 105.7136
4282, 48.5574, 105.7303
4283, 48.6163, 105.7469
4284, 48.7314, 105.7803
4285, 48.7873, 105.797
4286, 48.8139, 105.8136
4287, 48.7686, 105.8303
4288, 48.7699, 105.8636
4289, 48.818, 105.8803
4290, 48.8862, 105.8969
4291, 48.9526, 105.9136
4292, 49.0464, 105.947
4293, 49.0939, 105.9636
4294, 49.1492, 105.9803
4295, 49.2068, 105.9969
4296, 49.2612, 106.0136
4297, 49.3637, 106.047
4298, 49.4174, 106.0636
4299, 49.4729, 106.0803
4300, 49.5282, 106.097
4301, 49.5823, 106.1136
4302, 49.6882, 106.1469
4303, 49.7413, 106.1636
4304, 49.7942, 106.1803
4305, 49.8466, 106.197
4306, 49.9511, 106.2303
4307, 50.0029, 106.2469
4308, 50.0549, 106.2636
4309, 50.1068, 106.2803
4310, 50.1591, 106.297
4311, 50.2638, 106.3303
4312, 50.316, 106.347
4313, 50.3685, 106.3636
4314, 50.4211, 106.3803
4315, 50.4735, 106.3969
4316, 50.5252, 106.4136
4317, 50.6293, 106.447
4318, 50.6821, 106.4636
4319, 50.7345, 106.4803
4320, 50.7862, 106.4969
4321, 50.8371, 106.5136
4322, 50.9391, 106.547
4323, 50.9907, 106.5636
4324, 51.0421, 106.5803
4325, 51.0935, 106.597
4326, 51.1445, 106.6136
4327, 51.1942, 106.6303
4328, 51.1942, 106.6303
4329, 51.1942, 106.6303
4330, 51.1942, 106.6303
4331, 51.1942, 106.6303
