0, 59.49, 87.446
1, 59.52, 87.462
2, 59.55, 87.479
3, 59.59, 87.496
4, 59.62, 87.512
5, 59.65, 87.529
6, 59.68, 87.546
7, 59.72, 87.562
8, 59.75, 87.579
9, 59.78, 87.596
10, 59.81, 87.612
11, 59.84, 87.629
12, 59.82, 87.646
13, 59.77, 87.662
14, 59.89, 87.679
15, 59.94, 87.696
16, 59.89, 87.712
17, 59.94, 87.729
18, 60, 87.746
19, 60.02, 87.762
20, 60.03, 87.779
21, 60.07, 87.796
22, 60.1, 87.812
23, 60.12, 87.829
24, 60.15, 87.846
25, 60.18, 87.862
26, 60.21, 87.879
27, 60.23, 87.896
28, 60.26, 87.912
29, 60.29, 87.929
30, 60.32, 87.946
31, 60.35, 87.962
32, 60.37, 87.979
33, 60.4, 87.996
34, 60.43, 88.012
35, 60.46, 88.029
36, 60.48, 88.046
37, 60.51, 88.062
38, 60.54, 88.079
39, 60.57, 88.096
40, 60.59, 88.112
41, 60.62, 88.129
42, 60.65, 88.146
43, 60.68, 88.162
44, 60.71, 88.179
45, 60.73, 88.196
46, 60.76, 88.212
47, 60.79, 88.229
48, 60.82, 88.246
49, 60.84, 88.262
50, 60.87, 88.279
51, 60.9, 88.296
52, 60.92, 88.312
53, 60.95, 88.329
54, 60.98, 88.346
55, 61, 88.362
56, 61.03, 88.379
57, 61.06, 88.396
58, 61.08, 88.412
59, 61.11, 88.429
60, 61.14, 88.446
61, 61.16, 88.462
62, 61.19, 88.479
63, 61.22, 88.496
64, 61.24, 88.512
65, 61.27, 88.529
66, 61.3, 88.546
67, 61.32, 88.562
68, 61.35, 88.579
69, 61.37, 88.596
70, 61.4, 88.612
71, 61.43, 88.629
72, 61.43, 88.629
73, 61.45, 88.646
74, 61.48, 88.662
75, 61.5, 88.679
76, 61.53, 88.696
77, 61.56, 88.712
78, 61.58, 88.729
79, 61.61, 88.746
80, 61.63, 88.762
81, 61.66, 88.779
82, 61.69, 88.796
83, 61.71, 88.812
84, 61.74, 88.829
85, 61.76, 88.846
86, 61.79, 88.862
87, 61.81, 88.879
88, 61.84, 88.896
89, 61.86, 88.912
90, 61.89, 88.929
91, 61.91, 88.946
92, 61.94, 88.962
93, 61.97, 88.979
94, 61.99, 88.996
95, 62.02, 89.012
96, 62.04, 89.029
97, 62.06, 89.046
98, 62.08, 89.062
99, 62.11, 89.079
100, 62.13, 89.096
101, 62.16, 89.112
102, 62.19, 89.129
103, 62.22, 89.146
104, 62.24, 89.162
105, 62.24, 89.162
106, 62.26, 89.179
107, 62.28, 89.196
108, 62.31, 89.212
109, 62.33, 89.229
110, 62.35, 89.246
111, 62.38, 89.262
112, 62.4, 89.279
113, 62.43, 89.296
114, 62.46, 89.312
115, 62.48, 89.329
116, 62.51, 89.346
117, 62.53, 89.362
118, 62.55, 89.379
119, 62.58, 89.396
120, 62.6, 89.412
121, 62.63, 89.429
122, 62.65, 89.446
123, 62.67, 89.462
124, 62.7, 2.057
125, 62.72, 2.074
126, 62.74, 2.091
127, 62.77, 2.107
128, 62.79, 2.124
129, 62.81, 2.141
130, 62.81, 2.141
131, 62.84, 2.157
132, 62.86, 2.174
133, 62.88, 2.191
134, 62.91, 2.207
135, 62.93, 2.224
136, 62.95, 2.241
137, 62.98, 2.257
138, 63, 2.274
139, 63.02, 2.291
140, 63.04, 2.307
141, 63.07, 2.324
142, 63.09, 2.341
143, 63.11, 2.357
144, 63.13, 2.374
145, 63.16, 2.391
146, 63.18, 2.407
147, 63.2, 2.424
148, 63.23, 2.441
149, 63.25, 2.457
150, 63.27, 2.474
151, 63.27, 2.474
152, 63.29, 2.491
153, 63.31, 2.507
154, 63.34, 2.524
155, 63.36, 2.541
156, 63.38, 2.557
157, 63.4, 2.574
158, 63.42, 2.591
159, 63.45, 2.607
160, 63.47, 2.624
161, 63.49, 2.641
162, 63.51, 2.657
163, 63.53, 2.674
164, 63.55, 2.691
165, 63.57, 2.707
166, 63.6, 2.724
167, 63.62, 2.741
168, 63.64, 2.757
169, 63.64, 2.757
170, 63.66, 2.774
171, 63.68, 2.791
172, 63.7, 2.807
173, 63.72, 2.824
174, 63.74, 2.841
175, 63.76, 2.857
176, 63.78, 2.874
177, 63.8, 2.891
178, 63.82, 2.907
179, 63.84, 2.924
180, 63.86, 2.941
181, 63.88, 2.957
182, 63.9, 2.974
183, 63.92, 2.991
184, 63.94, 3.007
185, 63.96, 3.024
186, 63.96, 3.024
187, 63.98, 3.041
188, 64, 3.057
189, 64.02, 3.074
190, 64.04, 3.091
191, 64.06, 3.107
192, 64.08, 3.124
193, 64.09, 3.141
194, 64.11, 3.157
195, 64.13, 3.174
196, 64.15, 3.191
197, 64.17, 3.207
198, 64.19, 3.224
199, 64.21, 3.241
200, 64.23, 3.257
201, 64.23, 3.257
202, 64.24, 3.274
203, 64.26, 3.291
204, 64.28, 3.307
205, 64.3, 3.324
206, 64.32, 3.341
207, 64.34, 3.357
208, 64.35, 3.374
209, 64.37, 3.391
210, 64.39, 3.407
211, 64.41, 3.424
212, 64.42, 3.441
213, 64.44, 3.457
214, 64.46, 3.474
215, 64.48, 3.491
216, 64.48, 3.491
217, 64.49, 3.507
218, 64.51, 3.524
219, 64.53, 3.541
220, 64.55, 3.557
221, 64.56, 3.574
222, 64.58, 3.591
223, 64.6, 3.607
224, 64.61, 3.624
225, 64.63, 3.641
226, 64.65, 3.657
227, 64.66, 3.674
228, 64.68, 3.691
229, 64.69, 3.707
230, 64.69, 3.707
231, 64.71, 3.724
232, 64.73, 3.741
233, 64.74, 3.757
234, 64.76, 3.774
235, 64.77, 3.791
236, 64.79, 3.807
237, 64.8, 3.824
238, 64.82, 3.841
239, 64.83, 3.857
240, 64.85, 3.874
241, 64.86, 3.891
242, 64.88, 3.907
243, 64.89, 3.924
244, 64.89, 3.924
245, 64.91, 3.941
246, 64.92, 3.957
247, 64.94, 3.974
248, 64.95, 3.991
249, 64.96, 4.007
250, 64.98, 4.024
251, 64.99, 4.041
252, 65.01, 4.057
253, 65.02, 4.074
254, 65.04, 4.091
255, 65.06, 4.107
256, 65.08, 4.124
257, 65.08, 4.124
258, 65.09, 4.141
259, 65.11, 4.157
260, 65.12, 4.174
261, 65.13, 4.191
262, 65.14, 4.207
263, 65.15, 4.224
264, 65.16, 4.241
265, 65.17, 4.257
266, 65.18, 4.274
267, 65.19, 4.291
268, 65.21, 4.307
269, 65.22, 4.324
270, 65.22, 4.324
271, 65.23, 4.341
272, 65.24, 4.357
273, 65.25, 4.374
274, 65.26, 4.391
275, 65.27, 4.407
276, 65.28, 4.424
277, 65.3, 4.441
278, 65.31, 4.457
279, 65.32, 4.474
280, 65.33, 4.491
281, 65.34, 4.507
282, 65.34, 4.507
283, 65.36, 4.524
284, 65.37, 4.541
285, 65.38, 4.557
286, 65.39, 4.574
287, 65.4, 4.591
288, 65.41, 4.607
289, 65.42, 4.624
290, 65.43, 4.641
291, 65.44, 4.657
292, 65.45, 4.674
293, 65.47, 4.691
294, 65.47, 4.691
295, 65.48, 4.707
296, 65.48, 4.724
297, 65.5, 4.741
298, 65.51, 4.757
299, 65.52, 4.774
300, 65.53, 4.791
301, 65.54, 4.807
302, 65.55, 4.824
303, 65.56, 4.841
304, 65.57, 4.857
305, 65.58, 4.874
306, 65.58, 4.874
307, 65.59, 4.891
308, 65.6, 4.907
309, 65.61, 4.924
310, 65.61, 4.941
311, 65.62, 4.957
312, 65.63, 4.974
313, 65.64, 4.991
314, 65.65, 5.007
315, 65.66, 5.024
316, 65.66, 5.041
317, 65.66, 5.057
318, 65.66, 5.057
319, 65.66, 5.074
320, 65.64, 5.091
321, 65.61, 5.107
322, 65.57, 5.124
323, 65.51, 5.141
324, 65.43, 5.157
325, 65.35, 5.174
326, 65.26, 5.191
327, 65.15, 5.207
328, 64.96, 5.224
329, 64.86, 5.241
330, 64.74, 5.257
331, 64.74, 5.257
332, 64.6, 5.274
333, 64.42, 5.291
334, 64.23, 5.307
335, 64.04, 5.324
336, 63.85, 5.341
337, 63.62, 5.357
338, 63.38, 5.374
339, 63.12, 5.391
340, 62.84, 5.407
341, 62.55, 5.424
342, 62.24, 5.441
343, 61.94, 5.457
344, 61.64, 5.474
345, 61.34, 5.491
346, 61.06, 5.507
347, 60.76, 5.524
348, 60.44, 5.541
349, 60.09, 5.557
350, 59.74, 5.574
351, 59.4, 5.591
352, 59.08, 5.607
353, 58.76, 5.624
354, 58.45, 5.641
355, 58.15, 5.657
356, 57.84, 5.674
357, 57.49, 5.691
358, 57.15, 5.707
359, 56.82, 5.724
360, 56.5, 5.741
361, 56.19, 5.757
362, 55.87, 5.774
363, 55.52, 5.791
364, 55.19, 5.807
365, 54.88, 5.824
366, 54.25, 5.857
367, 53.94, 5.874
368, 53.63, 5.891
369, 53.32, 5.907
370, 53.01, 5.924
371, 52.7, 5.941
372, 52.4, 5.957
373, 52.09, 5.974
374, 51.48, 6.007
375, 51.17, 6.024
376, 50.87, 6.041
377, 50.57, 6.057
378, 50.26, 6.074
379, 49.66, 6.107
380, 49.36, 6.124
381, 49.07, 6.141
382, 48.77, 6.157
383, 48.47, 6.174
384, 47.88, 6.207
385, 47.58, 6.224
386, 47.29, 6.241
387, 47, 6.257
388, 46.43, 6.291
389, 46.11, 6.307
390, 45.77, 6.324
391, 45.17, 6.357
392, 44.89, 6.374
393, 44.6, 6.391
394, 43.99, 6.424
395, 43.7, 6.441
396, 43.42, 6.457
397, 42.87, 6.491
398, 42.6, 6.507
399, 42.09, 6.541
400, 41.85, 6.557
401, 41.38, 6.591
402, 41.16, 6.607
403, 40.74, 6.641
404, 40.54, 6.657
405, 40.17, 6.691
406, 39.99, 6.707
407, 39.65, 6.741
408, 39.5, 6.757
409, 39.22, 6.791
410, 39.1, 6.807
411, 38.89, 6.841
412, 38.77, 6.857
413, 38.39, 6.891
414, 38.26, 6.907
415, 38.07, 6.941
416, 37.86, 6.974
417, 37.75, 6.991
418, 37.55, 7.024
419, 37.46, 7.041
420, 37.29, 7.074
421, 37.11, 7.107
422, 37.02, 7.124
423, 36.84, 7.157
424, 36.67, 7.191
425, 36.58, 7.207
426, 36.41, 7.241
427, 36.23, 7.274
428, 36.15, 7.291
429, 35.98, 7.324
430, 35.81, 7.357
431, 35.73, 7.374
432, 35.58, 7.407
433, 35.42, 7.441
434, 35.35, 7.457
435, 35.21, 7.491
436, 35.07, 7.524
437, 34.93, 7.557
438, 34.86, 7.574
439, 34.73, 7.607
440, 34.64, 7.641
441, 34.59, 7.657
442, 34.5, 7.691
443, 34.49, 7.724
444, 34.46, 7.757
445, 34.42, 7.774
446, 34.36, 7.807
447, 34.31, 7.841
448, 34.26, 7.857
449, 34.18, 7.891
450, 34.1, 7.924
451, 34.05, 7.957
452, 34.03, 7.974
453, 33.98, 8.007
454, 33.92, 8.041
455, 33.92, 8.074
456, 33.89, 8.107
457, 33.83, 8.124
458, 33.75, 8.157
459, 33.74, 8.191
460, 33.76, 8.224
461, 33.79, 8.241
462, 33.83, 8.274
463, 33.86, 8.307
464, 33.88, 8.341
465, 33.89, 8.374
466, 33.9, 8.391
467, 33.96, 8.424
468, 34.02, 8.457
469, 34.04, 8.491
470, 34.05, 8.507
471, 34.07, 8.541
472, 34.08, 8.574
473, 34.15, 8.607
474, 34.21, 8.641
475, 34.25, 8.657
476, 34.39, 8.691
477, 34.49, 8.724
478, 34.62, 8.757
479, 34.7, 8.774
480, 34.82, 8.807
481, 34.98, 8.841
482, 35.06, 8.857
483, 35.2, 8.891
484, 35.36, 8.924
485, 35.53, 8.957
486, 35.6, 8.974
487, 35.76, 9.007
488, 35.9, 9.041
489, 35.96, 9.057
490, 36.11, 9.091
491, 36.28, 9.124
492, 36.39, 9.141
493, 36.6, 9.174
494, 36.79, 9.207
495, 36.88, 9.224
496, 37.03, 9.257
497, 37.11, 9.274
498, 37.29, 9.307
499, 37.47, 9.341
500, 37.56, 9.357
501, 37.75, 9.391
502, 37.83, 9.407
503, 37.97, 9.441
504, 38.13, 9.474
505, 38.21, 9.491
506, 38.34, 9.524
507, 38.41, 9.541
508, 38.55, 9.574
509, 38.65, 9.591
510, 38.88, 9.624
511, 38.99, 9.657
512, 38.95, 9.674
513, 39.17, 9.707
514, 39.26, 9.724
515, 39.42, 9.757
516, 39.52, 9.774
517, 39.66, 9.807
518, 39.74, 9.824
519, 39.89, 9.857
520, 39.96, 9.874
521, 40.1, 9.907
522, 40.18, 9.924
523, 40.33, 9.957
524, 40.41, 9.974
525, 40.58, 10.007
526, 40.65, 10.024
527, 40.81, 10.057
528, 40.88, 10.074
529, 41.03, 10.107
530, 41.1, 10.124
531, 41.26, 10.157
532, 41.33, 10.174
533, 41.41, 10.191
534, 41.56, 10.224
535, 41.63, 10.241
536, 41.78, 10.274
537, 41.86, 10.291
538, 42.01, 10.324
539, 42.08, 10.341
540, 42.23, 10.374
541, 42.3, 10.391
542, 42.37, 10.407
543, 42.52, 10.441
544, 42.59, 10.457
545, 42.73, 10.491
546, 42.8, 10.507
547, 42.88, 10.524
548, 43.03, 10.557
549, 43.1, 10.574
550, 43.25, 10.607
551, 43.32, 10.624
552, 43.4, 10.641
553, 43.54, 10.674
554, 43.61, 10.691
555, 43.68, 10.707
556, 43.83, 10.741
557, 43.9, 10.757
558, 44.04, 10.791
559, 44.12, 10.807
560, 44.19, 10.824
561, 44.34, 10.857
562, 44.41, 10.874
563, 44.48, 10.891
564, 44.62, 10.924
565, 44.68, 10.941
566, 44.75, 10.957
567, 44.89, 10.991
568, 44.97, 11.007
569, 45.04, 11.024
570, 45.2, 11.057
571, 45.26, 11.074
572, 45.33, 11.091
573, 45.47, 11.124
574, 45.53, 11.141
575, 45.6, 11.157
576, 45.74, 11.191
577, 45.81, 11.207
578, 45.88, 11.224
579, 46.02, 11.257
580, 46.09, 11.274
581, 46.16, 11.291
582, 46.3, 11.324
583, 46.37, 11.341
584, 46.44, 11.357
585, 46.51, 11.374
586, 46.64, 11.407
587, 46.71, 11.424
588, 46.78, 11.441
589, 46.91, 11.474
590, 46.98, 11.491
591, 47.05, 11.507
592, 47.12, 11.524
593, 47.25, 11.557
594, 47.32, 11.574
595, 47.38, 11.591
596, 47.45, 11.607
597, 47.58, 11.641
598, 47.65, 11.657
599, 47.71, 11.674
600, 47.78, 11.691
601, 47.91, 11.724
602, 47.98, 11.741
603, 48.04, 11.757
604, 48.1, 11.774
605, 48.23, 11.807
606, 48.3, 11.824
607, 48.36, 11.841
608, 48.42, 11.857
609, 48.55, 11.891
610, 48.61, 11.907
611, 48.68, 11.924
612, 48.74, 11.941
613, 48.86, 11.974
614, 48.92, 11.991
615, 48.99, 12.007
616, 49.05, 12.024
617, 49.17, 12.057
618, 49.23, 12.074
619, 49.29, 12.091
620, 49.35, 12.107
621, 49.41, 12.124
622, 49.54, 12.157
623, 49.6, 12.174
624, 49.66, 12.191
625, 49.72, 12.207
626, 49.78, 12.224
627, 49.89, 12.257
628, 49.95, 12.274
629, 50, 12.291
630, 50.04, 12.307
631, 50.09, 12.324
632, 50.05, 12.357
633, 50.17, 12.374
634, 50.29, 12.391
635, 50.29, 12.407
636, 50.33, 12.424
637, 50.47, 12.457
638, 50.51, 12.474
639, 50.56, 12.491
640, 50.62, 12.507
641, 50.68, 12.524
642, 50.78, 12.557
643, 50.83, 12.574
644, 50.89, 12.591
645, 50.94, 12.607
646, 50.99, 12.624
647, 51.05, 12.641
648, 51.15, 12.674
649, 51.2, 12.691
650, 51.26, 12.707
651, 51.31, 12.724
652, 51.36, 12.741
653, 51.42, 12.757
654, 51.52, 12.791
655, 51.57, 12.807
656, 51.63, 12.824
657, 51.68, 12.841
658, 51.73, 12.857
659, 51.78, 12.874
660, 51.88, 12.907
661, 51.94, 12.924
662, 51.99, 12.941
663, 52.04, 12.957
664, 52.09, 12.974
665, 52.14, 12.991
666, 52.24, 13.024
667, 52.29, 13.041
668, 52.34, 13.057
669, 52.39, 13.074
670, 52.44, 13.091
671, 52.49, 13.107
672, 52.54, 13.124
673, 52.64, 13.157
674, 52.69, 13.174
675, 52.74, 13.191
676, 52.79, 13.207
677, 52.84, 13.224
678, 52.89, 13.241
679, 52.94, 13.257
680, 53.03, 13.291
681, 53.08, 13.307
682, 53.13, 13.324
683, 53.18, 13.341
684, 53.23, 13.357
685, 53.27, 13.374
686, 53.32, 13.391
687, 53.37, 13.407
688, 53.46, 13.441
689, 53.51, 13.457
690, 53.56, 13.474
691, 53.61, 13.491
692, 53.65, 13.507
693, 53.7, 13.524
694, 53.75, 13.541
695, 53.79, 13.557
696, 53.89, 13.591
697, 53.93, 13.607
698, 53.98, 13.624
699, 54.03, 13.641
700, 54.07, 13.657
701, 54.12, 13.674
702, 54.16, 13.691
703, 54.21, 13.707
704, 54.25, 13.724
705, 54.3, 13.741
706, 54.39, 13.774
707, 54.44, 13.791
708, 54.48, 13.807
709, 54.53, 13.824
710, 54.57, 13.841
711, 54.62, 13.857
712, 54.66, 13.874
713, 54.7, 13.891
714, 54.75, 13.907
715, 54.79, 13.924
716, 54.88, 13.957
717, 54.93, 13.974
718, 54.97, 13.991
719, 55.02, 14.007
720, 55.06, 14.024
721, 55.1, 14.041
722, 55.15, 14.057
723, 55.19, 14.074
724, 55.23, 14.091
725, 55.28, 14.107
726, 55.32, 14.124
727, 55.41, 14.157
728, 55.45, 14.174
729, 55.49, 14.191
730, 55.54, 14.207
731, 55.58, 14.224
732, 55.62, 14.241
733, 55.66, 14.257
734, 55.71, 14.274
735, 55.75, 14.291
736, 55.79, 14.307
737, 55.83, 14.324
738, 55.88, 14.341
739, 55.96, 14.374
740, 56, 14.391
741, 56.04, 14.407
742, 56.08, 14.424
743, 56.12, 14.441
744, 56.17, 14.457
745, 56.21, 14.474
746, 56.25, 14.491
747, 56.29, 14.507
748, 56.33, 14.524
749, 56.37, 14.541
750, 56.41, 14.557
751, 56.45, 14.574
752, 56.49, 14.591
753, 56.53, 14.607
754, 56.61, 14.641
755, 56.65, 14.657
756, 56.69, 14.674
757, 56.72, 14.691
758, 56.76, 14.707
759, 56.8, 14.724
760, 56.84, 14.741
761, 56.88, 14.757
762, 56.92, 14.774
763, 56.96, 14.791
764, 56.99, 14.807
765, 57.03, 14.824
766, 57.07, 14.841
767, 57.11, 14.857
768, 57.14, 14.874
769, 57.18, 14.891
770, 57.22, 14.907
771, 57.26, 14.924
772, 57.33, 14.957
773, 57.36, 14.974
774, 57.4, 14.991
775, 57.44, 15.007
776, 57.47, 15.024
777, 57.51, 15.041
778, 57.55, 15.057
779, 57.58, 15.074
780, 57.62, 15.091
781, 57.66, 15.107
782, 57.69, 15.124
783, 57.73, 15.141
784, 57.76, 15.157
785, 57.79, 15.174
786, 57.83, 15.191
787, 57.86, 15.207
788, 57.9, 15.224
789, 57.93, 15.241
790, 57.97, 15.257
791, 58, 15.274
792, 58.03, 15.291
793, 58.07, 15.307
794, 58.1, 15.324
795, 58.14, 15.341
796, 58.2, 15.374
797, 58.23, 15.391
798, 58.27, 15.407
799, 58.3, 15.424
800, 58.34, 15.441
801, 58.37, 15.457
802, 58.4, 15.474
803, 58.43, 15.491
804, 58.47, 15.507
805, 58.5, 15.524
806, 58.53, 15.541
807, 58.56, 15.557
808, 58.6, 15.574
809, 58.63, 15.591
810, 58.66, 15.607
811, 58.7, 15.624
812, 58.73, 15.641
813, 58.76, 15.657
814, 58.79, 15.674
815, 58.82, 15.691
816, 58.85, 15.707
817, 58.88, 15.724
818, 58.91, 15.741
819, 58.94, 15.757
820, 58.98, 15.774
821, 59.01, 15.791
822, 59.04, 15.807
823, 59.07, 15.824
824, 59.1, 15.841
825, 59.13, 15.857
826, 59.16, 15.874
827, 59.19, 15.891
828, 59.22, 15.907
829, 59.25, 15.924
830, 59.28, 15.941
831, 59.31, 15.957
832, 59.34, 15.974
833, 59.37, 15.991
834, 59.4, 16.007
835, 59.43, 16.024
836, 59.46, 16.041
837, 59.49, 16.057
838, 59.52, 16.074
839, 59.55, 16.091
840, 59.58, 16.107
841, 59.61, 16.124
842, 59.64, 16.141
843, 59.67, 16.157
844, 59.7, 16.174
845, 59.73, 16.191
846, 59.76, 16.207
847, 59.79, 16.224
848, 59.81, 16.241
849, 59.84, 16.257
850, 59.9, 16.291
851, 59.93, 16.307
852, 59.96, 16.324
853, 59.98, 16.341
854, 60.01, 16.357
855, 60.04, 16.374
856, 60.07, 16.391
857, 60.1, 16.407
858, 60.12, 16.424
859, 60.15, 16.441
860, 60.18, 16.457
861, 60.21, 16.474
862, 60.24, 16.491
863, 60.26, 16.507
864, 60.29, 16.524
865, 60.32, 16.541
866, 60.34, 16.557
867, 60.34, 16.557
868, 60.37, 16.574
869, 60.4, 16.591
870, 60.42, 16.607
871, 60.44, 16.624
872, 60.41, 16.641
873, 60.36, 16.657
874, 60.46, 16.674
875, 60.51, 16.691
876, 60.47, 16.707
877, 60.51, 16.724
878, 60.55, 16.741
879, 60.57, 16.757
880, 60.58, 16.774
881, 60.61, 16.791
882, 60.64, 16.807
883, 60.66, 16.824
884, 60.68, 16.841
885, 60.71, 16.857
886, 60.73, 16.874
887, 60.76, 16.891
888, 60.78, 16.907
889, 60.81, 16.924
890, 60.83, 16.941
891, 60.85, 16.957
892, 60.88, 16.974
893, 60.9, 16.991
894, 60.92, 17.007
895, 60.94, 17.024
896, 60.97, 17.041
897, 60.99, 17.057
898, 61.01, 17.074
899, 61.04, 17.091
900, 61.06, 17.107
901, 61.08, 17.124
902, 61.11, 17.141
903, 61.13, 17.157
904, 61.15, 17.174
905, 61.18, 17.191
906, 61.2, 17.207
907, 61.22, 17.224
908, 61.24, 17.241
909, 61.27, 17.257
910, 61.29, 17.274
911, 61.31, 17.291
912, 61.33, 17.307
913, 61.36, 17.324
914, 61.38, 17.341
915, 61.4, 17.357
916, 61.42, 17.374
917, 61.45, 17.391
918, 61.47, 17.407
919, 61.49, 17.424
920, 61.51, 17.441
921, 61.54, 17.457
922, 61.56, 17.474
923, 61.58, 17.491
924, 61.6, 17.507
925, 61.63, 17.524
926, 61.65, 17.541
927, 61.67, 17.557
928, 61.69, 17.574
929, 61.69, 17.574
930, 61.71, 17.591
931, 61.74, 17.607
932, 61.76, 17.624
933, 61.78, 17.641
934, 61.8, 17.657
935, 61.82, 17.674
936, 61.85, 17.691
937, 61.87, 17.707
938, 61.89, 17.724
939, 61.91, 17.741
940, 61.93, 17.757
941, 61.95, 17.774
942, 61.98, 17.791
943, 62, 17.807
944, 62.02, 17.824
945, 62.04, 17.841
946, 62.06, 17.857
947, 62.08, 17.874
948, 62.1, 17.891
949, 62.12, 17.907
950, 62.15, 17.924
951, 62.17, 17.941
952, 62.19, 17.957
953, 62.21, 17.974
954, 62.23, 17.991
955, 62.25, 18.007
956, 62.27, 18.024
957, 62.29, 18.041
958, 62.31, 18.057
959, 62.33, 18.074
960, 62.33, 18.074
961, 62.36, 18.091
962, 62.38, 18.107
963, 62.4, 18.124
964, 62.42, 18.141
965, 62.44, 18.157
966, 62.46, 18.174
967, 62.48, 18.191
968, 62.5, 18.207
969, 62.52, 18.224
970, 62.54, 18.241
971, 62.56, 18.257
972, 62.58, 18.274
973, 62.6, 18.291
974, 62.62, 18.307
975, 62.64, 18.324
976, 62.66, 18.341
977, 62.68, 18.357
978, 62.7, 18.374
979, 62.72, 18.391
980, 62.74, 18.407
981, 62.76, 18.424
982, 62.78, 18.441
983, 62.8, 18.457
984, 62.8, 18.457
985, 62.82, 18.474
986, 62.83, 18.491
987, 62.85, 18.507
988, 62.87, 18.524
989, 62.89, 18.541
990, 62.91, 18.557
991, 62.93, 18.574
992, 62.94, 18.591
993, 62.96, 18.607
994, 62.98, 18.624
995, 63, 18.641
996, 63.02, 18.657
997, 63.04, 18.674
998, 63.05, 18.691
999, 63.07, 18.707
1000, 63.09, 18.724
1001, 63.1, 18.741
1002, 63.12, 18.757
1003, 63.14, 18.774
1004, 63.16, 18.791
1005, 63.16, 18.791
1006, 63.18, 18.807
1007, 63.2, 18.824
1008, 63.21, 18.841
1009, 63.23, 18.857
1010, 63.25, 18.874
1011, 63.26, 18.891
1012, 63.28, 18.907
1013, 63.29, 18.924
1014, 63.31, 18.941
1015, 63.33, 18.957
1016, 63.34, 18.974
1017, 63.36, 18.991
1018, 63.37, 19.007
1019, 63.39, 19.024
1020, 63.41, 19.041
1021, 63.42, 19.057
1022, 63.44, 19.074
1023, 63.45, 19.091
1024, 63.45, 19.091
1025, 63.47, 19.107
1026, 63.48, 19.124
1027, 63.5, 19.141
1028, 63.52, 19.157
1029, 63.53, 19.174
1030, 63.55, 19.191
1031, 63.56, 19.207
1032, 63.58, 19.224
1033, 63.59, 19.241
1034, 63.61, 19.257
1035, 63.62, 19.274
1036, 63.64, 19.291
1037, 63.66, 19.307
1038, 63.67, 19.324
1039, 63.68, 19.341
1040, 63.7, 19.357
1041, 63.71, 19.374
1042, 63.71, 19.374
1043, 63.72, 19.391
1044, 63.73, 19.407
1045, 63.74, 19.424
1046, 63.75, 19.441
1047, 63.76, 19.457
1048, 63.78, 19.474
1049, 63.79, 19.491
1050, 63.8, 19.507
1051, 63.81, 19.524
1052, 63.82, 19.541
1053, 63.84, 19.557
1054, 63.85, 19.574
1055, 63.86, 19.591
1056, 63.87, 19.607
1057, 63.89, 19.624
1058, 63.9, 19.641
1059, 63.9, 19.641
1060, 63.91, 19.657
1061, 63.93, 19.674
1062, 63.94, 19.691
1063, 63.95, 19.707
1064, 63.97, 19.724
1065, 63.98, 19.741
1066, 64, 19.757
1067, 64.01, 19.774
1068, 64.02, 19.791
1069, 64.03, 19.807
1070, 64.04, 19.824
1071, 64.05, 19.841
1072, 64.06, 19.857
1073, 64.07, 19.874
1074, 64.08, 19.891
1075, 64.1, 19.907
1076, 64.1, 19.907
1077, 64.11, 19.924
1078, 64.12, 19.941
1079, 64.13, 19.957
1080, 64.14, 19.974
1081, 64.15, 19.991
1082, 64.16, 20.007
1083, 64.17, 20.024
1084, 64.18, 20.041
1085, 64.19, 20.057
1086, 64.2, 20.074
1087, 64.21, 20.091
1088, 64.22, 20.107
1089, 64.23, 20.124
1090, 64.25, 20.141
1091, 64.26, 20.157
1092, 64.26, 20.157
1093, 64.27, 20.174
1094, 64.28, 20.191
1095, 64.29, 20.207
1096, 64.3, 20.224
1097, 64.31, 20.241
1098, 64.32, 20.257
1099, 64.33, 20.274
1100, 64.33, 20.291
1101, 64.34, 20.307
1102, 64.35, 20.324
1103, 64.36, 20.341
1104, 64.37, 20.357
1105, 64.38, 20.374
1106, 64.39, 20.391
1107, 64.39, 20.391
1108, 64.4, 20.407
1109, 64.41, 20.424
1110, 64.42, 20.441
1111, 64.43, 20.457
1112, 64.44, 20.474
1113, 64.44, 20.491
1114, 64.45, 20.507
1115, 64.46, 20.524
1116, 64.47, 20.541
1117, 64.48, 20.557
1118, 64.48, 20.574
1119, 64.49, 20.591
1120, 64.5, 20.607
1121, 64.51, 20.624
1122, 64.51, 20.624
1123, 64.51, 20.641
1124, 64.52, 20.657
1125, 64.53, 20.674
1126, 64.53, 20.691
1127, 64.54, 20.707
1128, 64.55, 20.724
1129, 64.56, 20.741
1130, 64.57, 20.757
1131, 64.57, 20.774
1132, 64.58, 20.791
1133, 64.59, 20.807
1134, 64.59, 20.824
1135, 64.6, 20.841
1136, 64.61, 20.857
1137, 64.61, 20.857
1138, 64.61, 20.874
1139, 64.62, 20.891
1140, 64.63, 20.907
1141, 64.63, 20.924
1142, 64.64, 20.941
1143, 64.64, 20.957
1144, 64.65, 20.974
1145, 64.66, 20.991
1146, 64.66, 21.007
1147, 64.67, 21.024
1148, 64.68, 21.041
1149, 64.68, 21.057
1150, 64.69, 21.074
1151, 64.69, 21.091
1152, 64.69, 21.091
1153, 64.7, 21.107
1154, 64.7, 21.124
1155, 64.71, 21.141
1156, 64.72, 21.157
1157, 64.72, 21.174
1158, 64.73, 21.191
1159, 64.74, 21.207
1160, 64.74, 21.224
1161, 64.74, 21.241
1162, 64.75, 21.257
1163, 64.75, 21.274
1164, 64.76, 21.291
1165, 64.76, 21.307
1166, 64.77, 21.324
1167, 64.77, 21.324
1168, 64.78, 21.341
1169, 64.78, 21.357
1170, 64.79, 21.374
1171, 64.79, 21.391
1172, 64.8, 21.407
1173, 64.8, 21.424
1174, 64.8, 21.441
1175, 64.81, 21.457
1176, 64.82, 21.474
1177, 64.82, 21.491
1178, 64.83, 21.507
1179, 64.83, 21.524
1180, 64.84, 21.541
1181, 64.84, 21.541
1182, 64.84, 21.557
1183, 64.85, 21.574
1184, 64.85, 21.591
1185, 64.85, 21.607
1186, 64.86, 21.624
1187, 64.86, 21.641
1188, 64.86, 21.657
1189, 64.86, 21.674
1190, 64.87, 21.691
1191, 64.87, 21.707
1192, 64.88, 21.724
1193, 64.88, 21.741
1194, 64.89, 21.757
1195, 64.89, 21.757
1196, 64.89, 21.774
1197, 64.9, 21.791
1198, 64.9, 21.807
1199, 64.91, 21.824
1200, 64.91, 21.841
1201, 64.92, 21.857
1202, 64.92, 21.874
1203, 64.93, 21.891
1204, 64.93, 21.907
1205, 64.93, 21.924
1206, 64.94, 21.941
1207, 64.94, 21.957
1208, 64.95, 21.974
1209, 64.95, 21.974
1210, 64.95, 21.991
1211, 64.96, 22.007
1212, 64.96, 22.024
1213, 64.96, 22.041
1214, 64.97, 22.057
1215, 64.97, 22.074
1216, 64.97, 22.091
1217, 64.98, 22.107
1218, 64.98, 22.124
1219, 64.98, 22.141
1220, 64.97, 22.157
1221, 64.97, 22.174
1222, 64.97, 22.191
1223, 64.97, 22.207
1224, 64.97, 22.207
1225, 64.97, 22.224
1226, 64.97, 22.241
1227, 64.97, 22.257
1228, 64.97, 22.274
1229, 64.98, 22.291
1230, 64.98, 22.307
1231, 64.98, 22.324
1232, 64.99, 22.341
1233, 64.99, 22.357
1234, 64.99, 22.374
1235, 65, 22.391
1236, 64.99, 22.407
1237, 65, 22.424
1238, 65, 22.424
1239, 64.99, 22.441
1240, 64.99, 22.457
1241, 64.99, 22.474
1242, 65, 22.491
1243, 65, 22.507
1244, 65, 22.524
1245, 64.98, 22.541
1246, 64.96, 22.557
1247, 64.92, 22.574
1248, 64.85, 22.591
1249, 64.78, 22.607
1250, 64.7, 22.624
1251, 64.62, 22.641
1252, 64.62, 22.641
1253, 64.47, 22.657
1254, 64.35, 22.674
1255, 64.27, 22.691
1256, 64.16, 22.707
1257, 64.03, 22.724
1258, 63.86, 22.741
1259, 63.71, 22.757
1260, 63.55, 22.774
1261, 63.36, 22.791
1262, 63.15, 22.807
1263, 62.92, 22.824
1264, 62.67, 22.841
1265, 62.39, 22.857
1266, 62.09, 22.874
1267, 61.77, 22.891
1268, 61.43, 22.907
1269, 61.07, 22.924
1270, 60.71, 22.941
1271, 60.34, 22.957
1272, 59.97, 22.974
1273, 59.61, 22.991
1274, 59.24, 23.007
1275, 58.89, 23.024
1276, 58.52, 23.041
1277, 58.17, 23.057
1278, 57.81, 23.074
1279, 57.46, 23.091
1280, 57.1, 23.107
1281, 56.76, 23.124
1282, 56.42, 23.141
1283, 56.09, 23.157
1284, 55.71, 23.174
1285, 55.35, 23.191
1286, 55, 23.207
1287, 54.36, 23.241
1288, 54.05, 23.257
1289, 53.7, 23.274
1290, 53.36, 23.291
1291, 53.05, 23.307
1292, 52.73, 23.324
1293, 52.4, 23.341
1294, 52.08, 23.357
1295, 51.44, 23.391
1296, 51.12, 23.407
1297, 50.81, 23.424
1298, 50.49, 23.441
1299, 50.18, 23.457
1300, 49.56, 23.491
1301, 49.25, 23.507
1302, 48.94, 23.524
1303, 48.63, 23.541
1304, 48.31, 23.557
1305, 47.69, 23.591
1306, 47.37, 23.607
1307, 47.03, 23.624
1308, 46.32, 23.657
1309, 45.99, 23.674
1310, 45.68, 23.691
1311, 45.02, 23.724
1312, 44.71, 23.741
1313, 44.4, 23.757
1314, 43.77, 23.791
1315, 43.46, 23.807
1316, 43.15, 23.824
1317, 42.53, 23.857
1318, 42.23, 23.874
1319, 41.62, 23.907
1320, 41.31, 23.924
1321, 40.71, 23.957
1322, 40.4, 23.974
1323, 39.79, 24.007
1324, 39.49, 24.024
1325, 38.9, 24.057
1326, 38.59, 24.074
1327, 37.96, 24.107
1328, 37.65, 24.124
1329, 37.04, 24.157
1330, 36.43, 24.191
1331, 36.12, 24.207
1332, 35.5, 24.241
1333, 34.9, 24.274
1334, 34.6, 24.291
1335, 34, 24.324
1336, 33.41, 24.357
1337, 32.81, 24.391
1338, 32.24, 24.424
1339, 31.95, 24.441
1340, 31.39, 24.474
1341, 30.85, 24.507
1342, 30.35, 24.541
1343, 29.82, 24.574
1344, 29.33, 24.607
1345, 28.9, 24.641
1346, 28.45, 24.674
1347, 27.93, 24.724
1348, 27.63, 24.757
1349, 27.37, 24.791
1350, 27.13, 24.824
1351, 26.9, 24.857
1352, 26.57, 24.907
1353, 26.36, 24.941
1354, 26.15, 24.974
1355, 25.85, 25.024
1356, 25.65, 25.057
1357, 25.45, 25.091
1358, 25.16, 25.141
1359, 24.97, 25.174
1360, 24.71, 25.224
1361, 24.54, 25.257
1362, 24.29, 25.307
1363, 24.13, 25.341
1364, 23.9, 25.391
1365, 23.75, 25.424
1366, 23.54, 25.474
1367, 23.39, 25.507
1368, 23.19, 25.557
1369, 22.98, 25.607
1370, 22.83, 25.641
1371, 22.63, 25.691
1372, 22.41, 25.741
1373, 22.26, 25.774
1374, 22.04, 25.824
1375, 21.82, 25.874
1376, 21.68, 25.907
1377, 21.45, 25.957
1378, 21.23, 26.007
1379, 21, 26.057
1380, 20.85, 26.091
1381, 20.62, 26.141
1382, 20.4, 26.191
1383, 20.22, 26.241
1384, 20.03, 26.291
1385, 19.84, 26.341
1386, 19.7, 26.391
1387, 19.47, 26.457
1388, 19.3, 26.507
1389, 19.16, 26.557
1390, 19.05, 26.607
1391, 19.03, 26.674
1392, 18.97, 26.724
1393, 18.95, 26.774
1394, 18.99, 26.841
1395, 19.06, 26.891
1396, 19.1, 26.941
1397, 19.11, 26.991
1398, 19.25, 27.057
1399, 19.45, 27.107
1400, 19.63, 27.157
1401, 19.81, 27.207
1402, 20.05, 27.257
1403, 20.33, 27.324
1404, 20.55, 27.374
1405, 20.8, 27.424
1406, 21.03, 27.474
1407, 21.22, 27.507
1408, 21.5, 27.557
1409, 21.83, 27.607
1410, 22.18, 27.657
1411, 22.52, 27.707
1412, 22.89, 27.757
1413, 23.1, 27.791
1414, 23.46, 27.841
1415, 23.68, 27.874
1416, 24.04, 27.924
1417, 24.26, 27.957
1418, 24.6, 28.007
1419, 24.82, 28.041
1420, 25.18, 28.091
1421, 25.4, 28.124
1422, 25.74, 28.174
1423, 25.94, 28.207
1424, 26.16, 28.241
1425, 26.5, 28.291
1426, 26.71, 28.324
1427, 26.9, 28.357
1428, 27.12, 28.391
1429, 27.49, 28.441
1430, 27.73, 28.474
1431, 28.04, 28.507
1432, 28.33, 28.541
1433, 28.59, 28.574
1434, 28.84, 28.607
1435, 29.11, 28.641
1436, 29.46, 28.691
1437, 29.7, 28.724
1438, 29.95, 28.757
1439, 30.2, 28.791
1440, 30.44, 28.824
1441, 30.68, 28.857
1442, 30.92, 28.891
1443, 31.05, 28.907
1444, 31.28, 28.941
1445, 31.27, 28.974
1446, 31.56, 29.007
1447, 31.79, 29.041
1448, 31.99, 29.074
1449, 32.22, 29.107
1450, 32.42, 29.141
1451, 32.64, 29.174
1452, 32.74, 29.191
1453, 32.95, 29.224
1454, 33.15, 29.257
1455, 33.36, 29.291
1456, 33.56, 29.324
1457, 33.66, 29.341
1458, 33.86, 29.374
1459, 34.07, 29.407
1460, 34.26, 29.441
1461, 34.36, 29.457
1462, 34.56, 29.491
1463, 34.77, 29.524
1464, 34.97, 29.557
1465, 35.07, 29.574
1466, 35.26, 29.607
1467, 35.46, 29.641
1468, 35.65, 29.674
1469, 35.75, 29.691
1470, 35.95, 29.724
1471, 36.14, 29.757
1472, 36.24, 29.774
1473, 36.43, 29.807
1474, 36.53, 29.824
1475, 36.72, 29.857
1476, 36.92, 29.891
1477, 37.02, 29.907
1478, 37.21, 29.941
1479, 37.4, 29.974
1480, 37.49, 29.991
1481, 37.69, 30.024
1482, 37.79, 30.041
1483, 37.98, 30.074
1484, 38.17, 30.107
1485, 38.26, 30.124
1486, 38.45, 30.157
1487, 38.54, 30.174
1488, 38.73, 30.207
1489, 38.82, 30.224
1490, 39, 30.257
1491, 39.09, 30.274
1492, 39.27, 30.307
1493, 39.45, 30.341
1494, 39.54, 30.357
1495, 39.71, 30.391
1496, 39.8, 30.407
1497, 39.98, 30.441
1498, 40.06, 30.457
1499, 40.23, 30.491
1500, 40.32, 30.507
1501, 40.48, 30.541
1502, 40.56, 30.557
1503, 40.69, 30.591
1504, 40.74, 30.607
1505, 40.84, 30.641
1506, 40.83, 30.657
1507, 40.81, 30.674
1508, 41.09, 30.707
1509, 41.19, 30.724
1510, 41.3, 30.757
1511, 41.39, 30.774
1512, 41.55, 30.807
1513, 41.62, 30.824
1514, 41.78, 30.857
1515, 41.86, 30.874
1516, 42.01, 30.907
1517, 42.09, 30.924
1518, 42.17, 30.941
1519, 42.32, 30.974
1520, 42.4, 30.991
1521, 42.55, 31.024
1522, 42.63, 31.041
1523, 42.71, 31.057
1524, 42.86, 31.091
1525, 42.94, 31.107
1526, 43.09, 31.141
1527, 43.16, 31.157
1528, 43.24, 31.174
1529, 43.39, 31.207
1530, 43.47, 31.224
1531, 43.62, 31.257
1532, 43.69, 31.274
1533, 43.77, 31.291
1534, 43.92, 31.324
1535, 44, 31.341
1536, 44.07, 31.357
1537, 44.22, 31.391
1538, 44.29, 31.407
1539, 44.45, 31.441
1540, 44.52, 31.457
1541, 44.6, 31.474
1542, 44.75, 31.507
1543, 44.82, 31.524
1544, 44.9, 31.541
1545, 45.04, 31.574
1546, 45.12, 31.591
1547, 45.19, 31.607
1548, 45.34, 31.641
1549, 45.42, 31.657
1550, 45.49, 31.674
1551, 45.64, 31.707
1552, 45.71, 31.724
1553, 45.79, 31.741
1554, 45.94, 31.774
1555, 46.01, 31.791
1556, 46.08, 31.807
1557, 46.16, 31.824
1558, 46.3, 31.857
1559, 46.38, 31.874
1560, 46.45, 31.891
1561, 46.6, 31.924
1562, 46.67, 31.941
1563, 46.74, 31.957
1564, 46.81, 31.974
1565, 46.96, 32.007
1566, 47.03, 32.024
1567, 47.1, 32.041
1568, 47.25, 32.074
1569, 47.32, 32.091
1570, 47.39, 32.107
1571, 47.46, 32.124
1572, 47.6, 32.157
1573, 47.67, 32.174
1574, 47.74, 32.191
1575, 47.81, 32.207
1576, 47.95, 32.241
1577, 48.02, 32.257
1578, 48.08, 32.274
1579, 48.15, 32.291
1580, 48.3, 32.324
1581, 48.36, 32.341
1582, 48.43, 32.357
1583, 48.5, 32.374
1584, 48.64, 32.407
1585, 48.7, 32.424
1586, 48.77, 32.441
1587, 48.84, 32.457
1588, 48.97, 32.491
1589, 49.04, 32.507
1590, 49.11, 32.524
1591, 49.17, 32.541
1592, 49.31, 32.574
1593, 49.37, 32.591
1594, 49.44, 32.607
1595, 49.5, 32.624
1596, 49.56, 32.641
1597, 49.69, 32.674
1598, 49.75, 32.691
1599, 49.82, 32.707
1600, 49.88, 32.724
1601, 49.94, 32.741
1602, 50.05, 32.774
1603, 50.1, 32.791
1604, 50.14, 32.807
1605, 50.18, 32.824
1606, 50.22, 32.841
1607, 50.27, 32.874
1608, 50.26, 32.891
1609, 50.24, 32.907
1610, 50.37, 32.924
1611, 50.49, 32.941
1612, 50.54, 32.974
1613, 50.61, 32.991
1614, 50.69, 33.007
1615, 50.73, 33.024
1616, 50.78, 33.041
1617, 50.91, 33.074
1618, 50.96, 33.091
1619, 51.01, 33.107
1620, 51.07, 33.124
1621, 51.13, 33.141
1622, 51.19, 33.157
1623, 51.3, 33.191
1624, 51.36, 33.207
1625, 51.42, 33.224
1626, 51.47, 33.241
1627, 51.53, 33.257
1628, 51.59, 33.274
1629, 51.7, 33.307
1630, 51.75, 33.324
1631, 51.81, 33.341
1632, 51.86, 33.357
1633, 51.92, 33.374
1634, 51.97, 33.391
1635, 52.08, 33.424
1636, 52.14, 33.441
1637, 52.19, 33.457
1638, 52.25, 33.474
1639, 52.3, 33.491
1640, 52.36, 33.507
1641, 52.41, 33.524
1642, 52.52, 33.557
1643, 52.57, 33.574
1644, 52.63, 33.591
1645, 52.68, 33.607
1646, 52.73, 33.624
1647, 52.79, 33.641
1648, 52.84, 33.657
1649, 52.95, 33.691
1650, 53, 33.707
1651, 53.05, 33.724
1652, 53.1, 33.741
1653, 53.16, 33.757
1654, 53.21, 33.774
1655, 53.26, 33.791
1656, 53.36, 33.824
1657, 53.42, 33.841
1658, 53.47, 33.857
1659, 53.52, 33.874
1660, 53.57, 33.891
1661, 53.62, 33.907
1662, 53.67, 33.924
1663, 53.72, 33.941
1664, 53.83, 33.974
1665, 53.88, 33.991
1666, 53.93, 34.007
1667, 53.98, 34.024
1668, 54.03, 34.041
1669, 54.08, 34.057
1670, 54.13, 34.074
1671, 54.18, 34.091
1672, 54.23, 34.107
1673, 54.33, 34.141
1674, 54.38, 34.157
1675, 54.43, 34.174
1676, 54.48, 34.191
1677, 54.53, 34.207
1678, 54.58, 34.224
1679, 54.63, 34.241
1680, 54.68, 34.257
1681, 54.73, 34.274
1682, 54.78, 34.291
1683, 54.87, 34.324
1684, 54.92, 34.341
1685, 54.97, 34.357
1686, 55.02, 34.374
1687, 55.07, 34.391
1688, 55.12, 34.407
1689, 55.16, 34.424
1690, 55.21, 34.441
1691, 55.26, 34.457
1692, 55.31, 34.474
1693, 55.35, 34.491
1694, 55.45, 34.524
1695, 55.5, 34.541
1696, 55.54, 34.557
1697, 55.59, 34.574
1698, 55.64, 34.591
1699, 55.68, 34.607
1700, 55.73, 34.624
1701, 55.78, 34.641
1702, 55.82, 34.657
1703, 55.87, 34.674
1704, 55.92, 34.691
1705, 55.96, 34.707
1706, 56.01, 34.724
1707, 56.1, 34.757
1708, 56.14, 34.774
1709, 56.19, 34.791
1710, 56.23, 34.807
1711, 56.28, 34.824
1712, 56.32, 34.841
1713, 56.37, 34.857
1714, 56.41, 34.874
1715, 56.46, 34.891
1716, 56.5, 34.907
1717, 56.55, 34.924
1718, 56.59, 34.941
1719, 56.63, 34.957
1720, 56.68, 34.974
1721, 56.72, 34.991
1722, 56.81, 35.024
1723, 56.85, 35.041
1724, 56.9, 35.057
1725, 56.94, 35.074
1726, 56.98, 35.091
1727, 57.02, 35.107
1728, 57.07, 35.124
1729, 57.11, 35.141
1730, 57.15, 35.157
1731, 57.19, 35.174
1732, 57.24, 35.191
1733, 57.28, 35.207
1734, 57.32, 35.224
1735, 57.36, 35.241
1736, 57.4, 35.257
1737, 57.44, 35.274
1738, 57.48, 35.291
1739, 57.53, 35.307
1740, 57.57, 35.324
1741, 57.61, 35.341
1742, 57.69, 35.374
1743, 57.73, 35.391
1744, 57.77, 35.407
1745, 57.81, 35.424
1746, 57.85, 35.441
1747, 57.89, 35.457
1748, 57.93, 35.474
1749, 57.97, 35.491
1750, 58.01, 35.507
1751, 58.05, 35.524
1752, 58.09, 35.541
1753, 58.13, 35.557
1754, 58.16, 35.574
1755, 58.2, 35.591
1756, 58.24, 35.607
1757, 58.28, 35.624
1758, 58.32, 35.641
1759, 58.36, 35.657
1760, 58.4, 35.674
1761, 58.43, 35.691
1762, 58.47, 35.707
1763, 58.51, 35.724
1764, 58.54, 35.741
1765, 58.58, 35.757
1766, 58.62, 35.774
1767, 58.65, 35.791
1768, 58.69, 35.807
1769, 58.73, 35.824
1770, 58.76, 35.841
1771, 58.8, 35.857
1772, 58.83, 35.874
1773, 58.87, 35.891
1774, 58.91, 35.907
1775, 58.94, 35.924
1776, 59.01, 35.957
1777, 59.05, 35.974
1778, 59.08, 35.991
1779, 59.12, 36.007
1780, 59.15, 36.024
1781, 59.19, 36.041
1782, 59.22, 36.057
1783, 59.26, 36.074
1784, 59.29, 36.091
1785, 59.33, 36.107
1786, 59.36, 36.124
1787, 59.4, 36.141
1788, 59.43, 36.157
1789, 59.46, 36.174
1790, 59.5, 36.191
1791, 59.53, 36.207
1792, 59.57, 36.224
1793, 59.6, 36.241
1794, 59.64, 36.257
1795, 59.67, 36.274
1796, 59.7, 36.291
1797, 59.73, 36.307
1798, 59.76, 36.324
1799, 59.8, 36.341
1800, 59.83, 36.357
1801, 59.87, 36.374
1802, 59.9, 36.391
1803, 59.94, 36.407
1804, 59.97, 36.424
1805, 60.01, 36.441
1806, 60.04, 36.457
1807, 60.07, 36.474
1808, 60.04, 36.491
1809, 60, 36.507
1810, 60.1, 36.524
1811, 60.16, 36.541
1812, 60.12, 36.557
1813, 60.17, 36.574
1814, 60.22, 36.591
1815, 60.24, 36.607
1816, 60.26, 36.624
1817, 60.3, 36.641
1818, 60.33, 36.657
1819, 60.35, 36.674
1820, 60.39, 36.691
1821, 60.42, 36.707
1822, 60.45, 36.724
1823, 60.48, 36.741
1824, 60.51, 36.757
1825, 60.54, 36.774
1826, 60.57, 36.791
1827, 60.6, 36.807
1828, 60.63, 36.824
1829, 60.66, 36.841
1830, 60.69, 36.857
1831, 60.72, 36.874
1832, 60.75, 36.891
1833, 60.78, 36.907
1834, 60.81, 36.924
1835, 60.84, 36.941
1836, 60.87, 36.957
1837, 60.87, 36.957
1838, 60.9, 36.974
1839, 60.93, 36.991
1840, 60.96, 37.007
1841, 60.99, 37.024
1842, 61.02, 37.041
1843, 61.05, 37.057
1844, 61.07, 37.074
1845, 61.1, 37.091
1846, 61.13, 37.107
1847, 61.16, 37.124
1848, 61.19, 37.141
1849, 61.22, 37.157
1850, 61.25, 37.174
1851, 61.28, 37.191
1852, 61.31, 37.207
1853, 61.34, 37.224
1854, 61.37, 37.241
1855, 61.4, 37.257
1856, 61.42, 37.274
1857, 61.45, 37.291
1858, 61.48, 37.307
1859, 61.51, 37.324
1860, 61.54, 37.341
1861, 61.57, 37.357
1862, 61.6, 37.374
1863, 61.63, 37.391
1864, 61.65, 37.407
1865, 61.68, 37.424
1866, 61.71, 37.441
1867, 61.74, 37.457
1868, 61.77, 37.474
1869, 61.8, 37.491
1870, 61.83, 37.507
1871, 61.85, 37.524
1872, 61.88, 37.541
1873, 61.91, 37.557
1874, 61.94, 37.574
1875, 61.97, 37.591
1876, 61.97, 37.591
1877, 61.99, 37.607
1878, 62.02, 37.624
1879, 62.05, 37.641
1880, 62.07, 37.657
1881, 62.1, 37.674
1882, 62.13, 37.691
1883, 62.15, 37.707
1884, 62.18, 37.724
1885, 62.21, 37.741
1886, 62.24, 37.757
1887, 62.27, 37.774
1888, 62.29, 37.791
1889, 62.32, 37.807
1890, 62.35, 37.824
1891, 62.37, 37.841
1892, 62.4, 37.857
1893, 62.43, 37.874
1894, 62.45, 37.891
1895, 62.48, 37.907
1896, 62.51, 37.924
1897, 62.53, 37.941
1898, 62.56, 37.957
1899, 62.59, 37.974
1900, 62.62, 37.991
1901, 62.64, 38.007
1902, 62.64, 38.007
1903, 62.67, 38.024
1904, 62.7, 38.041
1905, 62.72, 38.057
1906, 62.75, 38.074
1907, 62.77, 38.091
1908, 62.8, 38.107
1909, 62.82, 38.124
1910, 62.85, 38.141
1911, 62.88, 38.157
1912, 62.91, 38.174
1913, 62.93, 38.191
1914, 62.96, 38.207
1915, 62.99, 38.224
1916, 63.01, 38.241
1917, 63.04, 38.257
1918, 63.07, 38.274
1919, 63.09, 38.291
1920, 63.12, 38.307
1921, 63.15, 38.324
1922, 63.17, 38.341
1923, 63.17, 38.341
1924, 63.2, 38.357
1925, 63.23, 38.374
1926, 63.25, 38.391
1927, 63.28, 38.407
1928, 63.3, 38.424
1929, 63.33, 38.441
1930, 63.35, 38.457
1931, 63.38, 38.474
1932, 63.4, 38.491
1933, 63.43, 38.507
1934, 63.46, 38.524
1935, 63.48, 38.541
1936, 63.51, 38.557
1937, 63.53, 38.574
1938, 63.56, 38.591
1939, 63.58, 38.607
1940, 63.61, 38.624
1941, 63.64, 38.641
1942, 63.64, 38.641
1943, 63.66, 38.657
1944, 63.69, 38.674
1945, 63.71, 38.691
1946, 63.74, 38.707
1947, 63.76, 38.724
1948, 63.79, 38.741
1949, 63.81, 38.757
1950, 63.84, 38.774
1951, 63.87, 38.791
1952, 63.89, 38.807
1953, 63.92, 38.824
1954, 63.94, 38.841
1955, 63.97, 38.857
1956, 63.99, 38.874
1957, 64.02, 38.891
1958, 64.04, 38.907
1959, 64.04, 38.907
1960, 64.07, 38.924
1961, 64.1, 38.941
1962, 64.12, 38.957
1963, 64.15, 38.974
1964, 64.17, 38.991
1965, 64.2, 39.007
1966, 64.22, 39.024
1967, 64.25, 39.041
1968, 64.27, 39.057
1969, 64.3, 39.074
1970, 64.33, 39.091
1971, 64.35, 39.107
1972, 64.37, 39.124
1973, 64.4, 39.141
1974, 64.4, 39.141
1975, 64.42, 39.157
1976, 64.45, 39.174
1977, 64.47, 39.191
1978, 64.5, 39.207
1979, 64.52, 39.224
1980, 64.55, 39.241
1981, 64.57, 39.257
1982, 64.59, 39.274
1983, 64.62, 39.291
1984, 64.64, 39.307
1985, 64.67, 39.324
1986, 64.69, 39.341
1987, 64.72, 39.357
1988, 64.72, 39.357
1989, 64.74, 39.374
1990, 64.77, 39.391
1991, 64.79, 39.407
1992, 64.82, 39.424
1993, 64.84, 39.441
1994, 64.86, 39.457
1995, 64.88, 39.474
1996, 64.91, 39.491
1997, 64.93, 39.507
1998, 64.95, 39.524
1999, 64.98, 39.541
2000, 65, 39.557
2001, 65.02, 39.574
2002, 65.02, 39.574
2003, 65.04, 39.591
2004, 65.07, 39.607
2005, 65.09, 39.624
2006, 65.11, 39.641
2007, 65.14, 39.657
2008, 65.16, 39.674
2009, 65.18, 39.691
2010, 65.21, 39.707
2011, 65.23, 39.724
2012, 65.26, 39.741
2013, 65.28, 39.757
2014, 65.28, 39.757
2015, 65.31, 39.774
2016, 65.33, 39.791
2017, 65.35, 39.807
2018, 65.37, 39.824
2019, 65.4, 39.841
2020, 65.42, 39.857
2021, 65.45, 39.874
2022, 65.47, 39.891
2023, 65.5, 39.907
2024, 65.52, 39.924
2025, 65.54, 39.941
2026, 65.56, 39.957
2027, 65.56, 39.957
2028, 65.58, 39.974
2029, 65.6, 39.991
2030, 65.62, 40.007
2031, 65.64, 40.024
2032, 65.66, 40.041
2033, 65.69, 40.057
2034, 65.71, 40.074
2035, 65.72, 40.091
2036, 65.73, 40.107
2037, 65.73, 40.124
2038, 65.73, 40.124
2039, 65.72, 40.141
2040, 65.71, 40.157
2041, 65.68, 40.174
2042, 65.64, 40.191
2043, 65.59, 40.207
2044, 65.53, 40.224
2045, 65.46, 40.241
2046, 65.39, 40.257
2047, 65.29, 40.274
2048, 65.14, 40.291
2049, 65.04, 40.307
2050, 65.04, 40.307
2051, 64.94, 40.324
2052, 64.82, 40.341
2053, 64.65, 40.357
2054, 64.48, 40.374
2055, 64.33, 40.391
2056, 64.13, 40.407
2057, 63.91, 40.424
2058, 63.68, 40.441
2059, 63.43, 40.457
2060, 63.15, 40.474
2061, 62.86, 40.491
2062, 62.55, 40.507
2063, 62.23, 40.524
2064, 61.89, 40.541
2065, 61.55, 40.557
2066, 61.21, 40.574
2067, 60.86, 40.591
2068, 60.51, 40.607
2069, 60.17, 40.624
2070, 59.82, 40.641
2071, 59.48, 40.657
2072, 59.14, 40.674
2073, 58.8, 40.691
2074, 58.48, 40.707
2075, 58.15, 40.724
2076, 57.84, 40.741
2077, 57.52, 40.757
2078, 57.2, 40.774
2079, 56.88, 40.791
2080, 56.57, 40.807
2081, 56.25, 40.824
2082, 55.94, 40.841
2083, 55.59, 40.857
2084, 55.25, 40.874
2085, 54.92, 40.891
2086, 54.61, 40.907
2087, 54.3, 40.924
2088, 53.68, 40.957
2089, 53.36, 40.974
2090, 53.05, 40.991
2091, 52.75, 41.007
2092, 52.45, 41.024
2093, 52.14, 41.041
2094, 51.85, 41.057
2095, 51.26, 41.091
2096, 50.97, 41.107
2097, 50.69, 41.124
2098, 50.41, 41.141
2099, 50.13, 41.157
2100, 49.85, 41.174
2101, 49.3, 41.207
2102, 49.03, 41.224
2103, 48.76, 41.241
2104, 48.49, 41.257
2105, 47.95, 41.291
2106, 47.69, 41.307
2107, 47.43, 41.324
2108, 47.18, 41.341
2109, 46.58, 41.374
2110, 46.29, 41.391
2111, 46.03, 41.407
2112, 45.5, 41.441
2113, 45.21, 41.457
2114, 44.93, 41.474
2115, 44.4, 41.507
2116, 44.13, 41.524
2117, 43.87, 41.541
2118, 43.34, 41.574
2119, 43.07, 41.591
2120, 42.81, 41.607
2121, 42.28, 41.641
2122, 42.01, 41.657
2123, 41.48, 41.691
2124, 41.22, 41.707
2125, 40.7, 41.741
2126, 40.44, 41.757
2127, 39.92, 41.791
2128, 39.66, 41.807
2129, 39.15, 41.841
2130, 38.91, 41.857
2131, 38.41, 41.891
2132, 38.14, 41.907
2133, 37.65, 41.941
2134, 37.43, 41.957
2135, 37, 41.991
2136, 36.57, 42.024
2137, 36.39, 42.041
2138, 36.03, 42.074
2139, 35.71, 42.107
2140, 35.56, 42.124
2141, 35.28, 42.157
2142, 35.03, 42.191
2143, 34.81, 42.224
2144, 34.71, 42.241
2145, 34.52, 42.274
2146, 34.35, 42.307
2147, 34.19, 42.341
2148, 34.12, 42.357
2149, 33.97, 42.391
2150, 33.82, 42.424
2151, 33.68, 42.457
2152, 33.61, 42.474
2153, 33.47, 42.507
2154, 33.34, 42.541
2155, 33.22, 42.574
2156, 33.1, 42.607
2157, 33.04, 42.624
2158, 32.93, 42.657
2159, 32.82, 42.691
2160, 32.72, 42.724
2161, 32.61, 42.757
2162, 32.56, 42.774
2163, 32.45, 42.807
2164, 32.34, 42.841
2165, 32.24, 42.874
2166, 32.13, 42.907
2167, 32.02, 42.941
2168, 31.97, 42.957
2169, 31.86, 42.991
2170, 31.74, 43.024
2171, 31.62, 43.057
2172, 31.51, 43.091
2173, 31.39, 43.124
2174, 31.28, 43.157
2175, 31.22, 43.174
2176, 31.12, 43.207
2177, 31.02, 43.241
2178, 30.91, 43.274
2179, 30.81, 43.307
2180, 30.67, 43.341
2181, 30.56, 43.374
2182, 30.43, 43.407
2183, 30.37, 43.424
2184, 30.26, 43.457
2185, 30.16, 43.491
2186, 30.06, 43.524
2187, 29.98, 43.557
2188, 29.9, 43.591
2189, 29.79, 43.624
2190, 29.68, 43.657
2191, 29.57, 43.691
2192, 29.47, 43.724
2193, 29.37, 43.757
2194, 29.28, 43.791
2195, 29.18, 43.824
2196, 29.1, 43.857
2197, 29.03, 43.891
2198, 28.97, 43.924
2199, 28.69, 43.957
2200, 28.48, 43.991
2201, 28.39, 44.024
2202, 28.27, 44.057
2203, 28.07, 44.107
2204, 27.96, 44.141
2205, 27.84, 44.174
2206, 27.71, 44.207
2207, 27.59, 44.241
2208, 27.47, 44.274
2209, 27.29, 44.324
2210, 27.18, 44.357
2211, 27.07, 44.391
2212, 26.96, 44.424
2213, 26.8, 44.474
2214, 26.69, 44.507
2215, 26.59, 44.541
2216, 26.43, 44.591
2217, 26.32, 44.624
2218, 26.22, 44.657
2219, 26.06, 44.707
2220, 25.97, 44.741
2221, 25.92, 44.774
2222, 25.85, 44.824
2223, 25.91, 44.857
2224, 26.04, 44.907
2225, 26.11, 44.941
2226, 26.23, 44.974
2227, 26.44, 45.024
2228, 26.59, 45.057
2229, 26.73, 45.091
2230, 26.97, 45.141
2231, 27.12, 45.174
2232, 27.28, 45.207
2233, 27.51, 45.257
2234, 27.67, 45.291
2235, 27.83, 45.324
2236, 27.97, 45.357
2237, 28.11, 45.391
2238, 28.36, 45.441
2239, 28.6, 45.474
2240, 28.81, 45.507
2241, 29.04, 45.541
2242, 29.28, 45.574
2243, 29.51, 45.607
2244, 29.76, 45.641
2245, 29.97, 45.674
2246, 30.2, 45.707
2247, 30.36, 45.741
2248, 30.47, 45.774
2249, 30.74, 45.807
2250, 30.87, 45.841
2251, 31.11, 45.874
2252, 31.32, 45.907
2253, 31.53, 45.941
2254, 31.74, 45.974
2255, 31.96, 46.007
2256, 32.17, 46.041
2257, 32.39, 46.074
2258, 32.61, 46.107
2259, 32.83, 46.141
2260, 32.94, 46.157
2261, 33.16, 46.191
2262, 33.38, 46.224
2263, 33.6, 46.257
2264, 33.82, 46.291
2265, 33.93, 46.307
2266, 34.16, 46.341
2267, 34.37, 46.374
2268, 34.59, 46.407
2269, 34.7, 46.424
2270, 34.92, 46.457
2271, 35.13, 46.491
2272, 35.34, 46.524
2273, 35.45, 46.541
2274, 35.66, 46.574
2275, 35.86, 46.607
2276, 35.97, 46.624
2277, 36.17, 46.657
2278, 36.38, 46.691
2279, 36.48, 46.707
2280, 36.69, 46.741
2281, 36.89, 46.774
2282, 36.99, 46.791
2283, 37.2, 46.824
2284, 37.3, 46.841
2285, 37.5, 46.874
2286, 37.7, 46.907
2287, 37.8, 46.924
2288, 38, 46.957
2289, 38.1, 46.974
2290, 38.29, 47.007
2291, 38.39, 47.024
2292, 38.58, 47.057
2293, 38.77, 47.091
2294, 38.87, 47.107
2295, 39.06, 47.141
2296, 39.15, 47.157
2297, 39.34, 47.191
2298, 39.43, 47.207
2299, 39.61, 47.241
2300, 39.7, 47.257
2301, 39.88, 47.291
2302, 39.97, 47.307
2303, 40.15, 47.341
2304, 40.24, 47.357
2305, 40.25, 47.374
2306, 40.36, 47.407
2307, 40.53, 47.424
2308, 40.67, 47.457
2309, 40.75, 47.474
2310, 40.93, 47.507
2311, 41.01, 47.524
2312, 41.16, 47.557
2313, 41.25, 47.574
2314, 41.33, 47.591
2315, 41.49, 47.624
2316, 41.57, 47.641
2317, 41.73, 47.674
2318, 41.81, 47.691
2319, 41.97, 47.724
2320, 42.05, 47.741
2321, 42.13, 47.757
2322, 42.29, 47.791
2323, 42.37, 47.807
2324, 42.44, 47.824
2325, 42.6, 47.857
2326, 42.68, 47.874
2327, 42.83, 47.907
2328, 42.91, 47.924
2329, 42.99, 47.941
2330, 43.14, 47.974
2331, 43.22, 47.991
2332, 43.29, 48.007
2333, 43.44, 48.041
2334, 43.52, 48.057
2335, 43.59, 48.074
2336, 43.74, 48.107
2337, 43.82, 48.124
2338, 43.97, 48.157
2339, 44.04, 48.174
2340, 44.12, 48.191
2341, 44.27, 48.224
2342, 44.34, 48.241
2343, 44.41, 48.257
2344, 44.49, 48.274
2345, 44.63, 48.307
2346, 44.7, 48.324
2347, 44.78, 48.341
2348, 44.93, 48.374
2349, 45, 48.391
2350, 45.07, 48.407
2351, 45.22, 48.441
2352, 45.29, 48.457
2353, 45.36, 48.474
2354, 45.5, 48.507
2355, 45.57, 48.524
2356, 45.64, 48.541
2357, 45.71, 48.557
2358, 45.86, 48.591
2359, 45.93, 48.607
2360, 46, 48.624
2361, 46.14, 48.657
2362, 46.2, 48.674
2363, 46.27, 48.691
2364, 46.34, 48.707
2365, 46.48, 48.741
2366, 46.54, 48.757
2367, 46.61, 48.774
2368, 46.68, 48.791
2369, 46.81, 48.824
2370, 46.88, 48.841
2371, 46.95, 48.857
2372, 47.01, 48.874
2373, 47.14, 48.907
2374, 47.21, 48.924
2375, 47.27, 48.941
2376, 47.34, 48.957
2377, 47.46, 48.991
2378, 47.53, 49.007
2379, 47.59, 49.024
2380, 47.65, 49.041
2381, 47.78, 49.074
2382, 47.84, 49.091
2383, 47.9, 49.107
2384, 47.96, 49.124
2385, 48.09, 49.157
2386, 48.15, 49.174
2387, 48.21, 49.191
2388, 48.27, 49.207
2389, 48.33, 49.224
2390, 48.44, 49.257
2391, 48.5, 49.274
2392, 48.56, 49.291
2393, 48.62, 49.307
2394, 48.73, 49.341
2395, 48.79, 49.357
2396, 48.85, 49.374
2397, 48.9, 49.391
2398, 48.96, 49.407
2399, 49.07, 49.441
2400, 49.12, 49.457
2401, 49.18, 49.474
2402, 49.23, 49.491
2403, 49.29, 49.507
2404, 49.39, 49.541
2405, 49.45, 49.557
2406, 49.5, 49.574
2407, 49.55, 49.591
2408, 49.6, 49.607
2409, 49.71, 49.641
2410, 49.76, 49.657
2411, 49.81, 49.674
2412, 49.85, 49.691
2413, 49.9, 49.707
2414, 49.97, 49.741
2415, 50, 49.757
2416, 50.03, 49.774
2417, 50.06, 49.791
2418, 50.08, 49.807
2419, 50.11, 49.841
2420, 50.12, 49.857
2421, 50.1, 49.874
2422, 50.06, 49.891
2423, 50.18, 49.907
2424, 50.29, 49.941
2425, 50.31, 49.957
2426, 50.38, 49.974
2427, 50.44, 49.991
2428, 50.48, 50.007
2429, 50.51, 50.024
2430, 50.62, 50.057
2431, 50.66, 50.074
2432, 50.7, 50.091
2433, 50.75, 50.107
2434, 50.8, 50.124
2435, 50.9, 50.157
2436, 50.95, 50.174
2437, 50.99, 50.191
2438, 51.03, 50.207
2439, 51.08, 50.224
2440, 51.12, 50.241
2441, 51.21, 50.274
2442, 51.26, 50.291
2443, 51.31, 50.307
2444, 51.36, 50.324
2445, 51.4, 50.341
2446, 51.44, 50.357
2447, 51.53, 50.391
2448, 51.58, 50.407
2449, 51.62, 50.424
2450, 51.67, 50.441
2451, 51.71, 50.457
2452, 51.76, 50.474
2453, 51.8, 50.491
2454, 51.89, 50.524
2455, 51.93, 50.541
2456, 51.97, 50.557
2457, 52.02, 50.574
2458, 52.06, 50.591
2459, 52.1, 50.607
2460, 52.19, 50.641
2461, 52.23, 50.657
2462, 52.28, 50.674
2463, 52.32, 50.691
2464, 52.36, 50.707
2465, 52.41, 50.724
2466, 52.45, 50.741
2467, 52.54, 50.774
2468, 52.58, 50.791
2469, 52.62, 50.807
2470, 52.67, 50.824
2471, 52.71, 50.841
2472, 52.75, 50.857
2473, 52.79, 50.874
2474, 52.88, 50.907
2475, 52.92, 50.924
2476, 52.97, 50.941
2477, 53.01, 50.957
2478, 53.05, 50.974
2479, 53.1, 50.991
2480, 53.14, 51.007
2481, 53.18, 51.024
2482, 53.27, 51.057
2483, 53.31, 51.074
2484, 53.35, 51.091
2485, 53.39, 51.107
2486, 53.44, 51.124
2487, 53.48, 51.141
2488, 53.52, 51.157
2489, 53.57, 51.174
2490, 53.65, 51.207
2491, 53.7, 51.224
2492, 53.74, 51.241
2493, 53.79, 51.257
2494, 53.83, 51.274
2495, 53.87, 51.291
2496, 53.92, 51.307
2497, 53.96, 51.324
2498, 54, 51.341
2499, 54.09, 51.374
2500, 54.13, 51.391
2501, 54.17, 51.407
2502, 54.22, 51.424
2503, 54.26, 51.441
2504, 54.3, 51.457
2505, 54.34, 51.474
2506, 54.39, 51.491
2507, 54.43, 51.507
2508, 54.47, 51.524
2509, 54.56, 51.557
2510, 54.6, 51.574
2511, 54.64, 51.591
2512, 54.69, 51.607
2513, 54.73, 51.624
2514, 54.77, 51.641
2515, 54.81, 51.657
2516, 54.86, 51.674
2517, 54.9, 51.691
2518, 54.94, 51.707
2519, 55.02, 51.741
2520, 55.07, 51.757
2521, 55.11, 51.774
2522, 55.15, 51.791
2523, 55.19, 51.807
2524, 55.24, 51.824
2525, 55.28, 51.841
2526, 55.32, 51.857
2527, 55.36, 51.874
2528, 55.4, 51.891
2529, 55.44, 51.907
2530, 55.48, 51.924
2531, 55.55, 51.957
2532, 55.59, 51.974
2533, 55.63, 51.991
2534, 55.67, 52.007
2535, 55.71, 52.024
2536, 55.75, 52.041
2537, 55.79, 52.057
2538, 55.83, 52.074
2539, 55.87, 52.091
2540, 55.9, 52.107
2541, 55.94, 52.124
2542, 55.98, 52.141
2543, 56.01, 52.157
2544, 56.09, 52.191
2545, 56.13, 52.207
2546, 56.17, 52.224
2547, 56.21, 52.241
2548, 56.23, 52.257
2549, 56.24, 52.274
2550, 56.23, 52.291
2551, 56.21, 52.307
2552, 56.17, 52.324
2553, 56.13, 52.341
2554, 56.08, 52.357
2555, 56.03, 52.374
2556, 55.95, 52.391
2557, 55.8, 52.407
2558, 55.66, 52.441
2559, 55.58, 52.457
2560, 55.49, 52.474
2561, 55.35, 52.491
2562, 55.22, 52.507
2563, 55.11, 52.524
2564, 54.98, 52.541
2565, 54.83, 52.557
2566, 54.67, 52.574
2567, 54.5, 52.591
2568, 54.31, 52.607
2569, 53.91, 52.641
2570, 53.69, 52.657
2571, 53.46, 52.674
2572, 53.22, 52.691
2573, 52.97, 52.707
2574, 52.71, 52.724
2575, 52.46, 52.741
2576, 52.18, 52.757
2577, 51.65, 52.791
2578, 51.37, 52.807
2579, 51.11, 52.824
2580, 50.83, 52.841
2581, 50.57, 52.857
2582, 50.3, 52.874
2583, 49.76, 52.907
2584, 49.48, 52.924
2585, 49.23, 52.941
2586, 48.96, 52.957
2587, 48.47, 52.991
2588, 48.2, 53.007
2589, 47.91, 53.024
2590, 47.63, 53.041
2591, 47.17, 53.074
2592, 46.92, 53.091
2593, 46.66, 53.107
2594, 46.44, 53.124
2595, 46.03, 53.157
2596, 45.83, 53.174
2597, 45.64, 53.191
2598, 45.32, 53.224
2599, 45.18, 53.241
2600, 45.05, 53.257
2601, 44.81, 53.291
2602, 44.69, 53.307
2603, 44.58, 53.324
2604, 44.36, 53.357
2605, 44.26, 53.374
2606, 44.15, 53.391
2607, 43.95, 53.424
2608, 43.85, 53.441
2609, 43.76, 53.457
2610, 43.58, 53.491
2611, 43.49, 53.507
2612, 43.32, 53.541
2613, 43.23, 53.557
2614, 43.15, 53.574
2615, 42.99, 53.607
2616, 42.91, 53.624
2617, 42.75, 53.657
2618, 42.67, 53.674
2619, 42.59, 53.691
2620, 42.43, 53.724
2621, 42.36, 53.741
2622, 42.22, 53.774
2623, 42.16, 53.791
2624, 42.03, 53.824
2625, 41.98, 53.841
2626, 41.92, 53.857
2627, 41.82, 53.891
2628, 41.77, 53.907
2629, 41.67, 53.941
2630, 41.62, 53.957
2631, 41.53, 53.991
2632, 41.48, 54.007
2633, 41.44, 54.024
2634, 41.35, 54.057
2635, 41.31, 54.074
2636, 41.23, 54.107
2637, 41.18, 54.124
2638, 41.09, 54.157
2639, 41.05, 54.174
2640, 40.96, 54.207
2641, 40.92, 54.224
2642, 40.83, 54.257
2643, 40.79, 54.274
2644, 40.7, 54.307
2645, 40.66, 54.324
2646, 40.62, 54.341
2647, 40.53, 54.374
2648, 40.5, 54.391
2649, 40.44, 54.424
2650, 40.41, 54.441
2651, 40.36, 54.474
2652, 40.33, 54.491
2653, 40.27, 54.524
2654, 40.24, 54.541
2655, 40.16, 54.574
2656, 40.11, 54.591
2657, 40.03, 54.624
2658, 39.98, 54.641
2659, 39.9, 54.674
2660, 39.85, 54.691
2661, 39.76, 54.724
2662, 39.72, 54.741
2663, 39.63, 54.774
2664, 39.59, 54.791
2665, 39.5, 54.824
2666, 39.46, 54.841
2667, 39.37, 54.874
2668, 39.32, 54.891
2669, 39.24, 54.924
2670, 39.19, 54.941
2671, 39.11, 54.974
2672, 39.06, 54.991
2673, 38.98, 55.024
2674, 38.93, 55.041
2675, 38.86, 55.074
2676, 38.81, 55.107
2677, 38.79, 55.124
2678, 38.77, 55.157
2679, 38.81, 55.174
2680, 38.79, 55.207
2681, 38.78, 55.224
2682, 38.78, 55.257
2683, 38.78, 55.274
2684, 38.77, 55.307
2685, 38.78, 55.324
2686, 38.78, 55.357
2687, 38.78, 55.374
2688, 38.79, 55.407
2689, 38.8, 55.424
2690, 38.82, 55.457
2691, 38.83, 55.491
2692, 38.84, 55.507
2693, 38.86, 55.541
2694, 38.87, 55.557
2695, 38.88, 55.591
2696, 38.89, 55.607
2697, 38.9, 55.641
2698, 38.91, 55.657
2699, 38.93, 55.691
2700, 38.94, 55.707
2701, 38.95, 55.741
2702, 38.95, 55.757
2703, 38.93, 55.791
2704, 38.93, 55.807
2705, 39, 55.841
2706, 39.05, 55.874
2707, 39.04, 55.891
2708, 39.1, 55.924
2709, 39.12, 55.941
2710, 39.2, 55.974
2711, 39.23, 55.991
2712, 39.27, 56.024
2713, 39.33, 56.041
2714, 39.41, 56.074
2715, 39.44, 56.091
2716, 39.48, 56.124
2717, 39.51, 56.141
2718, 39.55, 56.174
2719, 39.6, 56.191
2720, 39.68, 56.224
2721, 39.7, 56.241
2722, 39.76, 56.274
2723, 39.8, 56.291
2724, 39.88, 56.324
2725, 39.9, 56.341
2726, 39.94, 56.374
2727, 39.97, 56.391
2728, 40.03, 56.424
2729, 40.07, 56.441
2730, 40.15, 56.474
2731, 40.18, 56.491
2732, 40.24, 56.524
2733, 40.26, 56.541
2734, 40.31, 56.574
2735, 40.33, 56.591
2736, 40.43, 56.624
2737, 40.5, 56.641
2738, 40.55, 56.674
2739, 40.57, 56.691
2740, 40.66, 56.724
2741, 40.7, 56.741
2742, 40.75, 56.774
2743, 40.78, 56.791
2744, 40.84, 56.824
2745, 40.88, 56.841
2746, 40.92, 56.857
2747, 40.94, 56.891
2748, 40.95, 56.907
2749, 40.98, 56.941
2750, 40.97, 56.957
2751, 40.97, 56.991
2752, 40.99, 57.007
2753, 41.03, 57.041
2754, 41.05, 57.057
2755, 41.05, 57.091
2756, 41.05, 57.107
2757, 41.1, 57.141
2758, 41.14, 57.157
2759, 41.18, 57.174
2760, 41.27, 57.207
2761, 41.32, 57.224
2762, 41.45, 57.257
2763, 41.53, 57.274
2764, 41.68, 57.307
2765, 41.75, 57.324
2766, 41.88, 57.357
2767, 41.94, 57.374
2768, 42.09, 57.407
2769, 42.16, 57.424
2770, 42.23, 57.441
2771, 42.37, 57.474
2772, 42.43, 57.491
2773, 42.56, 57.524
2774, 42.64, 57.541
2775, 42.72, 57.557
2776, 42.84, 57.591
2777, 42.91, 57.607
2778, 43.06, 57.641
2779, 43.13, 57.657
2780, 43.2, 57.674
2781, 43.35, 57.707
2782, 43.43, 57.724
2783, 43.57, 57.757
2784, 43.65, 57.774
2785, 43.72, 57.791
2786, 43.87, 57.824
2787, 43.94, 57.841
2788, 44.01, 57.857
2789, 44.16, 57.891
2790, 44.23, 57.907
2791, 44.37, 57.941
2792, 44.44, 57.957
2793, 44.51, 57.974
2794, 44.65, 58.007
2795, 44.72, 58.024
2796, 44.79, 58.041
2797, 44.94, 58.074
2798, 45.01, 58.091
2799, 45.08, 58.107
2800, 45.21, 58.141
2801, 45.28, 58.157
2802, 45.35, 58.174
2803, 45.49, 58.207
2804, 45.56, 58.224
2805, 45.62, 58.241
2806, 45.75, 58.274
2807, 45.83, 58.291
2808, 45.91, 58.307
2809, 46.04, 58.341
2810, 46.1, 58.357
2811, 46.16, 58.374
2812, 46.28, 58.407
2813, 46.35, 58.424
2814, 46.42, 58.441
2815, 46.57, 58.474
2816, 46.64, 58.491
2817, 46.7, 58.507
2818, 46.76, 58.524
2819, 46.86, 58.557
2820, 46.91, 58.574
2821, 46.97, 58.591
2822, 47.1, 58.624
2823, 47.17, 58.641
2824, 47.24, 58.657
2825, 47.31, 58.674
2826, 47.42, 58.707
2827, 47.49, 58.724
2828, 47.56, 58.741
2829, 47.69, 58.774
2830, 47.76, 58.791
2831, 47.83, 58.807
2832, 47.9, 58.824
2833, 48.05, 58.857
2834, 48.12, 58.874
2835, 48.19, 58.891
2836, 48.26, 58.907
2837, 48.42, 58.941
2838, 48.48, 58.957
2839, 48.57, 58.974
2840, 48.64, 58.991
2841, 48.78, 59.024
2842, 48.85, 59.041
2843, 48.93, 59.057
2844, 49, 59.074
2845, 49.14, 59.107
2846, 49.21, 59.124
2847, 49.29, 59.141
2848, 49.35, 59.157
2849, 49.42, 59.174
2850, 49.49, 59.207
2851, 49.47, 59.224
2852, 49.61, 59.241
2853, 49.74, 59.257
2854, 49.74, 59.274
2855, 49.89, 59.307
2856, 49.97, 59.324
2857, 50.02, 59.341
2858, 50.07, 59.357
2859, 50.22, 59.391
2860, 50.27, 59.407
2861, 50.33, 59.424
2862, 50.39, 59.441
2863, 50.46, 59.457
2864, 50.58, 59.491
2865, 50.65, 59.507
2866, 50.71, 59.524
2867, 50.77, 59.541
2868, 50.83, 59.557
2869, 50.9, 59.574
2870, 51.02, 59.607
2871, 51.08, 59.624
2872, 51.14, 59.641
2873, 51.21, 59.657
2874, 51.26, 59.674
2875, 51.38, 59.707
2876, 51.44, 59.724
2877, 51.51, 59.741
2878, 51.56, 59.757
2879, 51.63, 59.774
2880, 51.68, 59.791
2881, 51.8, 59.824
2882, 51.86, 59.841
2883, 51.92, 59.857
2884, 51.98, 59.874
2885, 52.04, 59.891
2886, 52.09, 59.907
2887, 52.16, 59.924
2888, 52.27, 59.957
2889, 52.33, 59.974
2890, 52.38, 59.991
2891, 52.44, 60.007
2892, 52.49, 60.024
2893, 52.54, 60.041
2894, 52.62, 60.074
2895, 52.63, 60.091
2896, 52.64, 60.107
2897, 52.62, 60.124
2898, 52.57, 60.141
2899, 52.53, 60.157
2900, 52.47, 60.174
2901, 52.27, 60.207
2902, 52.15, 60.224
2903, 52.09, 60.241
2904, 51.99, 60.257
2905, 51.89, 60.274
2906, 51.74, 60.291
2907, 51.57, 60.307
2908, 51.26, 60.341
2909, 51.08, 60.357
2910, 50.88, 60.374
2911, 50.65, 60.391
2912, 50.45, 60.407
2913, 50.01, 60.441
2914, 49.73, 60.457
2915, 49.43, 60.474
2916, 49.17, 60.491
2917, 48.93, 60.507
2918, 48.47, 60.541
2919, 48.23, 60.557
2920, 48, 60.574
2921, 47.73, 60.591
2922, 47.17, 60.624
2923, 46.97, 60.641
2924, 46.77, 60.657
2925, 46.56, 60.674
2926, 46.23, 60.707
2927, 46.09, 60.724
2928, 45.97, 60.741
2929, 45.74, 60.774
2930, 45.64, 60.791
2931, 45.55, 60.807
2932, 45.38, 60.841
2933, 45.29, 60.857
2934, 45.22, 60.874
2935, 45.07, 60.907
2936, 44.99, 60.924
2937, 44.92, 60.941
2938, 44.79, 60.974
2939, 44.72, 60.991
2940, 44.66, 61.007
2941, 44.53, 61.041
2942, 44.46, 61.057
2943, 44.34, 61.091
2944, 44.28, 61.107
2945, 44.23, 61.124
2946, 44.12, 61.157
2947, 44.06, 61.174
2948, 44, 61.191
2949, 43.89, 61.224
2950, 43.84, 61.241
2951, 43.73, 61.274
2952, 43.67, 61.291
2953, 43.61, 61.307
2954, 43.5, 61.341
2955, 43.44, 61.357
2956, 43.32, 61.391
2957, 43.27, 61.407
2958, 43.21, 61.424
2959, 43.1, 61.457
2960, 43.04, 61.474
2961, 42.93, 61.507
2962, 42.87, 61.524
2963, 42.81, 61.541
2964, 42.7, 61.574
2965, 42.65, 61.591
2966, 42.54, 61.624
2967, 42.48, 61.641
2968, 42.37, 61.674
2969, 42.32, 61.691
2970, 42.27, 61.707
2971, 42.16, 61.741
2972, 42.1, 61.757
2973, 42, 61.791
2974, 41.94, 61.807
2975, 41.84, 61.841
2976, 41.78, 61.857
2977, 41.68, 61.891
2978, 41.62, 61.907
2979, 41.57, 61.924
2980, 41.46, 61.957
2981, 41.4, 61.974
2982, 41.29, 62.007
2983, 41.24, 62.024
2984, 41.13, 62.057
2985, 41.07, 62.074
2986, 40.96, 62.107
2987, 40.91, 62.124
2988, 40.8, 62.157
2989, 40.75, 62.174
2990, 40.64, 62.207
2991, 40.59, 62.224
2992, 40.52, 62.257
2993, 40.48, 62.274
2994, 40.46, 62.307
2995, 40.51, 62.324
2996, 40.53, 62.357
2997, 40.56, 62.374
2998, 40.61, 62.391
2999, 40.72, 62.424
3000, 40.78, 62.441
3001, 40.9, 62.474
3002, 40.95, 62.491
3003, 41.07, 62.524
3004, 41.13, 62.541
3005, 41.22, 62.574
3006, 41.28, 62.591
3007, 41.4, 62.624
3008, 41.45, 62.641
3009, 41.55, 62.674
3010, 41.61, 62.691
3011, 41.67, 62.707
3012, 41.78, 62.741
3013, 41.84, 62.757
3014, 41.97, 62.791
3015, 42.03, 62.807
3016, 42.16, 62.841
3017, 42.22, 62.857
3018, 42.33, 62.891
3019, 42.39, 62.907
3020, 42.45, 62.924
3021, 42.56, 62.957
3022, 42.61, 62.974
3023, 42.74, 63.007
3024, 42.8, 63.024
3025, 42.86, 63.041
3026, 42.97, 63.074
3027, 43.01, 63.091
3028, 43.11, 63.124
3029, 43.16, 63.141
3030, 43.22, 63.157
3031, 43.33, 63.191
3032, 43.4, 63.207
3033, 43.5, 63.241
3034, 43.55, 63.257
3035, 43.58, 63.274
3036, 43.68, 63.307
3037, 43.74, 63.324
3038, 43.81, 63.341
3039, 43.94, 63.374
3040, 43.99, 63.391
3041, 44.1, 63.424
3042, 44.14, 63.441
3043, 44.2, 63.457
3044, 44.29, 63.491
3045, 44.36, 63.507
3046, 44.4, 63.524
3047, 44.52, 63.557
3048, 44.57, 63.574
3049, 44.63, 63.591
3050, 44.74, 63.624
3051, 44.78, 63.641
3052, 44.89, 63.674
3053, 44.93, 63.691
3054, 44.99, 63.707
3055, 45.1, 63.741
3056, 45.15, 63.757
3057, 45.19, 63.774
3058, 45.28, 63.807
3059, 45.33, 63.824
3060, 45.38, 63.841
3061, 45.48, 63.874
3062, 45.53, 63.891
3063, 45.58, 63.907
3064, 45.67, 63.941
3065, 45.72, 63.957
3066, 45.77, 63.974
3067, 45.86, 64.007
3068, 45.91, 64.024
3069, 45.96, 64.041
3070, 46.05, 64.074
3071, 46.1, 64.091
3072, 46.15, 64.107
3073, 46.24, 64.141
3074, 46.29, 64.157
3075, 46.34, 64.174
3076, 46.43, 64.207
3077, 46.48, 64.224
3078, 46.53, 64.241
3079, 46.57, 64.257
3080, 46.66, 64.291
3081, 46.71, 64.307
3082, 46.77, 64.324
3083, 46.87, 64.357
3084, 46.91, 64.374
3085, 46.96, 64.391
3086, 47.05, 64.424
3087, 47.1, 64.441
3088, 47.14, 64.457
3089, 47.19, 64.474
3090, 47.29, 64.507
3091, 47.33, 64.524
3092, 47.38, 64.541
3093, 47.48, 64.574
3094, 47.53, 64.591
3095, 47.59, 64.607
3096, 47.64, 64.624
3097, 47.74, 64.657
3098, 47.79, 64.674
3099, 47.85, 64.691
3100, 47.96, 64.724
3101, 48.02, 64.741
3102, 48.08, 64.757
3103, 48.13, 64.774
3104, 48.24, 64.807
3105, 48.29, 64.824
3106, 48.35, 64.841
3107, 48.4, 64.857
3108, 48.52, 64.891
3109, 48.58, 64.907
3110, 48.63, 64.924
3111, 48.69, 64.941
3112, 48.8, 64.974
3113, 48.85, 64.991
3114, 48.9, 65.007
3115, 48.95, 65.024
3116, 49.01, 65.041
3117, 49.12, 65.074
3118, 49.18, 65.091
3119, 49.23, 65.107
3120, 49.28, 65.124
3121, 49.4, 65.157
3122, 49.45, 65.174
3123, 49.5, 65.191
3124, 49.56, 65.207
3125, 49.61, 65.224
3126, 49.73, 65.257
3127, 49.78, 65.274
3128, 49.83, 65.291
3129, 49.88, 65.307
3130, 49.86, 65.324
3131, 49.94, 65.357
3132, 50.07, 65.374
3133, 50.05, 65.391
3134, 50.08, 65.407
3135, 50.13, 65.424
3136, 50.25, 65.457
3137, 50.28, 65.474
3138, 50.34, 65.491
3139, 50.39, 65.507
3140, 50.44, 65.524
3141, 50.53, 65.557
3142, 50.57, 65.574
3143, 50.62, 65.591
3144, 50.66, 65.607
3145, 50.71, 65.624
3146, 50.79, 65.657
3147, 50.85, 65.674
3148, 50.88, 65.691
3149, 50.94, 65.707
3150, 50.97, 65.724
3151, 51.02, 65.741
3152, 51.1, 65.774
3153, 51.16, 65.791
3154, 51.19, 65.807
3155, 51.25, 65.824
3156, 51.28, 65.841
3157, 51.33, 65.857
3158, 51.41, 65.891
3159, 51.46, 65.907
3160, 51.5, 65.924
3161, 51.55, 65.941
3162, 51.58, 65.957
3163, 51.64, 65.974
3164, 51.73, 66.007
3165, 51.77, 66.024
3166, 51.81, 66.041
3167, 51.86, 66.057
3168, 51.89, 66.074
3169, 51.94, 66.091
3170, 52.02, 66.124
3171, 52.06, 66.141
3172, 52.11, 66.157
3173, 52.14, 66.174
3174, 52.19, 66.191
3175, 52.23, 66.207
3176, 52.32, 66.241
3177, 52.36, 66.257
3178, 52.4, 66.274
3179, 52.44, 66.291
3180, 52.48, 66.307
3181, 52.52, 66.324
3182, 52.57, 66.341
3183, 52.65, 66.374
3184, 52.69, 66.391
3185, 52.73, 66.407
3186, 52.77, 66.424
3187, 52.81, 66.441
3188, 52.85, 66.457
3189, 52.89, 66.474
3190, 52.97, 66.507
3191, 53.01, 66.524
3192, 53.05, 66.541
3193, 53.1, 66.557
3194, 53.14, 66.574
3195, 53.18, 66.591
3196, 53.22, 66.607
3197, 53.3, 66.641
3198, 53.34, 66.657
3199, 53.38, 66.674
3200, 53.43, 66.691
3201, 53.47, 66.707
3202, 53.51, 66.724
3203, 53.55, 66.741
3204, 53.59, 66.757
3205, 53.67, 66.791
3206, 53.71, 66.807
3207, 53.75, 66.824
3208, 53.79, 66.841
3209, 53.83, 66.857
3210, 53.87, 66.874
3211, 53.91, 66.891
3212, 53.96, 66.907
3213, 54, 66.924
3214, 54.08, 66.957
3215, 54.12, 66.974
3216, 54.16, 66.991
3217, 54.2, 67.007
3218, 54.24, 67.024
3219, 54.28, 67.041
3220, 54.33, 67.057
3221, 54.37, 67.074
3222, 54.41, 67.091
3223, 54.49, 67.124
3224, 54.53, 67.141
3225, 54.57, 67.157
3226, 54.62, 67.174
3227, 54.66, 67.191
3228, 54.7, 67.207
3229, 54.74, 67.224
3230, 54.78, 67.241
3231, 54.82, 67.257
3232, 54.91, 67.291
3233, 54.95, 67.307
3234, 54.99, 67.324
3235, 55.03, 67.341
3236, 55.07, 67.357
3237, 55.11, 67.374
3238, 55.15, 67.391
3239, 55.19, 67.407
3240, 55.23, 67.424
3241, 55.27, 67.441
3242, 55.31, 67.457
3243, 55.39, 67.491
3244, 55.43, 67.507
3245, 55.47, 67.524
3246, 55.51, 67.541
3247, 55.55, 67.557
3248, 55.59, 67.574
3249, 55.63, 67.591
3250, 55.67, 67.607
3251, 55.71, 67.624
3252, 55.75, 67.641
3253, 55.79, 67.657
3254, 55.82, 67.674
3255, 55.9, 67.707
3256, 55.94, 67.724
3257, 55.98, 67.741
3258, 56.02, 67.757
3259, 56.05, 67.774
3260, 56.09, 67.791
3261, 56.13, 67.807
3262, 56.16, 67.824
3263, 56.2, 67.841
3264, 56.24, 67.857
3265, 56.28, 67.874
3266, 56.31, 67.891
3267, 56.35, 67.907
3268, 56.39, 67.924
3269, 56.46, 67.957
3270, 56.5, 67.974
3271, 56.53, 67.991
3272, 56.57, 68.007
3273, 56.61, 68.024
3274, 56.64, 68.041
3275, 56.68, 68.057
3276, 56.71, 68.074
3277, 56.75, 68.091
3278, 56.79, 68.107
3279, 56.82, 68.124
3280, 56.86, 68.141
3281, 56.89, 68.157
3282, 56.93, 68.174
3283, 56.96, 68.191
3284, 57, 68.207
3285, 57.03, 68.224
3286, 57.1, 68.257
3287, 57.13, 68.274
3288, 57.17, 68.291
3289, 57.2, 68.307
3290, 57.23, 68.324
3291, 57.27, 68.341
3292, 57.3, 68.357
3293, 57.33, 68.374
3294, 57.36, 68.391
3295, 57.4, 68.407
3296, 57.43, 68.424
3297, 57.46, 68.441
3298, 57.49, 68.457
3299, 57.52, 68.474
3300, 57.56, 68.491
3301, 57.59, 68.507
3302, 57.62, 68.524
3303, 57.65, 68.541
3304, 57.68, 68.557
3305, 57.71, 68.574
3306, 57.74, 68.591
3307, 57.8, 68.624
3308, 57.83, 68.641
3309, 57.86, 68.657
3310, 57.89, 68.674
3311, 57.92, 68.691
3312, 57.94, 68.707
3313, 57.97, 68.724
3314, 58, 68.741
3315, 58.03, 68.757
3316, 58.05, 68.774
3317, 58.08, 68.791
3318, 58.1, 68.807
3319, 58.13, 68.824
3320, 58.17, 68.841
3321, 58.2, 68.857
3322, 58.23, 68.874
3323, 58.25, 68.891
3324, 58.28, 68.907
3325, 58.31, 68.924
3326, 58.34, 68.941
3327, 58.37, 68.957
3328, 58.4, 68.974
3329, 58.42, 68.991
3330, 58.45, 69.007
3331, 58.47, 69.024
3332, 58.5, 69.041
3333, 58.53, 69.057
3334, 58.56, 69.074
3335, 58.58, 69.091
3336, 58.61, 69.107
3337, 58.67, 69.141
3338, 58.69, 69.157
3339, 58.72, 69.174
3340, 58.74, 69.191
3341, 58.77, 69.207
3342, 58.79, 69.224
3343, 58.82, 69.241
3344, 58.84, 69.257
3345, 58.87, 69.274
3346, 58.9, 69.291
3347, 58.92, 69.307
3348, 58.95, 69.324
3349, 58.97, 69.341
3350, 59, 69.357
3351, 59.02, 69.374
3352, 59.05, 69.391
3353, 59.07, 69.407
3354, 59.1, 69.424
3355, 59.12, 69.441
3356, 59.14, 69.457
3357, 59.17, 69.474
3358, 59.19, 69.491
3359, 59.22, 69.507
3360, 59.24, 69.524
3361, 59.26, 69.541
3362, 59.28, 69.557
3363, 59.31, 69.574
3364, 59.33, 69.591
3365, 59.36, 69.607
3366, 59.38, 69.624
3367, 59.4, 69.641
3368, 59.43, 69.657
3369, 59.45, 69.674
3370, 59.47, 69.691
3371, 59.5, 69.707
3372, 59.52, 69.724
3373, 59.54, 69.741
3374, 59.57, 69.757
3375, 59.59, 69.774
3376, 59.61, 69.791
3377, 59.64, 69.807
3378, 59.66, 69.824
3379, 59.69, 69.841
3380, 59.71, 69.857
3381, 59.73, 69.874
3382, 59.76, 69.891
3383, 59.78, 69.907
3384, 59.8, 69.924
3385, 59.83, 69.941
3386, 59.85, 69.957
3387, 59.87, 69.974
3388, 59.9, 69.991
3389, 59.92, 70.007
3390, 59.88, 70.024
3391, 59.83, 70.041
3392, 59.93, 70.057
3393, 59.98, 70.074
3394, 59.92, 70.091
3395, 59.97, 70.107
3396, 60.01, 70.124
3397, 60.02, 70.141
3398, 60.03, 70.157
3399, 60.06, 70.174
3400, 60.08, 70.191
3401, 60.09, 70.207
3402, 60.12, 70.224
3403, 60.14, 70.241
3404, 60.16, 70.257
3405, 60.18, 70.274
3406, 60.2, 70.291
3407, 60.22, 70.307
3408, 60.24, 70.324
3409, 60.26, 70.341
3410, 60.28, 70.357
3411, 60.3, 70.374
3412, 60.32, 70.391
3413, 60.35, 70.407
3414, 60.37, 70.424
3415, 60.39, 70.441
3416, 60.41, 70.457
3417, 60.43, 70.474
3418, 60.45, 70.491
3419, 60.47, 70.507
3420, 60.49, 70.524
3421, 60.51, 70.541
3422, 60.53, 70.557
3423, 60.55, 70.574
3424, 60.57, 70.591
3425, 60.59, 70.607
3426, 60.61, 70.624
3427, 60.63, 70.641
3428, 60.66, 70.657
3429, 60.68, 70.674
3430, 60.71, 70.691
3431, 60.73, 70.707
3432, 60.74, 70.724
3433, 60.76, 70.741
3434, 60.77, 70.757
3435, 60.79, 70.774
3436, 60.81, 70.791
3437, 60.84, 70.807
3438, 60.86, 70.824
3439, 60.88, 70.841
3440, 60.9, 70.857
3441, 60.93, 70.874
3442, 60.95, 70.891
3443, 60.97, 70.907
3444, 60.99, 70.924
3445, 61.01, 70.941
3446, 61.03, 70.957
3447, 61.05, 70.974
3448, 61.07, 70.991
3449, 61.09, 71.007
3450, 61.11, 71.024
3451, 61.13, 71.041
3452, 61.15, 71.057
3453, 61.17, 71.074
3454, 61.2, 71.091
3455, 61.22, 71.107
3456, 61.24, 71.124
3457, 61.26, 71.141
3458, 61.28, 71.157
3459, 61.3, 71.174
3460, 61.32, 71.191
3461, 61.34, 71.207
3462, 61.35, 71.224
3463, 61.37, 71.241
3464, 61.37, 71.241
3465, 61.39, 71.257
3466, 61.41, 71.274
3467, 61.44, 71.291
3468, 61.46, 71.307
3469, 61.48, 71.324
3470, 61.51, 71.341
3471, 61.53, 71.357
3472, 61.55, 71.374
3473, 61.57, 71.391
3474, 61.59, 71.407
3475, 61.61, 71.424
3476, 61.63, 71.441
3477, 61.65, 71.457
3478, 61.67, 71.474
3479, 61.69, 71.491
3480, 61.71, 71.507
3481, 61.73, 71.524
3482, 61.75, 71.541
3483, 61.78, 71.557
3484, 61.8, 71.574
3485, 61.82, 71.591
3486, 61.84, 71.607
3487, 61.86, 71.624
3488, 61.88, 71.641
3489, 61.9, 71.657
3490, 61.92, 71.674
3491, 61.94, 71.691
3492, 61.97, 71.707
3493, 61.99, 71.724
3494, 62.01, 71.741
3495, 62.03, 71.757
3496, 62.05, 71.774
3497, 62.07, 71.791
3498, 62.09, 71.807
3499, 62.09, 71.807
3500, 62.11, 71.824
3501, 62.14, 71.841
3502, 62.16, 71.857
3503, 62.18, 71.874
3504, 62.2, 71.891
3505, 62.22, 71.907
3506, 62.24, 71.924
3507, 62.26, 71.941
3508, 62.28, 71.957
3509, 62.3, 71.974
3510, 62.32, 71.991
3511, 62.34, 72.007
3512, 62.37, 72.024
3513, 62.39, 72.041
3514, 62.41, 72.057
3515, 62.43, 72.074
3516, 62.45, 72.091
3517, 62.47, 72.107
3518, 62.49, 72.124
3519, 62.51, 72.141
3520, 62.54, 72.157
3521, 62.56, 72.174
3522, 62.59, 72.191
3523, 62.61, 72.207
3524, 62.63, 72.224
3525, 62.65, 72.241
3526, 62.65, 72.241
3527, 62.66, 72.257
3528, 62.68, 72.274
3529, 62.69, 72.291
3530, 62.71, 72.307
3531, 62.73, 72.324
3532, 62.75, 72.341
3533, 62.78, 72.357
3534, 62.8, 72.374
3535, 62.82, 72.391
3536, 62.84, 72.407
3537, 62.87, 72.424
3538, 62.89, 72.441
3539, 62.91, 72.457
3540, 62.93, 72.474
3541, 62.95, 72.491
3542, 62.97, 72.507
3543, 62.99, 72.524
3544, 63.01, 72.541
3545, 63.03, 72.557
3546, 63.05, 72.574
3547, 63.07, 72.591
3548, 63.07, 72.591
3549, 63.09, 72.607
3550, 63.12, 72.624
3551, 63.14, 72.641
3552, 63.16, 72.657
3553, 63.17, 72.674
3554, 63.2, 72.691
3555, 63.22, 72.707
3556, 63.24, 72.724
3557, 63.26, 72.741
3558, 63.28, 72.757
3559, 63.3, 72.774
3560, 63.32, 72.791
3561, 63.34, 72.807
3562, 63.36, 72.824
3563, 63.38, 72.841
3564, 63.39, 72.857
3565, 63.41, 72.874
3566, 63.44, 72.891
3567, 63.44, 72.891
3568, 63.46, 72.907
3569, 63.48, 72.924
3570, 63.5, 72.941
3571, 63.52, 72.957
3572, 63.53, 72.974
3573, 63.55, 72.991
3574, 63.57, 73.007
3575, 63.58, 73.024
3576, 63.61, 73.041
3577, 63.62, 73.057
3578, 63.66, 73.074
3579, 63.68, 73.091
3580, 63.71, 73.107
3581, 63.72, 73.124
3582, 63.74, 73.141
3583, 63.76, 73.157
3584, 63.76, 73.157
3585, 63.78, 73.174
3586, 63.8, 73.191
3587, 63.82, 73.207
3588, 63.84, 73.224
3589, 63.86, 73.241
3590, 63.89, 73.257
3591, 63.91, 73.274
3592, 63.93, 73.291
3593, 63.95, 73.307
3594, 63.97, 73.324
3595, 63.99, 73.341
3596, 64.01, 73.357
3597, 64.03, 73.374
3598, 64.05, 73.391
3599, 64.07, 73.407
3600, 64.09, 73.424
3601, 64.09, 73.424
3602, 64.12, 73.441
3603, 64.14, 73.457
3604, 64.16, 73.474
3605, 64.18, 73.491
3606, 64.2, 73.507
3607, 64.22, 73.524
3608, 64.24, 73.541
3609, 64.26, 73.557
3610, 64.28, 73.574
3611, 64.3, 73.591
3612, 64.32, 73.607
3613, 64.34, 73.624
3614, 64.36, 73.641
3615, 64.38, 73.657
3616, 64.38, 73.657
3617, 64.4, 73.674
3618, 64.42, 73.691
3619, 64.44, 73.707
3620, 64.46, 73.724
3621, 64.47, 73.741
3622, 64.48, 73.757
3623, 64.47, 73.774
3624, 64.45, 73.791
3625, 64.42, 73.807
3626, 64.38, 73.824
3627, 64.32, 73.841
3628, 64.25, 73.857
3629, 64.19, 73.874
3630, 64.09, 73.891
3631, 64.09, 73.891
3632, 63.94, 73.907
3633, 63.87, 73.924
3634, 63.78, 73.941
3635, 63.69, 73.957
3636, 63.55, 73.974
3637, 63.42, 73.991
3638, 63.31, 74.007
3639, 63.17, 74.024
3640, 63.02, 74.041
3641, 62.87, 74.057
3642, 62.71, 74.074
3643, 62.54, 74.091
3644, 62.36, 74.107
3645, 62.18, 74.124
3646, 61.99, 74.141
3647, 61.8, 74.157
3648, 61.59, 74.174
3649, 61.39, 74.191
3650, 61.18, 74.207
3651, 60.98, 74.224
3652, 60.77, 74.241
3653, 60.56, 74.257
3654, 60.37, 74.274
3655, 60.17, 74.291
3656, 59.91, 74.307
3657, 59.64, 74.324
3658, 59.42, 74.341
3659, 59.24, 74.357
3660, 59.04, 74.374
3661, 58.81, 74.391
3662, 58.59, 74.407
3663, 58.4, 74.424
3664, 58.2, 74.441
3665, 58, 74.457
3666, 57.8, 74.474
3667, 57.61, 74.491
3668, 57.43, 74.507
3669, 57.24, 74.524
3670, 57.07, 74.541
3671, 56.9, 74.557
3672, 56.73, 74.574
3673, 56.56, 74.591
3674, 56.39, 74.607
3675, 56.23, 74.624
3676, 56.07, 74.641
3677, 55.92, 74.657
3678, 55.76, 74.674
3679, 55.47, 74.707
3680, 55.33, 74.724
3681, 55.2, 74.741
3682, 55.07, 74.757
3683, 54.96, 74.774
3684, 54.84, 74.791
3685, 54.73, 74.807
3686, 54.62, 74.824
3687, 54.52, 74.841
3688, 54.43, 74.857
3689, 54.33, 74.874
3690, 54.15, 74.907
3691, 54.07, 74.924
3692, 53.99, 74.941
3693, 53.9, 74.957
3694, 53.83, 74.974
3695, 53.75, 74.991
3696, 53.68, 75.007
3697, 53.6, 75.024
3698, 53.45, 75.057
3699, 53.38, 75.074
3700, 53.31, 75.091
3701, 53.24, 75.107
3702, 53.16, 75.124
3703, 53.09, 75.141
3704, 53.02, 75.157
3705, 52.94, 75.174
3706, 52.79, 75.207
3707, 52.71, 75.224
3708, 52.64, 75.241
3709, 52.56, 75.257
3710, 52.48, 75.274
3711, 52.41, 75.291
3712, 52.33, 75.307
3713, 52.17, 75.341
3714, 52.1, 75.357
3715, 52.02, 75.374
3716, 51.94, 75.391
3717, 51.86, 75.407
3718, 51.78, 75.424
3719, 51.63, 75.457
3720, 51.55, 75.474
3721, 51.48, 75.491
3722, 51.41, 75.507
3723, 51.34, 75.524
3724, 51.26, 75.541
3725, 51.13, 75.574
3726, 51.06, 75.591
3727, 51, 75.607
3728, 50.94, 75.624
3729, 50.87, 75.641
3730, 50.81, 75.657
3731, 50.69, 75.691
3732, 50.63, 75.707
3733, 50.57, 75.724
3734, 50.5, 75.741
3735, 50.44, 75.757
3736, 50.33, 75.791
3737, 50.27, 75.807
3738, 50.22, 75.824
3739, 50.16, 75.841
3740, 50.1, 75.857
3741, 49.98, 75.891
3742, 49.92, 75.907
3743, 49.86, 75.924
3744, 49.8, 75.941
3745, 49.73, 75.957
3746, 49.62, 75.991
3747, 49.58, 76.007
3748, 49.53, 76.024
3749, 49.49, 76.041
3750, 49.44, 76.057
3751, 49.32, 76.091
3752, 49.24, 76.107
3753, 49.16, 76.124
3754, 49.08, 76.141
3755, 48.95, 76.174
3756, 48.89, 76.191
3757, 48.84, 76.207
3758, 48.8, 76.224
3759, 48.7, 76.257
3760, 48.65, 76.274
3761, 48.58, 76.291
3762, 48.53, 76.307
3763, 48.46, 76.324
3764, 48.35, 76.357
3765, 48.29, 76.374
3766, 48.24, 76.391
3767, 48.18, 76.407
3768, 48.06, 76.441
3769, 47.99, 76.457
3770, 47.93, 76.474
3771, 47.88, 76.491
3772, 47.8, 76.524
3773, 47.76, 76.541
3774, 47.72, 76.557
3775, 47.7, 76.574
3776, 47.71, 76.607
3777, 47.67, 76.624
3778, 47.66, 76.641
3779, 47.66, 76.657
3780, 47.63, 76.691
3781, 47.62, 76.707
3782, 47.61, 76.724
3783, 47.6, 76.741
3784, 47.61, 76.774
3785, 47.62, 76.791
3786, 47.63, 76.807
3787, 47.68, 76.841
3788, 47.71, 76.857
3789, 47.75, 76.874
3790, 47.78, 76.891
3791, 47.86, 76.924
3792, 47.9, 76.941
3793, 47.95, 76.957
3794, 47.99, 76.974
3795, 48.08, 77.007
3796, 48.13, 77.024
3797, 48.17, 77.041
3798, 48.21, 77.057
3799, 48.31, 77.091
3800, 48.37, 77.107
3801, 48.42, 77.124
3802, 48.47, 77.141
3803, 48.56, 77.174
3804, 48.61, 77.191
3805, 48.66, 77.207
3806, 48.71, 77.224
3807, 48.77, 77.241
3808, 48.89, 77.274
3809, 48.95, 77.291
3810, 49, 77.307
3811, 49.06, 77.324
3812, 49.17, 77.357
3813, 49.22, 77.374
3814, 49.28, 77.391
3815, 49.33, 77.407
3816, 49.39, 77.424
3817, 49.5, 77.457
3818, 49.56, 77.474
3819, 49.61, 77.491
3820, 49.67, 77.507
3821, 49.72, 77.524
3822, 49.84, 77.557
3823, 49.9, 77.574
3824, 49.95, 77.591
3825, 50.01, 77.607
3826, 50.07, 77.624
3827, 50.19, 77.657
3828, 50.24, 77.674
3829, 50.3, 77.691
3830, 50.36, 77.707
3831, 50.42, 77.724
3832, 50.54, 77.757
3833, 50.6, 77.774
3834, 50.66, 77.791
3835, 50.72, 77.807
3836, 50.78, 77.824
3837, 50.89, 77.857
3838, 50.95, 77.874
3839, 51.01, 77.891
3840, 51.06, 77.907
3841, 51.12, 77.924
3842, 51.18, 77.941
3843, 51.3, 77.974
3844, 51.35, 77.991
3845, 51.41, 78.007
3846, 51.47, 78.024
3847, 51.53, 78.041
3848, 51.59, 78.057
3849, 51.7, 78.091
3850, 51.76, 78.107
3851, 51.82, 78.124
3852, 51.88, 78.141
3853, 51.93, 78.157
3854, 51.99, 78.174
3855, 52.11, 78.207
3856, 52.16, 78.224
3857, 52.22, 78.241
3858, 52.28, 78.257
3859, 52.34, 78.274
3860, 52.4, 78.291
3861, 52.51, 78.324
3862, 52.56, 78.341
3863, 52.6, 78.357
3864, 52.63, 78.374
3865, 52.64, 78.391
3866, 52.65, 78.407
3867, 52.63, 78.424
3868, 52.55, 78.457
3869, 52.51, 78.474
3870, 52.42, 78.491
3871, 52.3, 78.507
3872, 52.24, 78.524
3873, 52.19, 78.541
3874, 52.12, 78.557
3875, 51.91, 78.591
3876, 51.82, 78.607
3877, 51.72, 78.624
3878, 51.61, 78.641
3879, 51.49, 78.657
3880, 51.37, 78.674
3881, 51.11, 78.707
3882, 50.97, 78.724
3883, 50.83, 78.741
3884, 50.69, 78.757
3885, 50.54, 78.774
3886, 50.37, 78.791
3887, 50.04, 78.824
3888, 49.87, 78.841
3889, 49.7, 78.857
3890, 49.53, 78.874
3891, 49.19, 78.907
3892, 49.03, 78.924
3893, 48.88, 78.941
3894, 48.73, 78.957
3895, 48.55, 78.974
3896, 48.14, 79.007
3897, 47.98, 79.024
3898, 47.79, 79.041
3899, 47.58, 79.057
3900, 47.19, 79.091
3901, 47.03, 79.107
3902, 46.88, 79.124
3903, 46.6, 79.157
3904, 46.47, 79.174
3905, 46.33, 79.191
3906, 46.21, 79.207
3907, 45.97, 79.241
3908, 45.86, 79.257
3909, 45.75, 79.274
3910, 45.55, 79.307
3911, 45.45, 79.324
3912, 45.36, 79.341
3913, 45.18, 79.374
3914, 45.09, 79.391
3915, 45.01, 79.407
3916, 44.81, 79.441
3917, 44.71, 79.457
3918, 44.62, 79.474
3919, 44.44, 79.507
3920, 44.35, 79.524
3921, 44.18, 79.557
3922, 44.1, 79.574
3923, 44.03, 79.591
3924, 43.85, 79.624
3925, 43.76, 79.641
3926, 43.67, 79.657
3927, 43.48, 79.691
3928, 43.38, 79.707
3929, 43.2, 79.741
3930, 43.11, 79.757
3931, 43.03, 79.774
3932, 42.86, 79.807
3933, 42.78, 79.824
3934, 42.63, 79.857
3935, 42.56, 79.874
3936, 42.48, 79.891
3937, 42.34, 79.924
3938, 42.27, 79.941
3939, 42.14, 79.974
3940, 42.07, 79.991
3941, 41.94, 80.024
3942, 41.88, 80.041
3943, 41.82, 80.057
3944, 41.69, 80.091
3945, 41.63, 80.107
3946, 41.52, 80.141
3947, 41.46, 80.157
3948, 41.35, 80.191
3949, 41.3, 80.207
3950, 41.21, 80.241
3951, 41.16, 80.257
3952, 41.08, 80.291
3953, 41.04, 80.307
3954, 40.95, 80.341
3955, 40.9, 80.357
3956, 40.86, 80.374
3957, 40.76, 80.407
3958, 40.72, 80.424
3959, 40.63, 80.457
3960, 40.57, 80.474
3961, 40.46, 80.507
3962, 40.39, 80.524
3963, 40.26, 80.557
3964, 40.2, 80.574
3965, 40.08, 80.607
3966, 39.96, 80.641
3967, 39.9, 80.657
3968, 39.8, 80.691
3969, 39.74, 80.707
3970, 39.64, 80.741
3971, 39.59, 80.757
3972, 39.53, 80.791
3973, 39.5, 80.807
3974, 39.63, 80.841
3975, 39.68, 80.857
3976, 39.75, 80.891
3977, 39.82, 80.907
3978, 39.95, 80.941
3979, 40.01, 80.957
3980, 40.12, 80.991
3981, 40.18, 81.007
3982, 40.32, 81.041
3983, 40.39, 81.057
3984, 40.52, 81.091
3985, 40.58, 81.107
3986, 40.71, 81.141
3987, 40.78, 81.157
3988, 40.92, 81.191
3989, 40.99, 81.207
3990, 41.14, 81.241
3991, 41.22, 81.257
3992, 41.29, 81.274
3993, 41.44, 81.307
3994, 41.52, 81.324
3995, 41.67, 81.357
3996, 41.75, 81.374
3997, 41.9, 81.407
3998, 41.98, 81.424
3999, 42.13, 81.457
4000, 42.21, 81.474
4001, 42.29, 81.491
4002, 42.44, 81.524
4003, 42.51, 81.541
4004, 42.66, 81.574
4005, 42.73, 81.591
4006, 42.88, 81.624
4007, 42.95, 81.641
4008, 43.02, 81.657
4009, 43.16, 81.691
4010, 43.23, 81.707
4011, 43.38, 81.741
4012, 43.45, 81.757
4013, 43.52, 81.774
4014, 43.66, 81.807
4015, 43.73, 81.824
4016, 43.8, 81.841
4017, 43.94, 81.874
4018, 44.01, 81.891
4019, 44.14, 81.924
4020, 44.22, 81.941
4021, 44.29, 81.957
4022, 44.42, 81.991
4023, 44.48, 82.007
4024, 44.54, 82.024
4025, 44.64, 82.057
4026, 44.71, 82.074
4027, 44.77, 82.091
4028, 44.95, 82.124
4029, 45.01, 82.141
4030, 45.08, 82.157
4031, 45.19, 82.191
4032, 45.25, 82.207
4033, 45.33, 82.224
4034, 45.47, 82.257
4035, 45.54, 82.274
4036, 45.6, 82.291
4037, 45.74, 82.324
4038, 45.81, 82.341
4039, 45.88, 82.357
4040, 46.02, 82.391
4041, 46.08, 82.407
4042, 46.14, 82.424
4043, 46.26, 82.457
4044, 46.33, 82.474
4045, 46.4, 82.491
4046, 46.46, 82.507
4047, 46.62, 82.541
4048, 46.68, 82.557
4049, 46.75, 82.574
4050, 46.87, 82.607
4051, 46.94, 82.624
4052, 47, 82.641
4053, 47.06, 82.657
4054, 47.2, 82.691
4055, 47.28, 82.707
4056, 47.35, 82.724
4057, 47.49, 82.757
4058, 47.55, 82.774
4059, 47.61, 82.791
4060, 47.66, 82.807
4061, 47.77, 82.841
4062, 47.79, 82.857
4063, 47.83, 82.874
4064, 47.89, 82.891
4065, 48.07, 82.924
4066, 48.15, 82.941
4067, 48.23, 82.957
4068, 48.28, 82.974
4069, 48.39, 83.007
4070, 48.45, 83.024
4071, 48.51, 83.041
4072, 48.56, 83.057
4073, 48.69, 83.091
4074, 48.75, 83.107
4075, 48.82, 83.124
4076, 48.88, 83.141
4077, 48.95, 83.157
4078, 49.06, 83.191
4079, 49.12, 83.207
4080, 49.18, 83.224
4081, 49.24, 83.241
4082, 49.36, 83.274
4083, 49.42, 83.291
4084, 49.47, 83.307
4085, 49.53, 83.324
4086, 49.58, 83.341
4087, 49.65, 83.374
4088, 49.61, 83.391
4089, 49.74, 83.407
4090, 49.86, 83.424
4091, 49.85, 83.441
4092, 49.97, 83.474
4093, 50.03, 83.491
4094, 50.07, 83.507
4095, 50.12, 83.524
4096, 50.18, 83.541
4097, 50.29, 83.574
4098, 50.34, 83.591
4099, 50.4, 83.607
4100, 50.46, 83.624
4101, 50.51, 83.641
4102, 50.62, 83.674
4103, 50.67, 83.691
4104, 50.72, 83.707
4105, 50.77, 83.724
4106, 50.83, 83.741
4107, 50.93, 83.774
4108, 50.99, 83.791
4109, 51.04, 83.807
4110, 51.1, 83.824
4111, 51.15, 83.841
4112, 51.2, 83.857
4113, 51.31, 83.891
4114, 51.36, 83.907
4115, 51.41, 83.924
4116, 51.45, 83.941
4117, 51.5, 83.957
4118, 51.55, 83.974
4119, 51.65, 84.007
4120, 51.71, 84.024
4121, 51.77, 84.041
4122, 51.83, 84.057
4123, 51.89, 84.074
4124, 51.93, 84.091
4125, 52.03, 84.124
4126, 52.08, 84.141
4127, 52.13, 84.157
4128, 52.18, 84.174
4129, 52.24, 84.191
4130, 52.29, 84.207
4131, 52.34, 84.224
4132, 52.44, 84.257
4133, 52.49, 84.274
4134, 52.54, 84.291
4135, 52.59, 84.307
4136, 52.64, 84.324
4137, 52.69, 84.341
4138, 52.75, 84.357
4139, 52.85, 84.391
4140, 52.9, 84.407
4141, 52.95, 84.424
4142, 53, 84.441
4143, 53.05, 84.457
4144, 53.1, 84.474
4145, 53.15, 84.491
4146, 53.24, 84.524
4147, 53.29, 84.541
4148, 53.34, 84.557
4149, 53.39, 84.574
4150, 53.44, 84.591
4151, 53.49, 84.607
4152, 53.54, 84.624
4153, 53.59, 84.641
4154, 53.64, 84.657
4155, 53.74, 84.691
4156, 53.8, 84.707
4157, 53.85, 84.724
4158, 53.89, 84.741
4159, 53.93, 84.757
4160, 53.96, 84.774
4161, 54.01, 84.791
4162, 54.05, 84.807
4163, 54.16, 84.841
4164, 54.22, 84.857
4165, 54.28, 84.874
4166, 54.33, 84.891
4167, 54.38, 84.907
4168, 54.42, 84.924
4169, 54.46, 84.941
4170, 54.5, 84.957
4171, 54.55, 84.974
4172, 54.59, 84.991
4173, 54.69, 85.024
4174, 54.74, 85.041
4175, 54.79, 85.057
4176, 54.83, 85.074
4177, 54.88, 85.091
4178, 54.93, 85.107
4179, 54.98, 85.124
4180, 55.03, 85.141
4181, 55.07, 85.157
4182, 55.12, 85.174
4183, 55.17, 85.191
4184, 55.26, 85.224
4185, 55.31, 85.241
4186, 55.35, 85.257
4187, 55.4, 85.274
4188, 55.45, 85.291
4189, 55.49, 85.307
4190, 55.54, 85.324
4191, 55.58, 85.341
4192, 55.63, 85.357
4193, 55.68, 85.374
4194, 55.72, 85.391
4195, 55.77, 85.407
4196, 55.86, 85.441
4197, 55.9, 85.457
4198, 55.95, 85.474
4199, 55.99, 85.491
4200, 56.04, 85.507
4201, 56.08, 85.524
4202, 56.13, 85.541
4203, 56.17, 85.557
4204, 56.22, 85.574
4205, 56.26, 85.591
4206, 56.31, 85.607
4207, 56.35, 85.624
4208, 56.4, 85.641
4209, 56.44, 85.657
4210, 56.48, 85.674
4211, 56.57, 85.707
4212, 56.61, 85.724
4213, 56.66, 85.741
4214, 56.7, 85.757
4215, 56.75, 85.774
4216, 56.79, 85.791
4217, 56.83, 85.807
4218, 56.87, 85.824
4219, 56.92, 85.841
4220, 56.96, 85.857
4221, 57, 85.874
4222, 57.05, 85.891
4223, 57.09, 85.907
4224, 57.13, 85.924
4225, 57.17, 85.941
4226, 57.21, 85.957
4227, 57.26, 85.974
4228, 57.3, 85.991
4229, 57.38, 86.024
4230, 57.43, 86.041
4231, 57.47, 86.057
4232, 57.51, 86.074
4233, 57.55, 86.091
4234, 57.59, 86.107
4235, 57.63, 86.124
4236, 57.67, 86.141
4237, 57.71, 86.157
4238, 57.76, 86.174
4239, 57.8, 86.191
4240, 57.84, 86.207
4241, 57.88, 86.224
4242, 57.92, 86.241
4243, 57.96, 86.257
4244, 58, 86.274
4245, 58.04, 86.291
4246, 58.08, 86.307
4247, 58.12, 86.324
4248, 58.15, 86.341
4249, 58.19, 86.357
4250, 58.23, 86.374
4251, 58.27, 86.391
4252, 58.31, 86.407
4253, 58.35, 86.424
4254, 58.38, 86.441
4255, 58.42, 86.457
4256, 58.46, 86.474
4257, 58.53, 86.507
4258, 58.57, 86.524
4259, 58.61, 86.541
4260, 58.65, 86.557
4261, 58.68, 86.574
4262, 58.72, 86.591
4263, 58.76, 86.607
4264, 58.79, 86.624
4265, 58.83, 86.641
4266, 58.86, 86.657
4267, 58.9, 86.674
4268, 58.94, 86.691
4269, 58.97, 86.707
4270, 59.01, 86.724
4271, 59.04, 86.741
4272, 59.08, 86.757
4273, 59.11, 86.774
4274, 59.15, 86.791
4275, 59.18, 86.807
4276, 59.22, 86.824
4277, 59.25, 86.841
4278, 59.29, 86.857
4279, 59.32, 86.874
4280, 59.35, 86.891
4281, 59.39, 86.907
4282, 59.42, 86.924
4283, 59.42, 86.924
