0, 54.5495, 65.1198
1, 54.5661, 65.1365
2, 54.5842, 65.1531
3, 54.6007, 65.1698
4, 54.6165, 65.1864
5, 54.6324, 65.2031
6, 54.6519, 65.2198
7, 54.6681, 65.2365
8, 54.6981, 65.2698
9, 54.7196, 65.2865
10, 54.7401, 65.3031
11, 54.7582, 65.3198
12, 54.7746, 65.3364
13, 54.7917, 65.3531
14, 54.8078, 65.3698
15, 54.8225, 65.3865
16, 54.8391, 65.4031
17, 54.8549, 65.4198
18, 54.8841, 65.4531
19, 54.9012, 65.4698
20, 54.9181, 65.4865
21, 54.9354, 65.5031
22, 54.952, 65.5198
23, 54.9674, 65.5365
24, 54.9831, 65.5531
25, 54.999, 65.5698
26, 55.0135, 65.5864
27, 55.0273, 65.6031
28, 55.043, 65.6198
29, 55.0784, 65.6531
30, 55.0952, 65.6698
31, 55.111, 65.6864
32, 55.1269, 65.7031
33, 55.1429, 65.7198
34, 55.1587, 65.7365
35, 55.1743, 65.7531
36, 55.1897, 65.7698
37, 55.2047, 65.7865
38, 55.2185, 65.8031
39, 55.232, 65.8198
40, 55.2461, 65.8364
41, 55.2748, 65.8698
42, 55.2883, 65.8865
43, 55.3006, 65.9031
44, 55.3143, 65.9198
45, 55.33, 65.9364
46, 55.3455, 65.9531
47, 55.3599, 65.9698
48, 55.3744, 65.9865
49, 55.3899, 66.0031
50, 55.4059, 66.0198
51, 55.42, 66.0365
52, 55.4483, 66.0698
53, 55.4644, 66.0864
54, 55.4803, 66.1031
55, 55.496, 66.1198
56, 55.5114, 66.1365
57, 55.5264, 66.1531
58, 55.542, 66.1698
59, 55.5598, 66.1864
60, 55.5719, 66.2031
61, 55.583, 66.2198
62, 55.5972, 66.2365
63, 55.6134, 66.2531
64, 55.6298, 66.2698
65, 55.6596, 66.3031
66, 55.6749, 66.3198
67, 55.6908, 66.3364
68, 55.7061, 66.3531
69, 55.7206, 66.3698
70, 55.734, 66.3865
71, 55.7483, 66.4031
72, 55.7624, 66.4198
73, 55.7758, 66.4364
74, 55.7888, 66.4531
75, 55.8017, 1.3785
76, 55.8153, 1.3952
77, 55.8285, 1.4118
78, 55.8508, 1.4452
79, 55.8615, 1.4618
80, 55.873, 1.4785
81, 55.8854, 1.4952
82, 55.8973, 1.5118
83, 55.9098, 1.5285
84, 55.9225, 1.5452
85, 55.9347, 1.5618
86, 55.9507, 1.5785
87, 55.9686, 1.5952
88, 55.9841, 1.6118
89, 55.9963, 1.6285
90, 56.008, 1.6452
91, 56.0189, 1.6618
92, 56.0387, 1.6952
93, 56.0461, 1.7118
94, 56.0538, 1.7285
95, 56.0594, 1.7452
96, 56.0638, 1.7618
97, 56.067, 1.7785
98, 56.0692, 1.7952
99, 56.0709, 1.8118
100, 56.0724, 1.8285
101, 56.0726, 1.8452
102, 56.0712, 1.8618
103, 56.0681, 1.8785
104, 56.0646, 1.8952
105, 56.0597, 1.9118
106, 56.0445, 1.9452
107, 56.0336, 1.9618
108, 56.0203, 1.9785
109, 56.0059, 1.9952
110, 55.9885, 2.0118
111, 55.9621, 2.0285
112, 55.923, 2.0452
113, 55.8698, 2.0618
114, 55.8005, 2.0785
115, 55.7176, 2.0952
116, 55.6288, 2.1118
117, 55.5346, 2.1285
118, 55.4296, 2.1452
119, 55.2006, 2.1785
120, 55.0789, 2.1952
121, 54.9514, 2.2118
122, 54.8183, 2.2285
123, 54.6829, 2.2452
124, 54.5444, 2.2618
125, 54.4008, 2.2785
126, 54.2551, 2.2952
127, 54.1105, 2.3118
128, 53.9617, 2.3285
129, 53.6501, 2.3618
130, 53.4916, 2.3785
131, 53.3303, 2.3952
132, 53.1665, 2.4118
133, 52.9983, 2.4285
134, 52.8289, 2.4452
135, 52.6623, 2.4618
136, 52.4932, 2.4785
137, 52.1451, 2.5118
138, 51.9715, 2.5285
139, 51.7973, 2.5452
140, 51.6227, 2.5618
141, 51.4486, 2.5785
142, 51.276, 2.5952
143, 50.9369, 2.6285
144, 50.7683, 2.6452
145, 50.5987, 2.6618
146, 50.433, 2.6785
147, 50.27, 2.6952
148, 50.105, 2.7118
149, 49.773, 2.7452
150, 49.6113, 2.7618
151, 49.4508, 2.7785
152, 49.2898, 2.7952
153, 49.1333, 2.8118
154, 48.8274, 2.8452
155, 48.6755, 2.8618
156, 48.5267, 2.8785
157, 48.3763, 2.8952
158, 48.0852, 2.9285
159, 47.9469, 2.9452
160, 47.8137, 2.9618
161, 47.6849, 2.9785
162, 47.4361, 3.0118
163, 47.316, 3.0285
164, 47.1987, 3.0452
165, 47.0836, 3.0618
166, 46.8468, 3.0952
167, 46.7263, 3.1118
168, 46.6047, 3.1285
169, 46.3817, 3.1618
170, 46.2748, 3.1785
171, 46.1651, 3.1952
172, 46.0526, 3.2118
173, 45.8174, 3.2452
174, 45.6933, 3.2618
175, 45.5691, 3.2785
176, 45.3102, 3.3118
177, 45.1785, 3.3285
178, 45.0461, 3.3452
179, 44.7826, 3.3785
180, 44.6544, 3.3952
181, 44.526, 3.4118
182, 44.2725, 3.4452
183, 44.1508, 3.4618
184, 44.0324, 3.4785
185, 43.7966, 3.5118
186, 43.681, 3.5285
187, 43.681, 3.5285
188, 43.681, 3.5285
189, 43.681, 3.5285
190, 42.9692, 3.6285
191, 42.8448, 3.6452
192, 42.7213, 3.6618
193, 42.4753, 3.6952
194, 42.3553, 3.7118
195, 42.1133, 3.7452
196, 41.9911, 3.7618
197, 41.7466, 3.7952
198, 41.6242, 3.8118
199, 41.5022, 3.8285
200, 41.2641, 3.8618
201, 41.1447, 3.8785
202, 40.9043, 3.9118
203, 40.7864, 3.9285
204, 40.5538, 3.9618
205, 40.4368, 3.9785
206, 40.2124, 4.0118
207, 40.1041, 4.0285
208, 39.8902, 4.0618
209, 39.7846, 4.0785
210, 39.5725, 4.1118
211, 39.4677, 4.1285
212, 39.258, 4.1618
213, 39.1478, 4.1785
214, 38.9177, 4.2118
215, 38.801, 4.2285
216, 38.5663, 4.2618
217, 38.4484, 4.2785
218, 38.2109, 4.3118
219, 37.9699, 4.3452
220, 37.851, 4.3618
221, 37.6154, 4.3952
222, 37.4966, 4.4118
223, 37.2594, 4.4452
224, 37.027, 4.4785
225, 36.9131, 4.4952
226, 36.6887, 4.5285
227, 36.5793, 4.5452
228, 36.3686, 4.5785
229, 36.1674, 4.6118
230, 36.0709, 4.6285
231, 35.8879, 4.6618
232, 35.7098, 4.6952
233, 35.6208, 4.7118
234, 35.4468, 4.7452
235, 35.277, 4.7785
236, 35.1938, 4.7952
237, 35.0353, 4.8285
238, 34.8833, 4.8618
239, 34.7386, 4.8952
240, 34.6687, 4.9118
241, 34.5281, 4.9452
242, 34.3903, 4.9785
243, 34.2536, 5.0118
244, 34.1859, 5.0285
245, 34.0567, 5.0618
246, 33.935, 5.0952
247, 33.8199, 5.1285
248, 33.7169, 5.1618
249, 33.6679, 5.1785
250, 33.5752, 5.2118
251, 33.495, 5.2452
252, 33.4242, 5.2785
253, 33.3599, 5.3118
254, 33.3021, 5.3452
255, 33.276, 5.3618
256, 33.2301, 5.3952
257, 33.1886, 5.4285
258, 33.1491, 5.4618
259, 33.105, 5.4952
260, 33.0475, 5.5285
261, 33.0118, 5.5452
262, 32.9271, 5.5785
263, 32.8412, 5.6118
264, 32.7538, 5.6452
265, 32.6681, 5.6785
266, 32.5848, 5.7118
267, 32.5013, 5.7452
268, 32.4241, 5.7785
269, 32.353, 5.8118
270, 32.3174, 5.8285
271, 32.245, 5.8618
272, 32.1736, 5.8952
273, 32.1072, 5.9285
274, 32.0448, 5.9618
275, 31.9902, 5.9952
276, 31.9406, 6.0285
277, 31.8924, 6.0618
278, 31.8456, 6.0952
279, 31.8006, 6.1285
280, 31.7555, 6.1618
281, 31.711, 6.1952
282, 31.6669, 6.2285
283, 31.6219, 6.2618
284, 31.6, 6.2785
285, 31.5568, 6.3118
286, 31.5122, 6.3452
287, 31.4765, 6.3785
288, 31.446, 6.4118
289, 31.433, 6.4452
290, 31.429, 6.4785
291, 31.4327, 6.5118
292, 31.4428, 6.5452
293, 31.4596, 6.5785
294, 31.4802, 6.6118
295, 31.5063, 6.6452
296, 31.5372, 6.6785
297, 31.5716, 6.7118
298, 31.6083, 6.7452
299, 31.6461, 6.7785
300, 31.6807, 6.8118
301, 31.7158, 6.8452
302, 31.7522, 6.8785
303, 31.7814, 6.9118
304, 31.7966, 6.9452
305, 31.7967, 6.9785
306, 31.7832, 7.0118
307, 31.7593, 7.0452
308, 31.7331, 7.0785
309, 31.705, 7.1118
310, 31.67, 7.1452
311, 31.6238, 7.1785
312, 31.5522, 7.2118
313, 31.4617, 7.2452
314, 31.371, 7.2785
315, 31.2774, 7.3118
316, 31.1842, 7.3452
317, 31.0898, 7.3785
318, 30.9921, 7.4118
319, 30.8982, 7.4452
320, 30.8076, 7.4785
321, 30.7147, 7.5118
322, 30.6253, 7.5452
323, 30.5365, 7.5785
324, 30.4455, 7.6118
325, 30.3516, 7.6452
326, 30.2573, 7.6785
327, 30.1619, 7.7118
328, 30.0664, 7.7452
329, 29.9695, 7.7785
330, 29.8724, 7.8118
331, 29.7753, 7.8452
332, 29.6802, 7.8785
333, 29.601, 7.9118
334, 29.5427, 7.9452
335, 29.4968, 7.9952
336, 29.4842, 8.0285
337, 29.4897, 8.0618
338, 29.508, 8.0951
339, 29.5389, 8.1285
340, 29.576, 8.1618
341, 29.618, 8.1952
342, 29.6646, 8.2285
343, 29.7122, 8.2618
344, 29.7614, 8.2952
345, 29.8118, 8.3285
346, 29.861, 8.3618
347, 29.9091, 8.3952
348, 29.9836, 8.4452
349, 30.0346, 8.4785
350, 30.0879, 8.5118
351, 30.1433, 8.5452
352, 30.1995, 8.5785
353, 30.2571, 8.6118
354, 30.319, 8.6452
355, 30.3856, 8.6785
356, 30.4553, 8.7118
357, 30.5251, 8.7452
358, 30.595, 8.7785
359, 30.6625, 8.8118
360, 30.7319, 8.8451
361, 30.7679, 8.8618
362, 30.8396, 8.8952
363, 30.9103, 8.9285
364, 30.9811, 8.9618
365, 31.0544, 8.9952
366, 31.1318, 9.0285
367, 31.2068, 9.0618
368, 31.2817, 9.0951
369, 31.3563, 9.1285
370, 31.4265, 9.1618
371, 31.493, 9.1952
372, 31.554, 9.2285
373, 31.6085, 9.2618
374, 31.6588, 9.2952
375, 31.7089, 9.3285
376, 31.7339, 9.3451
377, 31.7837, 9.3785
378, 31.8358, 9.4118
379, 31.8855, 9.4452
380, 31.9296, 9.4785
381, 31.9684, 9.5118
382, 31.9966, 9.5452
383, 32.0091, 9.5785
384, 32.0074, 9.6118
385, 32.0036, 9.6285
386, 31.9928, 9.6618
387, 31.9803, 9.6952
388, 31.967, 9.7285
389, 31.9525, 9.7618
390, 31.9385, 9.7952
391, 31.9254, 9.8285
392, 31.9198, 9.8451
393, 31.9124, 9.8785
394, 31.9122, 9.9118
395, 31.9169, 9.9452
396, 31.9246, 9.9785
397, 31.9319, 10.0118
398, 31.9378, 10.0452
399, 31.9448, 10.0785
400, 31.9486, 10.0951
401, 31.9567, 10.1285
402, 31.962, 10.1618
403, 31.9658, 10.1952
404, 31.9706, 10.2285
405, 31.9735, 10.2618
406, 31.977, 10.2952
407, 31.9853, 10.3285
408, 31.9897, 10.3451
409, 31.9957, 10.3785
410, 32.0042, 10.4118
411, 32.0189, 10.4452
412, 32.0363, 10.4785
413, 32.0551, 10.5118
414, 32.075, 10.5452
415, 32.0967, 10.5785
416, 32.1073, 10.5951
417, 32.1281, 10.6285
418, 32.1478, 10.6618
419, 32.1611, 10.6952
420, 32.1639, 10.7285
421, 32.1534, 10.7618
422, 32.1282, 10.7952
423, 32.1132, 10.8118
424, 32.0823, 10.8451
425, 32.0503, 10.8785
426, 32.0229, 10.9118
427, 32.0014, 10.9452
428, 31.987, 10.9785
429, 31.9807, 11.0118
430, 31.9797, 11.0452
431, 31.9793, 11.0618
432, 31.9794, 11.0951
433, 31.9824, 11.1285
434, 31.9839, 11.1618
435, 31.9888, 11.1952
436, 31.9951, 11.2285
437, 31.997, 11.2618
438, 31.9977, 11.2952
439, 31.998, 11.3285
440, 31.9968, 11.3618
441, 31.9943, 11.3785
442, 31.9938, 11.4118
443, 31.9971, 11.4452
444, 32.0036, 11.4785
445, 32.0159, 11.5118
446, 32.0343, 11.5452
447, 32.0568, 11.5785
448, 32.0813, 11.6118
449, 32.1078, 11.6452
450, 32.1343, 11.6785
451, 32.1472, 11.6952
452, 32.1756, 11.7285
453, 32.2063, 11.7618
454, 32.2354, 11.7952
455, 32.2617, 11.8285
456, 32.2861, 11.8618
457, 32.3092, 11.8952
458, 32.3224, 11.9285
459, 32.3238, 11.9618
460, 32.3221, 11.9785
461, 32.3171, 12.0118
462, 32.3131, 12.0452
463, 32.3148, 12.0785
464, 32.3263, 12.1118
465, 32.3488, 12.1452
466, 32.3745, 12.1785
467, 32.402, 12.2118
468, 32.4176, 12.2285
469, 32.4527, 12.2618
470, 32.4897, 12.2952
471, 32.5247, 12.3285
472, 32.561, 12.3618
473, 32.597, 12.3952
474, 32.6324, 12.4285
475, 32.651, 12.4452
476, 32.6895, 12.4785
477, 32.728, 12.5118
478, 32.7646, 12.5452
479, 32.801, 12.5785
480, 32.8421, 12.6118
481, 32.8884, 12.6452
482, 32.9126, 12.6618
483, 32.9593, 12.6952
484, 33.013, 12.7285
485, 33.0715, 12.7618
486, 33.1281, 12.7952
487, 33.1949, 12.8285
488, 33.2589, 12.8618
489, 33.2951, 12.8785
490, 33.3499, 12.9118
491, 33.4062, 12.9452
492, 33.4594, 12.9785
493, 33.5194, 13.0118
494, 33.5495, 13.0285
495, 33.6105, 13.0618
496, 33.6669, 13.0951
497, 33.7293, 13.1285
498, 33.7872, 13.1618
499, 33.8188, 13.1785
500, 33.8833, 13.2118
501, 33.963, 13.2452
502, 34.0343, 13.2785
503, 34.1183, 13.3118
504, 34.157, 13.3285
505, 34.2474, 13.3618
506, 34.3349, 13.3952
507, 34.4286, 13.4285
508, 34.4709, 13.4452
509, 34.5662, 13.4785
510, 34.6607, 13.5118
511, 34.7566, 13.5452
512, 34.8009, 13.5618
513, 34.892, 13.5951
514, 34.9772, 13.6285
515, 35.0638, 13.6618
516, 35.1097, 13.6785
517, 35.2019, 13.7118
518, 35.2952, 13.7452
519, 35.3442, 13.7618
520, 35.454, 13.7952
521, 35.5541, 13.8285
522, 35.5984, 13.8451
523, 35.6896, 13.8785
524, 35.7816, 13.9118
525, 35.8241, 13.9285
526, 35.9054, 13.9618
527, 35.9942, 13.9952
528, 36.0397, 14.0118
529, 36.1228, 14.0452
530, 36.2019, 14.0785
531, 36.2414, 14.0951
532, 36.3231, 14.1285
533, 36.4046, 14.1618
534, 36.4453, 14.1785
535, 36.5141, 14.2118
536, 36.5444, 14.2452
537, 36.5383, 14.2618
538, 36.4843, 14.2952
539, 36.4443, 14.3118
540, 36.36, 14.3451
541, 36.2728, 14.3785
542, 36.2256, 14.3952
543, 36.1251, 14.4285
544, 36.0218, 14.4618
545, 35.9692, 14.4785
546, 35.8596, 14.5118
547, 35.7471, 14.5452
548, 35.6889, 14.5618
549, 35.5706, 14.5951
550, 35.4517, 14.6285
551, 35.3919, 14.6452
552, 35.2733, 14.6785
553, 35.153, 14.7118
554, 35.0918, 14.7285
555, 34.9725, 14.7618
556, 34.8516, 14.7952
557, 34.7268, 14.8285
558, 34.6705, 14.8451
559, 34.5571, 14.8785
560, 34.4319, 14.9118
561, 34.3219, 14.9452
562, 34.2597, 14.9618
563, 34.119, 14.9952
564, 33.9814, 15.0285
565, 33.8429, 15.0618
566, 33.7719, 15.0785
567, 33.6321, 15.1118
568, 33.4951, 15.1452
569, 33.3624, 15.1785
570, 33.2315, 15.2118
571, 33.1675, 15.2285
572, 33.0422, 15.2618
573, 32.9181, 15.2952
574, 32.7926, 15.3285
575, 32.6672, 15.3618
576, 32.5432, 15.3952
577, 32.416, 15.4285
578, 32.3515, 15.4452
579, 32.225, 15.4785
580, 32.0999, 15.5118
581, 31.9766, 15.5452
582, 31.8598, 15.5785
583, 31.7504, 15.6118
584, 31.6489, 15.6452
585, 31.5523, 15.6785
586, 31.4557, 15.7118
587, 31.4084, 15.7285
588, 31.3133, 15.7618
589, 31.2177, 15.7952
590, 31.125, 15.8285
591, 31.0339, 15.8618
592, 30.9446, 15.8952
593, 30.8566, 15.9285
594, 30.7687, 15.9618
595, 30.6796, 15.9952
596, 30.5892, 16.0285
597, 30.499, 16.0618
598, 30.404, 16.0951
599, 30.3086, 16.1285
600, 30.2148, 16.1618
601, 30.1178, 16.1952
602, 30.0208, 16.2285
603, 29.9234, 16.2618
604, 29.8259, 16.2952
605, 29.729, 16.3285
606, 29.6422, 16.3618
607, 29.5855, 16.3952
608, 29.5664, 16.4285
609, 29.5672, 16.4618
610, 29.589, 16.4951
611, 29.6458, 16.5452
612, 29.6945, 16.5785
613, 29.7477, 16.6118
614, 29.8074, 16.6452
615, 29.8721, 16.6785
616, 29.9422, 16.7118
617, 30.0158, 16.7451
618, 30.0874, 16.7785
619, 30.1601, 16.8118
620, 30.2342, 16.8451
621, 30.3059, 16.8785
622, 30.3746, 16.9118
623, 30.441, 16.9452
624, 30.5051, 16.9785
625, 30.5328, 16.9951
626, 30.5754, 17.0285
627, 30.6029, 17.0618
628, 30.6241, 17.0951
629, 30.6436, 17.1285
630, 30.6609, 17.1618
631, 30.6754, 17.1952
632, 30.6815, 17.2285
633, 30.6695, 17.2618
634, 30.6352, 17.2952
635, 30.5758, 17.3285
636, 30.5141, 17.3618
637, 30.4526, 17.3952
638, 30.3893, 17.4285
639, 30.3204, 17.4618
640, 30.2454, 17.4951
641, 30.1599, 17.5285
642, 30.0663, 17.5618
643, 29.9699, 17.5951
644, 29.8726, 17.6285
645, 29.7739, 17.6618
646, 29.6726, 17.6952
647, 29.5717, 17.7285
648, 29.472, 17.7618
649, 29.3732, 17.7952
650, 29.2822, 17.8285
651, 29.2264, 17.8618
652, 29.206, 17.8952
653, 29.2028, 17.9285
654, 29.2151, 17.9618
655, 29.2357, 17.9951
656, 29.2658, 18.0285
657, 29.3068, 18.0618
658, 29.3532, 18.0951
659, 29.4027, 18.1285
660, 29.4731, 18.1785
661, 29.5216, 18.2118
662, 29.5693, 18.2451
663, 29.6147, 18.2785
664, 29.6592, 18.3118
665, 29.7013, 18.3451
666, 29.7475, 18.3785
667, 29.7826, 18.4118
668, 29.818, 18.4452
669, 29.8461, 18.4785
670, 29.8719, 18.5118
671, 29.8943, 18.5452
672, 29.9175, 18.5785
673, 29.9371, 18.6118
674, 29.956, 18.6452
675, 29.9766, 18.6785
676, 29.9953, 18.7118
677, 30.0124, 18.7451
678, 30.0281, 18.7785
679, 30.0422, 18.8118
680, 30.0563, 18.8451
681, 30.0706, 18.8785
682, 30.0829, 18.9118
683, 30.0935, 18.9452
684, 30.1033, 18.9785
685, 30.1145, 19.0118
686, 30.1271, 19.0452
687, 30.1391, 19.0785
688, 30.1507, 19.1118
689, 30.1638, 19.1452
690, 30.1783, 19.1785
691, 30.1947, 19.2118
692, 30.2134, 19.2451
693, 30.2365, 19.2785
694, 30.263, 19.3118
695, 30.2903, 19.3451
696, 30.3206, 19.3785
697, 30.3521, 19.4118
698, 30.386, 19.4452
699, 30.4204, 19.4785
700, 30.4526, 19.5118
701, 30.4848, 19.5452
702, 30.5222, 19.5785
703, 30.5628, 19.6118
704, 30.6035, 19.6452
705, 30.6422, 19.6785
706, 30.6826, 19.7118
707, 30.7267, 19.7451
708, 30.7747, 19.7785
709, 30.8224, 19.8118
710, 30.8697, 19.8451
711, 30.9198, 19.8785
712, 30.973, 19.9118
713, 31.0273, 19.9452
714, 31.0835, 19.9785
715, 31.1449, 20.0118
716, 31.2081, 20.0452
717, 31.2755, 20.0785
718, 31.3445, 20.1118
719, 31.4155, 20.1452
720, 31.4895, 20.1785
721, 31.5657, 20.2118
722, 31.6392, 20.2451
723, 31.7031, 20.2785
724, 31.7479, 20.3118
725, 31.7616, 20.3285
726, 31.7743, 20.3618
727, 31.7665, 20.3952
728, 31.7415, 20.4285
729, 31.7069, 20.4618
730, 31.6742, 20.4951
731, 31.6552, 20.5285
732, 31.6553, 20.5618
733, 31.6537, 20.5951
734, 31.6595, 20.6118
735, 31.6778, 20.6452
736, 31.6984, 20.6785
737, 31.7188, 20.7118
738, 31.7383, 20.7451
739, 31.7606, 20.7785
740, 31.7836, 20.8118
741, 31.8115, 20.8451
742, 31.8476, 20.8785
743, 31.8679, 20.8952
744, 31.9105, 20.9285
745, 31.9538, 20.9618
746, 31.9965, 20.9951
747, 32.0383, 21.0285
748, 32.0789, 21.0618
749, 32.1152, 21.0951
750, 32.1459, 21.1285
751, 32.1598, 21.1452
752, 32.1842, 21.1785
753, 32.2058, 21.2118
754, 32.2239, 21.2451
755, 32.2364, 21.2785
756, 32.2449, 21.3118
757, 32.2513, 21.3451
758, 32.2577, 21.3785
759, 32.2606, 21.3952
760, 32.2655, 21.4285
761, 32.2703, 21.4618
762, 32.2748, 21.4951
763, 32.2786, 21.5285
764, 32.2833, 21.5618
765, 32.2861, 21.5951
766, 32.286, 21.6118
767, 32.2861, 21.6452
768, 32.2847, 21.6785
769, 32.2824, 21.7118
770, 32.2782, 21.7451
771, 32.2726, 21.7785
772, 32.2657, 21.8118
773, 32.2621, 21.8285
774, 32.2571, 21.8618
775, 32.2527, 21.8952
776, 32.248, 21.9285
777, 32.2429, 21.9618
778, 32.238, 21.9951
779, 32.2352, 22.0285
780, 32.2348, 22.0452
781, 32.2342, 22.0785
782, 32.2327, 22.1118
783, 32.2305, 22.1452
784, 32.2289, 22.1785
785, 32.2279, 22.2118
786, 32.2266, 22.2451
787, 32.2263, 22.2785
788, 32.2265, 22.3118
789, 32.2268, 22.3285
790, 32.2278, 22.3618
791, 32.2306, 22.3952
792, 32.2356, 22.4285
793, 32.2423, 22.4618
794, 32.2521, 22.4951
795, 32.2643, 22.5285
796, 32.2778, 22.5618
797, 32.292, 22.5951
798, 32.2998, 22.6118
799, 32.3174, 22.6452
800, 32.3354, 22.6785
801, 32.3519, 22.7118
802, 32.3699, 22.7451
803, 32.3899, 22.7785
804, 32.4107, 22.8118
805, 32.4313, 22.8451
806, 32.4412, 22.8618
807, 32.4603, 22.8952
808, 32.4803, 22.9285
809, 32.5043, 22.9618
810, 32.5303, 22.9951
811, 32.5596, 23.0285
812, 32.5925, 23.0618
813, 32.6116, 23.0785
814, 32.6498, 23.1118
815, 32.6921, 23.1452
816, 32.7398, 23.1785
817, 32.7921, 23.2118
818, 32.7921, 23.2118
819, 32.9075, 23.2785
820, 32.9367, 23.2952
821, 32.9979, 23.3285
822, 33.0611, 23.3618
823, 33.1244, 23.3952
824, 33.19, 23.4285
825, 33.2248, 23.4452
826, 33.2962, 23.4785
827, 33.3748, 23.5118
828, 33.4581, 23.5452
829, 33.5403, 23.5785
830, 33.5822, 23.5951
831, 33.6685, 23.6285
832, 33.7538, 23.6618
833, 33.8392, 23.6952
834, 33.8827, 23.7118
835, 33.9686, 23.7451
836, 34.0552, 23.7785
837, 34.1435, 23.8118
838, 34.2324, 23.8451
839, 34.2766, 23.8618
840, 34.3647, 23.8952
841, 34.4544, 23.9285
842, 34.5438, 23.9618
843, 34.5888, 23.9785
844, 34.6803, 24.0118
845, 34.7688, 24.0452
846, 34.8127, 24.0618
847, 34.9017, 24.0951
848, 34.9891, 24.1285
849, 35.0761, 24.1618
850, 35.1203, 24.1785
851, 35.2096, 24.2118
852, 35.2982, 24.2451
853, 35.3413, 24.2618
854, 35.4257, 24.2952
855, 35.5098, 24.3285
856, 35.5513, 24.3451
857, 35.6326, 24.3785
858, 35.7139, 24.4118
859, 35.7541, 24.4285
860, 35.8309, 24.4618
861, 35.9049, 24.4951
862, 35.9419, 24.5118
863, 36.0152, 24.5452
864, 36.0867, 24.5785
865, 36.1213, 24.5951
866, 36.1916, 24.6285
867, 36.2658, 24.6618
868, 36.3031, 24.6785
869, 36.3773, 24.7118
870, 36.4487, 24.7451
871, 36.484, 24.7618
872, 36.5524, 24.7952
873, 36.6209, 24.8285
874, 36.6556, 24.8451
875, 36.7238, 24.8785
876, 36.791, 24.9118
877, 36.8251, 24.9285
878, 36.8947, 24.9618
879, 36.9297, 24.9785
880, 36.9965, 25.0118
881, 37.063, 25.0452
882, 37.0967, 25.0618
883, 37.1638, 25.0951
884, 37.2309, 25.1285
885, 37.2639, 25.1452
886, 37.3296, 25.1785
887, 37.3633, 25.1952
888, 37.4305, 25.2285
889, 37.4962, 25.2618
890, 37.5294, 25.2785
891, 37.5964, 25.3118
892, 37.6288, 25.3285
893, 37.6946, 25.3618
894, 37.7617, 25.3952
895, 37.795, 25.4118
896, 37.8638, 25.4452
897, 37.8991, 25.4618
898, 37.9685, 25.4951
899, 38.0335, 25.5285
900, 38.065, 25.5452
901, 38.1269, 25.5785
902, 38.1596, 25.5951
903, 38.2251, 25.6285
904, 38.2709, 25.6618
905, 38.2941, 25.6785
906, 38.3472, 25.7118
907, 38.3778, 25.7285
908, 38.4412, 25.7618
909, 38.472, 25.7785
910, 38.5373, 25.8118
911, 38.6077, 25.8451
912, 38.6418, 25.8618
913, 38.7063, 25.8952
914, 38.738, 25.9118
915, 38.8004, 25.9452
916, 38.8327, 25.9618
917, 38.8946, 25.9951
918, 38.924, 26.0118
919, 38.9822, 26.0452
920, 39.0394, 26.0785
921, 39.0657, 26.0951
922, 39.1214, 26.1285
923, 39.1499, 26.1452
924, 39.2077, 26.1785
925, 39.2376, 26.1952
926, 39.2972, 26.2285
927, 39.3259, 26.2451
928, 39.3859, 26.2785
929, 39.4166, 26.2952
930, 39.4752, 26.3285
931, 39.5058, 26.3451
932, 39.5688, 26.3785
933, 39.6285, 26.4118
934, 39.655, 26.4285
935, 39.6618, 26.4618
936, 39.6501, 26.4785
937, 39.6282, 26.5118
938, 39.6214, 26.5285
939, 39.6024, 26.5618
940, 39.5895, 26.5785
941, 39.5631, 26.6118
942, 39.55, 26.6285
943, 39.5243, 26.6618
944, 39.5118, 26.6785
945, 39.4892, 26.7118
946, 39.4831, 26.7285
947, 39.4867, 26.7618
948, 39.4983, 26.7785
949, 39.5436, 26.8118
950, 39.5804, 26.8285
951, 39.6816, 26.8618
952, 39.7468, 26.8785
953, 39.9008, 26.9118
954, 39.9712, 26.9285
955, 40.0494, 26.9618
956, 40.0969, 26.9785
957, 40.1706, 27.0118
958, 40.2088, 27.0285
959, 40.2825, 27.0618
960, 40.3195, 27.0785
961, 40.3949, 27.1118
962, 40.4321, 27.1285
963, 40.5023, 27.1618
964, 40.5395, 27.1785
965, 40.6196, 27.2118
966, 40.657, 27.2285
967, 40.734, 27.2618
968, 40.7742, 27.2785
969, 40.852, 27.3118
970, 40.8896, 27.3285
971, 40.9661, 27.3618
972, 41.0046, 27.3785
973, 41.0801, 27.4118
974, 41.1179, 27.4285
975, 41.1923, 27.4618
976, 41.2326, 27.4785
977, 41.3096, 27.5118
978, 41.3458, 27.5285
979, 41.3811, 27.5452
980, 41.453, 27.5785
981, 41.4902, 27.5951
982, 41.5603, 27.6285
983, 41.5943, 27.6452
984, 41.6637, 27.6785
985, 41.6964, 27.6952
986, 41.7637, 27.7285
987, 41.7974, 27.7451
988, 41.8329, 27.7618
989, 41.9083, 27.7952
990, 41.9469, 27.8118
991, 42.0214, 27.8451
992, 42.0602, 27.8618
993, 42.1384, 27.8952
994, 42.1769, 27.9118
995, 42.2144, 27.9285
996, 42.2906, 27.9618
997, 42.3288, 27.9785
998, 42.4018, 28.0118
999, 42.4381, 28.0285
1000, 42.5138, 28.0618
1001, 42.551, 28.0785
1002, 42.5862, 28.0951
1003, 42.6559, 28.1285
1004, 42.6904, 28.1452
1005, 42.7597, 28.1785
1006, 42.7947, 28.1952
1007, 42.8272, 28.2118
1008, 42.8926, 28.2451
1009, 42.9261, 28.2618
1010, 42.9902, 28.2952
1011, 43.0224, 28.3118
1012, 43.0573, 28.3285
1013, 43.1345, 28.3618
1014, 43.1719, 28.3785
1015, 43.2373, 28.4118
1016, 43.2714, 28.4285
1017, 43.3086, 28.4452
1018, 43.3824, 28.4785
1019, 43.4172, 28.4951
1020, 43.4523, 28.5118
1021, 43.5207, 28.5452
1022, 43.5535, 28.5618
1023, 43.6198, 28.5951
1024, 43.6537, 28.6118
1025, 43.6863, 28.6285
1026, 43.7535, 28.6618
1027, 43.7861, 28.6785
1028, 43.8177, 28.6952
1029, 43.8809, 28.7285
1030, 43.9136, 28.7451
1031, 43.9816, 28.7785
1032, 44.0143, 28.7952
1033, 44.0459, 28.8118
1034, 44.1123, 28.8451
1035, 44.147, 28.8618
1036, 44.1799, 28.8785
1037, 44.2452, 28.9118
1038, 44.2788, 28.9285
1039, 44.3126, 28.9452
1040, 44.3767, 28.9785
1041, 44.4086, 28.9951
1042, 44.4722, 29.0285
1043, 44.5047, 29.0452
1044, 44.5375, 29.0618
1045, 44.5982, 29.0951
1046, 44.629, 29.1118
1047, 44.6618, 29.1285
1048, 44.7257, 29.1618
1049, 44.7562, 29.1785
1050, 44.7861, 29.1952
1051, 44.8456, 29.2285
1052, 44.8746, 29.2451
1053, 44.9036, 29.2618
1054, 44.9683, 29.2952
1055, 45.0028, 29.3118
1056, 45.0344, 29.3285
1057, 45.0948, 29.3618
1058, 45.1254, 29.3785
1059, 45.1556, 29.3952
1060, 45.2156, 29.4285
1061, 45.2452, 29.4452
1062, 45.2734, 29.4618
1063, 45.3332, 29.4951
1064, 45.366, 29.5118
1065, 45.3989, 29.5285
1066, 45.4592, 29.5618
1067, 45.4899, 29.5785
1068, 45.5202, 29.5951
1069, 45.5792, 29.6285
1070, 45.6063, 29.6452
1071, 45.6277, 29.6618
1072, 45.6757, 29.6952
1073, 45.7012, 29.7118
1074, 45.7235, 29.7285
1075, 45.7428, 29.7451
1076, 45.7867, 29.7785
1077, 45.8031, 29.7952
1078, 45.8143, 29.8118
1079, 45.8195, 29.8451
1080, 45.8047, 29.8618
1081, 45.7761, 29.8785
1082, 45.6716, 29.9118
1083, 45.6009, 29.9285
1084, 45.5261, 29.9452
1085, 45.36, 29.9785
1086, 45.2675, 29.9951
1087, 45.1692, 30.0118
1088, 44.9526, 30.0452
1089, 44.8368, 30.0618
1090, 44.7181, 30.0785
1091, 44.4649, 30.1118
1092, 44.3308, 30.1285
1093, 44.1953, 30.1452
1094, 43.9078, 30.1785
1095, 43.7607, 30.1952
1096, 43.6126, 30.2118
1097, 43.3052, 30.2451
1098, 43.151, 30.2618
1099, 42.8425, 30.2952
1100, 42.689, 30.3118
1101, 42.5351, 30.3285
1102, 42.2228, 30.3618
1103, 42.0643, 30.3785
1104, 41.7483, 30.4118
1105, 41.5963, 30.4285
1106, 41.2859, 30.4618
1107, 41.1354, 30.4785
1108, 40.9844, 30.4951
1109, 40.6828, 30.5285
1110, 40.5379, 30.5452
1111, 40.2564, 30.5785
1112, 40.1172, 30.5951
1113, 39.8383, 30.6285
1114, 39.6962, 30.6452
1115, 39.4157, 30.6785
1116, 39.4157, 30.6785
1117, 39.4157, 30.6785
1118, 38.6957, 30.7618
1119, 38.5426, 30.7785
1120, 38.2206, 30.8118
1121, 38.0554, 30.8285
1122, 37.7299, 30.8618
1123, 37.5636, 30.8785
1124, 37.2355, 30.9118
1125, 37.0766, 30.9285
1126, 36.7514, 30.9618
1127, 36.428, 30.9951
1128, 36.2646, 31.0118
1129, 35.9426, 31.0452
1130, 35.6172, 31.0785
1131, 35.4523, 31.0951
1132, 35.1321, 31.1285
1133, 34.8065, 31.1618
1134, 34.4822, 31.1952
1135, 34.3297, 31.2118
1136, 34.039, 31.2451
1137, 33.7431, 31.2785
1138, 33.4544, 31.3118
1139, 33.3149, 31.3285
1140, 33.0406, 31.3618
1141, 32.7706, 31.3952
1142, 32.5009, 31.4285
1143, 32.2397, 31.4618
1144, 31.9733, 31.4951
1145, 31.832, 31.5118
1146, 31.5341, 31.5452
1147, 31.2222, 31.5785
1148, 30.9121, 31.6118
1149, 30.5983, 31.6452
1150, 30.2771, 31.6785
1151, 29.96, 31.7118
1152, 29.6441, 31.7451
1153, 29.3264, 31.7785
1154, 29.0031, 31.8118
1155, 28.6876, 31.8451
1156, 28.379, 31.8785
1157, 27.9378, 31.9285
1158, 27.6648, 31.9618
1159, 27.4099, 31.9951
1160, 27.1695, 32.0285
1161, 26.9379, 32.0618
1162, 26.6099, 32.1118
1163, 26.4011, 32.1451
1164, 26.1999, 32.1785
1165, 25.9121, 32.2285
1166, 25.7265, 32.2618
1167, 25.543, 32.2952
1168, 25.2718, 32.3451
1169, 25.0902, 32.3785
1170, 24.8121, 32.4285
1171, 24.6236, 32.4618
1172, 24.3381, 32.5118
1173, 24.1486, 32.5452
1174, 23.8599, 32.5951
1175, 23.6712, 32.6285
1176, 23.3893, 32.6785
1177, 23.1065, 32.7285
1178, 22.9232, 32.7618
1179, 22.6605, 32.8118
1180, 22.4166, 32.8618
1181, 22.2696, 32.8951
1182, 22.0698, 32.9452
1183, 21.8901, 32.9952
1184, 21.7213, 33.0452
1185, 21.5544, 33.0951
1186, 21.3815, 33.1451
1187, 21.2661, 33.1785
1188, 21.0929, 33.2285
1189, 20.9757, 33.2785
1190, 20.9583, 33.3285
1191, 20.9977, 33.3785
1192, 21.0667, 33.4285
1193, 21.15, 33.4785
1194, 21.2291, 33.5285
1195, 21.2839, 33.5785
1196, 21.3383, 33.6285
1197, 21.4028, 33.6785
1198, 21.4648, 33.7285
1199, 21.5228, 33.7785
1200, 21.5834, 33.8285
1201, 21.6435, 33.8785
1202, 21.7091, 33.9285
1203, 21.7577, 33.9618
1204, 21.8456, 34.0118
1205, 21.9469, 34.0618
1206, 22.0572, 34.1118
1207, 22.1737, 34.1618
1208, 22.2514, 34.1952
1209, 22.3501, 34.2452
1210, 22.4134, 34.2952
1211, 22.4503, 34.3451
1212, 22.4686, 34.3785
1213, 22.4908, 34.4285
1214, 22.5107, 34.4785
1215, 22.5259, 34.5118
1216, 22.5762, 34.5618
1217, 22.6336, 34.6118
1218, 22.6785, 34.6451
1219, 22.7487, 34.6952
1220, 22.8477, 34.7452
1221, 22.9099, 34.7785
1222, 22.9964, 34.8285
1223, 23.0893, 34.8785
1224, 23.1648, 34.9118
1225, 23.2763, 34.9618
1226, 23.3507, 34.9952
1227, 23.4615, 35.0452
1228, 23.5722, 35.0951
1229, 23.6482, 35.1285
1230, 23.785, 35.1785
1231, 23.8885, 35.2118
1232, 24.0607, 35.2618
1233, 24.183, 35.2952
1234, 24.3771, 35.3451
1235, 24.5086, 35.3785
1236, 24.7046, 35.4285
1237, 24.8335, 35.4618
1238, 25.0258, 35.5118
1239, 25.1547, 35.5452
1240, 25.283, 35.5785
1241, 25.4741, 35.6285
1242, 25.601, 35.6618
1243, 25.7856, 35.7118
1244, 25.9123, 35.7452
1245, 26.0361, 35.7785
1246, 26.156, 35.8118
1247, 26.3317, 35.8618
1248, 26.4437, 35.8951
1249, 26.5513, 35.9285
1250, 26.6986, 35.9785
1251, 26.796, 36.0118
1252, 26.8894, 36.0452
1253, 26.9936, 36.0785
1254, 27.1507, 36.1285
1255, 27.2438, 36.1618
1256, 27.324, 36.1952
1257, 27.4061, 36.2285
1258, 27.4948, 36.2618
1259, 27.613, 36.3118
1260, 27.6857, 36.3451
1261, 27.7646, 36.3785
1262, 27.841, 36.4118
1263, 27.9049, 36.4452
1264, 28.004, 36.4952
1265, 28.0768, 36.5285
1266, 28.1497, 36.5618
1267, 28.2227, 36.5951
1268, 28.2981, 36.6285
1269, 28.3748, 36.6618
1270, 28.4874, 36.7118
1271, 28.5576, 36.7452
1272, 28.6277, 36.7785
1273, 28.7019, 36.8118
1274, 28.7756, 36.8451
1275, 28.8472, 36.8785
1276, 28.9169, 36.9118
1277, 28.9868, 36.9452
1278, 29.0568, 36.9785
1279, 29.1236, 37.0118
1280, 29.2243, 37.0618
1281, 29.2914, 37.0951
1282, 29.358, 37.1285
1283, 29.4288, 37.1618
1284, 29.5022, 37.1952
1285, 29.576, 37.2285
1286, 29.6488, 37.2618
1287, 29.7226, 37.2952
1288, 29.8006, 37.3285
1289, 29.8775, 37.3618
1290, 29.953, 37.3951
1291, 30.0256, 37.4285
1292, 30.0945, 37.4618
1293, 30.1633, 37.4952
1294, 30.233, 37.5285
1295, 30.3048, 37.5618
1296, 30.3769, 37.5951
1297, 30.4477, 37.6285
1298, 30.5206, 37.6618
1299, 30.5206, 37.6618
1300, 30.7019, 37.7452
1301, 30.7389, 37.7618
1302, 30.8136, 37.7952
1303, 30.8853, 37.8285
1304, 30.9562, 37.8618
1305, 31.029, 37.8951
1306, 31.1018, 37.9285
1307, 31.1757, 37.9618
1308, 31.2131, 37.9785
1309, 31.2852, 38.0118
1310, 31.3571, 38.0452
1311, 31.4351, 38.0785
1312, 31.5118, 38.1118
1313, 31.5646, 38.1451
1314, 31.5365, 38.1785
1315, 31.5159, 38.2118
1316, 31.4981, 38.2452
1317, 31.4694, 38.2785
1318, 31.4398, 38.3118
1319, 31.4118, 38.3451
1320, 31.3979, 38.3618
1321, 31.3721, 38.3951
1322, 31.3664, 38.4285
1323, 31.3851, 38.4618
1324, 31.4305, 38.4952
1325, 31.5584, 38.5285
1326, 31.7109, 38.5618
1327, 31.8721, 38.5951
1328, 32.0134, 38.6285
1329, 32.1358, 38.6618
1330, 32.1823, 38.6785
1331, 32.2876, 38.7118
1332, 32.3842, 38.7452
1333, 32.4753, 38.7785
1334, 32.5673, 38.8118
1335, 32.6623, 38.8451
1336, 32.7566, 38.8785
1337, 32.8051, 38.8951
1338, 32.9019, 38.9285
1339, 32.999, 38.9618
1340, 33.0979, 38.9952
1341, 33.1956, 39.0285
1342, 33.2444, 39.0452
1343, 33.341, 39.0785
1344, 33.4351, 39.1118
1345, 33.5253, 39.1451
1346, 33.6162, 39.1785
1347, 33.6614, 39.1952
1348, 33.752, 39.2285
1349, 33.8438, 39.2618
1350, 33.93, 39.2952
1351, 34.018, 39.3285
1352, 34.0637, 39.3451
1353, 34.1556, 39.3785
1354, 34.2483, 39.4118
1355, 34.3414, 39.4452
1356, 34.3886, 39.4618
1357, 34.4828, 39.4952
1358, 34.5725, 39.5285
1359, 34.6584, 39.5618
1360, 34.7017, 39.5785
1361, 34.7887, 39.6118
1362, 34.8767, 39.6451
1363, 34.9218, 39.6618
1364, 35.016, 39.6952
1365, 35.1119, 39.7285
1366, 35.2033, 39.7618
1367, 35.2471, 39.7785
1368, 35.3335, 39.8118
1369, 35.422, 39.8451
1370, 35.4669, 39.8618
1371, 35.5587, 39.8951
1372, 35.6505, 39.9285
1373, 35.6968, 39.9452
1374, 35.7887, 39.9785
1375, 35.8799, 40.0118
1376, 35.9244, 40.0285
1377, 36.0115, 40.0618
1378, 36.0967, 40.0951
1379, 36.1385, 40.1118
1380, 36.2203, 40.1451
1381, 36.2975, 40.1785
1382, 36.3355, 40.1952
1383, 36.4173, 40.2285
1384, 36.496, 40.2618
1385, 36.5341, 40.2785
1386, 36.6143, 40.3118
1387, 36.7099, 40.3451
1388, 36.7571, 40.3618
1389, 36.839, 40.3951
1390, 36.9218, 40.4285
1391, 36.9645, 40.4452
1392, 37.0363, 40.4785
1393, 37.0663, 40.4952
1394, 37.1292, 40.5285
1395, 37.2171, 40.5618
1396, 37.264, 40.5785
1397, 37.3534, 40.6118
1398, 37.3947, 40.6285
1399, 37.4743, 40.6618
1400, 37.5537, 40.6952
1401, 37.5962, 40.7118
1402, 37.6845, 40.7452
1403, 37.7222, 40.7618
1404, 37.7941, 40.7952
1405, 37.8598, 40.8285
1406, 37.893, 40.8451
1407, 37.9652, 40.8785
1408, 38.0026, 40.8951
1409, 38.0761, 40.9285
1410, 38.1517, 40.9618
1411, 38.1909, 40.9785
1412, 38.2673, 41.0118
1413, 38.3039, 41.0285
1414, 38.378, 41.0618
1415, 38.4161, 41.0785
1416, 38.4856, 41.1118
1417, 38.5519, 41.1451
1418, 38.5895, 41.1618
1419, 38.6672, 41.1952
1420, 38.7051, 41.2118
1421, 38.7776, 41.2452
1422, 38.8151, 41.2618
1423, 38.8893, 41.2952
1424, 38.9261, 41.3118
1425, 38.9988, 41.3451
1426, 39.0347, 41.3618
1427, 39.1052, 41.3951
1428, 39.1734, 41.4285
1429, 39.206, 41.4452
1430, 39.274, 41.4785
1431, 39.3091, 41.4952
1432, 39.3778, 41.5285
1433, 39.4134, 41.5452
1434, 39.4833, 41.5785
1435, 39.5166, 41.5951
1436, 39.5863, 41.6285
1437, 39.622, 41.6451
1438, 39.6899, 41.6785
1439, 39.7246, 41.6952
1440, 39.7933, 41.7285
1441, 39.8276, 41.7452
1442, 39.8961, 41.7785
1443, 39.9275, 41.7952
1444, 39.9923, 41.8285
1445, 40.0246, 41.8451
1446, 40.0888, 41.8785
1447, 40.1201, 41.8951
1448, 40.1749, 41.9285
1449, 40.2019, 41.9452
1450, 40.2575, 41.9785
1451, 40.2944, 41.9952
1452, 40.3651, 42.0285
1453, 40.3956, 42.0452
1454, 40.4524, 42.0785
1455, 40.4815, 42.0951
1456, 40.541, 42.1285
1457, 40.5724, 42.1451
1458, 40.6348, 42.1785
1459, 40.6627, 42.1952
1460, 40.7217, 42.2285
1461, 40.7535, 42.2452
1462, 40.816, 42.2785
1463, 40.8469, 42.2952
1464, 40.8769, 42.3118
1465, 40.9351, 42.3451
1466, 40.9633, 42.3618
1467, 41.0222, 42.3951
1468, 41.0514, 42.4118
1469, 41.106, 42.4452
1470, 41.1328, 42.4618
1471, 41.1855, 42.4952
1472, 41.2074, 42.5118
1473, 41.2316, 42.5452
1474, 41.2284, 42.5618
1475, 41.1788, 42.5951
1476, 41.1367, 42.6118
1477, 41.0919, 42.6285
1478, 41.0015, 42.6618
1479, 40.9547, 42.6785
1480, 40.8587, 42.7118
1481, 40.8117, 42.7285
1482, 40.7163, 42.7618
1483, 40.6685, 42.7785
1484, 40.5733, 42.8118
1485, 40.5257, 42.8285
1486, 40.428, 42.8618
1487, 40.3788, 42.8785
1488, 40.2801, 42.9118
1489, 40.2312, 42.9285
1490, 40.1345, 42.9618
1491, 40.0851, 42.9785
1492, 39.9865, 43.0118
1493, 39.9377, 43.0285
1494, 39.8396, 43.0618
1495, 39.7895, 43.0785
1496, 39.6846, 43.1118
1497, 39.6319, 43.1285
1498, 39.5267, 43.1618
1499, 39.4745, 43.1785
1500, 39.3707, 43.2118
1501, 39.3213, 43.2285
1502, 39.2206, 43.2618
1503, 39.1691, 43.2785
1504, 39.0672, 43.3118
1505, 39.0166, 43.3285
1506, 38.9165, 43.3618
1507, 38.8685, 43.3785
1508, 38.7725, 43.4118
1509, 38.7237, 43.4285
1510, 38.6261, 43.4618
1511, 38.5258, 43.4952
1512, 38.475, 43.5118
1513, 38.3775, 43.5452
1514, 38.3285, 43.5618
1515, 38.2273, 43.5951
1516, 38.1765, 43.6118
1517, 38.0759, 43.6451
1518, 38.029, 43.6618
1519, 37.9454, 43.6952
1520, 37.8784, 43.7285
1521, 37.8518, 43.7452
1522, 37.8099, 43.7785
1523, 37.7936, 43.7952
1524, 37.7686, 43.8285
1525, 37.7583, 43.8451
1526, 37.7405, 43.8785
1527, 37.7248, 43.9118
1528, 37.7178, 43.9285
1529, 37.7091, 43.9618
1530, 37.707, 43.9785
1531, 37.7067, 44.0118
1532, 37.7068, 44.0285
1533, 37.7091, 44.0618
1534, 37.7092, 44.0951
1535, 37.7065, 44.1118
1536, 37.6978, 44.1451
1537, 37.6912, 44.1618
1538, 37.672, 44.1952
1539, 37.6464, 44.2285
1540, 37.632, 44.2452
1541, 37.6027, 44.2785
1542, 37.5877, 44.2952
1543, 37.5554, 44.3285
1544, 37.5386, 44.3451
1545, 37.501, 44.3785
1546, 37.4512, 44.4118
1547, 37.4271, 44.4285
1548, 37.3772, 44.4618
1549, 37.3518, 44.4785
1550, 37.2971, 44.5118
1551, 37.2393, 44.5452
1552, 37.2099, 44.5618
1553, 37.151, 44.5951
1554, 37.1281, 44.6118
1555, 37.0845, 44.6451
1556, 37.0548, 44.6785
1557, 37.0466, 44.6952
1558, 37.0373, 44.7285
1559, 37.0377, 44.7618
1560, 37.0399, 44.7785
1561, 37.0474, 44.8118
1562, 37.0532, 44.8285
1563, 37.0671, 44.8618
1564, 37.0816, 44.8951
1565, 37.088, 44.9118
1566, 37.0997, 44.9452
1567, 37.1063, 44.9618
1568, 37.1206, 44.9952
1569, 37.1361, 45.0285
1570, 37.1434, 45.0452
1571, 37.158, 45.0785
1572, 37.1703, 45.1118
1573, 37.1763, 45.1285
1574, 37.1877, 45.1618
1575, 37.1932, 45.1785
1576, 37.2013, 45.2118
1577, 37.2086, 45.2452
1578, 37.2128, 45.2618
1579, 37.2215, 45.2952
1580, 37.2292, 45.3285
1581, 37.2333, 45.3451
1582, 37.2417, 45.3785
1583, 37.2457, 45.3951
1584, 37.2533, 45.4285
1585, 37.2595, 45.4618
1586, 37.262, 45.4785
1587, 37.2664, 45.5118
1588, 37.2718, 45.5452
1589, 37.2734, 45.5618
1590, 37.279, 45.5951
1591, 37.2826, 45.6118
1592, 37.2909, 45.6451
1593, 37.2977, 45.6785
1594, 37.3011, 45.6952
1595, 37.3099, 45.7285
1596, 37.3214, 45.7618
1597, 37.3271, 45.7785
1598, 37.3402, 45.8118
1599, 37.3469, 45.8285
1600, 37.3592, 45.8618
1601, 37.3727, 45.8951
1602, 37.3801, 45.9118
1603, 37.3801, 45.9118
1604, 37.3801, 45.9118
1605, 37.4304, 46.0118
1606, 37.4393, 46.0285
1607, 37.4486, 46.0452
1608, 37.4706, 46.0785
1609, 37.4925, 46.1118
1610, 37.5038, 46.1285
1611, 37.5291, 46.1618
1612, 37.5426, 46.1785
1613, 37.5701, 46.2118
1614, 37.6007, 46.2452
1615, 37.6173, 46.2618
1616, 37.6504, 46.2952
1617, 37.6687, 46.3118
1618, 37.713, 46.3451
1619, 37.7687, 46.3785
1620, 37.7979, 46.3951
1621, 37.858, 46.4285
1622, 37.8903, 46.4452
1623, 37.9552, 46.4785
1624, 38.0191, 46.5118
1625, 38.0507, 46.5285
1626, 38.114, 46.5618
1627, 38.1456, 46.5785
1628, 38.2123, 46.6118
1629, 38.2842, 46.6451
1630, 38.3202, 46.6618
1631, 38.387, 46.6952
1632, 38.4201, 46.7118
1633, 38.4868, 46.7452
1634, 38.5194, 46.7618
1635, 38.5844, 46.7952
1636, 38.6174, 46.8118
1637, 38.6853, 46.8451
1638, 38.7541, 46.8785
1639, 38.7877, 46.8951
1640, 38.8527, 46.9285
1641, 38.8855, 46.9452
1642, 38.9494, 46.9785
1643, 38.9805, 46.9952
1644, 39.0402, 47.0285
1645, 39.0683, 47.0452
1646, 39.1252, 47.0785
1647, 39.1821, 47.1118
1648, 39.2104, 47.1285
1649, 39.272, 47.1618
1650, 39.3001, 47.1785
1651, 39.3621, 47.2118
1652, 39.3932, 47.2285
1653, 39.4443, 47.2618
1654, 39.4787, 47.2785
1655, 39.5446, 47.3118
1656, 39.5803, 47.3285
1657, 39.6375, 47.3618
1658, 39.6746, 47.3785
1659, 39.7331, 47.4118
1660, 39.7698, 47.4285
1661, 39.8278, 47.4618
1662, 39.8637, 47.4785
1663, 39.9226, 47.5118
1664, 39.9579, 47.5285
1665, 40.0163, 47.5618
1666, 40.052, 47.5785
1667, 40.1094, 47.6118
1668, 40.1452, 47.6285
1669, 40.2035, 47.6618
1670, 40.2415, 47.6785
1671, 40.3003, 47.7118
1672, 40.3371, 47.7285
1673, 40.4032, 47.7618
1674, 40.4397, 47.7785
1675, 40.4951, 47.8118
1676, 40.5329, 47.8285
1677, 40.5996, 47.8618
1678, 40.6401, 47.8785
1679, 40.7065, 47.9118
1680, 40.7441, 47.9285
1681, 40.8092, 47.9618
1682, 40.8461, 47.9785
1683, 40.913, 48.0118
1684, 40.9479, 48.0285
1685, 41.0137, 48.0618
1686, 41.0468, 48.0785
1687, 41.0802, 48.0951
1688, 41.15, 48.1285
1689, 41.1825, 48.1451
1690, 41.2449, 48.1785
1691, 41.277, 48.1952
1692, 41.342, 48.2285
1693, 41.3746, 48.2452
1694, 41.4403, 48.2785
1695, 41.474, 48.2952
1696, 41.5416, 48.3285
1697, 41.576, 48.3451
1698, 41.6094, 48.3618
1699, 41.6716, 48.3951
1700, 41.7015, 48.4118
1701, 41.7625, 48.4452
1702, 41.7929, 48.4618
1703, 41.8505, 48.4952
1704, 41.8801, 48.5118
1705, 41.9429, 48.5452
1706, 41.9755, 48.5618
1707, 42.0065, 48.5785
1708, 42.0702, 48.6118
1709, 42.1058, 48.6285
1710, 42.1705, 48.6618
1711, 42.1985, 48.6785
1712, 42.2482, 48.7118
1713, 42.2695, 48.7285
1714, 42.2801, 48.7452
1715, 42.3037, 48.7785
1716, 42.3213, 48.7952
1717, 42.3597, 48.8285
1718, 42.3777, 48.8451
1719, 42.3943, 48.8618
1720, 42.4272, 48.8951
1721, 42.4391, 48.9118
1722, 42.4425, 48.9452
1723, 42.4405, 48.9618
1724, 42.4452, 48.9952
1725, 42.4486, 49.0118
1726, 42.4484, 49.0285
1727, 42.445, 49.0618
1728, 42.4423, 49.0785
1729, 42.437, 49.1118
1730, 42.4346, 49.1285
1731, 42.4323, 49.1451
1732, 42.4306, 49.1785
1733, 42.4345, 49.1952
1734, 42.4558, 49.2285
1735, 42.4738, 49.2452
1736, 42.5309, 49.2785
1737, 42.5728, 49.2952
1738, 42.62, 49.3118
1739, 42.7288, 49.3451
1740, 42.7927, 49.3618
1741, 42.9093, 49.3951
1742, 42.9672, 49.4118
1743, 43.0211, 49.4285
1744, 43.1226, 49.4618
1745, 43.1753, 49.4785
1746, 43.2753, 49.5118
1747, 43.3284, 49.5285
1748, 43.3792, 49.5452
1749, 43.4827, 49.5785
1750, 43.5334, 49.5951
1751, 43.5815, 49.6118
1752, 43.6818, 49.6451
1753, 43.7295, 49.6618
1754, 43.8238, 49.6952
1755, 43.8704, 49.7118
1756, 43.9178, 49.7285
1757, 44.0137, 49.7618
1758, 44.0617, 49.7785
1759, 44.1086, 49.7952
1760, 44.1996, 49.8285
1761, 44.2492, 49.8451
1762, 44.3529, 49.8785
1763, 44.4032, 49.8951
1764, 44.4538, 49.9118
1765, 44.5509, 49.9452
1766, 44.5998, 49.9618
1767, 44.6525, 49.9785
1768, 44.7638, 50.0118
1769, 44.8168, 50.0285
1770, 44.8671, 50.0452
1771, 44.9688, 50.0785
1772, 45.0198, 50.0951
1773, 45.0716, 50.1118
1774, 45.1768, 50.1451
1775, 45.2276, 50.1618
1776, 45.2753, 50.1785
1777, 45.3584, 50.2118
1778, 45.3926, 50.2285
1779, 45.4206, 50.2452
1780, 45.4585, 50.2785
1781, 45.4689, 50.2952
1782, 45.4742, 50.3118
1783, 45.472, 50.3451
1784, 45.4661, 50.3618
1785, 45.4567, 50.3785
1786, 45.4298, 50.4118
1787, 45.4132, 50.4285
1788, 45.3948, 50.4452
1789, 45.3546, 50.4785
1790, 45.3331, 50.4952
1791, 45.311, 50.5118
1792, 45.2637, 50.5452
1793, 45.2397, 50.5618
1794, 45.2152, 50.5785
1795, 45.1628, 50.6118
1796, 45.1365, 50.6285
1797, 45.1105, 50.6451
1798, 45.0552, 50.6785
1799, 45.0278, 50.6952
1800, 45.0015, 50.7118
1801, 44.9499, 50.7452
1802, 44.9254, 50.7618
1803, 44.9025, 50.7785
1804, 44.8619, 50.8118
1805, 44.8443, 50.8285
1806, 44.8127, 50.8618
1807, 44.7971, 50.8785
1808, 44.7811, 50.8951
1809, 44.7479, 50.9285
1810, 44.7308, 50.9452
1811, 44.7131, 50.9618
1812, 44.6763, 50.9952
1813, 44.6572, 51.0118
1814, 44.6378, 51.0285
1815, 44.5965, 51.0618
1816, 44.5763, 51.0785
1817, 44.5562, 51.0951
1818, 44.5113, 51.1285
1819, 44.4881, 51.1451
1820, 44.4642, 51.1618
1821, 44.414, 51.1952
1822, 44.3878, 51.2118
1823, 44.361, 51.2285
1824, 44.3046, 51.2618
1825, 44.2752, 51.2785
1826, 44.2143, 51.3118
1827, 44.1827, 51.3285
1828, 44.1501, 51.3451
1829, 44.0837, 51.3785
1830, 44.0501, 51.3951
1831, 44.0161, 51.4118
1832, 43.9491, 51.4452
1833, 43.9156, 51.4618
1834, 43.882, 51.4785
1835, 43.8153, 51.5118
1836, 43.7813, 51.5285
1837, 43.7132, 51.5618
1838, 43.6788, 51.5785
1839, 43.644, 51.5951
1840, 43.5743, 51.6285
1841, 43.5389, 51.6451
1842, 43.5041, 51.6618
1843, 43.4322, 51.6952
1844, 43.3952, 51.7118
1845, 43.319, 51.7452
1846, 43.2804, 51.7618
1847, 43.241, 51.7785
1848, 43.1588, 51.8118
1849, 43.1165, 51.8285
1850, 43.0741, 51.8451
1851, 42.9867, 51.8785
1852, 42.9436, 51.8951
1853, 42.8584, 51.9285
1854, 42.8161, 51.9452
1855, 42.7764, 51.9618
1856, 42.7167, 51.9952
1857, 42.6944, 52.0118
1858, 42.6604, 52.0452
1859, 42.6479, 52.0618
1860, 42.6265, 52.0951
1861, 42.6175, 52.1118
1862, 42.6084, 52.1285
1863, 42.5929, 52.1618
1864, 42.5873, 52.1785
1865, 42.5775, 52.2118
1866, 42.5731, 52.2285
1867, 42.5707, 52.2452
1868, 42.5722, 52.2785
1869, 42.5732, 52.2952
1870, 42.5729, 52.3285
1871, 42.5723, 52.3451
1872, 42.5738, 52.3785
1873, 42.5758, 52.3951
1874, 42.5785, 52.4118
1875, 42.5837, 52.4452
1876, 42.5868, 52.4618
1877, 42.5931, 52.4952
1878, 42.596, 52.5118
1879, 42.6017, 52.5452
1880, 42.6046, 52.5618
1881, 42.607, 52.5785
1882, 42.6099, 52.6118
1883, 42.6115, 52.6285
1884, 42.6129, 52.6618
1885, 42.6128, 52.6785
1886, 42.6138, 52.6952
1887, 42.6173, 52.7285
1888, 42.6194, 52.7452
1889, 42.6244, 52.7785
1890, 42.6274, 52.7952
1891, 42.6346, 52.8285
1892, 42.6394, 52.8451
1893, 42.6455, 52.8618
1894, 42.6604, 52.8951
1895, 42.668, 52.9118
1896, 42.6823, 52.9452
1897, 42.6896, 52.9618
1898, 42.6981, 52.9785
1899, 42.7144, 53.0118
1900, 42.7227, 53.0285
1901, 42.7432, 53.0618
1902, 42.7557, 53.0785
1903, 42.779, 53.1118
1904, 42.7919, 53.1285
1905, 42.8081, 53.1451
1906, 42.8415, 53.1785
1907, 42.8546, 53.1952
1908, 42.8844, 53.2285
1909, 42.9041, 53.2452
1910, 42.9219, 53.2618
1911, 42.9485, 53.2952
1912, 42.9599, 53.3118
1913, 42.983, 53.3451
1914, 42.9943, 53.3618
1915, 43.0065, 53.3785
1916, 43.0267, 53.4118
1917, 43.0351, 53.4285
1918, 43.055, 53.4618
1919, 43.0659, 53.4785
1920, 43.0895, 53.5118
1921, 43.1018, 53.5285
1922, 43.1143, 53.5452
1923, 43.1384, 53.5785
1924, 43.1512, 53.5951
1925, 43.1771, 53.6285
1926, 43.1907, 53.6451
1927, 43.2034, 53.6618
1928, 43.2287, 53.6952
1929, 43.2424, 53.7118
1930, 43.2679, 53.7452
1931, 43.2791, 53.7618
1932, 43.2903, 53.7785
1933, 43.323, 53.8118
1934, 43.3413, 53.8285
1935, 43.3783, 53.8618
1936, 43.3974, 53.8785
1937, 43.4163, 53.8951
1938, 43.4558, 53.9285
1939, 43.4775, 53.9452
1940, 43.5214, 53.9785
1941, 43.5423, 53.9952
1942, 43.5654, 54.0118
1943, 43.6139, 54.0452
1944, 43.64, 54.0618
1945, 43.6659, 54.0785
1946, 43.7192, 54.1118
1947, 43.7462, 54.1285
1948, 43.8035, 54.1618
1949, 43.8336, 54.1785
1950, 43.8644, 54.1952
1951, 43.9244, 54.2285
1952, 43.9549, 54.2452
1953, 43.9865, 54.2618
1954, 44.0499, 54.2952
1955, 44.0812, 54.3118
1956, 44.1133, 54.3285
1957, 44.1819, 54.3618
1958, 44.214, 54.3785
1959, 44.2788, 54.4118
1960, 44.3126, 54.4285
1961, 44.3442, 54.4452
1962, 44.4064, 54.4785
1963, 44.4385, 54.4952
1964, 44.4704, 54.5118
1965, 44.536, 54.5452
1966, 44.5702, 54.5618
1967, 44.6052, 54.5785
1968, 44.6763, 54.6118
1969, 44.7105, 54.6285
1970, 44.7437, 54.6451
1971, 44.8102, 54.6785
1972, 44.8441, 54.6952
1973, 44.8791, 54.7118
1974, 44.9506, 54.7452
1975, 44.9866, 54.7618
1976, 45.0227, 54.7785
1977, 45.092, 54.8118
1978, 45.127, 54.8285
1979, 45.1609, 54.8451
1980, 45.2297, 54.8785
1981, 45.2639, 54.8951
1982, 45.2964, 54.9118
1983, 45.3608, 54.9452
1984, 45.3927, 54.9618
1985, 45.4233, 54.9785
1986, 45.4817, 55.0118
1987, 45.5116, 55.0285
1988, 45.5415, 55.0452
1989, 45.6011, 55.0785
1990, 45.6301, 55.0951
1991, 45.6598, 55.1118
1992, 45.7215, 55.1451
1993, 45.7516, 55.1618
1994, 45.7821, 55.1785
1995, 45.8422, 55.2118
1996, 45.8719, 55.2285
1997, 45.901, 55.2452
1998, 45.9302, 55.2618
1999, 45.989, 55.2952
2000, 46.0219, 55.3118
2001, 46.0541, 55.3285
2002, 46.1161, 55.3618
2003, 46.1477, 55.3785
2004, 46.1794, 55.3951
2005, 46.2417, 55.4285
2006, 46.2712, 55.4452
2007, 46.2712, 55.4452
2008, 46.2712, 55.4452
2009, 46.2712, 55.4452
2010, 46.2712, 55.4452
2011, 46.4341, 55.5452
2012, 46.4959, 55.5785
2013, 46.5254, 55.5951
2014, 46.554, 55.6118
2015, 46.6127, 55.6451
2016, 46.644, 55.6618
2017, 46.6735, 55.6785
2018, 46.7022, 55.6952
2019, 46.756, 55.7285
2020, 46.7823, 55.7452
2021, 46.8102, 55.7618
2022, 46.8403, 55.7785
2023, 46.8996, 55.8118
2024, 46.9239, 55.8285
2025, 46.9467, 55.8451
2026, 47.0012, 55.8785
2027, 47.0286, 55.8951
2028, 47.0538, 55.9118
2029, 47.0773, 55.9285
2030, 47.135, 55.9618
2031, 47.1641, 55.9785
2032, 47.1908, 55.9952
2033, 47.2394, 56.0285
2034, 47.2616, 56.0452
2035, 47.2901, 56.0618
2036, 47.32, 56.0785
2037, 47.3714, 56.1118
2038, 47.3955, 56.1285
2039, 47.4261, 56.1451
2040, 47.4584, 56.1618
2041, 47.5092, 56.1952
2042, 47.5325, 56.2118
2043, 47.5594, 56.2285
2044, 47.5888, 56.2452
2045, 47.637, 56.2785
2046, 47.6598, 56.2952
2047, 47.6859, 56.3118
2048, 47.7419, 56.3451
2049, 47.7729, 56.3618
2050, 47.7978, 56.3785
2051, 47.8238, 56.3951
2052, 47.8785, 56.4285
2053, 47.913, 56.4452
2054, 47.9401, 56.4618
2055, 47.9669, 56.4785
2056, 48.0228, 56.5118
2057, 48.0524, 56.5285
2058, 48.0791, 56.5452
2059, 48.1065, 56.5618
2060, 48.1614, 56.5951
2061, 48.1878, 56.6118
2062, 48.2142, 56.6285
2063, 48.2411, 56.6451
2064, 48.2939, 56.6785
2065, 48.3188, 56.6952
2066, 48.3438, 56.7118
2067, 48.3691, 56.7285
2068, 48.3957, 56.7452
2069, 48.4522, 56.7785
2070, 48.4817, 56.7952
2071, 48.5112, 56.8118
2072, 48.5409, 56.8285
2073, 48.6006, 56.8618
2074, 48.6305, 56.8785
2075, 48.6604, 56.8951
2076, 48.6897, 56.9118
2077, 48.7452, 56.9452
2078, 48.7728, 56.9618
2079, 48.8001, 56.9785
2080, 48.827, 56.9952
2081, 48.8777, 57.0285
2082, 48.9022, 57.0452
2083, 48.9263, 57.0618
2084, 48.9504, 57.0785
2085, 48.9747, 57.0951
2086, 49.0256, 57.1285
2087, 49.0531, 57.1451
2088, 49.0818, 57.1618
2089, 49.1106, 57.1785
2090, 49.1684, 57.2118
2091, 49.1948, 57.2285
2092, 49.2211, 57.2452
2093, 49.2478, 57.2618
2094, 49.2743, 57.2785
2095, 49.3228, 57.3118
2096, 49.3459, 57.3285
2097, 49.3704, 57.3451
2098, 49.3967, 57.3618
2099, 49.4487, 57.3951
2100, 49.473, 57.4118
2101, 49.4981, 57.4285
2102, 49.5231, 57.4452
2103, 49.5488, 57.4618
2104, 49.6033, 57.4952
2105, 49.6293, 57.5118
2106, 49.6554, 57.5285
2107, 49.6826, 57.5452
2108, 49.712, 57.5618
2109, 49.7646, 57.5951
2110, 49.7894, 57.6118
2111, 49.8159, 57.6285
2112, 49.8441, 57.6451
2113, 49.8708, 57.6618
2114, 49.9225, 57.6952
2115, 49.949, 57.7118
2116, 49.9746, 57.7285
2117, 49.9993, 57.7452
2118, 50.023, 57.7618
2119, 50.0742, 57.7952
2120, 50.1008, 57.8118
2121, 50.1271, 57.8285
2122, 50.1519, 57.8451
2123, 50.1769, 57.8618
2124, 50.2274, 57.8951
2125, 50.2518, 57.9118
2126, 50.2749, 57.9285
2127, 50.2981, 57.9452
2128, 50.3218, 57.9618
2129, 50.3684, 57.9952
2130, 50.3907, 58.0118
2131, 50.4138, 58.0285
2132, 50.4376, 58.0452
2133, 50.4627, 58.0618
2134, 50.511, 58.0951
2135, 50.5354, 58.1118
2136, 50.5602, 58.1285
2137, 50.585, 58.1451
2138, 50.6093, 58.1618
2139, 50.6322, 58.1785
2140, 50.681, 58.2118
2141, 50.7064, 58.2285
2142, 50.7313, 58.2452
2143, 50.7553, 58.2618
2144, 50.7813, 58.2785
2145, 50.8315, 58.3118
2146, 50.8539, 58.3285
2147, 50.8774, 58.3451
2148, 50.9011, 58.3618
2149, 50.9252, 58.3785
2150, 50.9489, 58.3951
2151, 50.9957, 58.4285
2152, 51.0187, 58.4452
2153, 51.042, 58.4618
2154, 51.0657, 58.4785
2155, 51.0891, 58.4952
2156, 51.1339, 58.5285
2157, 51.1556, 58.5452
2158, 51.178, 58.5618
2159, 51.2009, 58.5785
2160, 51.2248, 58.5951
2161, 51.247, 58.6118
2162, 51.2903, 58.6451
2163, 51.3114, 58.6618
2164, 51.3342, 58.6785
2165, 51.3572, 58.6952
2166, 51.3798, 58.7118
2167, 51.4002, 58.7285
2168, 51.4438, 58.7618
2169, 51.4438, 58.7618
2170, 51.4438, 58.7618
2171, 51.4438, 58.7618
2172, 51.4438, 58.7618
2173, 51.5887, 58.8618
2174, 51.612, 58.8785
2175, 51.6347, 58.8951
2176, 51.6593, 58.9118
2177, 51.6817, 58.9285
2178, 51.7027, 58.9452
2179, 51.7244, 58.9618
2180, 51.7666, 58.9952
2181, 51.7856, 59.0118
2182, 51.8039, 59.0285
2183, 51.8236, 59.0452
2184, 51.8454, 59.0618
2185, 51.8687, 59.0785
2186, 51.8906, 59.0951
2187, 51.9341, 59.1285
2188, 51.9576, 59.1451
2189, 51.9803, 59.1618
2190, 52.0022, 59.1785
2191, 52.0241, 59.1952
2192, 52.048, 59.2118
2193, 52.0943, 59.2452
2194, 52.1163, 59.2618
2195, 52.1358, 59.2785
2196, 52.1565, 59.2952
2197, 52.1765, 59.3118
2198, 52.1967, 59.3285
2199, 52.2175, 59.3451
2200, 52.2604, 59.3785
2201, 52.2818, 59.3951
2202, 52.303, 59.4118
2203, 52.3236, 59.4285
2204, 52.3452, 59.4452
2205, 52.367, 59.4618
2206, 52.4073, 59.4952
2207, 52.4281, 59.5118
2208, 52.4498, 59.5285
2209, 52.4704, 59.5452
2210, 52.4906, 59.5618
2211, 52.5113, 59.5785
2212, 52.5322, 59.5951
2213, 52.5711, 59.6285
2214, 52.5902, 59.6451
2215, 52.6108, 59.6618
2216, 52.632, 59.6785
2217, 52.6532, 59.6952
2218, 52.6746, 59.7118
2219, 52.6966, 59.7285
2220, 52.7182, 59.7452
2221, 52.7605, 59.7785
2222, 52.7784, 59.7952
2223, 52.8016, 59.8118
2224, 52.8236, 59.8285
2225, 52.8447, 59.8451
2226, 52.8641, 59.8618
2227, 52.8836, 59.8785
2228, 52.9189, 59.9118
2229, 52.9378, 59.9285
2230, 52.9572, 59.9452
2231, 52.9785, 59.9618
2232, 52.9994, 59.9785
2233, 53.0205, 59.9952
2234, 53.0403, 60.0118
2235, 53.0794, 60.0452
2236, 53.1002, 60.0618
2237, 53.1201, 60.0785
2238, 53.14, 60.0951
2239, 53.1584, 60.1118
2240, 53.1772, 60.1285
2241, 53.1972, 60.1451
2242, 53.2164, 60.1618
2243, 53.2556, 60.1952
2244, 53.2761, 60.2118
2245, 53.2962, 60.2285
2246, 53.3148, 60.2452
2247, 53.3344, 60.2618
2248, 53.3543, 60.2785
2249, 53.3729, 60.2952
2250, 53.3906, 60.3118
2251, 53.4251, 60.3451
2252, 53.4418, 60.3618
2253, 53.4586, 60.3785
2254, 53.4781, 60.3951
2255, 53.4994, 60.4118
2256, 53.5216, 60.4285
2257, 53.5428, 60.4452
2258, 53.5613, 60.4618
2259, 53.5918, 60.4952
2260, 53.6091, 60.5118
2261, 53.628, 60.5285
2262, 53.6483, 60.5452
2263, 53.6681, 60.5618
2264, 53.6871, 60.5785
2265, 53.7067, 60.5951
2266, 53.7257, 60.6118
2267, 53.7448, 60.6285
2268, 53.782, 60.6618
2269, 53.8021, 60.6785
2270, 53.8236, 60.6952
2271, 53.8444, 60.7118
2272, 53.861, 60.7285
2273, 53.8748, 60.7452
2274, 53.892, 60.7618
2275, 53.9097, 60.7785
2276, 53.9261, 60.7952
2277, 53.9574, 60.8285
2278, 53.9764, 60.8451
2279, 53.9954, 60.8618
2280, 54.0125, 60.8785
2281, 54.0307, 60.8951
2282, 54.0508, 60.9118
2283, 54.0701, 60.9285
2284, 54.0887, 60.9452
2285, 54.1087, 60.9618
2286, 54.1451, 60.9952
2287, 54.1609, 61.0118
2288, 54.1766, 61.0285
2289, 54.1934, 61.0452
2290, 54.2096, 61.0618
2291, 54.225, 61.0785
2292, 54.2405, 61.0951
2293, 54.2567, 61.1118
2294, 54.2747, 61.1285
2295, 54.3106, 61.1618
2296, 54.3284, 61.1785
2297, 54.3467, 61.1952
2298, 54.3634, 61.2118
2299, 54.3776, 61.2285
2300, 54.3905, 61.2452
2301, 54.4052, 61.2618
2302, 54.423, 61.2785
2303, 54.4411, 61.2952
2304, 54.4619, 61.3118
2305, 54.5034, 61.3451
2306, 54.5239, 61.3618
2307, 54.5446, 61.3785
2308, 54.5641, 61.3951
2309, 54.5814, 61.4118
2310, 54.5976, 61.4285
2311, 54.613, 61.4452
2312, 54.6284, 61.4618
2313, 54.6433, 61.4785
2314, 54.6585, 61.4952
2315, 54.6889, 61.5285
2316, 54.7038, 61.5452
2317, 54.7181, 61.5618
2318, 54.7314, 61.5785
2319, 54.7452, 61.5951
2320, 54.761, 61.6118
2321, 54.7779, 61.6285
2322, 54.7958, 61.6451
2323, 54.8133, 61.6618
2324, 54.8296, 61.6785
2325, 54.8621, 61.7118
2326, 54.8802, 61.7285
2327, 54.8969, 61.7452
2328, 54.9129, 61.7618
2329, 54.9293, 61.7785
2330, 54.9465, 61.7952
2331, 54.9634, 61.8118
2332, 54.9789, 61.8285
2333, 54.9931, 61.8451
2334, 55.0065, 61.8618
2335, 55.0203, 61.8785
2336, 55.0203, 61.8785
2337, 55.0203, 61.8785
2338, 55.0203, 61.8785
2339, 55.0203, 61.8785
2340, 55.0203, 61.8785
