0, 56.51, 108.03
1, 56.55, 108.047
2, 56.59, 108.064
3, 56.64, 108.08
4, 56.68, 108.097
5, 56.73, 108.114
6, 56.78, 108.13
7, 56.84, 108.147
8, 56.89, 108.164
9, 56.94, 108.18
10, 56.98, 108.197
11, 57.03, 108.214
12, 57.07, 108.23
13, 57.12, 108.247
14, 57.17, 108.264
15, 57.22, 108.28
16, 57.27, 108.297
17, 57.31, 108.314
18, 57.4, 108.347
19, 57.45, 108.364
20, 57.5, 108.38
21, 57.55, 108.397
22, 57.6, 108.414
23, 57.64, 108.43
24, 57.69, 108.447
25, 57.72, 108.464
26, 57.76, 108.48
27, 57.81, 108.497
28, 57.86, 108.514
29, 57.9, 108.53
30, 57.94, 108.547
31, 57.97, 108.564
32, 58, 108.58
33, 58.03, 108.597
34, 58.06, 108.614
35, 58.08, 108.63
36, 58.08, 108.647
37, 58.08, 108.664
38, 58.07, 108.68
39, 58.07, 108.697
40, 58.05, 108.714
41, 58.03, 108.73
42, 58, 108.747
43, 57.96, 108.764
44, 57.85, 108.797
45, 57.78, 108.814
46, 57.72, 108.83
47, 57.65, 108.847
48, 57.58, 108.864
49, 57.47, 108.88
50, 57.37, 108.897
51, 57.3, 108.914
52, 57.23, 108.93
53, 57.14, 108.947
54, 57.05, 108.964
55, 56.97, 108.98
56, 56.89, 108.997
57, 56.81, 109.014
58, 56.73, 109.03
59, 56.65, 109.047
60, 56.57, 109.064
61, 56.49, 109.08
62, 56.41, 109.097
63, 56.33, 109.114
64, 56.18, 109.147
65, 56.1, 109.164
66, 56.02, 109.18
67, 55.94, 109.197
68, 55.86, 109.214
69, 55.79, 109.23
70, 55.71, 109.247
71, 55.64, 109.264
72, 55.57, 109.28
73, 55.51, 109.297
74, 55.45, 109.314
75, 55.39, 109.33
76, 55.33, 109.347
77, 55.21, 109.38
78, 55.14, 109.397
79, 55.08, 109.414
80, 55.03, 109.43
81, 54.97, 109.447
82, 54.91, 109.464
83, 54.85, 1.482
84, 54.79, 1.499
85, 54.73, 1.516
86, 54.67, 1.532
87, 54.61, 1.549
88, 54.5, 1.582
89, 54.45, 1.599
90, 54.39, 1.616
91, 54.34, 1.632
92, 54.29, 1.649
93, 54.24, 1.666
94, 54.19, 1.682
95, 54.14, 1.699
96, 54.1, 1.716
97, 54.03, 1.749
98, 54, 1.766
99, 53.96, 1.782
100, 53.93, 1.799
101, 53.95, 1.816
102, 53.95, 1.832
103, 53.93, 1.849
104, 53.91, 1.866
105, 53.91, 1.882
106, 53.91, 1.916
107, 53.91, 1.932
108, 53.91, 1.949
109, 53.92, 1.966
110, 53.93, 1.982
111, 53.95, 1.999
112, 53.96, 2.016
113, 53.97, 2.032
114, 53.99, 2.049
115, 54.02, 2.082
116, 54.03, 2.099
117, 54.04, 2.116
118, 54.03, 2.132
119, 54.02, 2.149
120, 53.99, 2.166
121, 53.94, 2.182
122, 53.88, 2.199
123, 53.82, 2.216
124, 53.66, 2.249
125, 53.54, 2.266
126, 53.45, 2.282
127, 53.39, 2.299
128, 53.3, 2.316
129, 53.21, 2.332
130, 53.12, 2.349
131, 53.04, 2.366
132, 52.89, 2.399
133, 52.82, 2.416
134, 52.75, 2.432
135, 52.68, 2.449
136, 52.6, 2.466
137, 52.53, 2.482
138, 52.46, 2.499
139, 52.29, 2.532
140, 52.2, 2.549
141, 52.1, 2.566
142, 52, 2.582
143, 51.89, 2.599
144, 51.79, 2.616
145, 51.67, 2.632
146, 51.43, 2.666
147, 51.3, 2.682
148, 51.17, 2.699
149, 51.03, 2.716
150, 50.9, 2.732
151, 50.77, 2.749
152, 50.5, 2.782
153, 50.36, 2.799
154, 50.23, 2.816
155, 50.1, 2.832
156, 49.96, 2.849
157, 49.7, 2.882
158, 49.58, 2.899
159, 49.46, 2.916
160, 49.36, 2.932
161, 49.26, 2.949
162, 48.99, 2.982
163, 48.87, 2.999
164, 48.76, 3.016
165, 48.65, 3.032
166, 48.42, 3.066
167, 48.3, 3.082
168, 48.2, 3.099
169, 48.09, 3.116
170, 47.9, 3.149
171, 47.81, 3.166
172, 47.72, 3.182
173, 47.64, 3.199
174, 47.49, 3.232
175, 47.41, 3.249
176, 47.34, 3.266
177, 47.27, 3.282
178, 47.13, 3.316
179, 47.06, 3.332
180, 46.99, 3.349
181, 46.85, 3.382
182, 46.78, 3.399
183, 46.71, 3.416
184, 46.64, 3.432
185, 46.49, 3.466
186, 46.42, 3.482
187, 46.34, 3.499
188, 46.17, 3.532
189, 46.08, 3.549
190, 45.98, 3.566
191, 45.9, 3.582
192, 45.72, 3.616
193, 45.63, 3.632
194, 45.53, 3.649
195, 45.33, 3.682
196, 45.23, 3.699
197, 45.13, 3.716
198, 44.91, 3.749
199, 44.79, 3.766
200, 44.67, 3.782
201, 44.43, 3.816
202, 44.31, 3.832
203, 44.19, 3.849
204, 43.95, 3.882
205, 43.82, 3.899
206, 43.59, 3.932
207, 43.47, 3.949
208, 43.34, 3.966
209, 43.09, 3.999
210, 42.96, 4.016
211, 42.74, 4.049
212, 42.63, 4.066
213, 42.52, 4.082
214, 42.29, 4.116
215, 42.19, 4.132
216, 42.19, 4.132
217, 41.87, 4.182
218, 41.77, 4.199
219, 41.57, 4.232
220, 41.48, 4.249
221, 41.29, 4.282
222, 41.19, 4.299
223, 41, 4.332
224, 40.91, 4.349
225, 40.71, 4.382
226, 40.62, 4.399
227, 40.44, 4.432
228, 40.35, 4.449
229, 40.2, 4.482
230, 40.12, 4.499
231, 39.99, 4.532
232, 39.94, 4.549
233, 39.84, 4.582
234, 39.79, 4.599
235, 39.69, 4.632
236, 39.64, 4.649
237, 39.55, 4.682
238, 39.5, 4.699
239, 39.4, 4.732
240, 39.35, 4.749
241, 39.25, 4.782
242, 39.2, 4.799
243, 39.1, 4.832
244, 39.05, 4.849
245, 38.95, 4.882
246, 38.9, 4.899
247, 38.79, 4.932
248, 38.68, 4.966
249, 38.63, 4.982
250, 38.54, 5.016
251, 38.5, 5.032
252, 38.43, 5.066
253, 38.39, 5.082
254, 38.36, 5.116
255, 38.33, 5.149
256, 38.31, 5.166
257, 38.28, 5.199
258, 38.27, 5.216
259, 38.26, 5.249
260, 38.25, 5.266
261, 38.25, 5.299
262, 38.24, 5.332
263, 38.24, 5.349
264, 38.25, 5.382
265, 38.26, 5.399
266, 38.27, 5.432
267, 38.28, 5.449
268, 38.3, 5.482
269, 38.33, 5.516
270, 38.35, 5.532
271, 38.39, 5.566
272, 38.42, 5.582
273, 38.47, 5.616
274, 38.5, 5.632
275, 38.56, 5.666
276, 38.63, 5.699
277, 38.67, 5.716
278, 38.76, 5.749
279, 38.8, 5.766
280, 38.88, 5.799
281, 38.92, 5.816
282, 39, 5.849
283, 39.04, 5.866
284, 39.12, 5.899
285, 39.16, 5.916
286, 39.25, 5.949
287, 39.35, 5.982
288, 39.41, 5.999
289, 39.51, 6.032
290, 39.56, 6.049
291, 39.66, 6.082
292, 39.71, 6.099
293, 39.83, 6.132
294, 39.88, 6.149
295, 40, 6.182
296, 40.05, 6.199
297, 40.17, 6.232
298, 40.23, 6.249
299, 40.35, 6.282
300, 40.4, 6.299
301, 40.53, 6.332
302, 40.59, 6.349
303, 40.71, 6.382
304, 40.77, 6.399
305, 40.83, 6.416
306, 40.96, 6.449
307, 41.02, 6.466
308, 41.14, 6.499
309, 41.2, 6.516
310, 41.32, 6.549
311, 41.37, 6.566
312, 41.5, 6.599
313, 41.56, 6.616
314, 41.68, 6.649
315, 41.74, 6.666
316, 41.8, 6.682
317, 41.92, 6.716
318, 41.97, 6.732
319, 42.09, 6.766
320, 42.15, 6.782
321, 42.28, 6.816
322, 42.35, 6.832
323, 42.42, 6.849
324, 42.55, 6.882
325, 42.62, 6.899
326, 42.75, 6.932
327, 42.82, 6.949
328, 42.89, 6.966
329, 43.02, 6.999
330, 43.08, 7.016
331, 43.22, 7.049
332, 43.29, 7.066
333, 43.35, 7.082
334, 43.49, 7.116
335, 43.55, 7.132
336, 43.62, 7.149
337, 43.75, 7.182
338, 43.82, 7.199
339, 43.96, 7.232
340, 44.03, 7.249
341, 44.1, 7.266
342, 44.24, 7.299
343, 44.31, 7.316
344, 44.38, 7.332
345, 44.52, 7.366
346, 44.59, 7.382
347, 44.67, 7.399
348, 44.81, 7.432
349, 44.87, 7.449
350, 44.94, 7.466
351, 45.08, 7.499
352, 45.15, 7.516
353, 45.22, 7.532
354, 45.36, 7.566
355, 45.43, 7.582
356, 45.5, 7.599
357, 45.64, 7.632
358, 45.71, 7.649
359, 45.78, 7.666
360, 45.92, 7.699
361, 45.99, 7.716
362, 46.07, 7.732
363, 46.21, 7.766
364, 46.27, 7.782
365, 46.34, 7.799
366, 46.41, 7.816
367, 46.56, 7.849
368, 46.63, 7.866
369, 46.71, 7.882
370, 46.85, 7.916
371, 46.92, 7.932
372, 46.99, 7.949
373, 47.05, 7.966
374, 47.19, 7.999
375, 47.26, 8.016
376, 47.33, 8.032
377, 47.47, 8.066
378, 47.54, 8.082
379, 47.61, 8.099
380, 47.68, 8.116
381, 47.82, 8.149
382, 47.89, 8.166
383, 47.96, 8.182
384, 48.02, 8.199
385, 48.16, 8.232
386, 48.23, 8.249
387, 48.29, 8.266
388, 48.36, 8.282
389, 48.5, 8.316
390, 48.56, 8.332
391, 48.63, 8.349
392, 48.69, 8.366
393, 48.83, 8.399
394, 48.9, 8.416
395, 48.97, 8.432
396, 49.03, 8.449
397, 49.1, 8.466
398, 49.23, 8.499
399, 49.3, 8.516
400, 49.36, 8.532
401, 49.43, 8.549
402, 49.56, 8.582
403, 49.63, 8.599
404, 49.7, 8.616
405, 49.76, 8.632
406, 49.83, 8.649
407, 49.96, 8.682
408, 50.02, 8.699
409, 50.09, 8.716
410, 50.15, 8.732
411, 50.22, 8.749
412, 50.34, 8.782
413, 50.41, 8.799
414, 50.47, 8.816
415, 50.54, 8.832
416, 50.61, 8.849
417, 50.74, 8.882
418, 50.8, 8.899
419, 50.87, 8.916
420, 50.93, 8.932
421, 51, 8.949
422, 51.06, 8.966
423, 51.18, 8.999
424, 51.24, 9.016
425, 51.31, 9.032
426, 51.37, 9.049
427, 51.44, 9.066
428, 51.56, 9.099
429, 51.62, 9.116
430, 51.69, 9.132
431, 51.75, 9.149
432, 51.82, 9.166
433, 51.88, 9.182
434, 52, 9.216
435, 52.07, 9.232
436, 52.13, 9.249
437, 52.2, 9.266
438, 52.26, 9.282
439, 52.33, 9.299
440, 52.39, 9.316
441, 52.51, 9.349
442, 52.57, 9.366
443, 52.63, 9.382
444, 52.69, 9.399
445, 52.75, 9.416
446, 52.82, 9.432
447, 52.88, 9.449
448, 53.02, 9.482
449, 53.08, 9.499
450, 53.14, 9.516
451, 53.2, 9.532
452, 53.26, 9.549
453, 53.31, 9.566
454, 53.34, 9.582
455, 53.36, 9.599
456, 53.37, 9.632
457, 53.34, 9.649
458, 53.39, 9.666
459, 53.45, 9.682
460, 53.5, 9.699
461, 53.56, 9.716
462, 53.63, 9.732
463, 53.73, 9.766
464, 53.78, 9.782
465, 53.82, 9.799
466, 53.86, 9.816
467, 53.92, 9.832
468, 53.98, 9.849
469, 54.04, 9.866
470, 54.09, 9.882
471, 54.14, 9.899
472, 54.24, 9.932
473, 54.29, 9.949
474, 54.34, 9.966
475, 54.39, 9.982
476, 54.44, 9.999
477, 54.49, 10.016
478, 54.55, 10.032
479, 54.6, 10.049
480, 54.65, 10.066
481, 54.7, 10.082
482, 54.81, 10.116
483, 54.86, 10.132
484, 54.91, 10.149
485, 54.96, 10.166
486, 55.01, 10.182
487, 55.06, 10.199
488, 55.11, 10.216
489, 55.16, 10.232
490, 55.21, 10.249
491, 55.26, 10.266
492, 55.37, 10.299
493, 55.42, 10.316
494, 55.48, 10.332
495, 55.53, 10.349
496, 55.59, 10.366
497, 55.64, 10.382
498, 55.69, 10.399
499, 55.73, 10.416
500, 55.78, 10.432
501, 55.82, 10.449
502, 55.88, 10.466
503, 55.93, 10.482
504, 55.98, 10.499
505, 56.09, 10.532
506, 56.15, 10.549
507, 56.2, 10.566
508, 56.26, 10.582
509, 56.31, 10.599
510, 56.36, 10.616
511, 56.41, 10.632
512, 56.46, 10.649
513, 56.51, 10.666
514, 56.56, 10.682
515, 56.6, 10.699
516, 56.66, 10.716
517, 56.71, 10.732
518, 56.76, 10.749
519, 56.82, 10.766
520, 56.92, 10.799
521, 56.97, 10.816
522, 57.02, 10.832
523, 57.07, 10.849
524, 57.12, 10.866
525, 57.17, 10.882
526, 57.22, 10.899
527, 57.27, 10.916
528, 57.32, 10.932
529, 57.37, 10.949
530, 57.42, 10.966
531, 57.47, 10.982
532, 57.52, 10.999
533, 57.57, 11.016
534, 57.62, 11.032
535, 57.67, 11.049
536, 57.71, 11.066
537, 57.76, 11.082
538, 57.81, 11.099
539, 57.86, 11.116
540, 57.91, 11.132
541, 57.96, 11.149
542, 58.01, 11.166
543, 58.1, 11.199
544, 58.15, 11.216
545, 58.2, 11.232
546, 58.25, 11.249
547, 58.3, 11.266
548, 58.34, 11.282
549, 58.39, 11.299
550, 58.44, 11.316
551, 58.49, 11.332
552, 58.54, 11.349
553, 58.59, 11.366
554, 58.63, 11.382
555, 58.68, 11.399
556, 58.73, 11.416
557, 58.77, 11.432
558, 58.82, 11.449
559, 58.86, 11.466
560, 58.9, 11.482
561, 58.95, 11.499
562, 59.01, 11.516
563, 59.06, 11.532
564, 59.11, 11.549
565, 59.16, 11.566
566, 59.21, 11.582
567, 59.26, 11.599
568, 59.3, 11.616
569, 59.34, 11.632
570, 59.38, 11.649
571, 59.43, 11.666
572, 59.48, 11.682
573, 59.52, 11.699
574, 59.57, 11.716
575, 59.62, 11.732
576, 59.67, 11.749
577, 59.71, 11.766
578, 59.76, 11.782
579, 59.81, 11.799
580, 59.85, 11.816
581, 59.9, 11.832
582, 59.95, 11.849
583, 59.99, 11.866
584, 60.04, 11.882
585, 60.08, 11.899
586, 60.13, 11.916
587, 60.18, 11.932
588, 60.22, 11.949
589, 60.27, 11.966
590, 60.31, 11.982
591, 60.36, 11.999
592, 60.4, 12.016
593, 60.45, 12.032
594, 60.5, 12.049
595, 60.54, 12.066
596, 60.58, 12.082
597, 60.62, 12.099
598, 60.67, 12.116
599, 60.72, 12.132
600, 60.76, 12.149
601, 60.81, 12.166
602, 60.85, 12.182
603, 60.89, 12.199
604, 60.94, 12.216
605, 60.98, 12.232
606, 61.03, 12.249
607, 61.07, 12.266
608, 61.12, 12.282
609, 61.16, 12.299
610, 61.2, 12.316
611, 61.25, 12.332
612, 61.3, 12.349
613, 61.34, 12.366
614, 61.38, 12.382
615, 61.42, 12.399
616, 61.46, 12.416
617, 61.51, 12.432
618, 61.56, 12.449
619, 61.6, 12.466
620, 61.64, 12.482
621, 61.68, 12.499
622, 61.73, 12.516
623, 61.77, 12.532
624, 61.8, 12.549
625, 61.82, 12.566
626, 61.82, 12.566
627, 61.84, 12.582
628, 61.82, 12.599
629, 61.77, 12.616
630, 61.83, 12.632
631, 61.88, 12.649
632, 61.9, 12.666
633, 61.94, 12.682
634, 61.98, 12.699
635, 62.01, 12.716
636, 62.04, 12.732
637, 62.08, 12.749
638, 62.11, 12.766
639, 62.15, 12.782
640, 62.18, 12.799
641, 62.22, 12.816
642, 62.25, 12.832
643, 62.28, 12.849
644, 62.31, 12.866
645, 62.34, 12.882
646, 62.37, 12.899
647, 62.39, 12.916
648, 62.41, 12.932
649, 62.42, 12.949
650, 62.43, 12.966
651, 62.44, 12.982
652, 62.45, 12.999
653, 62.45, 13.016
654, 62.44, 13.032
655, 62.44, 13.032
656, 62.44, 13.049
657, 62.44, 13.066
658, 62.42, 13.082
659, 62.38, 13.099
660, 62.32, 13.116
661, 62.24, 13.132
662, 62.13, 13.149
663, 62.01, 13.166
664, 61.87, 13.182
665, 61.72, 13.199
666, 61.56, 13.216
667, 61.38, 13.232
668, 61.19, 13.249
669, 60.96, 13.266
670, 60.75, 13.282
671, 60.54, 13.299
672, 60.32, 13.316
673, 60.09, 13.332
674, 59.86, 13.349
675, 59.63, 13.366
676, 59.4, 13.382
677, 59.17, 13.399
678, 58.95, 13.416
679, 58.72, 13.432
680, 58.49, 13.449
681, 58.26, 13.466
682, 58.03, 13.482
683, 57.8, 13.499
684, 57.57, 13.516
685, 57.34, 13.532
686, 57.12, 13.549
687, 56.91, 13.566
688, 56.71, 13.582
689, 56.51, 13.599
690, 56.12, 13.632
691, 55.93, 13.649
692, 55.75, 13.666
693, 55.56, 13.682
694, 55.38, 13.699
695, 55.21, 13.716
696, 55.05, 13.732
697, 54.89, 13.749
698, 54.73, 13.766
699, 54.56, 13.782
700, 54.36, 13.799
701, 54, 13.832
702, 53.82, 13.849
703, 53.64, 13.866
704, 53.46, 13.882
705, 53.28, 13.899
706, 53.11, 13.916
707, 52.92, 13.932
708, 52.73, 13.949
709, 52.54, 13.966
710, 52.13, 13.999
711, 51.92, 14.016
712, 51.71, 14.032
713, 51.49, 14.049
714, 51.27, 14.066
715, 51.04, 14.082
716, 50.57, 14.116
717, 50.34, 14.132
718, 50.1, 14.149
719, 49.86, 14.166
720, 49.61, 14.182
721, 49.14, 14.216
722, 48.91, 14.232
723, 48.68, 14.249
724, 48.45, 14.266
725, 47.94, 14.299
726, 47.69, 14.316
727, 47.45, 14.332
728, 47.2, 14.349
729, 46.72, 14.382
730, 46.48, 14.399
731, 46.24, 14.416
732, 46, 14.432
733, 45.51, 14.466
734, 45.27, 14.482
735, 45.03, 14.499
736, 44.56, 14.532
737, 44.31, 14.549
738, 44.07, 14.566
739, 43.61, 14.599
740, 43.37, 14.616
741, 42.91, 14.649
742, 42.68, 14.666
743, 42.44, 14.682
744, 41.98, 14.716
745, 41.76, 14.732
746, 41.34, 14.766
747, 41.14, 14.782
748, 40.7, 14.816
749, 40.47, 14.832
750, 40.02, 14.866
751, 39.79, 14.882
752, 39.31, 14.916
753, 39.07, 14.932
754, 38.61, 14.966
755, 38.39, 14.982
756, 37.98, 15.016
757, 37.78, 15.032
758, 37.39, 15.066
759, 37.01, 15.099
760, 36.83, 15.116
761, 36.46, 15.149
762, 36.28, 15.166
763, 35.9, 15.199
764, 35.52, 15.232
765, 35.34, 15.249
766, 34.96, 15.282
767, 34.59, 15.316
768, 34.23, 15.349
769, 34.05, 15.366
770, 33.7, 15.399
771, 33.33, 15.432
772, 32.98, 15.466
773, 32.67, 15.499
774, 32.52, 15.516
775, 32.22, 15.549
776, 31.93, 15.582
777, 31.64, 15.616
778, 31.35, 15.649
779, 31.06, 15.682
780, 30.77, 15.716
781, 30.47, 15.749
782, 30.17, 15.782
783, 29.86, 15.816
784, 29.55, 15.849
785, 29.24, 15.882
786, 28.94, 15.916
787, 28.64, 15.949
788, 28.34, 15.982
789, 28.05, 16.016
790, 27.76, 16.049
791, 27.49, 16.082
792, 27.08, 16.132
793, 26.74, 16.166
794, 26.45, 16.199
795, 26.2, 16.232
796, 25.88, 16.282
797, 25.68, 16.316
798, 25.52, 16.349
799, 25.34, 16.399
800, 25.26, 16.432
801, 25.21, 16.466
802, 25.12, 16.516
803, 25.09, 16.549
804, 25.1, 16.582
805, 25.02, 16.632
806, 24.95, 16.666
807, 24.82, 16.699
808, 24.57, 16.749
809, 24.45, 16.782
810, 24.32, 16.816
811, 24.11, 16.866
812, 23.96, 16.899
813, 23.73, 16.949
814, 23.58, 16.982
815, 23.34, 17.032
816, 23.19, 17.066
817, 22.96, 17.116
818, 22.81, 17.149
819, 22.64, 17.199
820, 22.54, 17.232
821, 22.44, 17.282
822, 22.41, 17.316
823, 22.36, 17.366
824, 22.47, 17.416
825, 22.47, 17.449
826, 22.41, 17.499
827, 22.36, 17.532
828, 22.26, 17.582
829, 22.11, 17.616
830, 21.98, 17.666
831, 21.9, 17.699
832, 21.76, 17.749
833, 21.67, 17.782
834, 21.54, 17.832
835, 21.4, 17.882
836, 21.3, 17.916
837, 21.16, 17.966
838, 21, 18.016
839, 20.85, 18.066
840, 20.69, 18.116
841, 20.53, 18.166
842, 20.37, 18.216
843, 20.22, 18.266
844, 20.07, 18.316
845, 19.95, 18.366
846, 19.86, 18.416
847, 19.83, 18.466
848, 19.9, 18.516
849, 19.92, 18.566
850, 19.98, 18.616
851, 20.07, 18.666
852, 20.15, 18.716
853, 20.25, 18.782
854, 20.34, 18.832
855, 20.44, 18.882
856, 20.55, 18.932
857, 20.67, 18.982
858, 20.8, 19.032
859, 20.92, 19.082
860, 21.05, 19.132
861, 21.19, 19.182
862, 21.33, 19.232
863, 21.48, 19.282
864, 21.66, 19.332
865, 21.8, 19.366
866, 22.01, 19.416
867, 22.23, 19.466
868, 22.45, 19.516
869, 22.66, 19.566
870, 22.88, 19.616
871, 23.05, 19.649
872, 23.31, 19.699
873, 23.61, 19.749
874, 23.82, 19.782
875, 24.12, 19.832
876, 24.4, 19.882
877, 24.58, 19.916
878, 24.86, 19.966
879, 25.04, 19.999
880, 25.3, 20.049
881, 25.48, 20.082
882, 25.75, 20.132
883, 25.94, 20.166
884, 26.12, 20.199
885, 26.4, 20.249
886, 26.59, 20.282
887, 26.78, 20.316
888, 27.07, 20.366
889, 27.26, 20.399
890, 27.45, 20.432
891, 27.65, 20.466
892, 27.98, 20.516
893, 28.2, 20.549
894, 28.42, 20.582
895, 28.65, 20.616
896, 28.9, 20.649
897, 29.16, 20.682
898, 29.41, 20.716
899, 29.77, 20.766
900, 29.99, 20.799
901, 30.24, 20.832
902, 30.49, 20.866
903, 30.75, 20.899
904, 31, 20.932
905, 31.12, 20.949
906, 31.37, 20.982
907, 31.63, 21.016
908, 31.88, 21.049
909, 32.12, 21.082
910, 32.31, 21.116
911, 32.47, 21.149
912, 32.62, 21.182
913, 32.69, 21.199
914, 32.83, 21.232
915, 32.98, 21.266
916, 33.1, 21.299
917, 33.22, 21.332
918, 33.27, 21.349
919, 33.37, 21.382
920, 33.48, 21.416
921, 33.6, 21.449
922, 33.72, 21.482
923, 33.79, 21.499
924, 33.92, 21.532
925, 34.08, 21.566
926, 34.24, 21.599
927, 34.32, 21.616
928, 34.46, 21.649
929, 34.47, 21.682
930, 34.72, 21.716
931, 34.78, 21.732
932, 34.91, 21.766
933, 35.04, 21.799
934, 35.1, 21.816
935, 35.23, 21.849
936, 35.35, 21.882
937, 35.4, 21.899
938, 35.51, 21.932
939, 35.62, 21.966
940, 35.68, 21.982
941, 35.8, 22.016
942, 35.91, 22.049
943, 36.02, 22.082
944, 36.07, 22.099
945, 36.18, 22.132
946, 36.23, 22.149
947, 36.33, 22.182
948, 36.43, 22.216
949, 36.48, 22.232
950, 36.56, 22.266
951, 36.65, 22.299
952, 36.69, 22.316
953, 36.78, 22.349
954, 36.86, 22.382
955, 36.9, 22.399
956, 36.99, 22.432
957, 37.07, 22.466
958, 37.11, 22.482
959, 37.19, 22.516
960, 37.24, 22.532
961, 37.32, 22.566
962, 37.4, 22.599
963, 37.44, 22.616
964, 37.51, 22.649
965, 37.54, 22.666
966, 37.59, 22.699
967, 37.64, 22.732
968, 37.67, 22.749
969, 37.73, 22.782
970, 37.78, 22.816
971, 37.8, 22.832
972, 37.86, 22.866
973, 37.88, 22.882
974, 37.94, 22.916
975, 38.01, 22.949
976, 38.05, 22.966
977, 38.12, 22.999
978, 38.17, 23.016
979, 38.26, 23.049
980, 38.36, 23.082
981, 38.41, 23.099
982, 38.5, 23.132
983, 38.56, 23.149
984, 38.67, 23.182
985, 38.72, 23.199
986, 38.84, 23.232
987, 38.94, 23.266
988, 38.99, 23.282
989, 39.1, 23.316
990, 39.15, 23.332
991, 39.25, 23.366
992, 39.3, 23.382
993, 39.42, 23.416
994, 39.47, 23.432
995, 39.57, 23.466
996, 39.62, 23.482
997, 39.71, 23.516
998, 39.75, 23.532
999, 39.84, 23.566
1000, 39.88, 23.582
1001, 39.96, 23.616
1002, 40, 23.632
1003, 40.09, 23.666
1004, 40.18, 23.699
1005, 40.23, 23.716
1006, 40.34, 23.749
1007, 40.39, 23.766
1008, 40.49, 23.799
1009, 40.55, 23.816
1010, 40.61, 23.832
1011, 40.74, 23.866
1012, 40.8, 23.882
1013, 40.95, 23.916
1014, 41.02, 23.932
1015, 41.18, 23.966
1016, 41.26, 23.982
1017, 41.43, 24.016
1018, 41.51, 24.032
1019, 41.69, 24.066
1020, 41.78, 24.082
1021, 41.95, 24.116
1022, 42.04, 24.132
1023, 42.12, 24.149
1024, 42.29, 24.182
1025, 42.38, 24.199
1026, 42.55, 24.232
1027, 42.64, 24.249
1028, 42.82, 24.282
1029, 42.91, 24.299
1030, 43, 24.316
1031, 43.17, 24.349
1032, 43.26, 24.366
1033, 43.44, 24.399
1034, 43.53, 24.416
1035, 43.61, 24.432
1036, 43.78, 24.466
1037, 43.87, 24.482
1038, 43.95, 24.499
1039, 44.13, 24.532
1040, 44.22, 24.549
1041, 44.39, 24.582
1042, 44.47, 24.599
1043, 44.56, 24.616
1044, 44.74, 24.649
1045, 44.83, 24.666
1046, 44.91, 24.682
1047, 44.99, 24.716
1048, 44.96, 24.732
1049, 45.04, 24.749
1050, 45.24, 24.782
1051, 45.31, 24.799
1052, 45.38, 24.816
1053, 45.53, 24.849
1054, 45.61, 24.866
1055, 45.68, 24.882
1056, 45.75, 24.899
1057, 45.9, 24.932
1058, 45.98, 24.949
1059, 46.05, 24.966
1060, 46.19, 24.999
1061, 46.26, 25.016
1062, 46.34, 25.032
1063, 46.49, 25.066
1064, 46.56, 25.082
1065, 46.63, 25.099
1066, 46.71, 25.116
1067, 46.86, 25.149
1068, 46.93, 25.166
1069, 47.01, 25.182
1070, 47.08, 25.199
1071, 47.23, 25.232
1072, 47.3, 25.249
1073, 47.38, 25.266
1074, 47.52, 25.299
1075, 47.59, 25.316
1076, 47.66, 25.332
1077, 47.74, 25.349
1078, 47.89, 25.382
1079, 47.96, 25.399
1080, 48.03, 25.416
1081, 48.1, 25.432
1082, 48.24, 25.466
1083, 48.31, 25.482
1084, 48.39, 25.499
1085, 48.46, 25.516
1086, 48.53, 25.532
1087, 48.67, 25.566
1088, 48.74, 25.582
1089, 48.81, 25.599
1090, 48.88, 25.616
1091, 49.03, 25.649
1092, 49.1, 25.666
1093, 49.17, 25.682
1094, 49.24, 25.699
1095, 49.3, 25.716
1096, 49.44, 25.749
1097, 49.52, 25.766
1098, 49.59, 25.782
1099, 49.66, 25.799
1100, 49.79, 25.832
1101, 49.86, 25.849
1102, 49.93, 25.866
1103, 50, 25.882
1104, 50.07, 25.899
1105, 50.14, 25.916
1106, 50.27, 25.949
1107, 50.34, 25.966
1108, 50.41, 25.982
1109, 50.48, 25.999
1110, 50.54, 26.016
1111, 50.68, 26.049
1112, 50.75, 26.066
1113, 50.81, 26.082
1114, 50.88, 26.099
1115, 50.95, 26.116
1116, 51.01, 26.132
1117, 51.15, 26.166
1118, 51.22, 26.182
1119, 51.28, 26.199
1120, 51.35, 26.216
1121, 51.42, 26.232
1122, 51.48, 26.249
1123, 51.61, 26.282
1124, 51.67, 26.299
1125, 51.74, 26.316
1126, 51.81, 26.332
1127, 51.87, 26.349
1128, 51.94, 26.366
1129, 52.01, 26.382
1130, 52.14, 26.416
1131, 52.2, 26.432
1132, 52.27, 26.449
1133, 52.28, 26.466
1134, 52.24, 26.482
1135, 52.34, 26.499
1136, 52.42, 26.516
1137, 52.51, 26.549
1138, 52.57, 26.566
1139, 52.62, 26.582
1140, 52.67, 26.599
1141, 52.73, 26.616
1142, 52.78, 26.632
1143, 52.83, 26.649
1144, 52.88, 26.666
1145, 52.99, 26.699
1146, 53.04, 26.716
1147, 53.09, 26.732
1148, 53.14, 26.749
1149, 53.19, 26.766
1150, 53.25, 26.782
1151, 53.3, 26.799
1152, 53.36, 26.816
1153, 53.41, 26.832
1154, 53.51, 26.866
1155, 53.56, 26.882
1156, 53.62, 26.899
1157, 53.67, 26.916
1158, 53.72, 26.932
1159, 53.77, 26.949
1160, 53.82, 26.966
1161, 53.87, 26.982
1162, 53.93, 26.999
1163, 54.04, 27.032
1164, 54.09, 27.049
1165, 54.14, 27.066
1166, 54.19, 27.082
1167, 54.25, 27.099
1168, 54.3, 27.116
1169, 54.35, 27.132
1170, 54.4, 27.149
1171, 54.45, 27.166
1172, 54.51, 27.182
1173, 54.61, 27.216
1174, 54.66, 27.232
1175, 54.71, 27.249
1176, 54.76, 27.266
1177, 54.82, 27.282
1178, 54.87, 27.299
1179, 54.92, 27.316
1180, 54.97, 27.332
1181, 55.02, 27.349
1182, 55.07, 27.366
1183, 55.13, 27.382
1184, 55.18, 27.399
1185, 55.28, 27.432
1186, 55.33, 27.449
1187, 55.38, 27.466
1188, 55.43, 27.482
1189, 55.48, 27.499
1190, 55.54, 27.516
1191, 55.59, 27.532
1192, 55.64, 27.549
1193, 55.69, 27.566
1194, 55.74, 27.582
1195, 55.79, 27.599
1196, 55.84, 27.616
1197, 55.88, 27.632
1198, 55.99, 27.666
1199, 56.04, 27.682
1200, 56.09, 27.699
1201, 56.14, 27.716
1202, 56.19, 27.732
1203, 56.24, 27.749
1204, 56.29, 27.766
1205, 56.34, 27.782
1206, 56.38, 27.799
1207, 56.44, 27.816
1208, 56.48, 27.832
1209, 56.53, 27.849
1210, 56.58, 27.866
1211, 56.63, 27.882
1212, 56.68, 27.899
1213, 56.73, 27.916
1214, 56.83, 27.949
1215, 56.87, 27.966
1216, 56.92, 27.982
1217, 56.97, 27.999
1218, 57.02, 28.016
1219, 57.07, 28.032
1220, 57.11, 28.049
1221, 57.16, 28.066
1222, 57.21, 28.082
1223, 57.26, 28.099
1224, 57.31, 28.116
1225, 57.36, 28.132
1226, 57.4, 28.149
1227, 57.45, 28.166
1228, 57.49, 28.182
1229, 57.54, 28.199
1230, 57.59, 28.216
1231, 57.64, 28.232
1232, 57.68, 28.249
1233, 57.73, 28.266
1234, 57.78, 28.282
1235, 57.82, 28.299
1236, 57.87, 28.316
1237, 57.96, 28.349
1238, 58.01, 28.366
1239, 58.05, 28.382
1240, 58.1, 28.399
1241, 58.15, 28.416
1242, 58.19, 28.432
1243, 58.24, 28.449
1244, 58.29, 28.466
1245, 58.33, 28.482
1246, 58.38, 28.499
1247, 58.42, 28.516
1248, 58.47, 28.532
1249, 58.51, 28.549
1250, 58.56, 28.566
1251, 58.6, 28.582
1252, 58.65, 28.599
1253, 58.69, 28.616
1254, 58.74, 28.632
1255, 58.78, 28.649
1256, 58.82, 28.666
1257, 58.87, 28.682
1258, 58.91, 28.699
1259, 58.96, 28.716
1260, 59, 28.732
1261, 59.05, 28.749
1262, 59.09, 28.766
1263, 59.14, 28.782
1264, 59.18, 28.799
1265, 59.22, 28.816
1266, 59.27, 28.832
1267, 59.31, 28.849
1268, 59.35, 28.866
1269, 59.4, 28.882
1270, 59.44, 28.899
1271, 59.49, 28.916
1272, 59.53, 28.932
1273, 59.57, 28.949
1274, 59.61, 28.966
1275, 59.66, 28.982
1276, 59.71, 28.999
1277, 59.74, 29.016
1278, 59.78, 29.032
1279, 59.82, 29.049
1280, 59.86, 29.066
1281, 59.9, 29.082
1282, 59.95, 29.099
1283, 60, 29.116
1284, 60.04, 29.132
1285, 60.08, 29.149
1286, 60.12, 29.166
1287, 60.16, 29.182
1288, 60.21, 29.199
1289, 60.26, 29.216
1290, 60.3, 29.232
1291, 60.33, 29.249
1292, 60.37, 29.266
1293, 60.41, 29.282
1294, 60.46, 29.299
1295, 60.51, 29.316
1296, 60.55, 29.332
1297, 60.59, 29.349
1298, 60.63, 29.366
1299, 60.67, 29.382
1300, 60.72, 29.399
1301, 60.76, 29.416
1302, 60.8, 29.432
1303, 60.84, 29.449
1304, 60.88, 29.466
1305, 60.92, 29.482
1306, 60.96, 29.499
1307, 61, 29.516
1308, 61.05, 29.532
1309, 61.09, 29.549
1310, 61.13, 29.566
1311, 61.17, 29.582
1312, 61.21, 29.599
1313, 61.25, 29.616
1314, 61.24, 29.632
1315, 61.19, 29.649
1316, 61.27, 29.666
1317, 61.31, 29.682
1318, 61.32, 29.699
1319, 61.35, 29.716
1320, 61.39, 29.732
1321, 61.42, 29.749
1322, 61.46, 29.766
1323, 61.49, 29.782
1324, 61.52, 29.799
1325, 61.55, 29.816
1326, 61.58, 29.832
1327, 61.61, 29.849
1328, 61.64, 29.866
1329, 61.68, 29.882
1330, 61.71, 29.899
1331, 61.74, 29.916
1332, 61.74, 29.916
1333, 61.77, 29.932
1334, 61.8, 29.949
1335, 61.83, 29.966
1336, 61.87, 29.982
1337, 61.9, 29.999
1338, 61.93, 30.016
1339, 61.96, 30.032
1340, 61.99, 30.049
1341, 62.02, 30.066
1342, 62.05, 30.082
1343, 62.09, 30.099
1344, 62.12, 30.116
1345, 62.15, 30.132
1346, 62.18, 30.149
1347, 62.18, 30.149
1348, 62.24, 30.182
1349, 62.27, 30.199
1350, 62.3, 30.216
1351, 62.34, 30.232
1352, 62.37, 30.249
1353, 62.4, 30.266
1354, 62.43, 30.282
1355, 62.46, 30.299
1356, 62.49, 30.316
1357, 62.52, 30.332
1358, 62.55, 30.349
1359, 62.58, 30.366
1360, 62.58, 30.366
1361, 62.61, 30.382
1362, 62.65, 30.399
1363, 62.68, 30.416
1364, 62.7, 30.432
1365, 62.73, 30.449
1366, 62.77, 30.466
1367, 62.8, 30.482
1368, 62.83, 30.499
1369, 62.86, 30.516
1370, 62.88, 30.532
1371, 62.92, 30.549
1372, 62.95, 30.566
1373, 62.98, 30.582
1374, 63.01, 30.599
1375, 63.04, 30.616
1376, 63.07, 30.632
1377, 63.1, 30.649
1378, 63.14, 30.666
1379, 63.17, 30.682
1380, 63.2, 30.699
1381, 63.23, 30.716
1382, 63.23, 30.716
1383, 63.26, 30.732
1384, 63.3, 30.749
1385, 63.33, 30.766
1386, 63.36, 30.782
1387, 63.39, 30.799
1388, 63.42, 30.816
1389, 63.45, 30.832
1390, 63.48, 30.849
1391, 63.51, 30.866
1392, 63.54, 30.882
1393, 63.57, 30.899
1394, 63.6, 30.916
1395, 63.63, 30.932
1396, 63.66, 30.949
1397, 63.69, 30.966
1398, 63.72, 30.982
1399, 63.75, 30.999
1400, 63.75, 30.999
1401, 63.78, 31.016
1402, 63.81, 31.032
1403, 63.84, 31.049
1404, 63.87, 31.066
1405, 63.9, 31.082
1406, 63.93, 31.099
1407, 63.96, 31.116
1408, 63.99, 31.132
1409, 64.02, 31.149
1410, 64.05, 31.166
1411, 64.08, 31.182
1412, 64.1, 31.199
1413, 64.13, 31.216
1414, 64.17, 31.232
1415, 64.2, 31.249
1416, 64.2, 31.249
1417, 64.23, 31.266
1418, 64.25, 31.282
1419, 64.28, 31.299
1420, 64.31, 31.316
1421, 64.34, 31.332
1422, 64.38, 31.349
1423, 64.4, 31.366
1424, 64.43, 31.382
1425, 64.46, 31.399
1426, 64.49, 31.416
1427, 64.52, 31.432
1428, 64.55, 31.449
1429, 64.58, 31.466
1430, 64.6, 31.482
1431, 64.6, 31.482
1432, 64.63, 31.499
1433, 64.66, 31.516
1434, 64.69, 31.532
1435, 64.72, 31.549
1436, 64.74, 31.566
1437, 64.77, 31.582
1438, 64.8, 31.599
1439, 64.83, 31.616
1440, 64.86, 31.632
1441, 64.88, 31.649
1442, 64.91, 31.666
1443, 64.94, 31.682
1444, 64.94, 31.682
1445, 64.97, 31.699
1446, 65, 31.716
1447, 65.02, 31.732
1448, 65.05, 31.749
1449, 65.07, 31.766
1450, 65.1, 31.782
1451, 65.13, 31.799
1452, 65.16, 31.816
1453, 65.19, 31.832
1454, 65.22, 31.849
1455, 65.24, 31.866
1456, 65.26, 31.882
1457, 65.26, 31.882
1458, 65.29, 31.899
1459, 65.32, 31.916
1460, 65.35, 31.932
1461, 65.37, 31.949
1462, 65.4, 31.966
1463, 65.43, 31.982
1464, 65.45, 31.999
1465, 65.48, 32.016
1466, 65.5, 32.032
1467, 65.53, 32.049
1468, 65.56, 32.066
1469, 65.56, 32.066
1470, 65.58, 32.082
1471, 65.61, 32.099
1472, 65.63, 32.116
1473, 65.66, 32.132
1474, 65.69, 32.149
1475, 65.71, 32.166
1476, 65.74, 32.182
1477, 65.77, 32.199
1478, 65.79, 32.216
1479, 65.82, 32.232
1480, 65.84, 32.249
1481, 65.84, 32.249
1482, 65.87, 32.266
1483, 65.9, 32.282
1484, 65.93, 32.299
1485, 65.95, 32.316
1486, 65.98, 32.332
1487, 66, 32.349
1488, 66.03, 32.366
1489, 66.05, 32.382
1490, 66.08, 32.399
1491, 66.1, 32.416
1492, 66.1, 32.416
1493, 66.12, 32.432
1494, 66.15, 32.449
1495, 66.18, 32.466
1496, 66.2, 32.482
1497, 66.23, 32.499
1498, 66.25, 32.516
1499, 66.27, 32.532
1500, 66.3, 32.549
1501, 66.32, 32.566
1502, 66.32, 32.566
1503, 66.35, 32.582
1504, 66.38, 32.599
1505, 66.4, 32.616
1506, 66.42, 32.632
1507, 66.45, 32.649
1508, 66.47, 32.666
1509, 66.5, 32.682
1510, 66.52, 32.699
1511, 66.55, 32.716
1512, 66.57, 32.732
1513, 66.57, 32.732
1514, 66.6, 32.749
1515, 66.62, 32.766
1516, 66.65, 32.782
1517, 66.67, 32.799
1518, 66.69, 32.816
1519, 66.72, 32.832
1520, 66.74, 32.849
1521, 66.77, 32.866
1522, 66.79, 32.882
1523, 66.79, 32.882
1524, 66.82, 32.899
1525, 66.84, 32.916
1526, 66.86, 32.932
1527, 66.88, 32.949
1528, 66.91, 32.966
1529, 66.93, 32.982
1530, 66.95, 32.999
1531, 66.97, 33.016
1532, 66.97, 33.016
1533, 67, 33.032
1534, 67.02, 33.049
1535, 67.04, 33.066
1536, 67.06, 33.082
1537, 67.09, 33.099
1538, 67.11, 33.116
1539, 67.13, 33.132
1540, 67.16, 33.149
1541, 67.18, 33.166
1542, 67.18, 33.166
1543, 67.2, 33.182
1544, 67.22, 33.199
1545, 67.24, 33.216
1546, 67.27, 33.232
1547, 67.29, 33.249
1548, 67.31, 33.266
1549, 67.33, 33.282
1550, 67.35, 33.299
1551, 67.35, 33.299
1552, 67.38, 33.316
1553, 67.4, 33.332
1554, 67.42, 33.349
1555, 67.44, 33.366
1556, 67.46, 33.382
1557, 67.49, 33.399
1558, 67.51, 33.416
1559, 67.53, 33.432
1560, 67.53, 33.432
1561, 67.55, 33.449
1562, 67.57, 33.466
1563, 67.59, 33.482
1564, 67.62, 33.499
1565, 67.64, 33.516
1566, 67.66, 33.532
1567, 67.68, 33.549
1568, 67.71, 33.566
1569, 67.71, 33.566
1570, 67.73, 33.582
1571, 67.75, 33.599
1572, 67.77, 33.616
1573, 67.79, 33.632
1574, 67.81, 33.649
1575, 67.83, 33.666
1576, 67.85, 33.682
1577, 67.85, 33.682
1578, 67.87, 33.699
1579, 67.89, 33.716
1580, 67.92, 33.732
1581, 67.94, 33.749
1582, 67.96, 33.766
1583, 67.98, 33.782
1584, 68, 33.799
1585, 68.02, 33.816
1586, 68.02, 33.816
1587, 68.05, 33.832
1588, 68.07, 33.849
1589, 68.09, 33.866
1590, 68.1, 33.882
1591, 68.12, 33.899
1592, 68.15, 33.916
1593, 68.17, 33.932
1594, 68.17, 33.932
1595, 68.19, 33.949
1596, 68.21, 33.966
1597, 68.23, 33.982
1598, 68.25, 33.999
1599, 68.27, 34.016
1600, 68.29, 34.032
1601, 68.32, 34.049
1602, 68.32, 34.049
1603, 68.33, 34.066
1604, 68.35, 34.082
1605, 68.37, 34.099
1606, 68.4, 34.116
1607, 68.42, 34.132
1608, 68.44, 34.149
1609, 68.45, 34.166
1610, 68.45, 34.166
1611, 68.48, 34.182
1612, 68.5, 34.199
1613, 68.51, 34.216
1614, 68.53, 34.232
1615, 68.55, 34.249
1616, 68.57, 34.266
1617, 68.6, 34.282
1618, 68.6, 34.282
1619, 68.62, 34.299
1620, 68.64, 34.316
1621, 68.66, 34.332
1622, 68.68, 34.349
1623, 68.7, 34.366
1624, 68.72, 34.382
1625, 68.74, 34.399
1626, 68.74, 34.399
1627, 68.76, 34.416
1628, 68.78, 34.432
1629, 68.8, 34.449
1630, 68.82, 34.466
1631, 68.84, 34.482
1632, 68.86, 34.499
1633, 68.88, 34.516
1634, 68.88, 34.516
1635, 68.9, 34.532
1636, 68.92, 34.549
1637, 68.94, 34.566
1638, 68.96, 34.582
1639, 68.98, 34.599
1640, 69, 34.616
1641, 69.02, 34.632
1642, 69.02, 34.632
1643, 69.04, 34.649
1644, 69.06, 34.666
1645, 69.08, 34.682
1646, 69.1, 34.699
1647, 69.12, 34.716
1648, 69.14, 34.732
1649, 69.14, 34.732
1650, 69.16, 34.749
1651, 69.18, 34.766
1652, 69.2, 34.782
1653, 69.22, 34.799
1654, 69.24, 34.816
1655, 69.26, 34.832
1656, 69.28, 34.849
1657, 69.28, 34.849
1658, 69.3, 34.866
1659, 69.32, 34.882
1660, 69.33, 34.899
1661, 69.36, 34.916
1662, 69.38, 34.932
1663, 69.4, 34.949
1664, 69.4, 34.949
1665, 69.41, 34.966
1666, 69.44, 34.982
1667, 69.46, 34.999
1668, 69.47, 35.016
1669, 69.49, 35.032
1670, 69.51, 35.049
1671, 69.53, 35.066
1672, 69.53, 35.066
1673, 69.55, 35.082
1674, 69.57, 35.099
1675, 69.59, 35.116
1676, 69.61, 35.132
1677, 69.63, 35.149
1678, 69.65, 35.166
1679, 69.65, 35.166
1680, 69.67, 35.182
1681, 69.69, 35.199
1682, 69.71, 35.216
1683, 69.72, 35.232
1684, 69.74, 35.249
1685, 69.76, 35.266
1686, 69.76, 35.266
1687, 69.78, 35.282
1688, 69.8, 35.299
1689, 69.82, 35.316
1690, 69.84, 35.332
1691, 69.86, 35.349
1692, 69.88, 35.366
1693, 69.88, 35.366
1694, 69.9, 35.382
1695, 69.92, 35.399
1696, 69.94, 35.416
1697, 69.95, 35.432
1698, 69.97, 35.449
1699, 69.99, 35.466
1700, 69.99, 35.466
1701, 70.01, 35.482
1702, 70.03, 35.499
1703, 70.05, 35.516
1704, 70.07, 35.532
1705, 70.09, 35.549
1706, 70.11, 35.566
1707, 70.11, 35.566
1708, 70.13, 35.582
1709, 70.1, 35.599
1710, 70.03, 35.616
1711, 70.08, 35.632
1712, 70.09, 35.649
1713, 70.1, 35.666
1714, 70.1, 35.666
1715, 70.11, 35.682
1716, 70.13, 35.699
1717, 70.14, 35.716
1718, 70.15, 35.732
1719, 70.16, 35.749
1720, 70.18, 35.766
1721, 70.18, 35.766
1722, 70.2, 35.782
1723, 70.21, 35.799
1724, 70.22, 35.816
1725, 70.23, 35.832
1726, 70.25, 35.849
1727, 70.26, 35.866
1728, 70.26, 35.866
1729, 70.27, 35.882
1730, 70.28, 35.899
1731, 70.3, 35.916
1732, 70.32, 35.932
1733, 70.33, 35.949
1734, 70.34, 35.966
1735, 70.34, 35.966
1736, 70.36, 35.982
1737, 70.37, 35.999
1738, 70.38, 36.016
1739, 70.4, 36.032
1740, 70.41, 36.049
1741, 70.42, 36.066
1742, 70.42, 36.066
1743, 70.44, 36.082
1744, 70.45, 36.099
1745, 70.47, 36.116
1746, 70.48, 36.132
1747, 70.49, 36.149
1748, 70.49, 36.149
1749, 70.51, 36.166
1750, 70.52, 36.182
1751, 70.53, 36.199
1752, 70.55, 36.216
1753, 70.56, 36.232
1754, 70.57, 36.249
1755, 70.57, 36.249
1756, 70.59, 36.266
1757, 70.6, 36.282
1758, 70.61, 36.299
1759, 70.63, 36.316
1760, 70.64, 36.332
1761, 70.66, 36.349
1762, 70.66, 36.349
1763, 70.67, 36.366
1764, 70.68, 36.382
1765, 70.69, 36.399
1766, 70.7, 36.416
1767, 70.72, 36.432
1768, 70.72, 36.432
1769, 70.73, 36.449
1770, 70.75, 36.466
1771, 70.76, 36.482
1772, 70.77, 36.499
1773, 70.79, 36.516
1774, 70.8, 36.532
1775, 70.8, 36.532
1776, 70.81, 36.549
1777, 70.82, 36.566
1778, 70.84, 36.582
1779, 70.85, 36.599
1780, 70.86, 36.616
1781, 70.86, 36.616
1782, 70.88, 36.632
1783, 70.89, 36.649
1784, 70.9, 36.666
1785, 70.92, 36.682
1786, 70.93, 36.699
1787, 70.94, 36.716
1788, 70.94, 36.716
1789, 70.96, 36.732
1790, 70.97, 36.749
1791, 70.98, 36.766
1792, 70.99, 36.782
1793, 71.01, 36.799
1794, 71.01, 36.799
1795, 71.02, 36.816
1796, 71.03, 36.832
1797, 71.04, 36.849
1798, 71.06, 36.866
1799, 71.07, 36.882
1800, 71.08, 36.899
1801, 71.08, 36.899
1802, 71.1, 36.916
1803, 71.11, 36.932
1804, 71.12, 36.949
1805, 71.13, 36.966
1806, 71.15, 36.982
1807, 71.15, 36.982
1808, 71.16, 36.999
1809, 71.18, 37.016
1810, 71.19, 37.032
1811, 71.2, 37.049
1812, 71.21, 37.066
1813, 71.22, 37.082
1814, 71.22, 37.082
1815, 71.24, 37.099
1816, 71.25, 37.116
1817, 71.26, 37.132
1818, 71.27, 37.149
1819, 71.29, 37.166
1820, 71.29, 37.166
1821, 71.3, 37.182
1822, 71.31, 37.199
1823, 71.32, 37.216
1824, 71.34, 37.232
1825, 71.35, 37.249
1826, 71.35, 37.249
1827, 71.36, 37.266
1828, 71.38, 37.282
1829, 71.39, 37.299
1830, 71.4, 37.316
1831, 71.41, 37.332
1832, 71.41, 37.332
1833, 71.42, 37.349
1834, 71.43, 37.366
1835, 71.45, 37.382
1836, 71.46, 37.399
1837, 71.47, 37.416
1838, 71.48, 37.432
1839, 71.48, 37.432
1840, 71.49, 37.449
1841, 71.5, 37.466
1842, 71.52, 37.482
1843, 71.53, 37.499
1844, 71.54, 37.516
1845, 71.54, 37.516
1846, 71.55, 37.532
1847, 71.56, 37.549
1848, 71.58, 37.566
1849, 71.59, 37.582
1850, 71.6, 37.599
1851, 71.6, 37.599
1852, 71.6, 37.616
1853, 71.62, 37.632
1854, 71.63, 37.649
1855, 71.64, 37.666
1856, 71.65, 37.682
1857, 71.65, 37.682
1858, 71.66, 37.699
1859, 71.67, 37.716
1860, 71.68, 37.732
1861, 71.69, 37.749
1862, 71.7, 37.766
1863, 71.7, 37.766
1864, 71.71, 37.782
1865, 71.72, 37.799
1866, 71.73, 37.816
1867, 71.74, 37.832
1868, 71.76, 37.849
1869, 71.76, 37.849
1870, 71.77, 37.866
1871, 71.78, 37.882
1872, 71.78, 37.899
1873, 71.8, 37.916
1874, 71.81, 37.932
1875, 71.82, 37.949
1876, 71.82, 37.949
1877, 71.83, 37.966
1878, 71.84, 37.982
1879, 71.84, 37.999
1880, 71.86, 38.016
1881, 71.86, 38.032
1882, 71.86, 38.032
1883, 71.87, 38.049
1884, 71.87, 38.066
1885, 71.86, 38.082
1886, 71.85, 38.099
1887, 71.83, 38.116
1888, 71.83, 38.116
1889, 71.8, 38.132
1890, 71.76, 38.149
1891, 71.71, 38.166
1892, 71.65, 38.182
1893, 71.59, 38.199
1894, 71.59, 38.199
1895, 71.5, 38.216
1896, 71.41, 38.232
1897, 71.28, 38.249
1898, 71.12, 38.266
1899, 70.95, 38.282
1900, 70.95, 38.282
1901, 70.75, 38.299
1902, 70.53, 38.316
1903, 70.3, 38.332
1904, 70.05, 38.349
1905, 69.8, 38.366
1906, 69.52, 38.382
1907, 69.52, 38.382
1908, 69.21, 38.399
1909, 68.92, 38.416
1910, 68.63, 38.432
1911, 68.32, 38.449
1912, 68.03, 38.466
1913, 67.73, 38.482
1914, 67.43, 38.499
1915, 67.43, 38.499
1916, 67.14, 38.516
1917, 66.84, 38.532
1918, 66.54, 38.549
1919, 66.23, 38.566
1920, 65.93, 38.582
1921, 65.63, 38.599
1922, 65.32, 38.616
1923, 65.02, 38.632
1924, 64.71, 38.649
1925, 64.4, 38.666
1926, 64.1, 38.682
1927, 64.1, 38.682
1928, 63.81, 38.699
1929, 63.51, 38.716
1930, 63.21, 38.732
1931, 62.91, 38.749
1932, 62.62, 38.766
1933, 62.33, 38.782
1934, 62.04, 38.799
1935, 61.74, 38.816
1936, 61.43, 38.832
1937, 61.13, 38.849
1938, 60.84, 38.866
1939, 60.54, 38.882
1940, 60.24, 38.899
1941, 59.95, 38.916
1942, 59.65, 38.932
1943, 59.35, 38.949
1944, 59.06, 38.966
1945, 58.76, 38.982
1946, 58.47, 38.999
1947, 58.18, 39.016
1948, 57.89, 39.032
1949, 57.59, 39.049
1950, 57.3, 39.066
1951, 57.02, 39.082
1952, 56.73, 39.099
1953, 56.45, 39.116
1954, 55.9, 39.149
1955, 55.64, 39.166
1956, 55.34, 39.182
1957, 55.05, 39.199
1958, 54.78, 39.216
1959, 54.5, 39.232
1960, 54.23, 39.249
1961, 53.96, 39.266
1962, 53.69, 39.282
1963, 53.41, 39.299
1964, 53.13, 39.316
1965, 52.59, 39.349
1966, 52.32, 39.366
1967, 52.05, 39.382
1968, 51.78, 39.399
1969, 51.51, 39.416
1970, 51.25, 39.432
1971, 50.72, 39.466
1972, 50.47, 39.482
1973, 50.22, 39.499
1974, 49.98, 39.516
1975, 49.74, 39.532
1976, 49.29, 39.566
1977, 49.07, 39.582
1978, 48.85, 39.599
1979, 48.63, 39.616
1980, 48.38, 39.632
1981, 47.91, 39.666
1982, 47.68, 39.682
1983, 47.47, 39.699
1984, 47.25, 39.716
1985, 46.84, 39.749
1986, 46.64, 39.766
1987, 46.44, 39.782
1988, 46.04, 39.816
1989, 45.84, 39.832
1990, 45.65, 39.849
1991, 45.28, 39.882
1992, 45.1, 39.899
1993, 44.91, 39.916
1994, 44.54, 39.949
1995, 44.36, 39.966
1996, 44.18, 39.982
1997, 43.82, 40.016
1998, 43.63, 40.032
1999, 43.45, 40.049
2000, 43.09, 40.082
2001, 42.9, 40.099
2002, 42.72, 40.116
2003, 42.35, 40.149
2004, 42.17, 40.166
2005, 41.79, 40.199
2006, 41.6, 40.216
2007, 41.26, 40.249
2008, 41.08, 40.266
2009, 40.66, 40.299
2010, 40.47, 40.316
2011, 40.08, 40.349
2012, 39.88, 40.366
2013, 39.48, 40.399
2014, 39.27, 40.416
2015, 38.86, 40.449
2016, 38.66, 40.466
2017, 38.28, 40.499
2018, 38.08, 40.516
2019, 37.69, 40.549
2020, 37.51, 40.566
2021, 37.13, 40.599
2022, 36.76, 40.632
2023, 36.56, 40.649
2024, 36.16, 40.682
2025, 35.77, 40.716
2026, 35.57, 40.732
2027, 35.17, 40.766
2028, 34.78, 40.799
2029, 34.58, 40.816
2030, 34.18, 40.849
2031, 33.79, 40.882
2032, 33.41, 40.916
2033, 33.21, 40.932
2034, 32.82, 40.966
2035, 32.38, 40.999
2036, 31.94, 41.032
2037, 31.5, 41.066
2038, 31.09, 41.099
2039, 30.7, 41.132
2040, 30.32, 41.166
2041, 29.96, 41.199
2042, 29.57, 41.232
2043, 29.2, 41.266
2044, 28.81, 41.299
2045, 28.43, 41.332
2046, 28.05, 41.366
2047, 27.67, 41.399
2048, 27.3, 41.432
2049, 26.93, 41.466
2050, 26.56, 41.499
2051, 26.2, 41.532
2052, 25.65, 41.582
2053, 25.29, 41.616
2054, 24.92, 41.649
2055, 24.56, 41.682
2056, 24.01, 41.732
2057, 23.66, 41.766
2058, 23.31, 41.799
2059, 22.98, 41.832
2060, 22.47, 41.882
2061, 22.16, 41.916
2062, 21.72, 41.966
2063, 21.41, 41.999
2064, 20.94, 42.049
2065, 20.64, 42.082
2066, 20.2, 42.132
2067, 19.78, 42.182
2068, 19.51, 42.216
2069, 19.1, 42.266
2070, 18.73, 42.316
2071, 18.41, 42.366
2072, 18.1, 42.416
2073, 17.77, 42.466
2074, 17.43, 42.516
2075, 17.13, 42.566
2076, 16.88, 42.616
2077, 16.59, 42.682
2078, 16.43, 42.732
2079, 16.28, 42.782
2080, 16.09, 42.849
2081, 15.83, 42.916
2082, 15.49, 42.982
2083, 15.11, 43.049
2084, 14.64, 43.132
2085, 14.27, 43.199
2086, 13.84, 43.282
2087, 13.46, 43.366
2088, 13.15, 43.449
2089, 12.96, 43.549
2090, 12.81, 43.632
2091, 12.64, 43.732
2092, 12.49, 43.832
2093, 12.36, 43.916
2094, 12.33, 44.016
2095, 12.46, 44.116
2096, 12.66, 44.216
2097, 12.79, 44.299
2098, 12.96, 44.399
2099, 13.1, 44.482
2100, 13.24, 44.566
2101, 13.42, 44.666
2102, 13.56, 44.749
2103, 13.73, 44.832
2104, 13.91, 44.916
2105, 14.15, 44.999
2106, 14.43, 45.082
2107, 14.69, 45.149
2108, 15.06, 45.232
2109, 15.35, 45.299
2110, 15.65, 45.366
2111, 15.97, 45.432
2112, 16.3, 45.499
2113, 16.63, 45.566
2114, 16.98, 45.632
2115, 17.25, 45.682
2116, 17.65, 45.749
2117, 17.93, 45.799
2118, 18.31, 45.866
2119, 18.59, 45.916
2120, 18.86, 45.966
2121, 19.25, 46.032
2122, 19.54, 46.082
2123, 19.83, 46.132
2124, 20.14, 46.182
2125, 20.44, 46.232
2126, 20.74, 46.282
2127, 21.04, 46.332
2128, 21.34, 46.382
2129, 21.55, 46.416
2130, 21.89, 46.466
2131, 22.24, 46.516
2132, 22.59, 46.566
2133, 22.83, 46.599
2134, 23.18, 46.649
2135, 23.41, 46.682
2136, 23.74, 46.732
2137, 23.97, 46.766
2138, 24.31, 46.816
2139, 24.54, 46.849
2140, 24.88, 46.899
2141, 25.1, 46.932
2142, 25.43, 46.982
2143, 25.67, 47.016
2144, 25.94, 47.049
2145, 26.31, 47.099
2146, 26.54, 47.132
2147, 26.76, 47.166
2148, 26.98, 47.199
2149, 27.34, 47.249
2150, 27.61, 47.282
2151, 27.9, 47.316
2152, 28.17, 47.349
2153, 28.41, 47.382
2154, 28.66, 47.416
2155, 28.91, 47.449
2156, 29.16, 47.482
2157, 29.56, 47.532
2158, 29.83, 47.566
2159, 30.1, 47.599
2160, 30.36, 47.632
2161, 30.63, 47.666
2162, 30.76, 47.682
2163, 31.02, 47.716
2164, 31.28, 47.749
2165, 31.55, 47.782
2166, 31.8, 47.816
2167, 32.06, 47.849
2168, 32.32, 47.882
2169, 32.59, 47.916
2170, 32.85, 47.949
2171, 32.98, 47.966
2172, 33.22, 47.999
2173, 33.47, 48.032
2174, 33.71, 48.066
2175, 33.94, 48.099
2176, 34.05, 48.116
2177, 34.06, 48.149
2178, 34.34, 48.182
2179, 34.49, 48.216
2180, 34.59, 48.232
2181, 34.77, 48.266
2182, 34.93, 48.299
2183, 35.1, 48.332
2184, 35.18, 48.349
2185, 35.35, 48.382
2186, 35.52, 48.416
2187, 35.61, 48.432
2188, 35.78, 48.466
2189, 35.96, 48.499
2190, 36.04, 48.516
2191, 36.21, 48.549
2192, 36.39, 48.582
2193, 36.48, 48.599
2194, 36.66, 48.632
2195, 36.84, 48.666
2196, 36.93, 48.682
2197, 37.11, 48.716
2198, 37.29, 48.749
2199, 37.38, 48.766
2200, 37.56, 48.799
2201, 37.65, 48.816
2202, 37.83, 48.849
2203, 37.92, 48.866
2204, 38.11, 48.899
2205, 38.3, 48.932
2206, 38.39, 48.949
2207, 38.57, 48.982
2208, 38.66, 48.999
2209, 38.86, 49.032
2210, 38.95, 49.049
2211, 39.14, 49.082
2212, 39.23, 49.099
2213, 39.42, 49.132
2214, 39.6, 49.166
2215, 39.69, 49.182
2216, 39.88, 49.216
2217, 39.97, 49.232
2218, 40.16, 49.266
2219, 40.25, 49.282
2220, 40.44, 49.316
2221, 40.54, 49.332
2222, 40.72, 49.366
2223, 40.81, 49.382
2224, 40.9, 49.399
2225, 41.08, 49.432
2226, 41.17, 49.449
2227, 41.36, 49.482
2228, 41.45, 49.499
2229, 41.63, 49.532
2230, 41.72, 49.549
2231, 41.9, 49.582
2232, 41.99, 49.599
2233, 42.08, 49.616
2234, 42.26, 49.649
2235, 42.35, 49.666
2236, 42.52, 49.699
2237, 42.6, 49.716
2238, 42.78, 49.749
2239, 42.87, 49.766
2240, 42.97, 49.782
2241, 43.14, 49.816
2242, 43.22, 49.832
2243, 43.39, 49.866
2244, 43.48, 49.882
2245, 43.57, 49.899
2246, 43.74, 49.932
2247, 43.83, 49.949
2248, 43.92, 49.966
2249, 44.09, 49.999
2250, 44.18, 50.016
2251, 44.26, 50.032
2252, 44.43, 50.066
2253, 44.52, 50.082
2254, 44.69, 50.116
2255, 44.77, 50.132
2256, 44.86, 50.149
2257, 44.83, 50.182
2258, 44.93, 50.199
2259, 45.05, 50.216
2260, 45.19, 50.249
2261, 45.25, 50.266
2262, 45.32, 50.282
2263, 45.47, 50.316
2264, 45.54, 50.332
2265, 45.61, 50.349
2266, 45.68, 50.366
2267, 45.81, 50.399
2268, 45.88, 50.416
2269, 45.95, 50.432
2270, 46.08, 50.466
2271, 46.15, 50.482
2272, 46.22, 50.499
2273, 46.36, 50.532
2274, 46.43, 50.549
2275, 46.5, 50.566
2276, 46.64, 50.599
2277, 46.71, 50.616
2278, 46.78, 50.632
2279, 46.85, 50.649
2280, 46.99, 50.682
2281, 47.06, 50.699
2282, 47.13, 50.716
2283, 47.2, 50.732
2284, 47.33, 50.766
2285, 47.4, 50.782
2286, 47.47, 50.799
2287, 47.61, 50.832
2288, 47.68, 50.849
2289, 47.75, 50.866
2290, 47.81, 50.882
2291, 47.95, 50.916
2292, 48.02, 50.932
2293, 48.08, 50.949
2294, 48.15, 50.966
2295, 48.29, 50.999
2296, 48.36, 51.016
2297, 48.43, 51.032
2298, 48.5, 51.049
2299, 48.63, 51.082
2300, 48.7, 51.099
2301, 48.76, 51.116
2302, 48.83, 51.132
2303, 48.9, 51.149
2304, 49.03, 51.182
2305, 49.1, 51.199
2306, 49.16, 51.216
2307, 49.23, 51.232
2308, 49.36, 51.266
2309, 49.42, 51.282
2310, 49.49, 51.299
2311, 49.56, 51.316
2312, 49.62, 51.332
2313, 49.75, 51.366
2314, 49.82, 51.382
2315, 49.88, 51.399
2316, 49.95, 51.416
2317, 50.01, 51.432
2318, 50.14, 51.466
2319, 50.21, 51.482
2320, 50.27, 51.499
2321, 50.33, 51.516
2322, 50.4, 51.532
2323, 50.52, 51.566
2324, 50.59, 51.582
2325, 50.65, 51.599
2326, 50.71, 51.616
2327, 50.78, 51.632
2328, 50.9, 51.666
2329, 50.97, 51.682
2330, 51.03, 51.699
2331, 51.09, 51.716
2332, 51.15, 51.732
2333, 51.22, 51.749
2334, 51.34, 51.782
2335, 51.41, 51.799
2336, 51.47, 51.816
2337, 51.53, 51.832
2338, 51.59, 51.849
2339, 51.65, 51.866
2340, 51.78, 51.899
2341, 51.84, 51.916
2342, 51.9, 51.932
2343, 51.96, 51.949
2344, 52.02, 51.966
2345, 52.08, 51.982
2346, 52.14, 51.999
2347, 52.26, 52.032
2348, 52.33, 52.049
2349, 52.39, 52.066
2350, 52.45, 52.082
2351, 52.51, 52.099
2352, 52.57, 52.116
2353, 52.69, 52.149
2354, 52.75, 52.166
2355, 52.81, 52.182
2356, 52.87, 52.199
2357, 52.93, 52.216
2358, 52.99, 52.232
2359, 53.05, 52.249
2360, 53.11, 52.266
2361, 53.23, 52.299
2362, 53.29, 52.316
2363, 53.33, 52.332
2364, 53.37, 52.349
2365, 53.4, 52.366
2366, 53.43, 52.382
2367, 53.45, 52.399
2368, 53.47, 52.416
2369, 53.42, 52.449
2370, 53.49, 52.466
2371, 53.57, 52.482
2372, 53.61, 52.499
2373, 53.65, 52.516
2374, 53.7, 52.532
2375, 53.76, 52.549
2376, 53.81, 52.566
2377, 53.9, 52.599
2378, 53.95, 52.616
2379, 54, 52.632
2380, 54.05, 52.649
2381, 54.1, 52.666
2382, 54.14, 52.682
2383, 54.19, 52.699
2384, 54.24, 52.716
2385, 54.29, 52.732
2386, 54.34, 52.749
2387, 54.43, 52.782
2388, 54.48, 52.799
2389, 54.53, 52.816
2390, 54.57, 52.832
2391, 54.62, 52.849
2392, 54.67, 52.866
2393, 54.72, 52.882
2394, 54.77, 52.899
2395, 54.81, 52.916
2396, 54.86, 52.932
2397, 54.96, 52.966
2398, 55, 52.982
2399, 55.05, 52.999
2400, 55.1, 53.016
2401, 55.15, 53.032
2402, 55.19, 53.049
2403, 55.24, 53.066
2404, 55.29, 53.082
2405, 55.34, 53.099
2406, 55.38, 53.116
2407, 55.43, 53.132
2408, 55.52, 53.166
2409, 55.57, 53.182
2410, 55.61, 53.199
2411, 55.66, 53.216
2412, 55.71, 53.232
2413, 55.75, 53.249
2414, 55.81, 53.266
2415, 55.86, 53.282
2416, 55.9, 53.299
2417, 55.94, 53.316
2418, 55.98, 53.332
2419, 56.03, 53.349
2420, 56.07, 53.366
2421, 56.16, 53.399
2422, 56.21, 53.416
2423, 56.25, 53.432
2424, 56.3, 53.449
2425, 56.35, 53.466
2426, 56.39, 53.482
2427, 56.44, 53.499
2428, 56.48, 53.516
2429, 56.53, 53.532
2430, 56.57, 53.549
2431, 56.61, 53.566
2432, 56.66, 53.582
2433, 56.7, 53.599
2434, 56.74, 53.616
2435, 56.79, 53.632
2436, 56.83, 53.649
2437, 56.91, 53.682
2438, 56.95, 53.699
2439, 57, 53.716
2440, 57.04, 53.732
2441, 57.09, 53.749
2442, 57.13, 53.766
2443, 57.17, 53.782
2444, 57.21, 53.799
2445, 57.25, 53.816
2446, 57.29, 53.832
2447, 57.33, 53.849
2448, 57.38, 53.866
2449, 57.42, 53.882
2450, 57.46, 53.899
2451, 57.5, 53.916
2452, 57.55, 53.932
2453, 57.59, 53.949
2454, 57.63, 53.966
2455, 57.67, 53.982
2456, 57.71, 53.999
2457, 57.75, 54.016
2458, 57.79, 54.032
2459, 57.83, 54.049
2460, 57.91, 54.082
2461, 57.95, 54.099
2462, 57.99, 54.116
2463, 58.03, 54.132
2464, 58.07, 54.149
2465, 58.11, 54.166
2466, 58.15, 54.182
2467, 58.18, 54.199
2468, 58.21, 54.216
2469, 58.24, 54.232
2470, 58.27, 54.249
2471, 58.3, 54.266
2472, 58.32, 54.282
2473, 58.33, 54.299
2474, 58.34, 54.316
2475, 58.33, 54.332
2476, 58.31, 54.349
2477, 58.29, 54.366
2478, 58.25, 54.382
2479, 58.2, 54.399
2480, 58.15, 54.416
2481, 58.1, 54.432
2482, 58.05, 54.449
2483, 58, 54.466
2484, 57.96, 54.482
2485, 57.92, 54.499
2486, 57.88, 54.516
2487, 57.84, 54.532
2488, 57.81, 54.549
2489, 57.77, 54.566
2490, 57.73, 54.582
2491, 57.69, 54.599
2492, 57.58, 54.632
2493, 57.53, 54.649
2494, 57.48, 54.666
2495, 57.38, 54.682
2496, 57.29, 54.699
2497, 57.22, 54.716
2498, 57.16, 54.732
2499, 57.09, 54.749
2500, 57.02, 54.766
2501, 56.95, 54.782
2502, 56.88, 54.799
2503, 56.8, 54.816
2504, 56.73, 54.832
2505, 56.66, 54.849
2506, 56.59, 54.866
2507, 56.51, 54.882
2508, 56.44, 54.899
2509, 56.37, 54.916
2510, 56.31, 54.932
2511, 56.24, 54.949
2512, 56.12, 54.982
2513, 56.06, 54.999
2514, 56.01, 55.016
2515, 55.96, 55.032
2516, 55.91, 55.049
2517, 55.86, 55.066
2518, 55.82, 55.082
2519, 55.82, 55.099
2520, 55.79, 55.116
2521, 55.76, 55.132
2522, 55.73, 55.149
2523, 55.72, 55.166
2524, 55.7, 55.182
2525, 55.67, 55.216
2526, 55.66, 55.232
2527, 55.66, 55.249
2528, 55.66, 55.266
2529, 55.66, 55.282
2530, 55.66, 55.299
2531, 55.66, 55.316
2532, 55.67, 55.332
2533, 55.67, 55.349
2534, 55.67, 55.366
2535, 55.68, 55.382
2536, 55.7, 55.399
2537, 55.71, 55.416
2538, 55.75, 55.449
2539, 55.77, 55.466
2540, 55.79, 55.482
2541, 55.82, 55.499
2542, 55.85, 55.516
2543, 55.88, 55.532
2544, 55.92, 55.549
2545, 55.95, 55.566
2546, 55.98, 55.582
2547, 56.01, 55.599
2548, 56.05, 55.616
2549, 56.08, 55.632
2550, 56.12, 55.649
2551, 56.16, 55.666
2552, 56.2, 55.682
2553, 56.28, 55.716
2554, 56.32, 55.732
2555, 56.36, 55.749
2556, 56.4, 55.766
2557, 56.44, 55.782
2558, 56.48, 55.799
2559, 56.52, 55.816
2560, 56.56, 55.832
2561, 56.6, 55.849
2562, 56.64, 55.866
2563, 56.68, 55.882
2564, 56.72, 55.899
2565, 56.77, 55.916
2566, 56.81, 55.932
2567, 56.85, 55.949
2568, 56.89, 55.966
2569, 56.93, 55.982
2570, 56.97, 55.999
2571, 57.01, 56.016
2572, 57.05, 56.032
2573, 57.09, 56.049
2574, 57.17, 56.082
2575, 57.21, 56.099
2576, 57.25, 56.116
2577, 57.29, 56.132
2578, 57.32, 56.149
2579, 57.36, 56.166
2580, 57.41, 56.182
2581, 57.45, 56.199
2582, 57.49, 56.216
2583, 57.52, 56.232
2584, 57.56, 56.249
2585, 57.6, 56.266
2586, 57.64, 56.282
2587, 57.69, 56.299
2588, 57.72, 56.316
2589, 57.76, 56.332
2590, 57.79, 56.349
2591, 57.83, 56.366
2592, 57.87, 56.382
2593, 57.91, 56.399
2594, 57.95, 56.416
2595, 57.99, 56.432
2596, 58.03, 56.449
2597, 58.07, 56.466
2598, 58.11, 56.482
2599, 58.14, 56.499
2600, 58.18, 56.516
2601, 58.22, 56.532
2602, 58.26, 56.549
2603, 58.3, 56.566
2604, 58.34, 56.582
2605, 58.38, 56.599
2606, 58.41, 56.616
2607, 58.45, 56.632
2608, 58.49, 56.649
2609, 58.53, 56.666
2610, 58.61, 56.699
2611, 58.65, 56.716
2612, 58.68, 56.732
2613, 58.72, 56.749
2614, 58.76, 56.766
2615, 58.8, 56.782
2616, 58.84, 56.799
2617, 58.88, 56.816
2618, 58.92, 56.832
2619, 58.96, 56.849
2620, 59, 56.866
2621, 59.04, 56.882
2622, 59.07, 56.899
2623, 59.11, 56.916
2624, 59.15, 56.932
2625, 59.19, 56.949
2626, 59.23, 56.966
2627, 59.27, 56.982
2628, 59.31, 56.999
2629, 59.35, 57.016
2630, 59.39, 57.032
2631, 59.43, 57.049
2632, 59.47, 57.066
2633, 59.51, 57.082
2634, 59.54, 57.099
2635, 59.58, 57.116
2636, 59.62, 57.132
2637, 59.66, 57.149
2638, 59.7, 57.166
2639, 59.74, 57.182
2640, 59.78, 57.199
2641, 59.81, 57.216
2642, 59.85, 57.232
2643, 59.89, 57.249
2644, 59.93, 57.266
2645, 59.97, 57.282
2646, 60.01, 57.299
2647, 60.05, 57.316
2648, 60.1, 57.332
2649, 60.12, 57.349
2650, 60.14, 57.366
2651, 60.16, 57.382
2652, 60.17, 57.399
2653, 60.18, 57.416
2654, 60.18, 57.432
2655, 60.17, 57.449
2656, 60.14, 57.466
2657, 60.11, 57.482
2658, 60.05, 57.499
2659, 59.98, 57.516
2660, 59.88, 57.532
2661, 59.76, 57.549
2662, 59.62, 57.566
2663, 59.45, 57.582
2664, 59.26, 57.599
2665, 59.06, 57.616
2666, 58.85, 57.632
2667, 58.63, 57.649
2668, 58.41, 57.666
2669, 58.17, 57.682
2670, 57.89, 57.699
2671, 57.65, 57.716
2672, 57.42, 57.732
2673, 57.18, 57.749
2674, 56.94, 57.766
2675, 56.7, 57.782
2676, 56.46, 57.799
2677, 56.22, 57.816
2678, 55.97, 57.832
2679, 55.73, 57.849
2680, 55.49, 57.866
2681, 55.24, 57.882
2682, 54.99, 57.899
2683, 54.49, 57.932
2684, 54.25, 57.949
2685, 54, 57.966
2686, 53.75, 57.982
2687, 53.51, 57.999
2688, 53.27, 58.016
2689, 53.03, 58.032
2690, 52.79, 58.049
2691, 52.54, 58.066
2692, 52.05, 58.099
2693, 51.8, 58.116
2694, 51.56, 58.132
2695, 51.32, 58.149
2696, 51.09, 58.166
2697, 50.85, 58.182
2698, 50.33, 58.216
2699, 50.07, 58.232
2700, 49.82, 58.249
2701, 49.58, 58.266
2702, 49.34, 58.282
2703, 48.86, 58.316
2704, 48.62, 58.332
2705, 48.37, 58.349
2706, 48.12, 58.366
2707, 47.63, 58.399
2708, 47.39, 58.416
2709, 47.14, 58.432
2710, 46.89, 58.449
2711, 46.4, 58.482
2712, 46.16, 58.499
2713, 45.92, 58.516
2714, 45.43, 58.549
2715, 45.19, 58.566
2716, 44.96, 58.582
2717, 44.48, 58.616
2718, 44.24, 58.632
2719, 44, 58.649
2720, 43.53, 58.682
2721, 43.31, 58.699
2722, 42.87, 58.732
2723, 42.66, 58.749
2724, 42.41, 58.766
2725, 41.9, 58.799
2726, 41.68, 58.816
2727, 41.22, 58.849
2728, 40.99, 58.866
2729, 40.53, 58.899
2730, 40.31, 58.916
2731, 39.86, 58.949
2732, 39.64, 58.966
2733, 39.19, 58.999
2734, 38.97, 59.016
2735, 38.52, 59.049
2736, 38.3, 59.066
2737, 37.84, 59.099
2738, 37.61, 59.116
2739, 37.17, 59.149
2740, 36.72, 59.182
2741, 36.49, 59.199
2742, 36.05, 59.232
2743, 35.61, 59.266
2744, 35.38, 59.282
2745, 34.94, 59.316
2746, 34.5, 59.349
2747, 34.28, 59.366
2748, 33.87, 59.399
2749, 33.46, 59.432
2750, 33.05, 59.466
2751, 32.66, 59.499
2752, 32.46, 59.516
2753, 32.1, 59.549
2754, 31.74, 59.582
2755, 31.36, 59.616
2756, 30.94, 59.649
2757, 30.56, 59.682
2758, 30.18, 59.716
2759, 29.81, 59.749
2760, 29.45, 59.782
2761, 29.1, 59.816
2762, 28.74, 59.849
2763, 28.41, 59.882
2764, 28.08, 59.916
2765, 27.6, 59.966
2766, 27.31, 59.999
2767, 27.05, 60.032
2768, 26.81, 60.066
2769, 26.59, 60.099
2770, 26.3, 60.149
2771, 26.12, 60.182
2772, 25.95, 60.216
2773, 25.8, 60.249
2774, 25.61, 60.299
2775, 25.52, 60.332
2776, 25.44, 60.366
2777, 25.34, 60.416
2778, 25.28, 60.449
2779, 25.22, 60.482
2780, 25.16, 60.516
2781, 25.06, 60.566
2782, 25.01, 60.599
2783, 24.96, 60.632
2784, 24.91, 60.666
2785, 24.83, 60.716
2786, 24.75, 60.749
2787, 24.66, 60.782
2788, 24.47, 60.832
2789, 24.32, 60.866
2790, 24.16, 60.899
2791, 23.9, 60.949
2792, 23.72, 60.982
2793, 23.55, 61.016
2794, 23.31, 61.066
2795, 23.17, 61.099
2796, 23.02, 61.149
2797, 22.87, 61.199
2798, 22.78, 61.232
2799, 22.63, 61.282
2800, 22.48, 61.332
2801, 22.38, 61.366
2802, 22.21, 61.416
2803, 22.04, 61.466
2804, 21.88, 61.516
2805, 21.72, 61.566
2806, 21.61, 61.599
2807, 21.46, 61.649
2808, 21.31, 61.699
2809, 21.17, 61.749
2810, 21.02, 61.799
2811, 20.87, 61.849
2812, 20.74, 61.899
2813, 20.65, 61.949
2814, 20.55, 61.999
2815, 20.54, 62.049
2816, 20.54, 62.099
2817, 20.55, 62.149
2818, 20.6, 62.199
2819, 20.65, 62.249
2820, 20.73, 62.299
2821, 20.84, 62.349
2822, 20.95, 62.399
2823, 21.08, 62.449
2824, 21.21, 62.499
2825, 21.37, 62.549
2826, 21.54, 62.599
2827, 21.73, 62.649
2828, 21.94, 62.699
2829, 22.16, 62.749
2830, 22.42, 62.799
2831, 22.61, 62.832
2832, 22.89, 62.882
2833, 23.19, 62.932
2834, 23.51, 62.982
2835, 23.72, 63.016
2836, 24.04, 63.066
2837, 24.25, 63.099
2838, 24.57, 63.149
2839, 24.78, 63.182
2840, 25.1, 63.232
2841, 25.32, 63.266
2842, 25.65, 63.316
2843, 25.87, 63.349
2844, 26.09, 63.382
2845, 26.43, 63.432
2846, 26.66, 63.466
2847, 26.9, 63.499
2848, 27.26, 63.549
2849, 27.5, 63.582
2850, 27.74, 63.616
2851, 27.98, 63.649
2852, 28.34, 63.699
2853, 28.57, 63.732
2854, 28.8, 63.766
2855, 29.04, 63.799
2856, 29.28, 63.832
2857, 29.52, 63.866
2858, 29.77, 63.899
2859, 30, 63.932
2860, 30.24, 63.966
2861, 30.47, 63.999
2862, 30.7, 64.032
2863, 30.93, 64.066
2864, 31.16, 64.099
2865, 31.38, 64.132
2866, 31.61, 64.166
2867, 31.84, 64.199
2868, 32.06, 64.232
2869, 32.27, 64.266
2870, 32.49, 64.299
2871, 32.69, 64.332
2872, 32.88, 64.366
2873, 32.98, 64.382
2874, 33.17, 64.416
2875, 33.33, 64.449
2876, 33.47, 64.482
2877, 33.55, 64.516
2878, 33.65, 64.549
2879, 33.78, 64.566
2880, 33.85, 64.599
2881, 33.96, 64.632
2882, 34.05, 64.666
2883, 34.13, 64.699
2884, 34.18, 64.716
2885, 34.26, 64.749
2886, 34.34, 64.782
2887, 34.42, 64.816
2888, 34.51, 64.849
2889, 34.55, 64.866
2890, 34.64, 64.899
2891, 34.71, 64.932
2892, 34.8, 64.966
2893, 34.85, 64.982
2894, 34.94, 65.016
2895, 35.03, 65.049
2896, 35.12, 65.082
2897, 35.17, 65.099
2898, 35.26, 65.132
2899, 35.36, 65.166
2900, 35.4, 65.182
2901, 35.49, 65.216
2902, 35.59, 65.249
2903, 35.69, 65.282
2904, 35.74, 65.299
2905, 35.84, 65.332
2906, 35.94, 65.366
2907, 35.99, 65.382
2908, 36.07, 65.416
2909, 36.11, 65.432
2910, 36.17, 65.466
2911, 36.21, 65.499
2912, 36.21, 65.516
2913, 36.18, 65.549
2914, 36.11, 65.582
2915, 36.07, 65.599
2916, 35.96, 65.632
2917, 35.75, 65.666
2918, 35.67, 65.682
2919, 35.53, 65.716
2920, 35.36, 65.749
2921, 35.29, 65.766
2922, 35.16, 65.799
2923, 35.1, 65.832
2924, 35.08, 65.849
2925, 35.03, 65.882
2926, 35.05, 65.916
2927, 35.09, 65.949
2928, 35.09, 65.966
2929, 35.1, 65.999
2930, 35.13, 66.032
2931, 35.15, 66.049
2932, 35.19, 66.082
2933, 35.24, 66.116
2934, 35.26, 66.132
2935, 35.31, 66.166
2936, 35.37, 66.199
2937, 35.43, 66.232
2938, 35.45, 66.249
2939, 35.5, 66.282
2940, 35.52, 66.316
2941, 35.5, 66.332
2942, 35.44, 66.366
2943, 35.36, 66.399
2944, 35.27, 66.416
2945, 35.15, 66.449
2946, 35.05, 66.482
2947, 34.94, 66.516
2948, 34.89, 66.532
2949, 34.78, 66.566
2950, 34.68, 66.599
2951, 34.63, 66.616
2952, 34.53, 66.649
2953, 34.46, 66.682
2954, 34.39, 66.716
2955, 34.36, 66.732
2956, 34.31, 66.766
2957, 34.3, 66.799
2958, 34.26, 66.832
2959, 34.23, 66.866
2960, 34.22, 66.882
2961, 34.2, 66.916
2962, 34.18, 66.949
2963, 34.18, 66.982
2964, 34.19, 67.016
2965, 34.19, 67.032
2966, 34.19, 67.066
2967, 34.18, 67.099
2968, 34.17, 67.132
2969, 34.17, 67.149
2970, 34.16, 67.182
2971, 34.17, 67.216
2972, 34.17, 67.249
2973, 34.15, 67.282
2974, 34.15, 67.299
2975, 34.14, 67.332
2976, 34.14, 67.366
2977, 34.13, 67.399
2978, 34.13, 67.432
2979, 34.13, 67.449
2980, 34.13, 67.482
2981, 34.14, 67.516
2982, 34.14, 67.549
2983, 34.15, 67.582
2984, 34.16, 67.599
2985, 34.17, 67.632
2986, 34.19, 67.666
2987, 34.21, 67.699
2988, 34.24, 67.732
2989, 34.26, 67.749
2990, 34.29, 67.782
2991, 34.31, 67.816
2992, 34.34, 67.849
2993, 34.36, 67.866
2994, 34.4, 67.899
2995, 34.43, 67.932
2996, 34.45, 67.966
2997, 34.49, 67.999
2998, 34.51, 68.016
2999, 34.55, 68.049
3000, 34.6, 68.082
3001, 34.65, 68.116
3002, 34.67, 68.132
3003, 34.73, 68.166
3004, 34.79, 68.199
3005, 34.85, 68.232
3006, 34.89, 68.249
3007, 34.97, 68.282
3008, 35.06, 68.316
3009, 35.16, 68.349
3010, 35.22, 68.366
3011, 35.34, 68.399
3012, 35.48, 68.432
3013, 35.56, 68.449
3014, 35.7, 68.482
3015, 35.85, 68.516
3016, 36, 68.549
3017, 36.08, 68.566
3018, 36.24, 68.599
3019, 36.41, 68.632
3020, 36.5, 68.649
3021, 36.66, 68.682
3022, 36.82, 68.716
3023, 36.9, 68.732
3024, 37.07, 68.766
3025, 37.16, 68.782
3026, 37.33, 68.816
3027, 37.5, 68.849
3028, 37.58, 68.866
3029, 37.75, 68.899
3030, 37.84, 68.916
3031, 38.01, 68.949
3032, 38.19, 68.982
3033, 38.28, 68.999
3034, 38.45, 69.032
3035, 38.53, 69.049
3036, 38.71, 69.082
3037, 38.79, 69.099
3038, 38.98, 69.132
3039, 39.06, 69.149
3040, 39.23, 69.182
3041, 39.32, 69.199
3042, 39.49, 69.232
3043, 39.58, 69.249
3044, 39.76, 69.282
3045, 39.84, 69.299
3046, 40.02, 69.332
3047, 40.11, 69.349
3048, 40.29, 69.382
3049, 40.37, 69.399
3050, 40.54, 69.432
3051, 40.63, 69.449
3052, 40.81, 69.482
3053, 40.9, 69.499
3054, 41.07, 69.532
3055, 41.15, 69.549
3056, 41.32, 69.582
3057, 41.41, 69.599
3058, 41.58, 69.632
3059, 41.66, 69.649
3060, 41.75, 69.666
3061, 41.92, 69.699
3062, 42, 69.716
3063, 42.16, 69.749
3064, 42.24, 69.766
3065, 42.42, 69.799
3066, 42.52, 69.816
3067, 42.61, 69.832
3068, 42.77, 69.866
3069, 42.85, 69.882
3070, 43.01, 69.916
3071, 43.1, 69.932
3072, 43.18, 69.949
3073, 43.35, 69.982
3074, 43.43, 69.999
3075, 43.52, 70.016
3076, 43.7, 70.049
3077, 43.78, 70.066
3078, 43.95, 70.099
3079, 44.04, 70.116
3080, 44.13, 70.132
3081, 44.29, 70.166
3082, 44.37, 70.182
3083, 44.45, 70.199
3084, 44.62, 70.232
3085, 44.7, 70.249
3086, 44.79, 70.266
3087, 44.95, 70.299
3088, 45.02, 70.316
3089, 45.08, 70.332
3090, 45.19, 70.366
3091, 45.23, 70.382
3092, 45.28, 70.399
3093, 45.24, 70.432
3094, 45.32, 70.449
3095, 45.43, 70.466
3096, 45.58, 70.499
3097, 45.64, 70.516
3098, 45.72, 70.532
3099, 45.79, 70.549
3100, 45.92, 70.582
3101, 45.99, 70.599
3102, 46.05, 70.616
3103, 46.19, 70.649
3104, 46.26, 70.666
3105, 46.33, 70.682
3106, 46.47, 70.716
3107, 46.54, 70.732
3108, 46.61, 70.749
3109, 46.68, 70.766
3110, 46.82, 70.799
3111, 46.89, 70.816
3112, 46.95, 70.832
3113, 47.09, 70.866
3114, 47.15, 70.882
3115, 47.22, 70.899
3116, 47.3, 70.916
3117, 47.44, 70.949
3118, 47.51, 70.966
3119, 47.58, 70.982
3120, 47.65, 70.999
3121, 47.78, 71.032
3122, 47.85, 71.049
3123, 47.92, 71.066
3124, 47.98, 71.082
3125, 48.11, 71.116
3126, 48.18, 71.132
3127, 48.25, 71.149
3128, 48.32, 71.166
3129, 48.46, 71.199
3130, 48.52, 71.216
3131, 48.59, 71.232
3132, 48.65, 71.249
3133, 48.79, 71.282
3134, 48.86, 71.299
3135, 48.94, 71.316
3136, 49.01, 71.332
3137, 49.14, 71.366
3138, 49.2, 71.382
3139, 49.27, 71.399
3140, 49.33, 71.416
3141, 49.4, 71.432
3142, 49.53, 71.466
3143, 49.6, 71.482
3144, 49.66, 71.499
3145, 49.73, 71.516
3146, 49.8, 71.532
3147, 49.93, 71.566
3148, 50, 71.582
3149, 50.06, 71.599
3150, 50.12, 71.616
3151, 50.18, 71.632
3152, 50.31, 71.666
3153, 50.38, 71.682
3154, 50.44, 71.699
3155, 50.51, 71.716
3156, 50.57, 71.732
3157, 50.7, 71.766
3158, 50.76, 71.782
3159, 50.82, 71.799
3160, 50.88, 71.816
3161, 50.94, 71.832
3162, 51.06, 71.866
3163, 51.12, 71.882
3164, 51.19, 71.899
3165, 51.25, 71.916
3166, 51.32, 71.932
3167, 51.38, 71.949
3168, 51.51, 71.982
3169, 51.58, 71.999
3170, 51.64, 72.016
3171, 51.7, 72.032
3172, 51.76, 72.049
3173, 51.82, 72.066
3174, 51.95, 72.099
3175, 52.01, 72.116
3176, 52.06, 72.132
3177, 52.12, 72.149
3178, 52.19, 72.166
3179, 52.25, 72.182
3180, 52.31, 72.199
3181, 52.43, 72.232
3182, 52.49, 72.249
3183, 52.56, 72.266
3184, 52.62, 72.282
3185, 52.68, 72.299
3186, 52.74, 72.316
3187, 52.8, 72.332
3188, 52.92, 72.366
3189, 52.98, 72.382
3190, 53.04, 72.399
3191, 53.1, 72.416
3192, 53.16, 72.432
3193, 53.22, 72.449
3194, 53.27, 72.466
3195, 53.32, 72.482
3196, 53.38, 72.516
3197, 53.41, 72.532
3198, 53.43, 72.549
3199, 53.44, 72.566
3200, 53.46, 72.582
3201, 53.48, 72.599
3202, 53.5, 72.616
3203, 53.51, 72.632
3204, 53.5, 72.666
3205, 53.46, 72.682
3206, 53.53, 72.699
3207, 53.61, 72.716
3208, 53.66, 72.732
3209, 53.7, 72.749
3210, 53.75, 72.766
3211, 53.79, 72.782
3212, 53.89, 72.816
3213, 53.94, 72.832
3214, 54, 72.849
3215, 54.05, 72.866
3216, 54.1, 72.882
3217, 54.14, 72.899
3218, 54.19, 72.916
3219, 54.23, 72.932
3220, 54.28, 72.949
3221, 54.33, 72.966
3222, 54.42, 72.999
3223, 54.47, 73.016
3224, 54.52, 73.032
3225, 54.57, 73.049
3226, 54.62, 73.066
3227, 54.67, 73.082
3228, 54.72, 73.099
3229, 54.77, 73.116
3230, 54.82, 73.132
3231, 54.86, 73.149
3232, 54.96, 73.182
3233, 55.01, 73.199
3234, 55.05, 73.216
3235, 55.1, 73.232
3236, 55.15, 73.249
3237, 55.19, 73.266
3238, 55.24, 73.282
3239, 55.29, 73.299
3240, 55.33, 73.316
3241, 55.38, 73.332
3242, 55.43, 73.349
3243, 55.53, 73.382
3244, 55.58, 73.399
3245, 55.63, 73.416
3246, 55.68, 73.432
3247, 55.72, 73.449
3248, 55.77, 73.466
3249, 55.81, 73.482
3250, 55.86, 73.499
3251, 55.91, 73.516
3252, 55.96, 73.532
3253, 56, 73.549
3254, 56.05, 73.566
3255, 56.1, 73.582
3256, 56.17, 73.616
3257, 56.21, 73.632
3258, 56.27, 73.649
3259, 56.32, 73.666
3260, 56.36, 73.682
3261, 56.4, 73.699
3262, 56.43, 73.716
3263, 56.46, 73.732
3264, 56.47, 73.749
3265, 56.47, 73.766
3266, 56.46, 73.782
3267, 56.44, 73.799
3268, 56.43, 73.816
3269, 56.41, 73.832
3270, 56.39, 73.849
3271, 56.37, 73.866
3272, 56.33, 73.899
3273, 56.32, 73.916
3274, 56.31, 73.932
3275, 56.29, 73.949
3276, 56.27, 73.966
3277, 56.26, 73.982
3278, 56.24, 73.999
3279, 56.23, 74.016
3280, 56.22, 74.032
3281, 56.21, 74.049
3282, 56.2, 74.066
3283, 56.2, 74.082
3284, 56.19, 74.099
3285, 56.18, 74.116
3286, 56.15, 74.132
3287, 56.06, 74.166
3288, 56, 74.182
3289, 55.93, 74.199
3290, 55.86, 74.216
3291, 55.79, 74.232
3292, 55.69, 74.249
3293, 55.56, 74.266
3294, 55.47, 74.282
3295, 55.39, 74.299
3296, 55.29, 74.316
3297, 55.18, 74.332
3298, 55.07, 74.349
3299, 54.96, 74.366
3300, 54.72, 74.399
3301, 54.59, 74.416
3302, 54.45, 74.432
3303, 54.31, 74.449
3304, 54.17, 74.466
3305, 54.01, 74.482
3306, 53.86, 74.499
3307, 53.7, 74.516
3308, 53.54, 74.532
3309, 53.2, 74.566
3310, 53.02, 74.582
3311, 52.84, 74.599
3312, 52.66, 74.616
3313, 52.48, 74.632
3314, 52.29, 74.649
3315, 52.1, 74.666
3316, 51.73, 74.699
3317, 51.54, 74.716
3318, 51.36, 74.732
3319, 51.16, 74.749
3320, 50.97, 74.766
3321, 50.78, 74.782
3322, 50.39, 74.816
3323, 50.2, 74.832
3324, 50.02, 74.849
3325, 49.84, 74.866
3326, 49.66, 74.882
3327, 49.24, 74.916
3328, 49.02, 74.932
3329, 48.83, 74.949
3330, 48.65, 74.966
3331, 48.46, 74.982
3332, 48.08, 75.016
3333, 47.91, 75.032
3334, 47.73, 75.049
3335, 47.56, 75.066
3336, 47.23, 75.099
3337, 47.06, 75.116
3338, 46.89, 75.132
3339, 46.57, 75.166
3340, 46.41, 75.182
3341, 46.26, 75.199
3342, 46.1, 75.216
3343, 45.79, 75.249
3344, 45.64, 75.266
3345, 45.49, 75.282
3346, 45.18, 75.316
3347, 45.03, 75.332
3348, 44.88, 75.349
3349, 44.58, 75.382
3350, 44.42, 75.399
3351, 44.27, 75.416
3352, 43.96, 75.449
3353, 43.81, 75.466
3354, 43.49, 75.499
3355, 43.34, 75.516
3356, 43.18, 75.532
3357, 42.87, 75.566
3358, 42.71, 75.582
3359, 42.41, 75.616
3360, 42.26, 75.632
3361, 42.11, 75.649
3362, 41.82, 75.682
3363, 41.68, 75.699
3364, 41.39, 75.732
3365, 41.26, 75.749
3366, 41, 75.782
3367, 40.88, 75.799
3368, 40.65, 75.832
3369, 40.54, 75.849
3370, 40.35, 75.882
3371, 40.27, 75.899
3372, 40.11, 75.932
3373, 40.04, 75.949
3374, 39.92, 75.982
3375, 39.87, 75.999
3376, 39.77, 76.032
3377, 39.72, 76.049
3378, 39.61, 76.082
3379, 39.56, 76.099
3380, 39.46, 76.132
3381, 39.4, 76.149
3382, 39.3, 76.182
3383, 39.2, 76.216
3384, 39.15, 76.232
3385, 39.06, 76.266
3386, 39.02, 76.282
3387, 38.94, 76.316
3388, 38.9, 76.332
3389, 38.86, 76.366
3390, 38.85, 76.382
3391, 38.8, 76.416
3392, 38.74, 76.449
3393, 38.71, 76.466
3394, 38.65, 76.499
3395, 38.62, 76.516
3396, 38.57, 76.549
3397, 38.55, 76.566
3398, 38.52, 76.599
3399, 38.51, 76.632
3400, 38.51, 76.649
3401, 38.52, 76.682
3402, 38.53, 76.699
3403, 38.55, 76.732
3404, 38.57, 76.749
3405, 38.6, 76.782
3406, 38.64, 76.816
3407, 38.67, 76.832
3408, 38.73, 76.866
3409, 38.76, 76.882
3410, 38.83, 76.916
3411, 38.86, 76.932
3412, 38.94, 76.966
3413, 38.98, 76.982
3414, 39.06, 77.016
3415, 39.13, 77.049
3416, 39.17, 77.066
3417, 39.24, 77.099
3418, 39.28, 77.116
3419, 39.35, 77.149
3420, 39.39, 77.166
3421, 39.45, 77.199
3422, 39.49, 77.216
3423, 39.56, 77.249
3424, 39.59, 77.266
3425, 39.66, 77.299
3426, 39.69, 77.316
3427, 39.76, 77.349
3428, 39.8, 77.366
3429, 39.88, 77.399
3430, 39.92, 77.416
3431, 40.01, 77.449
3432, 40.05, 77.466
3433, 40.14, 77.499
3434, 40.18, 77.516
3435, 40.27, 77.549
3436, 40.32, 77.566
3437, 40.42, 77.599
3438, 40.47, 77.616
3439, 40.57, 77.649
3440, 40.62, 77.666
3441, 40.74, 77.699
3442, 40.79, 77.716
3443, 40.9, 77.749
3444, 40.95, 77.766
3445, 41, 77.782
3446, 41.11, 77.816
3447, 41.16, 77.832
3448, 41.25, 77.866
3449, 41.3, 77.882
3450, 41.39, 77.916
3451, 41.44, 77.932
3452, 41.55, 77.966
3453, 41.6, 77.982
3454, 41.66, 77.999
3455, 41.76, 78.032
3456, 41.82, 78.049
3457, 41.93, 78.082
3458, 41.99, 78.099
3459, 42.1, 78.132
3460, 42.16, 78.149
3461, 42.22, 78.166
3462, 42.34, 78.199
3463, 42.39, 78.216
3464, 42.51, 78.249
3465, 42.57, 78.266
3466, 42.63, 78.282
3467, 42.75, 78.316
3468, 42.81, 78.332
3469, 42.93, 78.366
3470, 42.99, 78.382
3471, 43.05, 78.399
3472, 43.17, 78.432
3473, 43.23, 78.449
3474, 43.35, 78.482
3475, 43.41, 78.499
3476, 43.47, 78.516
3477, 43.59, 78.549
3478, 43.65, 78.566
3479, 43.7, 78.582
3480, 43.82, 78.616
3481, 43.88, 78.632
3482, 43.93, 78.649
3483, 44.01, 78.682
3484, 44.03, 78.699
3485, 44.06, 78.716
3486, 44.12, 78.749
3487, 44.15, 78.766
3488, 44.21, 78.799
3489, 44.24, 78.816
3490, 44.27, 78.832
3491, 44.33, 78.866
3492, 44.36, 78.882
3493, 44.4, 78.899
3494, 44.46, 78.932
3495, 44.49, 78.949
3496, 44.52, 78.966
3497, 44.59, 78.999
3498, 44.62, 79.016
3499, 44.65, 79.032
3500, 44.72, 79.066
3501, 44.75, 79.082
3502, 44.78, 79.099
3503, 44.84, 79.132
3504, 44.87, 79.149
3505, 44.9, 79.166
3506, 44.97, 79.199
3507, 45, 79.216
3508, 45.03, 79.232
3509, 45.09, 79.266
3510, 45.12, 79.282
3511, 45.15, 79.299
3512, 45.19, 79.332
3513, 45.23, 79.349
3514, 45.27, 79.366
3515, 45.29, 79.399
3516, 45.32, 79.416
3517, 45.36, 79.432
3518, 45.4, 79.466
3519, 45.42, 79.482
3520, 45.45, 79.499
3521, 45.5, 79.532
3522, 45.52, 79.549
3523, 45.55, 79.566
3524, 45.6, 79.599
3525, 45.63, 79.616
3526, 45.66, 79.632
3527, 45.72, 79.666
3528, 45.75, 79.682
3529, 45.78, 79.699
3530, 45.84, 79.732
3531, 45.87, 79.749
3532, 45.9, 79.766
3533, 45.96, 79.799
3534, 45.99, 79.816
3535, 46.02, 79.832
3536, 46.1, 79.866
3537, 46.15, 79.882
3538, 46.18, 79.899
3539, 46.24, 79.916
3540, 46.34, 79.949
3541, 46.4, 79.966
3542, 46.45, 79.982
3543, 46.58, 80.016
3544, 46.66, 80.032
3545, 46.73, 80.049
3546, 46.78, 80.066
3547, 46.89, 80.099
3548, 46.96, 80.116
3549, 47.03, 80.132
3550, 47.19, 80.166
3551, 47.26, 80.182
3552, 47.34, 80.199
3553, 47.41, 80.216
3554, 47.55, 80.249
3555, 47.62, 80.266
3556, 47.69, 80.282
3557, 47.76, 80.299
3558, 47.9, 80.332
3559, 47.97, 80.349
3560, 48.05, 80.366
3561, 48.12, 80.382
3562, 48.26, 80.416
3563, 48.33, 80.432
3564, 48.4, 80.449
3565, 48.47, 80.466
3566, 48.6, 80.499
3567, 48.66, 80.516
3568, 48.73, 80.532
3569, 48.8, 80.549
3570, 48.94, 80.582
3571, 49, 80.599
3572, 49.07, 80.616
3573, 49.13, 80.632
3574, 49.19, 80.649
3575, 49.33, 80.682
3576, 49.4, 80.699
3577, 49.47, 80.716
3578, 49.54, 80.732
3579, 49.67, 80.766
3580, 49.74, 80.782
3581, 49.81, 80.799
3582, 49.88, 80.816
3583, 49.94, 80.832
3584, 50.08, 80.866
3585, 50.14, 80.882
3586, 50.21, 80.899
3587, 50.27, 80.916
3588, 50.34, 80.932
3589, 50.46, 80.966
3590, 50.53, 80.982
3591, 50.59, 80.999
3592, 50.65, 81.016
3593, 50.72, 81.032
3594, 50.85, 81.066
3595, 50.91, 81.082
3596, 50.97, 81.099
3597, 51.02, 81.116
3598, 51.07, 81.132
3599, 51.1, 81.149
3600, 51.13, 81.182
3601, 51.13, 81.199
3602, 51.11, 81.216
3603, 51.07, 81.232
3604, 51.02, 81.249
3605, 50.94, 81.266
3606, 50.74, 81.299
3607, 50.62, 81.316
3608, 50.48, 81.332
3609, 50.34, 81.349
3610, 50.2, 81.366
3611, 49.9, 81.399
3612, 49.7, 81.416
3613, 49.5, 81.432
3614, 49.32, 81.449
3615, 49.15, 81.466
3616, 48.79, 81.499
3617, 48.6, 81.516
3618, 48.42, 81.532
3619, 48.23, 81.549
3620, 47.84, 81.582
3621, 47.65, 81.599
3622, 47.46, 81.616
3623, 47.27, 81.632
3624, 46.89, 81.666
3625, 46.7, 81.682
3626, 46.5, 81.699
3627, 46.12, 81.732
3628, 45.93, 81.749
3629, 45.73, 81.766
3630, 45.54, 81.782
3631, 45.15, 81.816
3632, 44.97, 81.832
3633, 44.78, 81.849
3634, 44.39, 81.882
3635, 44.2, 81.899
3636, 44.01, 81.916
3637, 43.63, 81.949
3638, 43.44, 81.966
3639, 43.06, 81.999
3640, 42.88, 82.016
3641, 42.7, 82.032
3642, 42.34, 82.066
3643, 42.16, 82.082
3644, 41.81, 82.116
3645, 41.64, 82.132
3646, 41.3, 82.166
3647, 41.11, 82.182
3648, 40.9, 82.199
3649, 40.53, 82.232
3650, 40.36, 82.249
3651, 40.02, 82.282
3652, 39.86, 82.299
3653, 39.54, 82.332
3654, 39.38, 82.349
3655, 39.07, 82.382
3656, 38.92, 82.399
3657, 38.62, 82.432
3658, 38.33, 82.466
3659, 38.2, 82.482
3660, 37.94, 82.516
3661, 37.81, 82.532
3662, 37.55, 82.566
3663, 37.42, 82.582
3664, 37.16, 82.616
3665, 36.91, 82.649
3666, 36.78, 82.666
3667, 36.53, 82.699
3668, 36.27, 82.732
3669, 36.15, 82.749
3670, 35.89, 82.782
3671, 35.63, 82.816
3672, 35.5, 82.832
3673, 35.24, 82.866
3674, 34.97, 82.899
3675, 34.84, 82.916
3676, 34.58, 82.949
3677, 34.32, 82.982
3678, 34.06, 83.016
3679, 33.94, 83.032
3680, 33.69, 83.066
3681, 33.47, 83.099
3682, 33.26, 83.132
3683, 33.05, 83.166
3684, 32.96, 83.182
3685, 32.8, 83.216
3686, 32.64, 83.249
3687, 32.37, 83.282
3688, 32.15, 83.316
3689, 31.96, 83.349
3690, 31.87, 83.366
3691, 31.69, 83.399
3692, 31.54, 83.432
3693, 31.4, 83.466
3694, 31.27, 83.499
3695, 31.15, 83.532
3696, 31.04, 83.566
3697, 30.94, 83.599
3698, 30.86, 83.632
3699, 30.79, 83.666
3700, 30.71, 83.699
3701, 30.67, 83.716
3702, 30.59, 83.749
3703, 30.51, 83.782
3704, 30.42, 83.816
3705, 30.32, 83.849
3706, 30.23, 83.882
3707, 30.14, 83.916
3708, 30.05, 83.949
3709, 29.96, 83.982
3710, 29.89, 84.016
3711, 29.83, 84.049
3712, 29.76, 84.082
3713, 29.67, 84.116
3714, 29.58, 84.149
3715, 29.49, 84.182
3716, 29.39, 84.216
3717, 29.28, 84.249
3718, 29.17, 84.282
3719, 29.06, 84.316
3720, 28.96, 84.349
3721, 28.86, 84.382
3722, 28.77, 84.416
3723, 28.66, 84.449
3724, 28.53, 84.482
3725, 28.39, 84.516
3726, 28.22, 84.549
3727, 28.04, 84.582
3728, 27.88, 84.616
3729, 27.73, 84.649
3730, 27.61, 84.682
3731, 27.5, 84.716
3732, 27.39, 84.749
3733, 27.2, 84.799
3734, 27.04, 84.832
3735, 26.88, 84.866
3736, 26.71, 84.899
3737, 26.53, 84.932
3738, 26.26, 84.982
3739, 26.09, 85.016
3740, 25.94, 85.049
3741, 25.82, 85.082
3742, 25.65, 85.132
3743, 25.55, 85.166
3744, 25.45, 85.199
3745, 25.28, 85.249
3746, 25.17, 85.282
3747, 25.06, 85.316
3748, 24.9, 85.366
3749, 24.78, 85.399
3750, 24.61, 85.449
3751, 24.49, 85.482
3752, 24.32, 85.532
3753, 24.19, 85.566
3754, 24.01, 85.616
3755, 23.9, 85.649
3756, 23.72, 85.699
3757, 23.59, 85.732
3758, 23.42, 85.782
3759, 23.23, 85.832
3760, 23.1, 85.866
3761, 22.91, 85.916
3762, 22.72, 85.966
3763, 22.6, 85.999
3764, 22.41, 86.049
3765, 22.27, 86.099
3766, 22.19, 86.132
3767, 22.15, 86.216
3768, 22.17, 86.232
3769, 22.17, 86.282
3770, 22.22, 86.332
3771, 22.27, 86.366
3772, 22.34, 86.416
3773, 22.4, 86.466
3774, 22.46, 86.516
3775, 22.52, 86.549
3776, 22.62, 86.599
3777, 22.75, 86.649
3778, 22.85, 86.699
3779, 22.94, 86.732
3780, 23.08, 86.782
3781, 23.23, 86.832
3782, 23.31, 86.866
3783, 23.44, 86.916
3784, 23.57, 86.966
3785, 23.67, 86.999
3786, 23.81, 87.049
3787, 23.9, 87.082
3788, 24.04, 87.132
3789, 24.13, 87.166
3790, 24.25, 87.216
3791, 24.34, 87.249
3792, 24.45, 87.299
3793, 24.53, 87.332
3794, 24.61, 87.366
3795, 24.73, 87.416
3796, 24.8, 87.449
3797, 24.92, 87.499
3798, 25, 87.532
3799, 25.08, 87.566
3800, 25.19, 87.616
3801, 25.26, 87.649
3802, 25.33, 87.682
3803, 25.43, 87.732
3804, 25.5, 87.766
3805, 25.57, 87.799
3806, 25.67, 87.849
3807, 25.72, 87.882
3808, 25.78, 87.916
3809, 25.85, 87.966
3810, 25.9, 87.999
3811, 25.95, 88.032
3812, 26, 88.082
3813, 26.01, 88.116
3814, 26.01, 88.149
3815, 26.01, 88.199
3816, 26, 88.232
3817, 25.98, 88.266
3818, 25.96, 88.299
3819, 25.91, 88.349
3820, 25.84, 88.382
3821, 25.77, 88.416
3822, 25.6, 88.449
3823, 25.39, 88.499
3824, 25.28, 88.532
3825, 25.22, 88.566
3826, 25.18, 88.616
3827, 25.29, 88.649
3828, 25.44, 88.682
3829, 25.66, 88.732
3830, 25.84, 88.766
3831, 26.04, 88.799
3832, 26.26, 88.832
3833, 26.58, 88.882
3834, 26.81, 88.916
3835, 27.03, 88.949
3836, 27.25, 88.982
3837, 27.48, 89.016
3838, 27.83, 89.066
3839, 28.09, 89.099
3840, 28.33, 89.132
3841, 28.58, 89.166
3842, 28.8, 89.199
3843, 29.04, 89.232
3844, 29.31, 89.266
3845, 29.58, 89.299
3846, 29.84, 89.332
3847, 30.09, 89.366
3848, 30.34, 89.399
3849, 30.59, 89.432
3850, 30.83, 89.466
3851, 31.06, 89.499
3852, 31.3, 89.532
3853, 31.55, 89.566
3854, 31.67, 89.582
3855, 31.92, 89.616
3856, 32.15, 89.649
3857, 32.36, 89.682
3858, 32.58, 89.716
3859, 32.81, 89.749
3860, 33.05, 89.782
3861, 33.17, 89.799
3862, 33.39, 89.832
3863, 33.54, 89.866
3864, 33.64, 89.899
3865, 33.76, 89.916
3866, 33.89, 89.949
3867, 34.08, 89.982
3868, 34.23, 90.016
3869, 34.32, 90.032
3870, 34.48, 90.066
3871, 34.64, 90.099
3872, 34.64, 90.099
3873, 34.64, 90.099
3874, 34.64, 90.099
3875, 34.64, 90.099
3876, 35.35, 90.249
3877, 35.43, 90.266
3878, 35.59, 90.299
3879, 35.68, 90.316
3880, 35.84, 90.349
3881, 36, 90.382
3882, 36.08, 90.399
3883, 36.25, 90.432
3884, 36.41, 90.466
3885, 36.48, 90.482
3886, 36.6, 90.516
3887, 36.68, 90.549
3888, 36.71, 90.566
3889, 36.76, 90.599
3890, 36.8, 90.632
3891, 36.83, 90.649
3892, 36.87, 90.682
3893, 36.89, 90.699
3894, 36.93, 90.732
3895, 36.98, 90.766
3896, 37, 90.782
3897, 37.04, 90.816
3898, 37.06, 90.832
3899, 37.09, 90.866
3900, 37.11, 90.899
3901, 37.11, 90.916
3902, 37.11, 90.949
3903, 37.08, 90.982
3904, 37.06, 90.999
3905, 37.01, 91.032
3906, 36.98, 91.049
3907, 36.92, 91.082
3908, 36.86, 91.116
3909, 36.84, 91.132
3910, 36.78, 91.166
3911, 36.7, 91.199
3912, 36.67, 91.216
3913, 36.52, 91.249
3914, 36.39, 91.282
3915, 36.35, 91.299
3916, 36.24, 91.332
3917, 36.12, 91.366
3918, 36.07, 91.382
3919, 35.96, 91.416
3920, 35.87, 91.449
3921, 35.83, 91.466
3922, 35.76, 91.499
3923, 35.69, 91.532
3924, 35.69, 91.549
3925, 35.73, 91.582
3926, 35.73, 91.616
3927, 35.77, 91.649
3928, 35.79, 91.666
3929, 35.85, 91.699
3930, 35.91, 91.732
3931, 35.94, 91.749
3932, 36.01, 91.782
3933, 36.09, 91.816
3934, 36.14, 91.832
3935, 36.23, 91.866
3936, 36.32, 91.899
3937, 36.37, 91.916
3938, 36.46, 91.949
3939, 36.55, 91.982
3940, 36.6, 91.999
3941, 36.7, 92.032
3942, 36.8, 92.066
3943, 36.85, 92.082
3944, 36.95, 92.116
3945, 37.07, 92.149
3946, 37.13, 92.166
3947, 37.25, 92.199
3948, 37.31, 92.216
3949, 37.44, 92.249
3950, 37.58, 92.282
3951, 37.65, 92.299
3952, 37.79, 92.332
3953, 37.86, 92.349
3954, 38.01, 92.382
3955, 38.16, 92.416
3956, 38.23, 92.432
3957, 38.38, 92.466
3958, 38.45, 92.482
3959, 38.6, 92.516
3960, 38.67, 92.532
3961, 38.83, 92.566
3962, 38.99, 92.599
3963, 39.07, 92.616
3964, 39.22, 92.649
3965, 39.3, 92.666
3966, 39.45, 92.699
3967, 39.52, 92.716
3968, 39.67, 92.749
3969, 39.74, 92.766
3970, 39.89, 92.799
3971, 39.96, 92.816
3972, 40.1, 92.849
3973, 40.17, 92.866
3974, 40.33, 92.899
3975, 40.4, 92.916
3976, 40.54, 92.949
3977, 40.61, 92.966
3978, 40.75, 92.999
3979, 40.82, 93.016
3980, 40.97, 93.049
3981, 41.04, 93.066
3982, 41.12, 93.082
3983, 41.25, 93.116
3984, 41.32, 93.132
3985, 41.47, 93.166
3986, 41.55, 93.182
3987, 41.72, 93.216
3988, 41.8, 93.232
3989, 41.97, 93.266
3990, 42.05, 93.282
3991, 42.13, 93.299
3992, 42.28, 93.332
3993, 42.36, 93.349
3994, 42.52, 93.382
3995, 42.6, 93.399
3996, 42.76, 93.432
3997, 42.83, 93.449
3998, 42.88, 93.466
3999, 42.93, 93.499
4000, 42.93, 93.516
4001, 42.87, 93.549
4002, 42.82, 93.566
4003, 42.76, 93.582
4004, 42.62, 93.616
4005, 42.5, 93.632
4006, 42.24, 93.666
4007, 42.13, 93.682
4008, 42, 93.699
4009, 41.72, 93.732
4010, 41.57, 93.749
4011, 41.26, 93.782
4012, 41.1, 93.799
4013, 40.78, 93.832
4014, 40.63, 93.849
4015, 40.31, 93.882
4016, 40.16, 93.899
4017, 39.85, 93.932
4018, 39.69, 93.949
4019, 39.37, 93.982
4020, 39.21, 93.999
4021, 38.9, 94.032
4022, 38.75, 94.049
4023, 38.44, 94.082
4024, 38.29, 94.099
4025, 37.98, 94.132
4026, 37.67, 94.166
4027, 37.52, 94.182
4028, 37.25, 94.216
4029, 37.12, 94.232
4030, 36.88, 94.266
4031, 36.65, 94.299
4032, 36.53, 94.316
4033, 36.29, 94.349
4034, 36.07, 94.382
4035, 35.96, 94.399
4036, 35.73, 94.432
4037, 35.51, 94.466
4038, 35.39, 94.482
4039, 35.17, 94.516
4040, 34.96, 94.549
4041, 34.86, 94.566
4042, 34.68, 94.599
4043, 34.54, 94.632
4044, 34.43, 94.666
4045, 34.38, 94.682
4046, 34.3, 94.716
4047, 34.22, 94.749
4048, 34.14, 94.782
4049, 34.09, 94.799
4050, 33.97, 94.832
4051, 33.87, 94.866
4052, 33.76, 94.899
4053, 33.64, 94.932
4054, 33.59, 94.949
4055, 33.48, 94.982
4056, 33.37, 95.016
4057, 33.26, 95.049
4058, 33.16, 95.082
4059, 33.12, 95.099
4060, 33.02, 95.132
4061, 32.93, 95.166
4062, 32.83, 95.199
4063, 32.73, 95.232
4064, 32.68, 95.249
4065, 32.55, 95.282
4066, 32.43, 95.316
4067, 32.3, 95.349
4068, 32.16, 95.382
4069, 32.01, 95.416
4070, 31.85, 95.449
4071, 31.69, 95.482
4072, 31.53, 95.516
4073, 31.45, 95.532
4074, 31.28, 95.566
4075, 31.11, 95.599
4076, 30.94, 95.632
4077, 30.78, 95.666
4078, 30.61, 95.699
4079, 30.43, 95.732
4080, 30.26, 95.766
4081, 30.09, 95.799
4082, 29.92, 95.832
4083, 29.66, 95.882
4084, 29.5, 95.916
4085, 29.35, 95.949
4086, 29.2, 95.982
4087, 28.96, 96.016
4088, 28.79, 96.049
4089, 28.64, 96.082
4090, 28.5, 96.116
4091, 28.31, 96.166
4092, 28.18, 96.199
4093, 28.05, 96.232
4094, 27.92, 96.266
4095, 27.8, 96.299
4096, 27.61, 96.349
4097, 27.49, 96.382
4098, 27.36, 96.416
4099, 27.24, 96.449
4100, 27.06, 96.499
4101, 26.94, 96.532
4102, 26.81, 96.566
4103, 26.63, 96.616
4104, 26.5, 96.649
4105, 26.38, 96.682
4106, 26.2, 96.732
4107, 26.11, 96.766
4108, 26.04, 96.799
4109, 25.95, 96.849
4110, 26.01, 96.882
4111, 26.07, 96.932
4112, 26.12, 96.966
4113, 26.16, 96.999
4114, 26.23, 97.049
4115, 26.29, 97.082
4116, 26.34, 97.116
4117, 26.44, 97.166
4118, 26.5, 97.199
4119, 26.58, 97.232
4120, 26.72, 97.282
4121, 26.85, 97.316
4122, 26.99, 97.349
4123, 27.2, 97.399
4124, 27.35, 97.432
4125, 27.53, 97.466
4126, 27.71, 97.499
4127, 27.89, 97.532
4128, 28.18, 97.582
4129, 28.38, 97.616
4130, 28.58, 97.649
4131, 28.76, 97.682
4132, 28.96, 97.716
4133, 29.17, 97.749
4134, 29.38, 97.782
4135, 29.59, 97.816
4136, 29.78, 97.849
4137, 30.07, 97.899
4138, 30.28, 97.932
4139, 30.5, 97.966
4140, 30.72, 97.999
4141, 30.93, 98.032
4142, 31.04, 98.049
4143, 31.26, 98.082
4144, 31.49, 98.116
4145, 31.72, 98.149
4146, 31.95, 98.182
4147, 32.18, 98.216
4148, 32.41, 98.249
4149, 32.65, 98.282
4150, 32.89, 98.316
4151, 33, 98.332
4152, 33.16, 98.366
4153, 33.28, 98.399
4154, 33.5, 98.432
4155, 33.59, 98.466
4156, 33.63, 98.482
4157, 33.62, 98.516
4158, 33.56, 98.549
4159, 33.47, 98.582
4160, 33.42, 98.599
4161, 33.25, 98.632
4162, 33.06, 98.666
4163, 32.89, 98.699
4164, 32.71, 98.732
4165, 32.52, 98.766
4166, 32.43, 98.782
4167, 32.24, 98.816
4168, 32.05, 98.849
4169, 31.86, 98.882
4170, 31.68, 98.916
4171, 31.51, 98.949
4172, 31.37, 98.982
4173, 31.32, 98.999
4174, 31.22, 99.032
4175, 31.16, 99.066
4176, 31.12, 99.099
4177, 31.09, 99.132
4178, 31.06, 99.166
4179, 31.1, 99.199
4180, 31.1, 99.232
4181, 31.1, 99.266
4182, 31.12, 99.299
4183, 31.16, 99.332
4184, 31.2, 99.366
4185, 31.22, 99.382
4186, 31.28, 99.416
4187, 31.35, 99.449
4188, 31.42, 99.482
4189, 31.49, 99.516
4190, 31.56, 99.549
4191, 31.64, 99.582
4192, 31.73, 99.616
4193, 31.77, 99.632
4194, 31.87, 99.666
4195, 31.96, 99.699
4196, 32.06, 99.732
4197, 32.15, 99.766
4198, 32.24, 99.799
4199, 32.33, 99.832
4200, 32.37, 99.849
4201, 32.46, 99.882
4202, 32.52, 99.916
4203, 32.58, 99.949
4204, 32.62, 99.982
4205, 32.66, 100.016
4206, 32.7, 100.049
4207, 32.73, 100.066
4208, 32.78, 100.099
4209, 32.83, 100.132
4210, 32.88, 100.166
4211, 32.93, 100.199
4212, 32.98, 100.232
4213, 33, 100.249
4214, 33.05, 100.282
4215, 33.08, 100.316
4216, 33.05, 100.349
4217, 32.99, 100.382
4218, 32.91, 100.416
4219, 32.82, 100.432
4220, 32.7, 100.466
4221, 32.63, 100.499
4222, 32.53, 100.532
4223, 32.43, 100.566
4224, 32.34, 100.599
4225, 32.24, 100.632
4226, 32.14, 100.666
4227, 32.09, 100.682
4228, 31.99, 100.716
4229, 31.88, 100.749
4230, 31.78, 100.782
4231, 31.68, 100.816
4232, 31.58, 100.849
4233, 31.48, 100.882
4234, 31.38, 100.916
4235, 31.28, 100.949
4236, 31.18, 100.982
4237, 31.07, 101.016
4238, 30.99, 101.049
4239, 30.92, 101.082
4240, 30.85, 101.116
4241, 30.84, 101.149
4242, 30.85, 101.166
4243, 30.84, 101.199
4244, 30.85, 101.232
4245, 30.87, 101.266
4246, 30.88, 101.299
4247, 30.91, 101.332
4248, 30.95, 101.366
4249, 30.99, 101.399
4250, 31.04, 101.432
4251, 31.09, 101.466
4252, 31.15, 101.499
4253, 31.21, 101.532
4254, 31.26, 101.566
4255, 31.33, 101.599
4256, 31.4, 101.632
4257, 31.46, 101.666
4258, 31.53, 101.699
4259, 31.59, 101.732
4260, 31.66, 101.766
4261, 31.74, 101.799
4262, 31.82, 101.832
4263, 31.86, 101.849
4264, 31.94, 101.882
4265, 32.04, 101.916
4266, 32.13, 101.949
4267, 32.22, 101.982
4268, 32.31, 102.016
4269, 32.41, 102.049
4270, 32.46, 102.066
4271, 32.57, 102.099
4272, 32.67, 102.132
4273, 32.78, 102.166
4274, 32.89, 102.199
4275, 32.99, 102.232
4276, 33.05, 102.249
4277, 33.15, 102.282
4278, 33.26, 102.316
4279, 33.38, 102.349
4280, 33.49, 102.382
4281, 33.54, 102.399
4282, 33.65, 102.432
4283, 33.77, 102.466
4284, 33.89, 102.499
4285, 33.94, 102.516
4286, 34.07, 102.549
4287, 34.2, 102.582
4288, 34.34, 102.616
4289, 34.41, 102.632
4290, 34.55, 102.666
4291, 34.69, 102.699
4292, 34.83, 102.732
4293, 34.91, 102.749
4294, 35.07, 102.782
4295, 35.23, 102.816
4296, 35.31, 102.832
4297, 35.48, 102.866
4298, 35.64, 102.899
4299, 35.72, 102.916
4300, 35.89, 102.949
4301, 36.06, 102.982
4302, 36.14, 102.999
4303, 36.3, 103.032
4304, 36.38, 103.049
4305, 36.54, 103.082
4306, 36.71, 103.116
4307, 36.79, 103.132
4308, 36.97, 103.166
4309, 37.06, 103.182
4310, 37.23, 103.216
4311, 37.4, 103.249
4312, 37.48, 103.266
4313, 37.64, 103.299
4314, 37.72, 103.316
4315, 37.9, 103.349
4316, 37.99, 103.366
4317, 38.18, 103.399
4318, 38.35, 103.432
4319, 38.44, 103.449
4320, 38.61, 103.482
4321, 38.7, 103.499
4322, 38.88, 103.532
4323, 38.98, 103.549
4324, 39.16, 103.582
4325, 39.25, 103.599
4326, 39.41, 103.632
4327, 39.48, 103.649
4328, 39.65, 103.682
4329, 39.74, 103.699
4330, 39.95, 103.732
4331, 40.05, 103.749
4332, 40.24, 103.782
4333, 40.34, 103.799
4334, 40.53, 103.832
4335, 40.62, 103.849
4336, 40.7, 103.866
4337, 40.86, 103.899
4338, 40.94, 103.916
4339, 41.12, 103.949
4340, 41.22, 103.966
4341, 41.42, 103.999
4342, 41.51, 104.016
4343, 41.69, 104.049
4344, 41.78, 104.066
4345, 41.86, 104.082
4346, 42.03, 104.116
4347, 42.12, 104.132
4348, 42.29, 104.166
4349, 42.38, 104.182
4350, 42.56, 104.216
4351, 42.65, 104.232
4352, 42.74, 104.249
4353, 42.92, 104.282
4354, 43, 104.299
4355, 43.18, 104.332
4356, 43.26, 104.349
4357, 43.35, 104.366
4358, 43.53, 104.399
4359, 43.61, 104.416
4360, 43.7, 104.432
4361, 43.87, 104.466
4362, 43.95, 104.482
4363, 44.12, 104.516
4364, 44.21, 104.532
4365, 44.24, 104.549
4366, 44.29, 104.582
4367, 44.41, 104.599
4368, 44.49, 104.616
4369, 44.62, 104.649
4370, 44.7, 104.666
4371, 44.77, 104.682
4372, 44.91, 104.716
4373, 44.97, 104.732
4374, 45.04, 104.749
4375, 45.17, 104.782
4376, 45.24, 104.799
4377, 45.32, 104.816
4378, 45.47, 104.849
4379, 45.54, 104.866
4380, 45.61, 104.882
4381, 45.74, 104.916
4382, 45.81, 104.932
4383, 45.88, 104.949
4384, 46.02, 104.982
4385, 46.1, 104.999
4386, 46.18, 105.016
4387, 46.25, 105.032
4388, 46.39, 105.066
4389, 46.46, 105.082
4390, 46.54, 105.099
4391, 46.68, 105.132
4392, 46.76, 105.149
4393, 46.83, 105.166
4394, 46.9, 105.182
4395, 47.04, 105.216
4396, 47.11, 105.232
4397, 47.19, 105.249
4398, 47.33, 105.282
4399, 47.4, 105.299
4400, 47.47, 105.316
4401, 47.54, 105.332
4402, 47.68, 105.366
4403, 47.75, 105.382
4404, 47.82, 105.399
4405, 47.89, 105.416
4406, 48.03, 105.449
4407, 48.1, 105.466
4408, 48.17, 105.482
4409, 48.23, 105.499
4410, 48.37, 105.532
4411, 48.44, 105.549
4412, 48.51, 105.566
4413, 48.58, 105.582
4414, 48.72, 105.616
4415, 48.79, 105.632
4416, 48.86, 105.649
4417, 48.93, 105.666
4418, 49.07, 105.699
4419, 49.13, 105.716
4420, 49.2, 105.732
4421, 49.26, 105.749
4422, 49.33, 105.766
4423, 49.46, 105.799
4424, 49.53, 105.816
4425, 49.6, 105.832
4426, 49.67, 105.849
4427, 49.73, 105.866
4428, 49.87, 105.899
4429, 49.93, 105.916
4430, 50, 105.932
4431, 50.07, 105.949
4432, 50.13, 105.966
4433, 50.26, 105.999
4434, 50.32, 106.016
4435, 50.39, 106.032
4436, 50.45, 106.049
4437, 50.52, 106.066
4438, 50.65, 106.099
4439, 50.72, 106.116
4440, 50.78, 106.132
4441, 50.84, 106.149
4442, 50.91, 106.166
4443, 51.04, 106.199
4444, 51.1, 106.216
4445, 51.17, 106.232
4446, 51.23, 106.249
4447, 51.3, 106.266
4448, 51.36, 106.282
4449, 51.49, 106.316
4450, 51.55, 106.332
4451, 51.61, 106.349
4452, 51.68, 106.366
4453, 51.74, 106.382
4454, 51.8, 106.399
4455, 51.93, 106.432
4456, 51.99, 106.449
4457, 52.06, 106.466
4458, 52.12, 106.482
4459, 52.18, 106.499
4460, 52.24, 106.516
4461, 52.31, 106.532
4462, 52.43, 106.566
4463, 52.49, 106.582
4464, 52.55, 106.599
4465, 52.61, 106.616
4466, 52.67, 106.632
4467, 52.74, 106.649
4468, 52.8, 106.666
4469, 52.92, 106.699
4470, 52.93, 106.716
4471, 52.89, 106.732
4472, 52.97, 106.749
4473, 53.05, 106.766
4474, 53.09, 106.782
4475, 53.13, 106.799
4476, 53.19, 106.816
4477, 53.3, 106.849
4478, 53.34, 106.866
4479, 53.39, 106.882
4480, 53.44, 106.899
4481, 53.49, 106.916
4482, 53.54, 106.932
4483, 53.6, 106.949
4484, 53.65, 106.966
4485, 53.74, 106.999
4486, 53.78, 107.016
4487, 53.83, 107.032
4488, 53.89, 107.049
4489, 53.94, 107.066
4490, 53.99, 107.082
4491, 54.04, 107.099
4492, 54.09, 107.116
4493, 54.14, 107.132
4494, 54.24, 107.166
4495, 54.28, 107.182
4496, 54.33, 107.199
4497, 54.38, 107.216
4498, 54.44, 107.232
4499, 54.48, 107.249
4500, 54.53, 107.266
4501, 54.58, 107.282
4502, 54.63, 107.299
4503, 54.74, 107.332
4504, 54.79, 107.349
4505, 54.84, 107.366
4506, 54.88, 107.382
4507, 54.93, 107.399
4508, 54.98, 107.416
4509, 55.03, 107.432
4510, 55.08, 107.449
4511, 55.13, 107.466
4512, 55.17, 107.482
4513, 55.22, 107.499
4514, 55.32, 107.532
4515, 55.37, 107.549
4516, 55.42, 107.566
4517, 55.46, 107.582
4518, 55.51, 107.599
4519, 55.56, 107.616
4520, 55.61, 107.632
4521, 55.66, 107.649
4522, 55.71, 107.666
4523, 55.76, 107.682
4524, 55.81, 107.699
4525, 55.86, 107.716
4526, 55.91, 107.732
4527, 56, 107.766
4528, 56.05, 107.782
4529, 56.09, 107.799
