0, 63.55, 80.84
1, 63.57, 80.857
2, 63.59, 80.873
3, 63.61, 80.89
4, 63.63, 80.907
5, 63.65, 80.923
6, 63.68, 80.94
7, 63.7, 80.957
8, 63.73, 80.973
9, 63.75, 80.99
10, 63.78, 81.007
11, 63.8, 81.023
12, 63.82, 81.04
13, 63.84, 81.057
14, 63.87, 81.073
15, 63.89, 81.09
16, 63.89, 81.09
17, 63.91, 81.107
18, 63.93, 81.123
19, 63.94, 81.14
20, 63.95, 81.157
21, 63.97, 81.173
22, 63.99, 81.19
23, 64.02, 81.207
24, 64.04, 81.223
25, 64.06, 81.24
26, 64.08, 81.257
27, 64.1, 81.273
28, 64.12, 81.29
29, 64.14, 81.307
30, 64.15, 81.323
31, 64.17, 81.34
32, 64.17, 81.34
33, 64.19, 81.357
34, 64.21, 81.373
35, 64.22, 81.39
36, 64.24, 81.407
37, 64.26, 81.423
38, 64.28, 81.44
39, 64.3, 81.457
40, 64.33, 81.473
41, 64.35, 81.49
42, 64.37, 81.507
43, 64.39, 81.523
44, 64.41, 81.54
45, 64.43, 81.557
46, 64.44, 81.573
47, 64.44, 81.573
48, 64.46, 81.59
49, 64.47, 81.607
50, 64.49, 81.623
51, 64.51, 81.64
52, 64.52, 81.657
53, 64.54, 81.673
54, 64.55, 81.69
55, 64.57, 81.707
56, 64.58, 81.723
57, 64.6, 81.74
58, 64.61, 81.757
59, 64.63, 81.773
60, 64.65, 81.79
61, 64.67, 81.807
62, 64.67, 81.807
63, 64.69, 81.823
64, 64.71, 81.84
65, 64.73, 81.857
66, 64.74, 81.873
67, 64.75, 81.89
68, 64.77, 81.907
69, 64.78, 81.923
70, 64.79, 81.94
71, 64.8, 81.957
72, 64.8, 81.973
73, 64.86, 81.99
74, 64.92, 82.007
75, 64.92, 82.007
76, 64.96, 82.023
77, 64.95, 82.04
78, 64.96, 82.057
79, 64.98, 82.073
80, 64.99, 82.09
81, 64.99, 82.107
82, 65.02, 82.123
83, 65.03, 82.14
84, 65.06, 82.157
85, 65.09, 82.173
86, 65.11, 82.19
87, 65.13, 82.207
88, 65.13, 82.207
89, 65.15, 82.223
90, 65.16, 82.24
91, 65.15, 82.257
92, 65.13, 82.273
93, 65.11, 82.29
94, 65.08, 82.307
95, 65.03, 82.323
96, 64.97, 82.34
97, 64.89, 82.357
98, 64.81, 82.373
99, 64.72, 82.39
100, 64.61, 82.407
101, 64.61, 82.407
102, 64.43, 82.423
103, 64.29, 82.44
104, 64.17, 82.457
105, 64.02, 82.473
106, 63.83, 82.49
107, 63.63, 82.507
108, 63.45, 82.523
109, 63.23, 82.54
110, 63, 82.557
111, 62.75, 82.573
112, 62.49, 82.59
113, 62.22, 82.607
114, 61.96, 82.623
115, 61.68, 82.64
116, 61.43, 82.657
117, 61.2, 82.673
118, 60.94, 82.69
119, 60.65, 82.707
120, 60.33, 82.723
121, 60.02, 82.74
122, 59.68, 82.757
123, 59.38, 82.773
124, 59.13, 82.79
125, 58.88, 82.807
126, 58.63, 82.823
127, 58.38, 82.84
128, 58.13, 2.034
129, 57.86, 2.051
130, 57.64, 2.067
131, 57.42, 2.084
132, 57.22, 2.101
133, 57.01, 2.117
134, 56.74, 2.134
135, 56.51, 2.151
136, 56.33, 2.167
137, 56.17, 2.184
138, 56.01, 2.201
139, 55.84, 2.217
140, 55.65, 2.234
141, 55.43, 2.251
142, 55.12, 2.284
143, 54.95, 2.301
144, 54.78, 2.317
145, 54.62, 2.334
146, 54.46, 2.351
147, 54.29, 2.367
148, 54.12, 2.384
149, 53.96, 2.401
150, 53.79, 2.417
151, 53.45, 2.451
152, 53.27, 2.467
153, 53.1, 2.484
154, 52.94, 2.501
155, 52.78, 2.517
156, 52.62, 2.534
157, 52.47, 2.551
158, 52.32, 2.567
159, 52.05, 2.601
160, 51.92, 2.617
161, 51.79, 2.634
162, 51.67, 2.651
163, 51.55, 2.667
164, 51.44, 2.684
165, 51.22, 2.717
166, 51.11, 2.734
167, 51, 2.751
168, 50.9, 2.767
169, 50.79, 2.784
170, 50.67, 2.801
171, 50.43, 2.834
172, 50.31, 2.851
173, 50.19, 2.867
174, 50.06, 2.884
175, 49.93, 2.901
176, 49.67, 2.934
177, 49.54, 2.951
178, 49.4, 2.967
179, 49.26, 2.984
180, 49.01, 3.017
181, 48.89, 3.034
182, 48.72, 3.051
183, 48.48, 3.067
184, 48.3, 3.084
185, 48.08, 3.117
186, 47.95, 3.134
187, 47.79, 3.151
188, 47.64, 3.167
189, 47.39, 3.201
190, 47.27, 3.217
191, 47.13, 3.234
192, 46.9, 3.267
193, 46.79, 3.284
194, 46.69, 3.301
195, 46.59, 3.317
196, 46.39, 3.351
197, 46.3, 3.367
198, 46.2, 3.384
199, 46.01, 3.417
200, 45.92, 3.434
201, 45.83, 3.451
202, 45.65, 3.484
203, 45.55, 3.501
204, 45.46, 3.517
205, 45.31, 3.551
206, 45.23, 3.567
207, 45.14, 3.584
208, 44.97, 3.617
209, 44.9, 3.634
210, 44.81, 3.651
211, 44.64, 3.684
212, 44.57, 3.701
213, 44.5, 3.717
214, 44.37, 3.751
215, 44.31, 3.767
216, 44.25, 3.784
217, 44.13, 3.817
218, 44.08, 3.834
219, 44.03, 3.851
220, 43.92, 3.884
221, 43.87, 3.901
222, 43.81, 3.917
223, 43.71, 3.951
224, 43.65, 3.967
225, 43.55, 4.001
226, 43.5, 4.017
227, 43.44, 4.034
228, 43.33, 4.067
229, 43.28, 4.084
230, 43.17, 4.117
231, 43.13, 4.134
232, 43.09, 4.151
233, 43.03, 4.184
234, 43, 4.201
235, 42.99, 4.234
236, 43.01, 4.251
237, 42.99, 4.267
238, 42.98, 4.301
239, 42.97, 4.317
240, 42.95, 4.351
241, 42.96, 4.367
242, 42.96, 4.384
243, 42.95, 4.417
244, 42.95, 4.434
245, 42.98, 4.467
246, 42.98, 4.484
247, 43, 4.517
248, 43.02, 4.534
249, 43.04, 4.551
250, 43.05, 4.584
251, 43.07, 4.601
252, 43.13, 4.634
253, 43.15, 4.651
254, 43.18, 4.667
255, 43.27, 4.701
256, 43.33, 4.717
257, 43.44, 4.751
258, 43.5, 4.767
259, 43.56, 4.784
260, 43.67, 4.817
261, 43.73, 4.834
262, 43.85, 4.867
263, 43.91, 4.884
264, 43.96, 4.901
265, 44.07, 4.934
266, 44.13, 4.951
267, 44.2, 4.967
268, 44.33, 5.001
269, 44.39, 5.017
270, 44.5, 5.051
271, 44.55, 5.067
272, 44.61, 5.084
273, 44.7, 5.117
274, 44.76, 5.134
275, 44.84, 5.151
276, 44.97, 5.184
277, 45.02, 5.201
278, 45.08, 5.217
279, 45.24, 5.251
280, 45.31, 5.267
281, 45.38, 5.284
282, 45.56, 5.317
283, 45.63, 5.334
284, 45.69, 5.351
285, 45.84, 5.384
286, 45.94, 5.401
287, 46.02, 5.417
288, 46.19, 5.451
289, 46.27, 5.467
290, 46.35, 5.484
291, 46.51, 5.517
292, 46.6, 5.534
293, 46.68, 5.551
294, 46.84, 5.584
295, 46.91, 5.601
296, 46.99, 5.617
297, 47.07, 5.634
298, 47.23, 5.667
299, 47.32, 5.684
300, 47.38, 5.701
301, 47.52, 5.734
302, 47.6, 5.751
303, 47.68, 5.767
304, 47.75, 5.784
305, 47.87, 5.817
306, 47.9, 5.834
307, 47.88, 5.851
308, 48.1, 5.884
309, 48.15, 5.901
310, 48.23, 5.917
311, 48.3, 5.934
312, 48.44, 5.967
313, 48.52, 5.984
314, 48.6, 6.001
315, 48.66, 6.017
316, 48.81, 6.051
317, 48.88, 6.067
318, 48.94, 6.084
319, 49.01, 6.101
320, 49.15, 6.134
321, 49.22, 6.151
322, 49.3, 6.167
323, 49.37, 6.184
324, 49.51, 6.217
325, 49.58, 6.234
326, 49.65, 6.251
327, 49.71, 6.267
328, 49.85, 6.301
329, 49.92, 6.317
330, 49.99, 6.334
331, 50.06, 6.351
332, 50.13, 6.367
333, 50.26, 6.401
334, 50.33, 6.417
335, 50.39, 6.434
336, 50.46, 6.451
337, 50.58, 6.484
338, 50.65, 6.501
339, 50.7, 6.517
340, 50.76, 6.534
341, 50.81, 6.551
342, 50.87, 6.567
343, 50.97, 6.601
344, 51.02, 6.617
345, 51.08, 6.634
346, 51.13, 6.651
347, 51.19, 6.667
348, 51.3, 6.701
349, 51.35, 6.717
350, 51.39, 6.734
351, 51.43, 6.751
352, 51.48, 6.767
353, 51.53, 6.784
354, 51.63, 6.817
355, 51.68, 6.834
356, 51.73, 6.851
357, 51.77, 6.867
358, 51.81, 6.884
359, 51.84, 6.901
360, 51.93, 6.934
361, 51.98, 6.951
362, 52.02, 6.967
363, 52.07, 6.984
364, 52.11, 7.001
365, 52.15, 7.017
366, 52.19, 7.034
367, 52.27, 7.067
368, 52.31, 7.084
369, 52.35, 7.101
370, 52.4, 7.117
371, 52.44, 7.134
372, 52.49, 7.151
373, 52.53, 7.167
374, 52.6, 7.201
375, 52.64, 7.217
376, 52.69, 7.234
377, 52.73, 7.251
378, 52.77, 7.267
379, 52.8, 7.284
380, 52.84, 7.301
381, 52.87, 7.317
382, 52.94, 7.351
383, 52.98, 7.367
384, 53.01, 7.384
385, 53.06, 7.401
386, 53.1, 7.417
387, 53.15, 7.434
388, 53.19, 7.451
389, 53.23, 7.467
390, 53.31, 7.501
391, 53.35, 7.517
392, 53.39, 7.534
393, 53.42, 7.551
394, 53.45, 7.567
395, 53.48, 7.584
396, 53.51, 7.601
397, 53.54, 7.617
398, 53.6, 7.651
399, 53.63, 7.667
400, 53.66, 7.684
401, 53.69, 7.701
402, 53.72, 7.717
403, 53.75, 7.734
404, 53.79, 7.751
405, 53.82, 7.767
406, 53.85, 7.784
407, 53.92, 7.817
408, 53.94, 7.834
409, 53.97, 7.851
410, 54, 7.867
411, 54.03, 7.884
412, 54.07, 7.901
413, 54.1, 7.917
414, 54.13, 7.934
415, 54.16, 7.951
416, 54.21, 7.984
417, 54.24, 8.001
418, 54.26, 8.017
419, 54.29, 8.034
420, 54.32, 8.051
421, 54.34, 8.067
422, 54.37, 8.084
423, 54.4, 8.101
424, 54.43, 8.117
425, 54.46, 8.134
426, 54.52, 8.167
427, 54.56, 8.184
428, 54.59, 8.201
429, 54.61, 8.217
430, 54.64, 8.234
431, 54.67, 8.251
432, 54.69, 8.267
433, 54.72, 8.284
434, 54.75, 8.301
435, 54.78, 8.317
436, 54.85, 8.351
437, 54.88, 8.367
438, 54.9, 8.384
439, 54.93, 8.401
440, 54.95, 8.417
441, 54.98, 8.434
442, 55.01, 8.451
443, 55.04, 8.467
444, 55.07, 8.484
445, 55.1, 8.501
446, 55.16, 8.534
447, 55.18, 8.551
448, 55.21, 8.567
449, 55.24, 8.584
450, 55.26, 8.601
451, 55.29, 8.617
452, 55.32, 8.634
453, 55.34, 8.651
454, 55.37, 8.667
455, 55.4, 8.684
456, 55.43, 8.701
457, 55.48, 8.734
458, 55.51, 8.751
459, 55.53, 8.767
460, 55.56, 8.784
461, 55.59, 8.801
462, 55.62, 8.817
463, 55.64, 8.834
464, 55.67, 8.851
465, 55.7, 8.867
466, 55.72, 8.884
467, 55.75, 8.901
468, 55.78, 8.917
469, 55.83, 8.951
470, 55.85, 8.967
471, 55.88, 8.984
472, 55.91, 9.001
473, 55.93, 9.017
474, 55.94, 9.034
475, 55.95, 9.051
476, 55.95, 9.067
477, 55.93, 9.084
478, 55.91, 9.101
479, 55.86, 9.117
480, 55.8, 9.134
481, 55.63, 9.167
482, 55.54, 9.184
483, 55.43, 9.201
484, 55.25, 9.217
485, 55.1, 9.234
486, 55, 9.251
487, 54.86, 9.267
488, 54.69, 9.284
489, 54.49, 9.301
490, 54.3, 9.317
491, 54.11, 9.334
492, 53.65, 9.367
493, 53.39, 9.384
494, 53.12, 9.401
495, 52.84, 9.417
496, 52.55, 9.434
497, 52.25, 9.451
498, 51.95, 9.467
499, 51.35, 9.501
500, 51.04, 9.517
501, 50.72, 9.534
502, 50.41, 9.551
503, 50.1, 9.567
504, 49.49, 9.601
505, 49.18, 9.617
506, 48.87, 9.634
507, 48.55, 9.651
508, 48.25, 9.667
509, 47.65, 9.701
510, 47.36, 9.717
511, 47.03, 9.734
512, 46.38, 9.767
513, 46.07, 9.784
514, 45.77, 9.801
515, 45.14, 9.834
516, 44.8, 9.851
517, 44.49, 9.867
518, 43.88, 9.901
519, 43.57, 9.917
520, 43.27, 9.934
521, 42.69, 9.967
522, 42.39, 9.984
523, 41.8, 10.017
524, 41.5, 10.034
525, 41.2, 10.051
526, 40.59, 10.084
527, 40.28, 10.101
528, 39.72, 10.134
529, 39.45, 10.151
530, 38.83, 10.184
531, 38.24, 10.217
532, 37.97, 10.234
533, 37.4, 10.267
534, 37.12, 10.284
535, 36.6, 10.317
536, 36.1, 10.351
537, 35.85, 10.367
538, 35.33, 10.401
539, 34.81, 10.434
540, 34.32, 10.467
541, 34.08, 10.484
542, 33.59, 10.517
543, 33.14, 10.551
544, 32.7, 10.584
545, 32.3, 10.617
546, 32.1, 10.634
547, 31.71, 10.667
548, 31.36, 10.701
549, 31.03, 10.734
550, 30.71, 10.767
551, 30.43, 10.801
552, 30.17, 10.834
553, 29.93, 10.867
554, 29.7, 10.901
555, 29.5, 10.934
556, 29.31, 10.967
557, 28.87, 11.017
558, 28.6, 11.051
559, 28.39, 11.084
560, 28.19, 11.117
561, 28.01, 11.151
562, 27.85, 11.184
563, 27.61, 11.234
564, 27.46, 11.267
565, 27.31, 11.301
566, 27.17, 11.334
567, 26.98, 11.384
568, 26.85, 11.417
569, 26.73, 11.451
570, 26.61, 11.484
571, 26.44, 11.534
572, 26.33, 11.567
573, 26.22, 11.601
574, 26.05, 11.651
575, 25.94, 11.684
576, 25.83, 11.717
577, 25.67, 11.767
578, 25.56, 11.801
579, 25.45, 11.834
580, 25.28, 11.884
581, 25.17, 11.917
582, 25.07, 11.951
583, 24.9, 12.001
584, 24.8, 12.034
585, 24.68, 12.084
586, 24.62, 12.117
587, 24.57, 12.151
588, 24.67, 12.201
589, 24.68, 12.234
590, 24.7, 12.284
591, 24.72, 12.317
592, 24.76, 12.367
593, 24.75, 12.401
594, 24.68, 12.451
595, 24.62, 12.484
596, 24.49, 12.517
597, 24.26, 12.567
598, 24.2, 12.601
599, 24.06, 12.651
600, 23.96, 12.684
601, 23.87, 12.734
602, 23.82, 12.767
603, 23.67, 12.817
604, 23.54, 12.851
605, 23.4, 12.901
606, 23.29, 12.934
607, 23.2, 12.967
608, 23.08, 13.017
609, 22.98, 13.051
610, 22.87, 13.101
611, 22.79, 13.151
612, 22.73, 13.184
613, 22.75, 13.234
614, 22.8, 13.267
615, 22.86, 13.317
616, 22.94, 13.367
617, 22.99, 13.401
618, 23.02, 13.451
619, 23.1, 13.484
620, 23.29, 13.534
621, 23.42, 13.567
622, 23.62, 13.617
623, 23.75, 13.651
624, 23.94, 13.701
625, 24.09, 13.734
626, 24.22, 13.767
627, 24.41, 13.817
628, 24.54, 13.851
629, 24.66, 13.884
630, 24.85, 13.934
631, 24.96, 13.967
632, 25.09, 14.001
633, 25.28, 14.051
634, 25.43, 14.084
635, 25.54, 14.117
636, 25.7, 14.151
637, 25.92, 14.201
638, 26.09, 14.234
639, 26.25, 14.267
640, 26.41, 14.301
641, 26.71, 14.351
642, 26.89, 14.384
643, 27.08, 14.417
644, 27.26, 14.451
645, 27.46, 14.484
646, 27.73, 14.534
647, 27.93, 14.567
648, 28.13, 14.601
649, 28.32, 14.634
650, 28.53, 14.667
651, 28.73, 14.701
652, 28.95, 14.734
653, 29.2, 14.767
654, 29.45, 14.801
655, 29.72, 14.834
656, 29.74, 14.867
657, 30.05, 14.901
658, 30.28, 14.934
659, 30.5, 14.967
660, 30.71, 15.001
661, 30.95, 15.034
662, 31.2, 15.067
663, 31.41, 15.101
664, 31.64, 15.134
665, 31.89, 15.167
666, 32.13, 15.201
667, 32.38, 15.234
668, 32.5, 15.251
669, 32.73, 15.284
670, 32.97, 15.317
671, 33.22, 15.351
672, 33.46, 15.384
673, 33.7, 15.417
674, 33.81, 15.434
675, 34.05, 15.467
676, 34.29, 15.501
677, 34.53, 15.534
678, 34.64, 15.551
679, 34.88, 15.584
680, 35.11, 15.617
681, 35.34, 15.651
682, 35.45, 15.667
683, 35.66, 15.701
684, 35.89, 15.734
685, 36, 15.751
686, 36.24, 15.784
687, 36.46, 15.817
688, 36.58, 15.834
689, 36.8, 15.867
690, 37.02, 15.901
691, 37.13, 15.917
692, 37.34, 15.951
693, 37.45, 15.967
694, 37.67, 16.001
695, 37.89, 16.034
696, 37.99, 16.051
697, 38.2, 16.084
698, 38.31, 16.101
699, 38.53, 16.134
700, 38.73, 16.167
701, 38.83, 16.184
702, 39.02, 16.217
703, 39.13, 16.234
704, 39.35, 16.267
705, 39.46, 16.284
706, 39.47, 16.317
707, 39.62, 16.334
708, 39.93, 16.367
709, 39.97, 16.384
710, 40.17, 16.417
711, 40.28, 16.434
712, 40.46, 16.467
713, 40.55, 16.484
714, 40.76, 16.517
715, 40.85, 16.534
716, 41.04, 16.567
717, 41.14, 16.584
718, 41.33, 16.617
719, 41.42, 16.634
720, 41.61, 16.667
721, 41.7, 16.684
722, 41.89, 16.717
723, 41.99, 16.734
724, 42.08, 16.751
725, 42.26, 16.784
726, 42.35, 16.801
727, 42.54, 16.834
728, 42.64, 16.851
729, 42.82, 16.884
730, 42.91, 16.901
731, 43, 16.917
732, 43.19, 16.951
733, 43.28, 16.967
734, 43.46, 17.001
735, 43.55, 17.017
736, 43.64, 17.034
737, 43.82, 17.067
738, 43.91, 17.084
739, 44, 17.101
740, 44.18, 17.134
741, 44.27, 17.151
742, 44.44, 17.184
743, 44.53, 17.201
744, 44.61, 17.217
745, 44.79, 17.251
746, 44.87, 17.267
747, 44.96, 17.284
748, 45.13, 17.317
749, 45.22, 17.334
750, 45.31, 17.351
751, 45.47, 17.384
752, 45.55, 17.401
753, 45.64, 17.417
754, 45.8, 17.451
755, 45.88, 17.467
756, 45.96, 17.484
757, 46.12, 17.517
758, 46.21, 17.534
759, 46.28, 17.551
760, 46.44, 17.584
761, 46.53, 17.601
762, 46.59, 17.617
763, 46.63, 17.634
764, 46.77, 17.667
765, 46.9, 17.684
766, 47.03, 17.701
767, 47.13, 17.734
768, 47.18, 17.751
769, 47.23, 17.767
770, 47.28, 17.784
771, 47.28, 17.817
772, 47.26, 17.834
773, 47.23, 17.851
774, 47.21, 17.867
775, 47.02, 17.901
776, 46.95, 17.917
777, 46.94, 17.934
778, 46.85, 17.967
779, 46.75, 17.984
780, 46.66, 18.001
781, 46.6, 18.017
782, 46.47, 18.051
783, 46.38, 18.067
784, 46.28, 18.084
785, 46.1, 18.117
786, 45.99, 18.134
787, 45.87, 18.151
788, 45.74, 18.167
789, 45.47, 18.201
790, 45.34, 18.217
791, 45.18, 18.234
792, 44.86, 18.267
793, 44.7, 18.284
794, 44.53, 18.301
795, 44.17, 18.334
796, 43.99, 18.351
797, 43.8, 18.367
798, 43.41, 18.401
799, 43.21, 18.417
800, 42.82, 18.451
801, 42.62, 18.467
802, 42.41, 18.484
803, 42.01, 18.517
804, 41.82, 18.534
805, 41.44, 18.567
806, 41.25, 18.584
807, 40.93, 18.617
808, 40.79, 18.634
809, 40.54, 18.667
810, 40.43, 18.684
811, 40.25, 18.717
812, 40.16, 18.734
813, 40.02, 18.767
814, 39.96, 18.784
815, 39.87, 18.817
816, 39.81, 18.834
817, 39.51, 18.867
818, 39.43, 18.884
819, 39.34, 18.917
820, 39.26, 18.934
821, 39.08, 18.967
822, 39, 18.984
823, 38.86, 19.017
824, 38.78, 19.034
825, 38.62, 19.067
826, 38.55, 19.084
827, 38.41, 19.117
828, 38.27, 19.151
829, 38.2, 19.167
830, 38.07, 19.201
831, 38, 19.217
832, 37.88, 19.251
833, 37.82, 19.267
834, 37.7, 19.301
835, 37.58, 19.334
836, 37.53, 19.351
837, 37.44, 19.384
838, 37.41, 19.401
839, 37.35, 19.434
840, 37.3, 19.467
841, 37.29, 19.484
842, 37.35, 19.517
843, 37.35, 19.534
844, 37.35, 19.567
845, 37.37, 19.601
846, 37.38, 19.617
847, 37.38, 19.651
848, 37.39, 19.667
849, 37.4, 19.701
850, 37.41, 19.717
851, 37.44, 19.751
852, 37.47, 19.767
853, 37.49, 19.801
854, 37.47, 19.834
855, 37.48, 19.851
856, 37.51, 19.884
857, 37.58, 19.901
858, 37.64, 19.934
859, 37.62, 19.951
860, 37.6, 19.984
861, 37.62, 20.001
862, 37.77, 20.034
863, 37.86, 20.067
864, 37.86, 20.084
865, 37.88, 20.117
866, 37.88, 20.134
867, 37.85, 20.167
868, 37.84, 20.184
869, 37.86, 20.217
870, 37.96, 20.251
871, 38.02, 20.267
872, 38.06, 20.301
873, 38.04, 20.317
874, 38.06, 20.351
875, 38.09, 20.367
876, 38.12, 20.401
877, 38.14, 20.434
878, 38.15, 20.451
879, 38.16, 20.484
880, 38.16, 20.501
881, 38.17, 20.534
882, 38.18, 20.551
883, 38.22, 20.584
884, 38.28, 20.617
885, 38.33, 20.634
886, 38.42, 20.667
887, 38.46, 20.684
888, 38.5, 20.717
889, 38.55, 20.734
890, 38.67, 20.767
891, 38.73, 20.784
892, 38.82, 20.817
893, 38.94, 20.851
894, 39, 20.867
895, 39.13, 20.901
896, 39.2, 20.917
897, 39.33, 20.951
898, 39.38, 20.967
899, 39.43, 21.001
900, 39.4, 21.017
901, 39.64, 21.051
902, 39.72, 21.067
903, 39.86, 21.101
904, 39.95, 21.117
905, 40.06, 21.151
906, 40.13, 21.167
907, 40.29, 21.201
908, 40.37, 21.217
909, 40.52, 21.251
910, 40.59, 21.267
911, 40.72, 21.301
912, 40.79, 21.317
913, 40.95, 21.351
914, 41.01, 21.367
915, 41.16, 21.401
916, 41.23, 21.417
917, 41.37, 21.451
918, 41.44, 21.467
919, 41.59, 21.501
920, 41.66, 21.517
921, 41.74, 21.534
922, 41.87, 21.567
923, 41.95, 21.584
924, 42.09, 21.617
925, 42.17, 21.634
926, 42.31, 21.667
927, 42.38, 21.684
928, 42.45, 21.701
929, 42.59, 21.734
930, 42.66, 21.751
931, 42.81, 21.784
932, 42.87, 21.801
933, 42.95, 21.817
934, 43.08, 21.851
935, 43.16, 21.867
936, 43.29, 21.901
937, 43.37, 21.917
938, 43.43, 21.934
939, 43.57, 21.967
940, 43.63, 21.984
941, 43.78, 22.017
942, 43.85, 22.034
943, 43.93, 22.051
944, 44.07, 22.084
945, 44.14, 22.101
946, 44.21, 22.117
947, 44.35, 22.151
948, 44.42, 22.167
949, 44.49, 22.184
950, 44.63, 22.217
951, 44.7, 22.234
952, 44.77, 22.251
953, 44.9, 22.284
954, 44.96, 22.301
955, 45.04, 22.317
956, 45.21, 22.351
957, 45.28, 22.367
958, 45.33, 22.384
959, 45.46, 22.417
960, 45.53, 22.434
961, 45.59, 22.451
962, 45.72, 22.484
963, 45.79, 22.501
964, 45.87, 22.517
965, 46, 22.551
966, 46.07, 22.567
967, 46.15, 22.584
968, 46.28, 22.617
969, 46.35, 22.634
970, 46.41, 22.651
971, 46.48, 22.667
972, 46.61, 22.701
973, 46.68, 22.717
974, 46.75, 22.734
975, 46.88, 22.767
976, 46.94, 22.784
977, 47.01, 22.801
978, 47.07, 22.817
979, 47.2, 22.851
980, 47.26, 22.867
981, 47.33, 22.884
982, 47.46, 22.917
983, 47.52, 22.934
984, 47.58, 22.951
985, 47.65, 22.967
986, 47.76, 23.001
987, 47.82, 23.017
988, 47.88, 23.034
989, 47.95, 23.051
990, 48.06, 23.084
991, 48.12, 23.101
992, 48.18, 23.117
993, 48.24, 23.134
994, 48.35, 23.167
995, 48.41, 23.184
996, 48.47, 23.201
997, 48.53, 23.217
998, 48.66, 23.251
999, 48.72, 23.267
1000, 48.78, 23.284
1001, 48.83, 23.301
1002, 48.89, 23.317
1003, 49, 23.351
1004, 49.06, 23.367
1005, 49.11, 23.384
1006, 49.17, 23.401
1007, 49.28, 23.434
1008, 49.33, 23.451
1009, 49.39, 23.467
1010, 49.45, 23.484
1011, 49.5, 23.501
1012, 49.61, 23.534
1013, 49.66, 23.551
1014, 49.72, 23.567
1015, 49.7, 23.584
1016, 49.66, 23.601
1017, 49.89, 23.634
1018, 49.9, 23.651
1019, 49.93, 23.667
1020, 50, 23.684
1021, 50.06, 23.701
1022, 50.14, 23.734
1023, 50.2, 23.751
1024, 50.25, 23.767
1025, 50.3, 23.784
1026, 50.34, 23.801
1027, 50.44, 23.834
1028, 50.49, 23.851
1029, 50.54, 23.867
1030, 50.59, 23.884
1031, 50.64, 23.901
1032, 50.73, 23.934
1033, 50.78, 23.951
1034, 50.82, 23.967
1035, 50.87, 23.984
1036, 50.92, 24.001
1037, 50.96, 24.017
1038, 51.05, 24.051
1039, 51.1, 24.067
1040, 51.15, 24.084
1041, 51.19, 24.101
1042, 51.24, 24.117
1043, 51.29, 24.134
1044, 51.39, 24.167
1045, 51.43, 24.184
1046, 51.48, 24.201
1047, 51.53, 24.217
1048, 51.57, 24.234
1049, 51.62, 24.251
1050, 51.71, 24.284
1051, 51.75, 24.301
1052, 51.8, 24.317
1053, 51.85, 24.334
1054, 51.89, 24.351
1055, 51.94, 24.367
1056, 52.03, 24.401
1057, 52.08, 24.417
1058, 52.12, 24.434
1059, 52.17, 24.451
1060, 52.22, 24.467
1061, 52.26, 24.484
1062, 52.31, 24.501
1063, 52.39, 24.534
1064, 52.44, 24.551
1065, 52.48, 24.567
1066, 52.53, 24.584
1067, 52.57, 24.601
1068, 52.62, 24.617
1069, 52.66, 24.634
1070, 52.75, 24.667
1071, 52.79, 24.684
1072, 52.84, 24.701
1073, 52.88, 24.717
1074, 52.93, 24.734
1075, 52.97, 24.751
1076, 53.01, 24.767
1077, 53.1, 24.801
1078, 53.14, 24.817
1079, 53.18, 24.834
1080, 53.23, 24.851
1081, 53.27, 24.867
1082, 53.32, 24.884
1083, 53.36, 24.901
1084, 53.41, 24.917
1085, 53.49, 24.951
1086, 53.54, 24.967
1087, 53.58, 24.984
1088, 53.62, 25.001
1089, 53.66, 25.017
1090, 53.7, 25.034
1091, 53.74, 25.051
1092, 53.79, 25.067
1093, 53.87, 25.101
1094, 53.91, 25.117
1095, 53.96, 25.134
1096, 54, 25.151
1097, 54.04, 25.167
1098, 54.08, 25.184
1099, 54.13, 25.201
1100, 54.17, 25.217
1101, 54.21, 25.234
1102, 54.25, 25.251
1103, 54.33, 25.284
1104, 54.37, 25.301
1105, 54.42, 25.317
1106, 54.46, 25.334
1107, 54.5, 25.351
1108, 54.55, 25.367
1109, 54.59, 25.384
1110, 54.63, 25.401
1111, 54.67, 25.417
1112, 54.73, 25.451
1113, 54.75, 25.467
1114, 54.75, 25.484
1115, 54.74, 25.501
1116, 54.7, 25.517
1117, 54.64, 25.534
1118, 54.59, 25.551
1119, 54.52, 25.567
1120, 54.4, 25.584
1121, 54.26, 25.601
1122, 54.11, 25.634
1123, 54.01, 25.651
1124, 53.88, 25.667
1125, 53.73, 25.684
1126, 53.59, 25.701
1127, 53.45, 25.717
1128, 53.28, 25.734
1129, 53.08, 25.751
1130, 52.88, 25.767
1131, 52.44, 25.801
1132, 52.19, 25.817
1133, 51.92, 25.834
1134, 51.64, 25.851
1135, 51.39, 25.867
1136, 51.12, 25.884
1137, 50.48, 25.917
1138, 50.16, 25.934
1139, 49.85, 25.951
1140, 49.56, 25.967
1141, 49.25, 25.984
1142, 48.63, 26.017
1143, 48.33, 26.034
1144, 48.04, 26.051
1145, 47.75, 26.067
1146, 47.03, 26.101
1147, 46.74, 26.117
1148, 46.48, 26.134
1149, 46.22, 26.151
1150, 45.72, 26.184
1151, 45.45, 26.201
1152, 45.18, 26.217
1153, 44.73, 26.251
1154, 44.5, 26.267
1155, 44.27, 26.284
1156, 43.85, 26.317
1157, 43.64, 26.334
1158, 43.44, 26.351
1159, 43.02, 26.384
1160, 42.82, 26.401
1161, 42.43, 26.434
1162, 42.24, 26.451
1163, 42.05, 26.467
1164, 41.68, 26.501
1165, 41.51, 26.517
1166, 41.15, 26.551
1167, 40.97, 26.567
1168, 40.62, 26.601
1169, 40.46, 26.617
1170, 40.15, 26.651
1171, 40.02, 26.667
1172, 39.72, 26.701
1173, 39.49, 26.717
1174, 39.11, 26.751
1175, 39, 26.767
1176, 38.74, 26.801
1177, 38.6, 26.817
1178, 38.36, 26.851
1179, 38.26, 26.867
1180, 38.07, 26.901
1181, 37.89, 26.934
1182, 37.81, 26.951
1183, 37.67, 26.984
1184, 37.59, 27.001
1185, 37.46, 27.034
1186, 37.34, 27.067
1187, 37.28, 27.084
1188, 37.16, 27.117
1189, 37.1, 27.134
1190, 36.99, 27.167
1191, 36.88, 27.201
1192, 36.83, 27.217
1193, 36.76, 27.251
1194, 36.69, 27.284
1195, 36.66, 27.301
1196, 36.66, 27.334
1197, 36.66, 27.367
1198, 36.62, 27.384
1199, 36.55, 27.417
1200, 36.51, 27.434
1201, 36.29, 27.467
1202, 36.17, 27.501
1203, 36.13, 27.517
1204, 36.01, 27.551
1205, 35.91, 27.584
1206, 35.87, 27.601
1207, 35.8, 27.634
1208, 35.75, 27.667
1209, 35.77, 27.684
1210, 35.79, 27.717
1211, 35.83, 27.751
1212, 35.86, 27.767
1213, 35.94, 27.801
1214, 36.03, 27.834
1215, 36.1, 27.867
1216, 36.13, 27.884
1217, 36.2, 27.917
1218, 36.23, 27.951
1219, 36.2, 27.967
1220, 36.13, 28.001
1221, 35.99, 28.034
1222, 35.87, 28.051
1223, 35.76, 28.084
1224, 35.69, 28.117
1225, 35.62, 28.134
1226, 35.48, 28.167
1227, 35.38, 28.201
1228, 35.32, 28.217
1229, 35.2, 28.251
1230, 35.08, 28.284
1231, 34.97, 28.317
1232, 34.91, 28.334
1233, 34.79, 28.367
1234, 34.67, 28.401
1235, 34.61, 28.417
1236, 34.5, 28.451
1237, 34.41, 28.484
1238, 34.34, 28.517
1239, 34.31, 28.534
1240, 34.41, 28.567
1241, 34.43, 28.601
1242, 34.44, 28.617
1243, 34.49, 28.651
1244, 34.52, 28.684
1245, 34.56, 28.717
1246, 34.59, 28.734
1247, 34.63, 28.767
1248, 34.67, 28.801
1249, 34.68, 28.817
1250, 34.72, 28.851
1251, 34.73, 28.884
1252, 34.77, 28.917
1253, 34.79, 28.934
1254, 34.83, 28.967
1255, 34.84, 29.001
1256, 34.83, 29.017
1257, 34.83, 29.051
1258, 34.86, 29.084
1259, 34.89, 29.117
1260, 34.91, 29.134
1261, 35.01, 29.167
1262, 35.18, 29.201
1263, 35.24, 29.234
1264, 35.23, 29.251
1265, 35.22, 29.284
1266, 35.26, 29.317
1267, 35.3, 29.334
1268, 35.36, 29.367
1269, 35.43, 29.401
1270, 35.47, 29.417
1271, 35.51, 29.451
1272, 35.56, 29.484
1273, 35.59, 29.501
1274, 35.65, 29.534
1275, 35.75, 29.567
1276, 35.8, 29.584
1277, 35.89, 29.617
1278, 35.98, 29.651
1279, 36.06, 29.684
1280, 36.11, 29.701
1281, 36.25, 29.734
1282, 36.37, 29.767
1283, 36.42, 29.784
1284, 36.54, 29.817
1285, 36.72, 29.851
1286, 36.79, 29.867
1287, 36.92, 29.901
1288, 37.06, 29.934
1289, 37.12, 29.951
1290, 37.26, 29.984
1291, 37.43, 30.017
1292, 37.51, 30.034
1293, 37.64, 30.067
1294, 37.71, 30.084
1295, 37.87, 30.117
1296, 37.94, 30.151
1297, 37.89, 30.167
1298, 38.14, 30.201
1299, 38.24, 30.234
1300, 38.31, 30.251
1301, 38.44, 30.284
1302, 38.49, 30.301
1303, 38.63, 30.334
1304, 38.77, 30.367
1305, 38.83, 30.384
1306, 38.95, 30.417
1307, 39, 30.434
1308, 39.13, 30.467
1309, 39.2, 30.484
1310, 39.31, 30.517
1311, 39.43, 30.551
1312, 39.49, 30.567
1313, 39.6, 30.601
1314, 39.66, 30.617
1315, 39.78, 30.651
1316, 39.84, 30.667
1317, 39.94, 30.701
1318, 39.98, 30.717
1319, 40.1, 30.751
1320, 40.17, 30.767
1321, 40.29, 30.801
1322, 40.34, 30.817
1323, 40.45, 30.851
1324, 40.49, 30.867
1325, 40.6, 30.901
1326, 40.66, 30.917
1327, 40.79, 30.951
1328, 40.87, 30.967
1329, 40.98, 31.001
1330, 40.99, 31.017
1331, 40.93, 31.051
1332, 40.91, 31.067
1333, 41.01, 31.101
1334, 41.11, 31.117
1335, 41.46, 31.151
1336, 41.62, 31.167
1337, 41.73, 31.201
1338, 41.75, 31.217
1339, 41.89, 31.251
1340, 41.98, 31.267
1341, 42.14, 31.301
1342, 42.21, 31.317
1343, 42.28, 31.334
1344, 42.41, 31.367
1345, 42.47, 31.384
1346, 42.61, 31.417
1347, 42.7, 31.434
1348, 42.84, 31.467
1349, 42.9, 31.484
1350, 42.97, 31.501
1351, 43.11, 31.534
1352, 43.16, 31.551
1353, 43.25, 31.584
1354, 43.33, 31.601
1355, 43.43, 31.617
1356, 43.55, 31.651
1357, 43.61, 31.667
1358, 43.68, 31.684
1359, 43.7, 31.717
1360, 43.8, 31.734
1361, 44.16, 31.767
1362, 44.21, 31.784
1363, 44.23, 31.801
1364, 44.31, 31.834
1365, 44.39, 31.851
1366, 44.46, 31.867
1367, 44.58, 31.901
1368, 44.66, 31.917
1369, 44.76, 31.934
1370, 44.95, 31.967
1371, 45.01, 31.984
1372, 45.06, 32.001
1373, 45.19, 32.034
1374, 45.25, 32.051
1375, 45.31, 32.067
1376, 45.45, 32.101
1377, 45.53, 32.117
1378, 45.61, 32.134
1379, 45.75, 32.167
1380, 45.83, 32.184
1381, 45.9, 32.201
1382, 46.05, 32.234
1383, 46.13, 32.251
1384, 46.2, 32.267
1385, 46.34, 32.301
1386, 46.42, 32.317
1387, 46.49, 32.334
1388, 46.57, 32.351
1389, 46.71, 32.384
1390, 46.78, 32.401
1391, 46.84, 32.417
1392, 46.98, 32.451
1393, 47.06, 32.467
1394, 47.13, 32.484
1395, 47.21, 32.501
1396, 47.36, 32.534
1397, 47.43, 32.551
1398, 47.5, 32.567
1399, 47.56, 32.584
1400, 47.69, 32.617
1401, 47.76, 32.634
1402, 47.83, 32.651
1403, 47.9, 32.667
1404, 48.04, 32.701
1405, 48.11, 32.717
1406, 48.18, 32.734
1407, 48.25, 32.751
1408, 48.38, 32.784
1409, 48.44, 32.801
1410, 48.51, 32.817
1411, 48.58, 32.834
1412, 48.7, 32.867
1413, 48.77, 32.884
1414, 48.83, 32.901
1415, 48.89, 32.917
1416, 49.01, 32.951
1417, 49.06, 32.967
1418, 49.12, 32.984
1419, 49.18, 33.001
1420, 49.23, 33.017
1421, 49.35, 33.051
1422, 49.41, 33.067
1423, 49.48, 33.084
1424, 49.55, 33.101
1425, 49.67, 33.134
1426, 49.72, 33.151
1427, 49.78, 33.167
1428, 49.84, 33.184
1429, 49.9, 33.201
1430, 49.95, 33.234
1431, 49.91, 33.251
1432, 50.04, 33.267
1433, 50.16, 33.284
1434, 50.17, 33.301
1435, 50.28, 33.334
1436, 50.35, 33.351
1437, 50.4, 33.367
1438, 50.45, 33.384
1439, 50.52, 33.401
1440, 50.63, 33.434
1441, 50.68, 33.451
1442, 50.74, 33.467
1443, 50.8, 33.484
1444, 50.85, 33.501
1445, 50.91, 33.517
1446, 51.02, 33.551
1447, 51.08, 33.567
1448, 51.13, 33.584
1449, 51.19, 33.601
1450, 51.25, 33.617
1451, 51.31, 33.634
1452, 51.41, 33.667
1453, 51.47, 33.684
1454, 51.52, 33.701
1455, 51.58, 33.717
1456, 51.63, 33.734
1457, 51.69, 33.751
1458, 51.8, 33.784
1459, 51.85, 33.801
1460, 51.9, 33.817
1461, 51.96, 33.834
1462, 52.01, 33.851
1463, 52.07, 33.867
1464, 52.17, 33.901
1465, 52.23, 33.917
1466, 52.28, 33.934
1467, 52.33, 33.951
1468, 52.39, 33.967
1469, 52.44, 33.984
1470, 52.5, 34.001
1471, 52.6, 34.034
1472, 52.65, 34.051
1473, 52.7, 34.067
1474, 52.75, 34.084
1475, 52.81, 34.101
1476, 52.86, 34.117
1477, 52.91, 34.134
1478, 53.02, 34.167
1479, 53.07, 34.184
1480, 53.12, 34.201
1481, 53.17, 34.217
1482, 53.23, 34.234
1483, 53.28, 34.251
1484, 53.33, 34.267
1485, 53.38, 34.284
1486, 53.49, 34.317
1487, 53.54, 34.334
1488, 53.6, 34.351
1489, 53.65, 34.367
1490, 53.7, 34.384
1491, 53.75, 34.401
1492, 53.81, 34.417
1493, 53.86, 34.434
1494, 53.96, 34.467
1495, 54.01, 34.484
1496, 54.06, 34.501
1497, 54.11, 34.517
1498, 54.15, 34.534
1499, 54.2, 34.551
1500, 54.25, 34.567
1501, 54.3, 34.584
1502, 54.36, 34.601
1503, 54.46, 34.634
1504, 54.51, 34.651
1505, 54.55, 34.667
1506, 54.6, 34.684
1507, 54.65, 34.701
1508, 54.69, 34.717
1509, 54.73, 34.734
1510, 54.78, 34.751
1511, 54.83, 34.767
1512, 54.88, 34.784
1513, 54.93, 34.801
1514, 55.03, 34.834
1515, 55.08, 34.851
1516, 55.12, 34.867
1517, 55.17, 34.884
1518, 55.22, 34.901
1519, 55.26, 34.917
1520, 55.31, 34.934
1521, 55.36, 34.951
1522, 55.41, 34.967
1523, 55.46, 34.984
1524, 55.5, 35.001
1525, 55.59, 35.034
1526, 55.64, 35.051
1527, 55.69, 35.067
1528, 55.74, 35.084
1529, 55.79, 35.101
1530, 55.84, 35.117
1531, 55.89, 35.134
1532, 55.93, 35.151
1533, 55.98, 35.167
1534, 56.03, 35.184
1535, 56.07, 35.201
1536, 56.12, 35.217
1537, 56.17, 35.234
1538, 56.27, 35.267
1539, 56.31, 35.284
1540, 56.36, 35.301
1541, 56.4, 35.317
1542, 56.44, 35.334
1543, 56.49, 35.351
1544, 56.53, 35.367
1545, 56.58, 35.384
1546, 56.63, 35.401
1547, 56.68, 35.417
1548, 56.72, 35.434
1549, 56.77, 35.451
1550, 56.81, 35.467
1551, 56.86, 35.484
1552, 56.9, 35.501
1553, 56.94, 35.517
1554, 56.99, 35.534
1555, 57.08, 35.567
1556, 57.13, 35.584
1557, 57.18, 35.601
1558, 57.22, 35.617
1559, 57.26, 35.634
1560, 57.31, 35.651
1561, 57.35, 35.667
1562, 57.4, 35.684
1563, 57.44, 35.701
1564, 57.48, 35.717
1565, 57.52, 35.734
1566, 57.56, 35.751
1567, 57.61, 35.767
1568, 57.65, 35.784
1569, 57.7, 35.801
1570, 57.74, 35.817
1571, 57.78, 35.834
1572, 57.82, 35.851
1573, 57.87, 35.867
1574, 57.91, 35.884
1575, 57.95, 35.901
1576, 58, 35.917
1577, 58.04, 35.934
1578, 58.12, 35.967
1579, 58.16, 35.984
1580, 58.2, 36.001
1581, 58.24, 36.017
1582, 58.29, 36.034
1583, 58.33, 36.051
1584, 58.37, 36.067
1585, 58.41, 36.084
1586, 58.45, 36.101
1587, 58.49, 36.117
1588, 58.53, 36.134
1589, 58.57, 36.151
1590, 58.61, 36.167
1591, 58.65, 36.184
1592, 58.69, 36.201
1593, 58.73, 36.217
1594, 58.77, 36.234
1595, 58.81, 36.251
1596, 58.85, 36.267
1597, 58.89, 36.284
1598, 58.93, 36.301
1599, 58.97, 36.317
1600, 59.01, 36.334
1601, 59.05, 36.351
1602, 59.09, 36.367
1603, 59.13, 36.384
1604, 59.17, 36.401
1605, 59.21, 36.417
1606, 59.25, 36.434
1607, 59.28, 36.451
1608, 59.32, 36.467
1609, 59.36, 36.484
1610, 59.4, 36.501
1611, 59.43, 36.517
1612, 59.47, 36.534
1613, 59.51, 36.551
1614, 59.55, 36.567
1615, 59.59, 36.584
1616, 59.63, 36.601
1617, 59.67, 36.617
1618, 59.71, 36.634
1619, 59.75, 36.651
1620, 59.79, 36.667
1621, 59.83, 36.684
1622, 59.87, 36.701
1623, 59.85, 36.717
1624, 59.81, 36.734
1625, 59.92, 36.751
1626, 59.98, 36.767
1627, 59.95, 36.784
1628, 60, 36.801
1629, 60.05, 36.817
1630, 60.07, 36.834
1631, 60.11, 36.851
1632, 60.15, 36.867
1633, 60.2, 36.884
1634, 60.24, 36.901
1635, 60.28, 36.917
1636, 60.31, 36.934
1637, 60.34, 36.951
1638, 60.37, 36.967
1639, 60.41, 36.984
1640, 60.45, 37.001
1641, 60.49, 37.017
1642, 60.53, 37.034
1643, 60.56, 37.051
1644, 60.6, 37.067
1645, 60.64, 37.084
1646, 60.67, 37.101
1647, 60.71, 37.117
1648, 60.74, 37.134
1649, 60.78, 37.151
1650, 60.82, 37.167
1651, 60.85, 37.184
1652, 60.89, 37.201
1653, 60.93, 37.217
1654, 60.96, 37.234
1655, 61, 37.251
1656, 61.03, 37.267
1657, 61.07, 37.284
1658, 61.1, 37.301
1659, 61.14, 37.317
1660, 61.18, 37.334
1661, 61.22, 37.351
1662, 61.25, 37.367
1663, 61.28, 37.384
1664, 61.32, 37.401
1665, 61.35, 37.417
1666, 61.39, 37.434
1667, 61.42, 37.451
1668, 61.46, 37.467
1669, 61.49, 37.484
1670, 61.53, 37.501
1671, 61.57, 37.517
1672, 61.61, 37.534
1673, 61.64, 37.551
1674, 61.68, 37.567
1675, 61.71, 37.584
1676, 61.75, 37.601
1677, 61.78, 37.617
1678, 61.82, 37.634
1679, 61.85, 37.651
1680, 61.85, 37.651
1681, 61.88, 37.667
1682, 61.92, 37.684
1683, 61.95, 37.701
1684, 61.99, 37.717
1685, 62.03, 37.734
1686, 62.07, 37.751
1687, 62.11, 37.767
1688, 62.15, 37.784
1689, 62.19, 37.801
1690, 62.23, 37.817
1691, 62.27, 37.834
1692, 62.3, 37.851
1693, 62.34, 37.867
1694, 62.38, 37.884
1695, 62.42, 37.901
1696, 62.46, 37.917
1697, 62.49, 37.934
1698, 62.52, 37.951
1699, 62.55, 37.967
1700, 62.58, 37.984
1701, 62.62, 38.001
1702, 62.65, 38.017
1703, 62.69, 38.034
1704, 62.72, 38.051
1705, 62.75, 38.067
1706, 62.79, 38.084
1707, 62.79, 38.084
1708, 62.83, 38.101
1709, 62.88, 38.117
1710, 62.92, 38.134
1711, 62.96, 38.151
1712, 63, 38.167
1713, 63.04, 38.184
1714, 63.07, 38.201
1715, 63.1, 38.217
1716, 63.13, 38.234
1717, 63.17, 38.251
1718, 63.2, 38.267
1719, 63.24, 38.284
1720, 63.27, 38.301
1721, 63.31, 38.317
1722, 63.35, 38.334
1723, 63.39, 38.351
1724, 63.43, 38.367
1725, 63.47, 38.384
1726, 63.51, 38.401
1727, 63.51, 38.401
1728, 63.55, 38.417
1729, 63.59, 38.434
1730, 63.62, 38.451
1731, 63.66, 38.467
1732, 63.7, 38.484
1733, 63.73, 38.501
1734, 63.77, 38.517
1735, 63.81, 38.534
1736, 63.84, 38.551
1737, 63.88, 38.567
1738, 63.91, 38.584
1739, 63.95, 38.601
1740, 63.98, 38.617
1741, 64.02, 38.634
1742, 64.06, 38.651
1743, 64.1, 38.667
1744, 64.13, 38.684
1745, 64.13, 38.684
1746, 64.17, 38.701
1747, 64.21, 38.717
1748, 64.25, 38.734
1749, 64.29, 38.751
1750, 64.33, 38.767
1751, 64.37, 38.784
1752, 64.41, 38.801
1753, 64.45, 38.817
1754, 64.48, 38.834
1755, 64.52, 38.851
1756, 64.56, 38.867
1757, 64.59, 38.884
1758, 64.63, 38.901
1759, 64.66, 38.917
1760, 64.66, 38.917
1761, 64.7, 38.934
1762, 64.74, 38.951
1763, 64.77, 38.967
1764, 64.81, 38.984
1765, 64.85, 39.001
1766, 64.88, 39.017
1767, 64.92, 39.034
1768, 64.96, 39.051
1769, 65, 39.067
1770, 65.03, 39.084
1771, 65.07, 39.101
1772, 65.1, 39.117
1773, 65.1, 39.117
1774, 65.14, 39.134
1775, 65.17, 39.151
1776, 65.21, 39.167
1777, 65.24, 39.184
1778, 65.28, 39.201
1779, 65.31, 39.217
1780, 65.35, 39.234
1781, 65.38, 39.251
1782, 65.42, 39.267
1783, 65.45, 39.284
1784, 65.48, 39.301
1785, 65.52, 39.317
1786, 65.52, 39.317
1787, 65.55, 39.334
1788, 65.59, 39.351
1789, 65.62, 39.367
1790, 65.65, 39.384
1791, 65.68, 39.401
1792, 65.71, 39.417
1793, 65.75, 39.434
1794, 65.78, 39.451
1795, 65.82, 39.467
1796, 65.86, 39.484
1797, 65.9, 39.501
1798, 65.9, 39.501
1799, 65.93, 39.517
1800, 65.97, 39.534
1801, 66, 39.551
1802, 66.03, 39.567
1803, 66.07, 39.584
1804, 66.1, 39.601
1805, 66.13, 39.617
1806, 66.17, 39.634
1807, 66.2, 39.651
1808, 66.24, 39.667
1809, 66.24, 39.667
1810, 66.27, 39.684
1811, 66.31, 39.701
1812, 66.34, 39.717
1813, 66.37, 39.734
1814, 66.4, 39.751
1815, 66.43, 39.767
1816, 66.45, 39.784
1817, 66.48, 39.801
1818, 66.51, 39.817
1819, 66.51, 39.817
1820, 66.53, 39.834
1821, 66.56, 39.851
1822, 66.58, 39.867
1823, 66.61, 39.884
1824, 66.63, 39.901
1825, 66.66, 39.917
1826, 66.68, 39.934
1827, 66.71, 39.951
1828, 66.73, 39.967
1829, 66.76, 39.984
1830, 66.76, 39.984
1831, 66.79, 40.001
1832, 66.82, 40.017
1833, 66.85, 40.034
1834, 66.87, 40.051
1835, 66.89, 40.067
1836, 66.91, 40.084
1837, 66.93, 40.101
1838, 66.95, 40.117
1839, 66.95, 40.117
1840, 66.97, 40.134
1841, 66.99, 40.151
1842, 67.01, 40.167
1843, 67.03, 40.184
1844, 67.05, 40.201
1845, 67.07, 40.217
1846, 67.09, 40.234
1847, 67.11, 40.251
1848, 67.13, 40.267
1849, 67.13, 40.267
1850, 67.15, 40.284
1851, 67.17, 40.301
1852, 67.2, 40.317
1853, 67.22, 40.334
1854, 67.24, 40.351
1855, 67.25, 40.367
1856, 67.27, 40.384
1857, 67.28, 40.401
1858, 67.28, 40.401
1859, 67.29, 40.417
1860, 67.31, 40.434
1861, 67.32, 40.451
1862, 67.34, 40.467
1863, 67.35, 40.484
1864, 67.36, 40.501
1865, 67.38, 40.517
1866, 67.39, 40.534
1867, 67.39, 40.534
1868, 67.4, 40.551
1869, 67.42, 40.567
1870, 67.42, 40.584
1871, 67.43, 40.601
1872, 67.44, 40.617
1873, 67.45, 40.634
1874, 67.46, 40.651
1875, 67.47, 40.667
1876, 67.47, 40.667
1877, 67.48, 40.684
1878, 67.48, 40.701
1879, 67.49, 40.717
1880, 67.5, 40.734
1881, 67.5, 40.751
1882, 67.5, 40.767
1883, 67.5, 40.784
1884, 67.5, 40.801
1885, 67.51, 40.817
1886, 67.51, 40.817
1887, 67.51, 40.834
1888, 67.52, 40.851
1889, 67.52, 40.867
1890, 67.52, 40.884
1891, 67.52, 40.901
1892, 67.52, 40.917
1893, 67.52, 40.934
1894, 67.52, 40.951
1895, 67.52, 40.951
1896, 67.51, 40.967
1897, 67.5, 40.984
1898, 67.48, 41.001
1899, 67.45, 41.017
1900, 67.42, 41.034
1901, 67.38, 41.051
1902, 67.33, 41.067
1903, 67.25, 41.084
1904, 67.25, 41.084
1905, 67.16, 41.101
1906, 67.05, 41.117
1907, 66.95, 41.134
1908, 66.85, 41.151
1909, 66.71, 41.167
1910, 66.54, 41.184
1911, 66.41, 41.201
1912, 66.3, 41.217
1913, 66.14, 41.234
1914, 65.96, 41.251
1915, 65.96, 41.251
1916, 65.8, 41.267
1917, 65.63, 41.284
1918, 65.44, 41.301
1919, 65.26, 41.317
1920, 65.08, 41.334
1921, 64.89, 41.351
1922, 64.7, 41.367
1923, 64.51, 41.384
1924, 64.31, 41.401
1925, 64.11, 41.417
1926, 63.91, 41.434
1927, 63.72, 41.451
1928, 63.52, 41.467
1929, 63.34, 41.484
1930, 63.34, 41.484
1931, 63.15, 41.501
1932, 62.97, 41.517
1933, 62.79, 41.534
1934, 62.62, 41.551
1935, 62.45, 41.567
1936, 62.28, 41.584
1937, 62.13, 41.601
1938, 61.97, 41.617
1939, 61.83, 41.634
1940, 61.68, 41.651
1941, 61.54, 41.667
1942, 61.4, 41.684
1943, 61.26, 41.701
1944, 61.12, 41.717
1945, 60.99, 41.734
1946, 60.85, 41.751
1947, 60.72, 41.767
1948, 60.58, 41.784
1949, 60.44, 41.801
1950, 60.3, 41.817
1951, 60.17, 41.834
1952, 60.03, 41.851
1953, 59.89, 41.867
1954, 59.76, 41.884
1955, 59.62, 41.901
1956, 59.5, 41.917
1957, 59.36, 41.934
1958, 59.23, 41.951
1959, 59.1, 41.967
1960, 58.98, 41.984
1961, 58.86, 42.001
1962, 58.67, 42.017
1963, 58.47, 42.034
1964, 58.38, 42.051
1965, 58.27, 42.067
1966, 58.17, 42.084
1967, 58.02, 42.101
1968, 57.89, 42.117
1969, 57.8, 42.134
1970, 57.69, 42.151
1971, 57.57, 42.167
1972, 57.35, 42.201
1973, 57.24, 42.217
1974, 57.12, 42.234
1975, 57, 42.251
1976, 56.9, 42.267
1977, 56.79, 42.284
1978, 56.68, 42.301
1979, 56.57, 42.317
1980, 56.47, 42.334
1981, 56.37, 42.351
1982, 56.27, 42.367
1983, 56.17, 42.384
1984, 56.07, 42.401
1985, 55.98, 42.417
1986, 55.81, 42.451
1987, 55.73, 42.467
1988, 55.65, 42.484
1989, 55.57, 42.501
1990, 55.5, 42.517
1991, 55.41, 42.534
1992, 55.33, 42.551
1993, 55.25, 42.567
1994, 55.16, 42.584
1995, 55.07, 42.601
1996, 54.99, 42.617
1997, 54.82, 42.651
1998, 54.74, 42.667
1999, 54.65, 42.684
2000, 54.56, 42.701
2001, 54.47, 42.717
2002, 54.38, 42.734
2003, 54.29, 42.751
2004, 54.21, 42.767
2005, 54.12, 42.784
2006, 53.96, 42.817
2007, 53.88, 42.834
2008, 53.8, 42.851
2009, 53.72, 42.867
2010, 53.64, 42.884
2011, 53.57, 42.901
2012, 53.49, 42.917
2013, 53.41, 42.934
2014, 53.33, 42.951
2015, 53.17, 42.984
2016, 53.11, 43.001
2017, 53.05, 43.017
2018, 52.99, 43.034
2019, 52.99, 43.051
2020, 53.03, 43.067
2021, 52.99, 43.084
2022, 52.96, 43.101
2023, 52.97, 43.134
2024, 52.95, 43.151
2025, 52.94, 43.167
2026, 52.93, 43.184
2027, 52.93, 43.201
2028, 52.92, 43.217
2029, 52.92, 43.234
2030, 52.92, 43.267
2031, 52.92, 43.284
2032, 52.93, 43.301
2033, 52.93, 43.317
2034, 52.94, 43.334
2035, 52.97, 43.351
2036, 53, 43.367
2037, 53.01, 43.384
2038, 53.04, 43.417
2039, 53.06, 43.434
2040, 53.08, 43.451
2041, 53.1, 43.467
2042, 53.12, 43.484
2043, 53.14, 43.501
2044, 53.18, 43.517
2045, 53.23, 43.551
2046, 53.26, 43.567
2047, 53.29, 43.584
2048, 53.31, 43.601
2049, 53.34, 43.617
2050, 53.38, 43.634
2051, 53.42, 43.651
2052, 53.44, 43.667
2053, 53.49, 43.701
2054, 53.51, 43.717
2055, 53.53, 43.734
2056, 53.55, 43.751
2057, 53.58, 43.767
2058, 53.61, 43.784
2059, 53.64, 43.801
2060, 53.69, 43.834
2061, 53.72, 43.851
2062, 53.75, 43.867
2063, 53.77, 43.884
2064, 53.79, 43.901
2065, 53.82, 43.917
2066, 53.85, 43.934
2067, 53.88, 43.951
2068, 53.91, 43.967
2069, 53.96, 44.001
2070, 53.99, 44.017
2071, 54.03, 44.034
2072, 54.06, 44.051
2073, 54.09, 44.067
2074, 54.12, 44.084
2075, 54.15, 44.101
2076, 54.17, 44.117
2077, 54.2, 44.134
2078, 54.25, 44.167
2079, 54.28, 44.184
2080, 54.3, 44.201
2081, 54.33, 44.217
2082, 54.36, 44.234
2083, 54.39, 44.251
2084, 54.41, 44.267
2085, 54.44, 44.284
2086, 54.47, 44.301
2087, 54.53, 44.334
2088, 54.56, 44.351
2089, 54.59, 44.367
2090, 54.62, 44.384
2091, 54.66, 44.401
2092, 54.68, 44.417
2093, 54.71, 44.434
2094, 54.74, 44.451
2095, 54.77, 44.467
2096, 54.8, 44.484
2097, 54.86, 44.517
2098, 54.89, 44.534
2099, 54.92, 44.551
2100, 54.95, 44.567
2101, 54.98, 44.584
2102, 55.01, 44.601
2103, 55.04, 44.617
2104, 55.07, 44.634
2105, 55.11, 44.651
2106, 55.14, 44.667
2107, 55.24, 44.701
2108, 55.28, 44.717
2109, 55.32, 44.734
2110, 55.35, 44.751
2111, 55.38, 44.767
2112, 55.42, 44.784
2113, 55.45, 44.801
2114, 55.48, 44.817
2115, 55.52, 44.834
2116, 55.55, 44.851
2117, 55.59, 44.867
2118, 55.64, 44.884
2119, 55.72, 44.917
2120, 55.75, 44.934
2121, 55.78, 44.951
2122, 55.81, 44.967
2123, 55.83, 44.984
2124, 55.87, 45.001
2125, 55.9, 45.017
2126, 55.94, 45.034
2127, 55.97, 45.051
2128, 56.01, 45.067
2129, 56.06, 45.084
2130, 56.11, 45.101
2131, 56.15, 45.117
2132, 56.18, 45.134
2133, 56.24, 45.167
2134, 56.28, 45.184
2135, 56.31, 45.201
2136, 56.35, 45.217
2137, 56.38, 45.234
2138, 56.42, 45.251
2139, 56.46, 45.267
2140, 56.5, 45.284
2141, 56.54, 45.301
2142, 56.58, 45.317
2143, 56.61, 45.334
2144, 56.67, 45.351
2145, 56.69, 45.367
2146, 56.73, 45.384
2147, 56.81, 45.401
2148, 56.86, 45.417
2149, 56.87, 45.451
2150, 56.91, 45.467
2151, 56.95, 45.484
2152, 57, 45.501
2153, 57.03, 45.517
2154, 57.08, 45.534
2155, 57.12, 45.551
2156, 57.15, 45.567
2157, 57.18, 45.584
2158, 57.22, 45.601
2159, 57.26, 45.617
2160, 57.3, 45.634
2161, 57.33, 45.651
2162, 57.37, 45.667
2163, 57.4, 45.684
2164, 57.44, 45.701
2165, 57.48, 45.717
2166, 57.51, 45.734
2167, 57.55, 45.751
2168, 57.59, 45.767
2169, 57.67, 45.801
2170, 57.71, 45.817
2171, 57.74, 45.834
2172, 57.78, 45.851
2173, 57.81, 45.867
2174, 57.85, 45.884
2175, 57.88, 45.901
2176, 57.91, 45.917
2177, 57.94, 45.934
2178, 57.98, 45.951
2179, 58.01, 45.967
2180, 58.04, 45.984
2181, 58.07, 46.001
2182, 58.11, 46.017
2183, 58.14, 46.034
2184, 58.18, 46.051
2185, 58.21, 46.067
2186, 58.25, 46.084
2187, 58.29, 46.101
2188, 58.32, 46.117
2189, 58.36, 46.134
2190, 58.39, 46.151
2191, 58.42, 46.167
2192, 58.46, 46.184
2193, 58.49, 46.201
2194, 58.52, 46.217
2195, 58.56, 46.234
2196, 58.59, 46.251
2197, 58.63, 46.267
2198, 58.66, 46.284
2199, 58.7, 46.301
2200, 58.77, 46.334
2201, 58.8, 46.351
2202, 58.83, 46.367
2203, 58.87, 46.384
2204, 58.9, 46.401
2205, 58.93, 46.417
2206, 58.96, 46.434
2207, 58.99, 46.451
2208, 59.03, 46.467
2209, 59.06, 46.484
2210, 59.09, 46.501
2211, 59.12, 46.517
2212, 59.15, 46.534
2213, 59.18, 46.551
2214, 59.21, 46.567
2215, 59.24, 46.584
2216, 59.27, 46.601
2217, 59.3, 46.617
2218, 59.33, 46.634
2219, 59.36, 46.651
2220, 59.39, 46.667
2221, 59.42, 46.684
2222, 59.45, 46.701
2223, 59.48, 46.717
2224, 59.51, 46.734
2225, 59.54, 46.751
2226, 59.57, 46.767
2227, 59.6, 46.784
2228, 59.62, 46.801
2229, 59.65, 46.817
2230, 59.68, 46.834
2231, 59.71, 46.851
2232, 59.73, 46.867
2233, 59.76, 46.884
2234, 59.78, 46.901
2235, 59.79, 46.917
2236, 59.8, 46.934
2237, 59.79, 46.951
2238, 59.77, 46.967
2239, 59.74, 46.984
2240, 59.68, 47.001
2241, 59.61, 47.017
2242, 59.53, 47.034
2243, 59.45, 47.051
2244, 59.36, 47.067
2245, 59.18, 47.084
2246, 59.02, 47.101
2247, 58.93, 47.117
2248, 58.8, 47.134
2249, 58.65, 47.151
2250, 58.47, 47.167
2251, 58.31, 47.184
2252, 58.14, 47.201
2253, 57.95, 47.217
2254, 57.74, 47.234
2255, 57.53, 47.251
2256, 57.32, 47.267
2257, 57.11, 47.284
2258, 56.89, 47.301
2259, 56.67, 47.317
2260, 56.21, 47.351
2261, 55.98, 47.367
2262, 55.73, 47.384
2263, 55.5, 47.401
2264, 55.27, 47.417
2265, 54.99, 47.434
2266, 54.7, 47.451
2267, 54.43, 47.467
2268, 54.18, 47.484
2269, 53.92, 47.501
2270, 53.67, 47.517
2271, 53.18, 47.551
2272, 52.93, 47.567
2273, 52.68, 47.584
2274, 52.43, 47.601
2275, 52.19, 47.617
2276, 51.97, 47.634
2277, 51.77, 47.651
2278, 51.42, 47.684
2279, 51.25, 47.701
2280, 51.11, 47.717
2281, 50.97, 47.734
2282, 50.85, 47.751
2283, 50.72, 47.767
2284, 50.52, 47.801
2285, 50.42, 47.817
2286, 50.29, 47.834
2287, 50.08, 47.851
2288, 49.91, 47.867
2289, 49.69, 47.901
2290, 49.58, 47.917
2291, 49.46, 47.934
2292, 49.35, 47.951
2293, 49.24, 47.967
2294, 49.02, 48.001
2295, 48.92, 48.017
2296, 48.81, 48.034
2297, 48.71, 48.051
2298, 48.52, 48.084
2299, 48.42, 48.101
2300, 48.33, 48.117
2301, 48.24, 48.134
2302, 48.06, 48.167
2303, 47.97, 48.184
2304, 47.88, 48.201
2305, 47.8, 48.217
2306, 47.64, 48.251
2307, 47.57, 48.267
2308, 47.5, 48.284
2309, 47.36, 48.317
2310, 47.3, 48.334
2311, 47.24, 48.351
2312, 47.17, 48.367
2313, 47.03, 48.401
2314, 46.95, 48.417
2315, 46.87, 48.434
2316, 46.71, 48.467
2317, 46.64, 48.484
2318, 46.57, 48.501
2319, 46.52, 48.517
2320, 46.41, 48.551
2321, 46.34, 48.567
2322, 46.26, 48.584
2323, 46.1, 48.617
2324, 46.02, 48.634
2325, 45.94, 48.651
2326, 45.86, 48.667
2327, 45.71, 48.701
2328, 45.64, 48.717
2329, 45.58, 48.734
2330, 45.48, 48.767
2331, 45.42, 48.784
2332, 45.36, 48.801
2333, 45.18, 48.834
2334, 45.09, 48.851
2335, 45, 48.867
2336, 44.83, 48.901
2337, 44.75, 48.917
2338, 44.68, 48.934
2339, 44.56, 48.967
2340, 44.5, 48.984
2341, 44.44, 49.001
2342, 44.29, 49.034
2343, 44.23, 49.051
2344, 44.16, 49.067
2345, 44.02, 49.101
2346, 43.95, 49.117
2347, 43.88, 49.134
2348, 43.74, 49.167
2349, 43.67, 49.184
2350, 43.54, 49.217
2351, 43.48, 49.234
2352, 43.43, 49.251
2353, 43.35, 49.284
2354, 43.31, 49.301
2355, 43.27, 49.317
2356, 43.15, 49.351
2357, 43.1, 49.367
2358, 42.99, 49.401
2359, 42.96, 49.417
2360, 42.97, 49.434
2361, 42.95, 49.467
2362, 42.93, 49.484
2363, 42.94, 49.517
2364, 42.94, 49.534
2365, 42.91, 49.551
2366, 42.84, 49.584
2367, 42.84, 49.601
2368, 42.88, 49.634
2369, 42.89, 49.651
2370, 42.93, 49.667
2371, 43.13, 49.701
2372, 43.22, 49.717
2373, 43.26, 49.734
2374, 43.34, 49.767
2375, 43.4, 49.784
2376, 43.5, 49.817
2377, 43.57, 49.834
2378, 43.67, 49.851
2379, 43.89, 49.884
2380, 43.94, 49.901
2381, 43.98, 49.917
2382, 44.07, 49.951
2383, 44.08, 49.967
2384, 44.06, 49.984
2385, 44.2, 50.017
2386, 44.41, 50.034
2387, 44.58, 50.051
2388, 44.68, 50.084
2389, 44.71, 50.101
2390, 44.79, 50.117
2391, 44.98, 50.151
2392, 45.04, 50.167
2393, 45.1, 50.184
2394, 45.27, 50.217
2395, 45.35, 50.234
2396, 45.43, 50.251
2397, 45.57, 50.284
2398, 45.64, 50.301
2399, 45.71, 50.317
2400, 45.78, 50.334
2401, 45.91, 50.367
2402, 45.99, 50.384
2403, 46.06, 50.401
2404, 46.21, 50.434
2405, 46.28, 50.451
2406, 46.35, 50.467
2407, 46.41, 50.484
2408, 46.55, 50.517
2409, 46.62, 50.534
2410, 46.69, 50.551
2411, 46.82, 50.584
2412, 46.88, 50.601
2413, 46.94, 50.617
2414, 47.01, 50.634
2415, 47.13, 50.667
2416, 47.19, 50.684
2417, 47.25, 50.701
2418, 47.31, 50.717
2419, 47.43, 50.751
2420, 47.47, 50.767
2421, 47.52, 50.784
2422, 47.57, 50.801
2423, 47.73, 50.834
2424, 47.8, 50.851
2425, 47.85, 50.867
2426, 47.91, 50.884
2427, 48.02, 50.917
2428, 48.07, 50.934
2429, 48.12, 50.951
2430, 48.17, 50.967
2431, 48.29, 51.001
2432, 48.37, 51.017
2433, 48.45, 51.034
2434, 48.52, 51.051
2435, 48.63, 51.084
2436, 48.69, 51.101
2437, 48.75, 51.117
2438, 48.81, 51.134
2439, 48.94, 51.167
2440, 49, 51.184
2441, 49.07, 51.201
2442, 49.13, 51.217
2443, 49.19, 51.234
2444, 49.32, 51.267
2445, 49.38, 51.284
2446, 49.45, 51.301
2447, 49.51, 51.317
2448, 49.57, 51.334
2449, 49.7, 51.367
2450, 49.76, 51.384
2451, 49.82, 51.401
2452, 49.88, 51.417
2453, 49.98, 51.451
2454, 50.02, 51.467
2455, 50.06, 51.484
2456, 50.08, 51.501
2457, 50.11, 51.517
2458, 50.15, 51.551
2459, 50.16, 51.567
2460, 50.16, 51.584
2461, 50.14, 51.601
2462, 50.12, 51.617
2463, 50.3, 51.651
2464, 50.34, 51.667
2465, 50.41, 51.684
2466, 50.49, 51.701
2467, 50.56, 51.717
2468, 50.64, 51.734
2469, 50.77, 51.767
2470, 50.82, 51.784
2471, 50.88, 51.801
2472, 50.95, 51.817
2473, 51.01, 51.834
2474, 51.15, 51.867
2475, 51.22, 51.884
2476, 51.28, 51.901
2477, 51.34, 51.917
2478, 51.41, 51.934
2479, 51.48, 51.951
2480, 51.6, 51.984
2481, 51.66, 52.001
2482, 51.72, 52.017
2483, 51.78, 52.034
2484, 51.85, 52.051
2485, 51.91, 52.067
2486, 52.04, 52.101
2487, 52.11, 52.117
2488, 52.17, 52.134
2489, 52.22, 52.151
2490, 52.28, 52.167
2491, 52.34, 52.184
2492, 52.4, 52.201
2493, 52.52, 52.234
2494, 52.59, 52.251
2495, 52.66, 52.267
2496, 52.73, 52.284
2497, 52.79, 52.301
2498, 52.85, 52.317
2499, 52.91, 52.334
2500, 53.03, 52.367
2501, 53.09, 52.384
2502, 53.16, 52.401
2503, 53.22, 52.417
2504, 53.28, 52.434
2505, 53.34, 52.451
2506, 53.39, 52.467
2507, 53.44, 52.484
2508, 53.55, 52.517
2509, 53.61, 52.534
2510, 53.69, 52.551
2511, 53.77, 52.567
2512, 53.83, 52.584
2513, 53.89, 52.601
2514, 53.95, 52.617
2515, 54.01, 52.634
2516, 54.13, 52.667
2517, 54.19, 52.684
2518, 54.25, 52.701
2519, 54.31, 52.717
2520, 54.37, 52.734
2521, 54.43, 52.751
2522, 54.49, 52.767
2523, 54.54, 52.784
2524, 54.61, 52.801
2525, 54.73, 52.834
2526, 54.79, 52.851
2527, 54.84, 52.867
2528, 54.9, 52.884
2529, 54.95, 52.901
2530, 55.01, 52.917
2531, 55.07, 52.934
2532, 55.13, 52.951
2533, 55.19, 52.967
2534, 55.25, 52.984
2535, 55.3, 53.001
2536, 55.41, 53.034
2537, 55.46, 53.051
2538, 55.51, 53.067
2539, 55.57, 53.084
2540, 55.62, 53.101
2541, 55.67, 53.117
2542, 55.73, 53.134
2543, 55.78, 53.151
2544, 55.83, 53.167
2545, 55.88, 53.184
2546, 55.94, 53.201
2547, 55.99, 53.217
2548, 56.09, 53.251
2549, 56.14, 53.267
2550, 56.19, 53.284
2551, 56.24, 53.301
2552, 56.29, 53.317
2553, 56.33, 53.334
2554, 56.38, 53.351
2555, 56.42, 53.367
2556, 56.46, 53.384
2557, 56.51, 53.401
2558, 56.55, 53.417
2559, 56.59, 53.434
2560, 56.64, 53.451
2561, 56.68, 53.467
2562, 56.72, 53.484
2563, 56.76, 53.501
2564, 56.84, 53.534
2565, 56.88, 53.551
2566, 56.92, 53.567
2567, 56.96, 53.584
2568, 56.99, 53.601
2569, 57.03, 53.617
2570, 57.07, 53.634
2571, 57.11, 53.651
2572, 57.15, 53.667
2573, 57.18, 53.684
2574, 57.22, 53.701
2575, 57.26, 53.717
2576, 57.29, 53.734
2577, 57.33, 53.751
2578, 57.36, 53.767
2579, 57.4, 53.784
2580, 57.43, 53.801
2581, 57.46, 53.817
2582, 57.49, 53.834
2583, 57.52, 53.851
2584, 57.58, 53.884
2585, 57.61, 53.901
2586, 57.64, 53.917
2587, 57.66, 53.934
2588, 57.69, 53.951
2589, 57.71, 53.967
2590, 57.74, 53.984
2591, 57.76, 54.001
2592, 57.79, 54.017
2593, 57.81, 54.034
2594, 57.84, 54.051
2595, 57.86, 54.067
2596, 57.89, 54.084
2597, 57.92, 54.101
2598, 57.94, 54.117
2599, 57.97, 54.134
2600, 57.99, 54.151
2601, 58.01, 54.167
2602, 58.03, 54.184
2603, 58.05, 54.201
2604, 58.07, 54.217
2605, 58.09, 54.234
2606, 58.11, 54.251
2607, 58.13, 54.267
2608, 58.15, 54.284
2609, 58.19, 54.317
2610, 58.22, 54.334
2611, 58.24, 54.351
2612, 58.26, 54.367
2613, 58.28, 54.384
2614, 58.3, 54.401
2615, 58.32, 54.417
2616, 58.34, 54.434
2617, 58.36, 54.451
2618, 58.38, 54.467
2619, 58.4, 54.484
2620, 58.42, 54.501
2621, 58.44, 54.517
2622, 58.46, 54.534
2623, 58.48, 54.551
2624, 58.5, 54.567
2625, 58.52, 54.584
2626, 58.53, 54.601
2627, 58.55, 54.617
2628, 58.57, 54.634
2629, 58.59, 54.651
2630, 58.61, 54.667
2631, 58.63, 54.684
2632, 58.66, 54.701
2633, 58.68, 54.717
2634, 58.7, 54.734
2635, 58.71, 54.751
2636, 58.73, 54.767
2637, 58.75, 54.784
2638, 58.77, 54.801
2639, 58.79, 54.817
2640, 58.82, 54.851
2641, 58.84, 54.867
2642, 58.85, 54.884
2643, 58.87, 54.901
2644, 58.89, 54.917
2645, 58.9, 54.934
2646, 58.92, 54.951
2647, 58.94, 54.967
2648, 58.96, 54.984
2649, 58.98, 55.001
2650, 59, 55.017
2651, 59.01, 55.034
2652, 59.03, 55.051
2653, 59.04, 55.067
2654, 59.04, 55.084
2655, 59.02, 55.101
2656, 58.99, 55.117
2657, 58.93, 55.134
2658, 58.87, 55.151
2659, 58.8, 55.167
2660, 58.73, 55.184
2661, 58.61, 55.201
2662, 58.46, 55.217
2663, 58.39, 55.234
2664, 58.33, 55.251
2665, 58.26, 55.267
2666, 58.14, 55.284
2667, 58.03, 55.301
2668, 57.94, 55.317
2669, 57.85, 55.334
2670, 57.75, 55.351
2671, 57.64, 55.367
2672, 57.54, 55.384
2673, 57.32, 55.417
2674, 57.2, 55.434
2675, 57.09, 55.451
2676, 56.98, 55.467
2677, 56.87, 55.484
2678, 56.75, 55.501
2679, 56.63, 55.517
2680, 56.51, 55.534
2681, 56.39, 55.551
2682, 56.28, 55.567
2683, 56.16, 55.584
2684, 56.03, 55.601
2685, 55.91, 55.617
2686, 55.79, 55.634
2687, 55.67, 55.651
2688, 55.44, 55.684
2689, 55.33, 55.701
2690, 55.23, 55.717
2691, 55.14, 55.734
2692, 55.05, 55.751
2693, 54.96, 55.767
2694, 54.89, 55.784
2695, 54.78, 55.801
2696, 54.65, 55.817
2697, 54.54, 55.834
2698, 54.45, 55.851
2699, 54.24, 55.884
2700, 54.14, 55.901
2701, 54.06, 55.917
2702, 53.98, 55.934
2703, 53.9, 55.951
2704, 53.83, 55.967
2705, 53.76, 55.984
2706, 53.69, 56.001
2707, 53.62, 56.017
2708, 53.48, 56.051
2709, 53.4, 56.067
2710, 53.32, 56.084
2711, 53.23, 56.101
2712, 53.15, 56.117
2713, 53.06, 56.134
2714, 52.98, 56.151
2715, 52.89, 56.167
2716, 52.74, 56.201
2717, 52.66, 56.217
2718, 52.59, 56.234
2719, 52.51, 56.251
2720, 52.45, 56.267
2721, 52.38, 56.284
2722, 52.31, 56.301
2723, 52.17, 56.334
2724, 52.08, 56.351
2725, 52, 56.367
2726, 51.92, 56.384
2727, 51.84, 56.401
2728, 51.77, 56.417
2729, 51.64, 56.451
2730, 51.56, 56.467
2731, 51.49, 56.484
2732, 51.4, 56.501
2733, 51.31, 56.517
2734, 51.23, 56.534
2735, 51.06, 56.567
2736, 50.97, 56.584
2737, 50.89, 56.601
2738, 50.82, 56.617
2739, 50.75, 56.634
2740, 50.61, 56.667
2741, 50.55, 56.684
2742, 50.48, 56.701
2743, 50.4, 56.717
2744, 50.34, 56.734
2745, 50.21, 56.767
2746, 50.15, 56.784
2747, 50.09, 56.801
2748, 50.02, 56.817
2749, 49.96, 56.834
2750, 49.85, 56.867
2751, 49.79, 56.884
2752, 49.72, 56.901
2753, 49.66, 56.917
2754, 49.6, 56.934
2755, 49.49, 56.967
2756, 49.44, 56.984
2757, 49.39, 57.001
2758, 49.33, 57.017
2759, 49.31, 57.034
2760, 49.25, 57.067
2761, 49.22, 57.084
2762, 49.2, 57.101
2763, 49.17, 57.117
2764, 49.15, 57.151
2765, 49.17, 57.167
2766, 49.19, 57.184
2767, 49.2, 57.201
2768, 49.25, 57.234
2769, 49.27, 57.251
2770, 49.3, 57.267
2771, 49.33, 57.284
2772, 49.36, 57.301
2773, 49.44, 57.334
2774, 49.48, 57.351
2775, 49.52, 57.367
2776, 49.57, 57.384
2777, 49.68, 57.417
2778, 49.74, 57.434
2779, 49.79, 57.451
2780, 49.84, 57.467
2781, 49.9, 57.484
2782, 50.01, 57.517
2783, 50.06, 57.534
2784, 50.11, 57.551
2785, 50.16, 57.567
2786, 50.21, 57.584
2787, 50.3, 57.617
2788, 50.35, 57.634
2789, 50.4, 57.651
2790, 50.45, 57.667
2791, 50.5, 57.684
2792, 50.6, 57.717
2793, 50.65, 57.734
2794, 50.7, 57.751
2795, 50.75, 57.767
2796, 50.79, 57.784
2797, 50.89, 57.817
2798, 50.94, 57.834
2799, 50.99, 57.851
2800, 51.04, 57.867
2801, 51.09, 57.884
2802, 51.13, 57.901
2803, 51.24, 57.934
2804, 51.29, 57.951
2805, 51.33, 57.967
2806, 51.38, 57.984
2807, 51.42, 58.001
2808, 51.52, 58.034
2809, 51.57, 58.051
2810, 51.61, 58.067
2811, 51.66, 58.084
2812, 51.71, 58.101
2813, 51.76, 58.117
2814, 51.86, 58.151
2815, 51.91, 58.167
2816, 51.97, 58.184
2817, 52.02, 58.201
2818, 52.07, 58.217
2819, 52.12, 58.234
2820, 52.17, 58.251
2821, 52.27, 58.284
2822, 52.32, 58.301
2823, 52.37, 58.317
2824, 52.42, 58.334
2825, 52.47, 58.351
2826, 52.52, 58.367
2827, 52.63, 58.401
2828, 52.68, 58.417
2829, 52.73, 58.434
2830, 52.78, 58.451
2831, 52.83, 58.467
2832, 52.88, 58.484
2833, 52.93, 58.501
2834, 52.98, 58.517
2835, 53.09, 58.551
2836, 53.14, 58.567
2837, 53.19, 58.584
2838, 53.24, 58.601
2839, 53.3, 58.617
2840, 53.35, 58.634
2841, 53.41, 58.651
2842, 53.46, 58.667
2843, 53.57, 58.701
2844, 53.62, 58.717
2845, 53.67, 58.734
2846, 53.72, 58.751
2847, 53.77, 58.767
2848, 53.82, 58.784
2849, 53.87, 58.801
2850, 53.92, 58.817
2851, 54.03, 58.851
2852, 54.09, 58.867
2853, 54.14, 58.884
2854, 54.19, 58.901
2855, 54.23, 58.917
2856, 54.29, 58.934
2857, 54.34, 58.951
2858, 54.39, 58.967
2859, 54.44, 58.984
2860, 54.49, 59.001
2861, 54.59, 59.034
2862, 54.64, 59.051
2863, 54.7, 59.067
2864, 54.75, 59.084
2865, 54.8, 59.101
2866, 54.85, 59.117
2867, 54.89, 59.134
2868, 54.94, 59.151
2869, 54.99, 59.167
2870, 55.04, 59.184
2871, 55.09, 59.201
2872, 55.16, 59.234
2873, 55.17, 59.251
2874, 55.16, 59.267
2875, 55.12, 59.284
2876, 55.08, 59.301
2877, 55.03, 59.317
2878, 54.98, 59.334
2879, 54.85, 59.351
2880, 54.75, 59.367
2881, 54.71, 59.384
2882, 54.55, 59.417
2883, 54.42, 59.434
2884, 54.31, 59.451
2885, 54.2, 59.467
2886, 54.06, 59.484
2887, 53.89, 59.501
2888, 53.72, 59.517
2889, 53.54, 59.534
2890, 53.34, 59.551
2891, 52.89, 59.584
2892, 52.65, 59.601
2893, 52.41, 59.617
2894, 52.15, 59.634
2895, 51.88, 59.651
2896, 51.61, 59.667
2897, 51.33, 59.684
2898, 50.77, 59.717
2899, 50.49, 59.734
2900, 50.22, 59.751
2901, 49.96, 59.767
2902, 49.71, 59.784
2903, 49.22, 59.817
2904, 48.99, 59.834
2905, 48.76, 59.851
2906, 48.5, 59.867
2907, 47.94, 59.901
2908, 47.7, 59.917
2909, 47.46, 59.934
2910, 47.21, 59.951
2911, 46.66, 59.984
2912, 46.4, 60.001
2913, 46.16, 60.017
2914, 45.91, 60.034
2915, 45.4, 60.067
2916, 45.16, 60.084
2917, 44.92, 60.101
2918, 44.45, 60.134
2919, 44.24, 60.151
2920, 44.05, 60.167
2921, 43.67, 60.201
2922, 43.49, 60.217
2923, 43.17, 60.251
2924, 43.02, 60.267
2925, 42.87, 60.284
2926, 42.55, 60.317
2927, 42.41, 60.334
2928, 42.13, 60.367
2929, 42.01, 60.384
2930, 41.89, 60.401
2931, 41.64, 60.434
2932, 41.53, 60.451
2933, 41.36, 60.484
2934, 41.26, 60.501
2935, 41.07, 60.534
2936, 41, 60.551
2937, 40.88, 60.584
2938, 40.81, 60.601
2939, 40.7, 60.634
2940, 40.65, 60.651
2941, 40.6, 60.667
2942, 40.5, 60.701
2943, 40.45, 60.717
2944, 40.36, 60.751
2945, 40.32, 60.767
2946, 40.25, 60.801
2947, 40.22, 60.817
2948, 40.15, 60.851
2949, 40.11, 60.867
2950, 40.04, 60.901
2951, 40.01, 60.917
2952, 39.93, 60.951
2953, 39.77, 60.967
2954, 39.54, 61.001
2955, 39.52, 61.017
2956, 39.43, 61.051
2957, 39.34, 61.067
2958, 39.15, 61.101
2959, 39.08, 61.117
2960, 38.95, 61.151
2961, 38.79, 61.184
2962, 38.71, 61.201
2963, 38.59, 61.234
2964, 38.53, 61.251
2965, 38.39, 61.284
2966, 38.31, 61.301
2967, 38.15, 61.334
2968, 38.07, 61.351
2969, 37.93, 61.384
2970, 37.87, 61.401
2971, 37.75, 61.434
2972, 37.64, 61.467
2973, 37.58, 61.484
2974, 37.46, 61.517
2975, 37.39, 61.534
2976, 37.27, 61.567
2977, 37.23, 61.584
2978, 37.15, 61.617
2979, 37.11, 61.634
2980, 37.13, 61.667
2981, 37.16, 61.701
2982, 37.16, 61.717
2983, 37.18, 61.751
2984, 37.23, 61.767
2985, 37.26, 61.801
2986, 37.27, 61.817
2987, 37.29, 61.851
2988, 37.36, 61.884
2989, 37.4, 61.901
2990, 37.47, 61.934
2991, 37.5, 61.951
2992, 37.62, 61.984
2993, 37.72, 62.001
2994, 37.86, 62.034
2995, 37.97, 62.067
2996, 38.03, 62.084
2997, 38.2, 62.117
2998, 38.3, 62.134
2999, 38.47, 62.167
3000, 38.61, 62.201
3001, 38.68, 62.217
3002, 38.85, 62.251
3003, 38.92, 62.267
3004, 39.04, 62.301
3005, 39.12, 62.317
3006, 39.31, 62.351
3007, 39.41, 62.367
3008, 39.57, 62.401
3009, 39.65, 62.417
3010, 39.79, 62.451
3011, 39.87, 62.467
3012, 40.01, 62.501
3013, 40.08, 62.517
3014, 40.22, 62.551
3015, 40.29, 62.567
3016, 40.41, 62.601
3017, 40.41, 62.617
3018, 40.47, 62.651
3019, 40.62, 62.667
3020, 40.76, 62.701
3021, 40.84, 62.717
3022, 40.99, 62.751
3023, 41.07, 62.767
3024, 41.15, 62.784
3025, 41.31, 62.817
3026, 41.39, 62.834
3027, 41.54, 62.867
3028, 41.61, 62.884
3029, 41.77, 62.917
3030, 41.84, 62.934
3031, 42, 62.967
3032, 42.08, 62.984
3033, 42.16, 63.001
3034, 42.31, 63.034
3035, 42.38, 63.051
3036, 42.54, 63.084
3037, 42.61, 63.101
3038, 42.76, 63.134
3039, 42.84, 63.151
3040, 42.91, 63.167
3041, 43.05, 63.201
3042, 43.12, 63.217
3043, 43.26, 63.251
3044, 43.33, 63.267
3045, 43.4, 63.284
3046, 43.56, 63.317
3047, 43.63, 63.334
3048, 43.7, 63.351
3049, 43.84, 63.384
3050, 43.9, 63.401
3051, 44.02, 63.434
3052, 44.08, 63.451
3053, 44.12, 63.467
3054, 44.27, 63.501
3055, 44.38, 63.517
3056, 44.48, 63.534
3057, 44.61, 63.567
3058, 44.67, 63.584
3059, 44.75, 63.601
3060, 44.91, 63.634
3061, 44.98, 63.651
3062, 45.05, 63.667
3063, 45.21, 63.701
3064, 45.28, 63.717
3065, 45.35, 63.734
3066, 45.48, 63.767
3067, 45.57, 63.784
3068, 45.66, 63.801
3069, 45.79, 63.834
3070, 45.85, 63.851
3071, 45.93, 63.867
3072, 46.07, 63.901
3073, 46.14, 63.917
3074, 46.21, 63.934
3075, 46.35, 63.967
3076, 46.42, 63.984
3077, 46.48, 64.001
3078, 46.55, 64.017
3079, 46.7, 64.051
3080, 46.77, 64.067
3081, 46.83, 64.084
3082, 46.96, 64.117
3083, 47.03, 64.134
3084, 47.1, 64.151
3085, 47.17, 64.167
3086, 47.31, 64.201
3087, 47.38, 64.217
3088, 47.45, 64.234
3089, 47.51, 64.251
3090, 47.64, 64.284
3091, 47.7, 64.301
3092, 47.77, 64.317
3093, 47.83, 64.334
3094, 47.97, 64.367
3095, 48.03, 64.384
3096, 48.1, 64.401
3097, 48.17, 64.417
3098, 48.3, 64.451
3099, 48.36, 64.467
3100, 48.43, 64.484
3101, 48.49, 64.501
3102, 48.61, 64.534
3103, 48.67, 64.551
3104, 48.74, 64.567
3105, 48.8, 64.584
3106, 48.93, 64.617
3107, 48.99, 64.634
3108, 49.05, 64.651
3109, 49.11, 64.667
3110, 49.17, 64.684
3111, 49.29, 64.717
3112, 49.35, 64.734
3113, 49.41, 64.751
3114, 49.48, 64.767
3115, 49.43, 64.801
3116, 49.57, 64.817
3117, 49.69, 64.834
3118, 49.69, 64.851
3119, 49.73, 64.867
3120, 49.87, 64.901
3121, 49.91, 64.917
3122, 49.95, 64.934
3123, 50.01, 64.951
3124, 50.08, 64.967
3125, 50.17, 65.001
3126, 50.23, 65.017
3127, 50.29, 65.034
3128, 50.34, 65.051
3129, 50.39, 65.067
3130, 50.51, 65.101
3131, 50.57, 65.117
3132, 50.62, 65.134
3133, 50.68, 65.151
3134, 50.74, 65.167
3135, 50.79, 65.184
3136, 50.9, 65.217
3137, 50.96, 65.234
3138, 51.01, 65.251
3139, 51.06, 65.267
3140, 51.12, 65.284
3141, 51.22, 65.317
3142, 51.27, 65.334
3143, 51.33, 65.351
3144, 51.38, 65.367
3145, 51.43, 65.384
3146, 51.49, 65.401
3147, 51.6, 65.434
3148, 51.65, 65.451
3149, 51.71, 65.467
3150, 51.77, 65.484
3151, 51.82, 65.501
3152, 51.87, 65.517
3153, 51.98, 65.551
3154, 52.03, 65.567
3155, 52.09, 65.584
3156, 52.14, 65.601
3157, 52.19, 65.617
3158, 52.25, 65.634
3159, 52.3, 65.651
3160, 52.4, 65.684
3161, 52.46, 65.701
3162, 52.51, 65.717
3163, 52.57, 65.734
3164, 52.62, 65.751
3165, 52.67, 65.767
3166, 52.72, 65.784
3167, 52.83, 65.817
3168, 52.88, 65.834
3169, 52.93, 65.851
3170, 52.98, 65.867
3171, 53.04, 65.884
3172, 53.09, 65.901
3173, 53.14, 65.917
3174, 53.2, 65.934
3175, 53.3, 65.967
3176, 53.35, 65.984
3177, 53.41, 66.001
3178, 53.46, 66.017
3179, 53.51, 66.034
3180, 53.57, 66.051
3181, 53.62, 66.067
3182, 53.67, 66.084
3183, 53.77, 66.117
3184, 53.81, 66.134
3185, 53.86, 66.151
3186, 53.91, 66.167
3187, 53.96, 66.184
3188, 54.01, 66.201
3189, 54.07, 66.217
3190, 54.12, 66.234
3191, 54.23, 66.267
3192, 54.28, 66.284
3193, 54.34, 66.301
3194, 54.39, 66.317
3195, 54.44, 66.334
3196, 54.49, 66.351
3197, 54.53, 66.367
3198, 54.58, 66.384
3199, 54.63, 66.401
3200, 54.68, 66.417
3201, 54.79, 66.451
3202, 54.84, 66.467
3203, 54.89, 66.484
3204, 54.94, 66.501
3205, 54.99, 66.517
3206, 55.03, 66.534
3207, 55.08, 66.551
3208, 55.13, 66.567
3209, 55.18, 66.584
3210, 55.23, 66.601
3211, 55.29, 66.617
3212, 55.39, 66.651
3213, 55.44, 66.667
3214, 55.48, 66.684
3215, 55.53, 66.701
3216, 55.58, 66.717
3217, 55.63, 66.734
3218, 55.68, 66.751
3219, 55.73, 66.767
3220, 55.77, 66.784
3221, 55.82, 66.801
3222, 55.87, 66.817
3223, 55.92, 66.834
3224, 55.97, 66.851
3225, 56.07, 66.884
3226, 56.12, 66.901
3227, 56.17, 66.917
3228, 56.22, 66.934
3229, 56.27, 66.951
3230, 56.32, 66.967
3231, 56.37, 66.984
3232, 56.42, 67.001
3233, 56.47, 67.017
3234, 56.52, 67.034
3235, 56.57, 67.051
3236, 56.62, 67.067
3237, 56.66, 67.084
3238, 56.71, 67.101
3239, 56.75, 67.117
3240, 56.84, 67.151
3241, 56.89, 67.167
3242, 56.94, 67.184
3243, 56.99, 67.201
3244, 57.05, 67.217
3245, 57.1, 67.234
3246, 57.14, 67.251
3247, 57.19, 67.267
3248, 57.23, 67.284
3249, 57.28, 67.301
3250, 57.32, 67.317
3251, 57.37, 67.334
3252, 57.41, 67.351
3253, 57.46, 67.367
3254, 57.51, 67.384
3255, 57.56, 67.401
3256, 57.61, 67.417
3257, 57.66, 67.434
3258, 57.7, 67.451
3259, 57.75, 67.467
3260, 57.79, 67.484
3261, 57.88, 67.517
3262, 57.93, 67.534
3263, 57.99, 67.551
3264, 58.04, 67.567
3265, 58.08, 67.584
3266, 58.13, 67.601
3267, 58.17, 67.617
3268, 58.2, 67.634
3269, 58.24, 67.651
3270, 58.29, 67.667
3271, 58.33, 67.684
3272, 58.39, 67.701
3273, 58.45, 67.717
3274, 58.5, 67.734
3275, 58.53, 67.751
3276, 58.56, 67.767
3277, 58.6, 67.784
3278, 58.65, 67.801
3279, 58.7, 67.817
3280, 58.74, 67.834
3281, 58.78, 67.851
3282, 58.83, 67.867
3283, 58.87, 67.884
3284, 58.91, 67.901
3285, 58.95, 67.917
3286, 58.99, 67.934
3287, 59.03, 67.951
3288, 59.07, 67.967
3289, 59.11, 67.984
3290, 59.15, 68.001
3291, 59.18, 68.017
3292, 59.22, 68.034
3293, 59.26, 68.051
3294, 59.3, 68.067
3295, 59.33, 68.084
3296, 59.37, 68.101
3297, 59.4, 68.117
3298, 59.44, 68.134
3299, 59.47, 68.151
3300, 59.51, 68.167
3301, 59.55, 68.184
3302, 59.59, 68.201
3303, 59.63, 68.217
3304, 59.66, 68.234
3305, 59.69, 68.251
3306, 59.72, 68.267
3307, 59.76, 68.284
3308, 59.79, 68.301
3309, 59.83, 68.317
3310, 59.87, 68.334
3311, 59.91, 68.351
3312, 59.94, 68.367
3313, 59.97, 68.384
3314, 60, 68.401
3315, 60.03, 68.417
3316, 60.06, 68.434
3317, 60.09, 68.451
3318, 60.12, 68.467
3319, 60.15, 68.484
3320, 60.17, 68.501
3321, 60.19, 68.517
3322, 60.21, 68.534
3323, 60.22, 68.551
3324, 60.21, 68.567
3325, 60.19, 68.584
3326, 60.16, 68.601
3327, 60.1, 68.617
3328, 60.04, 68.634
3329, 59.97, 68.651
3330, 59.9, 68.667
3331, 59.8, 68.684
3332, 59.62, 68.701
3333, 59.5, 68.717
3334, 59.42, 68.734
3335, 59.3, 68.751
3336, 59.14, 68.767
3337, 58.81, 68.801
3338, 58.66, 68.817
3339, 58.47, 68.834
3340, 58.27, 68.851
3341, 58.06, 68.867
3342, 57.85, 68.884
3343, 57.63, 68.901
3344, 57.4, 68.917
3345, 57.15, 68.934
3346, 56.91, 68.951
3347, 56.67, 68.967
3348, 56.41, 68.984
3349, 56.15, 69.001
3350, 55.89, 69.017
3351, 55.63, 69.034
3352, 55.38, 69.051
3353, 55.11, 69.067
3354, 54.86, 69.084
3355, 54.61, 69.101
3356, 54.14, 69.134
3357, 53.92, 69.151
3358, 53.7, 69.167
3359, 53.48, 69.184
3360, 53.27, 69.201
3361, 53.07, 69.217
3362, 52.87, 69.234
3363, 52.66, 69.251
3364, 52.26, 69.284
3365, 52.07, 69.301
3366, 51.88, 69.317
3367, 51.7, 69.334
3368, 51.54, 69.351
3369, 51.37, 69.367
3370, 51.03, 69.401
3371, 50.86, 69.417
3372, 50.69, 69.434
3373, 50.55, 69.451
3374, 50.41, 69.467
3375, 50.26, 69.484
3376, 49.89, 69.517
3377, 49.69, 69.534
3378, 49.55, 69.551
3379, 49.43, 69.567
3380, 49.13, 69.601
3381, 49, 69.617
3382, 48.9, 69.634
3383, 48.8, 69.651
3384, 48.69, 69.667
3385, 48.5, 69.701
3386, 48.41, 69.717
3387, 48.31, 69.734
3388, 48.21, 69.751
3389, 48.03, 69.784
3390, 47.95, 69.801
3391, 47.87, 69.817
3392, 47.79, 69.834
3393, 47.64, 69.867
3394, 47.57, 69.884
3395, 47.5, 69.901
3396, 47.43, 69.917
3397, 47.3, 69.951
3398, 47.24, 69.967
3399, 47.17, 69.984
3400, 47.11, 70.001
3401, 46.98, 70.034
3402, 46.91, 70.051
3403, 46.85, 70.067
3404, 46.72, 70.101
3405, 46.66, 70.117
3406, 46.6, 70.134
3407, 46.54, 70.151
3408, 46.43, 70.184
3409, 46.36, 70.201
3410, 46.3, 70.217
3411, 46.23, 70.234
3412, 46.1, 70.267
3413, 46.04, 70.284
3414, 45.97, 70.301
3415, 45.85, 70.334
3416, 45.79, 70.351
3417, 45.73, 70.367
3418, 45.59, 70.401
3419, 45.52, 70.417
3420, 45.44, 70.434
3421, 45.37, 70.451
3422, 45.24, 70.484
3423, 45.19, 70.501
3424, 45.13, 70.517
3425, 45.01, 70.551
3426, 44.96, 70.567
3427, 44.9, 70.584
3428, 44.79, 70.617
3429, 44.72, 70.634
3430, 44.65, 70.651
3431, 44.51, 70.684
3432, 44.44, 70.701
3433, 44.33, 70.734
3434, 44.29, 70.751
3435, 44.25, 70.767
3436, 44.14, 70.801
3437, 44.08, 70.817
3438, 44.02, 70.834
3439, 43.88, 70.867
3440, 43.82, 70.884
3441, 43.77, 70.901
3442, 43.66, 70.934
3443, 43.61, 70.951
3444, 43.51, 70.984
3445, 43.46, 71.001
3446, 43.4, 71.017
3447, 43.29, 71.051
3448, 43.23, 71.067
3449, 43.13, 71.101
3450, 43.08, 71.117
3451, 43.04, 71.134
3452, 42.97, 71.167
3453, 42.97, 71.184
3454, 43.08, 71.217
3455, 43.1, 71.234
3456, 43.15, 71.251
3457, 43.27, 71.284
3458, 43.3, 71.301
3459, 43.44, 71.334
3460, 43.51, 71.351
3461, 43.57, 71.367
3462, 43.69, 71.401
3463, 43.76, 71.417
3464, 43.83, 71.434
3465, 43.94, 71.467
3466, 44.01, 71.484
3467, 44.16, 71.517
3468, 44.24, 71.534
3469, 44.32, 71.551
3470, 44.45, 71.584
3471, 44.52, 71.601
3472, 44.6, 71.617
3473, 44.74, 71.651
3474, 44.81, 71.667
3475, 44.97, 71.701
3476, 45.04, 71.717
3477, 45.11, 71.734
3478, 45.26, 71.767
3479, 45.33, 71.784
3480, 45.4, 71.801
3481, 45.55, 71.834
3482, 45.62, 71.851
3483, 45.69, 71.867
3484, 45.83, 71.901
3485, 45.9, 71.917
3486, 45.97, 71.934
3487, 46.05, 71.951
3488, 46.19, 71.984
3489, 46.27, 72.001
3490, 46.34, 72.017
3491, 46.49, 72.051
3492, 46.56, 72.067
3493, 46.63, 72.084
3494, 46.78, 72.117
3495, 46.85, 72.134
3496, 46.92, 72.151
3497, 47, 72.167
3498, 47.14, 72.201
3499, 47.21, 72.217
3500, 47.28, 72.234
3501, 47.35, 72.251
3502, 47.49, 72.284
3503, 47.56, 72.301
3504, 47.63, 72.317
3505, 47.77, 72.351
3506, 47.83, 72.367
3507, 47.9, 72.384
3508, 47.97, 72.401
3509, 48.1, 72.434
3510, 48.16, 72.451
3511, 48.23, 72.467
3512, 48.29, 72.484
3513, 48.41, 72.517
3514, 48.47, 72.534
3515, 48.54, 72.551
3516, 48.6, 72.567
3517, 48.72, 72.601
3518, 48.78, 72.617
3519, 48.85, 72.634
3520, 48.91, 72.651
3521, 48.97, 72.667
3522, 49.09, 72.701
3523, 49.15, 72.717
3524, 49.21, 72.734
3525, 49.27, 72.751
3526, 49.39, 72.784
3527, 49.44, 72.801
3528, 49.5, 72.817
3529, 49.56, 72.834
3530, 49.62, 72.851
3531, 49.57, 72.884
3532, 49.69, 72.901
3533, 49.81, 72.917
3534, 49.81, 72.934
3535, 49.84, 72.951
3536, 49.99, 72.984
3537, 50.03, 73.001
3538, 50.07, 73.017
3539, 50.13, 73.034
3540, 50.19, 73.051
3541, 50.29, 73.084
3542, 50.34, 73.101
3543, 50.39, 73.117
3544, 50.44, 73.134
3545, 50.49, 73.151
3546, 50.6, 73.184
3547, 50.65, 73.201
3548, 50.7, 73.217
3549, 50.75, 73.234
3550, 50.81, 73.251
3551, 50.86, 73.267
3552, 50.96, 73.301
3553, 51.01, 73.317
3554, 51.06, 73.334
3555, 51.11, 73.351
3556, 51.16, 73.367
3557, 51.21, 73.384
3558, 51.31, 73.417
3559, 51.36, 73.434
3560, 51.41, 73.451
3561, 51.46, 73.467
3562, 51.51, 73.484
3563, 51.55, 73.501
3564, 51.65, 73.534
3565, 51.7, 73.551
3566, 51.75, 73.567
3567, 51.8, 73.584
3568, 51.85, 73.601
3569, 51.9, 73.617
3570, 51.99, 73.651
3571, 52.04, 73.667
3572, 52.09, 73.684
3573, 52.14, 73.701
3574, 52.18, 73.717
3575, 52.23, 73.734
3576, 52.27, 73.751
3577, 52.37, 73.784
3578, 52.41, 73.801
3579, 52.46, 73.817
3580, 52.5, 73.834
3581, 52.55, 73.851
3582, 52.6, 73.867
3583, 52.64, 73.884
3584, 52.69, 73.901
3585, 52.78, 73.934
3586, 52.82, 73.951
3587, 52.87, 73.967
3588, 52.91, 73.984
3589, 52.96, 74.001
3590, 53, 74.017
3591, 53.05, 74.034
3592, 53.09, 74.051
3593, 53.14, 74.067
3594, 53.22, 74.101
3595, 53.26, 74.117
3596, 53.31, 74.134
3597, 53.35, 74.151
3598, 53.4, 74.167
3599, 53.44, 74.184
3600, 53.49, 74.201
3601, 53.53, 74.217
3602, 53.57, 74.234
3603, 53.62, 74.251
3604, 53.7, 74.284
3605, 53.74, 74.301
3606, 53.79, 74.317
3607, 53.83, 74.334
3608, 53.87, 74.351
3609, 53.91, 74.367
3610, 53.95, 74.384
3611, 54, 74.401
3612, 54.06, 74.417
3613, 54.16, 74.451
3614, 54.21, 74.467
3615, 54.25, 74.484
3616, 54.29, 74.501
3617, 54.33, 74.517
3618, 54.38, 74.534
3619, 54.43, 74.551
3620, 54.47, 74.567
3621, 54.52, 74.584
3622, 54.56, 74.601
3623, 54.61, 74.617
3624, 54.7, 74.651
3625, 54.75, 74.667
3626, 54.8, 74.684
3627, 54.85, 74.701
3628, 54.89, 74.717
3629, 54.94, 74.734
3630, 54.99, 74.751
3631, 55.05, 74.767
3632, 55.1, 74.784
3633, 55.15, 74.801
3634, 55.19, 74.817
3635, 55.28, 74.851
3636, 55.33, 74.867
3637, 55.38, 74.884
3638, 55.43, 74.901
3639, 55.48, 74.917
3640, 55.53, 74.934
3641, 55.57, 74.951
3642, 55.62, 74.967
3643, 55.66, 74.984
3644, 55.71, 75.001
3645, 55.75, 75.017
3646, 55.8, 75.034
3647, 55.84, 75.051
3648, 55.89, 75.067
3649, 55.99, 75.101
3650, 56.04, 75.117
3651, 56.09, 75.134
3652, 56.14, 75.151
3653, 56.18, 75.167
3654, 56.23, 75.184
3655, 56.27, 75.201
3656, 56.32, 75.217
3657, 56.37, 75.234
3658, 56.42, 75.251
3659, 56.47, 75.267
3660, 56.52, 75.284
3661, 56.57, 75.301
3662, 56.61, 75.317
3663, 56.66, 75.334
3664, 56.71, 75.351
3665, 56.76, 75.367
3666, 56.86, 75.401
3667, 56.91, 75.417
3668, 56.96, 75.434
3669, 57.01, 75.451
3670, 57.05, 75.467
3671, 57.09, 75.484
3672, 57.14, 75.501
3673, 57.18, 75.517
3674, 57.22, 75.534
3675, 57.27, 75.551
3676, 57.31, 75.567
3677, 57.36, 75.584
3678, 57.41, 75.601
3679, 57.46, 75.617
3680, 57.51, 75.634
3681, 57.55, 75.651
3682, 57.6, 75.667
3683, 57.65, 75.684
3684, 57.69, 75.701
3685, 57.74, 75.717
3686, 57.79, 75.734
3687, 57.83, 75.751
3688, 57.88, 75.767
3689, 57.93, 75.784
3690, 57.98, 75.801
3691, 58.07, 75.834
3692, 58.12, 75.851
3693, 58.16, 75.867
3694, 58.21, 75.884
3695, 58.25, 75.901
3696, 58.3, 75.917
3697, 58.34, 75.934
3698, 58.38, 75.951
3699, 58.43, 75.967
3700, 58.47, 75.984
3701, 58.52, 76.001
3702, 58.56, 76.017
3703, 58.61, 76.034
3704, 58.65, 76.051
3705, 58.69, 76.067
3706, 58.74, 76.084
3707, 58.78, 76.101
3708, 58.83, 76.117
3709, 58.87, 76.134
3710, 58.92, 76.151
3711, 58.96, 76.167
3712, 59, 76.184
3713, 59.05, 76.201
3714, 59.09, 76.217
3715, 59.14, 76.234
3716, 59.18, 76.251
3717, 59.22, 76.267
3718, 59.27, 76.284
3719, 59.31, 76.301
3720, 59.34, 76.317
3721, 59.38, 76.334
3722, 59.43, 76.351
3723, 59.47, 76.367
3724, 59.51, 76.384
3725, 59.56, 76.401
3726, 59.6, 76.417
3727, 59.64, 76.434
3728, 59.68, 76.451
3729, 59.72, 76.467
3730, 59.76, 76.484
3731, 59.79, 76.501
3732, 59.83, 76.517
3733, 59.87, 76.534
3734, 59.91, 76.551
3735, 59.96, 76.567
3736, 60, 76.584
3737, 60.04, 76.601
3738, 60.08, 76.617
3739, 60.11, 76.634
3740, 60.14, 76.651
3741, 60.18, 76.667
3742, 60.21, 76.684
3743, 60.25, 76.701
3744, 60.28, 76.717
3745, 60.32, 76.734
3746, 60.34, 76.751
3747, 60.37, 76.767
3748, 60.4, 76.784
3749, 60.44, 76.801
3750, 60.47, 76.817
3751, 60.5, 76.834
3752, 60.53, 76.851
3753, 60.56, 76.867
3754, 60.58, 76.884
3755, 60.56, 76.901
3756, 60.52, 76.917
3757, 60.62, 76.934
3758, 60.68, 76.951
3759, 60.66, 76.967
3760, 60.71, 76.984
3761, 60.76, 77.001
3762, 60.79, 77.017
3763, 60.81, 77.034
3764, 60.86, 77.051
3765, 60.89, 77.067
3766, 60.92, 77.084
3767, 60.96, 77.101
3768, 61, 77.117
3769, 61.04, 77.134
3770, 61.08, 77.151
3771, 61.12, 77.167
3772, 61.15, 77.184
3773, 61.19, 77.201
3774, 61.22, 77.217
3775, 61.26, 77.234
3776, 61.29, 77.251
3777, 61.33, 77.267
3778, 61.36, 77.284
3779, 61.39, 77.301
3780, 61.43, 77.317
3781, 61.43, 77.317
3782, 61.46, 77.334
3783, 61.5, 77.351
3784, 61.53, 77.367
3785, 61.57, 77.384
3786, 61.6, 77.401
3787, 61.63, 77.417
3788, 61.66, 77.434
3789, 61.69, 77.451
3790, 61.72, 77.467
3791, 61.75, 77.484
3792, 61.79, 77.501
3793, 61.82, 77.517
3794, 61.86, 77.534
3795, 61.89, 77.551
3796, 61.93, 77.567
3797, 61.96, 77.584
3798, 61.99, 77.601
3799, 62.02, 77.617
3800, 62.05, 77.634
3801, 62.08, 77.651
3802, 62.12, 77.667
3803, 62.17, 77.684
3804, 62.21, 77.701
3805, 62.24, 77.717
3806, 62.27, 77.734
3807, 62.31, 77.751
3808, 62.35, 77.767
3809, 62.38, 77.784
3810, 62.42, 77.801
3811, 62.45, 77.817
3812, 62.45, 77.817
3813, 62.49, 77.834
3814, 62.52, 77.851
3815, 62.54, 77.867
3816, 62.57, 77.884
3817, 62.6, 77.901
3818, 62.63, 77.917
3819, 62.66, 77.934
3820, 62.7, 77.951
3821, 62.73, 77.967
3822, 62.77, 77.984
3823, 62.8, 78.001
3824, 62.84, 78.017
3825, 62.87, 78.034
3826, 62.91, 78.051
3827, 62.94, 78.067
3828, 62.98, 78.084
3829, 63.01, 78.101
3830, 63.05, 78.117
3831, 63.08, 78.134
3832, 63.11, 78.151
3833, 63.13, 78.167
3834, 63.13, 78.167
3835, 63.16, 78.184
3836, 63.19, 78.201
3837, 63.22, 78.217
3838, 63.25, 78.234
3839, 63.28, 78.251
3840, 63.31, 78.267
3841, 63.33, 78.284
3842, 63.36, 78.301
3843, 63.38, 78.317
3844, 63.4, 78.334
3845, 63.43, 78.351
3846, 63.46, 78.367
3847, 63.48, 78.384
3848, 63.5, 78.401
3849, 63.53, 78.417
3850, 63.55, 78.434
3851, 63.57, 78.451
3852, 63.6, 78.467
3853, 63.6, 78.467
3854, 63.63, 78.484
3855, 63.65, 78.501
3856, 63.67, 78.517
3857, 63.69, 78.534
3858, 63.71, 78.551
3859, 63.74, 78.567
3860, 63.77, 78.584
3861, 63.8, 78.601
3862, 63.84, 78.617
3863, 63.87, 78.634
3864, 63.89, 78.651
3865, 63.92, 78.667
3866, 63.95, 78.684
3867, 63.98, 78.701
3868, 64, 78.717
3869, 64.03, 78.734
3870, 64.03, 78.734
3871, 64.05, 78.751
3872, 64.07, 78.767
3873, 64.09, 78.784
3874, 64.11, 78.801
3875, 64.13, 78.817
3876, 64.15, 78.834
3877, 64.17, 78.851
3878, 64.2, 78.867
3879, 64.22, 78.884
3880, 64.24, 78.901
3881, 64.26, 78.917
3882, 64.28, 78.934
3883, 64.31, 78.951
3884, 64.33, 78.967
3885, 64.33, 78.967
