0, 68.37, 91.279
1, 68.37, 91.279
2, 68.38, 91.295
3, 68.4, 91.312
4, 68.41, 91.329
5, 68.42, 91.345
6, 68.43, 91.362
7, 68.45, 91.379
8, 68.45, 91.379
9, 68.46, 91.395
10, 68.48, 91.412
11, 68.49, 91.429
12, 68.5, 91.445
13, 68.52, 91.462
14, 68.53, 91.479
15, 68.55, 91.495
16, 68.55, 91.495
17, 68.56, 91.512
18, 68.58, 91.529
19, 68.59, 91.545
20, 68.6, 91.562
21, 68.61, 91.579
22, 68.63, 91.595
23, 68.64, 91.612
24, 68.64, 91.612
25, 68.66, 91.629
26, 68.67, 91.645
27, 68.68, 91.662
28, 68.69, 91.679
29, 68.71, 91.695
30, 68.72, 91.712
31, 68.74, 91.729
32, 68.74, 91.729
33, 68.75, 91.745
34, 68.77, 91.762
35, 68.78, 91.779
36, 68.79, 91.795
37, 68.8, 91.812
38, 68.82, 91.829
39, 68.83, 91.845
40, 68.83, 91.845
41, 68.85, 91.862
42, 68.86, 91.879
43, 68.87, 91.895
44, 68.88, 91.912
45, 68.9, 91.929
46, 68.91, 91.945
47, 68.92, 91.962
48, 68.92, 91.962
49, 68.93, 91.979
50, 68.94, 91.995
51, 68.96, 92.012
52, 68.97, 92.029
53, 68.98, 92.045
54, 69, 92.062
55, 69, 92.062
56, 69.01, 92.079
57, 69.03, 92.095
58, 69.04, 92.112
59, 69.05, 92.129
60, 69.06, 92.145
61, 69.07, 92.162
62, 69.08, 92.179
63, 69.08, 92.179
64, 69.09, 92.195
65, 69.11, 92.212
66, 69.12, 92.229
67, 69.13, 92.245
68, 69.15, 92.262
69, 69.16, 92.279
70, 69.17, 92.295
71, 69.17, 92.295
72, 69.18, 92.312
73, 69.2, 92.329
74, 69.21, 92.345
75, 69.22, 92.362
76, 69.23, 92.379
77, 69.24, 92.395
78, 69.24, 92.395
79, 69.25, 92.412
80, 69.26, 92.429
81, 69.27, 92.445
82, 69.29, 92.462
83, 69.3, 92.479
84, 69.32, 92.495
85, 69.33, 92.512
86, 69.33, 92.512
87, 69.34, 92.529
88, 69.35, 92.545
89, 69.36, 92.562
90, 69.37, 92.579
91, 69.38, 92.595
92, 69.39, 92.612
93, 69.39, 92.612
94, 69.4, 92.629
95, 69.42, 92.645
96, 69.43, 92.662
97, 69.44, 92.679
98, 69.45, 92.695
99, 69.46, 92.712
100, 69.46, 92.712
101, 69.47, 92.729
102, 69.48, 92.745
103, 69.49, 92.762
104, 69.5, 92.779
105, 69.52, 92.795
106, 69.52, 92.812
107, 69.53, 92.829
108, 69.53, 92.829
109, 69.54, 92.845
110, 69.56, 92.862
111, 69.57, 92.879
112, 69.58, 92.895
113, 69.59, 92.912
114, 69.6, 92.929
115, 69.6, 92.929
116, 69.61, 92.945
117, 69.62, 1.716
118, 69.63, 1.732
119, 69.64, 1.749
120, 69.65, 1.766
121, 69.66, 1.782
122, 69.66, 1.782
123, 69.67, 1.799
124, 69.68, 1.816
125, 69.69, 1.832
126, 69.7, 1.849
127, 69.72, 1.866
128, 69.73, 1.882
129, 69.73, 1.882
130, 69.74, 1.899
131, 69.75, 1.916
132, 69.76, 1.932
133, 69.77, 1.949
134, 69.78, 1.966
135, 69.79, 1.982
136, 69.79, 1.982
137, 69.8, 1.999
138, 69.81, 2.016
139, 69.82, 2.032
140, 69.83, 2.049
141, 69.84, 2.066
142, 69.86, 2.082
143, 69.87, 2.099
144, 69.87, 2.099
145, 69.88, 2.116
146, 69.89, 2.132
147, 69.9, 2.149
148, 69.91, 2.166
149, 69.92, 2.182
150, 69.93, 2.199
151, 69.93, 2.199
152, 69.94, 2.216
153, 69.95, 2.232
154, 69.96, 2.249
155, 69.97, 2.266
156, 69.98, 2.282
157, 69.99, 2.299
158, 69.99, 2.299
159, 70, 2.316
160, 70, 2.332
161, 70.01, 2.349
162, 70.02, 2.366
163, 70.03, 2.382
164, 70.04, 2.399
165, 70.04, 2.399
166, 70.05, 2.416
167, 70.06, 2.432
168, 70.07, 2.449
169, 70.07, 2.466
170, 70.08, 2.482
171, 70.09, 2.499
172, 70.09, 2.499
173, 70.1, 2.516
174, 70.11, 2.532
175, 70.12, 2.549
176, 70.12, 2.566
177, 70.13, 2.582
178, 70.13, 2.582
179, 70.14, 2.599
180, 70.15, 2.616
181, 70.16, 2.632
182, 70.17, 2.649
183, 70.18, 2.666
184, 70.19, 2.682
185, 70.19, 2.682
186, 70.2, 2.699
187, 70.21, 2.716
188, 70.22, 2.732
189, 70.22, 2.749
190, 70.23, 2.766
191, 70.24, 2.782
192, 70.24, 2.782
193, 70.25, 2.799
194, 70.27, 2.816
195, 70.27, 2.832
196, 70.28, 2.849
197, 70.29, 2.866
198, 70.29, 2.882
199, 70.29, 2.882
200, 70.3, 2.899
201, 70.3, 2.916
202, 70.3, 2.932
203, 70.29, 2.949
204, 70.28, 2.966
205, 70.27, 2.982
206, 70.27, 2.982
207, 70.26, 2.999
208, 70.25, 3.016
209, 70.24, 3.032
210, 70.22, 3.049
211, 70.19, 3.066
212, 70.15, 3.082
213, 70.15, 3.082
214, 70.11, 3.099
215, 70.05, 3.116
216, 69.98, 3.132
217, 69.89, 3.149
218, 69.78, 3.166
219, 69.62, 3.182
220, 69.62, 3.182
221, 69.42, 3.199
222, 69.2, 3.216
223, 68.96, 3.232
224, 68.69, 3.249
225, 68.36, 3.266
226, 68, 3.282
227, 67.67, 3.299
228, 67.67, 3.299
229, 67.33, 3.316
230, 66.97, 3.332
231, 66.58, 3.349
232, 66.18, 3.366
233, 65.81, 3.382
234, 65.41, 3.399
235, 65.01, 3.416
236, 64.61, 3.432
237, 64.2, 3.449
238, 63.8, 3.466
239, 63.39, 3.482
240, 63.39, 3.482
241, 62.99, 3.499
242, 62.58, 3.516
243, 62.17, 3.532
244, 61.75, 3.549
245, 61.34, 3.566
246, 60.93, 3.582
247, 60.52, 3.599
248, 60.11, 3.616
249, 59.71, 3.632
250, 59.32, 3.649
251, 58.93, 3.666
252, 58.53, 3.682
253, 58.14, 3.699
254, 57.75, 3.716
255, 57.35, 3.732
256, 56.91, 3.749
257, 56.11, 3.782
258, 55.75, 3.799
259, 55.38, 3.816
260, 55.02, 3.832
261, 54.66, 3.849
262, 54.28, 3.866
263, 53.91, 3.882
264, 53.54, 3.899
265, 53.2, 3.916
266, 52.85, 3.932
267, 52.16, 3.966
268, 51.81, 3.982
269, 51.47, 3.999
270, 51.13, 4.016
271, 50.79, 4.032
272, 50.44, 4.049
273, 49.78, 4.082
274, 49.45, 4.099
275, 49.13, 4.116
276, 48.81, 4.132
277, 48.5, 4.149
278, 47.82, 4.182
279, 47.49, 4.199
280, 47.18, 4.216
281, 46.91, 4.232
282, 46.33, 4.266
283, 46.05, 4.282
284, 45.79, 4.299
285, 45.25, 4.332
286, 44.99, 4.349
287, 44.73, 4.366
288, 44.22, 4.399
289, 43.97, 4.416
290, 43.73, 4.432
291, 43.24, 4.466
292, 42.99, 4.482
293, 42.5, 4.516
294, 42.26, 4.532
295, 42.01, 4.549
296, 41.56, 4.582
297, 41.33, 4.599
298, 40.8, 4.632
299, 40.53, 4.649
300, 40.07, 4.682
301, 39.86, 4.699
302, 39.36, 4.732
303, 39.13, 4.749
304, 38.7, 4.782
305, 38.48, 4.799
306, 38.06, 4.832
307, 37.69, 4.866
308, 37.49, 4.882
309, 37.1, 4.916
310, 36.93, 4.932
311, 36.6, 4.966
312, 36.28, 4.999
313, 36.12, 5.016
314, 35.82, 5.049
315, 35.55, 5.082
316, 35.42, 5.099
317, 35.17, 5.132
318, 34.89, 5.166
319, 34.77, 5.182
320, 34.53, 5.216
321, 34.28, 5.249
322, 34.16, 5.266
323, 33.92, 5.299
324, 33.69, 5.332
325, 33.47, 5.366
326, 33.33, 5.382
327, 33.12, 5.416
328, 32.96, 5.449
329, 32.73, 5.482
330, 32.62, 5.499
331, 32.47, 5.532
332, 32.33, 5.566
333, 32.17, 5.599
334, 32.04, 5.632
335, 31.92, 5.666
336, 31.86, 5.682
337, 31.73, 5.716
338, 31.62, 5.749
339, 31.5, 5.782
340, 31.38, 5.816
341, 31.26, 5.849
342, 31.14, 5.882
343, 31.01, 5.916
344, 30.9, 5.949
345, 30.77, 5.982
346, 30.65, 6.016
347, 30.52, 6.049
348, 30.4, 6.082
349, 30.28, 6.116
350, 30.14, 6.149
351, 30.01, 6.182
352, 29.89, 6.216
353, 29.75, 6.249
354, 29.61, 6.282
355, 29.48, 6.316
356, 29.37, 6.349
357, 29.25, 6.382
358, 29.14, 6.416
359, 29.03, 6.449
360, 28.93, 6.482
361, 28.82, 6.516
362, 28.71, 6.549
363, 28.6, 6.582
364, 28.49, 6.616
365, 28.39, 6.649
366, 28.3, 6.682
367, 28.2, 6.716
368, 28.11, 6.749
369, 28.01, 6.782
370, 27.91, 6.816
371, 27.82, 6.849
372, 27.72, 6.882
373, 27.58, 6.932
374, 27.48, 6.966
375, 27.39, 6.999
376, 27.3, 7.032
377, 27.2, 7.066
378, 27.11, 7.099
379, 27.01, 7.149
380, 27.07, 7.182
381, 27.14, 7.216
382, 27.17, 7.249
383, 27.27, 7.282
384, 27.37, 7.332
385, 27.43, 7.366
386, 27.52, 7.399
387, 27.63, 7.432
388, 27.71, 7.466
389, 27.81, 7.499
390, 27.93, 7.549
391, 28.04, 7.582
392, 28.12, 7.616
393, 28.2, 7.649
394, 28.31, 7.682
395, 28.38, 7.716
396, 28.48, 7.749
397, 28.58, 7.782
398, 28.65, 7.816
399, 28.75, 7.849
400, 28.86, 7.882
401, 29.07, 7.932
402, 29.24, 7.966
403, 29.38, 7.999
404, 29.51, 8.032
405, 29.62, 8.066
406, 29.83, 8.099
407, 30.03, 8.132
408, 30.17, 8.166
409, 30.33, 8.199
410, 30.5, 8.232
411, 30.69, 8.266
412, 30.86, 8.299
413, 31.06, 8.332
414, 31.19, 8.366
415, 31.35, 8.399
416, 31.54, 8.432
417, 31.71, 8.466
418, 31.91, 8.499
419, 32.06, 8.532
420, 32.23, 8.566
421, 32.41, 8.599
422, 32.56, 8.632
423, 32.76, 8.666
424, 32.92, 8.699
425, 33.09, 8.732
426, 33.27, 8.766
427, 33.33, 8.782
428, 33.5, 8.816
429, 33.68, 8.849
430, 33.83, 8.882
431, 34.02, 8.916
432, 34.17, 8.949
433, 34.25, 8.966
434, 34.43, 8.999
435, 34.58, 9.032
436, 34.76, 9.066
437, 34.86, 9.082
438, 35.03, 9.116
439, 35.23, 9.149
440, 35.43, 9.182
441, 35.5, 9.199
442, 35.68, 9.232
443, 35.89, 9.266
444, 36.05, 9.299
445, 36.15, 9.316
446, 36.35, 9.349
447, 36.52, 9.382
448, 36.62, 9.399
449, 36.83, 9.432
450, 37.03, 9.466
451, 37.13, 9.482
452, 37.33, 9.516
453, 37.53, 9.549
454, 37.63, 9.566
455, 37.84, 9.599
456, 37.94, 9.616
457, 38.14, 9.649
458, 38.33, 9.682
459, 38.42, 9.699
460, 38.63, 9.732
461, 38.73, 9.749
462, 38.93, 9.782
463, 39.03, 9.799
464, 39.22, 9.832
465, 39.41, 9.866
466, 39.5, 9.882
467, 39.69, 9.916
468, 39.79, 9.932
469, 39.98, 9.966
470, 40.08, 9.982
471, 40.26, 10.016
472, 40.35, 10.032
473, 40.51, 10.066
474, 40.58, 10.082
475, 40.55, 10.116
476, 40.67, 10.132
477, 40.95, 10.166
478, 41, 10.182
479, 41.1, 10.199
480, 41.27, 10.232
481, 41.35, 10.249
482, 41.53, 10.282
483, 41.61, 10.299
484, 41.78, 10.332
485, 41.87, 10.349
486, 42.04, 10.382
487, 42.12, 10.399
488, 42.2, 10.416
489, 42.37, 10.449
490, 42.45, 10.466
491, 42.62, 10.499
492, 42.7, 10.516
493, 42.79, 10.532
494, 42.95, 10.566
495, 43.03, 10.582
496, 43.2, 10.616
497, 43.28, 10.632
498, 43.37, 10.649
499, 43.53, 10.682
500, 43.61, 10.699
501, 43.77, 10.732
502, 43.85, 10.749
503, 43.93, 10.766
504, 44.09, 10.799
505, 44.17, 10.816
506, 44.26, 10.832
507, 44.41, 10.866
508, 44.49, 10.882
509, 44.65, 10.916
510, 44.73, 10.932
511, 44.81, 10.949
512, 44.97, 10.982
513, 45.05, 10.999
514, 45.13, 11.016
515, 45.28, 11.049
516, 45.36, 11.066
517, 45.44, 11.082
518, 45.52, 11.099
519, 45.67, 11.132
520, 45.75, 11.149
521, 45.82, 11.166
522, 45.97, 11.199
523, 46.05, 11.216
524, 46.12, 11.232
525, 46.28, 11.266
526, 46.35, 11.282
527, 46.43, 11.299
528, 46.5, 11.316
529, 46.65, 11.349
530, 46.72, 11.366
531, 46.79, 11.382
532, 46.94, 11.416
533, 47.01, 11.432
534, 47.08, 11.449
535, 47.15, 11.466
536, 47.3, 11.499
537, 47.37, 11.516
538, 47.44, 11.532
539, 47.57, 11.566
540, 47.64, 11.582
541, 47.71, 11.599
542, 47.78, 11.616
543, 47.91, 11.649
544, 47.98, 11.666
545, 48.05, 11.682
546, 48.12, 11.699
547, 48.25, 11.732
548, 48.31, 11.749
549, 48.38, 11.766
550, 48.44, 11.782
551, 48.5, 11.799
552, 48.63, 11.832
553, 48.7, 11.849
554, 48.76, 11.866
555, 48.83, 11.882
556, 48.95, 11.916
557, 49.02, 11.932
558, 49.08, 11.949
559, 49.14, 11.966
560, 49.27, 11.999
561, 49.33, 12.016
562, 49.39, 12.032
563, 49.45, 12.049
564, 49.51, 12.066
565, 49.64, 12.099
566, 49.7, 12.116
567, 49.76, 12.132
568, 49.82, 12.149
569, 49.87, 12.166
570, 49.98, 12.199
571, 50.02, 12.216
572, 50.06, 12.232
573, 50.1, 12.249
574, 50.13, 12.266
575, 50.17, 12.299
576, 50.18, 12.316
577, 50.19, 12.332
578, 50.19, 12.349
579, 50.18, 12.366
580, 50.16, 12.399
581, 50.16, 12.416
582, 50.15, 12.432
583, 50.12, 12.449
584, 50.09, 12.466
585, 50.31, 12.499
586, 50.32, 12.516
587, 50.37, 12.532
588, 50.45, 12.549
589, 50.51, 12.566
590, 50.55, 12.582
591, 50.65, 12.616
592, 50.72, 12.632
593, 50.77, 12.649
594, 50.82, 12.666
595, 50.87, 12.682
596, 50.98, 12.716
597, 51.03, 12.732
598, 51.08, 12.749
599, 51.13, 12.766
600, 51.18, 12.782
601, 51.24, 12.799
602, 51.33, 12.832
603, 51.38, 12.849
604, 51.43, 12.866
605, 51.49, 12.882
606, 51.53, 12.899
607, 51.58, 12.916
608, 51.69, 12.949
609, 51.73, 12.966
610, 51.78, 12.982
611, 51.82, 12.999
612, 51.86, 13.016
613, 51.9, 13.032
614, 51.97, 13.066
615, 52.01, 13.082
616, 52.03, 13.099
617, 52.06, 13.116
618, 52.08, 13.132
619, 52.09, 13.149
620, 52.07, 13.166
621, 51.99, 13.199
622, 51.92, 13.216
623, 51.83, 13.232
624, 51.73, 13.249
625, 51.63, 13.266
626, 51.5, 13.282
627, 51.18, 13.316
628, 51.05, 13.332
629, 50.9, 13.349
630, 50.72, 13.366
631, 50.54, 13.382
632, 50.37, 13.399
633, 49.98, 13.432
634, 49.78, 13.449
635, 49.59, 13.466
636, 49.38, 13.482
637, 49, 13.516
638, 48.81, 13.532
639, 48.56, 13.549
640, 48.28, 13.566
641, 47.85, 13.599
642, 47.67, 13.616
643, 47.49, 13.632
644, 47.28, 13.649
645, 46.88, 13.682
646, 46.72, 13.699
647, 46.53, 13.716
648, 46.18, 13.749
649, 46.03, 13.766
650, 45.89, 13.782
651, 45.6, 13.816
652, 45.48, 13.832
653, 45.37, 13.849
654, 45.26, 13.866
655, 45.04, 13.899
656, 44.93, 13.916
657, 44.81, 13.932
658, 44.55, 13.966
659, 44.43, 13.982
660, 44.14, 14.016
661, 44.01, 14.032
662, 43.89, 14.049
663, 43.64, 14.082
664, 43.53, 14.099
665, 43.4, 14.116
666, 43.19, 14.149
667, 43.09, 14.166
668, 42.88, 14.199
669, 42.79, 14.216
670, 42.69, 14.232
671, 42.44, 14.266
672, 42.31, 14.282
673, 42.17, 14.299
674, 41.91, 14.332
675, 41.8, 14.349
676, 41.61, 14.382
677, 41.52, 14.399
678, 41.33, 14.432
679, 41.26, 14.449
680, 41.13, 14.482
681, 41.06, 14.499
682, 41.01, 14.516
683, 40.87, 14.549
684, 40.8, 14.566
685, 40.69, 14.599
686, 40.63, 14.616
687, 40.5, 14.649
688, 40.44, 14.666
689, 40.33, 14.699
690, 40.27, 14.716
691, 40.14, 14.749
692, 40.07, 14.766
693, 39.94, 14.799
694, 39.87, 14.816
695, 39.75, 14.849
696, 39.69, 14.866
697, 39.56, 14.899
698, 39.5, 14.916
699, 39.37, 14.949
700, 39.31, 14.966
701, 39.18, 14.999
702, 39.11, 15.016
703, 38.98, 15.049
704, 38.92, 15.066
705, 38.79, 15.099
706, 38.67, 15.132
707, 38.61, 15.149
708, 38.5, 15.182
709, 38.45, 15.199
710, 38.36, 15.232
711, 38.32, 15.249
712, 38.37, 15.282
713, 38.35, 15.299
714, 38.35, 15.332
715, 38.37, 15.366
716, 38.38, 15.382
717, 38.4, 15.416
718, 38.41, 15.432
719, 38.42, 15.466
720, 38.43, 15.482
721, 38.45, 15.516
722, 38.46, 15.532
723, 38.49, 15.566
724, 38.51, 15.582
725, 38.57, 15.616
726, 38.62, 15.632
727, 38.69, 15.666
728, 38.73, 15.682
729, 38.84, 15.716
730, 38.89, 15.732
731, 39, 15.766
732, 39.06, 15.782
733, 39.19, 15.816
734, 39.25, 15.832
735, 39.4, 15.866
736, 39.46, 15.882
737, 39.58, 15.916
738, 39.66, 15.932
739, 39.81, 15.966
740, 39.88, 15.982
741, 40.03, 16.016
742, 40.12, 16.032
743, 40.29, 16.066
744, 40.37, 16.082
745, 40.53, 16.116
746, 40.62, 16.132
747, 40.8, 16.166
748, 40.89, 16.182
749, 41.05, 16.216
750, 41.12, 16.232
751, 41.27, 16.266
752, 41.34, 16.282
753, 41.42, 16.316
754, 41.41, 16.332
755, 41.31, 16.366
756, 41.26, 16.382
757, 41.2, 16.399
758, 40.99, 16.432
759, 40.87, 16.449
760, 40.68, 16.482
761, 40.58, 16.499
762, 40.3, 16.532
763, 40.15, 16.549
764, 39.85, 16.582
765, 39.69, 16.599
766, 39.33, 16.632
767, 39.15, 16.649
768, 38.81, 16.682
769, 38.63, 16.699
770, 38.27, 16.732
771, 37.94, 16.766
772, 37.76, 16.782
773, 37.41, 16.816
774, 37.08, 16.849
775, 36.9, 16.866
776, 36.59, 16.899
777, 36.28, 16.932
778, 36.13, 16.949
779, 35.92, 16.982
780, 35.5, 17.016
781, 35.16, 17.049
782, 35.02, 17.066
783, 34.73, 17.099
784, 34.48, 17.132
785, 34.25, 17.166
786, 34.05, 17.199
787, 33.95, 17.216
788, 33.77, 17.249
789, 33.6, 17.282
790, 33.37, 17.316
791, 33.15, 17.349
792, 32.94, 17.382
793, 32.85, 17.399
794, 32.66, 17.432
795, 32.5, 17.466
796, 32.34, 17.499
797, 32.18, 17.532
798, 32.03, 17.566
799, 31.85, 17.599
800, 31.7, 17.632
801, 31.59, 17.666
802, 31.49, 17.699
803, 31.39, 17.732
804, 31.29, 17.766
805, 31.17, 17.799
806, 31.07, 17.832
807, 30.95, 17.866
808, 30.82, 17.899
809, 30.72, 17.932
810, 30.62, 17.966
811, 30.52, 17.999
812, 30.4, 18.032
813, 30.27, 18.066
814, 30.17, 18.099
815, 30.06, 18.132
816, 29.98, 18.166
817, 29.98, 18.199
818, 30.12, 18.232
819, 30.19, 18.266
820, 30.3, 18.299
821, 30.54, 18.349
822, 30.69, 18.382
823, 30.86, 18.416
824, 31.06, 18.449
825, 31.27, 18.482
826, 31.47, 18.516
827, 31.68, 18.549
828, 31.88, 18.582
829, 32.09, 18.616
830, 32.19, 18.632
831, 32.39, 18.666
832, 32.58, 18.699
833, 32.75, 18.732
834, 32.87, 18.766
835, 32.9, 18.799
836, 32.88, 18.816
837, 32.82, 18.849
838, 32.75, 18.882
839, 32.55, 18.916
840, 32.45, 18.949
841, 32.43, 18.966
842, 32.38, 18.999
843, 32.3, 19.032
844, 32.19, 19.066
845, 32.14, 19.099
846, 32.14, 19.116
847, 32.24, 19.149
848, 32.21, 19.182
849, 32.18, 19.216
850, 32.2, 19.249
851, 32.24, 19.282
852, 32.34, 19.316
853, 32.48, 19.349
854, 32.65, 19.382
855, 32.73, 19.399
856, 32.9, 19.432
857, 33.08, 19.466
858, 33.28, 19.499
859, 33.44, 19.532
860, 33.59, 19.566
861, 33.67, 19.582
862, 33.82, 19.616
863, 33.96, 19.649
864, 34.09, 19.682
865, 34.23, 19.716
866, 34.3, 19.732
867, 34.43, 19.766
868, 34.57, 19.799
869, 34.64, 19.816
870, 34.77, 19.849
871, 34.9, 19.882
872, 35.02, 19.916
873, 35.08, 19.932
874, 35.2, 19.966
875, 35.31, 19.999
876, 35.35, 20.016
877, 35.46, 20.049
878, 35.54, 20.082
879, 35.58, 20.099
880, 35.68, 20.132
881, 35.76, 20.166
882, 35.81, 20.182
883, 35.92, 20.216
884, 36.03, 20.249
885, 36.08, 20.266
886, 36.22, 20.299
887, 36.37, 20.332
888, 36.45, 20.349
889, 36.59, 20.382
890, 36.77, 20.416
891, 36.86, 20.432
892, 37.03, 20.466
893, 37.21, 20.499
894, 37.29, 20.516
895, 37.46, 20.549
896, 37.64, 20.582
897, 37.7, 20.599
898, 37.78, 20.632
899, 37.85, 20.666
900, 37.93, 20.682
901, 38.15, 20.716
902, 38.25, 20.732
903, 38.37, 20.766
904, 38.44, 20.782
905, 38.61, 20.816
906, 38.75, 20.849
907, 38.81, 20.866
908, 38.91, 20.899
909, 38.97, 20.916
910, 39.1, 20.949
911, 39.2, 20.966
912, 39.38, 20.999
913, 39.41, 21.016
914, 39.44, 21.049
915, 39.41, 21.066
916, 39.41, 21.099
917, 39.4, 21.116
918, 39.49, 21.149
919, 39.68, 21.182
920, 39.67, 21.199
921, 39.7, 21.232
922, 39.78, 21.249
923, 39.93, 21.282
924, 40.08, 21.299
925, 40.31, 21.332
926, 40.39, 21.349
927, 40.52, 21.382
928, 40.59, 21.399
929, 40.72, 21.432
930, 40.79, 21.449
931, 40.86, 21.466
932, 41.03, 21.499
933, 41.11, 21.516
934, 41.28, 21.549
935, 41.34, 21.566
936, 41.49, 21.599
937, 41.56, 21.616
938, 41.72, 21.649
939, 41.79, 21.666
940, 41.94, 21.699
941, 42.01, 21.716
942, 42.09, 21.732
943, 42.25, 21.766
944, 42.33, 21.782
945, 42.47, 21.816
946, 42.55, 21.832
947, 42.68, 21.866
948, 42.76, 21.882
949, 42.83, 21.899
950, 42.98, 21.932
951, 43.05, 21.949
952, 43.21, 21.982
953, 43.28, 21.999
954, 43.36, 22.016
955, 43.51, 22.049
956, 43.58, 22.066
957, 43.65, 22.082
958, 43.81, 22.116
959, 43.88, 22.132
960, 44.03, 22.166
961, 44.1, 22.182
962, 44.17, 22.199
963, 44.31, 22.232
964, 44.38, 22.249
965, 44.45, 22.266
966, 44.59, 22.299
967, 44.66, 22.316
968, 44.75, 22.332
969, 44.9, 22.366
970, 44.97, 22.382
971, 45.04, 22.399
972, 45.18, 22.432
973, 45.26, 22.449
974, 45.34, 22.466
975, 45.49, 22.499
976, 45.56, 22.516
977, 45.63, 22.532
978, 45.77, 22.566
979, 45.84, 22.582
980, 45.92, 22.599
981, 46.06, 22.632
982, 46.14, 22.649
983, 46.21, 22.666
984, 46.36, 22.699
985, 46.43, 22.716
986, 46.5, 22.732
987, 46.57, 22.749
988, 46.71, 22.782
989, 46.78, 22.799
990, 46.85, 22.816
991, 47, 22.849
992, 47.07, 22.866
993, 47.14, 22.882
994, 47.21, 22.899
995, 47.34, 22.932
996, 47.41, 22.949
997, 47.48, 22.966
998, 47.55, 22.982
999, 47.69, 23.016
1000, 47.76, 23.032
1001, 47.83, 23.049
1002, 47.9, 23.066
1003, 48.04, 23.099
1004, 48.11, 23.116
1005, 48.18, 23.132
1006, 48.24, 23.149
1007, 48.38, 23.182
1008, 48.44, 23.199
1009, 48.51, 23.216
1010, 48.58, 23.232
1011, 48.72, 23.266
1012, 48.79, 23.282
1013, 48.86, 23.299
1014, 48.92, 23.316
1015, 49.06, 23.349
1016, 49.12, 23.366
1017, 49.19, 23.382
1018, 49.26, 23.399
1019, 49.32, 23.416
1020, 49.46, 23.449
1021, 49.52, 23.466
1022, 49.59, 23.482
1023, 49.65, 23.499
1024, 49.72, 23.516
1025, 49.84, 23.549
1026, 49.9, 23.566
1027, 49.95, 23.582
1028, 50, 23.599
1029, 50.09, 23.632
1030, 50.13, 23.649
1031, 50.11, 23.666
1032, 50.08, 23.682
1033, 50.19, 23.699
1034, 50.34, 23.732
1035, 50.38, 23.749
1036, 50.45, 23.766
1037, 50.51, 23.782
1038, 50.56, 23.799
1039, 50.62, 23.816
1040, 50.74, 23.849
1041, 50.8, 23.866
1042, 50.85, 23.882
1043, 50.91, 23.899
1044, 50.97, 23.916
1045, 51.09, 23.949
1046, 51.15, 23.966
1047, 51.21, 23.982
1048, 51.26, 23.999
1049, 51.32, 24.016
1050, 51.38, 24.032
1051, 51.5, 24.066
1052, 51.56, 24.082
1053, 51.61, 24.099
1054, 51.67, 24.116
1055, 51.73, 24.132
1056, 51.78, 24.149
1057, 51.89, 24.182
1058, 51.95, 24.199
1059, 52, 24.216
1060, 52.06, 24.232
1061, 52.11, 24.249
1062, 52.17, 24.266
1063, 52.28, 24.299
1064, 52.34, 24.316
1065, 52.39, 24.332
1066, 52.45, 24.349
1067, 52.5, 24.366
1068, 52.55, 24.382
1069, 52.61, 24.399
1070, 52.71, 24.432
1071, 52.77, 24.449
1072, 52.82, 24.466
1073, 52.88, 24.482
1074, 52.93, 24.499
1075, 52.98, 24.516
1076, 53.04, 24.532
1077, 53.15, 24.566
1078, 53.2, 24.582
1079, 53.26, 24.599
1080, 53.31, 24.616
1081, 53.37, 24.632
1082, 53.43, 24.649
1083, 53.48, 24.666
1084, 53.54, 24.682
1085, 53.65, 24.716
1086, 53.71, 24.732
1087, 53.76, 24.749
1088, 53.82, 24.766
1089, 53.88, 24.782
1090, 53.94, 24.799
1091, 53.99, 24.816
1092, 54.05, 24.832
1093, 54.16, 24.866
1094, 54.22, 24.882
1095, 54.28, 24.899
1096, 54.33, 24.916
1097, 54.39, 24.932
1098, 54.44, 24.949
1099, 54.5, 24.966
1100, 54.55, 24.982
1101, 54.61, 24.999
1102, 54.66, 25.016
1103, 54.78, 25.049
1104, 54.84, 25.066
1105, 54.89, 25.082
1106, 54.95, 25.099
1107, 55.01, 25.116
1108, 55.07, 25.132
1109, 55.12, 25.149
1110, 55.18, 25.166
1111, 55.23, 25.182
1112, 55.29, 25.199
1113, 55.4, 25.232
1114, 55.46, 25.249
1115, 55.52, 25.266
1116, 55.58, 25.282
1117, 55.64, 25.299
1118, 55.69, 25.316
1119, 55.75, 25.332
1120, 55.81, 25.349
1121, 55.87, 25.366
1122, 55.92, 25.382
1123, 55.97, 25.399
1124, 56.03, 25.416
1125, 56.09, 25.432
1126, 56.2, 25.466
1127, 56.25, 25.482
1128, 56.3, 25.499
1129, 56.36, 25.516
1130, 56.41, 25.532
1131, 56.46, 25.549
1132, 56.52, 25.566
1133, 56.57, 25.582
1134, 56.62, 25.599
1135, 56.67, 25.616
1136, 56.73, 25.632
1137, 56.78, 25.649
1138, 56.83, 25.666
1139, 56.88, 25.682
1140, 56.94, 25.699
1141, 56.99, 25.716
1142, 57.09, 25.749
1143, 57.14, 25.766
1144, 57.2, 25.782
1145, 57.25, 25.799
1146, 57.3, 25.816
1147, 57.35, 25.832
1148, 57.4, 25.849
1149, 57.45, 25.866
1150, 57.5, 25.882
1151, 57.55, 25.899
1152, 57.61, 25.916
1153, 57.66, 25.932
1154, 57.71, 25.949
1155, 57.76, 25.966
1156, 57.81, 25.982
1157, 57.86, 25.999
1158, 57.9, 26.016
1159, 57.95, 26.032
1160, 58, 26.049
1161, 58.05, 26.066
1162, 58.1, 26.082
1163, 58.15, 26.099
1164, 58.2, 26.116
1165, 58.24, 26.132
1166, 58.34, 26.166
1167, 58.39, 26.182
1168, 58.43, 26.199
1169, 58.48, 26.216
1170, 58.51, 26.232
1171, 58.55, 26.249
1172, 58.59, 26.266
1173, 58.64, 26.282
1174, 58.68, 26.299
1175, 58.72, 26.316
1176, 58.76, 26.332
1177, 58.8, 26.349
1178, 58.84, 26.366
1179, 58.88, 26.382
1180, 58.92, 26.399
1181, 58.96, 26.416
1182, 59, 26.432
1183, 59.04, 26.449
1184, 59.08, 26.466
1185, 59.12, 26.482
1186, 59.16, 26.499
1187, 59.2, 26.516
1188, 59.24, 26.532
1189, 59.28, 26.549
1190, 59.32, 26.566
1191, 59.36, 26.582
1192, 59.39, 26.599
1193, 59.43, 26.616
1194, 59.46, 26.632
1195, 59.5, 26.649
1196, 59.54, 26.666
1197, 59.57, 26.682
1198, 59.61, 26.699
1199, 59.64, 26.716
1200, 59.68, 26.732
1201, 59.71, 26.749
1202, 59.75, 26.766
1203, 59.78, 26.782
1204, 59.82, 26.799
1205, 59.85, 26.816
1206, 59.88, 26.832
1207, 59.91, 26.849
1208, 59.95, 26.866
1209, 59.98, 26.882
1210, 60.01, 26.899
1211, 60.04, 26.916
1212, 60.07, 26.932
1213, 60.1, 26.949
1214, 60.13, 26.966
1215, 60.16, 26.982
1216, 60.19, 26.999
1217, 60.22, 27.016
1218, 60.25, 27.032
1219, 60.28, 27.049
1220, 60.3, 27.066
1221, 60.33, 27.082
1222, 60.35, 27.099
1223, 60.36, 27.116
1224, 60.38, 27.132
1225, 60.39, 27.149
1226, 60.41, 27.166
1227, 60.42, 27.182
1228, 60.43, 27.199
1229, 60.43, 27.216
1230, 60.44, 27.232
1231, 60.45, 27.249
1232, 60.41, 27.266
1233, 60.35, 27.282
1234, 60.45, 27.299
1235, 60.5, 27.316
1236, 60.47, 27.332
1237, 60.5, 27.349
1238, 60.56, 27.366
1239, 60.58, 27.382
1240, 60.6, 27.399
1241, 60.63, 27.416
1242, 60.66, 27.432
1243, 60.68, 27.449
1244, 60.71, 27.466
1245, 60.74, 27.482
1246, 60.77, 27.499
1247, 60.8, 27.516
1248, 60.82, 27.532
1249, 60.85, 27.549
1250, 60.87, 27.566
1251, 60.9, 27.582
1252, 60.92, 27.599
1253, 60.95, 27.616
1254, 60.98, 27.632
1255, 61, 27.649
1256, 61.03, 27.666
1257, 61.06, 27.682
1258, 61.09, 27.699
1259, 61.11, 27.716
1260, 61.13, 27.732
1261, 61.15, 27.749
1262, 61.17, 27.766
1263, 61.2, 27.782
1264, 61.22, 27.799
1265, 61.24, 27.816
1266, 61.27, 27.832
1267, 61.29, 27.849
1268, 61.32, 27.866
1269, 61.34, 27.882
1270, 61.36, 27.899
1271, 61.39, 27.916
1272, 61.39, 27.916
1273, 61.41, 27.932
1274, 61.43, 27.949
1275, 61.45, 27.966
1276, 61.47, 27.982
1277, 61.5, 27.999
1278, 61.52, 28.016
1279, 61.55, 28.032
1280, 61.57, 28.049
1281, 61.59, 28.066
1282, 61.62, 28.082
1283, 61.64, 28.099
1284, 61.66, 28.116
1285, 61.69, 28.132
1286, 61.72, 28.149
1287, 61.74, 28.166
1288, 61.76, 28.182
1289, 61.77, 28.199
1290, 61.79, 28.216
1291, 61.82, 28.232
1292, 61.84, 28.249
1293, 61.87, 28.266
1294, 61.9, 28.282
1295, 61.92, 28.299
1296, 61.94, 28.316
1297, 61.96, 28.332
1298, 61.99, 28.349
1299, 62.01, 28.366
1300, 62.03, 28.382
1301, 62.05, 28.399
1302, 62.08, 28.416
1303, 62.1, 28.432
1304, 62.13, 28.449
1305, 62.15, 28.466
1306, 62.17, 28.482
1307, 62.17, 28.482
1308, 62.19, 28.499
1309, 62.22, 28.516
1310, 62.24, 28.532
1311, 62.26, 28.549
1312, 62.28, 28.566
1313, 62.3, 28.582
1314, 62.33, 28.599
1315, 62.35, 28.616
1316, 62.37, 28.632
1317, 62.4, 28.649
1318, 62.42, 28.666
1319, 62.44, 28.682
1320, 62.47, 28.699
1321, 62.49, 28.716
1322, 62.51, 28.732
1323, 62.53, 28.749
1324, 62.56, 28.766
1325, 62.58, 28.782
1326, 62.6, 28.799
1327, 62.63, 28.816
1328, 62.65, 28.832
1329, 62.67, 28.849
1330, 62.7, 28.866
1331, 62.72, 28.882
1332, 62.75, 28.899
1333, 62.75, 28.899
1334, 62.77, 28.916
1335, 62.8, 28.932
1336, 62.82, 28.949
1337, 62.84, 28.966
1338, 62.86, 28.982
1339, 62.87, 28.999
1340, 62.89, 29.016
1341, 62.91, 29.032
1342, 62.93, 29.049
1343, 62.95, 29.066
1344, 62.97, 29.082
1345, 62.99, 29.099
1346, 63.02, 29.116
1347, 63.04, 29.132
1348, 63.06, 29.149
1349, 63.08, 29.166
1350, 63.1, 29.182
1351, 63.12, 29.199
1352, 63.13, 29.216
1353, 63.15, 29.232
1354, 63.17, 29.249
1355, 63.17, 29.249
1356, 63.19, 29.266
1357, 63.2, 29.282
1358, 63.22, 29.299
1359, 63.24, 29.316
1360, 63.26, 29.332
1361, 63.28, 29.349
1362, 63.29, 29.366
1363, 63.31, 29.382
1364, 63.32, 29.399
1365, 63.33, 29.416
1366, 63.35, 29.432
1367, 63.36, 29.449
1368, 63.37, 29.466
1369, 63.39, 29.482
1370, 63.4, 29.499
1371, 63.42, 29.516
1372, 63.43, 29.532
1373, 63.45, 29.549
1374, 63.46, 29.566
1375, 63.46, 29.566
1376, 63.47, 29.582
1377, 63.49, 29.599
1378, 63.5, 29.616
1379, 63.51, 29.632
1380, 63.52, 29.649
1381, 63.54, 29.666
1382, 63.55, 29.682
1383, 63.56, 29.699
1384, 63.58, 29.716
1385, 63.59, 29.732
1386, 63.61, 29.749
1387, 63.62, 29.766
1388, 63.64, 29.782
1389, 63.66, 29.799
1390, 63.67, 29.816
1391, 63.69, 29.832
1392, 63.7, 29.849
1393, 63.7, 29.866
1394, 63.71, 29.882
1395, 63.71, 29.882
1396, 63.71, 29.899
1397, 63.72, 29.916
1398, 63.73, 29.932
1399, 63.74, 29.949
1400, 63.73, 29.966
1401, 63.72, 29.982
1402, 63.76, 29.999
1403, 63.83, 30.016
1404, 63.88, 30.032
1405, 63.88, 30.049
1406, 63.88, 30.066
1407, 63.89, 30.082
1408, 63.9, 30.099
1409, 63.91, 30.116
1410, 63.92, 30.132
1411, 63.94, 30.149
1412, 63.96, 30.166
1413, 63.98, 30.182
1414, 63.98, 30.182
1415, 63.99, 30.199
1416, 64, 30.216
1417, 64.01, 30.232
1418, 64.02, 30.249
1419, 64.03, 30.266
1420, 64.04, 30.282
1421, 64.05, 30.299
1422, 64.06, 30.316
1423, 64.08, 30.332
1424, 64.09, 30.349
1425, 64.11, 30.366
1426, 64.12, 30.382
1427, 64.14, 30.399
1428, 64.14, 30.416
1429, 64.15, 30.432
1430, 64.15, 30.449
1431, 64.16, 30.466
1432, 64.16, 30.466
1433, 64.17, 30.482
1434, 64.18, 30.499
1435, 64.19, 30.516
1436, 64.2, 30.532
1437, 64.21, 30.549
1438, 64.23, 30.566
1439, 64.25, 30.582
1440, 64.26, 30.599
1441, 64.27, 30.616
1442, 64.27, 30.632
1443, 64.27, 30.649
1444, 64.28, 30.666
1445, 64.28, 30.682
1446, 64.3, 30.699
1447, 64.31, 30.716
1448, 64.31, 30.716
1449, 64.32, 30.732
1450, 64.33, 30.749
1451, 64.35, 30.766
1452, 64.36, 30.782
1453, 64.37, 30.799
1454, 64.39, 30.816
1455, 64.41, 30.832
1456, 64.42, 30.849
1457, 64.44, 30.866
1458, 64.45, 30.882
1459, 64.47, 30.899
1460, 64.49, 30.916
1461, 64.51, 30.932
1462, 64.53, 30.949
1463, 64.53, 30.949
1464, 64.55, 30.966
1465, 64.57, 30.982
1466, 64.58, 30.999
1467, 64.6, 31.016
1468, 64.61, 31.032
1469, 64.63, 31.049
1470, 64.65, 31.066
1471, 64.67, 31.082
1472, 64.68, 31.099
1473, 64.7, 31.116
1474, 64.72, 31.132
1475, 64.74, 31.149
1476, 64.76, 31.166
1477, 64.77, 31.182
1478, 64.77, 31.182
1479, 64.79, 31.199
1480, 64.81, 31.216
1481, 64.82, 31.232
1482, 64.84, 31.249
1483, 64.86, 31.266
1484, 64.88, 31.282
1485, 64.9, 31.299
1486, 64.93, 31.316
1487, 64.96, 31.332
1488, 64.97, 31.349
1489, 64.99, 31.366
1490, 65.01, 31.382
1491, 65.02, 31.399
1492, 65.02, 31.399
1493, 65.04, 31.416
1494, 65.06, 31.432
1495, 65.08, 31.449
1496, 65.1, 31.466
1497, 65.12, 31.482
1498, 65.13, 31.499
1499, 65.15, 31.516
1500, 65.17, 31.532
1501, 65.19, 31.549
1502, 65.22, 31.566
1503, 65.24, 31.582
1504, 65.25, 31.599
1505, 65.25, 31.599
1506, 65.26, 31.616
1507, 65.28, 31.632
1508, 65.29, 31.649
1509, 65.31, 31.666
1510, 65.32, 31.682
1511, 65.34, 31.699
1512, 65.35, 31.716
1513, 65.36, 31.732
1514, 65.37, 31.749
1515, 65.38, 31.766
1516, 65.38, 31.782
1517, 65.38, 31.782
1518, 65.37, 31.799
1519, 65.36, 31.816
1520, 65.34, 31.832
1521, 65.31, 31.849
1522, 65.25, 31.866
1523, 65.18, 31.882
1524, 65.09, 31.899
1525, 64.99, 31.916
1526, 64.91, 31.932
1527, 64.82, 31.949
1528, 64.72, 31.966
1529, 64.63, 31.982
1530, 64.63, 31.982
1531, 64.54, 31.999
1532, 64.43, 32.016
1533, 64.29, 32.032
1534, 64.18, 32.049
1535, 64.08, 32.066
1536, 63.98, 32.082
1537, 63.89, 32.099
1538, 63.79, 32.116
1539, 63.68, 32.132
1540, 63.57, 32.149
1541, 63.45, 32.166
1542, 63.34, 32.182
1543, 63.24, 32.199
1544, 63.13, 32.216
1545, 63.02, 32.232
1546, 62.9, 32.249
1547, 62.78, 32.266
1548, 62.67, 32.282
1549, 62.67, 32.282
1550, 62.54, 32.299
1551, 62.42, 32.316
1552, 62.28, 32.332
1553, 62.14, 32.349
1554, 62, 32.366
1555, 61.85, 32.382
1556, 61.7, 32.399
1557, 61.54, 32.416
1558, 61.39, 32.432
1559, 61.22, 32.449
1560, 61.05, 32.466
1561, 60.88, 32.482
1562, 60.69, 32.499
1563, 60.51, 32.516
1564, 60.32, 32.532
1565, 60.13, 32.549
1566, 59.93, 32.566
1567, 59.73, 32.582
1568, 59.53, 32.599
1569, 59.33, 32.616
1570, 59.13, 32.632
1571, 58.93, 32.649
1572, 58.74, 32.666
1573, 58.54, 32.682
1574, 58.34, 32.699
1575, 58.13, 32.716
1576, 57.95, 32.732
1577, 57.75, 32.749
1578, 57.47, 32.766
1579, 57.23, 32.782
1580, 57.07, 32.799
1581, 56.75, 32.832
1582, 56.6, 32.849
1583, 56.43, 32.866
1584, 56.25, 32.882
1585, 56.09, 32.899
1586, 55.94, 32.916
1587, 55.78, 32.932
1588, 55.61, 32.949
1589, 55.45, 32.966
1590, 55.3, 32.982
1591, 55.17, 32.999
1592, 55.04, 33.016
1593, 54.91, 33.032
1594, 54.66, 33.066
1595, 54.54, 33.082
1596, 54.39, 33.099
1597, 54.25, 33.116
1598, 54.1, 33.132
1599, 53.96, 33.149
1600, 53.82, 33.166
1601, 53.69, 33.182
1602, 53.57, 33.199
1603, 53.34, 33.232
1604, 53.23, 33.249
1605, 53.11, 33.266
1606, 52.99, 33.282
1607, 52.88, 33.299
1608, 52.78, 33.316
1609, 52.68, 33.332
1610, 52.51, 33.366
1611, 52.43, 33.382
1612, 52.35, 33.399
1613, 52.29, 33.416
1614, 52.23, 33.432
1615, 52.17, 33.449
1616, 52.07, 33.482
1617, 52.03, 33.499
1618, 51.98, 33.516
1619, 51.93, 33.532
1620, 51.88, 33.549
1621, 51.84, 33.566
1622, 51.8, 33.582
1623, 51.71, 33.616
1624, 51.66, 33.632
1625, 51.62, 33.649
1626, 51.57, 33.666
1627, 51.51, 33.682
1628, 51.46, 33.699
1629, 51.35, 33.732
1630, 51.3, 33.749
1631, 51.25, 33.766
1632, 51.2, 33.782
1633, 51.15, 33.799
1634, 51.1, 33.816
1635, 51, 33.849
1636, 50.96, 33.866
1637, 50.92, 33.882
1638, 50.89, 33.899
1639, 50.85, 33.916
1640, 50.81, 33.932
1641, 50.73, 33.966
1642, 50.71, 33.982
1643, 50.7, 33.999
1644, 50.66, 34.016
1645, 50.62, 34.032
1646, 50.6, 34.049
1647, 50.55, 34.082
1648, 50.52, 34.099
1649, 50.5, 34.116
1650, 50.48, 34.132
1651, 50.46, 34.149
1652, 50.41, 34.182
1653, 50.39, 34.199
1654, 50.37, 34.216
1655, 50.35, 34.232
1656, 50.33, 34.249
1657, 50.32, 34.266
1658, 50.32, 34.299
1659, 50.34, 34.316
1660, 50.37, 34.332
1661, 50.41, 34.349
1662, 50.45, 34.366
1663, 50.55, 34.399
1664, 50.6, 34.416
1665, 50.64, 34.432
1666, 50.69, 34.449
1667, 50.74, 34.466
1668, 50.83, 34.499
1669, 50.88, 34.516
1670, 50.93, 34.532
1671, 50.97, 34.549
1672, 51.02, 34.566
1673, 51.1, 34.599
1674, 51.14, 34.616
1675, 51.19, 34.632
1676, 51.23, 34.649
1677, 51.27, 34.666
1678, 51.31, 34.682
1679, 51.39, 34.716
1680, 51.42, 34.732
1681, 51.46, 34.749
1682, 51.49, 34.766
1683, 51.52, 34.782
1684, 51.55, 34.799
1685, 51.6, 34.832
1686, 51.62, 34.849
1687, 51.65, 34.866
1688, 51.67, 34.882
1689, 51.69, 34.899
1690, 51.72, 34.916
1691, 51.77, 34.949
1692, 51.79, 34.966
1693, 51.82, 34.982
1694, 51.85, 34.999
1695, 51.87, 35.016
1696, 51.89, 35.032
1697, 51.91, 35.049
1698, 51.96, 35.082
1699, 52, 35.099
1700, 52.02, 35.116
1701, 52.04, 35.132
1702, 52.07, 35.149
1703, 52.1, 35.166
1704, 52.13, 35.182
1705, 52.17, 35.199
1706, 52.24, 35.232
1707, 52.26, 35.249
1708, 52.29, 35.266
1709, 52.33, 35.282
1710, 52.36, 35.299
1711, 52.37, 35.316
1712, 52.39, 35.332
1713, 52.46, 35.366
1714, 52.49, 35.382
1715, 52.53, 35.399
1716, 52.57, 35.416
1717, 52.61, 35.432
1718, 52.65, 35.449
1719, 52.69, 35.466
1720, 52.77, 35.499
1721, 52.8, 35.516
1722, 52.84, 35.532
1723, 52.87, 35.549
1724, 52.91, 35.566
1725, 52.95, 35.582
1726, 52.98, 35.599
1727, 53.05, 35.632
1728, 53.08, 35.649
1729, 53.11, 35.666
1730, 53.14, 35.682
1731, 53.17, 35.699
1732, 53.21, 35.716
1733, 53.24, 35.732
1734, 53.28, 35.749
1735, 53.36, 35.782
1736, 53.4, 35.799
1737, 53.44, 35.816
1738, 53.47, 35.832
1739, 53.51, 35.849
1740, 53.54, 35.866
1741, 53.57, 35.882
1742, 53.6, 35.899
1743, 53.64, 35.916
1744, 53.71, 35.949
1745, 53.75, 35.966
1746, 53.79, 35.982
1747, 53.83, 35.999
1748, 53.86, 36.016
1749, 53.9, 36.032
1750, 53.93, 36.049
1751, 53.96, 36.066
1752, 53.99, 36.082
1753, 54.02, 36.099
1754, 54.09, 36.132
1755, 54.12, 36.149
1756, 54.16, 36.166
1757, 54.19, 36.182
1758, 54.23, 36.199
1759, 54.26, 36.216
1760, 54.29, 36.232
1761, 54.32, 36.249
1762, 54.35, 36.266
1763, 54.38, 36.282
1764, 54.41, 36.299
1765, 54.45, 36.316
1766, 54.51, 36.349
1767, 54.54, 36.366
1768, 54.57, 36.382
1769, 54.6, 36.399
1770, 54.64, 36.416
1771, 54.67, 36.432
1772, 54.69, 36.449
1773, 54.72, 36.466
1774, 54.75, 36.482
1775, 54.78, 36.499
1776, 54.8, 36.516
1777, 54.83, 36.532
1778, 54.88, 36.566
1779, 54.91, 36.582
1780, 54.94, 36.599
1781, 54.96, 36.616
1782, 55, 36.632
1783, 55.03, 36.649
1784, 55.06, 36.666
1785, 55.09, 36.682
1786, 55.13, 36.699
1787, 55.16, 36.716
1788, 55.2, 36.732
1789, 55.24, 36.749
1790, 55.31, 36.782
1791, 55.35, 36.799
1792, 55.39, 36.816
1793, 55.43, 36.832
1794, 55.47, 36.849
1795, 55.5, 36.866
1796, 55.54, 36.882
1797, 55.58, 36.899
1798, 55.61, 36.916
1799, 55.65, 36.932
1800, 55.68, 36.949
1801, 55.72, 36.966
1802, 55.75, 36.982
1803, 55.82, 37.016
1804, 55.86, 37.032
1805, 55.9, 37.049
1806, 55.94, 37.066
1807, 55.97, 37.082
1808, 56.01, 37.099
1809, 56.05, 37.116
1810, 56.08, 37.132
1811, 56.12, 37.149
1812, 56.15, 37.166
1813, 56.19, 37.182
1814, 56.23, 37.199
1815, 56.27, 37.216
1816, 56.3, 37.232
1817, 56.34, 37.249
1818, 56.38, 37.266
1819, 56.46, 37.299
1820, 56.5, 37.316
1821, 56.54, 37.332
1822, 56.58, 37.349
1823, 56.62, 37.366
1824, 56.66, 37.382
1825, 56.7, 37.399
1826, 56.74, 37.416
1827, 56.78, 37.432
1828, 56.83, 37.449
1829, 56.87, 37.466
1830, 56.91, 37.482
1831, 56.95, 37.499
1832, 56.99, 37.516
1833, 57.03, 37.532
1834, 57.07, 37.549
1835, 57.11, 37.566
1836, 57.15, 37.582
1837, 57.19, 37.599
1838, 57.27, 37.632
1839, 57.31, 37.649
1840, 57.36, 37.666
1841, 57.39, 37.682
1842, 57.43, 37.699
1843, 57.47, 37.716
1844, 57.51, 37.732
1845, 57.55, 37.749
1846, 57.59, 37.766
1847, 57.63, 37.782
1848, 57.67, 37.799
1849, 57.71, 37.816
1850, 57.75, 37.832
1851, 57.79, 37.849
1852, 57.83, 37.866
1853, 57.87, 37.882
1854, 57.91, 37.899
1855, 57.94, 37.916
1856, 57.98, 37.932
1857, 58.02, 37.949
1858, 58.06, 37.966
1859, 58.09, 37.982
1860, 58.13, 37.999
1861, 58.17, 38.016
1862, 58.2, 38.032
1863, 58.28, 38.066
1864, 58.32, 38.082
1865, 58.36, 38.099
1866, 58.39, 38.116
1867, 58.43, 38.132
1868, 58.47, 38.149
1869, 58.51, 38.166
1870, 58.55, 38.182
1871, 58.59, 38.199
1872, 58.63, 38.216
1873, 58.67, 38.232
1874, 58.71, 38.249
1875, 58.75, 38.266
1876, 58.79, 38.282
1877, 58.82, 38.299
1878, 58.86, 38.316
1879, 58.9, 38.332
1880, 58.94, 38.349
1881, 58.98, 38.366
1882, 59.02, 38.382
1883, 59.06, 38.399
1884, 59.1, 38.416
1885, 59.15, 38.432
1886, 59.18, 38.449
1887, 59.21, 38.466
1888, 59.24, 38.482
1889, 59.28, 38.499
1890, 59.26, 38.516
1891, 59.21, 38.532
1892, 59.31, 38.549
1893, 59.37, 38.566
1894, 59.36, 38.582
1895, 59.41, 38.599
1896, 59.44, 38.616
1897, 59.46, 38.632
1898, 59.49, 38.649
1899, 59.52, 38.666
1900, 59.55, 38.682
1901, 59.58, 38.699
1902, 59.61, 38.716
1903, 59.65, 38.732
1904, 59.67, 38.749
1905, 59.7, 38.766
1906, 59.72, 38.782
1907, 59.74, 38.799
1908, 59.76, 38.816
1909, 59.78, 38.832
1910, 59.79, 38.849
1911, 59.78, 38.866
1912, 59.77, 38.882
1913, 59.76, 38.899
1914, 59.75, 38.916
1915, 59.7, 38.932
1916, 59.61, 38.949
1917, 59.53, 38.966
1918, 59.42, 38.982
1919, 59.25, 38.999
1920, 59.17, 39.016
1921, 59.08, 39.032
1922, 58.96, 39.049
1923, 58.85, 39.066
1924, 58.7, 39.082
1925, 58.54, 39.099
1926, 58.42, 39.116
1927, 58.27, 39.132
1928, 58.1, 39.149
1929, 57.92, 39.166
1930, 57.75, 39.182
1931, 57.36, 39.216
1932, 57.17, 39.232
1933, 56.97, 39.249
1934, 56.78, 39.266
1935, 56.56, 39.282
1936, 56.26, 39.299
1937, 55.99, 39.316
1938, 55.79, 39.332
1939, 55.57, 39.349
1940, 55.33, 39.366
1941, 55.08, 39.382
1942, 54.84, 39.399
1943, 54.61, 39.416
1944, 54.38, 39.432
1945, 53.91, 39.466
1946, 53.67, 39.482
1947, 53.43, 39.499
1948, 53.19, 39.516
1949, 52.95, 39.532
1950, 52.71, 39.549
1951, 52.48, 39.566
1952, 52.25, 39.582
1953, 51.82, 39.616
1954, 51.62, 39.632
1955, 51.42, 39.649
1956, 51.24, 39.666
1957, 51.05, 39.682
1958, 50.87, 39.699
1959, 50.53, 39.732
1960, 50.36, 39.749
1961, 50.2, 39.766
1962, 50.04, 39.782
1963, 49.88, 39.799
1964, 49.58, 39.832
1965, 49.45, 39.849
1966, 49.31, 39.866
1967, 49.13, 39.882
1968, 48.71, 39.916
1969, 48.59, 39.932
1970, 48.47, 39.949
1971, 48.33, 39.966
1972, 48.01, 39.999
1973, 47.88, 40.016
1974, 47.74, 40.032
1975, 47.61, 40.049
1976, 47.33, 40.082
1977, 47.2, 40.099
1978, 47.06, 40.116
1979, 46.92, 40.132
1980, 46.69, 40.166
1981, 46.57, 40.182
1982, 46.45, 40.199
1983, 46.24, 40.232
1984, 46.16, 40.249
1985, 46.08, 40.266
1986, 45.92, 40.299
1987, 45.85, 40.316
1988, 45.77, 40.332
1989, 45.7, 40.349
1990, 45.56, 40.382
1991, 45.49, 40.399
1992, 45.42, 40.416
1993, 45.29, 40.449
1994, 45.23, 40.466
1995, 45.16, 40.482
1996, 45.04, 40.516
1997, 44.97, 40.532
1998, 44.9, 40.549
1999, 44.77, 40.582
2000, 44.7, 40.599
2001, 44.63, 40.616
2002, 44.49, 40.649
2003, 44.42, 40.666
2004, 44.35, 40.682
2005, 44.22, 40.716
2006, 44.16, 40.732
2007, 44.11, 40.749
2008, 44.03, 40.782
2009, 43.99, 40.799
2010, 43.99, 40.816
2011, 44.06, 40.849
2012, 44.05, 40.866
2013, 44.09, 40.899
2014, 44.1, 40.916
2015, 44.09, 40.932
2016, 44.15, 40.966
2017, 44.19, 40.982
2018, 44.23, 40.999
2019, 44.3, 41.032
2020, 44.36, 41.049
2021, 44.41, 41.066
2022, 44.5, 41.099
2023, 44.54, 41.116
2024, 44.57, 41.132
2025, 44.64, 41.166
2026, 44.68, 41.182
2027, 44.76, 41.216
2028, 44.8, 41.232
2029, 44.85, 41.249
2030, 44.92, 41.282
2031, 44.96, 41.299
2032, 45.02, 41.316
2033, 45.15, 41.349
2034, 45.21, 41.366
2035, 45.26, 41.382
2036, 45.32, 41.416
2037, 45.36, 41.432
2038, 45.4, 41.449
2039, 45.48, 41.482
2040, 45.54, 41.499
2041, 45.61, 41.516
2042, 45.7, 41.549
2043, 45.74, 41.566
2044, 45.78, 41.582
2045, 45.84, 41.599
2046, 45.92, 41.632
2047, 45.97, 41.649
2048, 46.04, 41.666
2049, 46.17, 41.699
2050, 46.22, 41.716
2051, 46.27, 41.732
2052, 46.32, 41.749
2053, 46.44, 41.782
2054, 46.5, 41.799
2055, 46.56, 41.816
2056, 46.67, 41.849
2057, 46.73, 41.866
2058, 46.79, 41.882
2059, 46.86, 41.899
2060, 46.99, 41.932
2061, 47.05, 41.949
2062, 47.11, 41.966
2063, 47.17, 41.982
2064, 47.29, 42.016
2065, 47.35, 42.032
2066, 47.41, 42.049
2067, 47.47, 42.066
2068, 47.58, 42.099
2069, 47.64, 42.116
2070, 47.69, 42.132
2071, 47.75, 42.149
2072, 47.86, 42.182
2073, 47.91, 42.199
2074, 47.96, 42.216
2075, 48.02, 42.232
2076, 48.12, 42.266
2077, 48.17, 42.282
2078, 48.22, 42.299
2079, 48.28, 42.316
2080, 48.39, 42.349
2081, 48.45, 42.366
2082, 48.5, 42.382
2083, 48.55, 42.399
2084, 48.66, 42.432
2085, 48.71, 42.449
2086, 48.76, 42.466
2087, 48.82, 42.482
2088, 48.87, 42.499
2089, 48.98, 42.532
2090, 49.04, 42.549
2091, 49.1, 42.566
2092, 49.16, 42.582
2093, 49.27, 42.616
2094, 49.33, 42.632
2095, 49.39, 42.649
2096, 49.45, 42.666
2097, 49.5, 42.682
2098, 49.62, 42.716
2099, 49.68, 42.732
2100, 49.74, 42.749
2101, 49.79, 42.766
2102, 49.84, 42.782
2103, 49.93, 42.816
2104, 49.97, 42.832
2105, 50.01, 42.849
2106, 50.05, 42.866
2107, 50.04, 42.882
2108, 50.11, 42.916
2109, 50.22, 42.932
2110, 50.24, 42.949
2111, 50.28, 42.966
2112, 50.34, 42.982
2113, 50.4, 42.999
2114, 50.5, 43.032
2115, 50.55, 43.049
2116, 50.61, 43.066
2117, 50.66, 43.082
2118, 50.71, 43.099
2119, 50.82, 43.132
2120, 50.87, 43.149
2121, 50.91, 43.166
2122, 50.96, 43.182
2123, 50.99, 43.199
2124, 51.03, 43.216
2125, 51.07, 43.249
2126, 51.06, 43.266
2127, 51.03, 43.282
2128, 50.97, 43.299
2129, 50.88, 43.316
2130, 50.79, 43.332
2131, 50.57, 43.366
2132, 50.38, 43.382
2133, 50.22, 43.399
2134, 50.08, 43.416
2135, 49.92, 43.432
2136, 49.75, 43.449
2137, 49.32, 43.482
2138, 49.1, 43.499
2139, 48.88, 43.516
2140, 48.64, 43.532
2141, 48.13, 43.566
2142, 47.88, 43.582
2143, 47.63, 43.599
2144, 47.37, 43.616
2145, 46.85, 43.649
2146, 46.6, 43.666
2147, 46.35, 43.682
2148, 46.09, 43.699
2149, 45.6, 43.732
2150, 45.35, 43.749
2151, 45.05, 43.766
2152, 44.5, 43.799
2153, 44.26, 43.816
2154, 44, 43.832
2155, 43.52, 43.866
2156, 43.28, 43.882
2157, 42.85, 43.916
2158, 42.64, 43.932
2159, 42.43, 43.949
2160, 41.94, 43.982
2161, 41.72, 43.999
2162, 41.36, 44.032
2163, 41.18, 44.049
2164, 40.99, 44.066
2165, 40.6, 44.099
2166, 40.41, 44.116
2167, 40.03, 44.149
2168, 39.85, 44.166
2169, 39.5, 44.199
2170, 39.32, 44.216
2171, 38.98, 44.249
2172, 38.81, 44.266
2173, 38.48, 44.299
2174, 38.14, 44.332
2175, 37.98, 44.349
2176, 37.64, 44.382
2177, 37.49, 44.399
2178, 37.1, 44.432
2179, 36.64, 44.466
2180, 36.47, 44.482
2181, 36.15, 44.516
2182, 35.8, 44.549
2183, 35.64, 44.566
2184, 35.31, 44.599
2185, 34.96, 44.632
2186, 34.79, 44.649
2187, 34.49, 44.682
2188, 34.23, 44.716
2189, 34, 44.749
2190, 33.91, 44.766
2191, 33.74, 44.799
2192, 33.57, 44.832
2193, 33.43, 44.866
2194, 33.37, 44.882
2195, 33.26, 44.916
2196, 33.15, 44.949
2197, 33.06, 44.982
2198, 32.96, 45.016
2199, 32.92, 45.032
2200, 32.82, 45.066
2201, 32.73, 45.099
2202, 32.64, 45.132
2203, 32.55, 45.166
2204, 32.46, 45.199
2205, 32.42, 45.216
2206, 32.33, 45.249
2207, 32.24, 45.282
2208, 32.17, 45.316
2209, 32.12, 45.349
2210, 32.09, 45.382
2211, 32.14, 45.399
2212, 32.24, 45.432
2213, 32.25, 45.466
2214, 32.28, 45.499
2215, 32.32, 45.532
2216, 32.35, 45.566
2217, 32.35, 45.599
2218, 32.33, 45.616
2219, 32.29, 45.649
2220, 32.23, 45.682
2221, 32.07, 45.716
2222, 32, 45.749
2223, 31.94, 45.782
2224, 31.83, 45.816
2225, 31.78, 45.832
2226, 31.71, 45.866
2227, 31.63, 45.899
2228, 31.54, 45.932
2229, 31.46, 45.966
2230, 31.37, 45.999
2231, 31.28, 46.032
2232, 31.23, 46.049
2233, 31.14, 46.082
2234, 31.05, 46.116
2235, 30.96, 46.149
2236, 30.86, 46.182
2237, 30.75, 46.216
2238, 30.63, 46.249
2239, 30.58, 46.266
2240, 30.48, 46.299
2241, 30.36, 46.332
2242, 30.24, 46.366
2243, 30.14, 46.399
2244, 30.05, 46.432
2245, 29.97, 46.466
2246, 29.87, 46.499
2247, 29.76, 46.532
2248, 29.65, 46.566
2249, 29.54, 46.599
2250, 29.43, 46.632
2251, 29.33, 46.666
2252, 29.23, 46.699
2253, 29.12, 46.732
2254, 29.04, 46.766
2255, 28.98, 46.799
2256, 28.91, 46.832
2257, 28.89, 46.866
2258, 28.91, 46.916
2259, 28.9, 46.949
2260, 28.95, 46.982
2261, 29, 47.016
2262, 29.02, 47.049
2263, 29.05, 47.082
2264, 29.07, 47.116
2265, 29.1, 47.149
2266, 29.16, 47.182
2267, 29.18, 47.216
2268, 29.21, 47.266
2269, 29.22, 47.299
2270, 29.26, 47.332
2271, 29.32, 47.366
2272, 29.33, 47.399
2273, 29.37, 47.432
2274, 29.4, 47.466
2275, 29.46, 47.499
2276, 29.54, 47.532
2277, 29.59, 47.566
2278, 29.68, 47.599
2279, 29.75, 47.632
2280, 29.84, 47.666
2281, 29.93, 47.699
2282, 30.04, 47.749
2283, 30.15, 47.782
2284, 30.21, 47.816
2285, 30.31, 47.849
2286, 30.39, 47.882
2287, 30.49, 47.916
2288, 30.59, 47.949
2289, 30.7, 47.982
2290, 30.8, 48.016
2291, 30.92, 48.049
2292, 31.06, 48.082
2293, 31.18, 48.116
2294, 31.34, 48.149
2295, 31.46, 48.182
2296, 31.62, 48.216
2297, 31.77, 48.249
2298, 31.91, 48.282
2299, 32.07, 48.316
2300, 32.2, 48.349
2301, 32.28, 48.366
2302, 32.44, 48.399
2303, 32.58, 48.432
2304, 32.74, 48.466
2305, 32.92, 48.499
2306, 33.07, 48.532
2307, 33.27, 48.566
2308, 33.37, 48.582
2309, 33.53, 48.616
2310, 33.74, 48.649
2311, 33.93, 48.682
2312, 34.13, 48.716
2313, 34.33, 48.749
2314, 34.43, 48.766
2315, 34.64, 48.799
2316, 34.84, 48.832
2317, 35.05, 48.866
2318, 35.14, 48.882
2319, 35.32, 48.916
2320, 35.52, 48.949
2321, 35.63, 48.966
2322, 35.83, 48.999
2323, 36.01, 49.032
2324, 36.21, 49.066
2325, 36.31, 49.082
2326, 36.5, 49.116
2327, 36.7, 49.149
2328, 36.8, 49.166
2329, 36.99, 49.199
2330, 37.19, 49.232
2331, 37.29, 49.249
2332, 37.47, 49.282
2333, 37.56, 49.299
2334, 37.75, 49.332
2335, 37.95, 49.366
2336, 38.05, 49.382
2337, 38.23, 49.416
2338, 38.32, 49.432
2339, 38.5, 49.466
2340, 38.6, 49.482
2341, 38.79, 49.516
2342, 38.98, 49.549
2343, 39.07, 49.566
2344, 39.25, 49.599
2345, 39.35, 49.616
2346, 39.54, 49.649
2347, 39.64, 49.666
2348, 39.82, 49.699
2349, 39.92, 49.716
2350, 40.1, 49.749
2351, 40.19, 49.766
2352, 40.37, 49.799
2353, 40.46, 49.816
2354, 40.61, 49.849
2355, 40.61, 49.866
2356, 40.71, 49.899
2357, 40.88, 49.916
2358, 41, 49.932
2359, 41.1, 49.966
2360, 41.19, 49.982
2361, 41.37, 50.016
2362, 41.45, 50.032
2363, 41.61, 50.066
2364, 41.7, 50.082
2365, 41.85, 50.116
2366, 41.93, 50.132
2367, 42.01, 50.149
2368, 42.18, 50.182
2369, 42.26, 50.199
2370, 42.41, 50.232
2371, 42.49, 50.249
2372, 42.64, 50.282
2373, 42.72, 50.299
2374, 42.79, 50.316
2375, 42.94, 50.349
2376, 43.02, 50.366
2377, 43.17, 50.399
2378, 43.24, 50.416
2379, 43.31, 50.432
2380, 43.46, 50.466
2381, 43.52, 50.482
2382, 43.64, 50.516
2383, 43.7, 50.532
2384, 43.76, 50.549
2385, 43.83, 50.582
2386, 43.84, 50.599
2387, 43.83, 50.616
2388, 43.71, 50.649
2389, 43.64, 50.666
2390, 43.46, 50.699
2391, 43.32, 50.716
2392, 43.14, 50.732
2393, 42.87, 50.766
2394, 42.72, 50.782
2395, 42.35, 50.816
2396, 42.15, 50.832
2397, 41.95, 50.849
2398, 41.54, 50.882
2399, 41.32, 50.899
2400, 40.88, 50.932
2401, 40.66, 50.949
2402, 40.2, 50.982
2403, 39.97, 50.999
2404, 39.52, 51.032
2405, 39.3, 51.049
2406, 38.85, 51.082
2407, 38.62, 51.099
2408, 38.19, 51.132
2409, 37.97, 51.149
2410, 37.55, 51.182
2411, 37.02, 51.216
2412, 36.76, 51.232
2413, 36.32, 51.266
2414, 35.89, 51.299
2415, 35.68, 51.316
2416, 35.27, 51.349
2417, 34.89, 51.382
2418, 34.7, 51.399
2419, 34.34, 51.432
2420, 34.02, 51.466
2421, 33.87, 51.482
2422, 33.59, 51.516
2423, 33.36, 51.549
2424, 33.14, 51.582
2425, 32.92, 51.616
2426, 32.82, 51.632
2427, 32.66, 51.666
2428, 32.49, 51.699
2429, 32.34, 51.732
2430, 32.21, 51.766
2431, 32.15, 51.782
2432, 32.02, 51.816
2433, 31.91, 51.849
2434, 31.8, 51.882
2435, 31.7, 51.916
2436, 31.6, 51.949
2437, 31.56, 51.966
2438, 31.46, 51.999
2439, 31.38, 52.032
2440, 31.32, 52.066
2441, 31.28, 52.099
2442, 31.25, 52.132
2443, 31.33, 52.166
2444, 31.34, 52.182
2445, 31.31, 52.216
2446, 31.31, 52.249
2447, 31.32, 52.282
2448, 31.3, 52.316
2449, 31.25, 52.349
2450, 31.2, 52.382
2451, 31.11, 52.399
2452, 30.98, 52.432
2453, 30.93, 52.466
2454, 30.87, 52.499
2455, 30.75, 52.532
2456, 30.67, 52.566
2457, 30.59, 52.599
2458, 30.49, 52.632
2459, 30.41, 52.666
2460, 30.32, 52.699
2461, 30.27, 52.716
2462, 30.17, 52.749
2463, 30.07, 52.782
2464, 29.97, 52.816
2465, 29.88, 52.849
2466, 29.78, 52.882
2467, 29.68, 52.916
2468, 29.58, 52.949
2469, 29.48, 52.982
2470, 29.38, 53.016
2471, 29.28, 53.049
2472, 29.23, 53.066
2473, 29.13, 53.099
2474, 29.03, 53.132
2475, 28.93, 53.166
2476, 28.83, 53.199
2477, 28.74, 53.232
2478, 28.63, 53.266
2479, 28.54, 53.299
2480, 28.45, 53.332
2481, 28.36, 53.366
2482, 28.27, 53.399
2483, 28.2, 53.432
2484, 28.14, 53.466
2485, 28.2, 53.499
2486, 28.3, 53.549
2487, 28.38, 53.582
2488, 28.41, 53.616
2489, 28.48, 53.649
2490, 28.53, 53.682
2491, 28.59, 53.716
2492, 28.66, 53.749
2493, 28.71, 53.782
2494, 28.79, 53.816
2495, 28.84, 53.849
2496, 28.91, 53.882
2497, 28.97, 53.916
2498, 29.02, 53.949
2499, 29.1, 53.982
2500, 29.15, 54.016
2501, 29.22, 54.049
2502, 29.28, 54.082
2503, 29.32, 54.116
2504, 29.38, 54.149
2505, 29.42, 54.182
2506, 29.48, 54.216
2507, 29.54, 54.249
2508, 29.57, 54.282
2509, 29.64, 54.316
2510, 29.67, 54.349
2511, 29.73, 54.382
2512, 29.77, 54.416
2513, 29.76, 54.449
2514, 29.78, 54.482
2515, 29.77, 54.516
2516, 29.79, 54.549
2517, 29.8, 54.582
2518, 29.87, 54.616
2519, 29.98, 54.649
2520, 29.97, 54.682
2521, 30.03, 54.716
2522, 30.06, 54.749
2523, 30.12, 54.782
2524, 30.24, 54.816
2525, 30.31, 54.849
2526, 30.42, 54.882
2527, 30.52, 54.916
2528, 30.65, 54.949
2529, 30.83, 54.982
2530, 30.95, 55.016
2531, 31.06, 55.049
2532, 31.15, 55.082
2533, 31.2, 55.099
2534, 31.33, 55.132
2535, 31.5, 55.166
2536, 31.65, 55.199
2537, 31.8, 55.232
2538, 31.89, 55.266
2539, 32.03, 55.299
2540, 32.19, 55.332
2541, 32.26, 55.349
2542, 32.42, 55.382
2543, 32.54, 55.416
2544, 32.65, 55.449
2545, 32.81, 55.482
2546, 32.95, 55.516
2547, 33.04, 55.532
2548, 33.25, 55.566
2549, 33.42, 55.599
2550, 33.61, 55.632
2551, 33.71, 55.649
2552, 33.88, 55.682
2553, 34.08, 55.716
2554, 34.31, 55.749
2555, 34.42, 55.766
2556, 34.64, 55.799
2557, 34.85, 55.832
2558, 35.05, 55.866
2559, 35.16, 55.882
2560, 35.37, 55.916
2561, 35.59, 55.949
2562, 35.69, 55.966
2563, 35.9, 55.999
2564, 36.11, 56.032
2565, 36.21, 56.049
2566, 36.42, 56.082
2567, 36.63, 56.116
2568, 36.73, 56.132
2569, 36.94, 56.166
2570, 37.13, 56.199
2571, 37.23, 56.216
2572, 37.44, 56.249
2573, 37.54, 56.266
2574, 37.74, 56.299
2575, 37.84, 56.316
2576, 38.03, 56.349
2577, 38.23, 56.382
2578, 38.32, 56.399
2579, 38.51, 56.432
2580, 38.6, 56.449
2581, 38.79, 56.482
2582, 38.88, 56.499
2583, 39.05, 56.532
2584, 39.22, 56.566
2585, 39.31, 56.582
2586, 39.49, 56.616
2587, 39.58, 56.632
2588, 39.75, 56.666
2589, 39.83, 56.682
2590, 39.98, 56.716
2591, 40.05, 56.732
2592, 40.17, 56.766
2593, 40.22, 56.782
2594, 40.31, 56.816
2595, 40.34, 56.832
2596, 40.43, 56.866
2597, 40.46, 56.882
2598, 40.54, 56.916
2599, 40.57, 56.932
2600, 40.63, 56.966
2601, 40.65, 56.982
2602, 40.62, 57.016
2603, 40.7, 57.032
2604, 40.92, 57.066
2605, 40.99, 57.082
2606, 41.1, 57.099
2607, 41.27, 57.132
2608, 41.34, 57.149
2609, 41.51, 57.182
2610, 41.59, 57.199
2611, 41.73, 57.232
2612, 41.81, 57.249
2613, 41.96, 57.282
2614, 42.05, 57.299
2615, 42.13, 57.316
2616, 42.31, 57.349
2617, 42.38, 57.366
2618, 42.53, 57.399
2619, 42.61, 57.416
2620, 42.77, 57.449
2621, 42.85, 57.466
2622, 42.92, 57.482
2623, 43.07, 57.516
2624, 43.15, 57.532
2625, 43.31, 57.566
2626, 43.39, 57.582
2627, 43.47, 57.599
2628, 43.62, 57.632
2629, 43.69, 57.649
2630, 43.77, 57.666
2631, 43.93, 57.699
2632, 44.01, 57.716
2633, 44.17, 57.749
2634, 44.24, 57.766
2635, 44.33, 57.782
2636, 44.49, 57.816
2637, 44.57, 57.832
2638, 44.64, 57.849
2639, 44.79, 57.882
2640, 44.88, 57.899
2641, 44.96, 57.916
2642, 45.11, 57.949
2643, 45.19, 57.966
2644, 45.27, 57.982
2645, 45.44, 58.016
2646, 45.52, 58.032
2647, 45.6, 58.049
2648, 45.76, 58.082
2649, 45.84, 58.099
2650, 45.91, 58.116
2651, 46.07, 58.149
2652, 46.14, 58.166
2653, 46.22, 58.182
2654, 46.3, 58.199
2655, 46.45, 58.232
2656, 46.53, 58.249
2657, 46.6, 58.266
2658, 46.75, 58.299
2659, 46.83, 58.316
2660, 46.9, 58.332
2661, 46.98, 58.349
2662, 47.13, 58.382
2663, 47.21, 58.399
2664, 47.28, 58.416
2665, 47.43, 58.449
2666, 47.5, 58.466
2667, 47.57, 58.482
2668, 47.64, 58.499
2669, 47.79, 58.532
2670, 47.86, 58.549
2671, 47.93, 58.566
2672, 48.01, 58.582
2673, 48.15, 58.616
2674, 48.23, 58.632
2675, 48.29, 58.649
2676, 48.36, 58.666
2677, 48.49, 58.699
2678, 48.56, 58.716
2679, 48.63, 58.732
2680, 48.7, 58.749
2681, 48.77, 58.766
2682, 48.91, 58.799
2683, 48.97, 58.816
2684, 49.04, 58.832
2685, 49.11, 58.849
2686, 49.24, 58.882
2687, 49.31, 58.899
2688, 49.37, 58.916
2689, 49.44, 58.932
2690, 49.51, 58.949
2691, 49.63, 58.982
2692, 49.7, 58.999
2693, 49.76, 59.016
2694, 49.83, 59.032
2695, 49.89, 59.049
2696, 50, 59.082
2697, 50.04, 59.099
2698, 50.09, 59.116
2699, 50.13, 59.132
2700, 50.16, 59.149
2701, 50.21, 59.182
2702, 50.23, 59.199
2703, 50.25, 59.216
2704, 50.23, 59.232
2705, 50.2, 59.249
2706, 50.43, 59.282
2707, 50.45, 59.299
2708, 50.49, 59.316
2709, 50.56, 59.332
2710, 50.64, 59.349
2711, 50.74, 59.382
2712, 50.8, 59.399
2713, 50.86, 59.416
2714, 50.92, 59.432
2715, 50.97, 59.449
2716, 51.03, 59.466
2717, 51.14, 59.499
2718, 51.19, 59.516
2719, 51.25, 59.532
2720, 51.31, 59.549
2721, 51.37, 59.566
2722, 51.43, 59.582
2723, 51.54, 59.616
2724, 51.6, 59.632
2725, 51.65, 59.649
2726, 51.71, 59.666
2727, 51.76, 59.682
2728, 51.82, 59.699
2729, 51.93, 59.732
2730, 51.98, 59.749
2731, 52.04, 59.766
2732, 52.09, 59.782
2733, 52.15, 59.799
2734, 52.2, 59.816
2735, 52.26, 59.832
2736, 52.37, 59.866
2737, 52.42, 59.882
2738, 52.48, 59.899
2739, 52.53, 59.916
2740, 52.58, 59.932
2741, 52.64, 59.949
2742, 52.69, 59.966
2743, 52.8, 59.999
2744, 52.85, 60.016
2745, 52.91, 60.032
2746, 52.96, 60.049
2747, 53.02, 60.066
2748, 53.07, 60.082
2749, 53.12, 60.099
2750, 53.17, 60.116
2751, 53.28, 60.149
2752, 53.33, 60.166
2753, 53.38, 60.182
2754, 53.43, 60.199
2755, 53.48, 60.216
2756, 53.54, 60.232
2757, 53.59, 60.249
2758, 53.64, 60.266
2759, 53.75, 60.299
2760, 53.8, 60.316
2761, 53.85, 60.332
2762, 53.9, 60.349
2763, 53.95, 60.366
2764, 54, 60.382
2765, 54.06, 60.399
2766, 54.11, 60.416
2767, 54.16, 60.432
2768, 54.27, 60.466
2769, 54.32, 60.482
2770, 54.37, 60.499
2771, 54.42, 60.516
2772, 54.46, 60.532
2773, 54.51, 60.549
2774, 54.56, 60.566
2775, 54.61, 60.582
2776, 54.66, 60.599
2777, 54.71, 60.616
2778, 54.81, 60.649
2779, 54.87, 60.666
2780, 54.92, 60.682
2781, 54.97, 60.699
2782, 55.02, 60.716
2783, 55.06, 60.732
2784, 55.11, 60.749
2785, 55.16, 60.766
2786, 55.21, 60.782
2787, 55.26, 60.799
2788, 55.3, 60.816
2789, 55.4, 60.849
2790, 55.45, 60.866
2791, 55.5, 60.882
2792, 55.55, 60.899
2793, 55.6, 60.916
2794, 55.65, 60.932
2795, 55.7, 60.949
2796, 55.74, 60.966
2797, 55.79, 60.982
2798, 55.84, 60.999
2799, 55.89, 61.016
2800, 55.93, 61.032
2801, 56.03, 61.066
2802, 56.07, 61.082
2803, 56.12, 61.099
2804, 56.16, 61.116
2805, 56.21, 61.132
2806, 56.25, 61.149
2807, 56.29, 61.166
2808, 56.34, 61.182
2809, 56.38, 61.199
2810, 56.43, 61.216
2811, 56.47, 61.232
2812, 56.51, 61.249
2813, 56.56, 61.266
2814, 56.6, 61.282
2815, 56.65, 61.299
2816, 56.69, 61.316
2817, 56.77, 61.349
2818, 56.82, 61.366
2819, 56.86, 61.382
2820, 56.9, 61.399
2821, 56.94, 61.416
2822, 56.98, 61.432
2823, 57.03, 61.449
2824, 57.07, 61.466
2825, 57.11, 61.482
2826, 57.15, 61.499
2827, 57.2, 61.516
2828, 57.24, 61.532
2829, 57.28, 61.549
2830, 57.32, 61.566
2831, 57.36, 61.582
2832, 57.4, 61.599
2833, 57.44, 61.616
2834, 57.48, 61.632
2835, 57.52, 61.649
2836, 57.6, 61.682
2837, 57.64, 61.699
2838, 57.68, 61.716
2839, 57.72, 61.732
2840, 57.75, 61.749
2841, 57.79, 61.766
2842, 57.83, 61.782
2843, 57.87, 61.799
2844, 57.91, 61.816
2845, 57.94, 61.832
2846, 57.98, 61.849
2847, 58.01, 61.866
2848, 58.05, 61.882
2849, 58.09, 61.899
2850, 58.12, 61.916
2851, 58.16, 61.932
2852, 58.2, 61.949
2853, 58.24, 61.966
2854, 58.28, 61.982
2855, 58.31, 61.999
2856, 58.35, 62.016
2857, 58.39, 62.032
2858, 58.42, 62.049
2859, 58.46, 62.066
2860, 58.49, 62.082
2861, 58.53, 62.099
2862, 58.57, 62.116
2863, 58.6, 62.132
2864, 58.64, 62.149
2865, 58.67, 62.166
2866, 58.75, 62.199
2867, 58.78, 62.216
2868, 58.82, 62.232
2869, 58.85, 62.249
2870, 58.89, 62.266
2871, 58.93, 62.282
2872, 58.97, 62.299
2873, 59.01, 62.316
2874, 59.05, 62.332
2875, 59.09, 62.349
2876, 59.13, 62.366
2877, 59.16, 62.382
2878, 59.19, 62.399
2879, 59.22, 62.416
2880, 59.25, 62.432
2881, 59.28, 62.449
2882, 59.32, 62.466
2883, 59.35, 62.482
2884, 59.39, 62.499
2885, 59.43, 62.516
2886, 59.47, 62.532
2887, 59.51, 62.549
2888, 59.54, 62.566
2889, 59.58, 62.582
2890, 59.62, 62.599
2891, 59.65, 62.616
2892, 59.69, 62.632
2893, 59.72, 62.649
2894, 59.76, 62.666
2895, 59.79, 62.682
2896, 59.83, 62.699
2897, 59.86, 62.716
2898, 59.9, 62.732
2899, 59.93, 62.749
2900, 59.97, 62.766
2901, 60, 62.782
2902, 60.04, 62.799
2903, 60.07, 62.816
2904, 60.11, 62.832
2905, 60.15, 62.849
2906, 60.18, 62.866
2907, 60.22, 62.882
2908, 60.25, 62.899
2909, 60.29, 62.916
2910, 60.32, 62.932
2911, 60.36, 62.949
2912, 60.39, 62.966
2913, 60.42, 62.982
2914, 60.44, 62.999
2915, 60.47, 63.016
2916, 60.5, 63.032
2917, 60.52, 63.049
2918, 60.54, 63.066
2919, 60.51, 63.082
2920, 60.46, 63.099
2921, 60.56, 63.116
2922, 60.62, 63.132
2923, 60.6, 63.149
2924, 60.65, 63.166
2925, 60.69, 63.182
2926, 60.71, 63.199
2927, 60.74, 63.216
2928, 60.78, 63.232
2929, 60.81, 63.249
2930, 60.84, 63.266
2931, 60.88, 63.282
2932, 60.91, 63.299
2933, 60.94, 63.316
2934, 60.97, 63.332
2935, 61.01, 63.349
2936, 61.04, 63.366
2937, 61.07, 63.382
2938, 61.1, 63.399
2939, 61.14, 63.416
2940, 61.17, 63.432
2941, 61.2, 63.449
2942, 61.24, 63.466
2943, 61.27, 63.482
2944, 61.27, 63.482
2945, 61.3, 63.499
2946, 61.33, 63.516
2947, 61.37, 63.532
2948, 61.4, 63.549
2949, 61.43, 63.566
2950, 61.46, 63.582
2951, 61.49, 63.599
2952, 61.51, 63.616
2953, 61.53, 63.632
2954, 61.55, 63.649
2955, 61.57, 63.666
2956, 61.58, 63.682
2957, 61.59, 63.699
2958, 61.59, 63.716
2959, 61.58, 63.732
2960, 61.55, 63.749
2961, 61.5, 63.766
2962, 61.43, 63.782
2963, 61.33, 63.799
2964, 61.21, 63.816
2965, 61.07, 63.832
2966, 60.91, 63.849
2967, 60.73, 63.866
2968, 60.49, 63.882
2969, 60.24, 63.899
2970, 60.01, 63.916
2971, 59.75, 63.932
2972, 59.48, 63.949
2973, 59.19, 63.966
2974, 58.87, 63.982
2975, 58.57, 63.999
2976, 58.26, 64.016
2977, 57.94, 64.032
2978, 57.61, 64.049
2979, 57.28, 64.066
2980, 56.94, 64.082
2981, 56.61, 64.099
2982, 56.26, 64.116
2983, 55.92, 64.132
2984, 55.58, 64.149
2985, 54.85, 64.182
2986, 54.5, 64.199
2987, 54.18, 64.216
2988, 53.85, 64.232
2989, 53.5, 64.249
2990, 53.13, 64.266
2991, 52.79, 64.282
2992, 52.47, 64.299
2993, 52.11, 64.316
2994, 51.39, 64.349
2995, 51.01, 64.366
2996, 50.69, 64.382
2997, 50.37, 64.399
2998, 50.08, 64.416
2999, 49.44, 64.449
3000, 49.14, 64.466
3001, 48.81, 64.482
3002, 48.47, 64.499
3003, 48.12, 64.516
3004, 47.45, 64.549
3005, 47.13, 64.566
3006, 46.79, 64.582
3007, 46.43, 64.599
3008, 45.8, 64.632
3009, 45.5, 64.649
3010, 45.2, 64.666
3011, 44.56, 64.699
3012, 44.24, 64.716
3013, 43.9, 64.732
3014, 43.32, 64.766
3015, 43.06, 64.782
3016, 42.51, 64.816
3017, 42.23, 64.832
3018, 41.94, 64.849
3019, 41.41, 64.882
3020, 41.16, 64.899
3021, 40.64, 64.932
3022, 40.37, 64.949
3023, 39.86, 64.982
3024, 39.62, 64.999
3025, 39.16, 65.032
3026, 38.96, 65.049
3027, 38.51, 65.082
3028, 38.25, 65.099
3029, 37.82, 65.132
3030, 37.44, 65.166
3031, 37.24, 65.182
3032, 36.86, 65.216
3033, 36.69, 65.232
3034, 36.34, 65.266
3035, 35.99, 65.299
3036, 35.82, 65.316
3037, 35.48, 65.349
3038, 35.15, 65.382
3039, 34.82, 65.416
3040, 34.66, 65.432
3041, 34.34, 65.466
3042, 34.05, 65.499
3043, 33.76, 65.532
3044, 33.62, 65.549
3045, 33.37, 65.582
3046, 33.15, 65.616
3047, 32.94, 65.649
3048, 32.74, 65.682
3049, 32.65, 65.699
3050, 32.47, 65.732
3051, 32.29, 65.766
3052, 32.12, 65.799
3053, 31.97, 65.832
3054, 31.85, 65.866
3055, 31.74, 65.899
3056, 31.64, 65.932
3057, 31.59, 65.949
3058, 31.51, 65.982
3059, 31.43, 66.016
3060, 31.35, 66.049
3061, 31.27, 66.082
3062, 31.19, 66.116
3063, 31.11, 66.149
3064, 31.03, 66.182
3065, 30.99, 66.199
3066, 30.9, 66.232
3067, 30.82, 66.266
3068, 30.73, 66.299
3069, 30.64, 66.332
3070, 30.54, 66.366
3071, 30.45, 66.399
3072, 30.36, 66.432
3073, 30.27, 66.466
3074, 30.15, 66.499
3075, 30.03, 66.532
3076, 29.92, 66.566
3077, 29.8, 66.599
3078, 29.68, 66.632
3079, 29.56, 66.666
3080, 29.49, 66.699
3081, 29.42, 66.732
3082, 29.35, 66.766
3083, 29.33, 66.799
3084, 29.4, 66.832
3085, 29.4, 66.866
3086, 29.44, 66.899
3087, 29.48, 66.932
3088, 29.57, 66.966
3089, 29.67, 66.999
3090, 29.75, 67.032
3091, 29.87, 67.066
3092, 29.97, 67.099
3093, 30.08, 67.132
3094, 30.18, 67.166
3095, 30.19, 67.199
3096, 30.17, 67.232
3097, 30.14, 67.266
3098, 30.05, 67.299
3099, 29.93, 67.332
3100, 29.88, 67.366
3101, 29.8, 67.399
3102, 29.7, 67.432
3103, 29.61, 67.466
3104, 29.51, 67.499
3105, 29.35, 67.549
3106, 29.26, 67.582
3107, 29.16, 67.616
3108, 29.04, 67.649
3109, 28.94, 67.682
3110, 28.84, 67.716
3111, 28.7, 67.749
3112, 28.59, 67.782
3113, 28.48, 67.816
3114, 28.33, 67.866
3115, 28.25, 67.899
3116, 28.18, 67.932
3117, 28.1, 67.966
3118, 28.03, 67.999
3119, 27.96, 68.032
3120, 27.88, 68.066
3121, 27.73, 68.116
3122, 27.65, 68.149
3123, 27.58, 68.182
3124, 27.51, 68.216
3125, 27.44, 68.249
3126, 27.37, 68.282
3127, 27.25, 68.316
3128, 27.09, 68.366
3129, 27.01, 68.399
3130, 26.93, 68.432
3131, 26.84, 68.466
3132, 26.76, 68.499
3133, 26.65, 68.549
3134, 26.58, 68.582
3135, 26.5, 68.616
3136, 26.41, 68.649
3137, 26.28, 68.699
3138, 26.19, 68.732
3139, 26.11, 68.766
3140, 25.97, 68.816
3141, 25.88, 68.849
3142, 25.79, 68.882
3143, 25.66, 68.932
3144, 25.56, 68.966
3145, 25.44, 69.016
3146, 25.38, 69.049
3147, 25.42, 69.082
3148, 25.44, 69.132
3149, 25.47, 69.166
3150, 25.53, 69.199
3151, 25.6, 69.249
3152, 25.68, 69.282
3153, 25.73, 69.316
3154, 25.78, 69.349
3155, 25.88, 69.399
3156, 25.99, 69.432
3157, 26.11, 69.466
3158, 26.2, 69.499
3159, 26.33, 69.532
3160, 26.44, 69.582
3161, 26.53, 69.616
3162, 26.59, 69.649
3163, 26.71, 69.682
3164, 26.85, 69.716
3165, 26.97, 69.766
3166, 27.09, 69.799
3167, 27.18, 69.832
3168, 27.31, 69.866
3169, 27.36, 69.899
3170, 27.48, 69.949
3171, 27.57, 69.982
3172, 27.77, 70.016
3173, 27.92, 70.049
3174, 28.05, 70.082
3175, 28.25, 70.116
3176, 28.49, 70.166
3177, 28.75, 70.199
3178, 28.93, 70.232
3179, 29.15, 70.266
3180, 29.37, 70.299
3181, 29.56, 70.332
3182, 29.77, 70.366
3183, 29.99, 70.399
3184, 30.18, 70.432
3185, 30.37, 70.466
3186, 30.59, 70.499
3187, 30.81, 70.532
3188, 31.02, 70.566
3189, 31.22, 70.599
3190, 31.42, 70.632
3191, 31.61, 70.666
3192, 31.71, 70.682
3193, 31.91, 70.716
3194, 32.08, 70.749
3195, 32.29, 70.782
3196, 32.46, 70.816
3197, 32.66, 70.849
3198, 32.87, 70.882
3199, 33.06, 70.916
3200, 33.17, 70.932
3201, 33.4, 70.966
3202, 33.61, 70.999
3203, 33.85, 71.032
3204, 34.03, 71.066
3205, 34.14, 71.082
3206, 34.39, 71.116
3207, 34.59, 71.149
3208, 34.81, 71.182
3209, 34.92, 71.199
3210, 35.12, 71.232
3211, 35.34, 71.266
3212, 35.57, 71.299
3213, 35.67, 71.316
3214, 35.88, 71.349
3215, 36.09, 71.382
3216, 36.19, 71.399
3217, 36.4, 71.432
3218, 36.61, 71.466
3219, 36.71, 71.482
3220, 36.92, 71.516
3221, 37.02, 71.532
3222, 37.23, 71.566
3223, 37.43, 71.599
3224, 37.53, 71.616
3225, 37.73, 71.649
3226, 37.93, 71.682
3227, 38.03, 71.699
3228, 38.23, 71.732
3229, 38.32, 71.749
3230, 38.52, 71.782
3231, 38.62, 71.799
3232, 38.81, 71.832
3233, 39, 71.866
3234, 39.1, 71.882
3235, 39.29, 71.916
3236, 39.39, 71.932
3237, 39.58, 71.966
3238, 39.67, 71.982
3239, 39.86, 72.016
3240, 39.95, 72.032
3241, 40.13, 72.066
3242, 40.22, 72.082
3243, 40.39, 72.116
3244, 40.46, 72.132
3245, 40.6, 72.166
3246, 40.66, 72.182
3247, 40.62, 72.216
3248, 40.73, 72.232
3249, 41.01, 72.266
3250, 41.06, 72.282
3251, 41.24, 72.316
3252, 41.32, 72.332
3253, 41.4, 72.349
3254, 41.57, 72.382
3255, 41.66, 72.399
3256, 41.83, 72.432
3257, 41.91, 72.449
3258, 42.08, 72.482
3259, 42.16, 72.499
3260, 42.24, 72.516
3261, 42.4, 72.549
3262, 42.49, 72.566
3263, 42.65, 72.599
3264, 42.73, 72.616
3265, 42.89, 72.649
3266, 42.97, 72.666
3267, 43.05, 72.682
3268, 43.21, 72.716
3269, 43.3, 72.732
3270, 43.38, 72.749
3271, 43.53, 72.782
3272, 43.61, 72.799
3273, 43.77, 72.832
3274, 43.85, 72.849
3275, 43.92, 72.866
3276, 44.09, 72.899
3277, 44.17, 72.916
3278, 44.24, 72.932
3279, 44.4, 72.966
3280, 44.48, 72.982
3281, 44.55, 72.999
3282, 44.71, 73.032
3283, 44.79, 73.049
3284, 44.94, 73.082
3285, 45.02, 73.099
3286, 45.1, 73.116
3287, 45.25, 73.149
3288, 45.33, 73.166
3289, 45.4, 73.182
3290, 45.48, 73.199
3291, 45.63, 73.232
3292, 45.71, 73.249
3293, 45.78, 73.266
3294, 45.94, 73.299
3295, 46.01, 73.316
3296, 46.09, 73.332
3297, 46.24, 73.366
3298, 46.31, 73.382
3299, 46.39, 73.399
3300, 46.54, 73.432
3301, 46.61, 73.449
3302, 46.68, 73.466
3303, 46.76, 73.482
3304, 46.9, 73.516
3305, 46.97, 73.532
3306, 47.04, 73.549
3307, 47.19, 73.582
3308, 47.26, 73.599
3309, 47.33, 73.616
3310, 47.4, 73.632
3311, 47.54, 73.666
3312, 47.61, 73.682
3313, 47.68, 73.699
3314, 47.75, 73.716
3315, 47.89, 73.749
3316, 47.95, 73.766
3317, 48.02, 73.782
3318, 48.09, 73.799
3319, 48.22, 73.832
3320, 48.29, 73.849
3321, 48.36, 73.866
3322, 48.42, 73.882
3323, 48.55, 73.916
3324, 48.62, 73.932
3325, 48.68, 73.949
3326, 48.75, 73.966
3327, 48.88, 73.999
3328, 48.94, 74.016
3329, 49.01, 74.032
3330, 49.07, 74.049
3331, 49.13, 74.066
3332, 49.26, 74.099
3333, 49.32, 74.116
3334, 49.39, 74.132
3335, 49.45, 74.149
3336, 49.57, 74.182
3337, 49.63, 74.199
3338, 49.69, 74.216
3339, 49.76, 74.232
3340, 49.82, 74.249
3341, 49.93, 74.282
3342, 49.98, 74.299
3343, 50.03, 74.316
3344, 50.07, 74.332
3345, 50.11, 74.349
3346, 50.18, 74.382
3347, 50.16, 74.399
3348, 50.13, 74.416
3349, 50.24, 74.432
3350, 50.36, 74.449
3351, 50.41, 74.482
3352, 50.48, 74.499
3353, 50.55, 74.516
3354, 50.6, 74.532
3355, 50.64, 74.549
3356, 50.7, 74.566
3357, 50.82, 74.599
3358, 50.87, 74.616
3359, 50.93, 74.632
3360, 50.98, 74.649
3361, 51.04, 74.666
3362, 51.15, 74.699
3363, 51.2, 74.716
3364, 51.26, 74.732
3365, 51.31, 74.749
3366, 51.36, 74.766
3367, 51.42, 74.782
3368, 51.52, 74.816
3369, 51.57, 74.832
3370, 51.62, 74.849
3371, 51.67, 74.866
3372, 51.72, 74.882
3373, 51.76, 74.899
3374, 51.84, 74.932
3375, 51.88, 74.949
3376, 51.91, 74.966
3377, 51.94, 74.982
3378, 51.96, 74.999
3379, 51.97, 75.016
3380, 51.94, 75.049
3381, 51.89, 75.066
3382, 51.82, 75.082
3383, 51.72, 75.099
3384, 51.61, 75.116
3385, 51.49, 75.132
3386, 51.36, 75.149
3387, 50.97, 75.182
3388, 50.79, 75.199
3389, 50.61, 75.216
3390, 50.4, 75.232
3391, 50.18, 75.249
3392, 49.69, 75.282
3393, 49.45, 75.299
3394, 49.21, 75.316
3395, 48.95, 75.332
3396, 48.7, 75.349
3397, 48.13, 75.382
3398, 47.81, 75.399
3399, 47.52, 75.416
3400, 47.26, 75.432
3401, 46.75, 75.466
3402, 46.5, 75.482
3403, 46.22, 75.499
3404, 45.74, 75.532
3405, 45.54, 75.549
3406, 45.34, 75.566
3407, 45, 75.599
3408, 44.85, 75.616
3409, 44.7, 75.632
3410, 44.42, 75.666
3411, 44.3, 75.682
3412, 44.18, 75.699
3413, 43.96, 75.732
3414, 43.87, 75.749
3415, 43.78, 75.766
3416, 43.6, 75.799
3417, 43.52, 75.816
3418, 43.37, 75.849
3419, 43.3, 75.866
3420, 43.23, 75.882
3421, 43.1, 75.916
3422, 43.05, 75.932
3423, 42.93, 75.966
3424, 42.88, 75.982
3425, 42.82, 75.999
3426, 42.72, 76.032
3427, 42.66, 76.049
3428, 42.55, 76.082
3429, 42.49, 76.099
3430, 42.43, 76.116
3431, 42.31, 76.149
3432, 42.25, 76.166
3433, 42.14, 76.199
3434, 42.09, 76.216
3435, 41.97, 76.249
3436, 41.91, 76.266
3437, 41.85, 76.282
3438, 41.75, 76.316
3439, 41.71, 76.332
3440, 41.63, 76.366
3441, 41.59, 76.382
3442, 41.61, 76.399
3443, 41.58, 76.432
3444, 41.55, 76.449
3445, 41.53, 76.482
3446, 41.51, 76.499
3447, 41.47, 76.532
3448, 41.46, 76.549
3449, 41.44, 76.566
3450, 41.39, 76.599
3451, 41.36, 76.616
3452, 41.28, 76.649
3453, 41.21, 76.666
3454, 41.1, 76.682
3455, 41.01, 76.716
3456, 40.97, 76.732
3457, 41.02, 76.766
3458, 41.04, 76.782
3459, 41.02, 76.816
3460, 41.03, 76.832
3461, 41.04, 76.866
3462, 41.05, 76.882
3463, 41.07, 76.916
3464, 41.07, 76.932
3465, 41.09, 76.949
3466, 41.15, 76.982
3467, 41.15, 76.999
3468, 41.18, 77.032
3469, 41.22, 77.049
3470, 41.26, 77.082
3471, 41.28, 77.099
3472, 41.32, 77.132
3473, 41.33, 77.149
3474, 41.34, 77.166
3475, 41.37, 77.199
3476, 41.38, 77.216
3477, 41.43, 77.249
3478, 41.45, 77.266
3479, 41.49, 77.299
3480, 41.5, 77.316
3481, 41.56, 77.349
3482, 41.6, 77.366
3483, 41.66, 77.382
3484, 41.8, 77.416
3485, 41.88, 77.432
3486, 42, 77.466
3487, 42.05, 77.482
3488, 42.08, 77.499
3489, 42.16, 77.532
3490, 42.22, 77.549
3491, 42.34, 77.582
3492, 42.42, 77.599
3493, 42.49, 77.616
3494, 42.54, 77.649
3495, 42.59, 77.666
3496, 42.7, 77.699
3497, 42.76, 77.716
3498, 42.84, 77.732
3499, 42.98, 77.766
3500, 43.05, 77.782
3501, 43.1, 77.799
3502, 43.21, 77.832
3503, 43.27, 77.849
3504, 43.39, 77.882
3505, 43.45, 77.899
3506, 43.51, 77.916
3507, 43.64, 77.949
3508, 43.7, 77.966
3509, 43.77, 77.982
3510, 43.91, 78.016
3511, 43.97, 78.032
3512, 44.03, 78.049
3513, 44.16, 78.082
3514, 44.22, 78.099
3515, 44.29, 78.116
3516, 44.41, 78.149
3517, 44.48, 78.166
3518, 44.6, 78.199
3519, 44.66, 78.216
3520, 44.72, 78.232
3521, 44.82, 78.266
3522, 44.88, 78.282
3523, 44.94, 78.299
3524, 45.09, 78.332
3525, 45.17, 78.349
3526, 45.23, 78.366
3527, 45.34, 78.399
3528, 45.4, 78.416
3529, 45.47, 78.432
3530, 45.59, 78.466
3531, 45.66, 78.482
3532, 45.72, 78.499
3533, 45.85, 78.532
3534, 45.91, 78.549
3535, 45.98, 78.566
3536, 46.04, 78.582
3537, 46.17, 78.616
3538, 46.23, 78.632
3539, 46.3, 78.649
3540, 46.43, 78.682
3541, 46.5, 78.699
3542, 46.56, 78.716
3543, 46.69, 78.749
3544, 46.76, 78.766
3545, 46.82, 78.782
3546, 46.89, 78.799
3547, 47.02, 78.832
3548, 47.08, 78.849
3549, 47.15, 78.866
3550, 47.21, 78.882
3551, 47.35, 78.916
3552, 47.41, 78.932
3553, 47.48, 78.949
3554, 47.61, 78.982
3555, 47.68, 78.999
3556, 47.74, 79.016
3557, 47.81, 79.032
3558, 47.94, 79.066
3559, 48, 79.082
3560, 48.06, 79.099
3561, 48.13, 79.116
3562, 48.25, 79.149
3563, 48.32, 79.166
3564, 48.38, 79.182
3565, 48.45, 79.199
3566, 48.57, 79.232
3567, 48.63, 79.249
3568, 48.69, 79.266
3569, 48.76, 79.282
3570, 48.88, 79.316
3571, 48.94, 79.332
3572, 49, 79.349
3573, 49.06, 79.366
3574, 49.12, 79.382
3575, 49.24, 79.416
3576, 49.3, 79.432
3577, 49.36, 79.449
3578, 49.41, 79.466
3579, 49.53, 79.499
3580, 49.59, 79.516
3581, 49.65, 79.532
3582, 49.63, 79.549
3583, 49.57, 79.566
3584, 49.8, 79.599
3585, 49.83, 79.616
3586, 49.86, 79.632
3587, 49.93, 79.649
3588, 49.99, 79.666
3589, 50.09, 79.699
3590, 50.14, 79.716
3591, 50.2, 79.732
3592, 50.25, 79.749
3593, 50.31, 79.766
3594, 50.42, 79.799
3595, 50.47, 79.816
3596, 50.53, 79.832
3597, 50.58, 79.849
3598, 50.63, 79.866
3599, 50.68, 79.882
3600, 50.79, 79.916
3601, 50.84, 79.932
3602, 50.9, 79.949
3603, 50.95, 79.966
3604, 51, 79.982
3605, 51.06, 79.999
3606, 51.16, 80.032
3607, 51.22, 80.049
3608, 51.27, 80.066
3609, 51.32, 80.082
3610, 51.38, 80.099
3611, 51.48, 80.132
3612, 51.53, 80.149
3613, 51.58, 80.166
3614, 51.63, 80.182
3615, 51.68, 80.199
3616, 51.73, 80.216
3617, 51.84, 80.249
3618, 51.89, 80.266
3619, 51.94, 80.282
3620, 51.99, 80.299
3621, 52.04, 80.316
3622, 52.08, 80.332
3623, 52.13, 80.349
3624, 52.23, 80.382
3625, 52.28, 80.399
3626, 52.32, 80.416
3627, 52.37, 80.432
3628, 52.42, 80.449
3629, 52.46, 80.466
3630, 52.56, 80.499
3631, 52.61, 80.516
3632, 52.65, 80.532
3633, 52.7, 80.549
3634, 52.75, 80.566
3635, 52.8, 80.582
3636, 52.84, 80.599
3637, 52.89, 80.616
3638, 52.98, 80.649
3639, 53.02, 80.666
3640, 53.07, 80.682
3641, 53.12, 80.699
3642, 53.16, 80.716
3643, 53.21, 80.732
3644, 53.26, 80.749
3645, 53.35, 80.782
3646, 53.4, 80.799
3647, 53.44, 80.816
3648, 53.49, 80.832
3649, 53.53, 80.849
3650, 53.58, 80.866
3651, 53.63, 80.882
3652, 53.67, 80.899
3653, 53.72, 80.916
3654, 53.81, 80.949
3655, 53.85, 80.966
3656, 53.9, 80.982
3657, 53.95, 80.999
3658, 53.99, 81.016
3659, 54.04, 81.032
3660, 54.08, 81.049
3661, 54.13, 81.066
3662, 54.18, 81.082
3663, 54.27, 81.116
3664, 54.32, 81.132
3665, 54.37, 81.149
3666, 54.41, 81.166
3667, 54.46, 81.182
3668, 54.5, 81.199
3669, 54.55, 81.216
3670, 54.6, 81.232
3671, 54.65, 81.249
3672, 54.74, 81.282
3673, 54.79, 81.299
3674, 54.83, 81.316
3675, 54.88, 81.332
3676, 54.92, 81.349
3677, 54.97, 81.366
3678, 55.02, 81.382
3679, 55.06, 81.399
3680, 55.11, 81.416
3681, 55.16, 81.432
3682, 55.2, 81.449
3683, 55.29, 81.482
3684, 55.34, 81.499
3685, 55.38, 81.516
3686, 55.43, 81.532
3687, 55.47, 81.549
3688, 55.52, 81.566
3689, 55.57, 81.582
3690, 55.61, 81.599
3691, 55.65, 81.616
3692, 55.7, 81.632
3693, 55.74, 81.649
3694, 55.79, 81.666
3695, 55.87, 81.699
3696, 55.92, 81.716
3697, 55.96, 81.732
3698, 56, 81.749
3699, 56.05, 81.766
3700, 56.09, 81.782
3701, 56.14, 81.799
3702, 56.18, 81.816
3703, 56.22, 81.832
3704, 56.27, 81.849
3705, 56.31, 81.866
3706, 56.35, 81.882
3707, 56.4, 81.899
3708, 56.44, 81.916
3709, 56.49, 81.932
3710, 56.53, 81.949
3711, 56.57, 81.966
3712, 56.66, 81.999
3713, 56.7, 82.016
3714, 56.74, 82.032
3715, 56.78, 82.049
3716, 56.82, 82.066
3717, 56.87, 82.082
3718, 56.91, 82.099
3719, 56.95, 82.116
3720, 57, 82.132
3721, 57.04, 82.149
3722, 57.07, 82.166
3723, 57.11, 82.182
3724, 57.14, 82.199
3725, 57.18, 82.216
3726, 57.22, 82.232
3727, 57.27, 82.249
3728, 57.3, 82.266
3729, 57.34, 82.282
3730, 57.38, 82.299
3731, 57.42, 82.316
3732, 57.46, 82.332
3733, 57.53, 82.366
3734, 57.57, 82.382
3735, 57.61, 82.399
3736, 57.64, 82.416
3737, 57.68, 82.432
3738, 57.72, 82.449
3739, 57.76, 82.466
3740, 57.79, 82.482
3741, 57.83, 82.499
3742, 57.86, 82.516
3743, 57.9, 82.532
3744, 57.93, 82.549
3745, 57.96, 82.566
3746, 57.99, 82.582
3747, 58.03, 82.599
3748, 58.06, 82.616
3749, 58.1, 82.632
3750, 58.13, 82.649
3751, 58.16, 82.666
3752, 58.19, 82.682
3753, 58.22, 82.699
3754, 58.25, 82.716
3755, 58.29, 82.732
3756, 58.31, 82.749
3757, 58.35, 82.766
3758, 58.38, 82.782
3759, 58.41, 82.799
3760, 58.44, 82.816
3761, 58.47, 82.832
3762, 58.51, 82.849
3763, 58.56, 82.882
3764, 58.6, 82.899
3765, 58.63, 82.916
3766, 58.66, 82.932
3767, 58.7, 82.949
3768, 58.73, 82.966
3769, 58.76, 82.982
3770, 58.8, 82.999
3771, 58.83, 83.016
3772, 58.86, 83.032
3773, 58.89, 83.049
3774, 58.92, 83.066
3775, 58.96, 83.082
3776, 58.99, 83.099
3777, 59.02, 83.116
3778, 59.05, 83.132
3779, 59.08, 83.149
3780, 59.11, 83.166
3781, 59.15, 83.182
3782, 59.18, 83.199
3783, 59.21, 83.216
3784, 59.24, 83.232
3785, 59.27, 83.249
3786, 59.31, 83.266
3787, 59.34, 83.282
3788, 59.37, 83.299
3789, 59.4, 83.316
3790, 59.43, 83.332
3791, 59.46, 83.349
3792, 59.49, 83.366
3793, 59.52, 83.382
3794, 59.55, 83.399
3795, 59.58, 83.416
3796, 59.61, 83.432
3797, 59.64, 83.449
3798, 59.67, 83.466
3799, 59.69, 83.482
3800, 59.72, 83.499
3801, 59.74, 83.516
3802, 59.77, 83.532
3803, 59.8, 83.549
3804, 59.83, 83.566
3805, 59.86, 83.582
3806, 59.88, 83.599
3807, 59.91, 83.616
3808, 59.93, 83.632
3809, 59.96, 83.649
3810, 59.99, 83.666
3811, 60.02, 83.682
3812, 60.05, 83.699
3813, 60.07, 83.716
3814, 60.1, 83.732
3815, 60.13, 83.749
3816, 60.16, 83.766
3817, 60.19, 83.782
3818, 60.22, 83.799
3819, 60.25, 83.816
3820, 60.27, 83.832
3821, 60.3, 83.849
3822, 60.32, 83.866
3823, 60.35, 83.882
3824, 60.37, 83.899
3825, 60.4, 83.916
3826, 60.42, 83.932
3827, 60.44, 83.949
3828, 60.45, 83.966
3829, 60.47, 83.982
3830, 60.48, 83.999
3831, 60.5, 84.016
3832, 60.51, 84.032
3833, 60.51, 84.049
3834, 60.52, 84.066
3835, 60.53, 84.082
3836, 60.54, 84.099
3837, 60.54, 84.116
3838, 60.54, 84.132
3839, 60.5, 84.149
3840, 60.44, 84.166
3841, 60.54, 84.182
3842, 60.59, 84.199
3843, 60.55, 84.216
3844, 60.58, 84.232
3845, 60.63, 84.249
3846, 60.66, 84.266
3847, 60.67, 84.282
3848, 60.7, 84.299
3849, 60.73, 84.316
3850, 60.75, 84.332
3851, 60.77, 84.349
3852, 60.8, 84.366
3853, 60.83, 84.382
3854, 60.85, 84.399
3855, 60.88, 84.416
3856, 60.91, 84.432
3857, 60.94, 84.449
3858, 60.97, 84.466
3859, 61, 84.482
3860, 61.02, 84.499
3861, 61.05, 84.516
3862, 61.08, 84.532
3863, 61.11, 84.549
3864, 61.13, 84.566
3865, 61.16, 84.582
3866, 61.19, 84.599
3867, 61.22, 84.616
3868, 61.22, 84.616
3869, 61.25, 84.632
3870, 61.28, 84.649
3871, 61.31, 84.666
3872, 61.34, 84.682
3873, 61.37, 84.699
3874, 61.4, 84.716
3875, 61.44, 84.732
3876, 61.47, 84.749
3877, 61.5, 84.766
3878, 61.53, 84.782
3879, 61.57, 84.799
3880, 61.6, 84.816
3881, 61.63, 84.832
3882, 61.66, 84.849
3883, 61.69, 84.866
3884, 61.72, 84.882
3885, 61.75, 84.899
3886, 61.78, 84.916
3887, 61.81, 84.932
3888, 61.84, 84.949
3889, 61.87, 84.966
3890, 61.91, 84.982
3891, 61.94, 84.999
3892, 61.97, 85.016
3893, 62, 85.032
3894, 62.04, 85.049
3895, 62.07, 85.066
3896, 62.1, 85.082
3897, 62.13, 85.099
3898, 62.16, 85.116
3899, 62.19, 85.132
3900, 62.22, 85.149
3901, 62.22, 85.149
3902, 62.25, 85.166
3903, 62.28, 85.182
3904, 62.32, 85.199
3905, 62.35, 85.216
3906, 62.38, 85.232
3907, 62.41, 85.249
3908, 62.44, 85.266
3909, 62.47, 85.282
3910, 62.51, 85.299
3911, 62.54, 85.316
3912, 62.56, 85.332
3913, 62.59, 85.349
3914, 62.62, 85.366
3915, 62.65, 85.382
3916, 62.68, 85.399
3917, 62.72, 85.416
3918, 62.74, 85.432
3919, 62.77, 85.449
3920, 62.8, 85.466
3921, 62.83, 85.482
3922, 62.86, 85.499
3923, 62.89, 85.516
3924, 62.89, 85.516
3925, 62.92, 85.532
3926, 62.96, 85.549
3927, 62.99, 85.566
3928, 63.02, 85.582
3929, 63.04, 85.599
3930, 63.07, 85.616
3931, 63.1, 85.632
3932, 63.13, 85.649
3933, 63.16, 85.666
3934, 63.19, 85.682
3935, 63.22, 85.699
3936, 63.25, 85.716
3937, 63.28, 85.732
3938, 63.31, 85.749
3939, 63.34, 85.766
3940, 63.37, 85.782
3941, 63.4, 85.799
3942, 63.43, 85.816
3943, 63.46, 85.832
3944, 63.46, 85.832
3945, 63.49, 85.849
3946, 63.52, 85.866
3947, 63.55, 85.882
3948, 63.58, 85.899
3949, 63.61, 85.916
3950, 63.64, 85.932
3951, 63.67, 85.949
3952, 63.7, 85.966
3953, 63.72, 85.982
3954, 63.75, 85.999
3955, 63.78, 86.016
3956, 63.81, 86.032
3957, 63.85, 86.049
3958, 63.88, 86.066
3959, 63.91, 86.082
3960, 63.94, 86.099
3961, 63.94, 86.099
3962, 63.97, 86.116
3963, 64, 86.132
3964, 64.02, 86.149
3965, 64.05, 86.166
3966, 64.07, 86.182
3967, 64.09, 86.199
3968, 64.12, 86.216
3969, 64.15, 86.232
3970, 64.18, 86.249
3971, 64.21, 86.266
3972, 64.24, 86.282
3973, 64.27, 86.299
3974, 64.3, 86.316
3975, 64.33, 86.332
3976, 64.35, 86.349
3977, 64.35, 86.349
3978, 64.38, 86.366
3979, 64.41, 86.382
3980, 64.43, 86.399
3981, 64.46, 86.416
3982, 64.48, 86.432
3983, 64.51, 86.449
3984, 64.54, 86.466
3985, 64.56, 86.482
3986, 64.59, 86.499
3987, 64.62, 86.516
3988, 64.65, 86.532
3989, 64.67, 86.549
3990, 64.7, 86.566
3991, 64.7, 86.566
3992, 64.72, 86.582
3993, 64.75, 86.599
3994, 64.77, 86.616
3995, 64.79, 86.632
3996, 64.82, 86.649
3997, 64.84, 86.666
3998, 64.87, 86.682
3999, 64.89, 86.699
4000, 64.92, 86.716
4001, 64.94, 86.732
4002, 64.97, 86.749
4003, 64.99, 86.766
4004, 64.99, 86.766
4005, 65.01, 86.782
4006, 65.04, 86.799
4007, 65.06, 86.816
4008, 65.09, 86.832
4009, 65.11, 86.849
4010, 65.13, 86.866
4011, 65.15, 86.882
4012, 65.18, 86.899
4013, 65.2, 86.916
4014, 65.22, 86.932
4015, 65.25, 86.949
4016, 65.27, 86.966
4017, 65.27, 86.966
4018, 65.3, 86.982
4019, 65.32, 86.999
4020, 65.34, 87.016
4021, 65.37, 87.032
4022, 65.39, 87.049
4023, 65.41, 87.066
4024, 65.44, 87.082
4025, 65.46, 87.099
4026, 65.48, 87.116
4027, 65.5, 87.132
4028, 65.53, 87.149
4029, 65.53, 87.149
4030, 65.55, 87.166
4031, 65.58, 87.182
4032, 65.6, 87.199
4033, 65.62, 87.216
4034, 65.64, 87.232
4035, 65.67, 87.249
4036, 65.69, 87.266
4037, 65.71, 87.282
4038, 65.74, 87.299
4039, 65.76, 87.316
4040, 65.78, 87.332
4041, 65.78, 87.332
4042, 65.8, 87.349
4043, 65.83, 87.366
4044, 65.85, 87.382
4045, 65.87, 87.399
4046, 65.89, 87.416
4047, 65.91, 87.432
4048, 65.94, 87.449
4049, 65.96, 87.466
4050, 65.98, 87.482
4051, 66, 87.499
4052, 66, 87.499
4053, 66.02, 87.516
4054, 66.05, 87.532
4055, 66.07, 87.549
4056, 66.09, 87.566
4057, 66.1, 87.582
4058, 66.13, 87.599
4059, 66.15, 87.616
4060, 66.17, 87.632
4061, 66.19, 87.649
4062, 66.21, 87.666
4063, 66.21, 87.666
4064, 66.23, 87.682
4065, 66.25, 87.699
4066, 66.28, 87.716
4067, 66.29, 87.732
4068, 66.31, 87.749
4069, 66.34, 87.766
4070, 66.36, 87.782
4071, 66.38, 87.799
4072, 66.4, 87.816
4073, 66.4, 87.816
4074, 66.42, 87.832
4075, 66.44, 87.849
4076, 66.46, 87.866
4077, 66.48, 87.882
4078, 66.5, 87.899
4079, 66.52, 87.916
4080, 66.54, 87.932
4081, 66.55, 87.949
4082, 66.57, 87.966
4083, 66.57, 87.966
4084, 66.59, 87.982
4085, 66.61, 87.999
4086, 66.63, 88.016
4087, 66.65, 88.032
4088, 66.67, 88.049
4089, 66.69, 88.066
4090, 66.71, 88.082
4091, 66.73, 88.099
4092, 66.75, 88.116
4093, 66.75, 88.116
4094, 66.76, 88.132
4095, 66.78, 88.149
4096, 66.8, 88.166
4097, 66.82, 88.182
4098, 66.84, 88.199
4099, 66.86, 88.216
4100, 66.88, 88.232
4101, 66.9, 88.249
4102, 66.92, 88.266
4103, 66.92, 88.266
4104, 66.94, 88.282
4105, 66.96, 88.299
4106, 66.97, 88.316
4107, 66.99, 88.332
4108, 67.01, 88.349
4109, 67.02, 88.366
4110, 67.04, 88.382
4111, 67.06, 88.399
4112, 67.08, 88.416
4113, 67.08, 88.416
4114, 67.1, 88.432
4115, 67.12, 88.449
4116, 67.14, 88.466
4117, 67.15, 88.482
4118, 67.17, 88.499
4119, 67.19, 88.516
4120, 67.21, 88.532
4121, 67.23, 88.549
4122, 67.23, 88.549
4123, 67.25, 88.566
4124, 67.26, 88.582
4125, 67.28, 88.599
4126, 67.3, 88.616
4127, 67.32, 88.632
4128, 67.33, 88.649
4129, 67.35, 88.666
4130, 67.37, 88.682
4131, 67.37, 88.682
4132, 67.39, 88.699
4133, 67.4, 88.716
4134, 67.42, 88.732
4135, 67.44, 88.749
4136, 67.45, 88.766
4137, 67.47, 88.782
4138, 67.49, 88.799
4139, 67.51, 88.816
4140, 67.51, 88.816
4141, 67.52, 88.832
4142, 67.54, 88.849
4143, 67.56, 88.866
4144, 67.58, 88.882
4145, 67.6, 88.899
4146, 67.62, 88.916
4147, 67.64, 88.932
4148, 67.65, 88.949
4149, 67.65, 88.949
4150, 67.66, 88.966
4151, 67.67, 88.982
4152, 67.69, 88.999
4153, 67.7, 89.016
4154, 67.72, 89.032
4155, 67.74, 89.049
4156, 67.76, 89.066
4157, 67.78, 89.082
4158, 67.78, 89.082
4159, 67.8, 89.099
4160, 67.81, 89.116
4161, 67.82, 89.132
4162, 67.84, 89.149
4163, 67.85, 89.166
4164, 67.87, 89.182
4165, 67.88, 89.199
4166, 67.9, 89.216
4167, 67.9, 89.216
4168, 67.92, 89.232
4169, 67.93, 89.249
4170, 67.95, 89.266
4171, 67.97, 89.282
4172, 67.98, 89.299
4173, 68, 89.316
4174, 68.01, 89.332
4175, 68.01, 89.332
4176, 68.03, 89.349
4177, 68.04, 89.366
4178, 68.06, 89.382
4179, 68.08, 89.399
4180, 68.09, 89.416
4181, 68.11, 89.432
4182, 68.12, 89.449
4183, 68.14, 89.466
4184, 68.14, 89.466
4185, 68.16, 89.482
4186, 68.17, 89.499
4187, 68.18, 89.516
4188, 68.2, 89.532
4189, 68.21, 89.549
4190, 68.23, 89.566
4191, 68.24, 89.582
4192, 68.24, 89.582
4193, 68.26, 89.599
4194, 68.27, 89.616
4195, 68.28, 89.632
4196, 68.3, 89.649
4197, 68.31, 89.666
4198, 68.33, 89.682
4199, 68.34, 89.699
4200, 68.34, 89.699
4201, 68.36, 89.716
4202, 68.37, 89.732
4203, 68.39, 89.749
4204, 68.4, 89.766
4205, 68.41, 89.782
4206, 68.43, 89.799
