0, 56.9856, 80.8702
1, 57.0271, 80.8869
2, 57.0682, 80.9035
3, 57.1079, 80.9202
4, 57.1465, 80.9369
5, 57.1854, 80.9535
6, 57.2291, 80.9702
7, 57.2755, 80.9869
8, 57.3204, 81.0035
9, 57.3584, 81.0202
10, 57.3958, 81.0369
11, 57.4342, 81.0535
12, 57.4756, 81.0702
13, 57.5631, 81.1035
14, 57.6037, 81.1202
15, 57.6449, 81.1369
16, 57.6855, 81.1535
17, 57.7257, 81.1702
18, 57.7662, 81.1869
19, 57.806, 81.2035
20, 57.8444, 81.2202
21, 57.882, 81.2369
22, 57.9186, 81.2535
23, 57.9584, 81.2702
24, 57.9997, 81.2869
25, 58.0427, 81.3035
26, 58.0835, 81.3202
27, 58.1201, 81.3369
28, 58.1555, 81.3535
29, 58.193, 81.3702
30, 58.2335, 81.3869
31, 58.2752, 81.4035
32, 58.3141, 81.4202
33, 58.3498, 81.4369
34, 58.387, 81.4535
35, 58.4269, 81.4702
36, 58.4692, 81.4869
37, 58.5469, 81.5202
38, 58.5436, 81.5369
39, 58.4923, 81.5535
40, 58.4746, 81.5702
41, 58.4795, 81.5869
42, 58.5205, 81.6035
43, 58.5717, 81.6202
44, 58.6067, 81.6369
45, 58.6305, 81.6535
46, 58.6608, 81.6702
47, 58.6993, 81.6869
48, 58.7368, 81.7035
49, 58.7692, 81.7202
50, 58.8, 81.7369
51, 58.8327, 81.7535
52, 58.868, 81.7702
53, 58.9034, 81.7869
54, 58.9376, 81.8035
55, 58.9703, 81.8202
56, 59.0039, 81.8369
57, 59.0392, 81.8535
58, 59.073, 81.8702
59, 59.1039, 81.8869
60, 59.1363, 81.9035
61, 59.1715, 81.9202
62, 59.2091, 81.9369
63, 59.2433, 1.0979
64, 59.2738, 1.1146
65, 59.302, 1.1313
66, 59.3352, 1.1479
67, 59.3726, 1.1646
68, 59.4093, 1.1813
69, 59.4427, 1.1979
70, 59.4724, 1.2146
71, 59.505, 1.2313
72, 59.5387, 1.2479
73, 59.57, 1.2646
74, 59.6296, 1.2979
75, 59.6657, 1.3146
76, 59.7013, 1.3313
77, 59.731, 1.3479
78, 59.7626, 1.3646
79, 59.7954, 1.3813
80, 59.8305, 1.3979
81, 59.8626, 1.4146
82, 59.8895, 1.4313
83, 59.9141, 1.4479
84, 59.9431, 1.4646
85, 59.9756, 1.4813
86, 60.0088, 1.4979
87, 60.0392, 1.5146
88, 60.0658, 1.5313
89, 60.0947, 1.5479
90, 60.1246, 1.5646
91, 60.1528, 1.5813
92, 60.1787, 1.5979
93, 60.2109, 1.6146
94, 60.2434, 1.6313
95, 60.2727, 1.6479
96, 60.2966, 1.6646
97, 60.3224, 1.6813
98, 60.3537, 1.6979
99, 60.3877, 1.7146
100, 60.4177, 1.7313
101, 60.4409, 1.7479
102, 60.4651, 1.7646
103, 60.4947, 1.7813
104, 60.5288, 1.7979
105, 60.5611, 1.8146
106, 60.5862, 1.8313
107, 60.6113, 1.8479
108, 60.6398, 1.8646
109, 60.6707, 1.8813
110, 60.7006, 1.8979
111, 60.7282, 1.9146
112, 60.7561, 1.9313
113, 60.7858, 1.9479
114, 60.8145, 1.9646
115, 60.8416, 1.9813
116, 60.8683, 1.9979
117, 60.8969, 2.0146
118, 60.9269, 2.0313
119, 60.9606, 2.0479
120, 60.9945, 2.0646
121, 61.0254, 2.0813
122, 61.0531, 2.0979
123, 61.0786, 2.1146
124, 61.1073, 2.1313
125, 61.1394, 2.1479
126, 61.1721, 2.1646
127, 61.2012, 2.1813
128, 61.2294, 2.1979
129, 61.2586, 2.2146
130, 61.2899, 2.2313
131, 61.3205, 2.2479
132, 61.3503, 2.2646
133, 61.3806, 2.2813
134, 61.4142, 2.2979
135, 61.4441, 2.3146
136, 61.4721, 2.3313
137, 61.5006, 2.3479
138, 61.5303, 2.3646
139, 61.5603, 2.3813
140, 61.5885, 2.3979
141, 61.617, 2.4146
142, 61.6466, 2.4313
143, 61.6763, 2.4479
144, 61.7041, 2.4646
145, 61.7318, 2.4813
146, 61.7318, 2.4813
147, 61.7608, 2.4979
148, 61.7907, 2.5146
149, 61.819, 2.5313
150, 61.8487, 2.5479
151, 61.8782, 2.5646
152, 61.9075, 2.5813
153, 61.9352, 2.5979
154, 61.963, 2.6146
155, 61.9913, 2.6313
156, 62.0182, 2.6479
157, 62.045, 2.6646
158, 62.0733, 2.6813
159, 62.1017, 2.6979
160, 62.1286, 2.7146
161, 62.1558, 2.7313
162, 62.1826, 2.7479
163, 62.2092, 2.7646
164, 62.2356, 2.7813
165, 62.2632, 2.7979
166, 62.2913, 2.8313
167, 62.3196, 2.8479
168, 62.3479, 2.8646
169, 62.3762, 2.8813
170, 62.4039, 2.8979
171, 62.4307, 2.9146
172, 62.4575, 2.9313
173, 62.4847, 2.9479
174, 62.5123, 2.9646
175, 62.54, 2.9813
176, 62.5655, 2.9979
177, 62.5903, 3.0146
178, 62.6161, 3.0313
179, 62.6417, 3.0479
180, 62.6682, 3.0646
181, 62.6946, 3.0813
182, 62.6946, 3.0813
183, 62.721, 3.0979
184, 62.7476, 3.1146
185, 62.775, 3.1313
186, 62.8039, 3.1479
187, 62.8311, 3.1646
188, 62.8569, 3.1813
189, 62.8824, 3.1979
190, 62.9078, 3.2146
191, 62.933, 3.2313
192, 62.9585, 3.2479
193, 62.9845, 3.2646
194, 63.0105, 3.2813
195, 63.036, 3.2979
196, 63.0618, 3.3146
197, 63.088, 3.3313
198, 63.1143, 3.3479
199, 63.1394, 3.3646
200, 63.1664, 3.3813
201, 63.1943, 3.3979
202, 63.221, 3.4146
203, 63.2456, 3.4313
204, 63.2706, 3.4479
205, 63.2706, 3.4479
206, 63.2961, 3.4646
207, 63.3223, 3.4813
208, 63.3493, 3.4979
209, 63.3756, 3.5146
210, 63.4028, 3.5313
211, 63.4284, 3.5479
212, 63.4527, 3.5646
213, 63.4769, 3.5813
214, 63.5021, 3.5979
215, 63.5284, 3.6146
216, 63.5542, 3.6313
217, 63.5792, 3.6479
218, 63.6031, 3.6646
219, 63.6259, 3.6813
220, 63.65, 3.6979
221, 63.6763, 3.7146
222, 63.701, 3.7313
223, 63.7261, 3.7479
224, 63.7518, 3.7646
225, 63.7518, 3.7646
226, 63.7795, 3.7813
227, 63.8065, 3.7979
228, 63.8306, 3.8146
229, 63.8542, 3.8313
230, 63.8786, 3.8479
231, 63.9047, 3.8646
232, 63.9314, 3.8813
233, 63.9546, 3.8979
234, 63.9767, 3.9146
235, 63.9981, 3.9313
236, 64.0201, 3.9479
237, 64.0423, 3.9646
238, 64.066, 3.9813
239, 64.088, 3.9979
240, 64.1101, 4.0146
241, 64.1101, 4.0146
242, 64.1318, 4.0313
243, 64.1526, 4.0479
244, 64.1742, 4.0646
245, 64.1977, 4.0813
246, 64.2211, 4.0979
247, 64.2444, 4.1146
248, 64.2687, 4.1313
249, 64.2945, 4.1479
250, 64.3204, 4.1646
251, 64.3458, 4.1813
252, 64.37, 4.1979
253, 64.3948, 4.2146
254, 64.4199, 4.2313
255, 64.4437, 4.2479
256, 64.4437, 4.2479
257, 64.4665, 4.2646
258, 64.4888, 4.2813
259, 64.5121, 4.2979
260, 64.5361, 4.3146
261, 64.5603, 4.3313
262, 64.5851, 4.3479
263, 64.6112, 4.3646
264, 64.6362, 4.3813
265, 64.6607, 4.3979
266, 64.6844, 4.4146
267, 64.7081, 4.4313
268, 64.7323, 4.4479
269, 64.7575, 4.4646
270, 64.7575, 4.4646
271, 64.7821, 4.4813
272, 64.8059, 4.4979
273, 64.8305, 4.5146
274, 64.8551, 4.5313
275, 64.8803, 4.5479
276, 64.9039, 4.5646
277, 64.9265, 4.5813
278, 64.9488, 4.5979
279, 64.9714, 4.6146
280, 64.9938, 4.6313
281, 65.0164, 4.6479
282, 65.039, 4.6646
283, 65.039, 4.6646
284, 65.062, 4.6813
285, 65.0851, 4.6979
286, 65.1084, 4.7146
287, 65.1322, 4.7313
288, 65.1557, 4.7479
289, 65.1787, 4.7646
290, 65.2021, 4.7813
291, 65.228, 4.7979
292, 65.2521, 4.8146
293, 65.2736, 4.8313
294, 65.2953, 4.8479
295, 65.2953, 4.8479
296, 65.3164, 4.8646
297, 65.3361, 4.8813
298, 65.3582, 4.8979
299, 65.3806, 4.9146
300, 65.4025, 4.9313
301, 65.4272, 4.9479
302, 65.4538, 4.9646
303, 65.4789, 4.9813
304, 65.5014, 4.9979
305, 65.5203, 5.0146
306, 65.5398, 5.0313
307, 65.5398, 5.0313
308, 65.5617, 5.0479
309, 65.5865, 5.0646
310, 65.6089, 5.0813
311, 65.6266, 5.0979
312, 65.6468, 5.1146
313, 65.6712, 5.1313
314, 65.6954, 5.1479
315, 65.7168, 5.1646
316, 65.7378, 5.1813
317, 65.7569, 5.1979
318, 65.7569, 5.1979
319, 65.7732, 5.2146
320, 65.7882, 5.2313
321, 65.8107, 5.2479
322, 65.8344, 5.2646
323, 65.8569, 5.2813
324, 65.8715, 5.2979
325, 65.8855, 5.3146
326, 65.9063, 5.3313
327, 65.9339, 5.3479
328, 65.9617, 5.3646
329, 65.9617, 5.3646
330, 65.9803, 5.3813
331, 65.9993, 5.3979
332, 66.02, 5.4146
333, 66.0397, 5.4313
334, 66.0613, 5.4479
335, 66.0841, 5.4646
336, 66.1087, 5.4813
337, 66.1299, 5.4979
338, 66.1485, 5.5146
339, 66.1485, 5.5146
340, 66.1689, 5.5313
341, 66.1932, 5.5479
342, 66.219, 5.5646
343, 66.2389, 5.5813
344, 66.2595, 5.5979
345, 66.2812, 5.6146
346, 66.305, 5.6313
347, 66.3268, 5.6479
348, 66.3442, 5.6646
349, 66.3442, 5.6646
350, 66.3632, 5.6813
351, 66.3868, 5.6979
352, 66.4086, 5.7146
353, 66.4305, 5.7313
354, 66.4525, 5.7479
355, 66.4765, 5.7646
356, 66.4961, 5.7813
357, 66.5134, 5.7979
358, 66.5369, 5.8146
359, 66.5369, 5.8146
360, 66.5654, 5.8313
361, 66.5932, 5.8479
362, 66.6123, 5.8646
363, 66.6301, 5.8813
364, 66.6517, 5.8979
365, 66.68, 5.9146
366, 66.7067, 5.9313
367, 66.7273, 5.9479
368, 66.745, 5.9646
369, 66.745, 5.9646
370, 66.765, 5.9813
371, 66.7868, 5.9979
372, 66.8072, 6.0146
373, 66.8265, 6.0313
374, 66.8473, 6.0479
375, 66.8703, 6.0646
376, 66.8933, 6.0813
377, 66.9161, 6.0979
378, 66.9161, 6.0979
379, 66.9383, 6.1146
380, 66.96, 6.1313
381, 66.9789, 6.1479
382, 67.002, 6.1646
383, 67.0273, 6.1813
384, 67.0523, 6.1979
385, 67.0733, 6.2146
386, 67.0908, 6.2313
387, 67.0908, 6.2313
388, 67.1082, 6.2479
389, 67.1291, 6.2646
390, 67.1508, 6.2813
391, 67.171, 6.2979
392, 67.1908, 6.3146
393, 67.2112, 6.3313
394, 67.2312, 6.3479
395, 67.2503, 6.3646
396, 67.2503, 6.3646
397, 67.2701, 6.3813
398, 67.2919, 6.3979
399, 67.314, 6.4146
400, 67.3328, 6.4313
401, 67.3529, 6.4479
402, 67.3746, 6.4646
403, 67.3983, 6.4813
404, 67.4201, 6.4979
405, 67.4201, 6.4979
406, 67.437, 6.5146
407, 67.4544, 6.5313
408, 67.4738, 6.5479
409, 67.4939, 6.5646
410, 67.5129, 6.5813
411, 67.5298, 6.5979
412, 67.5474, 6.6146
413, 67.5637, 6.6313
414, 67.5637, 6.6313
415, 67.5821, 6.6479
416, 67.6021, 6.6646
417, 67.6251, 6.6813
418, 67.6468, 6.6979
419, 67.6652, 6.7146
420, 67.6838, 6.7313
421, 67.7037, 6.7479
422, 67.7037, 6.7479
423, 67.7259, 6.7646
424, 67.7466, 6.7813
425, 67.7651, 6.7979
426, 67.7834, 6.8146
427, 67.8037, 6.8313
428, 67.8245, 6.8479
429, 67.8431, 6.8646
430, 67.8636, 6.8813
431, 67.8636, 6.8813
432, 67.8833, 6.8979
433, 67.9019, 6.9146
434, 67.9208, 6.9313
435, 67.9408, 6.9479
436, 67.9625, 6.9646
437, 67.9834, 6.9813
438, 68.0021, 6.9979
439, 68.0021, 6.9979
440, 68.02, 7.0146
441, 68.0394, 7.0313
442, 68.0601, 7.0479
443, 68.0799, 7.0646
444, 68.098, 7.0813
445, 68.1182, 7.0979
446, 68.1393, 7.1146
447, 68.1601, 7.1313
448, 68.1601, 7.1313
449, 68.1777, 7.1479
450, 68.195, 7.1646
451, 68.213, 7.1813
452, 68.2321, 7.1979
453, 68.2523, 7.2146
454, 68.2722, 7.2313
455, 68.2918, 7.2479
456, 68.2918, 7.2479
457, 68.3077, 7.2646
458, 68.3219, 7.2813
459, 68.3427, 7.2979
460, 68.3667, 7.3146
461, 68.3902, 7.3313
462, 68.4082, 7.3479
463, 68.4233, 7.3646
464, 68.4233, 7.3646
465, 68.44, 7.3813
466, 68.4602, 7.3979
467, 68.4813, 7.4146
468, 68.4999, 7.4313
469, 68.5177, 7.4479
470, 68.5347, 7.4646
471, 68.553, 7.4813
472, 68.553, 7.4813
473, 68.5717, 7.4979
474, 68.5911, 7.5146
475, 68.6098, 7.5313
476, 68.6258, 7.5479
477, 68.641, 7.5646
478, 68.6587, 7.5813
479, 68.6787, 7.5979
480, 68.6787, 7.5979
481, 68.6983, 7.6146
482, 68.7151, 7.6313
483, 68.7299, 7.6479
484, 68.7456, 7.6646
485, 68.7629, 7.6813
486, 68.7798, 7.6979
487, 68.7957, 7.7146
488, 68.7957, 7.7146
489, 68.8117, 7.7313
490, 68.8289, 7.7479
491, 68.8471, 7.7646
492, 68.8658, 7.7813
493, 68.8844, 7.7979
494, 68.9015, 7.8146
495, 68.9175, 7.8313
496, 68.9175, 7.8313
497, 68.9344, 7.8479
498, 68.9524, 7.8646
499, 68.9711, 7.8813
500, 68.9897, 7.8979
501, 69.0061, 7.9146
502, 69.0222, 7.9313
503, 69.0398, 7.9479
504, 69.0398, 7.9479
505, 69.0584, 7.9646
506, 69.0762, 7.9813
507, 69.0938, 7.9979
508, 69.1115, 8.0146
509, 69.1288, 8.0313
510, 69.1468, 8.0479
511, 69.1468, 8.0479
512, 69.1648, 8.0646
513, 69.1834, 8.0813
514, 69.1995, 8.0979
515, 69.2138, 8.1146
516, 69.2317, 8.1313
517, 69.2517, 8.1479
518, 69.2737, 8.1646
519, 69.2737, 8.1646
520, 69.2902, 8.1813
521, 69.3035, 8.1979
522, 69.32, 8.2146
523, 69.3387, 8.2313
524, 69.3558, 8.2479
525, 69.3704, 8.2646
526, 69.3704, 8.2646
527, 69.3866, 8.2813
528, 69.4017, 8.2979
529, 69.4191, 8.3146
530, 69.4373, 8.3313
531, 69.4568, 8.3479
532, 69.4737, 8.3646
533, 69.4737, 8.3646
534, 69.4847, 8.3813
535, 69.4992, 8.3979
536, 69.5161, 8.4146
537, 69.537, 8.4313
538, 69.5542, 8.4479
539, 69.5651, 8.4646
540, 69.5777, 8.4813
541, 69.5777, 8.4813
542, 69.594, 8.4979
543, 69.6109, 8.5146
544, 69.6283, 8.5313
545, 69.6452, 8.5479
546, 69.6626, 8.5646
547, 69.6782, 8.5813
548, 69.6782, 8.5813
549, 69.6925, 8.5979
550, 69.7053, 8.6146
551, 69.7185, 8.6313
552, 69.7304, 8.6479
553, 69.7411, 8.6646
554, 69.7604, 8.6813
555, 69.7604, 8.6813
556, 69.7806, 8.6979
557, 69.8007, 8.7146
558, 69.813, 8.7313
559, 69.8195, 8.7479
560, 69.8254, 8.7646
561, 69.8284, 8.7813
562, 69.8284, 8.7813
563, 69.827, 8.7979
564, 69.8234, 8.8146
565, 69.8146, 8.8313
566, 69.801, 8.8479
567, 69.7811, 8.8646
568, 69.7509, 8.8813
569, 69.7509, 8.8813
570, 69.7059, 8.8979
571, 69.6414, 8.9146
572, 69.5428, 8.9313
573, 69.4129, 8.9479
574, 69.269, 8.9646
575, 69.1105, 8.9813
576, 68.8987, 8.9979
577, 68.8987, 8.9979
578, 68.6739, 9.0146
579, 68.4613, 9.0313
580, 68.2345, 9.0479
581, 67.9836, 9.0646
582, 67.7124, 9.0813
583, 67.4193, 9.0979
584, 67.1136, 9.1146
585, 67.1136, 9.1146
586, 66.8029, 9.1313
587, 66.4755, 9.1479
588, 66.1461, 9.1646
589, 65.8106, 9.1813
590, 65.4646, 9.1979
591, 65.131, 9.2146
592, 64.7833, 9.2313
593, 64.4232, 9.2479
594, 64.0597, 9.2646
595, 63.7044, 9.2813
596, 63.3409, 9.2979
597, 62.9652, 9.3146
598, 62.6121, 9.3313
599, 62.6121, 9.3313
600, 62.2741, 9.3479
601, 61.9408, 9.3646
602, 61.6029, 9.3813
603, 61.2596, 9.3979
604, 60.9104, 9.4146
605, 60.5694, 9.4313
606, 60.2178, 9.4479
607, 59.8766, 9.4646
608, 59.5509, 9.4813
609, 59.23, 9.4979
610, 58.904, 9.5146
611, 58.5742, 9.5313
612, 58.2476, 9.5479
613, 57.9088, 9.5646
614, 57.1577, 9.5979
615, 56.8114, 9.6146
616, 56.4699, 9.6313
617, 56.1113, 9.6479
618, 55.7514, 9.6646
619, 55.4161, 9.6813
620, 55.0777, 9.6979
621, 54.7521, 9.7146
622, 54.4265, 9.7313
623, 54.1042, 9.7479
624, 53.8051, 9.7646
625, 53.5208, 9.7813
626, 52.9134, 9.8146
627, 52.6096, 9.8313
628, 52.3051, 9.8479
629, 51.9804, 9.8646
630, 51.6437, 9.8813
631, 51.3158, 9.8979
632, 51, 9.9146
633, 50.4092, 9.9479
634, 50.1172, 9.9646
635, 49.8223, 9.9813
636, 49.5427, 9.9979
637, 49.2684, 10.0146
638, 48.6943, 10.0479
639, 48.425, 10.0646
640, 48.1684, 10.0813
641, 47.907, 10.0979
642, 47.39, 10.1313
643, 47.137, 10.1479
644, 46.8867, 10.1646
645, 46.6383, 10.1813
646, 46.1507, 10.2146
647, 45.8957, 10.2313
648, 45.6435, 10.2479
649, 45.0989, 10.2813
650, 44.8223, 10.2979
651, 44.5483, 10.3146
652, 43.9906, 10.3479
653, 43.726, 10.3646
654, 43.4654, 10.3813
655, 42.914, 10.4146
656, 42.6283, 10.4313
657, 42.1138, 10.4646
658, 41.8618, 10.4813
659, 41.5922, 10.4979
660, 41.0485, 10.5313
661, 40.8026, 10.5479
662, 40.3021, 10.5813
663, 40.0551, 10.5979
664, 39.5674, 10.6313
665, 39.3314, 10.6479
666, 38.8939, 10.6813
667, 38.6707, 10.6979
668, 38.234, 10.7313
669, 37.7516, 10.7646
670, 37.5098, 10.7813
671, 37.0414, 10.8146
672, 36.809, 10.8313
673, 36.356, 10.8646
674, 35.9221, 10.8979
675, 35.6987, 10.9146
676, 35.2527, 10.9479
677, 34.8428, 10.9813
678, 34.6447, 10.9979
679, 34.2563, 11.0313
680, 33.8825, 11.0646
681, 33.5573, 11.0979
682, 33.4168, 11.1146
683, 33.1657, 11.1479
684, 32.9513, 11.1813
685, 32.7741, 11.2146
686, 32.619, 11.2479
687, 32.4719, 11.2813
688, 32.3264, 11.3146
689, 32.2542, 11.3313
690, 32.1145, 11.3646
691, 31.9825, 11.3979
692, 31.8543, 11.4313
693, 31.7383, 11.4646
694, 31.6385, 11.4979
695, 31.5521, 11.5313
696, 31.4739, 11.5646
697, 31.3969, 11.5979
698, 31.3205, 11.6313
699, 31.2793, 11.6479
700, 31.1828, 11.6813
701, 31.0669, 11.7146
702, 30.9342, 11.7479
703, 30.7927, 11.7813
704, 30.6311, 11.8146
705, 30.4521, 11.8479
706, 30.292, 11.8813
707, 30.1457, 11.9146
708, 30.0152, 11.9479
709, 29.9111, 11.9813
710, 29.827, 12.0146
711, 29.7818, 12.0479
712, 29.7317, 12.0813
713, 29.6749, 12.1146
714, 29.6102, 12.1479
715, 29.5435, 12.1813
716, 29.398, 12.2146
717, 29.1912, 12.2479
718, 28.9979, 12.2813
719, 28.7445, 12.3313
720, 28.571, 12.3646
721, 28.3866, 12.3979
722, 28.22, 12.4313
723, 28.0851, 12.4646
724, 27.9644, 12.4979
725, 27.7874, 12.5479
726, 27.6754, 12.5813
727, 27.5645, 12.6146
728, 27.4555, 12.6479
729, 27.3453, 12.6813
730, 27.1593, 12.7313
731, 27.0375, 12.7646
732, 26.9253, 12.7979
733, 26.8114, 12.8313
734, 26.6614, 12.8813
735, 26.6013, 12.9146
736, 26.5439, 12.9479
737, 26.5797, 12.9979
738, 26.6687, 13.0313
739, 26.7466, 13.0646
740, 26.8447, 13.1146
741, 26.9184, 13.1479
742, 27.0142, 13.1813
743, 27.1117, 13.2146
744, 27.2573, 13.2646
745, 27.3943, 13.2979
746, 27.5541, 13.3313
747, 27.6957, 13.3646
748, 27.8006, 13.3979
749, 27.9651, 13.4479
750, 28.145, 13.4813
751, 28.3676, 13.5146
752, 28.5861, 13.5479
753, 28.7685, 13.5813
754, 28.9275, 13.6146
755, 29.0923, 13.6479
756, 29.3694, 13.6979
757, 29.5815, 13.7313
758, 29.8114, 13.7646
759, 30.0364, 13.7979
760, 30.248, 13.8313
761, 30.4452, 13.8646
762, 30.6272, 13.8979
763, 30.7992, 13.9313
764, 30.8731, 13.9646
765, 30.846, 13.9979
766, 30.9269, 14.0313
767, 31.124, 14.0646
768, 31.2313, 14.0813
769, 31.4572, 14.1146
770, 31.6837, 14.1479
771, 31.9094, 14.1813
772, 32.1037, 14.2146
773, 32.2942, 14.2479
774, 32.5086, 14.2813
775, 32.7377, 14.3146
776, 32.8496, 14.3313
777, 33.0455, 14.3646
778, 33.2103, 14.3979
779, 33.3963, 14.4313
780, 33.6319, 14.4646
781, 33.7519, 14.4813
782, 33.9601, 14.5146
783, 34.1329, 14.5479
784, 34.3077, 14.5813
785, 34.396, 14.5979
786, 34.5675, 14.6313
787, 34.7226, 14.6646
788, 34.8745, 14.6979
789, 34.9501, 14.7146
790, 35.098, 14.7479
791, 35.2381, 14.7813
792, 35.303, 14.7979
793, 35.4343, 14.8313
794, 35.5766, 14.8646
795, 35.6547, 14.8813
796, 35.8269, 14.9146
797, 35.9932, 14.9479
798, 36.0715, 14.9646
799, 36.2317, 14.9979
800, 36.4065, 15.0313
801, 36.497, 15.0479
802, 36.6744, 15.0813
803, 36.8467, 15.1146
804, 36.9329, 15.1313
805, 37.1054, 15.1646
806, 37.277, 15.1979
807, 37.3628, 15.2146
808, 37.5367, 15.2479
809, 37.6258, 15.2646
810, 37.7993, 15.2979
811, 37.9748, 15.3313
812, 38.063, 15.3479
813, 38.2391, 15.3813
814, 38.3237, 15.3979
815, 38.4736, 15.4313
816, 38.5191, 15.4479
817, 38.4951, 15.4813
818, 38.388, 15.5146
819, 38.2651, 15.5313
820, 38.0142, 15.5646
821, 37.9137, 15.5813
822, 37.745, 15.6146
823, 37.6436, 15.6313
824, 37.3948, 15.6646
825, 37.0682, 15.6979
826, 36.8892, 15.7146
827, 36.5219, 15.7479
828, 36.1361, 15.7813
829, 35.9254, 15.7979
830, 35.4743, 15.8313
831, 35.0206, 15.8646
832, 34.8005, 15.8813
833, 34.358, 15.9146
834, 33.8942, 15.9479
835, 33.4279, 15.9813
836, 33.1997, 15.9979
837, 32.7562, 16.0313
838, 32.3306, 16.0646
839, 31.9037, 16.0979
840, 31.4532, 16.1313
841, 31.0164, 16.1646
842, 30.61, 16.1979
843, 30.2582, 16.2313
844, 30.1043, 16.2479
845, 29.8096, 16.2813
846, 29.5257, 16.3146
847, 29.1424, 16.3646
848, 28.9043, 16.3979
849, 28.6214, 16.4313
850, 28.3138, 16.4646
851, 28.0354, 16.4979
852, 27.8034, 16.5313
853, 27.5986, 16.5646
854, 27.3973, 16.5979
855, 27.0665, 16.6479
856, 26.8485, 16.6813
857, 26.6491, 16.7146
858, 26.4549, 16.7479
859, 26.2548, 16.7813
860, 25.9532, 16.8313
861, 25.7499, 16.8646
862, 25.5427, 16.8979
863, 25.2168, 16.9479
864, 24.9809, 16.9813
865, 24.5798, 17.0313
866, 24.3117, 17.0646
867, 23.9191, 17.1146
868, 23.6495, 17.1479
869, 23.2603, 17.1979
870, 23.0377, 17.2313
871, 22.7779, 17.2813
872, 22.6388, 17.3146
873, 22.4364, 17.3646
874, 22.225, 17.4146
875, 22.0824, 17.4479
876, 21.8668, 17.4979
877, 21.6475, 17.5479
878, 21.4235, 17.5979
879, 21.197, 17.6479
880, 20.9602, 17.6979
881, 20.7206, 17.7479
882, 20.562, 17.7813
883, 20.3169, 17.8313
884, 20.0593, 17.8813
885, 19.8156, 17.9313
886, 19.506, 17.9979
887, 19.2656, 18.0479
888, 19.0626, 18.0979
889, 18.9102, 18.1479
890, 18.7581, 18.1979
891, 18.6128, 18.2479
892, 18.4884, 18.2979
893, 18.4044, 18.3479
894, 18.321, 18.3979
895, 18.2109, 18.4479
896, 18.0705, 18.5146
897, 17.9923, 18.5646
898, 17.9185, 18.6146
899, 17.9422, 18.6813
900, 18.0123, 18.7313
901, 18.0516, 18.7813
902, 18.0963, 18.8479
903, 18.1635, 18.8979
904, 18.2729, 18.9479
905, 18.3988, 18.9979
906, 18.5457, 19.0646
907, 18.6861, 19.1146
908, 18.8696, 19.1646
909, 19.0886, 19.2146
910, 19.3368, 19.2646
911, 19.6206, 19.3146
912, 19.9386, 19.3646
913, 20.2524, 19.4146
914, 20.5653, 19.4646
915, 20.9247, 19.5146
916, 21.364, 19.5646
917, 21.8217, 19.6146
918, 22.1258, 19.6479
919, 22.5842, 19.6979
920, 23.0226, 19.7479
921, 23.3042, 19.7813
922, 23.7128, 19.8313
923, 23.979, 19.8646
924, 24.3936, 19.9146
925, 24.6863, 19.9479
926, 25.1407, 19.9979
927, 25.4502, 20.0313
928, 25.8598, 20.0813
929, 26.062, 20.1146
930, 26.224, 20.1479
931, 26.408, 20.1813
932, 26.7533, 20.2313
933, 26.9808, 20.2646
934, 27.1828, 20.2979
935, 27.3742, 20.3313
936, 27.5732, 20.3646
937, 27.8628, 20.4146
938, 28.0554, 20.4479
939, 28.2538, 20.4813
940, 28.4532, 20.5146
941, 28.6508, 20.5479
942, 28.8381, 20.5813
943, 29.0192, 20.6146
944, 29.2107, 20.6479
945, 29.42, 20.6813
946, 29.647, 20.7146
947, 29.8841, 20.7479
948, 30.1194, 20.7813
949, 30.3489, 20.8146
950, 30.5644, 20.8479
951, 30.6666, 20.8813
952, 30.6391, 20.9146
953, 30.6994, 20.9479
954, 30.9231, 20.9813
955, 31.1934, 21.0146
956, 31.4103, 21.0479
957, 31.5998, 21.0813
958, 31.7993, 21.1146
959, 32.0103, 21.1479
960, 32.2257, 21.1813
961, 32.439, 21.2146
962, 32.5432, 21.2313
963, 32.7507, 21.2646
964, 32.9608, 21.2979
965, 33.1732, 21.3313
966, 33.3826, 21.3646
967, 33.4861, 21.3813
968, 33.6939, 21.4146
969, 33.911, 21.4479
970, 34.1308, 21.4813
971, 34.34, 21.5146
972, 34.4397, 21.5313
973, 34.6391, 21.5646
974, 34.8434, 21.5979
975, 34.9433, 21.6146
976, 35.1353, 21.6479
977, 35.3293, 21.6813
978, 35.5234, 21.7146
979, 35.6151, 21.7313
980, 35.7872, 21.7646
981, 35.9485, 21.7979
982, 36.0328, 21.8146
983, 36.1993, 21.8479
984, 36.3397, 21.8813
985, 36.3803, 21.8979
986, 36.3496, 21.9313
987, 36.186, 21.9646
988, 36.0397, 21.9813
989, 35.7381, 22.0146
990, 35.5054, 22.0479
991, 35.3984, 22.0646
992, 35.1608, 22.0979
993, 34.8621, 22.1313
994, 34.7048, 22.1479
995, 34.4025, 22.1813
996, 34.0799, 22.2146
997, 33.7527, 22.2479
998, 33.5966, 22.2646
999, 33.3181, 22.2979
1000, 33.0867, 22.3313
1001, 32.8914, 22.3646
1002, 32.7315, 22.3979
1003, 32.6083, 22.4313
1004, 32.5592, 22.4479
1005, 32.4787, 22.4813
1006, 32.4089, 22.5146
1007, 32.3355, 22.5479
1008, 32.2602, 22.5813
1009, 32.1845, 22.6146
1010, 32.1075, 22.6479
1011, 32.0686, 22.6646
1012, 31.9875, 22.6979
1013, 31.9028, 22.7313
1014, 31.8129, 22.7646
1015, 31.7111, 22.7979
1016, 31.5976, 22.8313
1017, 31.4754, 22.8646
1018, 31.3446, 22.8979
1019, 31.1892, 22.9313
1020, 31.0242, 22.9646
1021, 30.9417, 22.9813
1022, 30.7786, 23.0146
1023, 30.6228, 23.0479
1024, 30.4683, 23.0813
1025, 30.3281, 23.1146
1026, 30.2231, 23.1479
1027, 30.1284, 23.1813
1028, 30.0054, 23.2146
1029, 29.9005, 23.2479
1030, 29.8045, 23.2813
1031, 29.6948, 23.3146
1032, 29.5922, 23.3479
1033, 29.5158, 23.3813
1034, 29.4455, 23.4146
1035, 29.4499, 23.4479
1036, 29.4573, 23.4813
1037, 29.4392, 23.5146
1038, 29.4061, 23.5479
1039, 29.3828, 23.5813
1040, 29.3666, 23.6146
1041, 29.3892, 23.6479
1042, 29.4287, 23.6813
1043, 29.4543, 23.7146
1044, 29.4718, 23.7479
1045, 29.5203, 23.7813
1046, 29.5647, 23.8146
1047, 29.6029, 23.8479
1048, 29.6518, 23.8813
1049, 29.7295, 23.9146
1050, 29.7965, 23.9479
1051, 29.8527, 23.9813
1052, 29.9066, 24.0146
1053, 29.9782, 24.0479
1054, 30.0705, 24.0813
1055, 30.1681, 24.1146
1056, 30.2549, 24.1479
1057, 30.3339, 24.1813
1058, 30.4187, 24.2146
1059, 30.5061, 24.2479
1060, 30.5856, 24.2813
1061, 30.6624, 24.3146
1062, 30.7547, 24.3479
1063, 30.8577, 24.3813
1064, 30.9486, 24.4146
1065, 31.0372, 24.4479
1066, 31.1324, 24.4813
1067, 31.2362, 24.5146
1068, 31.3365, 24.5479
1069, 31.4378, 24.5813
1070, 31.5404, 24.6146
1071, 31.6441, 24.6479
1072, 31.6975, 24.6646
1073, 31.8048, 24.6979
1074, 31.922, 24.7313
1075, 32.0505, 24.7646
1076, 32.189, 24.7979
1077, 32.3429, 24.8313
1078, 32.5077, 24.8646
1079, 32.6926, 24.8979
1080, 32.7877, 24.9146
1081, 32.9793, 24.9479
1082, 33.1761, 24.9813
1083, 33.3829, 25.0146
1084, 33.5912, 25.0479
1085, 33.6942, 25.0646
1086, 33.8995, 25.0979
1087, 34.1036, 25.1313
1088, 34.3109, 25.1646
1089, 34.522, 25.1979
1090, 34.6266, 25.2146
1091, 34.8371, 25.2479
1092, 35.0434, 25.2813
1093, 35.1445, 25.2979
1094, 35.3452, 25.3313
1095, 35.5461, 25.3646
1096, 35.747, 25.3979
1097, 35.8463, 25.4146
1098, 36.0422, 25.4479
1099, 36.2342, 25.4813
1100, 36.3297, 25.4979
1101, 36.5238, 25.5313
1102, 36.6236, 25.5479
1103, 36.8242, 25.5813
1104, 37.0128, 25.6146
1105, 37.1043, 25.6313
1106, 37.289, 25.6646
1107, 37.4844, 25.6979
1108, 37.5828, 25.7146
1109, 37.7721, 25.7479
1110, 37.8606, 25.7646
1111, 38.0337, 25.7979
1112, 38.2138, 25.8313
1113, 38.307, 25.8479
1114, 38.4898, 25.8813
1115, 38.5769, 25.8979
1116, 38.7486, 25.9313
1117, 38.8359, 25.9479
1118, 39.0083, 25.9813
1119, 39.0942, 25.9979
1120, 39.2675, 26.0313
1121, 39.3547, 26.0479
1122, 39.5129, 26.0813
1123, 39.5791, 26.1146
1124, 39.5404, 26.1313
1125, 39.4105, 26.1646
1126, 39.2774, 26.1813
1127, 39.0367, 26.2146
1128, 38.9467, 26.2313
1129, 38.7904, 26.2646
1130, 38.6899, 26.2813
1131, 38.4221, 26.3146
1132, 38.2531, 26.3313
1133, 37.8874, 26.3646
1134, 37.5093, 26.3979
1135, 37.323, 26.4146
1136, 36.9226, 26.4479
1137, 36.7, 26.4646
1138, 36.2455, 26.4979
1139, 35.777, 26.5313
1140, 35.5393, 26.5479
1141, 35.0681, 26.5813
1142, 34.5937, 26.6146
1143, 34.1146, 26.6479
1144, 33.8752, 26.6646
1145, 33.3911, 26.6979
1146, 32.909, 26.7313
1147, 32.4481, 26.7646
1148, 32.0154, 26.7979
1149, 31.8069, 26.8146
1150, 31.396, 26.8479
1151, 31.0376, 26.8813
1152, 30.7472, 26.9146
1153, 30.4868, 26.9479
1154, 30.2655, 26.9813
1155, 30.0511, 27.0146
1156, 29.8394, 27.0479
1157, 29.5605, 27.0813
1158, 29.2516, 27.1146
1159, 28.9685, 27.1479
1160, 28.7515, 27.1813
1161, 28.5681, 27.2146
1162, 28.3828, 27.2479
1163, 28.1075, 27.2979
1164, 27.9826, 27.3313
1165, 27.8797, 27.3646
1166, 27.7786, 27.3979
1167, 27.6855, 27.4313
1168, 27.576, 27.4646
1169, 27.4422, 27.4979
1170, 27.2352, 27.5479
1171, 27.1025, 27.5813
1172, 26.9858, 27.6146
1173, 26.8732, 27.6479
1174, 26.7583, 27.6813
1175, 26.591, 27.7313
1176, 26.4775, 27.7646
1177, 26.3627, 27.7979
1178, 26.1921, 27.8479
1179, 26.0766, 27.8813
1180, 25.9576, 27.9146
1181, 25.8336, 27.9646
1182, 25.787, 27.9979
1183, 25.7386, 28.0313
1184, 25.7642, 28.0813
1185, 25.7798, 28.1146
1186, 25.7623, 28.1479
1187, 25.7549, 28.1813
1188, 25.7823, 28.2313
1189, 25.789, 28.2646
1190, 25.8642, 28.2979
1191, 25.8998, 28.3479
1192, 25.8869, 28.3813
1193, 25.9566, 28.4146
1194, 26.0353, 28.4646
1195, 26.0881, 28.4979
1196, 26.1843, 28.5313
1197, 26.2983, 28.5646
1198, 26.3887, 28.6146
1199, 26.4226, 28.6479
1200, 26.4824, 28.6813
1201, 26.5597, 28.7146
1202, 26.6731, 28.7646
1203, 26.7483, 28.7979
1204, 26.8314, 28.8313
1205, 26.9243, 28.8646
1206, 27.0705, 28.9146
1207, 27.1639, 28.9479
1208, 27.2513, 28.9813
1209, 27.3463, 29.0146
1210, 27.5545, 29.0646
1211, 27.7543, 29.0979
1212, 27.9738, 29.1313
1213, 28.1927, 29.1646
1214, 28.4148, 29.1979
1215, 28.657, 29.2313
1216, 28.9109, 29.2646
1217, 29.1471, 29.2979
1218, 29.3478, 29.3313
1219, 29.5265, 29.3646
1220, 29.5332, 29.3979
1221, 29.5301, 29.4313
1222, 29.696, 29.4646
1223, 29.9591, 29.4979
1224, 30.1932, 29.5313
1225, 30.3902, 29.5646
1226, 30.5923, 29.5979
1227, 30.806, 29.6313
1228, 31.0096, 29.6646
1229, 31.2154, 29.6979
1230, 31.4344, 29.7313
1231, 31.6453, 29.7646
1232, 31.829, 29.7979
1233, 32.0248, 29.8313
1234, 32.2472, 29.8646
1235, 32.4603, 29.8979
1236, 32.5527, 29.9146
1237, 32.7317, 29.9479
1238, 32.9406, 29.9813
1239, 33.165, 30.0146
1240, 33.3564, 30.0479
1241, 33.4455, 30.0646
1242, 33.638, 30.0979
1243, 33.8482, 30.1313
1244, 34.0462, 30.1646
1245, 34.2374, 30.1979
1246, 34.3395, 30.2146
1247, 34.5531, 30.2479
1248, 34.7509, 30.2813
1249, 34.9289, 30.3146
1250, 35.0183, 30.3313
1251, 35.222, 30.3646
1252, 35.4413, 30.3979
1253, 35.5462, 30.4146
1254, 35.7343, 30.4479
1255, 35.9045, 30.4813
1256, 35.9937, 30.4979
1257, 36.1918, 30.5313
1258, 36.3924, 30.5646
1259, 36.4829, 30.5813
1260, 36.6573, 30.6146
1261, 36.8475, 30.6479
1262, 36.9487, 30.6646
1263, 37.139, 30.6979
1264, 37.2261, 30.7146
1265, 37.3918, 30.7479
1266, 37.5641, 30.7813
1267, 37.6645, 30.7979
1268, 37.8628, 30.8313
1269, 37.9572, 30.8479
1270, 38.1311, 30.8813
1271, 38.2989, 30.9146
1272, 38.3852, 30.9313
1273, 38.5584, 30.9646
1274, 38.6408, 30.9813
1275, 38.8177, 31.0146
1276, 38.9111, 31.0313
1277, 39.099, 31.0646
1278, 39.1834, 31.0813
1279, 39.3336, 31.1146
1280, 39.4077, 31.1313
1281, 39.4415, 31.1646
1282, 39.4225, 31.1813
1283, 39.4561, 31.2146
1284, 39.6227, 31.2479
1285, 39.7337, 31.2646
1286, 39.8906, 31.2979
1287, 39.9524, 31.3146
1288, 40.0837, 31.3479
1289, 40.1676, 31.3646
1290, 40.3381, 31.3979
1291, 40.4131, 31.4146
1292, 40.5399, 31.4479
1293, 40.6088, 31.4646
1294, 40.6829, 31.4813
1295, 40.8604, 31.5146
1296, 40.9448, 31.5313
1297, 41.0906, 31.5646
1298, 41.1566, 31.5813
1299, 41.3033, 31.6146
1300, 41.3867, 31.6313
1301, 41.5444, 31.6646
1302, 41.6161, 31.6813
1303, 41.7519, 31.7146
1304, 41.8301, 31.7313
1305, 41.9125, 31.7479
1306, 42.0742, 31.7813
1307, 42.1445, 31.7979
1308, 42.2785, 31.8313
1309, 42.3513, 31.8479
1310, 42.5071, 31.8813
1311, 42.5803, 31.8979
1312, 42.6475, 31.9146
1313, 42.7833, 31.9479
1314, 42.8599, 31.9646
1315, 43.0206, 31.9979
1316, 43.0914, 32.0146
1317, 43.1563, 32.0313
1318, 43.2933, 32.0646
1319, 43.3702, 32.0813
1320, 43.5251, 32.1146
1321, 43.5956, 32.1313
1322, 43.6596, 32.1479
1323, 43.7905, 32.1813
1324, 43.864, 32.1979
1325, 43.9428, 32.2146
1326, 44.0928, 32.2479
1327, 44.1607, 32.2646
1328, 44.2273, 32.2813
1329, 44.369, 32.3146
1330, 44.4421, 32.3313
1331, 44.5758, 32.3646
1332, 44.6404, 32.3813
1333, 44.7059, 32.3979
1334, 44.8474, 32.4313
1335, 44.9152, 32.4479
1336, 44.9761, 32.4646
1337, 45.1049, 32.4979
1338, 45.1785, 32.5146
1339, 45.2571, 32.5313
1340, 45.4033, 32.5646
1341, 45.4659, 32.5813
1342, 45.5249, 32.5979
1343, 45.6543, 32.6313
1344, 45.7273, 32.6479
1345, 45.8005, 32.6646
1346, 45.8716, 32.6813
1347, 46.0052, 32.7146
1348, 46.0714, 32.7313
1349, 46.1388, 32.7479
1350, 46.2694, 32.7813
1351, 46.3305, 32.7979
1352, 46.3914, 32.8146
1353, 46.5243, 32.8479
1354, 46.5926, 32.8646
1355, 46.658, 32.8813
1356, 46.7222, 32.8979
1357, 46.8505, 32.9313
1358, 46.9162, 32.9479
1359, 46.9821, 32.9646
1360, 47.1078, 32.9979
1361, 47.1678, 33.0146
1362, 47.2299, 33.0313
1363, 47.2949, 33.0479
1364, 47.4273, 33.0813
1365, 47.4894, 33.0979
1366, 47.5498, 33.1146
1367, 47.6104, 33.1313
1368, 47.7396, 33.1646
1369, 47.804, 33.1813
1370, 47.8654, 33.1979
1371, 47.9257, 33.2146
1372, 48.0488, 33.2479
1373, 48.1116, 33.2646
1374, 48.1716, 33.2813
1375, 48.2299, 33.2979
1376, 48.35, 33.3313
1377, 48.4148, 33.3479
1378, 48.4805, 33.3646
1379, 48.5443, 33.3813
1380, 48.6544, 33.4146
1381, 48.7107, 33.4313
1382, 48.7688, 33.4479
1383, 48.8313, 33.4646
1384, 48.9527, 33.4979
1385, 49.0091, 33.5146
1386, 49.0665, 33.5313
1387, 49.1265, 33.5479
1388, 49.189, 33.5646
1389, 49.3083, 33.5979
1390, 49.366, 33.6146
1391, 49.4219, 33.6313
1392, 49.4459, 33.6479
1393, 49.3876, 33.6813
1394, 49.3899, 33.6979
1395, 49.4375, 33.7146
1396, 49.5101, 33.7313
1397, 49.5835, 33.7479
1398, 49.6722, 33.7813
1399, 49.7123, 33.7979
1400, 49.7663, 33.8146
1401, 49.8293, 33.8313
1402, 49.8902, 33.8479
1403, 49.99, 33.8813
1404, 50.0403, 33.8979
1405, 50.0967, 33.9146
1406, 50.1555, 33.9313
1407, 50.2114, 33.9479
1408, 50.3106, 33.9813
1409, 50.3618, 33.9979
1410, 50.4165, 34.0146
1411, 50.4726, 34.0313
1412, 50.5252, 34.0479
1413, 50.6201, 34.0813
1414, 50.6736, 34.0979
1415, 50.7334, 34.1146
1416, 50.7937, 34.1313
1417, 50.8477, 34.1479
1418, 50.9414, 34.1813
1419, 50.9907, 34.1979
1420, 51.0446, 34.2146
1421, 51.1016, 34.2313
1422, 51.1562, 34.2479
1423, 51.2063, 34.2646
1424, 51.3068, 34.2979
1425, 51.3601, 34.3146
1426, 51.4104, 34.3313
1427, 51.4561, 34.3479
1428, 51.5021, 34.3646
1429, 51.5513, 34.3813
1430, 51.6613, 34.4146
1431, 51.7092, 34.4313
1432, 51.755, 34.4479
1433, 51.8033, 34.4646
1434, 51.8571, 34.4813
1435, 51.913, 34.4979
1436, 52.0156, 34.5313
1437, 52.0624, 34.5479
1438, 52.1099, 34.5646
1439, 52.1601, 34.5813
1440, 52.2107, 34.5979
1441, 52.2604, 34.6146
1442, 52.3072, 34.6313
1443, 52.4023, 34.6646
1444, 52.453, 34.6813
1445, 52.5036, 34.6979
1446, 52.5516, 34.7146
1447, 52.6015, 34.7313
1448, 52.6548, 34.7479
1449, 52.7126, 34.7646
1450, 52.8155, 34.7979
1451, 52.8599, 34.8146
1452, 52.906, 34.8313
1453, 52.9562, 34.8479
1454, 53.0096, 34.8646
1455, 53.0625, 34.8813
1456, 53.1114, 34.8979
1457, 53.2036, 34.9313
1458, 53.2531, 34.9479
1459, 53.306, 34.9646
1460, 53.3549, 34.9813
1461, 53.3999, 34.9979
1462, 53.4484, 35.0146
1463, 53.4992, 35.0313
1464, 53.555, 35.0479
1465, 53.6527, 35.0813
1466, 53.6984, 35.0979
1467, 53.7474, 35.1146
1468, 53.7956, 35.1313
1469, 53.837, 35.1479
1470, 53.8674, 35.1646
1471, 53.8915, 35.1813
1472, 53.9116, 35.1979
1473, 53.9264, 35.2146
1474, 53.8718, 35.2479
1475, 53.7861, 35.2646
1476, 53.6926, 35.2813
1477, 53.5728, 35.2979
1478, 53.4044, 35.3146
1479, 53.234, 35.3313
1480, 53.0807, 35.3479
1481, 52.923, 35.3646
1482, 52.5393, 35.3979
1483, 52.3005, 35.4146
1484, 52.0673, 35.4313
1485, 51.8388, 35.4479
1486, 51.5951, 35.4646
1487, 51.3314, 35.4813
1488, 51.0435, 35.4979
1489, 50.4996, 35.5313
1490, 50.2165, 35.5479
1491, 49.9155, 35.5646
1492, 49.6239, 35.5813
1493, 49.3359, 35.5979
1494, 48.7262, 35.6313
1495, 48.4342, 35.6479
1496, 48.1475, 35.6646
1497, 47.8456, 35.6813
1498, 47.2166, 35.7146
1499, 46.934, 35.7313
1500, 46.6464, 35.7479
1501, 46.3609, 35.7646
1502, 45.806, 35.7979
1503, 45.5147, 35.8146
1504, 45.2407, 35.8313
1505, 44.6968, 35.8646
1506, 44.3932, 35.8813
1507, 44.0914, 35.8979
1508, 43.5904, 35.9313
1509, 43.319, 35.9479
1510, 42.7552, 35.9813
1511, 42.4907, 35.9979
1512, 42.2258, 36.0146
1513, 41.696, 36.0479
1514, 41.4397, 36.0646
1515, 40.9384, 36.0979
1516, 40.6809, 36.1146
1517, 40.1631, 36.1479
1518, 39.9231, 36.1646
1519, 39.5033, 36.1979
1520, 39.2755, 36.2146
1521, 38.8142, 36.2479
1522, 38.5627, 36.2646
1523, 38.0693, 36.2979
1524, 37.829, 36.3146
1525, 37.2757, 36.3479
1526, 36.6617, 36.3813
1527, 36.4029, 36.3979
1528, 35.902, 36.4313
1529, 35.3648, 36.4646
1530, 35.1191, 36.4813
1531, 34.5696, 36.5146
1532, 34.0421, 36.5479
1533, 33.8112, 36.5646
1534, 33.3605, 36.5979
1535, 32.8883, 36.6313
1536, 32.3903, 36.6646
1537, 31.9316, 36.6979
1538, 31.4863, 36.7313
1539, 31.0237, 36.7646
1540, 30.7837, 36.7813
1541, 30.3058, 36.8146
1542, 29.8623, 36.8479
1543, 29.423, 36.8813
1544, 28.7726, 36.9313
1545, 28.3394, 36.9646
1546, 27.9166, 36.9979
1547, 27.504, 37.0313
1548, 27.0922, 37.0646
1549, 26.6879, 37.0979
1550, 26.1878, 37.1479
1551, 25.9618, 37.1813
1552, 25.8117, 37.2146
1553, 25.668, 37.2646
1554, 25.5841, 37.2979
1555, 25.503, 37.3313
1556, 25.3888, 37.3813
1557, 25.3131, 37.4146
1558, 25.2372, 37.4479
1559, 25.1233, 37.4979
1560, 25.0519, 37.5313
1561, 25.0086, 37.5646
1562, 24.983, 37.6146
1563, 25.0428, 37.6479
1564, 25.1651, 37.6813
1565, 25.3201, 37.7313
1566, 25.3874, 37.7646
1567, 25.4587, 37.7979
1568, 25.6158, 37.8479
1569, 25.7263, 37.8813
1570, 25.806, 37.9146
1571, 25.8388, 37.9479
1572, 25.8384, 37.9979
1573, 25.8498, 38.0313
1574, 25.8803, 38.0646
1575, 25.9126, 38.0979
1576, 25.939, 38.1479
1577, 25.9467, 38.1813
1578, 25.9628, 38.2146
1579, 25.998, 38.2646
1580, 26.0182, 38.2979
1581, 26.0274, 38.3313
1582, 26.0385, 38.3646
1583, 26.0716, 38.4146
1584, 26.1087, 38.4479
1585, 26.15, 38.4813
1586, 26.2068, 38.5146
1587, 26.2879, 38.5646
1588, 26.3206, 38.5979
1589, 26.3672, 38.6313
1590, 26.4248, 38.6646
1591, 26.4831, 38.6979
1592, 26.5579, 38.7479
1593, 26.6025, 38.7813
1594, 26.6592, 38.8146
1595, 26.7312, 38.8479
1596, 26.8593, 38.8979
1597, 26.9592, 38.9313
1598, 27.0487, 38.9646
1599, 27.1002, 38.9979
1600, 27.1168, 39.0313
1601, 27.3052, 39.0813
1602, 27.4773, 39.1146
1603, 27.5583, 39.1479
1604, 27.5654, 39.1813
1605, 27.6465, 39.2146
1606, 27.9135, 39.2646
1607, 28.0908, 39.2979
1608, 28.2407, 39.3313
1609, 28.4155, 39.3646
1610, 28.6294, 39.3979
1611, 28.8606, 39.4313
1612, 29.0886, 39.4646
1613, 29.3079, 39.4979
1614, 29.6335, 39.5479
1615, 29.8384, 39.5813
1616, 30.0079, 39.6146
1617, 29.9981, 39.6479
1618, 29.9986, 39.6813
1619, 30.1578, 39.7146
1620, 30.4037, 39.7479
1621, 30.6265, 39.7813
1622, 30.8107, 39.8146
1623, 30.9831, 39.8479
1624, 31.0748, 39.8646
1625, 31.2679, 39.8979
1626, 31.4682, 39.9313
1627, 31.6623, 39.9646
1628, 31.846, 39.9979
1629, 32.0284, 40.0313
1630, 32.2063, 40.0646
1631, 32.3834, 40.0979
1632, 32.5623, 40.1313
1633, 32.7369, 40.1646
1634, 32.8229, 40.1813
1635, 33.0048, 40.2146
1636, 33.1931, 40.2479
1637, 33.354, 40.2813
1638, 33.4883, 40.3146
1639, 33.6403, 40.3479
1640, 33.72, 40.3646
1641, 33.8752, 40.3979
1642, 34.0138, 40.4313
1643, 34.1381, 40.4646
1644, 34.2581, 40.4979
1645, 34.324, 40.5146
1646, 34.4698, 40.5479
1647, 34.6014, 40.5813
1648, 34.724, 40.6146
1649, 34.7847, 40.6313
1650, 34.8937, 40.6646
1651, 34.9948, 40.6979
1652, 35.0567, 40.7146
1653, 35.2132, 40.7479
1654, 35.3656, 40.7813
1655, 35.4869, 40.8146
1656, 35.5424, 40.8313
1657, 35.6626, 40.8646
1658, 35.7945, 40.8979
1659, 35.8654, 40.9146
1660, 36.0058, 40.9479
1661, 36.1368, 40.9813
1662, 36.2067, 40.9979
1663, 36.3612, 41.0313
1664, 36.5312, 41.0646
1665, 36.6182, 41.0813
1666, 36.7929, 41.1146
1667, 36.9627, 41.1479
1668, 37.046, 41.1646
1669, 37.2218, 41.1979
1670, 37.3144, 41.2146
1671, 37.4978, 41.2479
1672, 37.668, 41.2813
1673, 37.7471, 41.2979
1674, 37.8979, 41.3313
1675, 37.9743, 41.3479
1676, 38.1107, 41.3813
1677, 38.0649, 41.4146
1678, 38.0601, 41.4313
1679, 38.1669, 41.4646
1680, 38.2606, 41.4813
1681, 38.4287, 41.5146
1682, 38.4922, 41.5313
1683, 38.6022, 41.5646
1684, 38.6763, 41.5813
1685, 38.869, 41.6146
1686, 39.0441, 41.6479
1687, 39.1097, 41.6646
1688, 39.2411, 41.6979
1689, 39.3201, 41.7146
1690, 39.4814, 41.7479
1691, 39.5581, 41.7646
1692, 39.7059, 41.7979
1693, 39.7807, 41.8146
1694, 39.9347, 41.8479
1695, 40.0114, 41.8646
1696, 40.156, 41.8979
1697, 40.2192, 41.9146
1698, 40.356, 41.9479
1699, 40.43, 41.9646
1700, 40.5072, 41.9813
1701, 40.6664, 42.0146
1702, 40.7443, 42.0313
1703, 40.8956, 42.0646
1704, 40.97, 42.0813
1705, 41.1203, 42.1146
1706, 41.1955, 42.1313
1707, 41.3352, 42.1646
1708, 41.3961, 42.1813
1709, 41.5263, 42.2146
1710, 41.6015, 42.2313
1711, 41.686, 42.2479
1712, 41.8479, 42.2813
1713, 41.9201, 42.2979
1714, 42.0563, 42.3313
1715, 42.1277, 42.3479
1716, 42.2837, 42.3813
1717, 42.3613, 42.3979
1718, 42.4357, 42.4146
1719, 42.576, 42.4479
1720, 42.6457, 42.4646
1721, 42.7836, 42.4979
1722, 42.8508, 42.5146
1723, 42.9191, 42.5313
1724, 43.065, 42.5646
1725, 43.1438, 42.5813
1726, 43.3033, 42.6146
1727, 43.3803, 42.6313
1728, 43.454, 42.6479
1729, 43.596, 42.6813
1730, 43.6659, 42.6979
1731, 43.8084, 42.7313
1732, 43.8821, 42.7479
1733, 43.9568, 42.7646
1734, 44.1055, 42.7979
1735, 44.1783, 42.8146
1736, 44.2486, 42.8313
1737, 44.3895, 42.8646
1738, 44.46, 42.8813
1739, 44.5324, 42.8979
1740, 44.6752, 42.9313
1741, 44.7495, 42.9479
1742, 44.8254, 42.9646
1743, 44.9739, 42.9979
1744, 45.0414, 43.0146
1745, 45.1065, 43.0313
1746, 45.2538, 43.0646
1747, 45.334, 43.0813
1748, 45.4171, 43.0979
1749, 45.5672, 43.1313
1750, 45.6351, 43.1479
1751, 45.7032, 43.1646
1752, 45.8425, 43.1979
1753, 45.9156, 43.2146
1754, 45.9924, 43.2313
1755, 46.1427, 43.2646
1756, 46.214, 43.2813
1757, 46.2813, 43.2979
1758, 46.3496, 43.3146
1759, 46.486, 43.3479
1760, 46.5522, 43.3646
1761, 46.62, 43.3813
1762, 46.7556, 43.4146
1763, 46.826, 43.4313
1764, 46.8968, 43.4479
1765, 46.9686, 43.4646
1766, 47.1068, 43.4979
1767, 47.1732, 43.5146
1768, 47.2388, 43.5313
1769, 47.3698, 43.5646
1770, 47.4367, 43.5813
1771, 47.5032, 43.5979
1772, 47.5681, 43.6146
1773, 47.6945, 43.6479
1774, 47.7583, 43.6646
1775, 47.8228, 43.6813
1776, 47.8881, 43.6979
1777, 48.0205, 43.7313
1778, 48.0853, 43.7479
1779, 48.1514, 43.7646
1780, 48.2175, 43.7813
1781, 48.3508, 43.8146
1782, 48.4172, 43.8313
1783, 48.4822, 43.8479
1784, 48.5469, 43.8646
1785, 48.6733, 43.8979
1786, 48.7363, 43.9146
1787, 48.7963, 43.9313
1788, 48.852, 43.9479
1789, 48.9351, 43.9813
1790, 48.9459, 43.9979
1791, 48.9213, 44.0146
1792, 48.8559, 44.0313
1793, 48.7845, 44.0479
1794, 48.529, 44.0813
1795, 48.3773, 44.0979
1796, 48.2367, 44.1146
1797, 48.0988, 44.1313
1798, 47.781, 44.1646
1799, 47.5859, 44.1813
1800, 47.3636, 44.1979
1801, 47.127, 44.2146
1802, 46.6425, 44.2479
1803, 46.3918, 44.2646
1804, 46.1332, 44.2813
1805, 45.5704, 44.3146
1806, 45.2819, 44.3313
1807, 45.0038, 44.3479
1808, 44.7096, 44.3646
1809, 44.0643, 44.3979
1810, 43.7499, 44.4146
1811, 43.104, 44.4479
1812, 42.7805, 44.4646
1813, 42.4628, 44.4813
1814, 41.8701, 44.5146
1815, 41.5927, 44.5313
1816, 41.0495, 44.5646
1817, 40.7812, 44.5813
1818, 40.1842, 44.6146
1819, 39.8784, 44.6313
1820, 39.268, 44.6646
1821, 38.9784, 44.6813
1822, 38.4707, 44.7146
1823, 38.2411, 44.7313
1824, 37.8234, 44.7646
1825, 37.6368, 44.7813
1826, 37.2862, 44.8146
1827, 36.9621, 44.8479
1828, 36.8039, 44.8646
1829, 36.4796, 44.8979
1830, 36.1518, 44.9313
1831, 35.987, 44.9479
1832, 35.6582, 44.9813
1833, 35.334, 45.0146
1834, 35.1737, 45.0313
1835, 34.8436, 45.0646
1836, 34.4892, 45.0979
1837, 34.3226, 45.1146
1838, 34.0443, 45.1479
1839, 33.782, 45.1813
1840, 33.5105, 45.2146
1841, 33.2414, 45.2479
1842, 33.1028, 45.2646
1843, 32.8201, 45.2979
1844, 32.5479, 45.3313
1845, 32.2918, 45.3646
1846, 32.0342, 45.3979
1847, 31.7659, 45.4313
1848, 31.6309, 45.4479
1849, 31.3862, 45.4813
1850, 31.1692, 45.5146
1851, 30.969, 45.5479
1852, 30.8024, 45.5813
1853, 30.7141, 45.6146
1854, 30.659, 45.6479
1855, 30.618, 45.6813
1856, 30.5778, 45.7146
1857, 30.5351, 45.7479
1858, 30.4409, 45.7813
1859, 30.297, 45.8146
1860, 30.1569, 45.8479
1861, 30.0443, 45.8813
1862, 29.9393, 45.9146
1863, 29.8227, 45.9479
1864, 29.6883, 45.9813
1865, 29.5456, 46.0146
1866, 29.4084, 46.0479
1867, 29.2722, 46.0813
1868, 29.1567, 46.1146
1869, 29.0411, 46.1479
1870, 28.9287, 46.1813
1871, 28.8261, 46.2146
1872, 28.7229, 46.2479
1873, 28.621, 46.2813
1874, 28.5251, 46.3146
1875, 28.4526, 46.3479
1876, 28.3973, 46.3813
1877, 28.3425, 46.4146
1878, 28.3325, 46.4479
1879, 28.3943, 46.4979
1880, 28.4209, 46.5313
1881, 28.4198, 46.5646
1882, 28.4252, 46.5979
1883, 28.4546, 46.6313
1884, 28.5011, 46.6646
1885, 28.5342, 46.6979
1886, 28.5416, 46.7313
1887, 28.5492, 46.7646
1888, 28.5618, 46.7979
1889, 28.59, 46.8313
1890, 28.6244, 46.8646
1891, 28.6373, 46.8979
1892, 28.6377, 46.9313
1893, 28.6418, 46.9646
1894, 28.7018, 47.0146
1895, 28.7745, 47.0479
1896, 28.8384, 47.0813
1897, 28.8774, 47.1146
1898, 28.9314, 47.1479
1899, 29.0172, 47.1813
1900, 29.1082, 47.2146
1901, 29.1453, 47.2479
1902, 29.1724, 47.2813
1903, 29.2213, 47.3146
1904, 29.2901, 47.3479
1905, 29.3463, 47.3813
1906, 29.3855, 47.4146
1907, 29.4177, 47.4479
1908, 29.4577, 47.4813
1909, 29.5108, 47.5146
1910, 29.5596, 47.5479
1911, 29.6143, 47.5813
1912, 29.6631, 47.6146
1913, 29.7168, 47.6479
1914, 29.769, 47.6813
1915, 29.8281, 47.7146
1916, 29.8894, 47.7479
1917, 29.9991, 47.7979
1918, 30.073, 47.8313
1919, 30.1105, 47.8479
1920, 30.188, 47.8813
1921, 30.274, 47.9146
1922, 30.3648, 47.9479
1923, 30.4555, 47.9813
1924, 30.5418, 48.0146
1925, 30.5799, 48.0479
1926, 30.5565, 48.0813
1927, 30.7153, 48.1146
1928, 30.9726, 48.1479
1929, 31.218, 48.1813
1930, 31.4207, 48.2146
1931, 31.6198, 48.2479
1932, 31.833, 48.2813
1933, 32.0519, 48.3146
1934, 32.2695, 48.3479
1935, 32.4862, 48.3813
1936, 32.5942, 48.3979
1937, 32.7988, 48.4313
1938, 32.9895, 48.4646
1939, 33.1603, 48.4979
1940, 33.3073, 48.5313
1941, 33.5254, 48.5646
1942, 33.6549, 48.5813
1943, 33.927, 48.6146
1944, 34.1412, 48.6479
1945, 34.3166, 48.6813
1946, 34.4083, 48.6979
1947, 34.6052, 48.7313
1948, 34.8049, 48.7646
1949, 34.9946, 48.7979
1950, 35.0881, 48.8146
1951, 35.2765, 48.8479
1952, 35.4707, 48.8813
1953, 35.5706, 48.8979
1954, 35.7714, 48.9313
1955, 35.9719, 48.9646
1956, 36.0704, 48.9813
1957, 36.2648, 49.0146
1958, 36.4552, 49.0479
1959, 36.5504, 49.0646
1960, 36.74, 49.0979
1961, 36.9314, 49.1313
1962, 37.0275, 49.1479
1963, 37.2221, 49.1813
1964, 37.3175, 49.1979
1965, 37.5011, 49.2313
1966, 37.679, 49.2646
1967, 37.7636, 49.2813
1968, 37.9238, 49.3146
1969, 38.0026, 49.3313
1970, 38.1793, 49.3646
1971, 38.3851, 49.3979
1972, 38.4923, 49.4146
1973, 38.693, 49.4479
1974, 38.7822, 49.4646
1975, 38.9453, 49.4979
1976, 39.0262, 49.5146
1977, 39.1979, 49.5479
1978, 39.2911, 49.5646
1979, 39.4742, 49.5979
1980, 39.5638, 49.6146
1981, 39.7326, 49.6479
1982, 39.816, 49.6646
1983, 39.9488, 49.6979
1984, 39.9057, 49.7313
1985, 39.9042, 49.7479
1986, 40.0168, 49.7813
1987, 40.1155, 49.7979
1988, 40.3098, 49.8313
1989, 40.3868, 49.8479
1990, 40.4554, 49.8646
1991, 40.5983, 49.8979
1992, 40.6791, 49.9146
1993, 40.8374, 49.9479
1994, 40.9095, 49.9646
1995, 41.0532, 49.9979
1996, 41.1294, 50.0146
1997, 41.2902, 50.0479
1998, 41.3726, 50.0646
1999, 41.5347, 50.0979
2000, 41.6116, 50.1146
2001, 41.7616, 50.1479
2002, 41.8375, 50.1646
2003, 41.916, 50.1813
2004, 42.073, 50.2146
2005, 42.1489, 50.2313
2006, 42.2981, 50.2646
2007, 42.3713, 50.2813
2008, 42.5176, 50.3146
2009, 42.592, 50.3313
2010, 42.6657, 50.3479
2011, 42.8129, 50.3813
2012, 42.8848, 50.3979
2013, 43.0269, 50.4313
2014, 43.0937, 50.4479
2015, 43.1688, 50.4646
2016, 43.3261, 50.4979
2017, 43.4049, 50.5146
2018, 43.5542, 50.5479
2019, 43.6258, 50.5646
2020, 43.6966, 50.5813
2021, 43.8382, 50.6146
2022, 43.9104, 50.6313
2023, 43.984, 50.6479
2024, 44.1316, 50.6813
2025, 44.2037, 50.6979
2026, 44.2734, 50.7146
2027, 44.4088, 50.7479
2028, 44.4766, 50.7646
2029, 44.5454, 50.7813
2030, 44.6873, 50.8146
2031, 44.7614, 50.8313
2032, 44.9082, 50.8646
2033, 44.9778, 50.8813
2034, 45.0471, 50.8979
2035, 45.1878, 50.9313
2036, 45.2586, 50.9479
2037, 45.3279, 50.9646
2038, 45.3945, 50.9813
2039, 45.5253, 51.0146
2040, 45.5903, 51.0313
2041, 45.6565, 51.0479
2042, 45.7918, 51.0813
2043, 45.8599, 51.0979
2044, 45.9297, 51.1146
2045, 46.078, 51.1479
2046, 46.1499, 51.1646
2047, 46.219, 51.1813
2048, 46.3441, 51.2146
2049, 46.4055, 51.2313
2050, 46.4702, 51.2479
2051, 46.5363, 51.2646
2052, 46.6727, 51.2979
2053, 46.7393, 51.3146
2054, 46.8057, 51.3313
2055, 46.9396, 51.3646
2056, 47.0074, 51.3813
2057, 47.0756, 51.3979
2058, 47.1413, 51.4146
2059, 47.2708, 51.4479
2060, 47.3325, 51.4646
2061, 47.396, 51.4813
2062, 47.4586, 51.4979
2063, 47.586, 51.5313
2064, 47.6503, 51.5479
2065, 47.7148, 51.5646
2066, 47.8427, 51.5979
2067, 47.9087, 51.6146
2068, 47.9757, 51.6313
2069, 48.0423, 51.6479
2070, 48.1724, 51.6813
2071, 48.2353, 51.6979
2072, 48.2985, 51.7146
2073, 48.3609, 51.7313
2074, 48.4835, 51.7646
2075, 48.5426, 51.7813
2076, 48.6023, 51.7979
2077, 48.6634, 51.8146
2078, 48.7269, 51.8313
2079, 48.8597, 51.8646
2080, 48.923, 51.8813
2081, 48.9824, 51.8979
2082, 49.0382, 51.9146
2083, 49.1485, 51.9479
2084, 49.2067, 51.9646
2085, 49.2676, 51.9813
2086, 49.3293, 51.9979
2087, 49.39, 52.0146
2088, 49.5085, 52.0479
2089, 49.5671, 52.0646
2090, 49.626, 52.0813
2091, 49.6859, 52.0979
2092, 49.8076, 52.1313
2093, 49.8679, 52.1479
2094, 49.9292, 52.1646
2095, 49.9863, 52.1813
2096, 50.0138, 52.1979
2097, 49.9557, 52.2313
2098, 49.9648, 52.2479
2099, 50.0146, 52.2646
2100, 50.0859, 52.2813
2101, 50.1547, 52.2979
2102, 50.2457, 52.3313
2103, 50.2921, 52.3479
2104, 50.3477, 52.3646
2105, 50.4081, 52.3813
2106, 50.4653, 52.3979
2107, 50.5176, 52.4146
2108, 50.6217, 52.4479
2109, 50.6761, 52.4646
2110, 50.7303, 52.4813
2111, 50.7831, 52.4979
2112, 50.8354, 52.5146
2113, 50.9412, 52.5479
2114, 50.9944, 52.5646
2115, 51.0476, 52.5813
2116, 51.0997, 52.5979
2117, 51.1512, 52.6146
2118, 51.2026, 52.6313
2119, 51.3067, 52.6646
2120, 51.3583, 52.6813
2121, 51.4099, 52.6979
2122, 51.4619, 52.7146
2123, 51.5137, 52.7313
2124, 51.5663, 52.7479
2125, 51.6744, 52.7813
2126, 51.7271, 52.7979
2127, 51.778, 52.8146
2128, 51.8291, 52.8313
2129, 51.88, 52.8479
2130, 51.9312, 52.8646
2131, 52.0301, 52.8979
2132, 52.0804, 52.9146
2133, 52.1336, 52.9313
2134, 52.1881, 52.9479
2135, 52.2409, 52.9646
2136, 52.2913, 52.9813
2137, 52.3398, 52.9979
2138, 52.4423, 53.0313
2139, 52.4952, 53.0479
2140, 52.5471, 53.0646
2141, 52.5971, 53.0813
2142, 52.6461, 53.0979
2143, 52.6956, 53.1146
2144, 52.7464, 53.1313
2145, 52.8491, 53.1646
2146, 52.8995, 53.1813
2147, 52.9493, 53.1979
2148, 52.9989, 53.2146
2149, 53.0489, 53.2313
2150, 53.0985, 53.2479
2151, 53.1482, 53.2646
2152, 53.2477, 53.2979
2153, 53.2981, 53.3146
2154, 53.3487, 53.3313
2155, 53.3988, 53.3479
2156, 53.4488, 53.3646
2157, 53.4974, 53.3813
2158, 53.5447, 53.3979
2159, 53.5909, 53.4146
2160, 53.6867, 53.4479
2161, 53.7396, 53.4646
2162, 53.7919, 53.4813
2163, 53.8431, 53.4979
2164, 53.8914, 53.5146
2165, 53.9383, 53.5313
2166, 53.9851, 53.5479
2167, 54.0323, 53.5646
2168, 54.0785, 53.5813
2169, 54.1748, 53.6146
2170, 54.223, 53.6313
2171, 54.2682, 53.6479
2172, 54.3114, 53.6646
2173, 54.3563, 53.6813
2174, 54.4034, 53.6979
2175, 54.4513, 53.7146
2176, 54.4992, 53.7313
2177, 54.5459, 53.7479
2178, 54.5935, 53.7646
2179, 54.691, 53.7979
2180, 54.7378, 53.8146
2181, 54.7825, 53.8313
2182, 54.8275, 53.8479
2183, 54.8729, 53.8646
2184, 54.9205, 53.8813
2185, 54.9684, 53.8979
2186, 55.0162, 53.9146
2187, 55.0624, 53.9313
2188, 55.1073, 53.9479
2189, 55.1981, 53.9813
2190, 55.245, 53.9979
2191, 55.2913, 54.0146
2192, 55.3367, 54.0313
2193, 55.3813, 54.0479
2194, 55.4257, 54.0646
2195, 55.4701, 54.0813
2196, 55.5144, 54.0979
2197, 55.5598, 54.1146
2198, 55.6049, 54.1313
2199, 55.6503, 54.1479
2200, 55.6963, 54.1646
2201, 55.7421, 54.1813
2202, 55.8352, 54.2146
2203, 55.88, 54.2313
2204, 55.9237, 54.2479
2205, 55.9669, 54.2646
2206, 56.0099, 54.2813
2207, 56.054, 54.2979
2208, 56.0984, 54.3146
2209, 56.1419, 54.3313
2210, 56.1848, 54.3479
2211, 56.2282, 54.3646
2212, 56.2721, 54.3813
2213, 56.3162, 54.3979
2214, 56.3603, 54.4146
2215, 56.4033, 54.4313
2216, 56.4879, 54.4646
2217, 56.5306, 54.4813
2218, 56.5754, 54.4979
2219, 56.6215, 54.5146
2220, 56.6652, 54.5313
2221, 56.7078, 54.5479
2222, 56.7495, 54.5646
2223, 56.7915, 54.5813
2224, 56.8347, 54.5979
2225, 56.8767, 54.6146
2226, 56.9171, 54.6313
2227, 56.9568, 54.6479
2228, 56.9976, 54.6646
2229, 57.0399, 54.6813
2230, 57.0826, 54.6979
2231, 57.125, 54.7146
2232, 57.166, 54.7313
2233, 57.2067, 54.7479
2234, 57.2887, 54.7813
2235, 57.3276, 54.7979
2236, 57.367, 54.8146
2237, 57.4074, 54.8313
2238, 57.447, 54.8479
2239, 57.4866, 54.8646
2240, 57.5271, 54.8813
2241, 57.5684, 54.8979
2242, 57.6085, 54.9146
2243, 57.647, 54.9313
2244, 57.6852, 54.9479
2245, 57.7231, 54.9646
2246, 57.764, 54.9813
2247, 57.8052, 54.9979
2248, 57.8438, 55.0146
2249, 57.8814, 55.0313
2250, 57.9205, 55.0479
2251, 57.9606, 55.0646
2252, 58.0021, 55.0813
2253, 58.0429, 55.0979
2254, 58.0832, 55.1146
2255, 58.1224, 55.1313
2256, 58.1614, 55.1479
2257, 58.2008, 55.1646
2258, 58.2399, 55.1813
2259, 58.2772, 55.1979
2260, 58.3497, 55.2313
2261, 58.3872, 55.2479
2262, 58.4273, 55.2646
2263, 58.4673, 55.2813
2264, 58.5058, 55.2979
2265, 58.5423, 55.3146
2266, 58.5783, 55.3313
2267, 58.616, 55.3479
2268, 58.6534, 55.3646
2269, 58.6907, 55.3813
2270, 58.7295, 55.3979
2271, 58.7698, 55.4146
2272, 58.8106, 55.4313
2273, 58.8497, 55.4479
2274, 58.8868, 55.4646
2275, 58.924, 55.4813
2276, 58.9622, 55.4979
2277, 59.0006, 55.5146
2278, 59.0388, 55.5313
2279, 59.0742, 55.5479
2280, 59.1082, 55.5646
2281, 59.1425, 55.5813
2282, 59.1771, 55.5979
2283, 59.2123, 55.6146
2284, 59.2493, 55.6313
2285, 59.2855, 55.6479
2286, 59.3213, 55.6646
2287, 59.3576, 55.6813
2288, 59.3934, 55.6979
2289, 59.4306, 55.7146
2290, 59.4689, 55.7313
2291, 59.5069, 55.7479
2292, 59.5435, 55.7646
2293, 59.5781, 55.7813
2294, 59.6132, 55.7979
2295, 59.6475, 55.8146
2296, 59.6473, 55.8313
2297, 59.595, 55.8479
2298, 59.5787, 55.8646
2299, 59.586, 55.8813
2300, 59.6271, 55.8979
2301, 59.6734, 55.9146
2302, 59.7036, 55.9313
2303, 59.7231, 55.9479
2304, 59.7502, 55.9646
2305, 59.7851, 55.9813
2306, 59.8178, 55.9979
2307, 59.8443, 56.0146
2308, 59.8625, 56.0313
2309, 59.8824, 56.0479
2310, 59.9319, 56.0646
2311, 59.9717, 56.0813
2312, 60.0077, 56.0979
2313, 60.0411, 56.1146
2314, 60.0732, 56.1313
2315, 60.11, 56.1479
2316, 60.148, 56.1646
2317, 60.1798, 56.1813
2318, 60.2102, 56.1979
2319, 60.2399, 56.2146
2320, 60.271, 56.2313
2321, 60.3015, 56.2479
2322, 60.3316, 56.2646
2323, 60.3622, 56.2813
2324, 60.3927, 56.2979
2325, 60.4249, 56.3146
2326, 60.4572, 56.3313
2327, 60.487, 56.3479
2328, 60.5191, 56.3646
2329, 60.5543, 56.3813
2330, 60.5897, 56.3979
2331, 60.6238, 56.4146
2332, 60.6574, 56.4313
2333, 60.6901, 56.4479
2334, 60.7227, 56.4646
2335, 60.7572, 56.4813
2336, 60.7907, 56.4979
2337, 60.8228, 56.5146
2338, 60.8546, 56.5313
2339, 60.888, 56.5479
2340, 60.9219, 56.5646
2341, 60.9551, 56.5813
2342, 60.9859, 56.5979
2343, 61.0166, 56.6146
2344, 61.0474, 56.6313
2345, 61.0779, 56.6479
2346, 61.1077, 56.6646
2347, 61.1345, 56.6813
2348, 61.1668, 56.6979
2349, 61.2069, 56.7146
2350, 61.2419, 56.7313
2351, 61.2741, 56.7479
2352, 61.2994, 56.7646
2353, 61.325, 56.7813
2354, 61.347, 56.7979
2355, 61.3918, 56.8146
2356, 61.4413, 56.8313
2357, 61.4803, 56.8479
2358, 61.5059, 56.8646
2359, 61.525, 56.8813
2360, 61.5531, 56.8979
2361, 61.5851, 56.9146
2362, 61.6157, 56.9313
2363, 61.6157, 56.9313
2364, 61.6435, 56.9479
2365, 61.6734, 56.9646
2366, 61.7054, 56.9813
2367, 61.7373, 56.9979
2368, 61.7716, 57.0146
2369, 61.8068, 57.0313
2370, 61.8363, 57.0479
2371, 61.8567, 57.0646
2372, 61.87, 57.0813
2373, 61.8788, 57.0979
2374, 61.8847, 57.1146
2375, 61.8851, 57.1313
2376, 61.8768, 57.1479
2377, 61.8518, 57.1646
2378, 61.8021, 57.1813
2379, 61.7153, 57.1979
2380, 61.6026, 57.2146
2381, 61.4741, 57.2313
2382, 61.3193, 57.2479
2383, 61.1233, 57.2646
2384, 60.938, 57.2813
2385, 60.7524, 57.2979
2386, 60.5513, 57.3146
2387, 60.3311, 57.3313
2388, 60.0841, 57.3479
2389, 59.8243, 57.3646
2390, 59.5478, 57.3813
2391, 59.2319, 57.3979
2392, 58.8867, 57.4146
2393, 58.5406, 57.4313
2394, 58.2033, 57.4479
2395, 57.88, 57.4646
2396, 57.5521, 57.4813
2397, 57.2166, 57.4979
2398, 56.8902, 57.5146
2399, 56.5623, 57.5313
2400, 56.2402, 57.5479
2401, 55.9364, 57.5646
2402, 55.6312, 57.5813
2403, 55.3075, 57.5979
2404, 54.6796, 57.6313
2405, 54.3531, 57.6479
2406, 54.0059, 57.6646
2407, 53.6713, 57.6813
2408, 53.3187, 57.6979
2409, 52.959, 57.7146
2410, 52.6272, 57.7313
2411, 52.331, 57.7479
2412, 51.757, 57.7813
2413, 51.4732, 57.7979
2414, 51.1916, 57.8146
2415, 50.9208, 57.8313
2416, 50.666, 57.8479
2417, 50.4192, 57.8646
2418, 49.9324, 57.8979
2419, 49.6772, 57.9146
2420, 49.4205, 57.9313
2421, 49.1848, 57.9479
2422, 48.9579, 57.9646
2423, 48.4977, 57.9979
2424, 48.2658, 58.0146
2425, 48.0342, 58.0313
2426, 47.8026, 58.0479
2427, 47.3532, 58.0813
2428, 47.1135, 58.0979
2429, 46.8744, 58.1146
2430, 46.6335, 58.1313
2431, 46.0976, 58.1646
2432, 45.8195, 58.1813
2433, 45.5597, 58.1979
2434, 45.0366, 58.2313
2435, 44.7677, 58.2479
2436, 44.495, 58.2646
2437, 43.9483, 58.2979
2438, 43.6911, 58.3146
2439, 43.4497, 58.3313
2440, 42.9718, 58.3646
2441, 42.7166, 58.3813
2442, 42.262, 58.4146
2443, 41.9847, 58.4313
2444, 41.7032, 58.4479
2445, 41.1258, 58.4813
2446, 40.8603, 58.4979
2447, 40.4307, 58.5313
2448, 40.2287, 58.5479
2449, 39.834, 58.5813
2450, 39.6401, 58.5979
2451, 39.3369, 58.6313
2452, 39.2054, 58.6479
2453, 38.9498, 58.6813
2454, 38.8321, 58.6979
2455, 38.5888, 58.7313
2456, 38.3765, 58.7646
2457, 38.2778, 58.7813
2458, 37.9938, 58.8146
2459, 37.828, 58.8313
2460, 37.5241, 58.8646
2461, 37.3931, 58.8813
2462, 37.1069, 58.9146
2463, 36.8083, 58.9479
2464, 36.6611, 58.9646
2465, 36.3693, 58.9979
2466, 36.0782, 59.0313
2467, 35.9352, 59.0479
2468, 35.5729, 59.0813
2469, 35.2153, 59.1146
2470, 35.0636, 59.1313
2471, 34.7186, 59.1646
2472, 34.3176, 59.1979
2473, 33.956, 59.2313
2474, 33.8066, 59.2479
2475, 33.5456, 59.2813
2476, 33.2958, 59.3146
2477, 33.0102, 59.3479
2478, 32.7245, 59.3813
2479, 32.475, 59.4146
2480, 32.35, 59.4313
2481, 32.087, 59.4646
2482, 31.8223, 59.4979
2483, 31.5792, 59.5313
2484, 31.3747, 59.5646
2485, 31.1582, 59.5979
2486, 30.9378, 59.6313
2487, 30.7465, 59.6646
2488, 30.5594, 59.6979
2489, 30.3375, 59.7313
2490, 30.1072, 59.7646
2491, 29.8989, 59.7979
2492, 29.7207, 59.8313
2493, 29.557, 59.8646
2494, 29.4003, 59.8979
2495, 29.2683, 59.9313
2496, 29.1468, 59.9646
2497, 29.0287, 59.9979
2498, 28.9074, 60.0313
2499, 28.7862, 60.0646
2500, 28.6704, 60.0979
2501, 28.5566, 60.1313
2502, 28.4402, 60.1646
2503, 28.275, 60.2146
2504, 28.1658, 60.2479
2505, 28.0549, 60.2813
2506, 27.9348, 60.3146
2507, 27.8128, 60.3479
2508, 27.6963, 60.3813
2509, 27.5193, 60.4313
2510, 27.4055, 60.4646
2511, 27.3339, 60.4979
2512, 27.2809, 60.5313
2513, 27.2682, 60.5646
2514, 27.3037, 60.6146
2515, 27.2745, 60.6479
2516, 27.2557, 60.6813
2517, 27.2371, 60.7146
2518, 27.2628, 60.7479
2519, 27.3515, 60.7979
2520, 27.4014, 60.8313
2521, 27.4055, 60.8646
2522, 27.397, 60.8979
2523, 27.395, 60.9313
2524, 27.4176, 60.9646
2525, 27.4743, 60.9979
2526, 27.5491, 61.0479
2527, 27.6069, 61.0813
2528, 27.6837, 61.1146
2529, 27.7734, 61.1479
2530, 27.8695, 61.1813
2531, 27.9652, 61.2146
2532, 28.0626, 61.2479
2533, 28.1645, 61.2813
2534, 28.2714, 61.3146
2535, 28.4475, 61.3646
2536, 28.5656, 61.3979
2537, 28.7009, 61.4313
2538, 28.8644, 61.4646
2539, 29.0532, 61.4979
2540, 29.2386, 61.5313
2541, 29.4071, 61.5646
2542, 29.5702, 61.5979
2543, 29.7262, 61.6313
2544, 29.8866, 61.6646
2545, 30.0464, 61.6979
2546, 30.1811, 61.7313
2547, 30.32, 61.7646
2548, 30.4703, 61.7979
2549, 30.5383, 61.8146
2550, 30.6572, 61.8479
2551, 30.7708, 61.8813
2552, 30.872, 61.9146
2553, 30.9648, 61.9479
2554, 31.078, 61.9813
2555, 31.1986, 62.0146
2556, 31.3162, 62.0479
2557, 31.4518, 62.0813
2558, 31.5294, 62.0979
2559, 31.7048, 62.1313
2560, 31.8996, 62.1646
2561, 32.1016, 62.1979
2562, 32.3044, 62.2313
2563, 32.5079, 62.2646
2564, 32.6097, 62.2813
2565, 32.8117, 62.3146
2566, 33.0161, 62.3479
2567, 33.2253, 62.3813
2568, 33.4369, 62.4146
2569, 33.5404, 62.4313
2570, 33.7451, 62.4646
2571, 33.9467, 62.4979
2572, 34.1471, 62.5313
2573, 34.3473, 62.5646
2574, 34.4481, 62.5813
2575, 34.6502, 62.6146
2576, 34.8449, 62.6479
2577, 35.0364, 62.6813
2578, 35.1326, 62.6979
2579, 35.3256, 62.7313
2580, 35.514, 62.7646
2581, 35.6055, 62.7813
2582, 35.7934, 62.8146
2583, 35.9834, 62.8479
2584, 36.0786, 62.8646
2585, 36.2631, 62.8979
2586, 36.4312, 62.9313
2587, 36.4995, 62.9479
2588, 36.5783, 62.9813
2589, 36.5516, 63.0146
2590, 36.5341, 63.0313
2591, 36.4278, 63.0646
2592, 36.2717, 63.0979
2593, 36.2181, 63.1146
2594, 36.1699, 63.1479
2595, 36.1231, 63.1813
2596, 36.0838, 63.1979
2597, 35.9821, 63.2313
2598, 35.8883, 63.2646
2599, 35.8509, 63.2813
2600, 35.7823, 63.3146
2601, 35.702, 63.3479
2602, 35.6577, 63.3646
2603, 35.5683, 63.3979
2604, 35.4848, 63.4313
2605, 35.4445, 63.4479
2606, 35.3628, 63.4813
2607, 35.2764, 63.5146
2608, 35.1901, 63.5479
2609, 35.1478, 63.5646
2610, 35.0617, 63.5979
2611, 34.9749, 63.6313
2612, 34.931, 63.6479
2613, 34.8434, 63.6813
2614, 34.7555, 63.7146
2615, 34.7121, 63.7313
2616, 34.6282, 63.7646
2617, 34.5409, 63.7979
2618, 34.4536, 63.8313
2619, 34.4098, 63.8479
2620, 34.3255, 63.8813
2621, 34.243, 63.9146
2622, 34.1577, 63.9479
2623, 34.1151, 63.9646
2624, 34.0297, 63.9979
2625, 33.9357, 64.0313
2626, 33.8845, 64.0479
2627, 33.7746, 64.0813
2628, 33.6599, 64.1146
2629, 33.5482, 64.1479
2630, 33.4368, 64.1813
2631, 33.3819, 64.1979
2632, 33.2729, 64.2313
2633, 33.1629, 64.2646
2634, 33.053, 64.2979
2635, 32.9427, 64.3313
2636, 32.8852, 64.3479
2637, 32.7671, 64.3813
2638, 32.6515, 64.4146
2639, 32.5251, 64.4479
2640, 32.3912, 64.4813
2641, 32.3232, 64.4979
2642, 32.1825, 64.5313
2643, 32.0347, 64.5646
2644, 31.8998, 64.5979
2645, 31.7429, 64.6313
2646, 31.5956, 64.6646
2647, 31.454, 64.6979
2648, 31.2981, 64.7313
2649, 31.2215, 64.7479
2650, 31.0606, 64.7813
2651, 30.8911, 64.8146
2652, 30.7743, 64.8479
2653, 30.6652, 64.8813
2654, 30.5654, 64.9146
2655, 30.4699, 64.9479
2656, 30.3893, 64.9813
2657, 30.3566, 65.0146
2658, 30.3095, 65.0479
2659, 30.2498, 65.0813
2660, 30.19, 65.1146
2661, 30.1313, 65.1479
2662, 29.9995, 65.1813
2663, 29.8335, 65.2146
2664, 29.6899, 65.2479
2665, 29.5846, 65.2813
2666, 29.4987, 65.3146
2667, 29.4027, 65.3479
2668, 29.2917, 65.3813
2669, 29.1746, 65.4146
2670, 29.0609, 65.4479
2671, 28.956, 65.4813
2672, 28.8523, 65.5146
2673, 28.7463, 65.5479
2674, 28.6388, 65.5813
2675, 28.5325, 65.6146
2676, 28.3783, 65.6646
2677, 28.275, 65.6979
2678, 28.1755, 65.7313
2679, 28.0919, 65.7646
2680, 28.0309, 65.7979
2681, 27.984, 65.8313
2682, 27.9376, 65.8646
2683, 27.9489, 65.9146
2684, 28.0186, 65.9479
2685, 28.0857, 65.9813
2686, 28.153, 66.0146
2687, 28.2376, 66.0479
2688, 28.3439, 66.0813
2689, 28.4598, 66.1146
2690, 28.5753, 66.1479
2691, 28.7422, 66.1979
2692, 28.8547, 66.2313
2693, 28.9687, 66.2646
2694, 29.0821, 66.2979
2695, 29.1935, 66.3313
2696, 29.298, 66.3646
2697, 29.3978, 66.3979
2698, 29.4875, 66.4313
2699, 29.5638, 66.4646
2700, 29.6301, 66.4979
2701, 29.6902, 66.5313
2702, 29.7498, 66.5646
2703, 29.8054, 66.5979
2704, 29.8547, 66.6313
2705, 29.8998, 66.6646
2706, 29.9398, 66.6979
2707, 29.9765, 66.7313
2708, 30.008, 66.7646
2709, 30.0359, 66.7979
2710, 30.0508, 66.8313
2711, 30.0429, 66.8646
2712, 30.0089, 66.8979
2713, 29.9646, 66.9313
2714, 29.9297, 66.9646
2715, 29.9021, 66.9979
2716, 29.8689, 67.0313
2717, 29.8291, 67.0646
2718, 29.7863, 67.0979
2719, 29.7349, 67.1313
2720, 29.5867, 67.1646
2721, 29.4092, 67.1979
2722, 29.2713, 67.2313
2723, 29.1764, 67.2646
2724, 29.0936, 67.2979
2725, 28.9408, 67.3479
2726, 28.8322, 67.3813
2727, 28.7312, 67.4146
2728, 28.6331, 67.4479
2729, 28.536, 67.4813
2730, 28.4185, 67.5146
2731, 28.2808, 67.5479
2732, 28.1283, 67.5813
2733, 27.9634, 67.6146
2734, 27.6543, 67.6646
2735, 27.4339, 67.6979
2736, 27.1649, 67.7313
2737, 26.8542, 67.7646
2738, 26.5126, 67.7979
2739, 25.9756, 67.8479
2740, 25.5563, 67.8813
2741, 25.1216, 67.9146
2742, 24.4821, 67.9646
2743, 24.0411, 67.9979
2744, 23.3601, 68.0479
2745, 22.8995, 68.0813
2746, 22.2383, 68.1313
2747, 21.5848, 68.1813
2748, 20.9161, 68.2313
2749, 20.467, 68.2646
2750, 19.8027, 68.3146
2751, 19.1703, 68.3646
2752, 18.3403, 68.4313
2753, 17.6976, 68.4813
2754, 17.1245, 68.5313
2755, 16.3546, 68.5979
2756, 15.6258, 68.6646
2757, 14.9355, 68.7313
2758, 14.3839, 68.7979
2759, 14.0149, 68.8646
2760, 13.7715, 68.9313
2761, 13.6026, 69.0146
2762, 13.4819, 69.0813
2763, 13.3181, 69.1646
2764, 13.1704, 69.2479
2765, 13.0485, 69.3146
2766, 12.906, 69.3979
2767, 12.7661, 69.4813
2768, 12.6118, 69.5646
2769, 12.4859, 69.6313
2770, 12.3503, 69.7146
2771, 12.2279, 69.7979
2772, 12.1012, 69.8646
2773, 11.9487, 69.9479
2774, 11.788, 70.0479
2775, 11.7185, 70.1313
2776, 11.5819, 70.2146
2777, 11.4574, 70.2979
2778, 11.3753, 70.3813
2779, 11.2499, 70.4813
2780, 11.1659, 70.5646
2781, 11.1153, 70.6479
2782, 11.1406, 70.7479
2783, 11.2596, 70.8313
2784, 11.4819, 70.9146
2785, 11.7873, 70.9979
2786, 12.0727, 71.0813
2787, 12.4178, 71.1646
2788, 12.7321, 71.2479
2789, 13.1765, 71.3313
2790, 13.6953, 71.3979
2791, 14.3201, 71.4813
2792, 14.8034, 71.5479
2793, 15.3254, 71.6146
2794, 15.8655, 71.6813
2795, 16.4141, 71.7479
2796, 16.9202, 71.8146
2797, 17.2831, 71.8646
2798, 17.7326, 71.9313
2799, 18.0466, 71.9813
2800, 18.4251, 72.0313
2801, 18.8404, 72.0813
2802, 19.3492, 72.1479
2803, 19.7286, 72.1979
2804, 20.1289, 72.2479
2805, 20.5515, 72.2979
2806, 20.9826, 72.3479
2807, 21.3975, 72.3979
2808, 21.6779, 72.4313
2809, 22.1372, 72.4813
2810, 22.6076, 72.5313
2811, 22.9072, 72.5646
2812, 23.3315, 72.6146
2813, 23.7613, 72.6646
2814, 24.0509, 72.6979
2815, 24.4775, 72.7479
2816, 24.7681, 72.7813
2817, 25.2121, 72.8313
2818, 25.5042, 72.8646
2819, 25.7866, 72.8979
2820, 26.1631, 72.9479
2821, 26.3818, 72.9813
2822, 26.6269, 73.0146
2823, 26.931, 73.0479
2824, 27.3891, 73.0979
2825, 27.6626, 73.1313
2826, 27.9197, 73.1646
2827, 28.1719, 73.1979
2828, 28.4231, 73.2313
2829, 28.675, 73.2646
2830, 28.9217, 73.2979
2831, 29.2909, 73.3479
2832, 29.554, 73.3813
2833, 29.8272, 73.4146
2834, 30.084, 73.4479
2835, 30.2976, 73.4813
2836, 30.2867, 73.5146
2837, 30.2794, 73.5479
2838, 30.4254, 73.5813
2839, 30.6468, 73.6146
2840, 30.8288, 73.6479
2841, 30.917, 73.6646
2842, 31.1494, 73.6979
2843, 31.4304, 73.7313
2844, 31.653, 73.7646
2845, 31.8321, 73.7979
2846, 32.0032, 73.8313
2847, 32.2159, 73.8646
2848, 32.4734, 73.8979
2849, 32.7191, 73.9313
2850, 32.8247, 73.9479
2851, 33.0147, 73.9813
2852, 33.2157, 74.0146
2853, 33.4175, 74.0479
2854, 33.5967, 74.0813
2855, 33.693, 74.0979
2856, 33.9202, 74.1313
2857, 34.1702, 74.1646
2858, 34.3896, 74.1979
2859, 34.4761, 74.2146
2860, 34.6503, 74.2479
2861, 34.8525, 74.2813
2862, 35.0804, 74.3146
2863, 35.1903, 74.3313
2864, 35.3891, 74.3646
2865, 35.5703, 74.3979
2866, 35.6635, 74.4146
2867, 35.8651, 74.4479
2868, 36.0686, 74.4813
2869, 36.163, 74.4979
2870, 36.3461, 74.5313
2871, 36.5397, 74.5646
2872, 36.6387, 74.5813
2873, 36.8314, 74.6146
2874, 37.0267, 74.6479
2875, 37.1252, 74.6646
2876, 37.3141, 74.6979
2877, 37.4047, 74.7146
2878, 37.5687, 74.7479
2879, 37.7427, 74.7813
2880, 37.8388, 74.7979
2881, 38.0479, 74.8313
2882, 38.1491, 74.8479
2883, 38.3306, 74.8813
2884, 38.4842, 74.9146
2885, 38.5662, 74.9313
2886, 38.7532, 74.9646
2887, 38.8526, 74.9813
2888, 39.0318, 75.0146
2889, 39.1164, 75.0313
2890, 39.2857, 75.0646
2891, 39.3737, 75.0813
2892, 39.5407, 75.1146
2893, 39.6212, 75.1313
2894, 39.7735, 75.1646
2895, 39.8451, 75.1813
2896, 39.9854, 75.2146
2897, 40.0513, 75.2313
2898, 40.0701, 75.2646
2899, 40.0557, 75.2813
2900, 40.1168, 75.3146
2901, 40.2044, 75.3313
2902, 40.4004, 75.3646
2903, 40.468, 75.3813
2904, 40.589, 75.4146
2905, 40.6653, 75.4313
2906, 40.8361, 75.4646
2907, 40.9096, 75.4813
2908, 41.05, 75.5146
2909, 41.129, 75.5313
2910, 41.2882, 75.5646
2911, 41.3599, 75.5813
2912, 41.5106, 75.6146
2913, 41.592, 75.6313
2914, 41.675, 75.6479
2915, 41.8304, 75.6813
2916, 41.9051, 75.6979
2917, 42.0562, 75.7313
2918, 42.1315, 75.7479
2919, 42.2738, 75.7813
2920, 42.3362, 75.7979
2921, 42.3988, 75.8146
2922, 42.5445, 75.8479
2923, 42.632, 75.8646
2924, 42.8118, 75.8979
2925, 42.8893, 75.9146
2926, 42.9576, 75.9313
2927, 43.0893, 75.9646
2928, 43.1611, 75.9813
2929, 43.3087, 76.0146
2930, 43.378, 76.0313
2931, 43.4439, 76.0479
2932, 43.5884, 76.0813
2933, 43.6688, 76.0979
2934, 43.8299, 76.1313
2935, 43.9029, 76.1479
2936, 43.9718, 76.1646
2937, 44.1089, 76.1979
2938, 44.1789, 76.2146
2939, 44.2491, 76.2313
2940, 44.3873, 76.2646
2941, 44.4593, 76.2813
2942, 44.5336, 76.2979
2943, 44.6835, 76.3313
2944, 44.7542, 76.3479
2945, 44.8216, 76.3646
2946, 44.9562, 76.3979
2947, 45.0265, 76.4146
2948, 45.0966, 76.4313
2949, 45.2301, 76.4646
2950, 45.2913, 76.4813
2951, 45.3558, 76.4979
2952, 45.5073, 76.5313
2953, 45.587, 76.5479
2954, 45.6607, 76.5646
2955, 45.7903, 76.5979
2956, 45.8538, 76.6146
2957, 45.9199, 76.6313
2958, 46.0491, 76.6646
2959, 46.1146, 76.6813
2960, 46.1817, 76.6979
2961, 46.3224, 76.7313
2962, 46.39, 76.7479
2963, 46.449, 76.7646
2964, 46.5029, 76.7813
2965, 46.6336, 76.8146
2966, 46.7102, 76.8313
2967, 46.7871, 76.8479
2968, 46.9181, 76.8813
2969, 46.9731, 76.8979
2970, 47.03, 76.9146
2971, 47.0923, 76.9313
2972, 47.2277, 76.9646
2973, 47.2878, 76.9813
2974, 47.3486, 76.9979
2975, 47.4091, 77.0146
2976, 47.5437, 77.0479
2977, 47.6098, 77.0646
2978, 47.6758, 77.0813
2979, 47.7995, 77.1146
2980, 47.8625, 77.1313
2981, 47.9252, 77.1479
2982, 47.9835, 77.1646
2983, 48.0976, 77.1979
2984, 48.1587, 77.2146
2985, 48.2245, 77.2313
2986, 48.2917, 77.2479
2987, 48.414, 77.2813
2988, 48.4689, 77.2979
2989, 48.5245, 77.3146
2990, 48.5834, 77.3313
2991, 48.6463, 77.3479
2992, 48.7749, 77.3813
2993, 48.8376, 77.3979
2994, 48.8976, 77.4146
2995, 48.9561, 77.4313
2996, 49.0602, 77.4646
2997, 49.1183, 77.4813
2998, 49.1803, 77.4979
2999, 49.2509, 77.5146
3000, 49.318, 77.5313
3001, 49.429, 77.5646
3002, 49.4484, 77.5813
3003, 49.404, 77.5979
3004, 49.3897, 77.6146
3005, 49.4438, 77.6479
3006, 49.5202, 77.6646
3007, 49.5831, 77.6813
3008, 49.6301, 77.6979
3009, 49.6686, 77.7146
3010, 49.7795, 77.7479
3011, 49.8372, 77.7646
3012, 49.891, 77.7813
3013, 49.9419, 77.7979
3014, 49.995, 77.8146
3015, 50.0994, 77.8479
3016, 50.1531, 77.8646
3017, 50.2094, 77.8813
3018, 50.2666, 77.8979
3019, 50.3207, 77.9146
3020, 50.4092, 77.9479
3021, 50.4611, 77.9646
3022, 50.5184, 77.9813
3023, 50.5809, 77.9979
3024, 50.6393, 78.0146
3025, 50.7333, 78.0479
3026, 50.7782, 78.0646
3027, 50.8299, 78.0813
3028, 50.886, 78.0979
3029, 50.9415, 78.1146
3030, 50.9922, 78.1313
3031, 51.0911, 78.1646
3032, 51.1439, 78.1813
3033, 51.1956, 78.1979
3034, 51.2433, 78.2146
3035, 51.2937, 78.2313
3036, 51.3469, 78.2479
3037, 51.4564, 78.2813
3038, 51.5045, 78.2979
3039, 51.5475, 78.3146
3040, 51.5927, 78.3313
3041, 51.6446, 78.3479
3042, 51.7009, 78.3646
3043, 51.8124, 78.3979
3044, 51.8613, 78.4146
3045, 51.908, 78.4313
3046, 51.9564, 78.4479
3047, 52.0069, 78.4646
3048, 52.0591, 78.4813
3049, 52.1099, 78.4979
3050, 52.2077, 78.5313
3051, 52.2571, 78.5479
3052, 52.3077, 78.5646
3053, 52.3584, 78.5813
3054, 52.4087, 78.5979
3055, 52.4592, 78.6146
3056, 52.5594, 78.6479
3057, 52.6092, 78.6646
3058, 52.6583, 78.6813
3059, 52.7074, 78.6979
3060, 52.7567, 78.7146
3061, 52.8076, 78.7313
3062, 52.8591, 78.7479
3063, 52.9106, 78.7646
3064, 53.0122, 78.7979
3065, 53.0619, 78.8146
3066, 53.112, 78.8313
3067, 53.1624, 78.8479
3068, 53.2117, 78.8646
3069, 53.2595, 78.8813
3070, 53.3067, 78.8979
3071, 53.3966, 78.9313
3072, 53.4402, 78.9479
3073, 53.4887, 78.9646
3074, 53.5408, 78.9813
3075, 53.596, 78.9979
3076, 53.6479, 79.0146
3077, 53.6928, 79.0313
3078, 53.7331, 79.0479
3079, 53.7761, 79.0646
3080, 53.8802, 79.0979
3081, 53.9371, 79.1146
3082, 53.9881, 79.1313
3083, 54.0333, 79.1479
3084, 54.0768, 79.1646
3085, 54.1217, 79.1813
3086, 54.1684, 79.1979
3087, 54.209, 79.2146
3088, 54.2506, 79.2313
3089, 54.3514, 79.2646
3090, 54.4048, 79.2813
3091, 54.4534, 79.2979
3092, 54.5059, 79.3146
3093, 54.553, 79.3313
3094, 54.6026, 79.3479
3095, 54.6491, 79.3646
3096, 54.6924, 79.3813
3097, 54.7295, 79.3979
3098, 54.7729, 79.4146
3099, 54.8736, 79.4479
3100, 54.9224, 79.4646
3101, 54.967, 79.4813
3102, 55.0041, 79.4979
3103, 55.0451, 79.5146
3104, 55.0913, 79.5313
3105, 55.1447, 79.5479
3106, 55.1949, 79.5646
3107, 55.2433, 79.5813
3108, 55.2881, 79.5979
3109, 55.3321, 79.6146
3110, 55.3757, 79.6313
3111, 55.4634, 79.6646
3112, 55.5132, 79.6813
3113, 55.5654, 79.6979
3114, 55.6146, 79.7146
3115, 55.656, 79.7313
3116, 55.6893, 79.7479
3117, 55.7303, 79.7646
3118, 55.7802, 79.7813
3119, 55.8359, 79.7979
3120, 55.8896, 79.8146
3121, 55.9343, 79.8313
3122, 55.9723, 79.8479
3123, 56.0119, 79.8646
3124, 56.1047, 79.8979
3125, 56.1494, 79.9146
3126, 56.1964, 79.9313
3127, 56.2425, 79.9479
3128, 56.2894, 79.9646
3129, 56.3306, 79.9813
3130, 56.3727, 79.9979
3131, 56.4159, 80.0146
3132, 56.4625, 80.0313
3133, 56.5117, 80.0479
3134, 56.5566, 80.0646
3135, 56.5983, 80.0813
3136, 56.6369, 80.0979
3137, 56.6773, 80.1146
3138, 56.7211, 80.1313
3139, 56.7677, 80.1479
3140, 56.85, 80.1813
3141, 56.8906, 80.1979
3142, 56.9339, 80.2146
3143, 56.9771, 80.2313
3144, 56.9771, 80.2313
