0, 60.34, 76.45
1, 60.38, 76.466
2, 60.43, 76.483
3, 60.47, 76.5
4, 60.51, 76.516
5, 60.55, 76.533
6, 60.6, 76.55
7, 60.64, 76.566
8, 60.68, 76.583
9, 60.73, 76.6
10, 60.77, 76.616
11, 60.81, 76.633
12, 60.85, 76.65
13, 60.89, 76.666
14, 60.93, 76.683
15, 60.96, 76.7
16, 60.99, 76.716
17, 61.03, 76.733
18, 61.07, 76.75
19, 61.1, 76.766
20, 61.14, 76.783
21, 61.18, 76.8
22, 61.21, 76.816
23, 61.25, 76.833
24, 61.28, 76.85
25, 61.31, 76.866
26, 61.34, 76.883
27, 61.38, 76.9
28, 61.41, 76.916
29, 61.44, 76.933
30, 61.46, 76.95
31, 61.5, 76.966
32, 61.53, 76.983
33, 61.56, 77
34, 61.56, 77
35, 61.59, 77.016
36, 61.62, 77.033
37, 61.65, 77.05
38, 61.68, 77.066
39, 61.71, 77.083
40, 61.74, 77.1
41, 61.76, 77.116
42, 61.8, 77.133
43, 61.83, 77.15
44, 61.86, 77.166
45, 61.9, 77.183
46, 61.93, 77.2
47, 61.95, 77.216
48, 61.98, 77.233
49, 62.02, 77.25
50, 62.04, 77.266
51, 62.07, 77.283
52, 62.11, 77.3
53, 62.13, 77.316
54, 62.16, 77.333
55, 62.19, 77.35
56, 62.22, 77.366
57, 62.25, 77.383
58, 62.28, 77.4
59, 62.28, 77.416
60, 62.2, 77.433
61, 62.16, 77.45
62, 62.12, 77.466
63, 62.14, 77.483
64, 62.16, 77.5
65, 62.19, 77.516
66, 62.22, 77.533
67, 62.26, 77.55
68, 62.29, 77.566
69, 62.29, 77.566
70, 62.33, 77.583
71, 62.36, 77.6
72, 62.39, 77.616
73, 62.42, 77.633
74, 62.45, 77.65
75, 62.48, 77.666
76, 62.52, 77.683
77, 62.56, 77.7
78, 62.6, 1.293
79, 62.63, 1.31
80, 62.67, 1.327
81, 62.7, 1.343
82, 62.73, 1.36
83, 62.76, 1.377
84, 62.79, 1.393
85, 62.82, 1.41
86, 62.86, 1.427
87, 62.89, 1.443
88, 62.93, 1.46
89, 62.96, 1.477
90, 62.99, 1.493
91, 63.03, 1.51
92, 63.06, 1.527
93, 63.09, 1.543
94, 63.09, 1.543
95, 63.12, 1.56
96, 63.15, 1.577
97, 63.18, 1.593
98, 63.22, 1.61
99, 63.25, 1.627
100, 63.28, 1.643
101, 63.31, 1.66
102, 63.34, 1.677
103, 63.36, 1.693
104, 63.39, 1.71
105, 63.43, 1.727
106, 63.46, 1.743
107, 63.49, 1.76
108, 63.53, 1.777
109, 63.57, 1.793
110, 63.6, 1.81
111, 63.63, 1.827
112, 63.66, 1.843
113, 63.66, 1.843
114, 63.69, 1.86
115, 63.71, 1.877
116, 63.75, 1.893
117, 63.78, 1.91
118, 63.81, 1.927
119, 63.84, 1.943
120, 63.88, 1.96
121, 63.91, 1.977
122, 63.94, 1.993
123, 63.98, 2.01
124, 64.01, 2.027
125, 64.05, 2.043
126, 64.08, 2.06
127, 64.11, 2.077
128, 64.14, 2.093
129, 64.17, 2.11
130, 64.17, 2.11
131, 64.21, 2.127
132, 64.24, 2.143
133, 64.28, 2.16
134, 64.31, 2.177
135, 64.35, 2.193
136, 64.38, 2.21
137, 64.41, 2.227
138, 64.45, 2.243
139, 64.48, 2.26
140, 64.51, 2.277
141, 64.55, 2.293
142, 64.58, 2.31
143, 64.62, 2.327
144, 64.65, 2.343
145, 64.65, 2.343
146, 64.68, 2.36
147, 64.72, 2.377
148, 64.75, 2.393
149, 64.79, 2.41
150, 64.82, 2.427
151, 64.86, 2.443
152, 64.89, 2.46
153, 64.93, 2.477
154, 64.96, 2.493
155, 64.99, 2.51
156, 65.03, 2.527
157, 65.03, 2.527
158, 65.06, 2.543
159, 65.1, 2.56
160, 65.13, 2.577
161, 65.17, 2.593
162, 65.2, 2.61
163, 65.24, 2.627
164, 65.27, 2.643
165, 65.31, 2.66
166, 65.34, 2.677
167, 65.37, 2.693
168, 65.37, 2.693
169, 65.4, 2.71
170, 65.43, 2.727
171, 65.47, 2.743
172, 65.52, 2.76
173, 65.56, 2.777
174, 65.6, 2.793
175, 65.63, 2.81
176, 65.66, 2.827
177, 65.69, 2.843
178, 65.72, 2.86
179, 65.75, 2.877
180, 65.75, 2.877
181, 65.79, 2.893
182, 65.83, 2.91
183, 65.87, 2.927
184, 65.92, 2.943
185, 65.96, 2.96
186, 65.99, 2.977
187, 66.03, 2.993
188, 66.06, 3.01
189, 66.1, 3.027
190, 66.13, 3.043
191, 66.13, 3.043
192, 66.16, 3.06
193, 66.19, 3.077
194, 66.22, 3.093
195, 66.27, 3.11
196, 66.3, 3.127
197, 66.34, 3.143
198, 66.38, 3.16
199, 66.41, 3.177
200, 66.44, 3.193
201, 66.44, 3.193
202, 66.47, 3.21
203, 66.51, 3.227
204, 66.54, 3.243
205, 66.57, 3.26
206, 66.6, 3.277
207, 66.64, 3.293
208, 66.67, 3.31
209, 66.71, 3.327
210, 66.74, 3.343
211, 66.77, 3.36
212, 66.77, 3.36
213, 66.81, 3.377
214, 66.84, 3.393
215, 66.87, 3.41
216, 66.9, 3.427
217, 66.93, 3.443
218, 66.96, 3.46
219, 67, 3.477
220, 67.04, 3.493
221, 67.04, 3.493
222, 67.07, 3.51
223, 67.1, 3.527
224, 67.13, 3.543
225, 67.16, 3.56
226, 67.19, 3.577
227, 67.21, 3.593
228, 67.24, 3.61
229, 67.27, 3.627
230, 67.3, 3.643
231, 67.3, 3.643
232, 67.33, 3.66
233, 67.36, 3.677
234, 67.39, 3.693
235, 67.42, 3.71
236, 67.44, 3.727
237, 67.46, 3.743
238, 67.49, 3.76
239, 67.52, 3.777
240, 67.52, 3.777
241, 67.55, 3.793
242, 67.59, 3.81
243, 67.62, 3.827
244, 67.64, 3.843
245, 67.66, 3.86
246, 67.69, 3.877
247, 67.71, 3.893
248, 67.75, 3.91
249, 67.75, 3.91
250, 67.78, 3.927
251, 67.81, 3.943
252, 67.84, 3.96
253, 67.86, 3.977
254, 67.89, 3.993
255, 67.91, 4.01
256, 67.93, 4.027
257, 67.95, 4.043
258, 67.95, 4.043
259, 67.98, 4.06
260, 68.01, 4.077
261, 68.04, 4.093
262, 68.06, 4.11
263, 68.08, 4.127
264, 68.1, 4.143
265, 68.12, 4.16
266, 68.12, 4.16
267, 68.14, 4.177
268, 68.16, 4.193
269, 68.19, 4.21
270, 68.21, 4.227
271, 68.23, 4.243
272, 68.26, 4.26
273, 68.28, 4.277
274, 68.3, 4.293
275, 68.3, 4.293
276, 68.32, 4.31
277, 68.34, 4.327
278, 68.36, 4.343
279, 68.38, 4.36
280, 68.4, 4.377
281, 68.42, 4.393
282, 68.44, 4.41
283, 68.44, 4.41
284, 68.47, 4.427
285, 68.49, 4.443
286, 68.52, 4.46
287, 68.54, 4.477
288, 68.57, 4.493
289, 68.59, 4.51
290, 68.61, 4.527
291, 68.61, 4.527
292, 68.64, 4.543
293, 68.66, 4.56
294, 68.68, 4.577
295, 68.71, 4.593
296, 68.73, 4.61
297, 68.76, 4.627
298, 68.78, 4.643
299, 68.78, 4.643
300, 68.8, 4.66
301, 68.83, 4.677
302, 68.85, 4.693
303, 68.88, 4.71
304, 68.9, 4.727
305, 68.92, 4.743
306, 68.95, 4.76
307, 68.95, 4.76
308, 68.97, 4.777
309, 68.99, 4.793
310, 69.02, 4.81
311, 69.04, 4.827
312, 69.06, 4.843
313, 69.08, 4.86
314, 69.1, 4.877
315, 69.1, 4.877
316, 69.12, 4.893
317, 69.14, 4.91
318, 69.16, 4.927
319, 69.19, 4.943
320, 69.21, 4.96
321, 69.22, 4.977
322, 69.22, 4.977
323, 69.24, 4.993
324, 69.26, 5.01
325, 69.28, 5.027
326, 69.29, 5.043
327, 69.31, 5.06
328, 69.31, 5.077
329, 69.31, 5.093
330, 69.31, 5.093
331, 69.28, 5.11
332, 69.25, 5.127
333, 69.2, 5.143
334, 69.13, 5.16
335, 69.05, 5.177
336, 68.95, 5.193
337, 68.84, 5.21
338, 68.84, 5.21
339, 68.72, 5.227
340, 68.6, 5.243
341, 68.47, 5.26
342, 68.32, 5.277
343, 68.17, 5.293
344, 68, 5.31
345, 67.82, 5.327
346, 67.82, 5.327
347, 67.62, 5.343
348, 67.41, 5.36
349, 67.17, 5.377
350, 66.92, 5.393
351, 66.63, 5.41
352, 66.33, 5.427
353, 66, 5.443
354, 65.64, 5.46
355, 65.26, 5.477
356, 65.26, 5.477
357, 64.85, 5.493
358, 64.43, 5.51
359, 63.99, 5.527
360, 63.55, 5.543
361, 63.09, 5.56
362, 62.64, 5.577
363, 62.18, 5.593
364, 61.72, 5.61
365, 61.26, 5.627
366, 60.8, 5.643
367, 60.35, 5.66
368, 59.9, 5.677
369, 59.45, 5.693
370, 58.99, 5.71
371, 58.54, 5.727
372, 58.08, 5.743
373, 57.63, 5.76
374, 57.19, 5.777
375, 56.75, 5.793
376, 56.32, 5.81
377, 55.89, 5.827
378, 55.47, 5.843
379, 54.59, 5.877
380, 54.15, 5.893
381, 53.7, 5.91
382, 53.27, 5.927
383, 52.84, 5.943
384, 52.43, 5.96
385, 52, 5.977
386, 51.59, 5.993
387, 50.77, 6.027
388, 50.35, 6.043
389, 49.93, 6.06
390, 49.52, 6.077
391, 49.11, 6.093
392, 48.32, 6.127
393, 47.94, 6.143
394, 47.56, 6.16
395, 47.17, 6.177
396, 46.41, 6.21
397, 46.03, 6.227
398, 45.63, 6.243
399, 44.85, 6.277
400, 44.48, 6.293
401, 44.12, 6.31
402, 43.41, 6.343
403, 43.06, 6.36
404, 42.72, 6.377
405, 42.02, 6.41
406, 41.65, 6.427
407, 40.91, 6.46
408, 40.57, 6.477
409, 39.94, 6.51
410, 39.65, 6.527
411, 39.12, 6.56
412, 38.86, 6.577
413, 38.37, 6.61
414, 38.14, 6.627
415, 37.71, 6.66
416, 37.51, 6.677
417, 37.15, 6.71
418, 36.99, 6.727
419, 36.68, 6.76
420, 36.54, 6.777
421, 36.27, 6.81
422, 36.04, 6.843
423, 35.92, 6.86
424, 35.71, 6.893
425, 35.6, 6.91
426, 35.39, 6.943
427, 35.21, 6.977
428, 35.12, 6.993
429, 34.89, 7.027
430, 34.78, 7.043
431, 34.56, 7.077
432, 34.33, 7.11
433, 34.22, 7.127
434, 33.99, 7.16
435, 33.76, 7.193
436, 33.64, 7.21
437, 33.39, 7.243
438, 33.16, 7.277
439, 32.95, 7.31
440, 32.84, 7.327
441, 32.61, 7.36
442, 32.4, 7.393
443, 32.19, 7.427
444, 32.09, 7.443
445, 31.9, 7.477
446, 31.75, 7.51
447, 31.51, 7.543
448, 31.31, 7.577
449, 31.16, 7.61
450, 30.98, 7.643
451, 30.74, 7.677
452, 30.6, 7.693
453, 30.39, 7.727
454, 30.22, 7.76
455, 30.04, 7.793
456, 29.84, 7.827
457, 29.66, 7.86
458, 29.5, 7.893
459, 29.37, 7.927
460, 29.21, 7.96
461, 29.07, 7.993
462, 28.87, 8.043
463, 28.73, 8.077
464, 28.59, 8.11
465, 28.45, 8.143
466, 28.31, 8.177
467, 28.18, 8.21
468, 28.03, 8.243
469, 27.87, 8.277
470, 27.64, 8.327
471, 27.49, 8.36
472, 27.34, 8.393
473, 27.21, 8.427
474, 27, 8.477
475, 26.84, 8.51
476, 26.69, 8.543
477, 26.5, 8.593
478, 26.37, 8.627
479, 26.23, 8.66
480, 26.03, 8.71
481, 25.92, 8.743
482, 25.8, 8.777
483, 25.63, 8.827
484, 25.52, 8.86
485, 25.36, 8.91
486, 25.25, 8.943
487, 25.09, 8.993
488, 24.98, 9.027
489, 24.82, 9.077
490, 24.72, 9.11
491, 24.57, 9.16
492, 24.47, 9.193
493, 24.31, 9.243
494, 24.17, 9.293
495, 24.07, 9.327
496, 23.92, 9.377
497, 23.78, 9.427
498, 23.68, 9.46
499, 23.53, 9.51
500, 23.37, 9.56
501, 23.27, 9.593
502, 23.12, 9.643
503, 22.97, 9.693
504, 22.82, 9.743
505, 22.72, 9.777
506, 22.59, 9.827
507, 22.43, 9.877
508, 22.32, 9.927
509, 22.28, 9.96
510, 22.28, 10.01
511, 22.32, 10.06
512, 22.38, 10.11
513, 22.5, 10.16
514, 22.6, 10.193
515, 22.78, 10.243
516, 22.98, 10.293
517, 23.2, 10.343
518, 23.36, 10.377
519, 23.6, 10.427
520, 23.76, 10.46
521, 24, 10.51
522, 24.16, 10.543
523, 24.41, 10.593
524, 24.57, 10.627
525, 24.81, 10.677
526, 24.98, 10.71
527, 25.16, 10.743
528, 25.44, 10.793
529, 25.64, 10.827
530, 25.84, 10.86
531, 26.06, 10.893
532, 26.4, 10.943
533, 26.65, 10.977
534, 26.9, 11.01
535, 27.14, 11.043
536, 27.39, 11.077
537, 27.68, 11.11
538, 27.98, 11.143
539, 28.26, 11.177
540, 28.57, 11.21
541, 28.89, 11.243
542, 29.22, 11.277
543, 29.57, 11.31
544, 29.9, 11.343
545, 30.2, 11.377
546, 30.51, 11.41
547, 30.82, 11.443
548, 30.99, 11.46
549, 31.31, 11.493
550, 31.64, 11.527
551, 31.95, 11.56
552, 32.1, 11.577
553, 32.41, 11.61
554, 32.71, 11.643
555, 32.86, 11.66
556, 33.16, 11.693
557, 33.46, 11.727
558, 33.6, 11.743
559, 33.89, 11.777
560, 34.17, 11.81
561, 34.31, 11.827
562, 34.58, 11.86
563, 34.85, 11.893
564, 34.98, 11.91
565, 35.25, 11.943
566, 35.49, 11.977
567, 35.6, 11.993
568, 35.8, 12.027
569, 35.82, 12.043
570, 35.86, 12.077
571, 36.02, 12.11
572, 36.14, 12.127
573, 36.38, 12.16
574, 36.51, 12.177
575, 36.76, 12.21
576, 37.02, 12.243
577, 37.15, 12.26
578, 37.42, 12.293
579, 37.55, 12.31
580, 37.8, 12.343
581, 38.06, 12.377
582, 38.19, 12.393
583, 38.44, 12.427
584, 38.56, 12.443
585, 38.81, 12.477
586, 38.95, 12.493
587, 39.21, 12.527
588, 39.48, 12.56
589, 39.61, 12.577
590, 39.86, 12.61
591, 39.97, 12.627
592, 40.22, 12.66
593, 40.35, 12.677
594, 40.62, 12.71
595, 40.75, 12.727
596, 41, 12.76
597, 41.12, 12.777
598, 41.35, 12.81
599, 41.48, 12.827
600, 41.74, 12.86
601, 41.86, 12.877
602, 41.98, 12.893
603, 42.23, 12.927
604, 42.35, 12.943
605, 42.6, 12.977
606, 42.72, 12.993
607, 42.95, 13.027
608, 43.07, 13.043
609, 43.19, 13.06
610, 43.42, 13.093
611, 43.54, 13.11
612, 43.77, 13.143
613, 43.89, 13.16
614, 44.01, 13.177
615, 44.24, 13.21
616, 44.34, 13.227
617, 44.45, 13.243
618, 44.67, 13.277
619, 44.78, 13.293
620, 45.01, 13.327
621, 45.12, 13.343
622, 45.22, 13.36
623, 45.43, 13.393
624, 45.53, 13.41
625, 45.64, 13.427
626, 45.84, 13.46
627, 45.94, 13.477
628, 46.04, 13.493
629, 46.24, 13.527
630, 46.33, 13.543
631, 46.43, 13.56
632, 46.53, 13.577
633, 46.72, 13.61
634, 46.81, 13.627
635, 46.9, 13.643
636, 47.08, 13.677
637, 47.17, 13.693
638, 47.26, 13.71
639, 47.34, 13.727
640, 47.47, 13.76
641, 47.5, 13.777
642, 47.46, 13.793
643, 47.51, 13.827
644, 47.58, 13.843
645, 47.66, 13.86
646, 47.73, 13.877
647, 47.9, 13.91
648, 48, 13.927
649, 48.09, 13.943
650, 48.18, 13.96
651, 48.36, 13.993
652, 48.45, 14.01
653, 48.54, 14.027
654, 48.63, 14.043
655, 48.81, 14.077
656, 48.89, 14.093
657, 48.98, 14.11
658, 49.07, 14.127
659, 49.25, 14.16
660, 49.33, 14.177
661, 49.42, 14.193
662, 49.5, 14.21
663, 49.67, 14.243
664, 49.76, 14.26
665, 49.86, 14.277
666, 49.95, 14.293
667, 50.03, 14.31
668, 50.19, 14.343
669, 50.27, 14.36
670, 50.36, 14.377
671, 50.45, 14.393
672, 50.53, 14.41
673, 50.7, 14.443
674, 50.76, 14.46
675, 50.8, 14.477
676, 50.83, 14.493
677, 50.83, 14.51
678, 50.76, 14.543
679, 50.7, 14.56
680, 50.64, 14.577
681, 50.57, 14.593
682, 50.51, 14.61
683, 50.38, 14.643
684, 50.3, 14.66
685, 50.23, 14.677
686, 50.14, 14.693
687, 50.06, 14.71
688, 49.86, 14.743
689, 49.75, 14.76
690, 49.63, 14.777
691, 49.51, 14.793
692, 49.37, 14.81
693, 49.09, 14.843
694, 48.94, 14.86
695, 48.78, 14.877
696, 48.61, 14.893
697, 48.24, 14.927
698, 48.05, 14.943
699, 47.86, 14.96
700, 47.66, 14.977
701, 47.27, 15.01
702, 47.06, 15.027
703, 46.85, 15.043
704, 46.64, 15.06
705, 46.21, 15.093
706, 46, 15.11
707, 45.79, 15.127
708, 45.38, 15.16
709, 45.17, 15.177
710, 44.98, 15.193
711, 44.63, 15.227
712, 44.47, 15.243
713, 44.32, 15.26
714, 44.05, 15.293
715, 43.92, 15.31
716, 43.7, 15.343
717, 43.59, 15.36
718, 43.47, 15.377
719, 43.27, 15.41
720, 43.16, 15.427
721, 42.96, 15.46
722, 42.86, 15.477
723, 42.76, 15.493
724, 42.56, 15.527
725, 42.47, 15.543
726, 42.27, 15.577
727, 42.18, 15.593
728, 42.1, 15.61
729, 41.92, 15.643
730, 41.83, 15.66
731, 41.67, 15.693
732, 41.6, 15.71
733, 41.45, 15.743
734, 41.38, 15.76
735, 41.25, 15.793
736, 41.19, 15.81
737, 41.13, 15.827
738, 41.02, 15.86
739, 40.96, 15.877
740, 40.83, 15.91
741, 40.77, 15.927
742, 40.65, 15.96
743, 40.59, 15.977
744, 40.47, 16.01
745, 40.41, 16.027
746, 40.28, 16.06
747, 40.22, 16.077
748, 40.1, 16.11
749, 40.03, 16.127
750, 39.91, 16.16
751, 39.85, 16.177
752, 39.73, 16.21
753, 39.67, 16.227
754, 39.53, 16.26
755, 39.46, 16.277
756, 39.32, 16.31
757, 39.26, 16.327
758, 39.12, 16.36
759, 38.99, 16.393
760, 38.92, 16.41
761, 38.79, 16.443
762, 38.71, 16.46
763, 38.57, 16.493
764, 38.49, 16.51
765, 38.35, 16.543
766, 38.27, 16.56
767, 38.12, 16.593
768, 37.96, 16.627
769, 37.89, 16.643
770, 37.73, 16.677
771, 37.65, 16.693
772, 37.49, 16.727
773, 37.34, 16.76
774, 37.27, 16.777
775, 37.15, 16.81
776, 37.09, 16.827
777, 36.99, 16.86
778, 36.91, 16.893
779, 36.87, 16.91
780, 36.79, 16.943
781, 36.73, 16.977
782, 36.71, 16.993
783, 36.68, 17.027
784, 36.66, 17.06
785, 36.65, 17.077
786, 36.65, 17.11
787, 36.65, 17.143
788, 36.66, 17.16
789, 36.69, 17.193
790, 36.72, 17.21
791, 36.8, 17.243
792, 36.86, 17.277
793, 36.89, 17.293
794, 36.96, 17.327
795, 37.04, 17.36
796, 37.09, 17.377
797, 37.17, 17.41
798, 37.21, 17.427
799, 37.31, 17.46
800, 37.41, 17.493
801, 37.48, 17.51
802, 37.61, 17.543
803, 37.68, 17.56
804, 37.82, 17.593
805, 37.97, 17.627
806, 38.06, 17.643
807, 38.25, 17.677
808, 38.34, 17.693
809, 38.54, 17.727
810, 38.64, 17.743
811, 38.85, 17.777
812, 38.96, 17.793
813, 39.18, 17.827
814, 39.3, 17.843
815, 39.54, 17.877
816, 39.77, 17.91
817, 39.88, 17.927
818, 40.11, 17.96
819, 40.22, 17.977
820, 40.33, 17.993
821, 40.54, 18.027
822, 40.65, 18.043
823, 40.87, 18.077
824, 40.99, 18.093
825, 41.22, 18.127
826, 41.33, 18.143
827, 41.54, 18.177
828, 41.64, 18.193
829, 41.85, 18.227
830, 41.95, 18.243
831, 42.04, 18.26
832, 42.21, 18.293
833, 42.29, 18.31
834, 42.44, 18.343
835, 42.52, 18.36
836, 42.67, 18.393
837, 42.76, 18.41
838, 42.86, 18.427
839, 43.09, 18.46
840, 43.2, 18.477
841, 43.41, 18.51
842, 43.51, 18.527
843, 43.62, 18.543
844, 43.83, 18.577
845, 43.93, 18.593
846, 44.03, 18.61
847, 44.24, 18.643
848, 44.35, 18.66
849, 44.56, 18.693
850, 44.66, 18.71
851, 44.77, 18.727
852, 44.98, 18.76
853, 45.08, 18.777
854, 45.19, 18.793
855, 45.39, 18.827
856, 45.49, 18.843
857, 45.59, 18.86
858, 45.8, 18.893
859, 45.89, 18.91
860, 45.96, 18.927
861, 45.95, 18.96
862, 45.96, 18.977
863, 46.03, 18.993
864, 46.11, 19.01
865, 46.29, 19.043
866, 46.39, 19.06
867, 46.48, 19.077
868, 46.67, 19.11
869, 46.76, 19.127
870, 46.86, 19.143
871, 46.95, 19.16
872, 47.13, 19.193
873, 47.22, 19.21
874, 47.31, 19.227
875, 47.49, 19.26
876, 47.59, 19.277
877, 47.69, 19.293
878, 47.79, 19.31
879, 47.97, 19.343
880, 48.06, 19.36
881, 48.15, 19.377
882, 48.25, 19.393
883, 48.43, 19.427
884, 48.52, 19.443
885, 48.62, 19.46
886, 48.71, 19.477
887, 48.89, 19.51
888, 48.97, 19.527
889, 49.06, 19.543
890, 49.15, 19.56
891, 49.24, 19.577
892, 49.43, 19.61
893, 49.52, 19.627
894, 49.61, 19.643
895, 49.7, 19.66
896, 49.87, 19.693
897, 49.96, 19.71
898, 50.04, 19.727
899, 50.13, 19.743
900, 50.23, 19.76
901, 50.31, 19.777
902, 50.48, 19.81
903, 50.56, 19.827
904, 50.65, 19.843
905, 50.74, 19.86
906, 50.84, 19.877
907, 51.01, 19.91
908, 51.09, 19.927
909, 51.17, 19.943
910, 51.25, 19.96
911, 51.33, 19.977
912, 51.42, 19.993
913, 51.59, 20.027
914, 51.68, 20.043
915, 51.76, 20.06
916, 51.85, 20.077
917, 51.93, 20.093
918, 52.02, 20.11
919, 52.18, 20.143
920, 52.26, 20.16
921, 52.35, 20.177
922, 52.43, 20.193
923, 52.51, 20.21
924, 52.59, 20.227
925, 52.67, 20.243
926, 52.83, 20.277
927, 52.91, 20.293
928, 53.01, 20.31
929, 53.1, 20.327
930, 53.18, 20.343
931, 53.25, 20.36
932, 53.33, 20.377
933, 53.48, 20.41
934, 53.56, 20.427
935, 53.64, 20.443
936, 53.72, 20.46
937, 53.8, 20.477
938, 53.88, 20.493
939, 53.96, 20.51
940, 54.03, 20.527
941, 54.11, 20.543
942, 54.27, 20.577
943, 54.34, 20.593
944, 54.41, 20.61
945, 54.48, 20.627
946, 54.56, 20.643
947, 54.64, 20.66
948, 54.72, 20.677
949, 54.79, 20.693
950, 54.86, 20.71
951, 54.91, 20.727
952, 55.06, 20.76
953, 55.1, 20.777
954, 55.11, 20.793
955, 55.1, 20.81
956, 55.06, 20.827
957, 55, 20.843
958, 54.93, 20.86
959, 54.87, 20.877
960, 54.81, 20.893
961, 54.75, 20.91
962, 54.62, 20.943
963, 54.55, 20.96
964, 54.49, 20.977
965, 54.42, 20.993
966, 54.35, 21.01
967, 54.29, 21.027
968, 54.22, 21.043
969, 54.16, 21.06
970, 54.09, 21.077
971, 53.96, 21.11
972, 53.89, 21.127
973, 53.82, 21.143
974, 53.75, 21.16
975, 53.68, 21.177
976, 53.61, 21.193
977, 53.54, 21.21
978, 53.47, 21.227
979, 53.33, 21.26
980, 53.26, 21.277
981, 53.19, 21.293
982, 53.12, 21.31
983, 53.05, 21.327
984, 52.98, 21.343
985, 52.91, 21.36
986, 52.77, 21.393
987, 52.7, 21.41
988, 52.62, 21.427
989, 52.55, 21.443
990, 52.48, 21.46
991, 52.41, 21.477
992, 52.26, 21.51
993, 52.18, 21.527
994, 52.1, 21.543
995, 52.02, 21.56
996, 51.94, 21.577
997, 51.86, 21.593
998, 51.69, 21.627
999, 51.61, 21.643
1000, 51.53, 21.66
1001, 51.44, 21.677
1002, 51.35, 21.693
1003, 51.26, 21.71
1004, 51.08, 21.743
1005, 50.99, 21.76
1006, 50.91, 21.777
1007, 50.82, 21.793
1008, 50.73, 21.81
1009, 50.56, 21.843
1010, 50.47, 21.86
1011, 50.38, 21.877
1012, 50.28, 21.893
1013, 50.19, 21.91
1014, 50, 21.943
1015, 49.91, 21.96
1016, 49.82, 21.977
1017, 49.73, 21.993
1018, 49.56, 22.027
1019, 49.48, 22.043
1020, 49.41, 22.06
1021, 49.35, 22.077
1022, 49.28, 22.093
1023, 49.17, 22.127
1024, 49.11, 22.143
1025, 49.06, 22.16
1026, 49.01, 22.177
1027, 48.92, 22.21
1028, 48.88, 22.227
1029, 48.84, 22.243
1030, 48.8, 22.26
1031, 48.72, 22.293
1032, 48.68, 22.31
1033, 48.65, 22.327
1034, 48.62, 22.343
1035, 48.54, 22.377
1036, 48.5, 22.393
1037, 48.46, 22.41
1038, 48.43, 22.427
1039, 48.35, 22.46
1040, 48.31, 22.477
1041, 48.28, 22.493
1042, 48.25, 22.51
1043, 48.19, 22.543
1044, 48.17, 22.56
1045, 48.16, 22.577
1046, 48.17, 22.593
1047, 48.18, 22.61
1048, 48.25, 22.643
1049, 48.29, 22.66
1050, 48.32, 22.677
1051, 48.36, 22.693
1052, 48.47, 22.727
1053, 48.54, 22.743
1054, 48.6, 22.76
1055, 48.65, 22.777
1056, 48.76, 22.81
1057, 48.82, 22.827
1058, 48.89, 22.843
1059, 48.95, 22.86
1060, 49, 22.877
1061, 49.14, 22.91
1062, 49.2, 22.927
1063, 49.26, 22.943
1064, 49.31, 22.96
1065, 49.36, 22.977
1066, 49.45, 23.01
1067, 49.49, 23.027
1068, 49.53, 23.043
1069, 49.57, 23.06
1070, 49.6, 23.077
1071, 49.68, 23.11
1072, 49.72, 23.127
1073, 49.76, 23.143
1074, 49.8, 23.16
1075, 49.84, 23.177
1076, 49.92, 23.21
1077, 49.96, 23.227
1078, 50.01, 23.243
1079, 50.06, 23.26
1080, 50.11, 23.277
1081, 50.22, 23.31
1082, 50.29, 23.327
1083, 50.36, 23.343
1084, 50.44, 23.36
1085, 50.51, 23.377
1086, 50.59, 23.393
1087, 50.75, 23.427
1088, 50.83, 23.443
1089, 50.92, 23.46
1090, 51, 23.477
1091, 51.07, 23.493
1092, 51.22, 23.527
1093, 51.3, 23.543
1094, 51.4, 23.56
1095, 51.48, 23.577
1096, 51.57, 23.593
1097, 51.65, 23.61
1098, 51.8, 23.643
1099, 51.87, 23.66
1100, 51.95, 23.677
1101, 52.03, 23.693
1102, 52.11, 23.71
1103, 52.19, 23.727
1104, 52.34, 23.76
1105, 52.42, 23.777
1106, 52.49, 23.793
1107, 52.56, 23.81
1108, 52.63, 23.827
1109, 52.71, 23.843
1110, 52.78, 23.86
1111, 52.91, 23.893
1112, 52.98, 23.91
1113, 53.05, 23.927
1114, 53.12, 23.943
1115, 53.2, 23.96
1116, 53.26, 23.977
1117, 53.33, 23.993
1118, 53.47, 24.027
1119, 53.54, 24.043
1120, 53.6, 24.06
1121, 53.68, 24.077
1122, 53.74, 24.093
1123, 53.81, 24.11
1124, 53.88, 24.127
1125, 53.95, 24.143
1126, 54.09, 24.177
1127, 54.16, 24.193
1128, 54.22, 24.21
1129, 54.29, 24.227
1130, 54.34, 24.243
1131, 54.41, 24.26
1132, 54.48, 24.277
1133, 54.54, 24.293
1134, 54.61, 24.31
1135, 54.73, 24.343
1136, 54.79, 24.36
1137, 54.85, 24.377
1138, 54.92, 24.393
1139, 54.98, 24.41
1140, 55.03, 24.427
1141, 55.1, 24.443
1142, 55.15, 24.46
1143, 55.22, 24.477
1144, 55.27, 24.493
1145, 55.32, 24.51
1146, 55.44, 24.543
1147, 55.5, 24.56
1148, 55.52, 24.577
1149, 55.46, 24.593
1150, 55.43, 24.61
1151, 55.41, 24.627
1152, 55.45, 24.643
1153, 55.5, 24.66
1154, 55.56, 24.677
1155, 55.63, 24.693
1156, 55.7, 24.71
1157, 55.76, 24.727
1158, 55.9, 24.76
1159, 55.97, 24.777
1160, 56.03, 24.793
1161, 56.09, 24.81
1162, 56.15, 24.827
1163, 56.22, 24.843
1164, 56.29, 24.86
1165, 56.36, 24.877
1166, 56.43, 24.893
1167, 56.49, 24.91
1168, 56.56, 24.927
1169, 56.62, 24.943
1170, 56.68, 24.96
1171, 56.75, 24.977
1172, 56.87, 25.01
1173, 56.94, 25.027
1174, 57.01, 25.043
1175, 57.07, 25.06
1176, 57.14, 25.077
1177, 57.2, 25.093
1178, 57.27, 25.11
1179, 57.33, 25.127
1180, 57.39, 25.143
1181, 57.45, 25.16
1182, 57.52, 25.177
1183, 57.58, 25.193
1184, 57.64, 25.21
1185, 57.7, 25.227
1186, 57.76, 25.243
1187, 57.84, 25.26
1188, 57.9, 25.277
1189, 57.97, 25.293
1190, 58.03, 25.31
1191, 58.09, 25.327
1192, 58.15, 25.343
1193, 58.21, 25.36
1194, 58.32, 25.393
1195, 58.38, 25.41
1196, 58.44, 25.427
1197, 58.51, 25.443
1198, 58.57, 25.46
1199, 58.63, 25.477
1200, 58.68, 25.493
1201, 58.74, 25.51
1202, 58.8, 25.527
1203, 58.85, 25.543
1204, 58.91, 25.56
1205, 58.97, 25.577
1206, 59.03, 25.593
1207, 59.08, 25.61
1208, 59.14, 25.627
1209, 59.2, 25.643
1210, 59.27, 25.66
1211, 59.32, 25.677
1212, 59.38, 25.693
1213, 59.43, 25.71
1214, 59.48, 25.727
1215, 59.54, 25.743
1216, 59.6, 25.76
1217, 59.65, 25.777
1218, 59.71, 25.793
1219, 59.76, 25.81
1220, 59.81, 25.827
1221, 59.86, 25.843
1222, 59.91, 25.86
1223, 59.97, 25.877
1224, 60.02, 25.893
1225, 60.08, 25.91
1226, 60.14, 25.927
1227, 60.19, 25.943
1228, 60.25, 25.96
1229, 60.3, 25.977
1230, 60.35, 25.993
1231, 60.4, 26.01
1232, 60.45, 26.027
1233, 60.5, 26.043
1234, 60.54, 26.06
1235, 60.6, 26.077
1236, 60.65, 26.093
1237, 60.7, 26.11
1238, 60.75, 26.127
1239, 60.8, 26.143
1240, 60.85, 26.16
1241, 60.89, 26.177
1242, 60.94, 26.193
1243, 60.99, 26.21
1244, 61.03, 26.227
1245, 61.08, 26.243
1246, 61.12, 26.26
1247, 61.17, 26.277
1248, 61.22, 26.293
1249, 61.26, 26.31
1250, 61.26, 26.31
1251, 61.31, 26.327
1252, 61.36, 26.343
1253, 61.4, 26.36
1254, 61.44, 26.377
1255, 61.48, 26.393
1256, 61.52, 26.41
1257, 61.56, 26.427
1258, 61.6, 26.443
1259, 61.64, 26.46
1260, 61.68, 26.477
1261, 61.72, 26.493
1262, 61.77, 26.51
1263, 61.8, 26.527
1264, 61.84, 26.543
1265, 61.88, 26.56
1266, 61.92, 26.577
1267, 61.96, 26.593
1268, 61.99, 26.61
1269, 62.02, 26.627
1270, 62.06, 26.643
1271, 62.1, 26.66
1272, 62.15, 26.677
1273, 62.19, 26.693
1274, 62.23, 26.71
1275, 62.26, 26.727
1276, 62.29, 26.743
1277, 62.32, 26.76
1278, 62.35, 26.777
1279, 62.39, 26.793
1280, 62.39, 26.793
1281, 62.43, 26.81
1282, 62.47, 26.827
1283, 62.51, 26.843
1284, 62.55, 26.86
1285, 62.55, 26.877
1286, 62.48, 26.893
1287, 62.45, 26.91
1288, 62.41, 26.927
1289, 62.43, 26.943
1290, 62.47, 26.96
1291, 62.51, 26.977
1292, 62.56, 26.993
1293, 62.6, 27.01
1294, 62.64, 27.027
1295, 62.68, 27.043
1296, 62.72, 27.06
1297, 62.75, 27.077
1298, 62.79, 27.093
1299, 62.83, 27.11
1300, 62.87, 27.127
1301, 62.91, 27.143
1302, 62.91, 27.143
1303, 62.95, 27.16
1304, 63, 27.177
1305, 63.04, 27.193
1306, 63.08, 27.21
1307, 63.11, 27.227
1308, 63.15, 27.243
1309, 63.19, 27.26
1310, 63.23, 27.277
1311, 63.27, 27.293
1312, 63.31, 27.31
1313, 63.35, 27.327
1314, 63.39, 27.343
1315, 63.43, 27.36
1316, 63.47, 27.377
1317, 63.51, 27.393
1318, 63.54, 27.41
1319, 63.58, 27.427
1320, 63.58, 27.427
1321, 63.62, 27.443
1322, 63.66, 27.46
1323, 63.7, 27.477
1324, 63.74, 27.493
1325, 63.78, 27.51
1326, 63.82, 27.527
1327, 63.86, 27.543
1328, 63.9, 27.56
1329, 63.94, 27.577
1330, 63.97, 27.593
1331, 64.01, 27.61
1332, 64.05, 27.627
1333, 64.09, 27.643
1334, 64.13, 27.66
1335, 64.17, 27.677
1336, 64.17, 27.677
1337, 64.21, 27.693
1338, 64.25, 27.71
1339, 64.29, 27.727
1340, 64.32, 27.743
1341, 64.36, 27.76
1342, 64.4, 27.777
1343, 64.43, 27.793
1344, 64.47, 27.81
1345, 64.5, 27.827
1346, 64.54, 27.843
1347, 64.58, 27.86
1348, 64.62, 27.877
1349, 64.65, 27.893
1350, 64.65, 27.893
1351, 64.69, 27.91
1352, 64.73, 27.927
1353, 64.76, 27.943
1354, 64.8, 27.96
1355, 64.83, 27.977
1356, 64.87, 27.993
1357, 64.91, 28.01
1358, 64.94, 28.027
1359, 64.98, 28.043
1360, 65.01, 28.06
1361, 65.05, 28.077
1362, 65.09, 28.093
1363, 65.09, 28.093
1364, 65.12, 28.11
1365, 65.16, 28.127
1366, 65.19, 28.143
1367, 65.23, 28.16
1368, 65.26, 28.177
1369, 65.29, 28.193
1370, 65.33, 28.21
1371, 65.36, 28.227
1372, 65.39, 28.243
1373, 65.43, 28.26
1374, 65.46, 28.277
1375, 65.5, 28.293
1376, 65.5, 28.293
1377, 65.53, 28.31
1378, 65.56, 28.327
1379, 65.6, 28.343
1380, 65.63, 28.36
1381, 65.66, 28.377
1382, 65.7, 28.393
1383, 65.73, 28.41
1384, 65.76, 28.427
1385, 65.79, 28.443
1386, 65.82, 28.46
1387, 65.82, 28.46
1388, 65.85, 28.477
1389, 65.87, 28.493
1390, 65.87, 28.51
1391, 65.85, 28.527
1392, 65.82, 28.543
1393, 65.76, 28.56
1394, 65.69, 28.577
1395, 65.59, 28.593
1396, 65.47, 28.61
1397, 65.33, 28.627
1398, 65.17, 28.643
1399, 65.17, 28.643
1400, 65.01, 28.66
1401, 64.83, 28.677
1402, 64.64, 28.693
1403, 64.43, 28.71
1404, 64.2, 28.727
1405, 63.94, 28.743
1406, 63.67, 28.76
1407, 63.38, 28.777
1408, 63.06, 28.793
1409, 62.72, 28.81
1410, 62.36, 28.827
1411, 61.99, 28.843
1412, 61.6, 28.86
1413, 61.21, 28.877
1414, 60.8, 28.893
1415, 60.39, 28.91
1416, 59.98, 28.927
1417, 59.57, 28.943
1418, 59.17, 28.96
1419, 58.75, 28.977
1420, 58.35, 28.993
1421, 57.95, 29.01
1422, 57.56, 29.027
1423, 57.18, 29.043
1424, 56.81, 29.06
1425, 56.43, 29.077
1426, 56.06, 29.093
1427, 55.7, 29.11
1428, 55.35, 29.127
1429, 55.01, 29.143
1430, 54.69, 29.16
1431, 54.37, 29.177
1432, 53.77, 29.21
1433, 53.47, 29.227
1434, 53.18, 29.243
1435, 52.9, 29.26
1436, 52.61, 29.277
1437, 52.33, 29.293
1438, 52.04, 29.31
1439, 51.75, 29.327
1440, 51.19, 29.36
1441, 50.91, 29.377
1442, 50.62, 29.393
1443, 50.34, 29.41
1444, 50.04, 29.427
1445, 49.46, 29.46
1446, 49.17, 29.477
1447, 48.88, 29.493
1448, 48.59, 29.51
1449, 48, 29.543
1450, 47.71, 29.56
1451, 47.42, 29.577
1452, 47.13, 29.593
1453, 46.56, 29.627
1454, 46.27, 29.643
1455, 45.99, 29.66
1456, 45.71, 29.677
1457, 45.17, 29.71
1458, 44.93, 29.727
1459, 44.71, 29.743
1460, 44.31, 29.777
1461, 44.16, 29.793
1462, 43.87, 29.827
1463, 43.74, 29.843
1464, 43.63, 29.86
1465, 43.42, 29.893
1466, 43.32, 29.91
1467, 43.23, 29.927
1468, 43.08, 29.96
1469, 43.01, 29.977
1470, 42.87, 30.01
1471, 42.8, 30.027
1472, 42.68, 30.06
1473, 42.61, 30.077
1474, 42.54, 30.093
1475, 42.41, 30.127
1476, 42.34, 30.143
1477, 42.2, 30.177
1478, 42.12, 30.193
1479, 41.98, 30.227
1480, 41.91, 30.243
1481, 41.84, 30.26
1482, 41.7, 30.293
1483, 41.62, 30.31
1484, 41.48, 30.343
1485, 41.41, 30.36
1486, 41.26, 30.393
1487, 41.19, 30.41
1488, 41.03, 30.443
1489, 40.95, 30.46
1490, 40.78, 30.493
1491, 40.71, 30.51
1492, 40.55, 30.543
1493, 40.48, 30.56
1494, 40.32, 30.593
1495, 40.23, 30.61
1496, 40.06, 30.643
1497, 39.98, 30.66
1498, 39.84, 30.693
1499, 39.78, 30.71
1500, 39.68, 30.743
1501, 39.64, 30.76
1502, 39.61, 30.793
1503, 39.61, 30.81
1504, 39.58, 30.843
1505, 39.58, 30.86
1506, 39.58, 30.893
1507, 39.6, 30.91
1508, 39.63, 30.943
1509, 39.64, 30.96
1510, 39.67, 30.993
1511, 39.68, 31.01
1512, 39.7, 31.043
1513, 39.69, 31.06
1514, 39.66, 31.093
1515, 39.62, 31.11
1516, 39.54, 31.143
1517, 39.43, 31.177
1518, 39.37, 31.193
1519, 39.26, 31.227
1520, 39.22, 31.243
1521, 39.14, 31.277
1522, 39.11, 31.293
1523, 39.06, 31.327
1524, 39.04, 31.343
1525, 39.01, 31.377
1526, 39.02, 31.393
1527, 39.05, 31.427
1528, 39.06, 31.443
1529, 39.11, 31.477
1530, 39.13, 31.493
1531, 39.19, 31.527
1532, 39.23, 31.543
1533, 39.33, 31.577
1534, 39.38, 31.593
1535, 39.48, 31.627
1536, 39.53, 31.643
1537, 39.63, 31.677
1538, 39.68, 31.693
1539, 39.78, 31.727
1540, 39.84, 31.743
1541, 39.95, 31.777
1542, 40, 31.793
1543, 40.1, 31.827
1544, 40.14, 31.843
1545, 40.26, 31.877
1546, 40.31, 31.893
1547, 40.36, 31.91
1548, 40.46, 31.943
1549, 40.51, 31.96
1550, 40.62, 31.993
1551, 40.67, 32.01
1552, 40.78, 32.043
1553, 40.85, 32.06
1554, 40.99, 32.093
1555, 41.05, 32.11
1556, 41.12, 32.127
1557, 41.24, 32.16
1558, 41.3, 32.177
1559, 41.44, 32.21
1560, 41.51, 32.227
1561, 41.57, 32.243
1562, 41.7, 32.277
1563, 41.77, 32.293
1564, 41.89, 32.327
1565, 41.96, 32.343
1566, 42.02, 32.36
1567, 42.15, 32.393
1568, 42.22, 32.41
1569, 42.28, 32.427
1570, 42.41, 32.46
1571, 42.47, 32.477
1572, 42.54, 32.493
1573, 42.67, 32.527
1574, 42.74, 32.543
1575, 42.81, 32.56
1576, 42.95, 32.593
1577, 43.02, 32.61
1578, 43.09, 32.627
1579, 43.25, 32.66
1580, 43.34, 32.677
1581, 43.54, 32.71
1582, 43.64, 32.727
1583, 43.74, 32.743
1584, 43.93, 32.777
1585, 44.02, 32.793
1586, 44.11, 32.81
1587, 44.33, 32.843
1588, 44.44, 32.86
1589, 44.54, 32.877
1590, 44.64, 32.893
1591, 44.84, 32.927
1592, 44.93, 32.943
1593, 45.03, 32.96
1594, 45.23, 32.993
1595, 45.35, 33.01
1596, 45.45, 33.027
1597, 45.66, 33.06
1598, 45.76, 33.077
1599, 45.86, 33.093
1600, 46.04, 33.127
1601, 46.14, 33.143
1602, 46.23, 33.16
1603, 46.33, 33.177
1604, 46.51, 33.21
1605, 46.6, 33.227
1606, 46.69, 33.243
1607, 46.78, 33.26
1608, 46.96, 33.293
1609, 47.04, 33.31
1610, 47.11, 33.327
1611, 47.22, 33.36
1612, 47.27, 33.377
1613, 47.31, 33.393
1614, 47.37, 33.41
1615, 47.49, 33.443
1616, 47.56, 33.46
1617, 47.62, 33.477
1618, 47.67, 33.493
1619, 47.75, 33.527
1620, 47.79, 33.543
1621, 47.81, 33.56
1622, 47.77, 33.577
1623, 47.79, 33.61
1624, 47.85, 33.627
1625, 47.92, 33.643
1626, 47.99, 33.66
1627, 48.16, 33.693
1628, 48.25, 33.71
1629, 48.34, 33.727
1630, 48.43, 33.743
1631, 48.59, 33.777
1632, 48.67, 33.793
1633, 48.74, 33.81
1634, 48.82, 33.827
1635, 48.99, 33.86
1636, 49.07, 33.877
1637, 49.15, 33.893
1638, 49.23, 33.91
1639, 49.38, 33.943
1640, 49.46, 33.96
1641, 49.53, 33.977
1642, 49.6, 33.993
1643, 49.68, 34.01
1644, 49.83, 34.043
1645, 49.91, 34.06
1646, 49.99, 34.077
1647, 50.06, 34.093
1648, 50.13, 34.11
1649, 50.29, 34.143
1650, 50.38, 34.16
1651, 50.46, 34.177
1652, 50.54, 34.193
1653, 50.62, 34.21
1654, 50.77, 34.243
1655, 50.85, 34.26
1656, 50.93, 34.277
1657, 51.01, 34.293
1658, 51.09, 34.31
1659, 51.17, 34.327
1660, 51.35, 34.36
1661, 51.44, 34.377
1662, 51.52, 34.393
1663, 51.6, 34.41
1664, 51.68, 34.427
1665, 51.75, 34.443
1666, 51.89, 34.477
1667, 51.97, 34.493
1668, 52.05, 34.51
1669, 52.12, 34.527
1670, 52.21, 34.543
1671, 52.29, 34.56
1672, 52.44, 34.593
1673, 52.52, 34.61
1674, 52.6, 34.627
1675, 52.67, 34.643
1676, 52.74, 34.66
1677, 52.81, 34.677
1678, 52.89, 34.693
1679, 53.03, 34.727
1680, 53.1, 34.743
1681, 53.17, 34.76
1682, 53.24, 34.777
1683, 53.32, 34.793
1684, 53.4, 34.81
1685, 53.47, 34.827
1686, 53.54, 34.843
1687, 53.68, 34.877
1688, 53.75, 34.893
1689, 53.81, 34.91
1690, 53.88, 34.927
1691, 53.95, 34.943
1692, 54.02, 34.96
1693, 54.09, 34.977
1694, 54.16, 34.993
1695, 54.3, 35.027
1696, 54.37, 35.043
1697, 54.44, 35.06
1698, 54.51, 35.077
1699, 54.58, 35.093
1700, 54.64, 35.11
1701, 54.7, 35.127
1702, 54.77, 35.143
1703, 54.83, 35.16
1704, 54.9, 35.177
1705, 55.03, 35.21
1706, 55.09, 35.227
1707, 55.15, 35.243
1708, 55.21, 35.26
1709, 55.29, 35.277
1710, 55.36, 35.293
1711, 55.43, 35.31
1712, 55.48, 35.327
1713, 55.54, 35.343
1714, 55.59, 35.36
1715, 55.64, 35.377
1716, 55.7, 35.393
1717, 55.83, 35.427
1718, 55.89, 35.443
1719, 55.96, 35.46
1720, 56.02, 35.477
1721, 56.07, 35.493
1722, 56.13, 35.51
1723, 56.18, 35.527
1724, 56.24, 35.543
1725, 56.29, 35.56
1726, 56.34, 35.577
1727, 56.39, 35.593
1728, 56.46, 35.61
1729, 56.52, 35.627
1730, 56.57, 35.643
1731, 56.65, 35.677
1732, 56.6, 35.693
1733, 56.56, 35.71
1734, 56.55, 35.727
1735, 56.58, 35.743
1736, 56.64, 35.76
1737, 56.7, 35.777
1738, 56.76, 35.793
1739, 56.82, 35.81
1740, 56.88, 35.827
1741, 56.94, 35.843
1742, 57, 35.86
1743, 57.06, 35.877
1744, 57.12, 35.893
1745, 57.18, 35.91
1746, 57.24, 35.927
1747, 57.3, 35.943
1748, 57.36, 35.96
1749, 57.48, 35.993
1750, 57.54, 36.01
1751, 57.6, 36.027
1752, 57.66, 36.043
1753, 57.71, 36.06
1754, 57.77, 36.077
1755, 57.83, 36.093
1756, 57.89, 36.11
1757, 57.95, 36.127
1758, 58.01, 36.143
1759, 58.07, 36.16
1760, 58.13, 36.177
1761, 58.18, 36.193
1762, 58.23, 36.21
1763, 58.29, 36.227
1764, 58.34, 36.243
1765, 58.4, 36.26
1766, 58.45, 36.277
1767, 58.51, 36.293
1768, 58.57, 36.31
1769, 58.63, 36.327
1770, 58.68, 36.343
1771, 58.73, 36.36
1772, 58.79, 36.377
1773, 58.84, 36.393
1774, 58.89, 36.41
1775, 58.95, 36.427
1776, 59, 36.443
1777, 59.05, 36.46
1778, 59.11, 36.477
1779, 59.17, 36.493
1780, 59.22, 36.51
1781, 59.26, 36.527
1782, 59.31, 36.543
1783, 59.36, 36.56
1784, 59.42, 36.577
1785, 59.53, 36.61
1786, 59.58, 36.627
1787, 59.64, 36.643
1788, 59.69, 36.66
1789, 59.74, 36.677
1790, 59.79, 36.693
1791, 59.84, 36.71
1792, 59.89, 36.727
1793, 59.94, 36.743
1794, 59.98, 36.76
1795, 60.03, 36.777
1796, 60.08, 36.793
1797, 60.13, 36.81
1798, 60.18, 36.827
1799, 60.23, 36.843
1800, 60.28, 36.86
1801, 60.32, 36.877
1802, 60.37, 36.893
1803, 60.41, 36.91
1804, 60.46, 36.927
1805, 60.5, 36.943
1806, 60.55, 36.96
1807, 60.59, 36.977
1808, 60.63, 36.993
1809, 60.63, 36.993
1810, 60.68, 37.01
1811, 60.74, 37.027
1812, 60.79, 37.043
1813, 60.83, 37.06
1814, 60.87, 37.077
1815, 60.9, 37.093
1816, 60.94, 37.11
1817, 60.98, 37.127
1818, 61.03, 37.143
1819, 61.07, 37.16
1820, 61.12, 37.177
1821, 61.16, 37.193
1822, 61.2, 37.21
1823, 61.24, 37.227
1824, 61.28, 37.243
1825, 61.32, 37.26
1826, 61.35, 37.277
1827, 61.39, 37.293
1828, 61.43, 37.31
1829, 61.47, 37.327
1830, 61.51, 37.343
1831, 61.55, 37.36
1832, 61.59, 37.377
1833, 61.63, 37.393
1834, 61.67, 37.41
1835, 61.71, 37.427
1836, 61.74, 37.443
1837, 61.78, 37.46
1838, 61.81, 37.477
1839, 61.84, 37.493
1840, 61.85, 37.51
1841, 61.83, 37.527
1842, 61.79, 37.543
1843, 61.73, 37.56
1844, 61.65, 37.577
1845, 61.57, 37.593
1846, 61.49, 37.61
1847, 61.41, 37.627
1848, 61.34, 37.643
1849, 61.26, 37.66
1850, 61.18, 37.677
1851, 61.1, 37.693
1852, 61.02, 37.71
1853, 60.94, 37.727
1854, 60.86, 37.743
1855, 60.78, 37.76
1856, 60.7, 37.777
1857, 60.62, 37.793
1858, 60.55, 37.81
1859, 60.47, 37.827
1860, 60.39, 37.843
1861, 60.31, 37.86
1862, 60.23, 37.877
1863, 60.15, 37.893
1864, 60.06, 37.91
1865, 59.98, 37.927
1866, 59.9, 37.943
1867, 59.81, 37.96
1868, 59.73, 37.977
1869, 59.65, 37.993
1870, 59.57, 38.01
1871, 59.49, 38.027
1872, 59.42, 38.043
1873, 59.34, 38.06
1874, 59.26, 38.077
1875, 59.18, 38.093
1876, 59.11, 38.11
1877, 59.03, 38.127
1878, 58.95, 38.143
1879, 58.88, 38.16
1880, 58.81, 38.177
1881, 58.73, 38.193
1882, 58.66, 38.21
1883, 58.59, 38.227
1884, 58.52, 38.243
1885, 58.44, 38.26
1886, 58.37, 38.277
1887, 58.3, 38.293
1888, 58.23, 38.31
1889, 58.16, 38.327
1890, 58.09, 38.343
1891, 58.02, 38.36
1892, 57.96, 38.377
1893, 57.89, 38.393
1894, 57.82, 38.41
1895, 57.75, 38.427
1896, 57.69, 38.443
1897, 57.62, 38.46
1898, 57.55, 38.477
1899, 57.49, 38.493
1900, 57.42, 38.51
1901, 57.35, 38.527
1902, 57.29, 38.543
1903, 57.22, 38.56
1904, 57.07, 38.593
1905, 57, 38.61
1906, 56.93, 38.627
1907, 56.86, 38.643
1908, 56.79, 38.66
1909, 56.72, 38.677
1910, 56.65, 38.693
1911, 56.57, 38.71
1912, 56.5, 38.727
1913, 56.42, 38.743
1914, 56.34, 38.76
1915, 56.26, 38.777
1916, 56.18, 38.793
1917, 56.1, 38.81
1918, 56.02, 38.827
1919, 55.93, 38.843
1920, 55.84, 38.86
1921, 55.75, 38.877
1922, 55.65, 38.893
1923, 55.55, 38.91
1924, 55.43, 38.927
1925, 55.32, 38.943
1926, 55.18, 38.96
1927, 55.03, 38.977
1928, 54.89, 38.993
1929, 54.73, 39.01
1930, 54.59, 39.027
1931, 54.46, 39.043
1932, 54.32, 39.06
1933, 54.19, 39.077
1934, 53.95, 39.11
1935, 53.86, 39.127
1936, 53.78, 39.143
1937, 53.68, 39.16
1938, 53.58, 39.177
1939, 53.48, 39.193
1940, 53.38, 39.21
1941, 53.28, 39.227
1942, 53.19, 39.243
1943, 53.04, 39.277
1944, 52.95, 39.293
1945, 52.88, 39.31
1946, 52.81, 39.327
1947, 52.73, 39.343
1948, 52.65, 39.36
1949, 52.57, 39.377
1950, 52.42, 39.41
1951, 52.35, 39.427
1952, 52.28, 39.443
1953, 52.22, 39.46
1954, 52.17, 39.477
1955, 52.13, 39.493
1956, 52.09, 39.51
1957, 52.01, 39.543
1958, 51.98, 39.56
1959, 51.95, 39.577
1960, 51.94, 39.593
1961, 51.93, 39.61
1962, 51.93, 39.627
1963, 51.92, 39.66
1964, 51.93, 39.677
1965, 51.95, 39.693
1966, 51.99, 39.71
1967, 52.03, 39.727
1968, 52.07, 39.743
1969, 52.13, 39.777
1970, 52.17, 39.793
1971, 52.21, 39.81
1972, 52.24, 39.827
1973, 52.29, 39.843
1974, 52.34, 39.86
1975, 52.48, 39.893
1976, 52.52, 39.91
1977, 52.55, 39.927
1978, 52.57, 39.943
1979, 52.61, 39.96
1980, 52.65, 39.977
1981, 52.74, 40.01
1982, 52.79, 40.027
1983, 52.84, 40.043
1984, 52.89, 40.06
1985, 52.95, 40.077
1986, 52.99, 40.093
1987, 53.06, 40.11
1988, 53.11, 40.127
1989, 53.22, 40.16
1990, 53.28, 40.177
1991, 53.33, 40.193
1992, 53.38, 40.21
1993, 53.44, 40.227
1994, 53.5, 40.243
1995, 53.56, 40.26
1996, 53.68, 40.293
1997, 53.74, 40.31
1998, 53.81, 40.327
1999, 53.87, 40.343
2000, 53.93, 40.36
2001, 53.99, 40.377
2002, 54.05, 40.393
2003, 54.12, 40.41
2004, 54.19, 40.443
2005, 54.24, 40.46
2006, 54.35, 40.477
2007, 54.42, 40.493
2008, 54.48, 40.51
2009, 54.54, 40.527
2010, 54.59, 40.543
2011, 54.65, 40.56
2012, 54.7, 40.577
2013, 54.82, 40.61
2014, 54.88, 40.627
2015, 54.94, 40.643
2016, 55, 40.66
2017, 55.06, 40.677
2018, 55.12, 40.693
2019, 55.17, 40.71
2020, 55.23, 40.727
2021, 55.29, 40.743
2022, 55.35, 40.76
2023, 55.4, 40.777
2024, 55.51, 40.81
2025, 55.57, 40.827
2026, 55.62, 40.843
2027, 55.68, 40.86
2028, 55.74, 40.877
2029, 55.79, 40.893
2030, 55.85, 40.91
2031, 55.9, 40.927
2032, 55.96, 40.943
2033, 56.01, 40.96
2034, 56.07, 40.977
2035, 56.12, 40.993
2036, 56.17, 41.01
2037, 56.27, 41.043
2038, 56.33, 41.06
2039, 56.39, 41.077
2040, 56.44, 41.093
2041, 56.49, 41.11
2042, 56.54, 41.127
2043, 56.59, 41.143
2044, 56.64, 41.16
2045, 56.69, 41.177
2046, 56.74, 41.193
2047, 56.79, 41.21
2048, 56.85, 41.227
2049, 56.9, 41.243
2050, 56.95, 41.26
2051, 57, 41.277
2052, 57.04, 41.293
2053, 57.09, 41.31
2054, 57.19, 41.343
2055, 57.24, 41.36
2056, 57.29, 41.377
2057, 57.34, 41.393
2058, 57.38, 41.41
2059, 57.43, 41.427
2060, 57.48, 41.443
2061, 57.53, 41.46
2062, 57.57, 41.477
2063, 57.62, 41.493
2064, 57.66, 41.51
2065, 57.71, 41.527
2066, 57.75, 41.543
2067, 57.79, 41.56
2068, 57.84, 41.577
2069, 57.88, 41.593
2070, 57.93, 41.61
2071, 57.97, 41.627
2072, 58.02, 41.643
2073, 58.06, 41.66
2074, 58.1, 41.677
2075, 58.14, 41.693
2076, 58.18, 41.71
2077, 58.22, 41.727
2078, 58.27, 41.743
2079, 58.31, 41.76
2080, 58.35, 41.777
2081, 58.39, 41.793
2082, 58.43, 41.81
2083, 58.47, 41.827
2084, 58.51, 41.843
2085, 58.55, 41.86
2086, 58.6, 41.877
2087, 58.64, 41.893
2088, 58.71, 41.927
2089, 58.75, 41.943
2090, 58.79, 41.96
2091, 58.83, 41.977
2092, 58.87, 41.993
2093, 58.91, 42.01
2094, 58.95, 42.027
2095, 58.99, 42.043
2096, 59.02, 42.06
2097, 59.07, 42.077
2098, 59.11, 42.093
2099, 59.15, 42.11
2100, 59.19, 42.127
2101, 59.22, 42.143
2102, 59.26, 42.16
2103, 59.3, 42.177
2104, 59.34, 42.193
2105, 59.37, 42.21
2106, 59.41, 42.227
2107, 59.44, 42.243
2108, 59.48, 42.26
2109, 59.52, 42.277
2110, 59.55, 42.293
2111, 59.59, 42.31
2112, 59.62, 42.327
2113, 59.65, 42.343
2114, 59.69, 42.36
2115, 59.72, 42.377
2116, 59.75, 42.393
2117, 59.79, 42.41
2118, 59.82, 42.427
2119, 59.86, 42.443
2120, 59.9, 42.46
2121, 59.93, 42.477
2122, 59.97, 42.493
2123, 60, 42.51
2124, 60.03, 42.527
2125, 60.07, 42.543
2126, 60.1, 42.56
2127, 60.13, 42.577
2128, 60.16, 42.593
2129, 60.2, 42.61
2130, 60.23, 42.627
2131, 60.27, 42.643
2132, 60.31, 42.66
2133, 60.34, 42.677
2134, 60.37, 42.693
2135, 60.4, 42.71
2136, 60.43, 42.727
2137, 60.46, 42.743
2138, 60.49, 42.76
2139, 60.52, 42.777
2140, 60.56, 42.793
2141, 60.6, 42.81
2142, 60.63, 42.827
2143, 60.66, 42.843
2144, 60.69, 42.86
2145, 60.71, 42.877
2146, 60.73, 42.893
2147, 60.76, 42.91
2148, 60.8, 42.927
2149, 60.84, 42.943
2150, 60.88, 42.96
2151, 60.91, 42.977
2152, 60.94, 42.993
2153, 60.96, 43.01
2154, 60.99, 43.027
2155, 61.02, 43.043
2156, 61.05, 43.06
2157, 61.09, 43.077
2158, 61.13, 43.093
2159, 61.16, 43.11
2160, 61.19, 43.127
2161, 61.22, 43.143
2162, 61.25, 43.16
2163, 61.28, 43.177
2164, 61.31, 43.193
2165, 61.34, 43.21
2166, 61.36, 43.227
2167, 61.39, 43.243
2168, 61.42, 43.26
2169, 61.45, 43.277
2170, 61.49, 43.293
2171, 61.52, 43.31
2172, 61.55, 43.327
2173, 61.58, 43.343
2174, 61.61, 43.36
2175, 61.61, 43.36
2176, 61.64, 43.377
2177, 61.67, 43.393
2178, 61.7, 43.41
2179, 61.73, 43.427
2180, 61.76, 43.443
2181, 61.78, 43.46
2182, 61.81, 43.477
2183, 61.84, 43.493
2184, 61.87, 43.51
2185, 61.9, 43.527
2186, 61.93, 43.543
2187, 61.96, 43.56
2188, 61.98, 43.577
2189, 62.02, 43.593
2190, 62.05, 43.61
2191, 62.09, 43.627
2192, 62.09, 43.643
2193, 62.02, 43.66
2194, 61.97, 43.677
2195, 61.94, 43.693
2196, 61.94, 43.71
2197, 61.97, 43.727
2198, 62, 43.743
2199, 62.04, 43.76
2200, 62.08, 43.777
2201, 62.12, 43.793
2202, 62.16, 43.81
2203, 62.19, 43.827
2204, 62.23, 43.843
2205, 62.27, 43.86
2206, 62.31, 43.877
2207, 62.34, 43.893
2208, 62.38, 43.91
2209, 62.41, 43.927
2210, 62.41, 43.927
2211, 62.44, 43.943
2212, 62.48, 43.96
2213, 62.52, 43.977
2214, 62.55, 43.993
2215, 62.59, 44.01
2216, 62.63, 44.027
2217, 62.67, 44.043
2218, 62.7, 44.06
2219, 62.73, 44.077
2220, 62.76, 44.093
2221, 62.78, 44.11
2222, 62.81, 44.127
2223, 62.85, 44.143
2224, 62.89, 44.16
2225, 62.92, 44.177
2226, 62.96, 44.193
2227, 62.99, 44.21
2228, 63.02, 44.227
2229, 63.05, 44.243
2230, 63.08, 44.26
2231, 63.12, 44.277
2232, 63.14, 44.293
2233, 63.18, 44.31
2234, 63.18, 44.31
2235, 63.21, 44.327
2236, 63.26, 44.343
2237, 63.29, 44.36
2238, 63.33, 44.377
2239, 63.35, 44.393
2240, 63.39, 44.41
2241, 63.43, 44.427
2242, 63.46, 44.443
2243, 63.49, 44.46
2244, 63.53, 44.477
2245, 63.56, 44.493
2246, 63.59, 44.51
2247, 63.62, 44.527
2248, 63.65, 44.543
2249, 63.68, 44.56
2250, 63.7, 44.577
2251, 63.74, 44.593
2252, 63.77, 44.61
2253, 63.81, 44.627
2254, 63.81, 44.627
2255, 63.83, 44.643
2256, 63.88, 44.66
2257, 63.9, 44.677
2258, 63.94, 44.693
2259, 63.96, 44.71
2260, 64, 44.727
2261, 64.03, 44.743
2262, 64.07, 44.76
2263, 64.1, 44.777
2264, 64.13, 44.793
2265, 64.17, 44.81
2266, 64.19, 44.827
2267, 64.22, 44.843
2268, 64.24, 44.86
2269, 64.26, 44.877
2270, 64.26, 44.877
2271, 64.28, 44.893
2272, 64.33, 44.91
2273, 64.36, 44.927
2274, 64.4, 44.943
2275, 64.43, 44.96
2276, 64.46, 44.977
2277, 64.48, 44.993
2278, 64.51, 45.01
2279, 64.53, 45.027
2280, 64.56, 45.043
2281, 64.59, 45.06
2282, 64.62, 45.077
2283, 64.64, 45.093
2284, 64.64, 45.11
2285, 64.64, 45.127
2286, 64.64, 45.127
2287, 64.61, 45.143
2288, 64.56, 45.16
2289, 64.49, 45.177
2290, 64.41, 45.193
2291, 64.3, 45.21
2292, 64.19, 45.227
2293, 64.06, 45.243
2294, 63.93, 45.26
2295, 63.78, 45.277
2296, 63.62, 45.293
2297, 63.45, 45.31
2298, 63.26, 45.327
2299, 63.06, 45.343
2300, 62.84, 45.36
2301, 62.6, 45.377
2302, 62.35, 45.393
2303, 62.09, 45.41
2304, 61.81, 45.427
2305, 61.81, 45.427
2306, 61.52, 45.443
2307, 61.2, 45.46
2308, 60.87, 45.477
2309, 60.53, 45.493
2310, 60.18, 45.51
2311, 59.82, 45.527
2312, 59.46, 45.543
2313, 59.11, 45.56
2314, 58.42, 45.593
2315, 58.09, 45.61
2316, 57.76, 45.627
2317, 57.43, 45.643
2318, 57.12, 45.66
2319, 56.82, 45.677
2320, 56.52, 45.693
2321, 56.22, 45.71
2322, 55.92, 45.727
2323, 55.63, 45.743
2324, 55.34, 45.76
2325, 55.05, 45.777
2326, 54.76, 45.793
2327, 54.48, 45.81
2328, 54.2, 45.827
2329, 53.64, 45.86
2330, 53.36, 45.877
2331, 53.09, 45.893
2332, 52.81, 45.91
2333, 52.53, 45.927
2334, 52.25, 45.943
2335, 51.97, 45.96
2336, 51.42, 45.993
2337, 51.15, 46.01
2338, 50.9, 46.027
2339, 50.65, 46.043
2340, 50.42, 46.06
2341, 49.96, 46.093
2342, 49.75, 46.11
2343, 49.55, 46.127
2344, 49.36, 46.143
2345, 49.18, 46.16
2346, 48.84, 46.193
2347, 48.68, 46.21
2348, 48.52, 46.227
2349, 48.35, 46.243
2350, 48.04, 46.277
2351, 47.88, 46.293
2352, 47.72, 46.31
2353, 47.57, 46.327
2354, 47.25, 46.36
2355, 47.09, 46.377
2356, 46.92, 46.393
2357, 46.75, 46.41
2358, 46.41, 46.443
2359, 46.24, 46.46
2360, 46.06, 46.477
2361, 45.7, 46.51
2362, 45.5, 46.527
2363, 45.3, 46.543
2364, 44.89, 46.577
2365, 44.68, 46.593
2366, 44.49, 46.61
2367, 44.14, 46.643
2368, 43.97, 46.66
2369, 43.82, 46.677
2370, 43.53, 46.71
2371, 43.35, 46.727
2372, 42.91, 46.76
2373, 42.7, 46.777
2374, 42.51, 46.793
2375, 42.18, 46.827
2376, 42.03, 46.843
2377, 41.76, 46.877
2378, 41.62, 46.893
2379, 41.48, 46.91
2380, 41.18, 46.943
2381, 41.03, 46.96
2382, 40.74, 46.993
2383, 40.6, 47.01
2384, 40.31, 47.043
2385, 40.16, 47.06
2386, 39.84, 47.093
2387, 39.67, 47.11
2388, 39.31, 47.143
2389, 39.12, 47.16
2390, 38.74, 47.193
2391, 38.54, 47.21
2392, 38.15, 47.243
2393, 37.94, 47.26
2394, 37.48, 47.293
2395, 37, 47.327
2396, 36.75, 47.343
2397, 36.26, 47.377
2398, 35.77, 47.41
2399, 35.54, 47.427
2400, 35.07, 47.46
2401, 34.57, 47.493
2402, 34.33, 47.51
2403, 33.84, 47.543
2404, 33.37, 47.577
2405, 32.89, 47.61
2406, 32.44, 47.643
2407, 32.22, 47.66
2408, 31.83, 47.693
2409, 31.47, 47.727
2410, 31.14, 47.76
2411, 30.83, 47.793
2412, 30.58, 47.827
2413, 30.36, 47.86
2414, 30.15, 47.893
2415, 29.96, 47.927
2416, 29.78, 47.96
2417, 29.59, 47.993
2418, 29.4, 48.027
2419, 29.25, 48.06
2420, 29.1, 48.093
2421, 28.89, 48.127
2422, 28.66, 48.16
2423, 28.47, 48.193
2424, 28.29, 48.227
2425, 28.1, 48.26
2426, 27.81, 48.31
2427, 27.63, 48.343
2428, 27.45, 48.377
2429, 27.29, 48.41
2430, 27.13, 48.443
2431, 26.99, 48.477
2432, 26.85, 48.51
2433, 26.6, 48.56
2434, 26.42, 48.593
2435, 26.26, 48.627
2436, 26.13, 48.66
2437, 26.02, 48.693
2438, 25.85, 48.743
2439, 25.71, 48.777
2440, 25.5, 48.81
2441, 25.13, 48.86
2442, 25.02, 48.893
2443, 24.9, 48.927
2444, 24.63, 48.977
2445, 24.5, 49.01
2446, 24.43, 49.043
2447, 24.3, 49.093
2448, 24.18, 49.127
2449, 24.05, 49.177
2450, 24, 49.21
2451, 23.96, 49.243
2452, 23.87, 49.293
2453, 23.8, 49.327
2454, 23.75, 49.36
2455, 23.69, 49.41
2456, 23.66, 49.443
2457, 23.63, 49.477
2458, 23.59, 49.527
2459, 23.57, 49.56
2460, 23.56, 49.61
2461, 23.56, 49.643
2462, 23.57, 49.693
2463, 23.58, 49.727
2464, 23.61, 49.777
2465, 23.66, 49.81
2466, 23.81, 49.86
2467, 23.92, 49.893
2468, 24.04, 49.927
2469, 24.29, 49.977
2470, 24.44, 50.01
2471, 24.65, 50.06
2472, 24.84, 50.093
2473, 25.31, 50.143
2474, 25.57, 50.177
2475, 25.8, 50.21
2476, 26.16, 50.26
2477, 26.4, 50.293
2478, 26.74, 50.343
2479, 26.98, 50.377
2480, 27.31, 50.427
2481, 27.52, 50.46
2482, 27.71, 50.493
2483, 27.92, 50.527
2484, 28.24, 50.577
2485, 28.45, 50.61
2486, 28.63, 50.643
2487, 28.82, 50.677
2488, 29.05, 50.71
2489, 29.3, 50.743
2490, 29.55, 50.777
2491, 29.8, 50.81
2492, 30.04, 50.843
2493, 30.28, 50.877
2494, 30.39, 50.893
2495, 30.63, 50.927
2496, 30.87, 50.96
2497, 31.11, 50.993
2498, 31.35, 51.027
2499, 31.58, 51.06
2500, 31.7, 51.077
2501, 31.94, 51.11
2502, 32.17, 51.143
2503, 32.4, 51.177
2504, 32.64, 51.21
2505, 32.88, 51.243
2506, 33, 51.26
2507, 33.23, 51.293
2508, 33.47, 51.327
2509, 33.73, 51.36
2510, 33.86, 51.377
2511, 34.11, 51.41
2512, 34.34, 51.443
2513, 34.58, 51.477
2514, 34.71, 51.493
2515, 34.97, 51.527
2516, 35.22, 51.56
2517, 35.34, 51.577
2518, 35.58, 51.61
2519, 35.83, 51.643
2520, 35.96, 51.66
2521, 36.2, 51.693
2522, 36.46, 51.727
2523, 36.6, 51.743
2524, 36.86, 51.777
2525, 36.98, 51.793
2526, 37.23, 51.827
2527, 37.33, 51.86
2528, 37.4, 51.877
2529, 37.56, 51.91
2530, 37.69, 51.927
2531, 37.98, 51.96
2532, 38.26, 51.993
2533, 38.41, 52.01
2534, 38.7, 52.043
2535, 38.85, 52.06
2536, 39.15, 52.093
2537, 39.29, 52.11
2538, 39.57, 52.143
2539, 39.71, 52.16
2540, 39.99, 52.193
2541, 40.14, 52.21
2542, 40.43, 52.243
2543, 40.57, 52.26
2544, 40.85, 52.293
2545, 40.99, 52.31
2546, 41.26, 52.343
2547, 41.4, 52.36
2548, 41.68, 52.393
2549, 41.82, 52.41
2550, 41.96, 52.427
2551, 42.23, 52.46
2552, 42.37, 52.477
2553, 42.64, 52.51
2554, 42.77, 52.527
2555, 43.05, 52.56
2556, 43.18, 52.577
2557, 43.32, 52.593
2558, 43.59, 52.627
2559, 43.71, 52.643
2560, 43.97, 52.677
2561, 44.1, 52.693
2562, 44.24, 52.71
2563, 44.5, 52.743
2564, 44.63, 52.76
2565, 44.76, 52.777
2566, 45.01, 52.81
2567, 45.14, 52.827
2568, 45.27, 52.843
2569, 45.53, 52.877
2570, 45.65, 52.893
2571, 45.78, 52.91
2572, 46.02, 52.943
2573, 46.14, 52.96
2574, 46.26, 52.977
2575, 46.49, 53.01
2576, 46.61, 53.027
2577, 46.73, 53.043
2578, 46.84, 53.06
2579, 47.04, 53.093
2580, 47.15, 53.11
2581, 47.25, 53.127
2582, 47.46, 53.16
2583, 47.56, 53.177
2584, 47.61, 53.193
2585, 47.59, 53.21
2586, 47.62, 53.243
2587, 47.7, 53.26
2588, 47.78, 53.277
2589, 47.88, 53.293
2590, 48.05, 53.327
2591, 48.13, 53.343
2592, 48.18, 53.36
2593, 48.24, 53.377
2594, 48.33, 53.393
2595, 48.56, 53.427
2596, 48.65, 53.443
2597, 48.73, 53.46
2598, 48.8, 53.477
2599, 48.93, 53.51
2600, 48.99, 53.527
2601, 49.06, 53.543
2602, 49.13, 53.56
2603, 49.28, 53.593
2604, 49.35, 53.61
2605, 49.41, 53.627
2606, 49.47, 53.643
2607, 49.54, 53.66
2608, 49.66, 53.693
2609, 49.72, 53.71
2610, 49.77, 53.727
2611, 49.83, 53.743
2612, 49.91, 53.76
2613, 50.07, 53.793
2614, 50.14, 53.81
2615, 50.2, 53.827
2616, 50.28, 53.843
2617, 50.36, 53.86
2618, 50.52, 53.893
2619, 50.6, 53.91
2620, 50.68, 53.927
2621, 50.76, 53.943
2622, 50.85, 53.96
2623, 51.01, 53.993
2624, 51.06, 54.01
2625, 51.09, 54.027
2626, 51.09, 54.043
2627, 51.07, 54.06
2628, 50.97, 54.093
2629, 50.9, 54.11
2630, 50.83, 54.127
2631, 50.77, 54.143
2632, 50.7, 54.16
2633, 50.64, 54.177
2634, 50.52, 54.21
2635, 50.45, 54.227
2636, 50.39, 54.243
2637, 50.33, 54.26
2638, 50.21, 54.293
2639, 50.15, 54.31
2640, 50.08, 54.327
2641, 50.02, 54.343
2642, 49.95, 54.36
2643, 49.83, 54.393
2644, 49.77, 54.41
2645, 49.7, 54.427
2646, 49.64, 54.443
2647, 49.58, 54.46
2648, 49.47, 54.493
2649, 49.41, 54.51
2650, 49.35, 54.527
2651, 49.29, 54.543
2652, 49.18, 54.577
2653, 49.13, 54.593
2654, 49.09, 54.61
2655, 49.06, 54.627
2656, 49.01, 54.66
2657, 49, 54.677
2658, 49, 54.693
2659, 49.01, 54.71
2660, 49.04, 54.743
2661, 49.05, 54.76
2662, 49.06, 54.777
2663, 49.08, 54.793
2664, 49.12, 54.827
2665, 49.14, 54.843
2666, 49.16, 54.86
2667, 49.17, 54.877
2668, 49.22, 54.91
2669, 49.25, 54.927
2670, 49.28, 54.943
2671, 49.3, 54.96
2672, 49.34, 54.993
2673, 49.37, 55.01
2674, 49.39, 55.027
2675, 49.41, 55.043
2676, 49.43, 55.06
2677, 49.43, 55.093
2678, 49.42, 55.11
2679, 49.41, 55.127
2680, 49.39, 55.143
2681, 49.33, 55.177
2682, 49.31, 55.193
2683, 49.29, 55.21
2684, 49.28, 55.227
2685, 49.26, 55.243
2686, 49.24, 55.277
2687, 49.24, 55.293
2688, 49.25, 55.31
2689, 49.26, 55.327
2690, 49.29, 55.36
2691, 49.32, 55.377
2692, 49.35, 55.393
2693, 49.39, 55.41
2694, 49.43, 55.427
2695, 49.5, 55.46
2696, 49.54, 55.477
2697, 49.57, 55.493
2698, 49.61, 55.51
2699, 49.65, 55.527
2700, 49.73, 55.56
2701, 49.78, 55.577
2702, 49.82, 55.593
2703, 49.85, 55.61
2704, 49.88, 55.627
2705, 49.94, 55.66
2706, 49.98, 55.677
2707, 50.01, 55.693
2708, 50.03, 55.71
2709, 50.04, 55.727
2710, 50.06, 55.743
2711, 50.1, 55.777
2712, 50.12, 55.793
2713, 50.14, 55.81
2714, 50.17, 55.827
2715, 50.2, 55.843
2716, 50.24, 55.86
2717, 50.3, 55.893
2718, 50.33, 55.91
2719, 50.37, 55.927
2720, 50.41, 55.943
2721, 50.45, 55.96
2722, 50.49, 55.977
2723, 50.58, 56.01
2724, 50.62, 56.027
2725, 50.65, 56.043
2726, 50.69, 56.06
2727, 50.72, 56.077
2728, 50.77, 56.093
2729, 50.82, 56.127
2730, 50.86, 56.143
2731, 50.89, 56.16
2732, 50.92, 56.177
2733, 50.96, 56.193
2734, 51, 56.21
2735, 51.08, 56.243
2736, 51.11, 56.26
2737, 51.12, 56.277
2738, 51.13, 56.293
2739, 51.18, 56.31
2740, 51.26, 56.327
2741, 51.33, 56.343
2742, 51.41, 56.377
2743, 51.44, 56.393
2744, 51.47, 56.41
2745, 51.51, 56.427
2746, 51.54, 56.443
2747, 51.58, 56.46
2748, 51.61, 56.477
2749, 51.68, 56.51
2750, 51.7, 56.527
2751, 51.73, 56.543
2752, 51.75, 56.56
2753, 51.78, 56.577
2754, 51.79, 56.593
2755, 51.81, 56.61
2756, 51.86, 56.643
2757, 51.89, 56.66
2758, 51.94, 56.677
2759, 51.98, 56.693
2760, 52.02, 56.71
2761, 52.06, 56.727
2762, 52.11, 56.743
2763, 52.22, 56.777
2764, 52.27, 56.793
2765, 52.32, 56.81
2766, 52.37, 56.827
2767, 52.44, 56.843
2768, 52.51, 56.86
2769, 52.58, 56.877
2770, 52.7, 56.91
2771, 52.76, 56.927
2772, 52.84, 56.943
2773, 52.91, 56.96
2774, 52.98, 56.977
2775, 53.06, 56.993
2776, 53.13, 57.01
2777, 53.21, 57.027
2778, 53.29, 57.043
2779, 53.43, 57.077
2780, 53.49, 57.093
2781, 53.54, 57.11
2782, 53.58, 57.127
2783, 53.65, 57.143
2784, 53.74, 57.16
2785, 53.82, 57.177
2786, 53.89, 57.193
2787, 53.95, 57.21
2788, 54.03, 57.243
2789, 54.06, 57.26
2790, 54.11, 57.277
2791, 54.16, 57.293
2792, 54.22, 57.31
2793, 54.3, 57.327
2794, 54.39, 57.343
2795, 54.45, 57.36
2796, 54.51, 57.377
2797, 54.57, 57.393
2798, 54.69, 57.427
2799, 54.74, 57.443
2800, 54.79, 57.46
2801, 54.85, 57.477
2802, 54.94, 57.493
2803, 55.02, 57.51
2804, 55.1, 57.527
2805, 55.17, 57.543
2806, 55.24, 57.56
2807, 55.3, 57.577
2808, 55.42, 57.61
2809, 55.49, 57.627
2810, 55.56, 57.643
2811, 55.62, 57.66
2812, 55.68, 57.677
2813, 55.71, 57.693
2814, 55.66, 57.71
2815, 55.64, 57.727
2816, 55.62, 57.743
2817, 55.67, 57.76
2818, 55.73, 57.777
2819, 55.8, 57.793
2820, 55.94, 57.827
2821, 56, 57.843
2822, 56.07, 57.86
2823, 56.13, 57.877
2824, 56.19, 57.893
2825, 56.26, 57.91
2826, 56.33, 57.927
2827, 56.41, 57.943
2828, 56.48, 57.96
2829, 56.55, 57.977
2830, 56.62, 57.993
2831, 56.69, 58.01
2832, 56.76, 58.027
2833, 56.82, 58.043
2834, 56.89, 58.06
2835, 57.03, 58.093
2836, 57.1, 58.11
2837, 57.17, 58.127
2838, 57.24, 58.143
2839, 57.3, 58.16
2840, 57.37, 58.177
2841, 57.44, 58.193
2842, 57.51, 58.21
2843, 57.58, 58.227
2844, 57.65, 58.243
2845, 57.71, 58.26
2846, 57.78, 58.277
2847, 57.84, 58.293
2848, 57.91, 58.31
2849, 57.98, 58.327
2850, 58.05, 58.343
2851, 58.11, 58.36
2852, 58.18, 58.377
2853, 58.24, 58.393
2854, 58.31, 58.41
2855, 58.36, 58.427
2856, 58.41, 58.443
2857, 58.45, 58.46
2858, 58.46, 58.493
2859, 58.44, 58.51
2860, 58.4, 58.527
2861, 58.35, 58.543
2862, 58.27, 58.56
2863, 58.19, 58.577
2864, 58.1, 58.593
2865, 58.01, 58.61
2866, 57.9, 58.627
2867, 57.8, 58.643
2868, 57.68, 58.66
2869, 57.56, 58.677
2870, 57.42, 58.693
2871, 57.29, 58.71
2872, 57.14, 58.727
2873, 56.98, 58.743
2874, 56.81, 58.76
2875, 56.64, 58.777
2876, 56.44, 58.793
2877, 56.24, 58.81
2878, 56.03, 58.827
2879, 55.81, 58.843
2880, 55.34, 58.877
2881, 55.11, 58.893
2882, 54.86, 58.91
2883, 54.62, 58.927
2884, 54.37, 58.943
2885, 54.13, 58.96
2886, 53.88, 58.977
2887, 53.64, 58.993
2888, 53.4, 59.01
2889, 52.96, 59.043
2890, 52.76, 59.06
2891, 52.59, 59.077
2892, 52.41, 59.093
2893, 52.24, 59.11
2894, 52.1, 59.127
2895, 51.96, 59.143
2896, 51.71, 59.177
2897, 51.6, 59.193
2898, 51.5, 59.21
2899, 51.39, 59.227
2900, 51.3, 59.243
2901, 51.2, 59.26
2902, 51.02, 59.293
2903, 50.93, 59.31
2904, 50.84, 59.327
2905, 50.75, 59.343
2906, 50.67, 59.36
2907, 50.5, 59.393
2908, 50.42, 59.41
2909, 50.35, 59.427
2910, 50.26, 59.443
2911, 50.17, 59.46
2912, 50, 59.493
2913, 49.91, 59.51
2914, 49.82, 59.527
2915, 49.73, 59.543
2916, 49.65, 59.56
2917, 49.45, 59.593
2918, 49.36, 59.61
2919, 49.27, 59.627
2920, 49.17, 59.643
2921, 49, 59.677
2922, 48.92, 59.693
2923, 48.83, 59.71
2924, 48.75, 59.727
2925, 48.6, 59.76
2926, 48.52, 59.777
2927, 48.45, 59.793
2928, 48.37, 59.81
2929, 48.22, 59.843
2930, 48.15, 59.86
2931, 48.07, 59.877
2932, 48, 59.893
2933, 47.85, 59.927
2934, 47.78, 59.943
2935, 47.7, 59.96
2936, 47.53, 59.993
2937, 47.44, 60.01
2938, 47.36, 60.027
2939, 47.28, 60.043
2940, 47.13, 60.077
2941, 47.06, 60.093
2942, 47, 60.11
2943, 46.86, 60.143
2944, 46.78, 60.16
2945, 46.71, 60.177
2946, 46.63, 60.193
2947, 46.46, 60.227
2948, 46.38, 60.243
2949, 46.3, 60.26
2950, 46.15, 60.293
2951, 46.07, 60.31
2952, 46, 60.327
2953, 45.83, 60.36
2954, 45.76, 60.377
2955, 45.68, 60.393
2956, 45.52, 60.427
2957, 45.45, 60.443
2958, 45.3, 60.477
2959, 45.22, 60.493
2960, 45.15, 60.51
2961, 45.01, 60.543
2962, 44.94, 60.56
2963, 44.88, 60.577
2964, 44.77, 60.61
2965, 44.73, 60.627
2966, 44.7, 60.643
2967, 44.69, 60.677
2968, 44.69, 60.693
2969, 44.72, 60.727
2970, 44.75, 60.743
2971, 44.78, 60.76
2972, 44.87, 60.793
2973, 44.91, 60.81
2974, 44.97, 60.827
2975, 45.09, 60.86
2976, 45.16, 60.877
2977, 45.22, 60.893
2978, 45.33, 60.927
2979, 45.4, 60.943
2980, 45.48, 60.96
2981, 45.62, 60.993
2982, 45.68, 61.01
2983, 45.75, 61.027
2984, 45.89, 61.06
2985, 45.96, 61.077
2986, 46.03, 61.093
2987, 46.18, 61.127
2988, 46.25, 61.143
2989, 46.33, 61.16
2990, 46.48, 61.193
2991, 46.55, 61.21
2992, 46.63, 61.227
2993, 46.78, 61.26
2994, 46.85, 61.277
2995, 46.93, 61.293
2996, 47.08, 61.327
2997, 47.16, 61.343
2998, 47.23, 61.36
2999, 47.39, 61.393
3000, 47.47, 61.41
3001, 47.56, 61.427
3002, 47.64, 61.443
3003, 47.8, 61.477
3004, 47.88, 61.493
3005, 47.96, 61.51
3006, 48.04, 61.527
3007, 48.22, 61.56
3008, 48.3, 61.577
3009, 48.39, 61.593
3010, 48.55, 61.627
3011, 48.63, 61.643
3012, 48.7, 61.66
3013, 48.78, 61.677
3014, 48.94, 61.71
3015, 49.03, 61.727
3016, 49.11, 61.743
3017, 49.19, 61.76
3018, 49.27, 61.777
3019, 49.44, 61.81
3020, 49.52, 61.827
3021, 49.59, 61.843
3022, 49.66, 61.86
3023, 49.81, 61.893
3024, 49.89, 61.91
3025, 49.97, 61.927
3026, 50.04, 61.943
3027, 50.12, 61.96
3028, 50.29, 61.993
3029, 50.38, 62.01
3030, 50.45, 62.027
3031, 50.53, 62.043
3032, 50.61, 62.06
3033, 50.75, 62.093
3034, 50.81, 62.11
3035, 50.9, 62.127
3036, 50.98, 62.143
3037, 51.07, 62.16
3038, 51.24, 62.193
3039, 51.33, 62.21
3040, 51.4, 62.227
3041, 51.49, 62.243
3042, 51.57, 62.26
3043, 51.73, 62.293
3044, 51.82, 62.31
3045, 51.91, 62.327
3046, 51.99, 62.343
3047, 52.08, 62.36
3048, 52.15, 62.377
3049, 52.24, 62.393
3050, 52.4, 62.427
3051, 52.48, 62.443
3052, 52.56, 62.46
3053, 52.65, 62.477
3054, 52.73, 62.493
3055, 52.81, 62.51
3056, 52.97, 62.543
3057, 53.05, 62.56
3058, 53.13, 62.577
3059, 53.21, 62.593
3060, 53.28, 62.61
3061, 53.36, 62.627
3062, 53.43, 62.643
3063, 53.51, 62.66
3064, 53.67, 62.693
3065, 53.74, 62.71
3066, 53.82, 62.727
3067, 53.9, 62.743
3068, 53.97, 62.76
3069, 54.04, 62.777
3070, 54.11, 62.793
3071, 54.18, 62.81
3072, 54.33, 62.843
3073, 54.41, 62.86
3074, 54.48, 62.877
3075, 54.55, 62.893
3076, 54.62, 62.91
3077, 54.7, 62.927
3078, 54.78, 62.943
3079, 54.86, 62.96
3080, 54.93, 62.977
3081, 54.99, 62.993
3082, 55.13, 63.027
3083, 55.2, 63.043
3084, 55.27, 63.06
3085, 55.34, 63.077
3086, 55.41, 63.093
3087, 55.48, 63.11
3088, 55.55, 63.127
3089, 55.63, 63.143
3090, 55.7, 63.16
3091, 55.77, 63.177
3092, 55.83, 63.193
3093, 55.89, 63.21
3094, 56.02, 63.243
3095, 56.09, 63.26
3096, 56.16, 63.277
3097, 56.19, 63.293
3098, 56.15, 63.31
3099, 56.13, 63.327
3100, 56.12, 63.343
3101, 56.17, 63.36
3102, 56.23, 63.377
3103, 56.3, 63.393
3104, 56.36, 63.41
3105, 56.43, 63.427
3106, 56.5, 63.443
3107, 56.57, 63.46
3108, 56.69, 63.493
3109, 56.76, 63.51
3110, 56.82, 63.527
3111, 56.89, 63.543
3112, 56.96, 63.56
3113, 57.02, 63.577
3114, 57.09, 63.593
3115, 57.15, 63.61
3116, 57.22, 63.627
3117, 57.28, 63.643
3118, 57.35, 63.66
3119, 57.41, 63.677
3120, 57.48, 63.693
3121, 57.54, 63.71
3122, 57.6, 63.727
3123, 57.66, 63.743
3124, 57.73, 63.76
3125, 57.79, 63.777
3126, 57.85, 63.793
3127, 57.91, 63.81
3128, 57.98, 63.827
3129, 58.1, 63.86
3130, 58.16, 63.877
3131, 58.22, 63.893
3132, 58.28, 63.91
3133, 58.34, 63.927
3134, 58.4, 63.943
3135, 58.46, 63.96
3136, 58.52, 63.977
3137, 58.58, 63.993
3138, 58.63, 64.01
3139, 58.69, 64.027
3140, 58.74, 64.043
3141, 58.8, 64.06
3142, 58.84, 64.077
3143, 58.86, 64.093
3144, 58.85, 64.11
3145, 58.82, 64.127
3146, 58.77, 64.143
3147, 58.69, 64.16
3148, 58.6, 64.177
3149, 58.49, 64.193
3150, 58.38, 64.21
3151, 58.26, 64.227
3152, 58.13, 64.243
3153, 57.98, 64.26
3154, 57.82, 64.277
3155, 57.64, 64.293
3156, 57.45, 64.31
3157, 57.25, 64.327
3158, 57.02, 64.343
3159, 56.77, 64.36
3160, 56.5, 64.377
3161, 55.87, 64.41
3162, 55.53, 64.427
3163, 55.17, 64.443
3164, 54.81, 64.46
3165, 54.43, 64.477
3166, 54.05, 64.493
3167, 53.67, 64.51
3168, 53.29, 64.527
3169, 52.92, 64.543
3170, 52.56, 64.56
3171, 51.79, 64.593
3172, 51.39, 64.61
3173, 51, 64.627
3174, 50.6, 64.643
3175, 50.22, 64.66
3176, 49.45, 64.693
3177, 49.09, 64.71
3178, 48.73, 64.727
3179, 48.37, 64.743
3180, 48.02, 64.76
3181, 47.28, 64.793
3182, 46.9, 64.81
3183, 46.53, 64.827
3184, 45.82, 64.86
3185, 45.45, 64.877
3186, 45.1, 64.893
3187, 44.73, 64.91
3188, 43.99, 64.943
3189, 43.64, 64.96
3190, 42.93, 64.993
3191, 42.58, 65.01
3192, 42.25, 65.027
3193, 41.61, 65.06
3194, 41.3, 65.077
3195, 40.66, 65.11
3196, 40.34, 65.127
3197, 39.67, 65.16
3198, 39.34, 65.177
3199, 38.76, 65.21
3200, 38.46, 65.227
3201, 37.88, 65.26
3202, 37.6, 65.277
3203, 37.06, 65.31
3204, 36.54, 65.343
3205, 36.3, 65.36
3206, 35.78, 65.393
3207, 35.31, 65.427
3208, 35.1, 65.443
3209, 34.62, 65.477
3210, 34.18, 65.51
3211, 33.75, 65.543
3212, 33.53, 65.56
3213, 33.11, 65.593
3214, 32.71, 65.627
3215, 32.33, 65.66
3216, 31.99, 65.693
3217, 31.68, 65.727
3218, 31.41, 65.76
3219, 31.29, 65.777
3220, 31.03, 65.81
3221, 30.77, 65.843
3222, 30.52, 65.877
3223, 30.28, 65.91
3224, 30.02, 65.943
3225, 29.76, 65.977
3226, 29.5, 66.01
3227, 29.24, 66.043
3228, 29.01, 66.077
3229, 28.78, 66.11
3230, 28.52, 66.143
3231, 28.28, 66.177
3232, 28.06, 66.21
3233, 27.87, 66.243
3234, 27.67, 66.277
3235, 27.48, 66.31
3236, 27.3, 66.343
3237, 27.12, 66.377
3238, 26.94, 66.41
3239, 26.75, 66.443
3240, 26.56, 66.477
3241, 26.38, 66.51
3242, 26.21, 66.543
3243, 26.04, 66.577
3244, 25.85, 66.61
3245, 25.67, 66.643
3246, 25.49, 66.677
3247, 25.32, 66.71
3248, 25.08, 66.76
3249, 24.92, 66.793
3250, 24.77, 66.827
3251, 24.53, 66.877
3252, 24.37, 66.91
3253, 24.11, 66.96
3254, 23.92, 66.993
3255, 23.63, 67.043
3256, 23.34, 67.093
3257, 23.18, 67.127
3258, 22.94, 67.177
3259, 22.67, 67.227
3260, 22.52, 67.26
3261, 22.31, 67.31
3262, 22.06, 67.36
3263, 21.83, 67.41
3264, 21.63, 67.46
3265, 21.42, 67.51
3266, 21.25, 67.56
3267, 21.16, 67.61
3268, 21.14, 67.66
3269, 21.14, 67.71
3270, 21.18, 67.76
3271, 21.27, 67.81
3272, 21.4, 67.86
3273, 21.57, 67.91
3274, 21.78, 67.96
3275, 21.93, 67.993
3276, 22.14, 68.043
3277, 22.36, 68.093
3278, 22.61, 68.143
3279, 22.88, 68.193
3280, 23.08, 68.227
3281, 23.41, 68.277
3282, 23.77, 68.327
3283, 24.04, 68.36
3284, 24.53, 68.41
3285, 24.84, 68.443
3286, 25.29, 68.493
3287, 25.53, 68.527
3288, 25.96, 68.577
3289, 26.21, 68.61
3290, 26.46, 68.643
3291, 26.59, 68.693
3292, 26.79, 68.727
3293, 27.09, 68.76
3294, 27.41, 68.793
3295, 27.91, 68.843
3296, 28.27, 68.877
3297, 28.65, 68.91
3298, 29, 68.943
3299, 29.34, 68.977
3300, 29.68, 69.01
3301, 30.04, 69.043
3302, 30.39, 69.077
3303, 30.73, 69.11
3304, 31.06, 69.143
3305, 31.39, 69.177
3306, 31.74, 69.21
3307, 32.1, 69.243
3308, 32.44, 69.277
3309, 32.78, 69.31
3310, 32.94, 69.327
3311, 33.25, 69.36
3312, 33.56, 69.393
3313, 33.9, 69.427
3314, 34.22, 69.46
3315, 34.39, 69.477
3316, 34.7, 69.51
3317, 35.01, 69.543
3318, 35.17, 69.56
3319, 35.49, 69.593
3320, 35.8, 69.627
3321, 36.1, 69.66
3322, 36.24, 69.677
3323, 36.52, 69.71
3324, 36.77, 69.743
3325, 36.91, 69.76
3326, 37.21, 69.793
3327, 37.35, 69.81
3328, 37.42, 69.843
3329, 37.53, 69.877
3330, 37.63, 69.893
3331, 37.87, 69.927
3332, 37.99, 69.943
3333, 38.22, 69.977
3334, 38.47, 70.01
3335, 38.6, 70.027
3336, 38.87, 70.06
3337, 39, 70.077
3338, 39.25, 70.11
3339, 39.38, 70.127
3340, 39.66, 70.16
3341, 39.79, 70.177
3342, 40.05, 70.21
3343, 40.17, 70.227
3344, 40.41, 70.26
3345, 40.54, 70.277
3346, 40.8, 70.31
3347, 40.93, 70.327
3348, 41.18, 70.36
3349, 41.3, 70.377
3350, 41.54, 70.41
3351, 41.67, 70.427
3352, 41.8, 70.443
3353, 42.05, 70.477
3354, 42.17, 70.493
3355, 42.42, 70.527
3356, 42.54, 70.543
3357, 42.79, 70.577
3358, 42.91, 70.593
3359, 43.03, 70.61
3360, 43.26, 70.643
3361, 43.38, 70.66
3362, 43.62, 70.693
3363, 43.74, 70.71
3364, 43.85, 70.727
3365, 44.08, 70.76
3366, 44.19, 70.777
3367, 44.31, 70.793
3368, 44.55, 70.827
3369, 44.67, 70.843
3370, 44.78, 70.86
3371, 45.01, 70.893
3372, 45.12, 70.91
3373, 45.23, 70.927
3374, 45.45, 70.96
3375, 45.56, 70.977
3376, 45.67, 70.993
3377, 45.88, 71.027
3378, 45.98, 71.043
3379, 46.08, 71.06
3380, 46.29, 71.093
3381, 46.4, 71.11
3382, 46.5, 71.127
3383, 46.6, 71.143
3384, 46.8, 71.177
3385, 46.9, 71.193
3386, 47, 71.21
3387, 47.19, 71.243
3388, 47.28, 71.26
3389, 47.36, 71.277
3390, 47.45, 71.293
3391, 47.62, 71.327
3392, 47.69, 71.343
3393, 47.76, 71.36
3394, 47.82, 71.377
3395, 47.9, 71.41
3396, 47.86, 71.427
3397, 47.9, 71.443
3398, 47.91, 71.46
3399, 48.07, 71.493
3400, 48.15, 71.51
3401, 48.24, 71.527
3402, 48.33, 71.543
3403, 48.52, 71.577
3404, 48.62, 71.593
3405, 48.71, 71.61
3406, 48.8, 71.627
3407, 48.98, 71.66
3408, 49.07, 71.677
3409, 49.16, 71.693
3410, 49.24, 71.71
3411, 49.42, 71.743
3412, 49.52, 71.76
3413, 49.62, 71.777
3414, 49.71, 71.793
3415, 49.8, 71.81
3416, 49.97, 71.843
3417, 50.06, 71.86
3418, 50.15, 71.877
3419, 50.24, 71.893
3420, 50.33, 71.91
3421, 50.51, 71.943
3422, 50.6, 71.96
3423, 50.68, 71.977
3424, 50.77, 71.993
3425, 50.86, 72.01
3426, 50.94, 72.027
3427, 51.11, 72.06
3428, 51.2, 72.077
3429, 51.29, 72.093
3430, 51.38, 72.11
3431, 51.46, 72.127
3432, 51.55, 72.143
3433, 51.72, 72.177
3434, 51.81, 72.193
3435, 51.89, 72.21
3436, 51.97, 72.227
3437, 52.05, 72.243
3438, 52.13, 72.26
3439, 52.31, 72.293
3440, 52.39, 72.31
3441, 52.48, 72.327
3442, 52.56, 72.343
3443, 52.64, 72.36
3444, 52.72, 72.377
3445, 52.8, 72.393
3446, 52.96, 72.427
3447, 53.04, 72.443
3448, 53.12, 72.46
3449, 53.2, 72.477
3450, 53.28, 72.493
3451, 53.36, 72.51
3452, 53.43, 72.527
3453, 53.51, 72.543
3454, 53.67, 72.577
3455, 53.74, 72.593
3456, 53.82, 72.61
3457, 53.9, 72.627
3458, 53.97, 72.643
3459, 54.05, 72.66
3460, 54.12, 72.677
3461, 54.2, 72.693
3462, 54.28, 72.71
3463, 54.42, 72.743
3464, 54.49, 72.76
3465, 54.56, 72.777
3466, 54.64, 72.793
3467, 54.71, 72.81
3468, 54.78, 72.827
3469, 54.85, 72.843
3470, 54.92, 72.86
3471, 54.99, 72.877
3472, 55.07, 72.893
3473, 55.2, 72.927
3474, 55.27, 72.943
3475, 55.34, 72.96
3476, 55.4, 72.977
3477, 55.47, 72.993
3478, 55.54, 73.01
3479, 55.6, 73.027
3480, 55.67, 73.043
3481, 55.74, 73.06
3482, 55.8, 73.077
3483, 55.87, 73.093
3484, 55.93, 73.11
3485, 56.06, 73.143
3486, 56.12, 73.16
3487, 56.18, 73.177
3488, 56.24, 73.193
3489, 56.3, 73.21
3490, 56.37, 73.227
3491, 56.43, 73.243
3492, 56.49, 73.26
3493, 56.55, 73.277
3494, 56.61, 73.293
3495, 56.66, 73.31
3496, 56.72, 73.327
3497, 56.78, 73.343
3498, 56.83, 73.36
3499, 56.86, 73.377
3500, 56.81, 73.393
3501, 56.77, 73.427
3502, 56.81, 73.443
3503, 56.87, 73.46
3504, 56.93, 73.477
3505, 56.99, 73.493
3506, 57.05, 73.51
3507, 57.12, 73.527
3508, 57.18, 73.543
3509, 57.24, 73.56
3510, 57.3, 73.577
3511, 57.37, 73.593
3512, 57.43, 73.61
3513, 57.5, 73.627
3514, 57.56, 73.643
3515, 57.61, 73.66
3516, 57.67, 73.677
3517, 57.74, 73.693
3518, 57.8, 73.71
3519, 57.86, 73.727
3520, 57.92, 73.743
3521, 57.98, 73.76
3522, 58.03, 73.777
3523, 58.15, 73.81
3524, 58.21, 73.827
3525, 58.27, 73.843
3526, 58.32, 73.86
3527, 58.38, 73.877
3528, 58.43, 73.893
3529, 58.49, 73.91
3530, 58.54, 73.927
3531, 58.59, 73.943
3532, 58.65, 73.96
3533, 58.71, 73.977
3534, 58.76, 73.993
3535, 58.82, 74.01
3536, 58.87, 74.027
3537, 58.92, 74.043
3538, 58.97, 74.06
3539, 59.02, 74.077
3540, 59.07, 74.093
3541, 59.13, 74.11
3542, 59.18, 74.127
3543, 59.23, 74.143
3544, 59.29, 74.16
3545, 59.34, 74.177
3546, 59.39, 74.193
3547, 59.43, 74.21
3548, 59.48, 74.227
3549, 59.53, 74.243
3550, 59.58, 74.26
3551, 59.63, 74.277
3552, 59.68, 74.293
3553, 59.73, 74.31
3554, 59.78, 74.327
3555, 59.83, 74.343
3556, 59.87, 74.36
3557, 59.92, 74.377
3558, 59.96, 74.393
3559, 60, 74.41
3560, 60.05, 74.427
3561, 60.09, 74.443
3562, 60.14, 74.46
3563, 60.19, 74.477
3564, 60.23, 74.493
3565, 60.23, 74.493
