0, 55.43, 80.555
1, 55.47, 80.572
2, 55.5, 80.588
3, 55.54, 80.605
4, 55.61, 80.638
5, 55.64, 80.655
6, 55.68, 80.672
7, 55.72, 80.688
8, 55.76, 80.705
9, 55.79, 80.722
10, 55.83, 80.738
11, 55.86, 80.755
12, 55.89, 80.772
13, 55.92, 80.788
14, 55.96, 80.805
15, 55.99, 80.822
16, 56.02, 80.838
17, 56.05, 80.855
18, 56.12, 80.888
19, 56.15, 80.905
20, 56.18, 80.922
21, 56.21, 80.938
22, 56.25, 80.955
23, 56.28, 80.972
24, 56.32, 80.988
25, 56.36, 81.005
26, 56.39, 81.022
27, 56.42, 81.038
28, 56.45, 81.055
29, 56.49, 81.072
30, 56.52, 81.088
31, 56.56, 81.105
32, 56.59, 81.122
33, 56.65, 81.155
34, 56.68, 81.172
35, 56.72, 81.188
36, 56.75, 81.205
37, 56.78, 81.222
38, 56.81, 81.238
39, 56.84, 81.255
40, 56.88, 81.272
41, 56.91, 81.288
42, 56.94, 81.305
43, 56.97, 81.322
44, 57, 81.338
45, 57.03, 81.355
46, 57.06, 81.372
47, 57.09, 81.388
48, 57.12, 81.405
49, 57.16, 81.422
50, 57.19, 81.438
51, 57.24, 81.472
52, 57.27, 81.488
53, 57.3, 81.505
54, 57.33, 81.522
55, 57.36, 81.538
56, 57.39, 81.555
57, 57.42, 81.572
58, 57.44, 81.588
59, 57.47, 81.605
60, 57.49, 81.622
61, 57.52, 81.638
62, 57.55, 81.655
63, 57.57, 81.672
64, 57.6, 81.688
65, 57.62, 81.705
66, 57.65, 81.722
67, 57.68, 81.738
68, 57.71, 1.222
69, 57.73, 1.238
70, 57.76, 1.255
71, 57.78, 1.272
72, 57.8, 1.288
73, 57.85, 1.322
74, 57.89, 1.338
75, 57.93, 1.355
76, 57.96, 1.372
77, 57.99, 1.388
78, 58.01, 1.405
79, 58.04, 1.422
80, 58.06, 1.438
81, 58.09, 1.455
82, 58.11, 1.472
83, 58.14, 1.488
84, 58.17, 1.505
85, 58.19, 1.522
86, 58.22, 1.538
87, 58.25, 1.555
88, 58.27, 1.572
89, 58.3, 1.588
90, 58.32, 1.605
91, 58.35, 1.622
92, 58.37, 1.638
93, 58.4, 1.655
94, 58.42, 1.672
95, 58.45, 1.688
96, 58.48, 1.705
97, 58.5, 1.722
98, 58.52, 1.738
99, 58.54, 1.755
100, 58.56, 1.772
101, 58.59, 1.788
102, 58.6, 1.805
103, 58.63, 1.822
104, 58.68, 1.855
105, 58.71, 1.872
106, 58.74, 1.888
107, 58.77, 1.905
108, 58.75, 1.922
109, 58.68, 1.938
110, 58.79, 1.955
111, 58.82, 1.972
112, 58.8, 1.988
113, 58.83, 2.005
114, 58.87, 2.022
115, 58.89, 2.038
116, 58.9, 2.055
117, 58.93, 2.072
118, 58.96, 2.088
119, 58.98, 2.105
120, 59.01, 2.122
121, 59.03, 2.138
122, 59.06, 2.155
123, 59.08, 2.172
124, 59.1, 2.188
125, 59.13, 2.205
126, 59.15, 2.222
127, 59.17, 2.238
128, 59.19, 2.255
129, 59.22, 2.272
130, 59.24, 2.288
131, 59.27, 2.305
132, 59.3, 2.322
133, 59.32, 2.338
134, 59.35, 2.355
135, 59.37, 2.372
136, 59.4, 2.388
137, 59.42, 2.405
138, 59.45, 2.422
139, 59.48, 2.438
140, 59.5, 2.455
141, 59.53, 2.472
142, 59.56, 2.488
143, 59.58, 2.505
144, 59.61, 2.522
145, 59.63, 2.538
146, 59.66, 2.555
147, 59.69, 2.572
148, 59.72, 2.588
149, 59.74, 2.605
150, 59.76, 2.622
151, 59.79, 2.638
152, 59.82, 2.655
153, 59.84, 2.672
154, 59.87, 2.688
155, 59.9, 2.705
156, 59.93, 2.722
157, 59.96, 2.738
158, 59.99, 2.755
159, 60.02, 2.772
160, 60.04, 2.788
161, 60.07, 2.805
162, 60.1, 2.822
163, 60.13, 2.838
164, 60.16, 2.855
165, 60.18, 2.872
166, 60.21, 2.888
167, 60.24, 2.905
168, 60.27, 2.922
169, 60.3, 2.938
170, 60.34, 2.955
171, 60.38, 2.972
172, 60.41, 2.988
173, 60.44, 3.005
174, 60.47, 3.022
175, 60.49, 3.038
176, 60.52, 3.055
177, 60.55, 3.072
178, 60.58, 3.088
179, 60.61, 3.105
180, 60.64, 3.122
181, 60.68, 3.138
182, 60.72, 3.155
183, 60.75, 3.172
184, 60.79, 3.188
185, 60.82, 3.205
186, 60.85, 3.222
187, 60.88, 3.238
188, 60.9, 3.255
189, 60.93, 3.272
190, 60.96, 3.288
191, 60.99, 3.305
192, 61.02, 3.322
193, 61.05, 3.338
194, 61.08, 3.355
195, 61.12, 3.372
196, 61.15, 3.388
197, 61.18, 3.405
198, 61.2, 3.422
199, 61.24, 3.438
200, 61.26, 3.455
201, 61.29, 3.472
202, 61.32, 3.488
203, 61.35, 3.505
204, 61.38, 3.522
205, 61.41, 3.538
206, 61.44, 3.555
207, 61.47, 3.572
208, 61.5, 3.588
209, 61.54, 3.605
210, 61.54, 3.605
211, 61.57, 3.622
212, 61.6, 3.638
213, 61.63, 3.655
214, 61.66, 3.672
215, 61.69, 3.688
216, 61.72, 3.705
217, 61.75, 3.722
218, 61.78, 3.738
219, 61.82, 3.755
220, 61.86, 3.772
221, 61.89, 3.788
222, 61.91, 3.805
223, 61.94, 3.822
224, 61.97, 3.838
225, 62, 3.855
226, 62.03, 3.872
227, 62.06, 3.888
228, 62.1, 3.905
229, 62.13, 3.922
230, 62.16, 3.938
231, 62.19, 3.955
232, 62.21, 3.972
233, 62.24, 3.988
234, 62.27, 4.005
235, 62.29, 4.022
236, 62.32, 4.038
237, 62.36, 4.055
238, 62.39, 4.072
239, 62.42, 4.088
240, 62.45, 4.105
241, 62.46, 4.122
242, 62.46, 4.122
243, 62.48, 4.138
244, 62.51, 4.155
245, 62.53, 4.172
246, 62.56, 4.188
247, 62.6, 4.205
248, 62.63, 4.222
249, 62.66, 4.238
250, 62.68, 4.255
251, 62.71, 4.272
252, 62.73, 4.288
253, 62.76, 4.305
254, 62.78, 4.322
255, 62.81, 4.338
256, 62.84, 4.355
257, 62.87, 4.372
258, 62.91, 4.388
259, 62.93, 4.405
260, 62.96, 4.422
261, 62.98, 4.438
262, 63, 4.455
263, 63.02, 4.472
264, 63.05, 4.488
265, 63.05, 4.488
266, 63.08, 4.505
267, 63.11, 4.522
268, 63.14, 4.538
269, 63.16, 4.555
270, 63.19, 4.572
271, 63.22, 4.588
272, 63.25, 4.605
273, 63.27, 4.622
274, 63.3, 4.638
275, 63.33, 4.655
276, 63.35, 4.672
277, 63.38, 4.688
278, 63.4, 4.705
279, 63.43, 4.722
280, 63.45, 4.738
281, 63.48, 4.755
282, 63.52, 4.772
283, 63.55, 4.788
284, 63.58, 4.805
285, 63.58, 4.805
286, 63.61, 4.822
287, 63.64, 4.838
288, 63.67, 4.855
289, 63.69, 4.872
290, 63.72, 4.888
291, 63.75, 4.905
292, 63.78, 4.922
293, 63.8, 4.938
294, 63.83, 4.955
295, 63.85, 4.972
296, 63.88, 4.988
297, 63.9, 5.005
298, 63.93, 5.022
299, 63.96, 5.038
300, 63.99, 5.055
301, 64.01, 5.072
302, 64.04, 5.088
303, 64.04, 5.088
304, 64.06, 5.105
305, 64.09, 5.122
306, 64.11, 5.138
307, 64.14, 5.155
308, 64.17, 5.172
309, 64.19, 5.188
310, 64.21, 5.205
311, 64.23, 5.222
312, 64.25, 5.238
313, 64.28, 5.255
314, 64.29, 5.272
315, 64.3, 5.288
316, 64.31, 5.305
317, 64.33, 5.322
318, 64.33, 5.322
319, 64.33, 5.338
320, 64.33, 5.355
321, 64.33, 5.372
322, 64.31, 5.388
323, 64.3, 5.405
324, 64.28, 5.422
325, 64.27, 5.438
326, 64.24, 5.455
327, 64.21, 5.472
328, 64.17, 5.488
329, 64.12, 5.505
330, 64.06, 5.522
331, 64, 5.538
332, 63.94, 5.555
333, 63.85, 5.572
334, 63.85, 5.572
335, 63.75, 5.588
336, 63.64, 5.605
337, 63.5, 5.622
338, 63.33, 5.638
339, 63.15, 5.655
340, 62.94, 5.672
341, 62.7, 5.688
342, 62.45, 5.705
343, 62.19, 5.722
344, 61.94, 5.738
345, 61.64, 5.755
346, 61.33, 5.772
347, 61.03, 5.788
348, 60.74, 5.805
349, 60.4, 5.822
350, 60.08, 5.838
351, 59.78, 5.855
352, 59.5, 5.872
353, 59.21, 5.888
354, 58.88, 5.905
355, 58.54, 5.922
356, 58.21, 5.938
357, 57.89, 5.955
358, 57.57, 5.972
359, 57.24, 5.988
360, 56.93, 6.005
361, 56.61, 6.022
362, 56.27, 6.038
363, 55.94, 6.055
364, 55.62, 6.072
365, 54.96, 6.105
366, 54.64, 6.122
367, 54.31, 6.138
368, 53.99, 6.155
369, 53.66, 6.172
370, 53.34, 6.188
371, 53.02, 6.205
372, 52.68, 6.222
373, 52.32, 6.238
374, 51.69, 6.272
375, 51.37, 6.288
376, 51.02, 6.305
377, 50.7, 6.322
378, 50.37, 6.338
379, 49.72, 6.372
380, 49.39, 6.388
381, 49.05, 6.405
382, 48.71, 6.422
383, 48.38, 6.438
384, 47.75, 6.472
385, 47.44, 6.488
386, 47.11, 6.505
387, 46.79, 6.522
388, 46.15, 6.555
389, 45.82, 6.572
390, 45.51, 6.588
391, 44.9, 6.622
392, 44.59, 6.638
393, 44.29, 6.655
394, 43.65, 6.688
395, 43.33, 6.705
396, 42.73, 6.738
397, 42.4, 6.755
398, 42.05, 6.772
399, 41.36, 6.805
400, 41.05, 6.822
401, 40.45, 6.855
402, 40.17, 6.872
403, 39.57, 6.905
404, 39.27, 6.922
405, 38.67, 6.955
406, 38.37, 6.972
407, 37.81, 7.005
408, 37.52, 7.022
409, 36.96, 7.055
410, 36.47, 7.088
411, 36.25, 7.105
412, 35.79, 7.138
413, 35.35, 7.172
414, 35.1, 7.188
415, 34.64, 7.222
416, 34.21, 7.255
417, 33.96, 7.272
418, 33.47, 7.305
419, 33.07, 7.338
420, 32.86, 7.355
421, 32.46, 7.388
422, 32.12, 7.422
423, 31.77, 7.455
424, 31.42, 7.488
425, 31.1, 7.522
426, 30.96, 7.538
427, 30.67, 7.572
428, 30.4, 7.605
429, 30.15, 7.638
430, 29.92, 7.672
431, 29.72, 7.705
432, 29.52, 7.738
433, 29.35, 7.772
434, 29.19, 7.805
435, 29.02, 7.838
436, 28.88, 7.872
437, 28.74, 7.905
438, 28.61, 7.938
439, 28.5, 7.972
440, 28.39, 8.005
441, 28.28, 8.038
442, 28.17, 8.072
443, 28.06, 8.105
444, 27.94, 8.138
445, 27.76, 8.188
446, 27.65, 8.222
447, 27.5, 8.255
448, 27.33, 8.288
449, 27.23, 8.322
450, 27.1, 8.355
451, 26.92, 8.388
452, 26.74, 8.438
453, 26.64, 8.472
454, 26.53, 8.505
455, 26.44, 8.538
456, 26.31, 8.588
457, 26.23, 8.622
458, 26.16, 8.655
459, 26.11, 8.688
460, 26.01, 8.738
461, 25.94, 8.772
462, 25.87, 8.805
463, 25.82, 8.838
464, 25.72, 8.888
465, 25.63, 8.922
466, 25.56, 8.955
467, 25.48, 9.005
468, 25.4, 9.038
469, 25.3, 9.072
470, 25.17, 9.122
471, 25.1, 9.155
472, 25.01, 9.188
473, 24.92, 9.238
474, 24.85, 9.272
475, 24.71, 9.322
476, 24.62, 9.355
477, 24.56, 9.388
478, 24.46, 9.438
479, 24.38, 9.472
480, 24.28, 9.522
481, 24.22, 9.555
482, 24.15, 9.588
483, 24.05, 9.638
484, 23.99, 9.672
485, 23.9, 9.722
486, 23.82, 9.755
487, 23.72, 9.805
488, 23.67, 9.838
489, 23.57, 9.888
490, 23.48, 9.922
491, 23.38, 9.972
492, 23.35, 10.005
493, 23.24, 10.055
494, 23.16, 10.105
495, 23.12, 10.138
496, 23.2, 10.188
497, 23.23, 10.222
498, 23.32, 10.272
499, 23.37, 10.305
500, 23.47, 10.355
501, 23.61, 10.405
502, 23.72, 10.438
503, 23.84, 10.488
504, 23.95, 10.522
505, 24.04, 10.555
506, 24.21, 10.605
507, 24.3, 10.638
508, 24.44, 10.688
509, 24.51, 10.722
510, 24.63, 10.772
511, 24.73, 10.805
512, 24.87, 10.855
513, 24.97, 10.888
514, 25.1, 10.922
515, 25.28, 10.972
516, 25.39, 11.005
517, 25.5, 11.038
518, 25.69, 11.088
519, 25.8, 11.122
520, 25.92, 11.155
521, 26.08, 11.188
522, 26.27, 11.238
523, 26.42, 11.272
524, 26.55, 11.305
525, 26.69, 11.338
526, 26.84, 11.372
527, 26.98, 11.405
528, 27.15, 11.438
529, 27.39, 11.488
530, 27.56, 11.522
531, 27.7, 11.555
532, 27.9, 11.588
533, 28.11, 11.622
534, 28.28, 11.655
535, 28.39, 11.688
536, 28.57, 11.722
537, 28.77, 11.755
538, 28.93, 11.788
539, 29.05, 11.822
540, 29.18, 11.855
541, 29.34, 11.888
542, 29.56, 11.922
543, 29.73, 11.955
544, 29.89, 11.988
545, 30.05, 12.022
546, 30.19, 12.055
547, 30.37, 12.088
548, 30.56, 12.122
549, 30.76, 12.155
550, 30.85, 12.172
551, 31.01, 12.205
552, 31.21, 12.238
553, 31.43, 12.272
554, 31.62, 12.305
555, 31.81, 12.338
556, 32, 12.372
557, 32.1, 12.388
558, 32.3, 12.422
559, 32.46, 12.455
560, 32.67, 12.488
561, 32.91, 12.522
562, 33.12, 12.555
563, 33.21, 12.572
564, 33.4, 12.605
565, 33.59, 12.638
566, 33.79, 12.672
567, 34, 12.705
568, 34.1, 12.722
569, 34.27, 12.755
570, 34.4, 12.788
571, 34.59, 12.822
572, 34.71, 12.838
573, 34.98, 12.872
574, 35.2, 12.905
575, 35.3, 12.922
576, 35.49, 12.955
577, 35.72, 12.988
578, 35.91, 13.022
579, 36.01, 13.038
580, 36.21, 13.072
581, 36.41, 13.105
582, 36.51, 13.122
583, 36.7, 13.155
584, 36.8, 13.172
585, 37.01, 13.205
586, 37.21, 13.238
587, 37.3, 13.255
588, 37.49, 13.288
589, 37.69, 13.322
590, 37.79, 13.338
591, 37.98, 13.372
592, 38.07, 13.388
593, 38.25, 13.422
594, 38.35, 13.438
595, 38.55, 13.472
596, 38.73, 13.505
597, 38.82, 13.522
598, 39.02, 13.555
599, 39.12, 13.572
600, 39.31, 13.605
601, 39.4, 13.622
602, 39.57, 13.655
603, 39.66, 13.672
604, 39.84, 13.705
605, 39.93, 13.722
606, 40.11, 13.755
607, 40.19, 13.772
608, 40.34, 13.805
609, 40.41, 13.822
610, 40.47, 13.855
611, 40.44, 13.872
612, 40.71, 13.905
613, 40.82, 13.922
614, 40.94, 13.955
615, 41.02, 13.972
616, 41.17, 14.005
617, 41.25, 14.022
618, 41.33, 14.038
619, 41.48, 14.072
620, 41.55, 14.088
621, 41.7, 14.122
622, 41.78, 14.138
623, 41.92, 14.172
624, 42, 14.188
625, 42.17, 14.222
626, 42.24, 14.238
627, 42.3, 14.255
628, 42.44, 14.288
629, 42.52, 14.305
630, 42.67, 14.338
631, 42.75, 14.355
632, 42.83, 14.372
633, 42.98, 14.405
634, 43.05, 14.422
635, 43.19, 14.455
636, 43.27, 14.472
637, 43.35, 14.488
638, 43.49, 14.522
639, 43.56, 14.538
640, 43.71, 14.572
641, 43.78, 14.588
642, 43.85, 14.605
643, 44, 14.638
644, 44.08, 14.655
645, 44.14, 14.672
646, 44.27, 14.705
647, 44.35, 14.722
648, 44.5, 14.755
649, 44.57, 14.772
650, 44.64, 14.788
651, 44.78, 14.822
652, 44.86, 14.838
653, 44.93, 14.855
654, 45.07, 14.888
655, 45.15, 14.905
656, 45.22, 14.922
657, 45.36, 14.955
658, 45.43, 14.972
659, 45.5, 14.988
660, 45.64, 15.022
661, 45.71, 15.038
662, 45.78, 15.055
663, 45.92, 15.088
664, 45.99, 15.105
665, 46.06, 15.122
666, 46.18, 15.155
667, 46.23, 15.172
668, 46.29, 15.188
669, 46.35, 15.205
670, 46.47, 15.238
671, 46.52, 15.255
672, 46.57, 15.272
673, 46.66, 15.305
674, 46.71, 15.322
675, 46.76, 15.338
676, 46.8, 15.355
677, 46.87, 15.388
678, 46.91, 15.405
679, 46.94, 15.422
680, 47, 15.455
681, 47.04, 15.472
682, 47.06, 15.488
683, 47.08, 15.505
684, 47.09, 15.538
685, 47.11, 15.555
686, 47.12, 15.572
687, 47.14, 15.605
688, 47.14, 15.622
689, 47.13, 15.638
690, 47.11, 15.655
691, 47.08, 15.688
692, 47.03, 15.705
693, 46.96, 15.722
694, 46.76, 15.755
695, 46.64, 15.772
696, 46.52, 15.788
697, 46.4, 15.805
698, 46.06, 15.838
699, 45.87, 15.855
700, 45.72, 15.872
701, 45.46, 15.905
702, 45.3, 15.922
703, 45.13, 15.938
704, 44.82, 15.972
705, 44.68, 15.988
706, 44.52, 16.005
707, 44.22, 16.038
708, 44.08, 16.055
709, 43.92, 16.072
710, 43.62, 16.105
711, 43.5, 16.122
712, 43.25, 16.155
713, 43.13, 16.172
714, 43.02, 16.188
715, 42.85, 16.222
716, 42.76, 16.238
717, 42.61, 16.272
718, 42.54, 16.288
719, 42.42, 16.322
720, 42.35, 16.338
721, 42.29, 16.355
722, 42.18, 16.388
723, 42.13, 16.405
724, 42.03, 16.438
725, 41.98, 16.455
726, 41.88, 16.488
727, 41.83, 16.505
728, 41.78, 16.522
729, 41.69, 16.555
730, 41.64, 16.572
731, 41.54, 16.605
732, 41.49, 16.622
733, 41.39, 16.655
734, 41.33, 16.672
735, 41.23, 16.705
736, 41.18, 16.722
737, 41.09, 16.755
738, 41.04, 16.772
739, 40.99, 16.788
740, 40.89, 16.822
741, 40.83, 16.838
742, 40.73, 16.872
743, 40.67, 16.888
744, 40.57, 16.922
745, 40.51, 16.938
746, 40.41, 16.972
747, 40.36, 16.988
748, 40.25, 17.022
749, 40.2, 17.038
750, 40.11, 17.072
751, 40.06, 17.088
752, 39.96, 17.122
753, 39.9, 17.138
754, 39.79, 17.172
755, 39.74, 17.188
756, 39.64, 17.222
757, 39.58, 17.238
758, 39.48, 17.272
759, 39.42, 17.288
760, 39.32, 17.322
761, 39.27, 17.338
762, 39.16, 17.372
763, 39.11, 17.388
764, 39, 17.422
765, 38.95, 17.438
766, 38.84, 17.472
767, 38.79, 17.488
768, 38.68, 17.522
769, 38.63, 17.538
770, 38.54, 17.572
771, 38.5, 17.588
772, 38.42, 17.622
773, 38.33, 17.655
774, 38.28, 17.672
775, 38.22, 17.705
776, 38.19, 17.722
777, 38.11, 17.755
778, 38.07, 17.772
779, 37.99, 17.805
780, 37.95, 17.822
781, 37.86, 17.855
782, 37.76, 17.888
783, 37.72, 17.905
784, 37.64, 17.938
785, 37.6, 17.955
786, 37.54, 17.988
787, 37.48, 18.022
788, 37.44, 18.038
789, 37.35, 18.072
790, 37.3, 18.088
791, 37.19, 18.122
792, 37.1, 18.155
793, 37.07, 18.172
794, 37.02, 18.205
795, 36.99, 18.222
796, 36.9, 18.255
797, 36.78, 18.288
798, 36.68, 18.305
799, 36.57, 18.338
800, 36.52, 18.355
801, 36.41, 18.388
802, 36.31, 18.422
803, 36.26, 18.438
804, 36.19, 18.472
805, 36.19, 18.505
806, 36.21, 18.522
807, 36.21, 18.555
808, 36.28, 18.588
809, 36.28, 18.605
810, 36.36, 18.638
811, 36.44, 18.672
812, 36.46, 18.688
813, 36.54, 18.722
814, 36.66, 18.755
815, 36.7, 18.772
816, 36.79, 18.805
817, 36.89, 18.838
818, 36.92, 18.855
819, 37.02, 18.888
820, 37.07, 18.905
821, 37.14, 18.938
822, 37.24, 18.972
823, 37.3, 18.988
824, 37.4, 19.022
825, 37.45, 19.038
826, 37.56, 19.072
827, 37.64, 19.105
828, 37.69, 19.122
829, 37.84, 19.155
830, 37.9, 19.172
831, 38.02, 19.205
832, 38.18, 19.238
833, 38.26, 19.255
834, 38.41, 19.288
835, 38.5, 19.305
836, 38.64, 19.338
837, 38.72, 19.355
838, 38.9, 19.388
839, 38.98, 19.405
840, 39.15, 19.438
841, 39.3, 19.472
842, 39.38, 19.488
843, 39.54, 19.522
844, 39.63, 19.538
845, 39.8, 19.572
846, 39.88, 19.588
847, 40.04, 19.622
848, 40.12, 19.638
849, 40.28, 19.672
850, 40.36, 19.688
851, 40.52, 19.722
852, 40.61, 19.738
853, 40.77, 19.772
854, 40.85, 19.788
855, 41.01, 19.822
856, 41.08, 19.838
857, 41.16, 19.855
858, 41.32, 19.888
859, 41.4, 19.905
860, 41.56, 19.938
861, 41.64, 19.955
862, 41.8, 19.988
863, 41.88, 20.005
864, 42.03, 20.038
865, 42.1, 20.055
866, 42.18, 20.072
867, 42.35, 20.105
868, 42.43, 20.122
869, 42.58, 20.155
870, 42.66, 20.172
871, 42.81, 20.205
872, 42.89, 20.222
873, 42.97, 20.238
874, 43.13, 20.272
875, 43.21, 20.288
876, 43.28, 20.305
877, 43.43, 20.338
878, 43.51, 20.355
879, 43.66, 20.388
880, 43.74, 20.405
881, 43.82, 20.422
882, 43.98, 20.455
883, 44.05, 20.472
884, 44.13, 20.488
885, 44.27, 20.522
886, 44.35, 20.538
887, 44.5, 20.572
888, 44.57, 20.588
889, 44.65, 20.605
890, 44.79, 20.638
891, 44.87, 20.655
892, 44.94, 20.672
893, 45.09, 20.705
894, 45.16, 20.722
895, 45.24, 20.738
896, 45.39, 20.772
897, 45.46, 20.788
898, 45.53, 20.805
899, 45.68, 20.838
900, 45.75, 20.855
901, 45.82, 20.872
902, 45.89, 20.888
903, 46.04, 20.922
904, 46.11, 20.938
905, 46.19, 20.955
906, 46.33, 20.988
907, 46.4, 21.005
908, 46.47, 21.022
909, 46.6, 21.055
910, 46.67, 21.072
911, 46.75, 21.088
912, 46.82, 21.105
913, 46.95, 21.138
914, 47.03, 21.155
915, 47.1, 21.172
916, 47.24, 21.205
917, 47.31, 21.222
918, 47.37, 21.238
919, 47.44, 21.255
920, 47.58, 21.288
921, 47.65, 21.305
922, 47.71, 21.322
923, 47.78, 21.338
924, 47.91, 21.372
925, 47.98, 21.388
926, 48.05, 21.405
927, 48.12, 21.422
928, 48.25, 21.455
929, 48.31, 21.472
930, 48.37, 21.488
931, 48.43, 21.505
932, 48.53, 21.538
933, 48.59, 21.555
934, 48.65, 21.572
935, 48.7, 21.588
936, 48.81, 21.622
937, 48.86, 21.638
938, 48.91, 21.655
939, 48.96, 21.672
940, 49.01, 21.688
941, 49.1, 21.722
942, 49.15, 21.738
943, 49.19, 21.755
944, 49.23, 21.772
945, 49.31, 21.805
946, 49.35, 21.822
947, 49.4, 21.838
948, 49.44, 21.855
949, 49.46, 21.872
950, 49.53, 21.905
951, 49.56, 21.922
952, 49.6, 21.938
953, 49.55, 21.955
954, 49.61, 21.988
955, 49.7, 22.005
956, 49.66, 22.022
957, 49.66, 22.038
958, 49.71, 22.055
959, 49.79, 22.088
960, 49.81, 22.105
961, 49.84, 22.122
962, 49.88, 22.138
963, 49.91, 22.155
964, 49.96, 22.188
965, 49.99, 22.205
966, 50.01, 22.222
967, 50.03, 22.238
968, 50.05, 22.255
969, 50.09, 22.288
970, 50.11, 22.305
971, 50.14, 22.322
972, 50.16, 22.338
973, 50.19, 22.355
974, 50.23, 22.388
975, 50.25, 22.405
976, 50.27, 22.422
977, 50.29, 22.438
978, 50.32, 22.472
979, 50.33, 22.488
980, 50.33, 22.505
981, 50.33, 22.522
982, 50.31, 22.538
983, 50.26, 22.572
984, 50.21, 22.588
985, 50.16, 22.605
986, 50.11, 22.622
987, 50.03, 22.638
988, 49.88, 22.672
989, 49.83, 22.688
990, 49.78, 22.705
991, 49.7, 22.722
992, 49.63, 22.738
993, 49.52, 22.772
994, 49.45, 22.788
995, 49.39, 22.805
996, 49.33, 22.822
997, 49.2, 22.855
998, 49.13, 22.872
999, 49.06, 22.888
1000, 48.99, 22.905
1001, 48.86, 22.938
1002, 48.79, 22.955
1003, 48.72, 22.972
1004, 48.65, 22.988
1005, 48.51, 23.022
1006, 48.44, 23.038
1007, 48.37, 23.055
1008, 48.31, 23.072
1009, 48.2, 23.105
1010, 48.14, 23.122
1011, 48.09, 23.138
1012, 48.04, 23.155
1013, 48.03, 23.188
1014, 47.98, 23.205
1015, 47.95, 23.222
1016, 47.94, 23.238
1017, 47.91, 23.272
1018, 47.89, 23.288
1019, 47.87, 23.305
1020, 47.86, 23.322
1021, 47.84, 23.355
1022, 47.83, 23.372
1023, 47.81, 23.388
1024, 47.79, 23.405
1025, 47.77, 23.438
1026, 47.75, 23.455
1027, 47.74, 23.472
1028, 47.71, 23.505
1029, 47.71, 23.522
1030, 47.7, 23.538
1031, 47.7, 23.555
1032, 47.72, 23.588
1033, 47.73, 23.605
1034, 47.73, 23.622
1035, 47.73, 23.638
1036, 47.74, 23.672
1037, 47.77, 23.688
1038, 47.79, 23.705
1039, 47.8, 23.722
1040, 47.82, 23.755
1041, 47.84, 23.772
1042, 47.86, 23.788
1043, 47.89, 23.805
1044, 47.93, 23.822
1045, 48, 23.855
1046, 48.02, 23.872
1047, 48.05, 23.888
1048, 48.1, 23.905
1049, 48.13, 23.938
1050, 48.12, 23.955
1051, 48.17, 23.972
1052, 48.24, 23.988
1053, 48.27, 24.005
1054, 48.26, 24.038
1055, 48.3, 24.055
1056, 48.32, 24.072
1057, 48.37, 24.088
1058, 48.48, 24.122
1059, 48.48, 24.138
1060, 48.51, 24.155
1061, 48.61, 24.172
1062, 48.69, 24.188
1063, 48.69, 24.222
1064, 48.72, 24.238
1065, 48.76, 24.255
1066, 48.8, 24.272
1067, 48.84, 24.288
1068, 48.92, 24.322
1069, 48.96, 24.338
1070, 48.99, 24.355
1071, 49.03, 24.372
1072, 49.06, 24.388
1073, 49.15, 24.422
1074, 49.2, 24.438
1075, 49.22, 24.455
1076, 49.23, 24.472
1077, 49.27, 24.488
1078, 49.36, 24.522
1079, 49.41, 24.538
1080, 49.45, 24.555
1081, 49.48, 24.572
1082, 49.53, 24.588
1083, 49.63, 24.622
1084, 49.67, 24.638
1085, 49.71, 24.655
1086, 49.76, 24.672
1087, 49.81, 24.688
1088, 49.87, 24.705
1089, 49.96, 24.738
1090, 50.01, 24.755
1091, 50.06, 24.772
1092, 50.11, 24.788
1093, 50.16, 24.805
1094, 50.28, 24.838
1095, 50.33, 24.855
1096, 50.38, 24.872
1097, 50.43, 24.888
1098, 50.48, 24.905
1099, 50.58, 24.938
1100, 50.64, 24.955
1101, 50.69, 24.972
1102, 50.74, 24.988
1103, 50.8, 25.005
1104, 50.85, 25.022
1105, 50.96, 25.055
1106, 51.01, 25.072
1107, 51.06, 25.088
1108, 51.11, 25.105
1109, 51.16, 25.122
1110, 51.26, 25.155
1111, 51.31, 25.172
1112, 51.36, 25.188
1113, 51.41, 25.205
1114, 51.46, 25.222
1115, 51.51, 25.238
1116, 51.61, 25.272
1117, 51.67, 25.288
1118, 51.71, 25.305
1119, 51.76, 25.322
1120, 51.8, 25.338
1121, 51.84, 25.355
1122, 51.94, 25.388
1123, 51.99, 25.405
1124, 52.04, 25.422
1125, 52.08, 25.438
1126, 52.13, 25.455
1127, 52.18, 25.472
1128, 52.23, 25.488
1129, 52.32, 25.522
1130, 52.37, 25.538
1131, 52.42, 25.555
1132, 52.46, 25.572
1133, 52.51, 25.588
1134, 52.55, 25.605
1135, 52.65, 25.638
1136, 52.69, 25.655
1137, 52.74, 25.672
1138, 52.79, 25.688
1139, 52.84, 25.705
1140, 52.88, 25.722
1141, 52.92, 25.738
1142, 53.02, 25.772
1143, 53.06, 25.788
1144, 53.1, 25.805
1145, 53.14, 25.822
1146, 53.19, 25.838
1147, 53.24, 25.855
1148, 53.29, 25.872
1149, 53.34, 25.888
1150, 53.43, 25.922
1151, 53.48, 25.938
1152, 53.53, 25.955
1153, 53.58, 25.972
1154, 53.63, 25.988
1155, 53.68, 26.005
1156, 53.73, 26.022
1157, 53.77, 26.038
1158, 53.87, 26.072
1159, 53.91, 26.088
1160, 53.96, 26.105
1161, 54, 26.122
1162, 54.05, 26.138
1163, 54.11, 26.155
1164, 54.16, 26.172
1165, 54.2, 26.188
1166, 54.25, 26.205
1167, 54.34, 26.238
1168, 54.39, 26.255
1169, 54.43, 26.272
1170, 54.48, 26.288
1171, 54.53, 26.305
1172, 54.57, 26.322
1173, 54.62, 26.338
1174, 54.67, 26.355
1175, 54.72, 26.372
1176, 54.76, 26.388
1177, 54.85, 26.422
1178, 54.9, 26.438
1179, 54.95, 26.455
1180, 54.99, 26.472
1181, 55.04, 26.488
1182, 55.08, 26.505
1183, 55.13, 26.522
1184, 55.17, 26.538
1185, 55.22, 26.555
1186, 55.27, 26.572
1187, 55.33, 26.588
1188, 55.42, 26.622
1189, 55.46, 26.638
1190, 55.5, 26.655
1191, 55.54, 26.672
1192, 55.59, 26.688
1193, 55.63, 26.705
1194, 55.67, 26.722
1195, 55.72, 26.738
1196, 55.76, 26.755
1197, 55.81, 26.772
1198, 55.85, 26.788
1199, 55.89, 26.805
1200, 55.94, 26.822
1201, 56.02, 26.855
1202, 56.06, 26.872
1203, 56.11, 26.888
1204, 56.14, 26.905
1205, 56.18, 26.922
1206, 56.23, 26.938
1207, 56.28, 26.955
1208, 56.32, 26.972
1209, 56.37, 26.988
1210, 56.41, 27.005
1211, 56.45, 27.022
1212, 56.49, 27.038
1213, 56.53, 27.055
1214, 56.57, 27.072
1215, 56.61, 27.088
1216, 56.7, 27.122
1217, 56.74, 27.138
1218, 56.77, 27.155
1219, 56.81, 27.172
1220, 56.85, 27.188
1221, 56.89, 27.205
1222, 56.94, 27.222
1223, 56.98, 27.238
1224, 57.03, 27.255
1225, 57.08, 27.272
1226, 57.12, 27.288
1227, 57.15, 27.305
1228, 57.19, 27.322
1229, 57.24, 27.338
1230, 57.27, 27.355
1231, 57.31, 27.372
1232, 57.35, 27.388
1233, 57.39, 27.405
1234, 57.43, 27.422
1235, 57.47, 27.438
1236, 57.51, 27.455
1237, 57.59, 27.488
1238, 57.63, 27.505
1239, 57.67, 27.522
1240, 57.71, 27.538
1241, 57.74, 27.555
1242, 57.77, 27.572
1243, 57.81, 27.588
1244, 57.85, 27.605
1245, 57.89, 27.622
1246, 57.92, 27.638
1247, 57.96, 27.655
1248, 58.01, 27.672
1249, 58.05, 27.688
1250, 58.08, 27.705
1251, 58.12, 27.722
1252, 58.15, 27.738
1253, 58.18, 27.755
1254, 58.22, 27.772
1255, 58.25, 27.788
1256, 58.28, 27.805
1257, 58.32, 27.822
1258, 58.36, 27.838
1259, 58.39, 27.855
1260, 58.43, 27.872
1261, 58.47, 27.888
1262, 58.5, 27.905
1263, 58.54, 27.922
1264, 58.57, 27.938
1265, 58.6, 27.955
1266, 58.64, 27.972
1267, 58.67, 27.988
1268, 58.7, 28.005
1269, 58.74, 28.022
1270, 58.77, 28.038
1271, 58.82, 28.055
1272, 58.86, 28.072
1273, 58.89, 28.088
1274, 58.91, 28.105
1275, 58.94, 28.122
1276, 59.01, 28.155
1277, 59.04, 28.172
1278, 59.07, 28.188
1279, 59.11, 28.205
1280, 59.15, 28.222
1281, 59.18, 28.238
1282, 59.21, 28.255
1283, 59.24, 28.272
1284, 59.28, 28.288
1285, 59.31, 28.305
1286, 59.33, 28.322
1287, 59.36, 28.338
1288, 59.4, 28.355
1289, 59.43, 28.372
1290, 59.47, 28.388
1291, 59.5, 28.405
1292, 59.54, 28.422
1293, 59.57, 28.438
1294, 59.59, 28.455
1295, 59.62, 28.472
1296, 59.65, 28.488
1297, 59.69, 28.505
1298, 59.71, 28.522
1299, 59.74, 28.538
1300, 59.78, 28.555
1301, 59.81, 28.572
1302, 59.84, 28.588
1303, 59.87, 28.605
1304, 59.9, 28.622
1305, 59.93, 28.638
1306, 59.95, 28.655
1307, 59.98, 28.672
1308, 60.02, 28.688
1309, 60.05, 28.705
1310, 60.08, 28.722
1311, 60.11, 28.738
1312, 60.14, 28.755
1313, 60.17, 28.772
1314, 60.19, 28.788
1315, 60.21, 28.805
1316, 60.24, 28.822
1317, 60.21, 28.838
1318, 60.16, 28.855
1319, 60.25, 28.872
1320, 60.3, 28.888
1321, 60.28, 28.905
1322, 60.33, 28.922
1323, 60.36, 28.938
1324, 60.38, 28.955
1325, 60.4, 28.972
1326, 60.4, 28.972
1327, 60.44, 28.988
1328, 60.45, 29.005
1329, 60.48, 29.022
1330, 60.51, 29.038
1331, 60.54, 29.055
1332, 60.56, 29.072
1333, 60.59, 29.088
1334, 60.62, 29.105
1335, 60.65, 29.122
1336, 60.67, 29.138
1337, 60.7, 29.155
1338, 60.73, 29.172
1339, 60.75, 29.188
1340, 60.78, 29.205
1341, 60.8, 29.222
1342, 60.83, 29.238
1343, 60.85, 29.255
1344, 60.88, 29.272
1345, 60.91, 29.288
1346, 60.93, 29.305
1347, 60.95, 29.322
1348, 60.98, 29.338
1349, 61, 29.355
1350, 61.03, 29.372
1351, 61.06, 29.388
1352, 61.08, 29.405
1353, 61.1, 29.422
1354, 61.13, 29.438
1355, 61.15, 29.455
1356, 61.18, 29.472
1357, 61.2, 29.488
1358, 61.22, 29.505
1359, 61.24, 29.522
1360, 61.26, 29.538
1361, 61.28, 29.555
1362, 61.29, 29.572
1363, 61.3, 29.588
1364, 61.31, 29.605
1365, 61.32, 29.622
1366, 61.32, 29.638
1367, 61.33, 29.655
1368, 61.33, 29.672
1369, 61.32, 29.688
1370, 61.32, 29.705
1371, 61.32, 29.722
1372, 61.31, 29.738
1373, 61.29, 29.755
1374, 61.28, 29.772
1375, 61.26, 29.788
1376, 61.23, 29.805
1377, 61.2, 29.822
1378, 61.17, 29.838
1379, 61.13, 29.855
1380, 61.08, 29.872
1381, 61.03, 29.888
1382, 61.03, 29.888
1383, 60.98, 29.905
1384, 60.92, 29.922
1385, 60.86, 29.938
1386, 60.78, 29.955
1387, 60.7, 29.972
1388, 60.6, 29.988
1389, 60.5, 30.005
1390, 60.38, 30.022
1391, 60.26, 30.038
1392, 60.12, 30.055
1393, 59.96, 30.072
1394, 59.8, 30.088
1395, 59.63, 30.105
1396, 59.44, 30.122
1397, 59.22, 30.138
1398, 58.98, 30.155
1399, 58.73, 30.172
1400, 58.45, 30.188
1401, 57.85, 30.222
1402, 57.56, 30.238
1403, 57.26, 30.255
1404, 56.91, 30.272
1405, 56.57, 30.288
1406, 56.27, 30.305
1407, 55.97, 30.322
1408, 55.67, 30.338
1409, 55.36, 30.355
1410, 55.05, 30.372
1411, 54.73, 30.388
1412, 54.42, 30.405
1413, 54.11, 30.422
1414, 53.8, 30.438
1415, 53.2, 30.472
1416, 52.88, 30.488
1417, 52.57, 30.505
1418, 52.28, 30.522
1419, 52, 30.538
1420, 51.72, 30.555
1421, 51.43, 30.572
1422, 50.91, 30.605
1423, 50.66, 30.622
1424, 50.42, 30.638
1425, 50.18, 30.655
1426, 49.92, 30.672
1427, 49.37, 30.705
1428, 49.15, 30.722
1429, 48.94, 30.738
1430, 48.73, 30.755
1431, 48.53, 30.772
1432, 48.09, 30.805
1433, 47.88, 30.822
1434, 47.7, 30.838
1435, 47.51, 30.855
1436, 47.12, 30.888
1437, 46.93, 30.905
1438, 46.75, 30.922
1439, 46.38, 30.955
1440, 46.19, 30.972
1441, 46.01, 30.988
1442, 45.84, 31.005
1443, 45.44, 31.038
1444, 45.19, 31.055
1445, 45, 31.072
1446, 44.74, 31.105
1447, 44.59, 31.122
1448, 44.44, 31.138
1449, 44.17, 31.172
1450, 44.07, 31.188
1451, 43.86, 31.222
1452, 43.76, 31.238
1453, 43.68, 31.255
1454, 43.53, 31.288
1455, 43.46, 31.305
1456, 43.4, 31.322
1457, 43.29, 31.355
1458, 43.24, 31.372
1459, 43.14, 31.405
1460, 43.09, 31.422
1461, 43.05, 31.438
1462, 42.95, 31.472
1463, 42.9, 31.488
1464, 42.8, 31.522
1465, 42.75, 31.538
1466, 42.7, 31.555
1467, 42.59, 31.588
1468, 42.53, 31.605
1469, 42.43, 31.638
1470, 42.37, 31.655
1471, 42.27, 31.688
1472, 42.22, 31.705
1473, 42.17, 31.722
1474, 42.07, 31.755
1475, 42.01, 31.772
1476, 41.91, 31.805
1477, 41.86, 31.822
1478, 41.76, 31.855
1479, 41.71, 31.872
1480, 41.62, 31.905
1481, 41.56, 31.922
1482, 41.51, 31.938
1483, 41.41, 31.972
1484, 41.36, 31.988
1485, 41.26, 32.022
1486, 41.21, 32.038
1487, 41.11, 32.072
1488, 41.05, 32.088
1489, 40.94, 32.122
1490, 40.89, 32.138
1491, 40.79, 32.172
1492, 40.73, 32.188
1493, 40.62, 32.222
1494, 40.57, 32.238
1495, 40.46, 32.272
1496, 40.4, 32.288
1497, 40.34, 32.305
1498, 40.24, 32.338
1499, 40.18, 32.355
1500, 40.06, 32.388
1501, 40.01, 32.405
1502, 39.89, 32.438
1503, 39.83, 32.455
1504, 39.7, 32.488
1505, 39.64, 32.505
1506, 39.52, 32.538
1507, 39.46, 32.555
1508, 39.34, 32.588
1509, 39.28, 32.605
1510, 39.15, 32.638
1511, 39.09, 32.655
1512, 38.97, 32.688
1513, 38.85, 32.722
1514, 38.79, 32.738
1515, 38.69, 32.772
1516, 38.65, 32.788
1517, 38.56, 32.822
1518, 38.51, 32.838
1519, 38.46, 32.872
1520, 38.46, 32.888
1521, 38.42, 32.922
1522, 38.43, 32.938
1523, 38.4, 32.972
1524, 38.38, 33.005
1525, 38.38, 33.022
1526, 38.43, 33.055
1527, 38.49, 33.072
1528, 38.53, 33.105
1529, 38.53, 33.122
1530, 38.55, 33.155
1531, 38.58, 33.172
1532, 38.64, 33.205
1533, 38.7, 33.222
1534, 38.8, 33.255
1535, 38.84, 33.272
1536, 38.93, 33.305
1537, 38.96, 33.322
1538, 39.03, 33.355
1539, 39.07, 33.372
1540, 39.15, 33.405
1541, 39.19, 33.422
1542, 39.29, 33.455
1543, 39.32, 33.472
1544, 39.36, 33.505
1545, 39.38, 33.522
1546, 39.56, 33.555
1547, 39.63, 33.572
1548, 39.65, 33.605
1549, 39.68, 33.622
1550, 39.8, 33.655
1551, 39.85, 33.672
1552, 39.96, 33.705
1553, 40.02, 33.722
1554, 40.15, 33.755
1555, 40.2, 33.772
1556, 40.31, 33.805
1557, 40.36, 33.822
1558, 40.46, 33.855
1559, 40.53, 33.872
1560, 40.66, 33.905
1561, 40.73, 33.922
1562, 40.78, 33.938
1563, 40.88, 33.972
1564, 40.94, 33.988
1565, 41.07, 34.022
1566, 41.13, 34.038
1567, 41.18, 34.055
1568, 41.29, 34.088
1569, 41.36, 34.105
1570, 41.47, 34.138
1571, 41.5, 34.155
1572, 41.55, 34.172
1573, 41.68, 34.205
1574, 41.76, 34.222
1575, 41.89, 34.255
1576, 41.95, 34.272
1577, 42.01, 34.288
1578, 42.15, 34.322
1579, 42.21, 34.338
1580, 42.33, 34.372
1581, 42.4, 34.388
1582, 42.47, 34.405
1583, 42.6, 34.438
1584, 42.67, 34.455
1585, 42.8, 34.488
1586, 42.86, 34.505
1587, 42.93, 34.522
1588, 43.07, 34.555
1589, 43.14, 34.572
1590, 43.2, 34.588
1591, 43.32, 34.622
1592, 43.39, 34.638
1593, 43.52, 34.672
1594, 43.59, 34.688
1595, 43.66, 34.705
1596, 43.79, 34.738
1597, 43.85, 34.755
1598, 43.92, 34.772
1599, 44.04, 34.805
1600, 44.1, 34.822
1601, 44.17, 34.838
1602, 44.3, 34.872
1603, 44.37, 34.888
1604, 44.5, 34.922
1605, 44.56, 34.938
1606, 44.62, 34.955
1607, 44.76, 34.988
1608, 44.83, 35.005
1609, 44.89, 35.022
1610, 45.02, 35.055
1611, 45.09, 35.072
1612, 45.15, 35.088
1613, 45.3, 35.122
1614, 45.38, 35.138
1615, 45.44, 35.155
1616, 45.58, 35.188
1617, 45.64, 35.205
1618, 45.7, 35.222
1619, 45.77, 35.238
1620, 45.91, 35.272
1621, 45.97, 35.288
1622, 46.03, 35.305
1623, 46.15, 35.338
1624, 46.21, 35.355
1625, 46.26, 35.372
1626, 46.36, 35.405
1627, 46.43, 35.422
1628, 46.52, 35.438
1629, 46.67, 35.472
1630, 46.72, 35.488
1631, 46.78, 35.505
1632, 46.83, 35.522
1633, 46.93, 35.555
1634, 47, 35.572
1635, 47.07, 35.588
1636, 47.22, 35.622
1637, 47.27, 35.638
1638, 47.33, 35.655
1639, 47.39, 35.672
1640, 47.51, 35.705
1641, 47.57, 35.722
1642, 47.62, 35.738
1643, 47.68, 35.755
1644, 47.79, 35.788
1645, 47.86, 35.805
1646, 47.91, 35.822
1647, 47.97, 35.838
1648, 48.07, 35.872
1649, 48.13, 35.888
1650, 48.19, 35.905
1651, 48.25, 35.922
1652, 48.37, 35.955
1653, 48.43, 35.972
1654, 48.49, 35.988
1655, 48.54, 36.005
1656, 48.63, 36.038
1657, 48.68, 36.055
1658, 48.74, 36.072
1659, 48.8, 36.088
1660, 48.94, 36.122
1661, 49.01, 36.138
1662, 49.07, 36.155
1663, 49.11, 36.172
1664, 49.15, 36.188
1665, 49.26, 36.222
1666, 49.31, 36.238
1667, 49.37, 36.255
1668, 49.42, 36.272
1669, 49.37, 36.305
1670, 49.48, 36.322
1671, 49.61, 36.338
1672, 49.6, 36.355
1673, 49.64, 36.372
1674, 49.77, 36.405
1675, 49.8, 36.422
1676, 49.83, 36.438
1677, 49.89, 36.455
1678, 49.94, 36.472
1679, 50.02, 36.505
1680, 50.06, 36.522
1681, 50.12, 36.538
1682, 50.17, 36.555
1683, 50.21, 36.572
1684, 50.31, 36.605
1685, 50.35, 36.622
1686, 50.4, 36.638
1687, 50.44, 36.655
1688, 50.49, 36.672
1689, 50.57, 36.705
1690, 50.62, 36.722
1691, 50.67, 36.738
1692, 50.71, 36.755
1693, 50.76, 36.772
1694, 50.86, 36.805
1695, 50.91, 36.822
1696, 50.96, 36.838
1697, 51, 36.855
1698, 51.05, 36.872
1699, 51.09, 36.888
1700, 51.18, 36.922
1701, 51.22, 36.938
1702, 51.27, 36.955
1703, 51.32, 36.972
1704, 51.36, 36.988
1705, 51.44, 37.022
1706, 51.49, 37.038
1707, 51.54, 37.055
1708, 51.59, 37.072
1709, 51.64, 37.088
1710, 51.69, 37.105
1711, 51.76, 37.138
1712, 51.79, 37.155
1713, 51.83, 37.172
1714, 51.87, 37.188
1715, 51.92, 37.205
1716, 51.97, 37.222
1717, 52.02, 37.238
1718, 52.11, 37.272
1719, 52.16, 37.288
1720, 52.2, 37.305
1721, 52.24, 37.322
1722, 52.28, 37.338
1723, 52.32, 37.355
1724, 52.41, 37.388
1725, 52.45, 37.405
1726, 52.5, 37.422
1727, 52.54, 37.438
1728, 52.59, 37.455
1729, 52.63, 37.472
1730, 52.68, 37.488
1731, 52.76, 37.522
1732, 52.8, 37.538
1733, 52.85, 37.555
1734, 52.89, 37.572
1735, 52.93, 37.588
1736, 52.98, 37.605
1737, 53.02, 37.622
1738, 53.06, 37.638
1739, 53.15, 37.672
1740, 53.19, 37.688
1741, 53.23, 37.705
1742, 53.28, 37.722
1743, 53.32, 37.738
1744, 53.36, 37.755
1745, 53.41, 37.772
1746, 53.49, 37.805
1747, 53.54, 37.822
1748, 53.58, 37.838
1749, 53.63, 37.855
1750, 53.67, 37.872
1751, 53.71, 37.888
1752, 53.75, 37.905
1753, 53.79, 37.922
1754, 53.84, 37.938
1755, 53.93, 37.972
1756, 53.97, 37.988
1757, 54.02, 38.005
1758, 54.06, 38.022
1759, 54.1, 38.038
1760, 54.14, 38.055
1761, 54.18, 38.072
1762, 54.22, 38.088
1763, 54.26, 38.105
1764, 54.34, 38.138
1765, 54.39, 38.155
1766, 54.43, 38.172
1767, 54.47, 38.188
1768, 54.51, 38.205
1769, 54.55, 38.222
1770, 54.6, 38.238
1771, 54.64, 38.255
1772, 54.68, 38.272
1773, 54.76, 38.305
1774, 54.8, 38.322
1775, 54.84, 38.338
1776, 54.88, 38.355
1777, 54.92, 38.372
1778, 54.96, 38.388
1779, 55, 38.405
1780, 55.04, 38.422
1781, 55.08, 38.438
1782, 55.12, 38.455
1783, 55.16, 38.472
1784, 55.25, 38.505
1785, 55.3, 38.522
1786, 55.34, 38.538
1787, 55.38, 38.555
1788, 55.42, 38.572
1789, 55.46, 38.588
1790, 55.5, 38.605
1791, 55.54, 38.622
1792, 55.58, 38.638
1793, 55.61, 38.655
1794, 55.65, 38.672
1795, 55.69, 38.688
1796, 55.77, 38.722
1797, 55.81, 38.738
1798, 55.85, 38.755
1799, 55.89, 38.772
1800, 55.93, 38.788
1801, 55.97, 38.805
1802, 56.01, 38.822
1803, 56.05, 38.838
1804, 56.08, 38.855
1805, 56.12, 38.872
1806, 56.15, 38.888
1807, 56.19, 38.905
1808, 56.23, 38.922
1809, 56.27, 38.938
1810, 56.35, 38.972
1811, 56.39, 38.988
1812, 56.42, 39.005
1813, 56.44, 39.022
1814, 56.48, 39.038
1815, 56.52, 39.055
1816, 56.57, 39.072
1817, 56.61, 39.088
1818, 56.65, 39.105
1819, 56.68, 39.122
1820, 56.72, 39.138
1821, 56.75, 39.155
1822, 56.79, 39.172
1823, 56.82, 39.188
1824, 56.85, 39.205
1825, 56.88, 39.222
1826, 56.95, 39.255
1827, 56.99, 39.272
1828, 57.02, 39.288
1829, 57.06, 39.305
1830, 57.1, 39.322
1831, 57.14, 39.338
1832, 57.18, 39.355
1833, 57.22, 39.372
1834, 57.25, 39.388
1835, 57.28, 39.405
1836, 57.31, 39.422
1837, 57.35, 39.438
1838, 57.38, 39.455
1839, 57.41, 39.472
1840, 57.44, 39.488
1841, 57.47, 39.505
1842, 57.51, 39.522
1843, 57.55, 39.538
1844, 57.58, 39.555
1845, 57.62, 39.572
1846, 57.65, 39.588
1847, 57.71, 39.622
1848, 57.75, 39.638
1849, 57.79, 39.655
1850, 57.82, 39.672
1851, 57.86, 39.688
1852, 57.89, 39.705
1853, 57.93, 39.722
1854, 57.95, 39.738
1855, 57.98, 39.755
1856, 57.99, 39.772
1857, 57.99, 39.788
1858, 57.96, 39.805
1859, 57.92, 39.822
1860, 57.87, 39.838
1861, 57.83, 39.855
1862, 57.74, 39.872
1863, 57.61, 39.888
1864, 57.56, 39.905
1865, 57.52, 39.922
1866, 57.46, 39.938
1867, 57.38, 39.955
1868, 57.29, 39.972
1869, 57.23, 39.988
1870, 57.18, 40.005
1871, 57.04, 40.038
1872, 56.98, 40.055
1873, 56.92, 40.072
1874, 56.85, 40.088
1875, 56.78, 40.105
1876, 56.71, 40.122
1877, 56.64, 40.138
1878, 56.57, 40.155
1879, 56.51, 40.172
1880, 56.45, 40.188
1881, 56.39, 40.205
1882, 56.35, 40.222
1883, 56.29, 40.238
1884, 56.23, 40.255
1885, 56.16, 40.272
1886, 56.08, 40.288
1887, 55.94, 40.322
1888, 55.87, 40.338
1889, 55.8, 40.355
1890, 55.73, 40.372
1891, 55.66, 40.388
1892, 55.6, 40.405
1893, 55.53, 40.422
1894, 55.46, 40.438
1895, 55.39, 40.455
1896, 55.33, 40.472
1897, 55.26, 40.488
1898, 55.14, 40.522
1899, 55.07, 40.538
1900, 55.01, 40.555
1901, 54.94, 40.572
1902, 54.87, 40.588
1903, 54.81, 40.605
1904, 54.74, 40.622
1905, 54.67, 40.638
1906, 54.61, 40.655
1907, 54.55, 40.672
1908, 54.48, 40.688
1909, 54.42, 40.705
1910, 54.3, 40.738
1911, 54.24, 40.755
1912, 54.18, 40.772
1913, 54.11, 40.788
1914, 54.05, 40.805
1915, 53.98, 40.822
1916, 53.92, 40.838
1917, 53.86, 40.855
1918, 53.8, 40.872
1919, 53.74, 40.888
1920, 53.67, 40.905
1921, 53.6, 40.922
1922, 53.53, 40.938
1923, 53.45, 40.955
1924, 53.37, 40.972
1925, 53.29, 40.988
1926, 53.13, 41.022
1927, 53.04, 41.038
1928, 52.95, 41.055
1929, 52.86, 41.072
1930, 52.77, 41.088
1931, 52.69, 41.105
1932, 52.61, 41.122
1933, 52.54, 41.138
1934, 52.47, 41.155
1935, 52.4, 41.172
1936, 52.26, 41.205
1937, 52.2, 41.222
1938, 52.13, 41.238
1939, 52.06, 41.255
1940, 51.99, 41.272
1941, 51.92, 41.288
1942, 51.87, 41.305
1943, 51.76, 41.338
1944, 51.71, 41.355
1945, 51.67, 41.372
1946, 51.63, 41.388
1947, 51.58, 41.405
1948, 51.55, 41.422
1949, 51.49, 41.455
1950, 51.43, 41.472
1951, 51.39, 41.488
1952, 51.36, 41.505
1953, 51.33, 41.522
1954, 51.3, 41.538
1955, 51.25, 41.572
1956, 51.23, 41.588
1957, 51.22, 41.605
1958, 51.22, 41.622
1959, 51.2, 41.638
1960, 51.2, 41.672
1961, 51.2, 41.688
1962, 51.2, 41.705
1963, 51.2, 41.722
1964, 51.2, 41.738
1965, 51.21, 41.755
1966, 51.27, 41.788
1967, 51.29, 41.805
1968, 51.32, 41.822
1969, 51.34, 41.838
1970, 51.37, 41.855
1971, 51.42, 41.888
1972, 51.48, 41.905
1973, 51.52, 41.922
1974, 51.53, 41.938
1975, 51.54, 41.955
1976, 51.59, 41.972
1977, 51.71, 42.005
1978, 51.73, 42.022
1979, 51.76, 42.038
1980, 51.81, 42.055
1981, 51.86, 42.072
1982, 51.89, 42.088
1983, 51.96, 42.122
1984, 52.01, 42.138
1985, 52.05, 42.155
1986, 52.1, 42.172
1987, 52.14, 42.188
1988, 52.19, 42.205
1989, 52.23, 42.222
1990, 52.3, 42.255
1991, 52.34, 42.272
1992, 52.38, 42.288
1993, 52.42, 42.305
1994, 52.46, 42.322
1995, 52.5, 42.338
1996, 52.58, 42.372
1997, 52.62, 42.388
1998, 52.66, 42.405
1999, 52.7, 42.422
2000, 52.74, 42.438
2001, 52.78, 42.455
2002, 52.82, 42.472
2003, 52.89, 42.505
2004, 52.94, 42.522
2005, 52.98, 42.538
2006, 53.02, 42.555
2007, 53.06, 42.572
2008, 53.1, 42.588
2009, 53.14, 42.605
2010, 53.23, 42.638
2011, 53.27, 42.655
2012, 53.3, 42.672
2013, 53.33, 42.688
2014, 53.37, 42.705
2015, 53.41, 42.722
2016, 53.45, 42.738
2017, 53.53, 42.772
2018, 53.57, 42.788
2019, 53.6, 42.805
2020, 53.64, 42.822
2021, 53.67, 42.838
2022, 53.71, 42.855
2023, 53.75, 42.872
2024, 53.78, 42.888
2025, 53.85, 42.922
2026, 53.89, 42.938
2027, 53.92, 42.955
2028, 53.95, 42.972
2029, 53.99, 42.988
2030, 54.02, 43.005
2031, 54.06, 43.022
2032, 54.09, 43.038
2033, 54.13, 43.055
2034, 54.19, 43.088
2035, 54.22, 43.105
2036, 54.25, 43.122
2037, 54.28, 43.138
2038, 54.32, 43.155
2039, 54.35, 43.172
2040, 54.38, 43.188
2041, 54.42, 43.205
2042, 54.45, 43.222
2043, 54.51, 43.255
2044, 54.54, 43.272
2045, 54.57, 43.288
2046, 54.6, 43.305
2047, 54.63, 43.322
2048, 54.66, 43.338
2049, 54.69, 43.355
2050, 54.72, 43.372
2051, 54.74, 43.388
2052, 54.78, 43.405
2053, 54.84, 43.438
2054, 54.87, 43.455
2055, 54.9, 43.472
2056, 54.92, 43.488
2057, 54.95, 43.505
2058, 54.98, 43.522
2059, 55.01, 43.538
2060, 55.03, 43.555
2061, 55.06, 43.572
2062, 55.09, 43.588
2063, 55.12, 43.605
2064, 55.17, 43.638
2065, 55.2, 43.655
2066, 55.23, 43.672
2067, 55.25, 43.688
2068, 55.28, 43.705
2069, 55.31, 43.722
2070, 55.34, 43.738
2071, 55.37, 43.755
2072, 55.39, 43.772
2073, 55.42, 43.788
2074, 55.44, 43.805
2075, 55.47, 43.822
2076, 55.52, 43.855
2077, 55.55, 43.872
2078, 55.57, 43.888
2079, 55.6, 43.905
2080, 55.63, 43.922
2081, 55.65, 43.938
2082, 55.68, 43.955
2083, 55.7, 43.972
2084, 55.73, 43.988
2085, 55.75, 44.005
2086, 55.77, 44.022
2087, 55.8, 44.038
2088, 55.85, 44.072
2089, 55.87, 44.088
2090, 55.89, 44.105
2091, 55.92, 44.122
2092, 55.94, 44.138
2093, 55.96, 44.155
2094, 55.98, 44.172
2095, 56.01, 44.188
2096, 56.03, 44.205
2097, 56.06, 44.222
2098, 56.08, 44.238
2099, 56.11, 44.255
2100, 56.13, 44.272
2101, 56.15, 44.288
2102, 56.19, 44.322
2103, 56.22, 44.338
2104, 56.24, 44.355
2105, 56.26, 44.372
2106, 56.29, 44.388
2107, 56.31, 44.405
2108, 56.34, 44.422
2109, 56.36, 44.438
2110, 56.38, 44.455
2111, 56.4, 44.472
2112, 56.42, 44.488
2113, 56.44, 44.505
2114, 56.47, 44.522
2115, 56.49, 44.538
2116, 56.51, 44.555
2117, 56.55, 44.588
2118, 56.58, 44.605
2119, 56.6, 44.622
2120, 56.63, 44.638
2121, 56.65, 44.655
2122, 56.67, 44.672
2123, 56.7, 44.688
2124, 56.72, 44.705
2125, 56.74, 44.722
2126, 56.76, 44.738
2127, 56.78, 44.755
2128, 56.8, 44.772
2129, 56.83, 44.788
2130, 56.85, 44.805
2131, 56.87, 44.822
2132, 56.91, 44.855
2133, 56.93, 44.872
2134, 56.95, 44.888
2135, 56.97, 44.905
2136, 57, 44.922
2137, 57.02, 44.938
2138, 57.05, 44.955
2139, 57.07, 44.972
2140, 57.09, 44.988
2141, 57.11, 45.005
2142, 57.13, 45.022
2143, 57.15, 45.038
2144, 57.17, 45.055
2145, 57.19, 45.072
2146, 57.21, 45.088
2147, 57.24, 45.105
2148, 57.28, 45.138
2149, 57.31, 45.155
2150, 57.33, 45.172
2151, 57.35, 45.188
2152, 57.37, 45.205
2153, 57.4, 45.222
2154, 57.42, 45.238
2155, 57.45, 45.255
2156, 57.48, 45.272
2157, 57.5, 45.288
2158, 57.52, 45.305
2159, 57.55, 45.322
2160, 57.57, 45.338
2161, 57.59, 45.355
2162, 57.62, 45.372
2163, 57.64, 45.388
2164, 57.66, 45.405
2165, 57.68, 45.422
2166, 57.71, 45.438
2167, 57.73, 45.455
2168, 57.77, 45.488
2169, 57.8, 45.505
2170, 57.82, 45.522
2171, 57.84, 45.538
2172, 57.86, 45.555
2173, 57.89, 45.572
2174, 57.92, 45.588
2175, 57.94, 45.605
2176, 57.97, 45.622
2177, 57.99, 45.638
2178, 58.01, 45.655
2179, 58.03, 45.672
2180, 58.05, 45.688
2181, 58.08, 45.705
2182, 58.1, 45.722
2183, 58.13, 45.738
2184, 58.15, 45.755
2185, 58.18, 45.772
2186, 58.2, 45.788
2187, 58.23, 45.805
2188, 58.25, 45.822
2189, 58.28, 45.838
2190, 58.31, 45.855
2191, 58.33, 45.872
2192, 58.36, 45.888
2193, 58.38, 45.905
2194, 58.42, 45.938
2195, 58.45, 45.955
2196, 58.47, 45.972
2197, 58.49, 45.988
2198, 58.52, 46.005
2199, 58.55, 46.022
2200, 58.57, 46.038
2201, 58.6, 46.055
2202, 58.63, 46.072
2203, 58.65, 46.088
2204, 58.68, 46.105
2205, 58.7, 46.122
2206, 58.73, 46.138
2207, 58.75, 46.155
2208, 58.78, 46.172
2209, 58.8, 46.188
2210, 58.83, 46.205
2211, 58.86, 46.222
2212, 58.88, 46.238
2213, 58.91, 46.255
2214, 58.93, 46.272
2215, 58.96, 46.288
2216, 58.98, 46.305
2217, 59, 46.322
2218, 59.02, 46.338
2219, 59.05, 46.355
2220, 59.07, 46.372
2221, 59.09, 46.388
2222, 59.12, 46.405
2223, 59.14, 46.422
2224, 59.17, 46.438
2225, 59.19, 46.455
2226, 59.21, 46.472
2227, 59.23, 46.488
2228, 59.26, 46.505
2229, 59.28, 46.522
2230, 59.3, 46.538
2231, 59.32, 46.555
2232, 59.34, 46.572
2233, 59.37, 46.588
2234, 59.39, 46.605
2235, 59.42, 46.622
2236, 59.44, 46.638
2237, 59.47, 46.655
2238, 59.49, 46.672
2239, 59.51, 46.688
2240, 59.53, 46.705
2241, 59.56, 46.722
2242, 59.6, 46.755
2243, 59.63, 46.772
2244, 59.65, 46.788
2245, 59.67, 46.805
2246, 59.68, 46.822
2247, 59.7, 46.838
2248, 59.72, 46.855
2249, 59.74, 46.872
2250, 59.77, 46.888
2251, 59.79, 46.905
2252, 59.81, 46.922
2253, 59.83, 46.938
2254, 59.85, 46.955
2255, 59.87, 46.972
2256, 59.89, 46.988
2257, 59.91, 47.005
2258, 59.93, 47.022
2259, 59.96, 47.038
2260, 59.93, 47.055
2261, 59.87, 47.072
2262, 59.97, 47.088
2263, 60.01, 47.105
2264, 59.95, 47.122
2265, 59.98, 47.138
2266, 60.02, 47.155
2267, 60.02, 47.172
2268, 60.01, 47.188
2269, 60.04, 47.205
2270, 60.07, 47.222
2271, 60.09, 47.238
2272, 60.1, 47.255
2273, 60.12, 47.272
2274, 60.13, 47.288
2275, 60.14, 47.305
2276, 60.16, 47.322
2277, 60.18, 47.338
2278, 60.2, 47.355
2279, 60.21, 47.372
2280, 60.23, 47.388
2281, 60.25, 47.405
2282, 60.27, 47.422
2283, 60.29, 47.438
2284, 60.32, 47.455
2285, 60.34, 47.472
2286, 60.35, 47.488
2287, 60.36, 47.505
2288, 60.36, 47.522
2289, 60.36, 47.538
2290, 60.36, 47.555
2291, 60.36, 47.572
2292, 60.36, 47.588
2293, 60.35, 47.605
2294, 60.35, 47.622
2295, 60.34, 47.638
2296, 60.33, 47.655
2297, 60.32, 47.672
2298, 60.3, 47.688
2299, 60.28, 47.705
2300, 60.25, 47.722
2301, 60.21, 47.738
2302, 60.17, 47.755
2303, 60.13, 47.772
2304, 60.09, 47.788
2305, 60.04, 47.805
2306, 59.99, 47.822
2307, 59.93, 47.838
2308, 59.86, 47.855
2309, 59.77, 47.872
2310, 59.66, 47.888
2311, 59.52, 47.905
2312, 59.36, 47.922
2313, 59.18, 47.938
2314, 58.99, 47.955
2315, 58.79, 47.972
2316, 58.57, 47.988
2317, 58.33, 48.005
2318, 58.08, 48.022
2319, 57.85, 48.038
2320, 57.61, 48.055
2321, 57.36, 48.072
2322, 57.1, 48.088
2323, 56.83, 48.105
2324, 56.54, 48.122
2325, 56.26, 48.138
2326, 55.96, 48.155
2327, 55.68, 48.172
2328, 55.39, 48.188
2329, 54.81, 48.222
2330, 54.51, 48.238
2331, 54.21, 48.255
2332, 53.9, 48.272
2333, 53.6, 48.288
2334, 53.31, 48.305
2335, 53.02, 48.322
2336, 52.73, 48.338
2337, 52.13, 48.372
2338, 51.84, 48.388
2339, 51.55, 48.405
2340, 51.26, 48.422
2341, 50.95, 48.438
2342, 50.67, 48.455
2343, 50.11, 48.488
2344, 49.83, 48.505
2345, 49.57, 48.522
2346, 49.3, 48.538
2347, 49.02, 48.555
2348, 48.46, 48.588
2349, 48.18, 48.605
2350, 47.93, 48.622
2351, 47.68, 48.638
2352, 47.24, 48.672
2353, 47, 48.688
2354, 46.74, 48.705
2355, 46.5, 48.722
2356, 46.01, 48.755
2357, 45.77, 48.772
2358, 45.57, 48.788
2359, 45.2, 48.822
2360, 45.06, 48.838
2361, 44.87, 48.855
2362, 44.46, 48.888
2363, 44.29, 48.905
2364, 44.05, 48.922
2365, 43.53, 48.955
2366, 43.34, 48.972
2367, 43.02, 49.005
2368, 42.86, 49.022
2369, 42.69, 49.038
2370, 42.39, 49.072
2371, 42.21, 49.088
2372, 41.74, 49.122
2373, 41.51, 49.138
2374, 41.26, 49.155
2375, 40.8, 49.188
2376, 40.62, 49.205
2377, 40.26, 49.238
2378, 40.08, 49.255
2379, 39.71, 49.288
2380, 39.51, 49.305
2381, 39.12, 49.338
2382, 38.94, 49.355
2383, 38.56, 49.388
2384, 38.19, 49.422
2385, 38, 49.438
2386, 37.62, 49.472
2387, 37.43, 49.488
2388, 37.07, 49.522
2389, 36.7, 49.555
2390, 36.51, 49.572
2391, 36.15, 49.605
2392, 35.78, 49.638
2393, 35.6, 49.655
2394, 35.23, 49.688
2395, 34.87, 49.722
2396, 34.69, 49.738
2397, 34.34, 49.772
2398, 33.94, 49.805
2399, 33.52, 49.838
2400, 33.33, 49.855
2401, 32.97, 49.888
2402, 32.54, 49.922
2403, 32.15, 49.955
2404, 31.74, 49.988
2405, 31.31, 50.022
2406, 30.89, 50.055
2407, 30.48, 50.088
2408, 30.06, 50.122
2409, 29.65, 50.155
2410, 29.26, 50.188
2411, 29.07, 50.205
2412, 28.63, 50.238
2413, 27.99, 50.288
2414, 27.62, 50.322
2415, 27.25, 50.355
2416, 26.83, 50.388
2417, 26.46, 50.422
2418, 26.15, 50.455
2419, 25.86, 50.488
2420, 25.42, 50.538
2421, 25.11, 50.572
2422, 24.84, 50.605
2423, 24.64, 50.638
2424, 24.3, 50.688
2425, 24.12, 50.722
2426, 23.93, 50.772
2427, 23.81, 50.805
2428, 23.72, 50.838
2429, 23.6, 50.888
2430, 23.51, 50.922
2431, 23.37, 50.972
2432, 23.28, 51.005
2433, 23.2, 51.038
2434, 23.09, 51.088
2435, 23.03, 51.122
2436, 22.92, 51.172
2437, 22.86, 51.205
2438, 22.77, 51.255
2439, 22.68, 51.288
2440, 22.54, 51.338
2441, 22.36, 51.388
2442, 22.29, 51.422
2443, 22.14, 51.472
2444, 22.05, 51.505
2445, 21.88, 51.555
2446, 21.75, 51.605
2447, 21.75, 51.638
2448, 21.78, 51.688
2449, 21.77, 51.738
2450, 21.8, 51.772
2451, 21.86, 51.822
2452, 21.98, 51.855
2453, 22.09, 51.905
2454, 22.14, 51.938
2455, 22.28, 51.988
2456, 22.38, 52.038
2457, 22.44, 52.072
2458, 22.53, 52.122
2459, 22.62, 52.155
2460, 22.73, 52.205
2461, 22.89, 52.238
2462, 23.07, 52.288
2463, 23.25, 52.338
2464, 23.37, 52.372
2465, 23.64, 52.422
2466, 23.74, 52.455
2467, 23.87, 52.505
2468, 23.99, 52.538
2469, 24.3, 52.588
2470, 24.47, 52.622
2471, 24.73, 52.672
2472, 24.93, 52.705
2473, 25.27, 52.755
2474, 25.43, 52.788
2475, 25.78, 52.838
2476, 26.13, 52.872
2477, 26.31, 52.905
2478, 26.57, 52.955
2479, 26.82, 52.988
2480, 26.99, 53.022
2481, 27.28, 53.072
2482, 27.49, 53.105
2483, 27.67, 53.138
2484, 27.89, 53.172
2485, 28.15, 53.205
2486, 28.31, 53.238
2487, 28.5, 53.272
2488, 28.76, 53.305
2489, 28.96, 53.338
2490, 29.15, 53.372
2491, 29.34, 53.405
2492, 29.45, 53.422
2493, 29.7, 53.455
2494, 29.93, 53.488
2495, 30.12, 53.522
2496, 30.37, 53.555
2497, 30.61, 53.588
2498, 30.71, 53.605
2499, 30.92, 53.638
2500, 31.17, 53.672
2501, 31.38, 53.705
2502, 31.59, 53.738
2503, 31.72, 53.755
2504, 31.95, 53.788
2505, 32.18, 53.822
2506, 32.42, 53.855
2507, 32.65, 53.888
2508, 32.77, 53.905
2509, 33.01, 53.938
2510, 33.25, 53.972
2511, 33.48, 54.005
2512, 33.71, 54.038
2513, 33.81, 54.055
2514, 34.03, 54.088
2515, 34.29, 54.122
2516, 34.42, 54.138
2517, 34.65, 54.172
2518, 34.88, 54.205
2519, 35.14, 54.238
2520, 35.27, 54.255
2521, 35.49, 54.288
2522, 35.72, 54.322
2523, 35.84, 54.338
2524, 36.08, 54.372
2525, 36.29, 54.405
2526, 36.4, 54.422
2527, 36.64, 54.455
2528, 36.87, 54.488
2529, 36.98, 54.505
2530, 37.2, 54.538
2531, 37.42, 54.572
2532, 37.53, 54.588
2533, 37.74, 54.622
2534, 37.84, 54.638
2535, 38.06, 54.672
2536, 38.28, 54.705
2537, 38.38, 54.722
2538, 38.59, 54.755
2539, 38.69, 54.772
2540, 38.89, 54.805
2541, 38.99, 54.822
2542, 39.21, 54.855
2543, 39.39, 54.888
2544, 39.48, 54.905
2545, 39.68, 54.938
2546, 39.71, 54.955
2547, 39.82, 54.988
2548, 39.98, 55.005
2549, 40.12, 55.038
2550, 40.22, 55.055
2551, 40.42, 55.088
2552, 40.5, 55.105
2553, 40.69, 55.138
2554, 40.78, 55.155
2555, 40.95, 55.188
2556, 41.04, 55.205
2557, 41.22, 55.238
2558, 41.32, 55.255
2559, 41.5, 55.288
2560, 41.58, 55.305
2561, 41.77, 55.338
2562, 41.87, 55.355
2563, 42.05, 55.388
2564, 42.14, 55.405
2565, 42.23, 55.422
2566, 42.42, 55.455
2567, 42.51, 55.472
2568, 42.7, 55.505
2569, 42.79, 55.522
2570, 42.97, 55.555
2571, 43.06, 55.572
2572, 43.15, 55.588
2573, 43.33, 55.622
2574, 43.41, 55.638
2575, 43.58, 55.672
2576, 43.68, 55.688
2577, 43.77, 55.705
2578, 43.92, 55.738
2579, 44, 55.755
2580, 44.09, 55.772
2581, 44.26, 55.805
2582, 44.34, 55.822
2583, 44.42, 55.838
2584, 44.57, 55.872
2585, 44.65, 55.888
2586, 44.72, 55.905
2587, 44.9, 55.938
2588, 44.99, 55.955
2589, 45.06, 55.972
2590, 45.21, 56.005
2591, 45.29, 56.022
2592, 45.35, 56.038
2593, 45.5, 56.072
2594, 45.58, 56.088
2595, 45.67, 56.105
2596, 45.8, 56.138
2597, 45.86, 56.155
2598, 45.91, 56.172
2599, 45.97, 56.188
2600, 46.1, 56.222
2601, 46.16, 56.238
2602, 46.21, 56.255
2603, 46.31, 56.288
2604, 46.36, 56.305
2605, 46.38, 56.322
2606, 46.36, 56.355
2607, 46.33, 56.372
2608, 46.31, 56.388
2609, 46.28, 56.405
2610, 46.17, 56.438
2611, 46.1, 56.455
2612, 46.06, 56.472
2613, 45.94, 56.505
2614, 45.89, 56.522
2615, 45.84, 56.538
2616, 45.75, 56.572
2617, 45.7, 56.588
2618, 45.66, 56.605
2619, 45.57, 56.638
2620, 45.53, 56.655
2621, 45.48, 56.672
2622, 45.39, 56.705
2623, 45.35, 56.722
2624, 45.3, 56.738
2625, 45.21, 56.772
2626, 45.16, 56.788
2627, 45.12, 56.805
2628, 45.05, 56.838
2629, 45.02, 56.855
2630, 45, 56.872
2631, 44.96, 56.905
2632, 45.02, 56.922
2633, 45.08, 56.938
2634, 45.12, 56.972
2635, 45.15, 56.988
2636, 45.27, 57.022
2637, 45.33, 57.038
2638, 45.4, 57.055
2639, 45.51, 57.088
2640, 45.57, 57.105
2641, 45.63, 57.122
2642, 45.78, 57.155
2643, 45.85, 57.172
2644, 45.91, 57.188
2645, 46.05, 57.222
2646, 46.11, 57.238
2647, 46.16, 57.255
2648, 46.16, 57.288
2649, 46.28, 57.305
2650, 46.37, 57.322
2651, 46.48, 57.355
2652, 46.54, 57.372
2653, 46.59, 57.388
2654, 46.7, 57.422
2655, 46.75, 57.438
2656, 46.78, 57.455
2657, 46.81, 57.472
2658, 46.84, 57.505
2659, 46.84, 57.522
2660, 46.82, 57.538
2661, 46.77, 57.572
2662, 46.74, 57.588
2663, 46.67, 57.605
2664, 46.59, 57.638
2665, 46.56, 57.655
2666, 46.53, 57.672
2667, 46.42, 57.705
2668, 46.38, 57.722
2669, 46.35, 57.738
2670, 46.25, 57.772
2671, 46.21, 57.788
2672, 46.17, 57.805
2673, 46.08, 57.838
2674, 46.04, 57.855
2675, 46, 57.872
2676, 45.96, 57.888
2677, 45.87, 57.922
2678, 45.82, 57.938
2679, 45.78, 57.955
2680, 45.69, 57.988
2681, 45.65, 58.005
2682, 45.62, 58.022
2683, 45.56, 58.055
2684, 45.53, 58.072
2685, 45.56, 58.088
2686, 45.57, 58.122
2687, 45.56, 58.138
2688, 45.58, 58.155
2689, 45.62, 58.188
2690, 45.64, 58.205
2691, 45.66, 58.222
2692, 45.72, 58.255
2693, 45.75, 58.272
2694, 45.78, 58.288
2695, 45.84, 58.322
2696, 45.87, 58.338
2697, 45.9, 58.355
2698, 45.99, 58.388
2699, 46.02, 58.405
2700, 46.06, 58.422
2701, 46.16, 58.455
2702, 46.21, 58.472
2703, 46.26, 58.488
2704, 46.3, 58.505
2705, 46.4, 58.538
2706, 46.46, 58.555
2707, 46.51, 58.572
2708, 46.6, 58.605
2709, 46.64, 58.622
2710, 46.69, 58.638
2711, 46.74, 58.655
2712, 46.87, 58.688
2713, 46.89, 58.705
2714, 46.93, 58.722
2715, 47.01, 58.738
2716, 47.08, 58.755
2717, 47.16, 58.788
2718, 47.2, 58.805
2719, 47.24, 58.822
2720, 47.29, 58.838
2721, 47.44, 58.872
2722, 47.48, 58.888
2723, 47.52, 58.905
2724, 47.55, 58.922
2725, 47.67, 58.955
2726, 47.71, 58.972
2727, 47.74, 58.988
2728, 47.76, 59.005
2729, 47.81, 59.022
2730, 47.97, 59.055
2731, 47.99, 59.072
2732, 48.01, 59.088
2733, 48.07, 59.105
2734, 48.2, 59.138
2735, 48.22, 59.155
2736, 48.25, 59.172
2737, 48.28, 59.188
2738, 48.34, 59.205
2739, 48.52, 59.238
2740, 48.58, 59.255
2741, 48.62, 59.272
2742, 48.68, 59.288
2743, 48.73, 59.305
2744, 48.82, 59.338
2745, 48.88, 59.355
2746, 48.93, 59.372
2747, 48.99, 59.388
2748, 49.05, 59.405
2749, 49.14, 59.438
2750, 49.2, 59.455
2751, 49.27, 59.472
2752, 49.33, 59.488
2753, 49.38, 59.505
2754, 49.48, 59.538
2755, 49.53, 59.555
2756, 49.58, 59.572
2757, 49.64, 59.588
2758, 49.7, 59.605
2759, 49.75, 59.622
2760, 49.86, 59.655
2761, 49.93, 59.672
2762, 49.98, 59.688
2763, 50.02, 59.705
2764, 50.08, 59.722
2765, 50.15, 59.738
2766, 50.26, 59.772
2767, 50.32, 59.788
2768, 50.39, 59.805
2769, 50.45, 59.822
2770, 50.5, 59.838
2771, 50.55, 59.855
2772, 50.67, 59.888
2773, 50.73, 59.905
2774, 50.8, 59.922
2775, 50.86, 59.938
2776, 50.91, 59.955
2777, 50.96, 59.972
2778, 51.02, 59.988
2779, 51.13, 60.022
2780, 51.19, 60.038
2781, 51.25, 60.055
2782, 51.32, 60.072
2783, 51.4, 60.088
2784, 51.45, 60.105
2785, 51.51, 60.122
2786, 51.63, 60.155
2787, 51.68, 60.172
2788, 51.73, 60.188
2789, 51.79, 60.205
2790, 51.86, 60.222
2791, 51.91, 60.238
2792, 51.95, 60.255
2793, 52.02, 60.272
2794, 52.13, 60.305
2795, 52.17, 60.322
2796, 52.24, 60.338
2797, 52.31, 60.355
2798, 52.37, 60.372
2799, 52.4, 60.388
2800, 52.45, 60.405
2801, 52.56, 60.438
2802, 52.61, 60.455
2803, 52.67, 60.472
2804, 52.73, 60.488
2805, 52.77, 60.505
2806, 52.82, 60.522
2807, 52.88, 60.538
2808, 52.94, 60.555
2809, 53.04, 60.588
2810, 53.1, 60.605
2811, 53.15, 60.622
2812, 53.19, 60.638
2813, 53.24, 60.655
2814, 53.29, 60.672
2815, 53.35, 60.688
2816, 53.4, 60.705
2817, 53.51, 60.738
2818, 53.56, 60.755
2819, 53.62, 60.772
2820, 53.67, 60.788
2821, 53.73, 60.805
2822, 53.78, 60.822
2823, 53.83, 60.838
2824, 53.88, 60.855
2825, 53.99, 60.888
2826, 54.04, 60.905
2827, 54.09, 60.922
2828, 54.14, 60.938
2829, 54.2, 60.955
2830, 54.25, 60.972
2831, 54.3, 60.988
2832, 54.35, 61.005
2833, 54.4, 61.022
2834, 54.5, 61.055
2835, 54.55, 61.072
2836, 54.61, 61.088
2837, 54.66, 61.105
2838, 54.71, 61.122
2839, 54.76, 61.138
2840, 54.81, 61.155
2841, 54.87, 61.172
2842, 54.92, 61.188
2843, 54.97, 61.205
2844, 55.07, 61.238
2845, 55.11, 61.255
2846, 55.16, 61.272
2847, 55.2, 61.288
2848, 55.24, 61.305
2849, 55.29, 61.322
2850, 55.32, 61.338
2851, 55.35, 61.355
2852, 55.38, 61.372
2853, 55.41, 61.388
2854, 55.44, 61.405
2855, 55.48, 61.438
2856, 55.51, 61.455
2857, 55.52, 61.472
2858, 55.54, 61.488
2859, 55.55, 61.505
2860, 55.55, 61.522
2861, 55.55, 61.538
2862, 55.56, 61.555
2863, 55.56, 61.572
2864, 55.56, 61.588
2865, 55.56, 61.605
2866, 55.56, 61.622
2867, 55.54, 61.655
2868, 55.53, 61.672
2869, 55.51, 61.688
2870, 55.49, 61.705
2871, 55.46, 61.722
2872, 55.42, 61.738
2873, 55.37, 61.755
2874, 55.31, 61.772
2875, 55.24, 61.788
2876, 55.15, 61.805
2877, 55.04, 61.822
2878, 54.9, 61.838
2879, 54.6, 61.872
2880, 54.45, 61.888
2881, 54.29, 61.905
2882, 54.08, 61.922
2883, 53.87, 61.938
2884, 53.71, 61.955
2885, 53.56, 61.972
2886, 53.38, 61.988
2887, 53.19, 62.005
2888, 52.85, 62.038
2889, 52.69, 62.055
2890, 52.51, 62.072
2891, 52.34, 62.088
2892, 52.17, 62.105
2893, 52.01, 62.122
2894, 51.7, 62.155
2895, 51.56, 62.172
2896, 51.42, 62.188
2897, 51.28, 62.205
2898, 51.15, 62.222
2899, 51.03, 62.238
2900, 50.78, 62.272
2901, 50.66, 62.288
2902, 50.56, 62.305
2903, 50.45, 62.322
2904, 50.35, 62.338
2905, 50.18, 62.372
2906, 50.11, 62.388
2907, 50.04, 62.405
2908, 49.98, 62.422
2909, 49.93, 62.438
2910, 49.83, 62.472
2911, 49.78, 62.488
2912, 49.73, 62.505
2913, 49.69, 62.522
2914, 49.64, 62.538
2915, 49.55, 62.572
2916, 49.51, 62.588
2917, 49.47, 62.605
2918, 49.42, 62.622
2919, 49.33, 62.655
2920, 49.28, 62.672
2921, 49.23, 62.688
2922, 49.18, 62.705
2923, 49.09, 62.738
2924, 49.04, 62.755
2925, 48.99, 62.772
2926, 48.95, 62.788
2927, 48.9, 62.805
2928, 48.81, 62.838
2929, 48.76, 62.855
2930, 48.72, 62.872
2931, 48.67, 62.888
2932, 48.56, 62.922
2933, 48.5, 62.938
2934, 48.44, 62.955
2935, 48.38, 62.972
2936, 48.26, 63.005
2937, 48.2, 63.022
2938, 48.13, 63.038
2939, 48.07, 63.055
2940, 47.96, 63.088
2941, 47.91, 63.105
2942, 47.86, 63.122
2943, 47.8, 63.138
2944, 47.67, 63.172
2945, 47.58, 63.188
2946, 47.5, 63.205
2947, 47.42, 63.222
2948, 47.27, 63.255
2949, 47.2, 63.272
2950, 47.14, 63.288
2951, 47.08, 63.305
2952, 46.94, 63.338
2953, 46.87, 63.355
2954, 46.8, 63.372
2955, 46.67, 63.405
2956, 46.61, 63.422
2957, 46.55, 63.438
2958, 46.49, 63.455
2959, 46.37, 63.488
2960, 46.31, 63.505
2961, 46.26, 63.522
2962, 46.16, 63.555
2963, 46.11, 63.572
2964, 46.06, 63.588
2965, 46.01, 63.605
2966, 45.91, 63.638
2967, 45.86, 63.655
2968, 45.82, 63.672
2969, 45.74, 63.705
2970, 45.72, 63.722
2971, 45.71, 63.738
2972, 45.59, 63.772
2973, 45.54, 63.788
2974, 45.48, 63.805
2975, 45.38, 63.838
2976, 45.33, 63.855
2977, 45.28, 63.872
2978, 45.15, 63.905
2979, 45.11, 63.922
2980, 45.06, 63.938
2981, 44.95, 63.972
2982, 44.9, 63.988
2983, 44.85, 64.005
2984, 44.74, 64.038
2985, 44.72, 64.055
2986, 44.76, 64.072
2987, 44.7, 64.105
2988, 44.71, 64.122
2989, 44.74, 64.138
2990, 44.76, 64.172
2991, 44.79, 64.188
2992, 44.82, 64.205
2993, 44.89, 64.238
2994, 44.93, 64.255
2995, 44.99, 64.288
2996, 45.02, 64.305
2997, 45.07, 64.322
2998, 45.15, 64.355
2999, 45.18, 64.372
3000, 45.22, 64.388
3001, 45.31, 64.422
3002, 45.34, 64.438
3003, 45.38, 64.455
3004, 45.48, 64.488
3005, 45.52, 64.505
3006, 45.57, 64.522
3007, 45.69, 64.555
3008, 45.75, 64.572
3009, 45.81, 64.588
3010, 45.92, 64.622
3011, 45.98, 64.638
3012, 46.03, 64.655
3013, 46.09, 64.672
3014, 46.21, 64.705
3015, 46.27, 64.722
3016, 46.33, 64.738
3017, 46.45, 64.772
3018, 46.51, 64.788
3019, 46.57, 64.805
3020, 46.68, 64.838
3021, 46.73, 64.855
3022, 46.79, 64.872
3023, 46.85, 64.888
3024, 46.96, 64.922
3025, 47.02, 64.938
3026, 47.08, 64.955
3027, 47.19, 64.988
3028, 47.25, 65.005
3029, 47.31, 65.022
3030, 47.36, 65.038
3031, 47.46, 65.072
3032, 47.51, 65.088
3033, 47.56, 65.105
3034, 47.64, 65.138
3035, 47.7, 65.155
3036, 47.76, 65.172
3037, 47.82, 65.188
3038, 47.93, 65.222
3039, 47.97, 65.238
3040, 48.02, 65.255
3041, 48.07, 65.272
3042, 48.19, 65.305
3043, 48.24, 65.322
3044, 48.28, 65.338
3045, 48.34, 65.355
3046, 48.45, 65.388
3047, 48.5, 65.405
3048, 48.54, 65.422
3049, 48.6, 65.438
3050, 48.72, 65.472
3051, 48.78, 65.488
3052, 48.83, 65.505
3053, 48.88, 65.522
3054, 49, 65.555
3055, 49.05, 65.572
3056, 49.11, 65.588
3057, 49.16, 65.605
3058, 49.27, 65.638
3059, 49.33, 65.655
3060, 49.38, 65.672
3061, 49.43, 65.688
3062, 49.48, 65.705
3063, 49.6, 65.738
3064, 49.65, 65.755
3065, 49.71, 65.772
3066, 49.76, 65.788
3067, 49.82, 65.805
3068, 49.93, 65.838
3069, 49.99, 65.855
3070, 50.04, 65.872
3071, 50.09, 65.888
3072, 50.14, 65.905
3073, 50.25, 65.938
3074, 50.3, 65.955
3075, 50.35, 65.972
3076, 50.41, 65.988
3077, 50.47, 66.005
3078, 50.58, 66.038
3079, 50.63, 66.055
3080, 50.68, 66.072
3081, 50.73, 66.088
3082, 50.79, 66.105
3083, 50.89, 66.138
3084, 50.94, 66.155
3085, 51, 66.172
3086, 51.05, 66.188
3087, 51.11, 66.205
3088, 51.22, 66.238
3089, 51.27, 66.255
3090, 51.32, 66.272
3091, 51.36, 66.288
3092, 51.41, 66.305
3093, 51.47, 66.322
3094, 51.57, 66.355
3095, 51.62, 66.372
3096, 51.67, 66.388
3097, 51.72, 66.405
3098, 51.77, 66.422
3099, 51.82, 66.438
3100, 51.92, 66.472
3101, 51.97, 66.488
3102, 52.02, 66.505
3103, 52.07, 66.522
3104, 52.12, 66.538
3105, 52.16, 66.555
3106, 52.21, 66.572
3107, 52.31, 66.605
3108, 52.36, 66.622
3109, 52.4, 66.638
3110, 52.46, 66.655
3111, 52.51, 66.672
3112, 52.56, 66.688
3113, 52.65, 66.722
3114, 52.7, 66.738
3115, 52.75, 66.755
3116, 52.8, 66.772
3117, 52.84, 66.788
3118, 52.89, 66.805
3119, 52.94, 66.822
3120, 52.99, 66.838
3121, 53.09, 66.872
3122, 53.13, 66.888
3123, 53.18, 66.905
3124, 53.23, 66.922
3125, 53.28, 66.938
3126, 53.33, 66.955
3127, 53.37, 66.972
3128, 53.46, 67.005
3129, 53.5, 67.022
3130, 53.53, 67.038
3131, 53.57, 67.055
3132, 53.6, 67.072
3133, 53.63, 67.088
3134, 53.65, 67.105
3135, 53.67, 67.122
3136, 53.7, 67.155
3137, 53.71, 67.172
3138, 53.71, 67.188
3139, 53.7, 67.205
3140, 53.69, 67.222
3141, 53.67, 67.238
3142, 53.64, 67.255
3143, 53.59, 67.272
3144, 53.54, 67.288
3145, 53.39, 67.322
3146, 53.29, 67.338
3147, 53.17, 67.355
3148, 53.03, 67.372
3149, 52.84, 67.388
3150, 52.62, 67.405
3151, 52.38, 67.422
3152, 51.86, 67.455
3153, 51.59, 67.472
3154, 51.31, 67.488
3155, 51.01, 67.505
3156, 50.72, 67.522
3157, 50.42, 67.538
3158, 49.81, 67.572
3159, 49.48, 67.588
3160, 49.18, 67.605
3161, 48.87, 67.622
3162, 48.56, 67.638
3163, 47.92, 67.672
3164, 47.62, 67.688
3165, 47.3, 67.705
3166, 46.7, 67.738
3167, 46.4, 67.755
3168, 46.11, 67.772
3169, 45.82, 67.788
3170, 45.21, 67.822
3171, 44.92, 67.838
3172, 44.6, 67.855
3173, 44.01, 67.888
3174, 43.71, 67.905
3175, 43.41, 67.922
3176, 42.79, 67.955
3177, 42.48, 67.972
3178, 41.92, 68.005
3179, 41.64, 68.022
3180, 41.03, 68.055
3181, 40.73, 68.072
3182, 40.16, 68.105
3183, 39.88, 68.122
3184, 39.28, 68.155
3185, 38.98, 68.172
3186, 38.43, 68.205
3187, 38.15, 68.222
3188, 37.63, 68.255
3189, 37.35, 68.272
3190, 36.83, 68.305
3191, 36.37, 68.338
3192, 36.16, 68.355
3193, 35.68, 68.388
3194, 35.21, 68.422
3195, 34.99, 68.438
3196, 34.48, 68.472
3197, 34.01, 68.505
3198, 33.59, 68.538
3199, 33.38, 68.555
3200, 32.96, 68.588
3201, 32.53, 68.622
3202, 32.13, 68.655
3203, 31.73, 68.688
3204, 31.32, 68.722
3205, 31.14, 68.738
3206, 30.72, 68.772
3207, 30.32, 68.805
3208, 29.93, 68.838
3209, 29.5, 68.872
3210, 29.1, 68.905
3211, 28.52, 68.955
3212, 28.14, 68.988
3213, 27.74, 69.022
3214, 27.36, 69.055
3215, 26.99, 69.088
3216, 26.66, 69.122
3217, 26.15, 69.172
3218, 25.78, 69.205
3219, 25.49, 69.238
3220, 25.06, 69.288
3221, 24.82, 69.322
3222, 24.43, 69.372
3223, 24.18, 69.405
3224, 23.96, 69.438
3225, 23.61, 69.488
3226, 23.27, 69.538
3227, 23.05, 69.572
3228, 22.72, 69.622
3229, 22.55, 69.655
3230, 22.33, 69.705
3231, 22.17, 69.755
3232, 22.11, 69.788
3233, 22.01, 69.838
3234, 21.94, 69.872
3235, 21.85, 69.922
3236, 21.8, 69.955
3237, 21.75, 70.005
3238, 21.71, 70.038
3239, 21.67, 70.088
3240, 21.64, 70.122
3241, 21.61, 70.155
3242, 21.46, 70.205
3243, 21.39, 70.238
3244, 21.33, 70.288
3245, 21.24, 70.322
3246, 21.12, 70.372
3247, 21.06, 70.405
3248, 20.97, 70.455
3249, 20.87, 70.505
3250, 20.8, 70.538
3251, 20.68, 70.588
3252, 20.56, 70.638
3253, 20.44, 70.688
3254, 20.36, 70.738
3255, 20.35, 70.772
3256, 20.49, 70.822
3257, 20.56, 70.872
3258, 20.56, 70.922
3259, 20.62, 70.955
3260, 20.83, 71.005
3261, 21.25, 71.055
3262, 21.27, 71.088
3263, 21.38, 71.138
3264, 21.66, 71.188
3265, 21.89, 71.222
3266, 22.06, 71.272
3267, 22.24, 71.322
3268, 22.39, 71.355
3269, 22.74, 71.405
3270, 23.14, 71.455
3271, 23.38, 71.488
3272, 23.69, 71.538
3273, 23.89, 71.572
3274, 24.1, 71.605
3275, 24.43, 71.655
3276, 24.64, 71.688
3277, 25.01, 71.738
3278, 25.27, 71.772
3279, 25.54, 71.805
3280, 25.9, 71.855
3281, 26.16, 71.888
3282, 26.39, 71.922
3283, 26.64, 71.955
3284, 26.91, 71.988
3285, 27.31, 72.038
3286, 27.57, 72.072
3287, 27.82, 72.105
3288, 28.09, 72.138
3289, 28.35, 72.172
3290, 28.62, 72.205
3291, 28.9, 72.238
3292, 29.18, 72.272
3293, 29.55, 72.322
3294, 29.77, 72.355
3295, 30.01, 72.388
3296, 30.02, 72.422
3297, 30.35, 72.455
3298, 30.61, 72.488
3299, 30.86, 72.522
3300, 31.06, 72.555
3301, 31.28, 72.588
3302, 31.52, 72.622
3303, 31.62, 72.638
3304, 31.83, 72.672
3305, 32.04, 72.705
3306, 32.27, 72.738
3307, 32.5, 72.772
3308, 32.72, 72.805
3309, 32.93, 72.838
3310, 33.13, 72.872
3311, 33.23, 72.888
3312, 33.44, 72.922
3313, 33.66, 72.955
3314, 33.88, 72.988
3315, 34, 73.005
3316, 34.19, 73.038
3317, 34.39, 73.072
3318, 34.59, 73.105
3319, 34.71, 73.122
3320, 34.93, 73.155
3321, 35.15, 73.188
3322, 35.36, 73.222
3323, 35.46, 73.238
3324, 35.65, 73.272
3325, 35.82, 73.305
3326, 35.96, 73.322
3327, 36.28, 73.355
3328, 36.4, 73.388
3329, 36.47, 73.405
3330, 36.72, 73.438
3331, 36.93, 73.472
3332, 36.99, 73.488
3333, 37.16, 73.522
3334, 37.27, 73.538
3335, 37.51, 73.572
3336, 37.73, 73.605
3337, 37.83, 73.622
3338, 37.97, 73.655
3339, 38.08, 73.672
3340, 38.31, 73.705
3341, 38.51, 73.738
3342, 38.6, 73.755
3343, 38.79, 73.788
3344, 38.88, 73.805
3345, 39.07, 73.838
3346, 39.16, 73.855
3347, 39.35, 73.888
3348, 39.36, 73.905
3349, 39.46, 73.938
3350, 39.61, 73.955
3351, 39.79, 73.988
3352, 39.9, 74.005
3353, 40.05, 74.038
3354, 40.13, 74.055
3355, 40.3, 74.088
3356, 40.38, 74.105
3357, 40.55, 74.138
3358, 40.63, 74.155
3359, 40.79, 74.188
3360, 40.87, 74.205
3361, 41.03, 74.238
3362, 41.11, 74.255
3363, 41.27, 74.288
3364, 41.35, 74.305
3365, 41.51, 74.338
3366, 41.59, 74.355
3367, 41.76, 74.388
3368, 41.85, 74.405
3369, 41.92, 74.422
3370, 42.08, 74.455
3371, 42.16, 74.472
3372, 42.32, 74.505
3373, 42.4, 74.522
3374, 42.55, 74.555
3375, 42.63, 74.572
3376, 42.71, 74.588
3377, 42.86, 74.622
3378, 42.94, 74.638
3379, 43.1, 74.672
3380, 43.19, 74.688
3381, 43.26, 74.705
3382, 43.42, 74.738
3383, 43.49, 74.755
3384, 43.57, 74.772
3385, 43.73, 74.805
3386, 43.8, 74.822
3387, 43.95, 74.855
3388, 44.03, 74.872
3389, 44.11, 74.888
3390, 44.26, 74.922
3391, 44.33, 74.938
3392, 44.41, 74.955
3393, 44.56, 74.988
3394, 44.63, 75.005
3395, 44.71, 75.022
3396, 44.86, 75.055
3397, 44.94, 75.072
3398, 45.01, 75.088
3399, 45.16, 75.122
3400, 45.24, 75.138
3401, 45.31, 75.155
3402, 45.46, 75.188
3403, 45.54, 75.205
3404, 45.62, 75.222
3405, 45.76, 75.255
3406, 45.83, 75.272
3407, 45.9, 75.288
3408, 46.04, 75.322
3409, 46.12, 75.338
3410, 46.19, 75.355
3411, 46.34, 75.388
3412, 46.41, 75.405
3413, 46.49, 75.422
3414, 46.56, 75.438
3415, 46.7, 75.472
3416, 46.77, 75.488
3417, 46.84, 75.505
3418, 46.98, 75.538
3419, 47.06, 75.555
3420, 47.13, 75.572
3421, 47.19, 75.588
3422, 47.32, 75.622
3423, 47.39, 75.638
3424, 47.46, 75.655
3425, 47.53, 75.672
3426, 47.66, 75.705
3427, 47.73, 75.722
3428, 47.8, 75.738
3429, 47.87, 75.755
3430, 48, 75.788
3431, 48.07, 75.805
3432, 48.13, 75.822
3433, 48.2, 75.838
3434, 48.33, 75.872
3435, 48.39, 75.888
3436, 48.45, 75.905
3437, 48.51, 75.922
3438, 48.65, 75.955
3439, 48.72, 75.972
3440, 48.78, 75.988
3441, 48.84, 76.005
3442, 48.96, 76.038
3443, 49.03, 76.055
3444, 49.09, 76.072
3445, 49.07, 76.088
3446, 49.04, 76.105
3447, 49.29, 76.138
3448, 49.3, 76.155
3449, 49.34, 76.172
3450, 49.41, 76.188
3451, 49.52, 76.222
3452, 49.57, 76.238
3453, 49.63, 76.255
3454, 49.69, 76.272
3455, 49.74, 76.288
3456, 49.85, 76.322
3457, 49.9, 76.338
3458, 49.96, 76.355
3459, 50.01, 76.372
3460, 50.07, 76.388
3461, 50.17, 76.422
3462, 50.22, 76.438
3463, 50.28, 76.455
3464, 50.33, 76.472
3465, 50.38, 76.488
3466, 50.5, 76.522
3467, 50.55, 76.538
3468, 50.6, 76.555
3469, 50.65, 76.572
3470, 50.71, 76.588
3471, 50.81, 76.622
3472, 50.86, 76.638
3473, 50.91, 76.655
3474, 50.96, 76.672
3475, 51.01, 76.688
3476, 51.06, 76.705
3477, 51.17, 76.738
3478, 51.23, 76.755
3479, 51.28, 76.772
3480, 51.33, 76.788
3481, 51.38, 76.805
3482, 51.43, 76.822
3483, 51.54, 76.855
3484, 51.59, 76.872
3485, 51.64, 76.888
3486, 51.69, 76.905
3487, 51.74, 76.922
3488, 51.79, 76.938
3489, 51.9, 76.972
3490, 51.94, 76.988
3491, 51.99, 77.005
3492, 52.04, 77.022
3493, 52.09, 77.038
3494, 52.14, 77.055
3495, 52.19, 77.072
3496, 52.28, 77.105
3497, 52.34, 77.122
3498, 52.38, 77.138
3499, 52.43, 77.155
3500, 52.48, 77.172
3501, 52.53, 77.188
3502, 52.63, 77.222
3503, 52.68, 77.238
3504, 52.72, 77.255
3505, 52.77, 77.272
3506, 52.82, 77.288
3507, 52.87, 77.305
3508, 52.92, 77.322
3509, 52.97, 77.338
3510, 53.07, 77.372
3511, 53.12, 77.388
3512, 53.17, 77.405
3513, 53.22, 77.422
3514, 53.27, 77.438
3515, 53.32, 77.455
3516, 53.36, 77.472
3517, 53.41, 77.488
3518, 53.5, 77.522
3519, 53.54, 77.538
3520, 53.59, 77.555
3521, 53.63, 77.572
3522, 53.68, 77.588
3523, 53.73, 77.605
3524, 53.77, 77.622
3525, 53.8, 77.638
3526, 53.89, 77.672
3527, 53.93, 77.688
3528, 53.97, 77.705
3529, 54.02, 77.722
3530, 54.06, 77.738
3531, 54.11, 77.755
3532, 54.15, 77.772
3533, 54.19, 77.788
3534, 54.23, 77.805
3535, 54.31, 77.838
3536, 54.36, 77.855
3537, 54.4, 77.872
3538, 54.44, 77.888
3539, 54.48, 77.905
3540, 54.52, 77.922
3541, 54.56, 77.938
3542, 54.6, 77.955
3543, 54.64, 77.972
3544, 54.68, 77.988
3545, 54.76, 78.022
3546, 54.8, 78.038
3547, 54.84, 78.055
3548, 54.89, 78.072
3549, 54.92, 78.088
3550, 54.96, 78.105
3551, 55, 78.122
3552, 55.05, 78.138
3553, 55.09, 78.155
3554, 55.13, 78.172
3555, 55.17, 78.188
3556, 55.23, 78.222
3557, 55.27, 78.238
3558, 55.31, 78.255
3559, 55.35, 78.272
3560, 55.38, 78.288
3561, 55.42, 78.305
3562, 55.46, 78.322
3563, 55.5, 78.338
3564, 55.54, 78.355
3565, 55.54, 78.355
