0, 54.49, 100.665
1, 54.54, 100.682
2, 54.64, 100.715
3, 54.68, 100.732
4, 54.73, 100.749
5, 54.78, 100.765
6, 54.83, 100.782
7, 54.87, 100.799
8, 54.92, 100.815
9, 54.97, 100.832
10, 55.01, 100.849
11, 55.06, 100.865
12, 55.11, 100.882
13, 55.2, 100.915
14, 55.25, 100.932
15, 55.3, 100.949
16, 55.34, 100.965
17, 55.38, 100.982
18, 55.43, 100.999
19, 55.48, 101.015
20, 55.52, 101.032
21, 55.57, 101.049
22, 55.62, 101.065
23, 55.66, 101.082
24, 55.71, 101.099
25, 55.8, 101.132
26, 55.85, 101.149
27, 55.89, 101.165
28, 55.94, 101.182
29, 55.98, 101.199
30, 56.03, 101.215
31, 56.07, 101.232
32, 56.12, 101.249
33, 56.16, 101.265
34, 56.21, 101.282
35, 56.25, 101.299
36, 56.29, 101.315
37, 56.34, 101.332
38, 56.38, 101.349
39, 56.47, 101.382
40, 56.51, 101.399
41, 56.55, 101.415
42, 56.6, 101.432
43, 56.64, 101.449
44, 56.68, 101.465
45, 56.73, 101.482
46, 56.77, 101.499
47, 56.81, 101.515
48, 56.86, 101.532
49, 56.9, 101.549
50, 56.94, 101.565
51, 56.98, 101.582
52, 57.03, 101.599
53, 57.07, 101.615
54, 57.11, 101.632
55, 57.15, 101.649
56, 57.2, 101.665
57, 57.28, 101.699
58, 57.32, 101.715
59, 57.37, 101.732
60, 57.41, 101.749
61, 57.45, 101.765
62, 57.49, 101.782
63, 57.53, 101.799
64, 57.57, 101.815
65, 57.61, 101.832
66, 57.65, 101.849
67, 57.69, 101.865
68, 57.73, 101.882
69, 57.77, 101.899
70, 57.81, 1.27
71, 57.85, 1.286
72, 57.89, 1.303
73, 57.93, 1.32
74, 57.97, 1.336
75, 58.01, 1.353
76, 58.04, 1.37
77, 58.09, 1.386
78, 58.13, 1.403
79, 58.16, 1.42
80, 58.2, 1.436
81, 58.24, 1.453
82, 58.28, 1.47
83, 58.32, 1.486
84, 58.39, 1.52
85, 58.43, 1.536
86, 58.47, 1.553
87, 58.51, 1.57
88, 58.54, 1.586
89, 58.58, 1.603
90, 58.62, 1.62
91, 58.65, 1.636
92, 58.69, 1.653
93, 58.73, 1.67
94, 58.76, 1.686
95, 58.8, 1.703
96, 58.84, 1.72
97, 58.87, 1.736
98, 58.91, 1.753
99, 58.95, 1.77
100, 58.98, 1.786
101, 59.02, 1.803
102, 59.05, 1.82
103, 59.09, 1.836
104, 59.13, 1.853
105, 59.16, 1.87
106, 59.2, 1.886
107, 59.24, 1.903
108, 59.27, 1.92
109, 59.31, 1.936
110, 59.34, 1.953
111, 59.34, 1.953
112, 59.34, 1.953
113, 59.34, 1.953
114, 59.34, 1.953
115, 59.51, 2.036
116, 59.55, 2.053
117, 59.58, 2.07
118, 59.62, 2.086
119, 59.65, 2.103
120, 59.68, 2.12
121, 59.72, 2.136
122, 59.75, 2.153
123, 59.79, 2.17
124, 59.82, 2.186
125, 59.85, 2.203
126, 59.89, 2.22
127, 59.92, 2.236
128, 59.95, 2.253
129, 59.98, 2.27
130, 60.01, 2.286
131, 60.05, 2.303
132, 60.08, 2.32
133, 60.11, 2.336
134, 60.15, 2.353
135, 60.18, 2.37
136, 60.21, 2.386
137, 60.24, 2.403
138, 60.27, 2.42
139, 60.3, 2.436
140, 60.33, 2.453
141, 60.35, 2.47
142, 60.38, 2.486
143, 60.4, 2.503
144, 60.42, 2.52
145, 60.44, 2.536
146, 60.46, 2.553
147, 60.42, 2.57
148, 60.37, 2.586
149, 60.47, 2.603
150, 60.52, 2.62
151, 60.49, 2.636
152, 60.53, 2.653
153, 60.59, 2.67
154, 60.61, 2.686
155, 60.62, 2.703
156, 60.67, 2.72
157, 60.7, 2.736
158, 60.72, 2.753
159, 60.75, 2.77
160, 60.78, 2.786
161, 60.8, 2.803
162, 60.83, 2.82
163, 60.86, 2.836
164, 60.89, 2.853
165, 60.92, 2.87
166, 60.95, 2.886
167, 60.97, 2.903
168, 61, 2.92
169, 61.03, 2.936
170, 61.06, 2.953
171, 61.09, 2.97
172, 61.12, 2.986
173, 61.14, 3.003
174, 61.17, 3.02
175, 61.2, 3.036
176, 61.22, 3.053
177, 61.25, 3.07
178, 61.27, 3.086
179, 61.3, 3.103
180, 61.33, 3.12
181, 61.36, 3.136
182, 61.39, 3.153
183, 61.41, 3.17
184, 61.41, 3.17
185, 61.44, 3.186
186, 61.47, 3.203
187, 61.5, 3.22
188, 61.52, 3.236
189, 61.55, 3.253
190, 61.58, 3.27
191, 61.6, 3.286
192, 61.63, 3.303
193, 61.66, 3.32
194, 61.68, 3.336
195, 61.71, 3.353
196, 61.74, 3.37
197, 61.77, 3.386
198, 61.79, 3.403
199, 61.82, 3.42
200, 61.84, 3.436
201, 61.87, 3.453
202, 61.89, 3.47
203, 61.92, 3.486
204, 61.95, 3.503
205, 61.98, 3.52
206, 62.01, 3.536
207, 62.04, 3.553
208, 62.06, 3.57
209, 62.09, 3.586
210, 62.12, 3.603
211, 62.14, 3.62
212, 62.17, 3.636
213, 62.19, 3.653
214, 62.22, 3.67
215, 62.24, 3.686
216, 62.27, 3.703
217, 62.27, 3.703
218, 62.29, 3.72
219, 62.32, 3.736
220, 62.34, 3.753
221, 62.36, 3.77
222, 62.39, 3.786
223, 62.42, 3.803
224, 62.44, 3.82
225, 62.46, 3.836
226, 62.49, 3.853
227, 62.51, 3.87
228, 62.54, 3.886
229, 62.57, 3.903
230, 62.6, 3.92
231, 62.62, 3.936
232, 62.65, 3.953
233, 62.67, 3.97
234, 62.7, 3.986
235, 62.72, 4.003
236, 62.75, 4.02
237, 62.77, 4.036
238, 62.79, 4.053
239, 62.82, 4.07
240, 62.84, 4.086
241, 62.87, 4.103
242, 62.87, 4.103
243, 62.9, 4.12
244, 62.92, 4.136
245, 62.95, 4.153
246, 62.98, 4.17
247, 63, 4.186
248, 63.02, 4.203
249, 63.05, 4.22
250, 63.07, 4.236
251, 63.1, 4.253
252, 63.12, 4.27
253, 63.15, 4.286
254, 63.17, 4.303
255, 63.19, 4.32
256, 63.22, 4.336
257, 63.24, 4.353
258, 63.27, 4.37
259, 63.29, 4.386
260, 63.32, 4.403
261, 63.34, 4.42
262, 63.34, 4.42
263, 63.37, 4.436
264, 63.39, 4.453
265, 63.42, 4.47
266, 63.44, 4.486
267, 63.46, 4.503
268, 63.49, 4.52
269, 63.51, 4.536
270, 63.51, 4.536
271, 63.51, 4.536
272, 63.51, 4.536
273, 63.61, 4.603
274, 63.63, 4.62
275, 63.66, 4.636
276, 63.68, 4.653
277, 63.71, 4.67
278, 63.73, 4.686
279, 63.76, 4.703
280, 63.76, 4.703
281, 63.78, 4.72
282, 63.81, 4.736
283, 63.83, 4.753
284, 63.85, 4.77
285, 63.88, 4.786
286, 63.9, 4.803
287, 63.93, 4.82
288, 63.95, 4.836
289, 63.98, 4.853
290, 64.01, 4.87
291, 64.03, 4.886
292, 64.06, 4.903
293, 64.08, 4.92
294, 64.11, 4.936
295, 64.13, 4.953
296, 64.13, 4.953
297, 64.16, 4.97
298, 64.18, 4.986
299, 64.21, 5.003
300, 64.23, 5.02
301, 64.25, 5.036
302, 64.27, 5.053
303, 64.3, 5.07
304, 64.32, 5.086
305, 64.35, 5.103
306, 64.38, 5.12
307, 64.4, 5.136
308, 64.42, 5.153
309, 64.44, 5.17
310, 64.46, 5.186
311, 64.46, 5.186
312, 64.49, 5.203
313, 64.51, 5.22
314, 64.54, 5.236
315, 64.56, 5.253
316, 64.59, 5.27
317, 64.62, 5.286
318, 64.64, 5.303
319, 64.67, 5.32
320, 64.69, 5.336
321, 64.71, 5.353
322, 64.74, 5.37
323, 64.76, 5.386
324, 64.79, 5.403
325, 64.79, 5.403
326, 64.81, 5.42
327, 64.84, 5.436
328, 64.86, 5.453
329, 64.89, 5.47
330, 64.91, 5.486
331, 64.93, 5.503
332, 64.96, 5.52
333, 64.99, 5.536
334, 65.01, 5.553
335, 65.03, 5.57
336, 65.05, 5.586
337, 65.08, 5.603
338, 65.08, 5.603
339, 65.1, 5.62
340, 65.13, 5.636
341, 65.15, 5.653
342, 65.17, 5.67
343, 65.2, 5.686
344, 65.22, 5.703
345, 65.25, 5.72
346, 65.28, 5.736
347, 65.31, 5.753
348, 65.34, 5.77
349, 65.36, 5.786
350, 65.36, 5.786
351, 65.38, 5.803
352, 65.4, 5.82
353, 65.42, 5.836
354, 65.45, 5.853
355, 65.47, 5.87
356, 65.5, 5.886
357, 65.52, 5.903
358, 65.54, 5.92
359, 65.56, 5.936
360, 65.59, 5.953
361, 65.61, 5.97
362, 65.61, 5.97
363, 65.64, 5.986
364, 65.66, 6.003
365, 65.68, 6.02
366, 65.7, 6.036
367, 65.73, 6.053
368, 65.75, 6.07
369, 65.78, 6.086
370, 65.8, 6.103
371, 65.83, 6.12
372, 65.85, 6.136
373, 65.87, 6.153
374, 65.87, 6.153
375, 65.89, 6.17
376, 65.92, 6.186
377, 65.94, 6.203
378, 65.96, 6.22
379, 65.98, 6.236
380, 66, 6.253
381, 66.02, 6.27
382, 66.05, 6.286
383, 66.07, 6.303
384, 66.09, 6.32
385, 66.09, 6.32
386, 66.11, 6.336
387, 66.13, 6.353
388, 66.16, 6.37
389, 66.18, 6.386
390, 66.2, 6.403
391, 66.22, 6.42
392, 66.24, 6.436
393, 66.27, 6.453
394, 66.29, 6.47
395, 66.31, 6.486
396, 66.31, 6.486
397, 66.33, 6.503
398, 66.35, 6.52
399, 66.37, 6.536
400, 66.4, 6.553
401, 66.42, 6.57
402, 66.43, 6.586
403, 66.45, 6.603
404, 66.47, 6.62
405, 66.49, 6.636
406, 66.49, 6.636
407, 66.51, 6.653
408, 66.53, 6.67
409, 66.55, 6.686
410, 66.57, 6.703
411, 66.59, 6.72
412, 66.61, 6.736
413, 66.64, 6.753
414, 66.66, 6.77
415, 66.68, 6.786
416, 66.68, 6.786
417, 66.7, 6.803
418, 66.72, 6.82
419, 66.74, 6.836
420, 66.77, 6.853
421, 66.79, 6.87
422, 66.81, 6.886
423, 66.83, 6.903
424, 66.85, 6.92
425, 66.87, 6.936
426, 66.87, 6.936
427, 66.89, 6.953
428, 66.91, 6.97
429, 66.93, 6.986
430, 66.95, 7.003
431, 66.97, 7.02
432, 66.99, 7.036
433, 67.01, 7.053
434, 67.03, 7.07
435, 67.04, 7.086
436, 67.04, 7.086
437, 67.06, 7.103
438, 67.08, 7.12
439, 67.09, 7.136
440, 67.11, 7.153
441, 67.13, 7.17
442, 67.15, 7.186
443, 67.18, 7.203
444, 67.2, 7.22
445, 67.2, 7.22
446, 67.22, 7.236
447, 67.24, 7.253
448, 67.26, 7.27
449, 67.28, 7.286
450, 67.3, 7.303
451, 67.31, 7.32
452, 67.33, 7.336
453, 67.35, 7.353
454, 67.35, 7.353
455, 67.37, 7.37
456, 67.39, 7.386
457, 67.4, 7.403
458, 67.42, 7.42
459, 67.44, 7.436
460, 67.46, 7.453
461, 67.48, 7.47
462, 67.5, 7.486
463, 67.5, 7.486
464, 67.51, 7.503
465, 67.53, 7.52
466, 67.55, 7.536
467, 67.57, 7.553
468, 67.59, 7.57
469, 67.6, 7.586
470, 67.62, 7.603
471, 67.64, 7.62
472, 67.64, 7.62
473, 67.66, 7.636
474, 67.68, 7.653
475, 67.69, 7.67
476, 67.71, 7.686
477, 67.73, 7.703
478, 67.75, 7.72
479, 67.76, 7.736
480, 67.78, 7.753
481, 67.78, 7.753
482, 67.8, 7.77
483, 67.82, 7.786
484, 67.83, 7.803
485, 67.85, 7.82
486, 67.87, 7.836
487, 67.89, 7.853
488, 67.91, 7.87
489, 67.92, 7.886
490, 67.92, 7.886
491, 67.94, 7.903
492, 67.95, 7.92
493, 67.97, 7.936
494, 67.98, 7.953
495, 68, 7.97
496, 68.02, 7.986
497, 68.03, 8.003
498, 68.03, 8.003
499, 68.04, 8.02
500, 68.04, 8.036
501, 68.02, 8.053
502, 67.97, 8.07
503, 67.88, 8.086
504, 67.76, 8.103
505, 67.62, 8.12
506, 67.47, 8.136
507, 67.47, 8.136
508, 67.28, 8.153
509, 67.02, 8.17
510, 66.78, 8.186
511, 66.55, 8.203
512, 66.28, 8.22
513, 65.98, 8.236
514, 65.67, 8.253
515, 65.36, 8.27
516, 65.04, 8.286
517, 64.7, 8.303
518, 64.7, 8.303
519, 64.36, 8.32
520, 64.03, 8.336
521, 63.68, 8.353
522, 63.34, 8.37
523, 63, 8.386
524, 62.64, 8.403
525, 62.29, 8.42
526, 61.93, 8.436
527, 61.58, 8.453
528, 61.23, 8.47
529, 60.88, 8.486
530, 60.53, 8.503
531, 60.17, 8.52
532, 59.81, 8.536
533, 59.45, 8.553
534, 59.1, 8.57
535, 58.75, 8.586
536, 58.41, 8.603
537, 58.05, 8.62
538, 57.67, 8.636
539, 57.29, 8.653
540, 56.92, 8.67
541, 56.56, 8.686
542, 56.21, 8.703
543, 55.84, 8.72
544, 55.44, 8.736
545, 54.76, 8.77
546, 54.44, 8.786
547, 54.11, 8.803
548, 53.79, 8.82
549, 53.46, 8.836
550, 53.09, 8.853
551, 52.71, 8.87
552, 52.34, 8.886
553, 51.61, 8.92
554, 51.27, 8.936
555, 50.93, 8.953
556, 50.58, 8.97
557, 50.25, 8.986
558, 49.9, 9.003
559, 49.18, 9.036
560, 48.79, 9.053
561, 48.43, 9.07
562, 48.08, 9.086
563, 47.44, 9.12
564, 47.07, 9.136
565, 46.72, 9.153
566, 46.42, 9.17
567, 45.73, 9.203
568, 45.36, 9.22
569, 45.01, 9.236
570, 44.31, 9.27
571, 43.95, 9.286
572, 43.59, 9.303
573, 42.91, 9.336
574, 42.59, 9.353
575, 41.96, 9.386
576, 41.65, 9.403
577, 41.33, 9.42
578, 40.68, 9.453
579, 40.37, 9.47
580, 39.7, 9.503
581, 39.38, 9.52
582, 38.82, 9.553
583, 38.5, 9.57
584, 37.84, 9.603
585, 37.25, 9.636
586, 36.96, 9.653
587, 36.33, 9.686
588, 35.71, 9.72
589, 35.42, 9.736
590, 34.87, 9.77
591, 34.28, 9.803
592, 34.01, 9.82
593, 33.49, 9.853
594, 33, 9.886
595, 32.52, 9.92
596, 32.16, 9.953
597, 31.87, 9.986
598, 31.75, 10.003
599, 31.52, 10.036
600, 31.23, 10.07
601, 30.91, 10.103
602, 30.69, 10.136
603, 30.46, 10.17
604, 30.24, 10.203
605, 30.08, 10.236
606, 29.9, 10.27
607, 29.72, 10.303
608, 29.56, 10.336
609, 29.38, 10.37
610, 29.19, 10.403
611, 29, 10.436
612, 28.82, 10.47
613, 28.62, 10.503
614, 28.42, 10.536
615, 28.22, 10.57
616, 27.95, 10.62
617, 27.77, 10.653
618, 27.6, 10.686
619, 27.43, 10.72
620, 27.25, 10.753
621, 27.05, 10.786
622, 26.79, 10.836
623, 26.62, 10.87
624, 26.46, 10.903
625, 26.31, 10.936
626, 26.08, 10.986
627, 25.92, 11.02
628, 25.77, 11.053
629, 25.57, 11.103
630, 25.43, 11.136
631, 25.26, 11.186
632, 25.1, 11.22
633, 24.71, 11.27
634, 24.58, 11.303
635, 24.38, 11.353
636, 24.24, 11.386
637, 24.01, 11.436
638, 23.79, 11.486
639, 23.65, 11.52
640, 23.47, 11.57
641, 23.3, 11.62
642, 23.16, 11.67
643, 23.03, 11.72
644, 22.94, 11.753
645, 22.8, 11.803
646, 22.65, 11.853
647, 22.49, 11.903
648, 22.34, 11.953
649, 22.19, 12.003
650, 22.05, 12.053
651, 21.91, 12.103
652, 21.79, 12.17
653, 21.91, 12.22
654, 21.98, 12.27
655, 22.01, 12.32
656, 22.09, 12.37
657, 22.15, 12.42
658, 22.21, 12.47
659, 22.28, 12.52
660, 22.35, 12.57
661, 22.46, 12.62
662, 22.63, 12.67
663, 22.81, 12.72
664, 22.99, 12.77
665, 23.17, 12.82
666, 23.35, 12.87
667, 23.55, 12.92
668, 23.79, 12.97
669, 23.97, 13.003
670, 24.25, 13.053
671, 24.53, 13.103
672, 24.8, 13.153
673, 24.98, 13.186
674, 25.26, 13.236
675, 25.44, 13.27
676, 25.72, 13.32
677, 26, 13.37
678, 26.18, 13.403
679, 26.45, 13.453
680, 26.63, 13.486
681, 26.81, 13.52
682, 27.07, 13.57
683, 27.25, 13.603
684, 27.5, 13.653
685, 27.66, 13.686
686, 27.85, 13.72
687, 28.07, 13.753
688, 28.34, 13.803
689, 28.51, 13.836
690, 28.67, 13.87
691, 28.84, 13.903
692, 29.02, 13.936
693, 29.23, 13.986
694, 29.4, 14.02
695, 29.65, 14.053
696, 29.9, 14.086
697, 30.12, 14.12
698, 30.27, 14.153
699, 30.36, 14.186
700, 30.71, 14.22
701, 30.95, 14.253
702, 31.21, 14.286
703, 31.41, 14.32
704, 31.65, 14.353
705, 31.89, 14.386
706, 32.11, 14.42
707, 32.34, 14.453
708, 32.57, 14.486
709, 32.81, 14.52
710, 33.03, 14.553
711, 33.14, 14.57
712, 33.36, 14.603
713, 33.58, 14.636
714, 33.8, 14.67
715, 34.03, 14.703
716, 34.13, 14.72
717, 34.36, 14.753
718, 34.59, 14.786
719, 34.81, 14.82
720, 34.91, 14.836
721, 35.13, 14.87
722, 35.36, 14.903
723, 35.57, 14.936
724, 35.67, 14.953
725, 35.89, 14.986
726, 36.1, 15.02
727, 36.2, 15.036
728, 36.42, 15.07
729, 36.64, 15.103
730, 36.74, 15.12
731, 36.96, 15.153
732, 37.19, 15.186
733, 37.29, 15.203
734, 37.49, 15.236
735, 37.59, 15.253
736, 37.8, 15.286
737, 38.01, 15.32
738, 38.11, 15.336
739, 38.32, 15.37
740, 38.42, 15.386
741, 38.62, 15.42
742, 38.72, 15.436
743, 38.92, 15.47
744, 39.12, 15.503
745, 39.22, 15.52
746, 39.41, 15.553
747, 39.51, 15.57
748, 39.7, 15.603
749, 39.8, 15.62
750, 39.78, 15.653
751, 39.92, 15.67
752, 40.21, 15.703
753, 40.25, 15.72
754, 40.44, 15.753
755, 40.53, 15.77
756, 40.62, 15.786
757, 40.78, 15.82
758, 40.87, 15.836
759, 41.04, 15.87
760, 41.13, 15.886
761, 41.3, 15.92
762, 41.38, 15.936
763, 41.55, 15.97
764, 41.64, 15.986
765, 41.73, 16.003
766, 41.9, 16.036
767, 41.98, 16.053
768, 42.15, 16.086
769, 42.23, 16.103
770, 42.31, 16.12
771, 42.47, 16.153
772, 42.56, 16.17
773, 42.73, 16.203
774, 42.81, 16.22
775, 42.89, 16.236
776, 43.05, 16.27
777, 43.13, 16.286
778, 43.3, 16.32
779, 43.38, 16.336
780, 43.46, 16.353
781, 43.62, 16.386
782, 43.7, 16.403
783, 43.78, 16.42
784, 43.94, 16.453
785, 44.02, 16.47
786, 44.1, 16.486
787, 44.26, 16.52
788, 44.34, 16.536
789, 44.42, 16.553
790, 44.58, 16.586
791, 44.66, 16.603
792, 44.74, 16.62
793, 44.9, 16.653
794, 44.97, 16.67
795, 45.05, 16.686
796, 45.21, 16.72
797, 45.28, 16.736
798, 45.36, 16.753
799, 45.44, 16.77
800, 45.6, 16.803
801, 45.68, 16.82
802, 45.76, 16.836
803, 45.91, 16.87
804, 45.99, 16.886
805, 46.06, 16.903
806, 46.14, 16.92
807, 46.29, 16.953
808, 46.37, 16.97
809, 46.44, 16.986
810, 46.6, 17.02
811, 46.67, 17.036
812, 46.74, 17.053
813, 46.82, 17.07
814, 46.97, 17.103
815, 47.04, 17.12
816, 47.11, 17.136
817, 47.19, 17.153
818, 47.34, 17.186
819, 47.41, 17.203
820, 47.48, 17.22
821, 47.55, 17.236
822, 47.69, 17.27
823, 47.76, 17.286
824, 47.83, 17.303
825, 47.9, 17.32
826, 48.04, 17.353
827, 48.11, 17.37
828, 48.18, 17.386
829, 48.25, 17.403
830, 48.32, 17.42
831, 48.46, 17.453
832, 48.52, 17.47
833, 48.59, 17.486
834, 48.66, 17.503
835, 48.79, 17.536
836, 48.86, 17.553
837, 48.93, 17.57
838, 49, 17.586
839, 49.06, 17.603
840, 49.19, 17.636
841, 49.26, 17.653
842, 49.32, 17.67
843, 49.38, 17.686
844, 49.38, 17.703
845, 49.47, 17.736
846, 49.6, 17.753
847, 49.61, 17.77
848, 49.65, 17.786
849, 49.73, 17.803
850, 49.85, 17.836
851, 49.9, 17.853
852, 49.97, 17.87
853, 50.03, 17.886
854, 50.09, 17.903
855, 50.2, 17.936
856, 50.26, 17.953
857, 50.32, 17.97
858, 50.37, 17.986
859, 50.43, 18.003
860, 50.49, 18.02
861, 50.61, 18.053
862, 50.66, 18.07
863, 50.72, 18.086
864, 50.78, 18.103
865, 50.83, 18.12
866, 50.89, 18.136
867, 51, 18.17
868, 51.06, 18.186
869, 51.11, 18.203
870, 51.17, 18.22
871, 51.23, 18.236
872, 51.34, 18.27
873, 51.39, 18.286
874, 51.45, 18.303
875, 51.51, 18.32
876, 51.56, 18.336
877, 51.62, 18.353
878, 51.68, 18.37
879, 51.79, 18.403
880, 51.84, 18.42
881, 51.9, 18.436
882, 51.95, 18.453
883, 52, 18.47
884, 52.06, 18.486
885, 52.17, 18.52
886, 52.22, 18.536
887, 52.27, 18.553
888, 52.33, 18.57
889, 52.38, 18.586
890, 52.43, 18.603
891, 52.49, 18.62
892, 52.6, 18.653
893, 52.66, 18.67
894, 52.72, 18.686
895, 52.77, 18.703
896, 52.82, 18.72
897, 52.87, 18.736
898, 52.92, 18.753
899, 53.02, 18.786
900, 53.07, 18.803
901, 53.13, 18.82
902, 53.18, 18.836
903, 53.23, 18.853
904, 53.29, 18.87
905, 53.34, 18.886
906, 53.4, 18.903
907, 53.5, 18.936
908, 53.55, 18.953
909, 53.6, 18.97
910, 53.65, 18.986
911, 53.71, 19.003
912, 53.76, 19.02
913, 53.81, 19.036
914, 53.87, 19.053
915, 53.92, 19.07
916, 54.02, 19.103
917, 54.07, 19.12
918, 54.12, 19.136
919, 54.17, 19.153
920, 54.22, 19.17
921, 54.28, 19.186
922, 54.33, 19.203
923, 54.38, 19.22
924, 54.43, 19.236
925, 54.54, 19.27
926, 54.59, 19.286
927, 54.64, 19.303
928, 54.68, 19.32
929, 54.74, 19.336
930, 54.79, 19.353
931, 54.84, 19.37
932, 54.89, 19.386
933, 54.94, 19.403
934, 55, 19.42
935, 55.1, 19.453
936, 55.15, 19.47
937, 55.2, 19.486
938, 55.25, 19.503
939, 55.3, 19.52
940, 55.35, 19.536
941, 55.4, 19.553
942, 55.45, 19.57
943, 55.5, 19.586
944, 55.55, 19.603
945, 55.6, 19.62
946, 55.65, 19.636
947, 55.75, 19.67
948, 55.79, 19.686
949, 55.84, 19.703
950, 55.89, 19.72
951, 55.94, 19.736
952, 55.99, 19.753
953, 56.04, 19.77
954, 56.09, 19.786
955, 56.13, 19.803
956, 56.18, 19.82
957, 56.23, 19.836
958, 56.28, 19.853
959, 56.33, 19.87
960, 56.38, 19.886
961, 56.47, 19.92
962, 56.52, 19.936
963, 56.56, 19.953
964, 56.61, 19.97
965, 56.66, 19.986
966, 56.7, 20.003
967, 56.75, 20.02
968, 56.79, 20.036
969, 56.84, 20.053
970, 56.88, 20.07
971, 56.93, 20.086
972, 56.97, 20.103
973, 57.02, 20.12
974, 57.07, 20.136
975, 57.12, 20.153
976, 57.16, 20.17
977, 57.2, 20.186
978, 57.25, 20.203
979, 57.29, 20.22
980, 57.38, 20.253
981, 57.43, 20.27
982, 57.47, 20.286
983, 57.52, 20.303
984, 57.56, 20.32
985, 57.61, 20.336
986, 57.65, 20.353
987, 57.69, 20.37
988, 57.73, 20.386
989, 57.77, 20.403
990, 57.81, 20.42
991, 57.85, 20.436
992, 57.88, 20.453
993, 57.92, 20.47
994, 57.95, 20.486
995, 57.96, 20.503
996, 57.94, 20.52
997, 57.91, 20.536
998, 57.85, 20.553
999, 57.74, 20.57
1000, 57.6, 20.586
1001, 57.45, 20.603
1002, 57.28, 20.62
1003, 57.05, 20.636
1004, 56.56, 20.67
1005, 56.3, 20.686
1006, 56.02, 20.703
1007, 55.75, 20.72
1008, 55.48, 20.736
1009, 55.2, 20.753
1010, 54.91, 20.77
1011, 54.62, 20.786
1012, 54.32, 20.803
1013, 54.03, 20.82
1014, 53.73, 20.836
1015, 53.44, 20.853
1016, 52.8, 20.886
1017, 52.48, 20.903
1018, 52.17, 20.92
1019, 51.87, 20.936
1020, 51.58, 20.953
1021, 51.28, 20.97
1022, 50.7, 21.003
1023, 50.4, 21.02
1024, 50.1, 21.036
1025, 49.82, 21.053
1026, 49.53, 21.07
1027, 48.97, 21.103
1028, 48.69, 21.12
1029, 48.38, 21.136
1030, 48.05, 21.153
1031, 47.75, 21.17
1032, 47.2, 21.203
1033, 46.91, 21.22
1034, 46.61, 21.236
1035, 46.07, 21.27
1036, 45.79, 21.286
1037, 45.5, 21.303
1038, 45.21, 21.32
1039, 44.66, 21.353
1040, 44.39, 21.37
1041, 43.82, 21.403
1042, 43.54, 21.42
1043, 43.26, 21.436
1044, 42.75, 21.47
1045, 42.5, 21.486
1046, 42.23, 21.503
1047, 41.7, 21.536
1048, 41.47, 21.553
1049, 41.01, 21.586
1050, 40.78, 21.603
1051, 40.34, 21.636
1052, 40.16, 21.653
1053, 39.81, 21.686
1054, 39.63, 21.703
1055, 39.29, 21.736
1056, 39.11, 21.753
1057, 38.8, 21.786
1058, 38.64, 21.803
1059, 38.19, 21.836
1060, 37.84, 21.87
1061, 37.69, 21.886
1062, 37.36, 21.92
1063, 37.17, 21.936
1064, 36.86, 21.97
1065, 36.55, 22.003
1066, 36.38, 22.02
1067, 36.08, 22.053
1068, 35.81, 22.086
1069, 35.68, 22.103
1070, 35.41, 22.136
1071, 35.16, 22.17
1072, 35.05, 22.186
1073, 34.83, 22.22
1074, 34.62, 22.253
1075, 34.43, 22.286
1076, 34.35, 22.303
1077, 34.18, 22.336
1078, 34.01, 22.37
1079, 33.86, 22.403
1080, 33.8, 22.42
1081, 33.66, 22.453
1082, 33.54, 22.486
1083, 33.42, 22.52
1084, 33.31, 22.553
1085, 33.26, 22.57
1086, 33.16, 22.603
1087, 33.07, 22.636
1088, 32.99, 22.67
1089, 32.91, 22.703
1090, 32.87, 22.72
1091, 32.8, 22.753
1092, 32.72, 22.786
1093, 32.64, 22.82
1094, 32.56, 22.853
1095, 32.47, 22.886
1096, 32.38, 22.92
1097, 32.28, 22.953
1098, 32.22, 22.97
1099, 32.11, 23.003
1100, 31.98, 23.036
1101, 31.84, 23.07
1102, 31.7, 23.103
1103, 31.55, 23.136
1104, 31.39, 23.17
1105, 31.23, 23.203
1106, 31.09, 23.236
1107, 30.93, 23.27
1108, 30.76, 23.303
1109, 30.62, 23.336
1110, 30.5, 23.37
1111, 30.35, 23.403
1112, 30.2, 23.436
1113, 30.07, 23.47
1114, 29.93, 23.503
1115, 29.81, 23.536
1116, 29.7, 23.57
1117, 29.6, 23.603
1118, 29.5, 23.636
1119, 29.42, 23.67
1120, 29.33, 23.703
1121, 29.24, 23.736
1122, 29.15, 23.77
1123, 29.07, 23.803
1124, 28.99, 23.836
1125, 28.85, 23.886
1126, 28.77, 23.92
1127, 28.7, 23.953
1128, 28.63, 23.986
1129, 28.56, 24.02
1130, 28.5, 24.053
1131, 28.42, 24.086
1132, 28.34, 24.12
1133, 28.24, 24.17
1134, 28.19, 24.203
1135, 28.12, 24.236
1136, 28.05, 24.27
1137, 27.98, 24.303
1138, 27.92, 24.336
1139, 27.86, 24.37
1140, 27.76, 24.42
1141, 27.69, 24.453
1142, 27.63, 24.486
1143, 27.58, 24.52
1144, 27.52, 24.553
1145, 27.44, 24.586
1146, 27.35, 24.636
1147, 27.3, 24.67
1148, 27.25, 24.703
1149, 27.21, 24.736
1150, 27.2, 24.786
1151, 27.36, 24.82
1152, 27.41, 24.853
1153, 27.47, 24.886
1154, 27.55, 24.92
1155, 27.66, 24.97
1156, 27.73, 25.003
1157, 27.78, 25.036
1158, 27.81, 25.07
1159, 27.91, 25.103
1160, 28.05, 25.136
1161, 28.09, 25.186
1162, 28.14, 25.22
1163, 28.18, 25.253
1164, 28.3, 25.286
1165, 28.45, 25.32
1166, 28.48, 25.353
1167, 28.5, 25.386
1168, 28.55, 25.42
1169, 28.65, 25.453
1170, 28.77, 25.486
1171, 28.84, 25.52
1172, 28.93, 25.553
1173, 29.05, 25.586
1174, 29.22, 25.636
1175, 29.3, 25.67
1176, 29.45, 25.703
1177, 29.64, 25.736
1178, 29.79, 25.77
1179, 29.91, 25.803
1180, 29.99, 25.836
1181, 30.07, 25.87
1182, 30.2, 25.903
1183, 30.38, 25.936
1184, 30.56, 25.97
1185, 30.66, 26.003
1186, 30.7, 26.02
1187, 30.79, 26.053
1188, 30.88, 26.086
1189, 30.98, 26.12
1190, 31.08, 26.153
1191, 31.16, 26.186
1192, 31.27, 26.22
1193, 31.38, 26.253
1194, 31.49, 26.286
1195, 31.59, 26.32
1196, 31.65, 26.336
1197, 31.76, 26.37
1198, 31.87, 26.403
1199, 31.99, 26.436
1200, 32.11, 26.47
1201, 32.22, 26.503
1202, 32.29, 26.52
1203, 32.42, 26.553
1204, 32.57, 26.586
1205, 32.72, 26.62
1206, 32.9, 26.653
1207, 33.1, 26.686
1208, 33.2, 26.703
1209, 33.39, 26.736
1210, 33.58, 26.77
1211, 33.78, 26.803
1212, 33.89, 26.82
1213, 34.12, 26.853
1214, 34.35, 26.886
1215, 34.56, 26.92
1216, 34.67, 26.936
1217, 34.88, 26.97
1218, 35.1, 27.003
1219, 35.2, 27.02
1220, 35.41, 27.053
1221, 35.63, 27.086
1222, 35.75, 27.103
1223, 35.96, 27.136
1224, 36.18, 27.17
1225, 36.29, 27.186
1226, 36.5, 27.22
1227, 36.61, 27.236
1228, 36.82, 27.27
1229, 37.03, 27.303
1230, 37.14, 27.32
1231, 37.34, 27.353
1232, 37.43, 27.37
1233, 37.64, 27.403
1234, 37.84, 27.436
1235, 37.94, 27.453
1236, 38.14, 27.486
1237, 38.24, 27.503
1238, 38.43, 27.536
1239, 38.53, 27.553
1240, 38.72, 27.586
1241, 38.81, 27.603
1242, 38.99, 27.636
1243, 39.09, 27.653
1244, 39.28, 27.686
1245, 39.37, 27.703
1246, 39.55, 27.736
1247, 39.58, 27.753
1248, 39.67, 27.786
1249, 39.83, 27.803
1250, 40, 27.836
1251, 40.1, 27.853
1252, 40.27, 27.886
1253, 40.36, 27.903
1254, 40.55, 27.936
1255, 40.64, 27.953
1256, 40.83, 27.986
1257, 40.93, 28.003
1258, 41.11, 28.036
1259, 41.21, 28.053
1260, 41.39, 28.086
1261, 41.49, 28.103
1262, 41.67, 28.136
1263, 41.76, 28.153
1264, 41.94, 28.186
1265, 42.03, 28.203
1266, 42.11, 28.22
1267, 42.28, 28.253
1268, 42.36, 28.27
1269, 42.53, 28.303
1270, 42.62, 28.32
1271, 42.79, 28.353
1272, 42.86, 28.37
1273, 42.94, 28.386
1274, 43.1, 28.42
1275, 43.18, 28.436
1276, 43.34, 28.47
1277, 43.42, 28.486
1278, 43.5, 28.503
1279, 43.65, 28.536
1280, 43.72, 28.553
1281, 43.87, 28.586
1282, 43.95, 28.603
1283, 44.03, 28.62
1284, 44.18, 28.653
1285, 44.26, 28.67
1286, 44.41, 28.703
1287, 44.5, 28.72
1288, 44.58, 28.736
1289, 44.73, 28.77
1290, 44.81, 28.786
1291, 44.89, 28.803
1292, 45.04, 28.836
1293, 45.12, 28.853
1294, 45.2, 28.87
1295, 45.36, 28.903
1296, 45.44, 28.92
1297, 45.51, 28.936
1298, 45.65, 28.97
1299, 45.72, 28.986
1300, 45.8, 29.003
1301, 45.95, 29.036
1302, 46.02, 29.053
1303, 46.09, 29.07
1304, 46.23, 29.103
1305, 46.3, 29.12
1306, 46.37, 29.136
1307, 46.44, 29.153
1308, 46.58, 29.186
1309, 46.64, 29.203
1310, 46.71, 29.22
1311, 46.84, 29.253
1312, 46.92, 29.27
1313, 47, 29.286
1314, 47.08, 29.303
1315, 47.21, 29.336
1316, 47.27, 29.353
1317, 47.33, 29.37
1318, 47.46, 29.403
1319, 47.53, 29.42
1320, 47.6, 29.436
1321, 47.67, 29.453
1322, 47.81, 29.486
1323, 47.88, 29.503
1324, 47.95, 29.52
1325, 48.01, 29.536
1326, 48.14, 29.57
1327, 48.21, 29.586
1328, 48.26, 29.603
1329, 48.28, 29.62
1330, 48.34, 29.653
1331, 48.38, 29.67
1332, 48.46, 29.686
1333, 48.53, 29.703
1334, 48.61, 29.736
1335, 48.67, 29.753
1336, 48.7, 29.77
1337, 48.76, 29.786
1338, 48.87, 29.82
1339, 48.9, 29.836
1340, 48.94, 29.853
1341, 48.92, 29.87
1342, 48.88, 29.886
1343, 49.08, 29.92
1344, 49.09, 29.936
1345, 49.15, 29.953
1346, 49.22, 29.97
1347, 49.3, 30.003
1348, 49.35, 30.02
1349, 49.41, 30.036
1350, 49.46, 30.053
1351, 49.51, 30.07
1352, 49.61, 30.103
1353, 49.66, 30.12
1354, 49.71, 30.136
1355, 49.76, 30.153
1356, 49.81, 30.17
1357, 49.92, 30.203
1358, 49.97, 30.22
1359, 50.03, 30.236
1360, 50.08, 30.253
1361, 50.14, 30.27
1362, 50.25, 30.303
1363, 50.3, 30.32
1364, 50.36, 30.336
1365, 50.41, 30.353
1366, 50.46, 30.37
1367, 50.52, 30.386
1368, 50.63, 30.42
1369, 50.68, 30.436
1370, 50.73, 30.453
1371, 50.78, 30.47
1372, 50.84, 30.486
1373, 50.9, 30.503
1374, 50.99, 30.536
1375, 51.05, 30.553
1376, 51.11, 30.57
1377, 51.16, 30.586
1378, 51.21, 30.603
1379, 51.27, 30.62
1380, 51.39, 30.653
1381, 51.45, 30.67
1382, 51.51, 30.686
1383, 51.57, 30.703
1384, 51.63, 30.72
1385, 51.69, 30.736
1386, 51.81, 30.77
1387, 51.87, 30.786
1388, 51.93, 30.803
1389, 51.99, 30.82
1390, 52.04, 30.836
1391, 52.1, 30.853
1392, 52.15, 30.87
1393, 52.26, 30.903
1394, 52.31, 30.92
1395, 52.37, 30.936
1396, 52.42, 30.953
1397, 52.48, 30.97
1398, 52.53, 30.986
1399, 52.59, 31.003
1400, 52.71, 31.036
1401, 52.76, 31.053
1402, 52.81, 31.07
1403, 52.86, 31.086
1404, 52.92, 31.103
1405, 52.97, 31.12
1406, 53.02, 31.136
1407, 53.08, 31.153
1408, 53.19, 31.186
1409, 53.24, 31.203
1410, 53.29, 31.22
1411, 53.34, 31.236
1412, 53.39, 31.253
1413, 53.44, 31.27
1414, 53.49, 31.286
1415, 53.54, 31.303
1416, 53.64, 31.336
1417, 53.69, 31.353
1418, 53.74, 31.37
1419, 53.79, 31.386
1420, 53.84, 31.403
1421, 53.89, 31.42
1422, 53.94, 31.436
1423, 54, 31.453
1424, 54.05, 31.47
1425, 54.15, 31.503
1426, 54.2, 31.52
1427, 54.25, 31.536
1428, 54.3, 31.553
1429, 54.34, 31.57
1430, 54.39, 31.586
1431, 54.44, 31.603
1432, 54.49, 31.62
1433, 54.54, 31.636
1434, 54.64, 31.67
1435, 54.69, 31.686
1436, 54.74, 31.703
1437, 54.79, 31.72
1438, 54.84, 31.736
1439, 54.89, 31.753
1440, 54.94, 31.77
1441, 54.99, 31.786
1442, 55.04, 31.803
1443, 55.09, 31.82
1444, 55.14, 31.836
1445, 55.25, 31.87
1446, 55.3, 31.886
1447, 55.35, 31.903
1448, 55.39, 31.92
1449, 55.44, 31.936
1450, 55.49, 31.953
1451, 55.54, 31.97
1452, 55.58, 31.986
1453, 55.63, 32.003
1454, 55.68, 32.02
1455, 55.73, 32.036
1456, 55.78, 32.053
1457, 55.87, 32.086
1458, 55.91, 32.103
1459, 55.96, 32.12
1460, 56, 32.136
1461, 56.05, 32.153
1462, 56.1, 32.17
1463, 56.15, 32.186
1464, 56.2, 32.203
1465, 56.24, 32.22
1466, 56.29, 32.236
1467, 56.33, 32.253
1468, 56.37, 32.27
1469, 56.42, 32.286
1470, 56.46, 32.303
1471, 56.51, 32.32
1472, 56.6, 32.353
1473, 56.65, 32.37
1474, 56.69, 32.386
1475, 56.74, 32.403
1476, 56.78, 32.42
1477, 56.82, 32.436
1478, 56.87, 32.453
1479, 56.91, 32.47
1480, 56.96, 32.486
1481, 57, 32.503
1482, 57.05, 32.52
1483, 57.09, 32.536
1484, 57.13, 32.553
1485, 57.18, 32.57
1486, 57.22, 32.586
1487, 57.26, 32.603
1488, 57.3, 32.62
1489, 57.35, 32.636
1490, 57.39, 32.653
1491, 57.47, 32.686
1492, 57.51, 32.703
1493, 57.56, 32.72
1494, 57.6, 32.736
1495, 57.64, 32.753
1496, 57.68, 32.77
1497, 57.72, 32.786
1498, 57.76, 32.803
1499, 57.8, 32.82
1500, 57.84, 32.836
1501, 57.89, 32.853
1502, 57.93, 32.87
1503, 57.97, 32.886
1504, 58.01, 32.903
1505, 58.04, 32.92
1506, 58.08, 32.936
1507, 58.12, 32.953
1508, 58.16, 32.97
1509, 58.2, 32.986
1510, 58.24, 33.003
1511, 58.28, 33.02
1512, 58.32, 33.036
1513, 58.35, 33.053
1514, 58.39, 33.07
1515, 58.43, 33.086
1516, 58.47, 33.103
1517, 58.5, 33.12
1518, 58.54, 33.136
1519, 58.61, 33.17
1520, 58.65, 33.186
1521, 58.69, 33.203
1522, 58.73, 33.22
1523, 58.76, 33.236
1524, 58.8, 33.253
1525, 58.83, 33.27
1526, 58.87, 33.286
1527, 58.9, 33.303
1528, 58.94, 33.32
1529, 58.98, 33.336
1530, 59.01, 33.353
1531, 59.05, 33.37
1532, 59.09, 33.386
1533, 59.12, 33.403
1534, 59.15, 33.42
1535, 59.19, 33.436
1536, 59.23, 33.453
1537, 59.26, 33.47
1538, 59.29, 33.486
1539, 59.33, 33.503
1540, 59.36, 33.52
1541, 59.4, 33.536
1542, 59.43, 33.553
1543, 59.47, 33.57
1544, 59.5, 33.586
1545, 59.53, 33.603
1546, 59.57, 33.62
1547, 59.6, 33.636
1548, 59.63, 33.653
1549, 59.67, 33.67
1550, 59.7, 33.686
1551, 59.73, 33.703
1552, 59.76, 33.72
1553, 59.79, 33.736
1554, 59.82, 33.753
1555, 59.85, 33.77
1556, 59.88, 33.786
1557, 59.92, 33.803
1558, 59.95, 33.82
1559, 59.98, 33.836
1560, 60.01, 33.853
1561, 60.04, 33.87
1562, 60.07, 33.886
1563, 60.1, 33.903
1564, 60.07, 33.92
1565, 60.02, 33.936
1566, 60.13, 33.953
1567, 60.18, 33.97
1568, 60.13, 33.986
1569, 60.18, 34.003
1570, 60.23, 34.02
1571, 60.25, 34.036
1572, 60.26, 34.053
1573, 60.29, 34.07
1574, 60.32, 34.086
1575, 60.34, 34.103
1576, 60.36, 34.12
1577, 60.4, 34.136
1578, 60.42, 34.153
1579, 60.44, 34.17
1580, 60.47, 34.186
1581, 60.5, 34.203
1582, 60.53, 34.22
1583, 60.55, 34.236
1584, 60.58, 34.253
1585, 60.6, 34.27
1586, 60.63, 34.286
1587, 60.65, 34.303
1588, 60.68, 34.32
1589, 60.7, 34.336
1590, 60.73, 34.353
1591, 60.75, 34.37
1592, 60.78, 34.386
1593, 60.8, 34.403
1594, 60.82, 34.42
1595, 60.85, 34.436
1596, 60.87, 34.453
1597, 60.9, 34.47
1598, 60.92, 34.486
1599, 60.94, 34.503
1600, 60.97, 34.52
1601, 60.99, 34.536
1602, 61.02, 34.553
1603, 61.04, 34.57
1604, 61.07, 34.586
1605, 61.09, 34.603
1606, 61.12, 34.62
1607, 61.14, 34.636
1608, 61.16, 34.653
1609, 61.19, 34.67
1610, 61.21, 34.686
1611, 61.23, 34.703
1612, 61.23, 34.703
1613, 61.25, 34.72
1614, 61.27, 34.736
1615, 61.3, 34.753
1616, 61.32, 34.77
1617, 61.34, 34.786
1618, 61.36, 34.803
1619, 61.38, 34.82
1620, 61.41, 34.836
1621, 61.43, 34.853
1622, 61.45, 34.87
1623, 61.47, 34.886
1624, 61.5, 34.903
1625, 61.52, 34.92
1626, 61.54, 34.936
1627, 61.57, 34.953
1628, 61.59, 34.97
1629, 61.6, 34.986
1630, 61.63, 35.003
1631, 61.65, 35.02
1632, 61.67, 35.036
1633, 61.69, 35.053
1634, 61.71, 35.07
1635, 61.73, 35.086
1636, 61.75, 35.103
1637, 61.77, 35.12
1638, 61.8, 35.136
1639, 61.82, 35.153
1640, 61.84, 35.17
1641, 61.86, 35.186
1642, 61.88, 35.203
1643, 61.9, 35.22
1644, 61.92, 35.236
1645, 61.94, 35.253
1646, 61.96, 35.27
1647, 61.98, 35.286
1648, 62, 35.303
1649, 62.02, 35.32
1650, 62.02, 35.32
1651, 62.04, 35.336
1652, 62.06, 35.353
1653, 62.08, 35.37
1654, 62.09, 35.386
1655, 62.12, 35.403
1656, 62.14, 35.42
1657, 62.16, 35.436
1658, 62.18, 35.453
1659, 62.19, 35.47
1660, 62.21, 35.486
1661, 62.23, 35.503
1662, 62.25, 35.52
1663, 62.27, 35.536
1664, 62.29, 35.553
1665, 62.31, 35.57
1666, 62.33, 35.586
1667, 62.34, 35.603
1668, 62.36, 35.62
1669, 62.38, 35.636
1670, 62.4, 35.653
1671, 62.42, 35.67
1672, 62.44, 35.686
1673, 62.46, 35.703
1674, 62.48, 35.72
1675, 62.5, 35.736
1676, 62.52, 35.753
1677, 62.52, 35.753
1678, 62.53, 35.77
1679, 62.55, 35.786
1680, 62.57, 35.803
1681, 62.59, 35.82
1682, 62.6, 35.836
1683, 62.62, 35.853
1684, 62.64, 35.87
1685, 62.65, 35.886
1686, 62.67, 35.903
1687, 62.69, 35.92
1688, 62.71, 35.936
1689, 62.72, 35.953
1690, 62.74, 35.97
1691, 62.76, 35.986
1692, 62.77, 36.003
1693, 62.79, 36.02
1694, 62.8, 36.036
1695, 62.82, 36.053
1696, 62.84, 36.07
1697, 62.85, 36.086
1698, 62.87, 36.103
1699, 62.89, 36.12
1700, 62.91, 36.136
1701, 62.91, 36.136
1702, 62.93, 36.153
1703, 62.95, 36.17
1704, 62.96, 36.186
1705, 62.98, 36.203
1706, 62.99, 36.22
1707, 63.01, 36.236
1708, 63.02, 36.253
1709, 63.04, 36.27
1710, 63.06, 36.286
1711, 63.07, 36.303
1712, 63.09, 36.32
1713, 63.11, 36.336
1714, 63.12, 36.353
1715, 63.14, 36.37
1716, 63.15, 36.386
1717, 63.16, 36.403
1718, 63.17, 36.42
1719, 63.17, 36.436
1720, 63.16, 36.453
1721, 63.15, 36.47
1722, 63.15, 36.47
1723, 63.12, 36.486
1724, 63.08, 36.503
1725, 63.01, 36.52
1726, 62.91, 36.536
1727, 62.77, 36.553
1728, 62.61, 36.57
1729, 62.42, 36.586
1730, 62.23, 36.603
1731, 62.02, 36.62
1732, 61.8, 36.636
1733, 61.52, 36.653
1734, 61.26, 36.67
1735, 61.04, 36.686
1736, 60.78, 36.703
1737, 60.52, 36.72
1738, 60.23, 36.736
1739, 59.95, 36.753
1740, 59.68, 36.77
1741, 59.43, 36.786
1742, 59.18, 36.803
1743, 58.91, 36.82
1744, 58.63, 36.836
1745, 58.35, 36.853
1746, 58.09, 36.87
1747, 57.85, 36.886
1748, 57.56, 36.903
1749, 57.16, 36.92
1750, 56.84, 36.936
1751, 56.63, 36.953
1752, 56.38, 36.97
1753, 55.91, 37.003
1754, 55.67, 37.02
1755, 55.43, 37.036
1756, 55.14, 37.053
1757, 54.89, 37.07
1758, 54.71, 37.086
1759, 54.5, 37.103
1760, 54.29, 37.12
1761, 54.09, 37.136
1762, 53.93, 37.153
1763, 53.77, 37.17
1764, 53.39, 37.203
1765, 53.17, 37.22
1766, 52.96, 37.236
1767, 52.8, 37.253
1768, 52.67, 37.27
1769, 52.53, 37.286
1770, 52.4, 37.303
1771, 52.14, 37.336
1772, 52.02, 37.353
1773, 51.89, 37.37
1774, 51.76, 37.386
1775, 51.64, 37.403
1776, 51.52, 37.42
1777, 51.29, 37.453
1778, 51.18, 37.47
1779, 51.08, 37.486
1780, 50.98, 37.503
1781, 50.88, 37.52
1782, 50.79, 37.536
1783, 50.6, 37.57
1784, 50.51, 37.586
1785, 50.42, 37.603
1786, 50.32, 37.62
1787, 50.23, 37.636
1788, 50.06, 37.67
1789, 49.97, 37.686
1790, 49.89, 37.703
1791, 49.81, 37.72
1792, 49.65, 37.753
1793, 49.58, 37.77
1794, 49.51, 37.786
1795, 49.45, 37.803
1796, 49.39, 37.82
1797, 49.26, 37.853
1798, 49.2, 37.87
1799, 49.14, 37.886
1800, 49.08, 37.903
1801, 48.95, 37.936
1802, 48.88, 37.953
1803, 48.82, 37.97
1804, 48.75, 37.986
1805, 48.61, 38.02
1806, 48.54, 38.036
1807, 48.47, 38.053
1808, 48.4, 38.07
1809, 48.33, 38.086
1810, 48.19, 38.12
1811, 48.13, 38.136
1812, 48.06, 38.153
1813, 48, 38.17
1814, 47.87, 38.203
1815, 47.81, 38.22
1816, 47.74, 38.236
1817, 47.68, 38.253
1818, 47.56, 38.286
1819, 47.5, 38.303
1820, 47.45, 38.32
1821, 47.34, 38.353
1822, 47.28, 38.37
1823, 47.21, 38.386
1824, 47.15, 38.403
1825, 47.02, 38.436
1826, 46.96, 38.453
1827, 46.9, 38.47
1828, 46.84, 38.486
1829, 46.72, 38.52
1830, 46.66, 38.536
1831, 46.61, 38.553
1832, 46.49, 38.586
1833, 46.43, 38.603
1834, 46.37, 38.62
1835, 46.31, 38.636
1836, 46.2, 38.67
1837, 46.14, 38.686
1838, 46.1, 38.703
1839, 46.15, 38.736
1840, 46.2, 38.753
1841, 46.21, 38.77
1842, 46.3, 38.803
1843, 46.33, 38.82
1844, 46.37, 38.836
1845, 46.43, 38.853
1846, 46.52, 38.886
1847, 46.57, 38.903
1848, 46.61, 38.92
1849, 46.69, 38.953
1850, 46.74, 38.97
1851, 46.79, 38.986
1852, 46.84, 39.003
1853, 46.92, 39.036
1854, 46.97, 39.053
1855, 47.03, 39.07
1856, 47.12, 39.103
1857, 47.17, 39.12
1858, 47.22, 39.136
1859, 47.26, 39.153
1860, 47.35, 39.186
1861, 47.41, 39.203
1862, 47.46, 39.22
1863, 47.52, 39.236
1864, 47.63, 39.27
1865, 47.68, 39.286
1866, 47.73, 39.303
1867, 47.79, 39.32
1868, 47.9, 39.353
1869, 47.95, 39.37
1870, 48.01, 39.386
1871, 48.07, 39.403
1872, 48.17, 39.436
1873, 48.23, 39.453
1874, 48.29, 39.47
1875, 48.35, 39.486
1876, 48.46, 39.52
1877, 48.51, 39.536
1878, 48.56, 39.553
1879, 48.62, 39.57
1880, 48.73, 39.603
1881, 48.78, 39.62
1882, 48.83, 39.636
1883, 48.89, 39.653
1884, 48.99, 39.686
1885, 49.05, 39.703
1886, 49.1, 39.72
1887, 49.15, 39.736
1888, 49.2, 39.753
1889, 49.3, 39.786
1890, 49.35, 39.803
1891, 49.41, 39.82
1892, 49.46, 39.836
1893, 49.57, 39.87
1894, 49.62, 39.886
1895, 49.68, 39.903
1896, 49.72, 39.92
1897, 49.78, 39.936
1898, 49.88, 39.97
1899, 49.94, 39.986
1900, 49.99, 40.003
1901, 50.05, 40.02
1902, 50.1, 40.036
1903, 50.2, 40.07
1904, 50.25, 40.086
1905, 50.3, 40.103
1906, 50.35, 40.12
1907, 50.41, 40.136
1908, 50.52, 40.17
1909, 50.58, 40.186
1910, 50.63, 40.203
1911, 50.68, 40.22
1912, 50.74, 40.236
1913, 50.85, 40.27
1914, 50.9, 40.286
1915, 50.96, 40.303
1916, 51.01, 40.32
1917, 51.06, 40.336
1918, 51.12, 40.353
1919, 51.22, 40.386
1920, 51.28, 40.403
1921, 51.33, 40.42
1922, 51.39, 40.436
1923, 51.44, 40.453
1924, 51.49, 40.47
1925, 51.6, 40.503
1926, 51.65, 40.52
1927, 51.7, 40.536
1928, 51.75, 40.553
1929, 51.8, 40.57
1930, 51.85, 40.586
1931, 51.95, 40.62
1932, 51.95, 40.62
1933, 51.95, 40.62
1934, 51.95, 40.62
1935, 52.15, 40.686
1936, 52.2, 40.703
1937, 52.25, 40.72
1938, 52.35, 40.753
1939, 52.39, 40.77
1940, 52.43, 40.786
1941, 52.47, 40.803
1942, 52.5, 40.82
1943, 52.53, 40.836
1944, 52.54, 40.853
1945, 52.51, 40.886
1946, 52.45, 40.903
1947, 52.36, 40.92
1948, 52.23, 40.936
1949, 52.09, 40.953
1950, 51.92, 40.97
1951, 51.75, 40.986
1952, 51.34, 41.02
1953, 51.09, 41.036
1954, 50.86, 41.053
1955, 50.64, 41.07
1956, 50.4, 41.086
1957, 49.89, 41.12
1958, 49.62, 41.136
1959, 49.38, 41.153
1960, 49.13, 41.17
1961, 48.86, 41.186
1962, 48.32, 41.22
1963, 48.07, 41.236
1964, 47.8, 41.253
1965, 47.53, 41.27
1966, 47.01, 41.303
1967, 46.75, 41.32
1968, 46.44, 41.336
1969, 45.83, 41.37
1970, 45.57, 41.386
1971, 45.32, 41.403
1972, 45.05, 41.42
1973, 44.56, 41.453
1974, 44.34, 41.47
1975, 44.13, 41.486
1976, 43.67, 41.52
1977, 43.46, 41.536
1978, 43.08, 41.57
1979, 42.92, 41.586
1980, 42.76, 41.603
1981, 42.48, 41.636
1982, 42.34, 41.653
1983, 42.08, 41.686
1984, 41.95, 41.703
1985, 41.84, 41.72
1986, 41.62, 41.753
1987, 41.52, 41.77
1988, 41.31, 41.803
1989, 41.21, 41.82
1990, 41.02, 41.853
1991, 40.92, 41.87
1992, 40.72, 41.903
1993, 40.62, 41.92
1994, 40.52, 41.936
1995, 40.32, 41.97
1996, 40.22, 41.986
1997, 40, 42.02
1998, 39.9, 42.036
1999, 39.67, 42.07
2000, 39.46, 42.103
2001, 39.35, 42.12
2002, 39.14, 42.153
2003, 39.04, 42.17
2004, 38.84, 42.203
2005, 38.74, 42.22
2006, 38.52, 42.253
2007, 38.42, 42.27
2008, 38.23, 42.303
2009, 38.04, 42.336
2010, 37.94, 42.353
2011, 37.76, 42.386
2012, 37.66, 42.403
2013, 37.48, 42.436
2014, 37.3, 42.47
2015, 37.21, 42.486
2016, 37.04, 42.52
2017, 36.88, 42.553
2018, 36.81, 42.57
2019, 36.5, 42.603
2020, 36.27, 42.636
2021, 36.19, 42.653
2022, 36.02, 42.686
2023, 35.81, 42.72
2024, 35.72, 42.736
2025, 35.53, 42.77
2026, 35.35, 42.803
2027, 35.26, 42.82
2028, 35.09, 42.853
2029, 34.94, 42.886
2030, 34.79, 42.92
2031, 34.72, 42.936
2032, 34.58, 42.97
2033, 34.44, 43.003
2034, 34.3, 43.036
2035, 34.17, 43.07
2036, 34.1, 43.086
2037, 33.97, 43.12
2038, 33.84, 43.153
2039, 33.72, 43.186
2040, 33.59, 43.22
2041, 33.46, 43.253
2042, 33.33, 43.286
2043, 33.26, 43.303
2044, 33.13, 43.336
2045, 32.99, 43.37
2046, 32.85, 43.403
2047, 32.71, 43.436
2048, 32.57, 43.47
2049, 32.42, 43.503
2050, 32.28, 43.536
2051, 32.14, 43.57
2052, 32.01, 43.603
2053, 31.89, 43.636
2054, 31.83, 43.653
2055, 31.71, 43.686
2056, 31.59, 43.72
2057, 31.48, 43.753
2058, 31.36, 43.786
2059, 31.25, 43.82
2060, 31.13, 43.853
2061, 31.02, 43.886
2062, 30.91, 43.92
2063, 30.8, 43.953
2064, 30.69, 43.986
2065, 30.58, 44.02
2066, 30.42, 44.07
2067, 30.34, 44.103
2068, 30.32, 44.136
2069, 30.45, 44.17
2070, 30.5, 44.203
2071, 30.58, 44.236
2072, 30.67, 44.27
2073, 30.77, 44.303
2074, 30.88, 44.336
2075, 30.99, 44.37
2076, 31.11, 44.403
2077, 31.23, 44.436
2078, 31.34, 44.47
2079, 31.47, 44.503
2080, 31.6, 44.536
2081, 31.73, 44.57
2082, 31.85, 44.603
2083, 31.96, 44.636
2084, 32.08, 44.67
2085, 32.2, 44.703
2086, 32.33, 44.736
2087, 32.39, 44.753
2088, 32.51, 44.786
2089, 32.63, 44.82
2090, 32.75, 44.853
2091, 32.89, 44.886
2092, 33.03, 44.92
2093, 33.18, 44.953
2094, 33.34, 44.986
2095, 33.42, 45.003
2096, 33.6, 45.036
2097, 33.79, 45.07
2098, 33.93, 45.103
2099, 34.09, 45.136
2100, 34.18, 45.153
2101, 34.34, 45.186
2102, 34.51, 45.22
2103, 34.68, 45.253
2104, 34.84, 45.286
2105, 34.92, 45.303
2106, 35.09, 45.336
2107, 35.26, 45.37
2108, 35.34, 45.386
2109, 35.53, 45.42
2110, 35.7, 45.453
2111, 35.87, 45.486
2112, 35.95, 45.503
2113, 36.13, 45.536
2114, 36.32, 45.57
2115, 36.42, 45.586
2116, 36.61, 45.62
2117, 36.81, 45.653
2118, 36.91, 45.67
2119, 37.11, 45.703
2120, 37.21, 45.72
2121, 37.4, 45.753
2122, 37.58, 45.786
2123, 37.68, 45.803
2124, 37.86, 45.836
2125, 37.94, 45.853
2126, 38.11, 45.886
2127, 38.27, 45.92
2128, 38.35, 45.936
2129, 38.51, 45.97
2130, 38.59, 45.986
2131, 38.74, 46.02
2132, 38.82, 46.036
2133, 38.96, 46.07
2134, 39.11, 46.103
2135, 39.18, 46.12
2136, 39.34, 46.153
2137, 39.41, 46.17
2138, 39.55, 46.203
2139, 39.61, 46.22
2140, 39.75, 46.253
2141, 39.82, 46.27
2142, 39.97, 46.303
2143, 40.05, 46.32
2144, 40.19, 46.353
2145, 40.19, 46.37
2146, 40.27, 46.403
2147, 40.43, 46.42
2148, 40.58, 46.453
2149, 40.66, 46.47
2150, 40.82, 46.503
2151, 40.89, 46.52
2152, 41.03, 46.553
2153, 41.11, 46.57
2154, 41.18, 46.586
2155, 41.32, 46.62
2156, 41.4, 46.636
2157, 41.55, 46.67
2158, 41.62, 46.686
2159, 41.77, 46.72
2160, 41.85, 46.736
2161, 42, 46.77
2162, 42.07, 46.786
2163, 42.14, 46.803
2164, 42.3, 46.836
2165, 42.37, 46.853
2166, 42.51, 46.886
2167, 42.58, 46.903
2168, 42.71, 46.936
2169, 42.78, 46.953
2170, 42.85, 46.97
2171, 42.99, 47.003
2172, 43.06, 47.02
2173, 43.19, 47.053
2174, 43.25, 47.07
2175, 43.32, 47.086
2176, 43.45, 47.12
2177, 43.52, 47.136
2178, 43.66, 47.17
2179, 43.72, 47.186
2180, 43.79, 47.203
2181, 43.92, 47.236
2182, 43.99, 47.253
2183, 44.06, 47.27
2184, 44.2, 47.303
2185, 44.26, 47.32
2186, 44.33, 47.336
2187, 44.46, 47.37
2188, 44.53, 47.386
2189, 44.66, 47.42
2190, 44.72, 47.436
2191, 44.79, 47.453
2192, 44.93, 47.486
2193, 45, 47.503
2194, 45.07, 47.52
2195, 45.2, 47.553
2196, 45.27, 47.57
2197, 45.33, 47.586
2198, 45.46, 47.62
2199, 45.52, 47.636
2200, 45.59, 47.653
2201, 45.72, 47.686
2202, 45.78, 47.703
2203, 45.85, 47.72
2204, 45.92, 47.736
2205, 46.05, 47.77
2206, 46.11, 47.786
2207, 46.18, 47.803
2208, 46.32, 47.836
2209, 46.39, 47.853
2210, 46.45, 47.87
2211, 46.57, 47.903
2212, 46.64, 47.92
2213, 46.7, 47.936
2214, 46.77, 47.953
2215, 46.91, 47.986
2216, 46.97, 48.003
2217, 47.03, 48.02
2218, 47.16, 48.053
2219, 47.23, 48.07
2220, 47.29, 48.086
2221, 47.35, 48.103
2222, 47.49, 48.136
2223, 47.56, 48.153
2224, 47.63, 48.17
2225, 47.69, 48.186
2226, 47.82, 48.22
2227, 47.88, 48.236
2228, 47.94, 48.253
2229, 48.06, 48.286
2230, 48.13, 48.303
2231, 48.19, 48.32
2232, 48.26, 48.336
2233, 48.32, 48.353
2234, 48.44, 48.386
2235, 48.5, 48.403
2236, 48.55, 48.42
2237, 48.61, 48.436
2238, 48.73, 48.47
2239, 48.79, 48.486
2240, 48.86, 48.503
2241, 48.92, 48.52
2242, 48.88, 48.553
2243, 49.01, 48.57
2244, 49.13, 48.586
2245, 49.15, 48.603
2246, 49.19, 48.62
2247, 49.32, 48.653
2248, 49.37, 48.67
2249, 49.41, 48.686
2250, 49.46, 48.703
2251, 49.57, 48.736
2252, 49.62, 48.753
2253, 49.68, 48.77
2254, 49.74, 48.786
2255, 49.79, 48.803
2256, 49.9, 48.836
2257, 49.95, 48.853
2258, 50, 48.87
2259, 50.06, 48.886
2260, 50.11, 48.903
2261, 50.21, 48.936
2262, 50.27, 48.953
2263, 50.32, 48.97
2264, 50.38, 48.986
2265, 50.43, 49.003
2266, 50.54, 49.036
2267, 50.59, 49.053
2268, 50.64, 49.07
2269, 50.7, 49.086
2270, 50.75, 49.103
2271, 50.81, 49.12
2272, 50.91, 49.153
2273, 50.96, 49.17
2274, 51.01, 49.186
2275, 51.07, 49.203
2276, 51.12, 49.22
2277, 51.21, 49.253
2278, 51.25, 49.27
2279, 51.29, 49.286
2280, 51.31, 49.303
2281, 51.32, 49.32
2282, 51.31, 49.336
2283, 51.2, 49.37
2284, 51.1, 49.386
2285, 50.96, 49.403
2286, 50.8, 49.42
2287, 50.62, 49.436
2288, 50.42, 49.453
2289, 49.95, 49.486
2290, 49.66, 49.503
2291, 49.42, 49.52
2292, 49.17, 49.536
2293, 48.65, 49.57
2294, 48.38, 49.586
2295, 48.11, 49.603
2296, 47.84, 49.62
2297, 47.58, 49.636
2298, 47.07, 49.67
2299, 46.83, 49.686
2300, 46.59, 49.703
2301, 46.06, 49.736
2302, 45.78, 49.753
2303, 45.5, 49.77
2304, 44.91, 49.803
2305, 44.55, 49.82
2306, 44.26, 49.836
2307, 43.75, 49.87
2308, 43.51, 49.886
2309, 43.28, 49.903
2310, 42.7, 49.936
2311, 42.4, 49.953
2312, 41.91, 49.986
2313, 41.63, 50.003
2314, 41.37, 50.02
2315, 40.87, 50.053
2316, 40.61, 50.07
2317, 40.08, 50.103
2318, 39.83, 50.12
2319, 39.35, 50.153
2320, 39.08, 50.17
2321, 38.55, 50.203
2322, 38.28, 50.22
2323, 37.83, 50.253
2324, 37.35, 50.286
2325, 37.14, 50.303
2326, 36.68, 50.336
2327, 36.41, 50.353
2328, 35.96, 50.386
2329, 35.5, 50.42
2330, 35.01, 50.453
2331, 34.81, 50.47
2332, 34.42, 50.503
2333, 34.02, 50.536
2334, 33.8, 50.553
2335, 33.35, 50.586
2336, 32.94, 50.62
2337, 32.61, 50.653
2338, 32.29, 50.686
2339, 31.97, 50.72
2340, 31.66, 50.753
2341, 31.51, 50.77
2342, 31.15, 50.803
2343, 30.86, 50.836
2344, 30.65, 50.87
2345, 30.4, 50.903
2346, 30.18, 50.936
2347, 29.97, 50.97
2348, 29.77, 51.003
2349, 29.58, 51.036
2350, 29.39, 51.07
2351, 29.2, 51.103
2352, 29.01, 51.136
2353, 28.76, 51.186
2354, 28.61, 51.22
2355, 28.47, 51.253
2356, 28.36, 51.286
2357, 28.26, 51.32
2358, 28.17, 51.353
2359, 28.1, 51.386
2360, 28.02, 51.42
2361, 27.94, 51.453
2362, 27.83, 51.503
2363, 27.75, 51.536
2364, 27.66, 51.57
2365, 27.57, 51.603
2366, 27.5, 51.636
2367, 27.42, 51.67
2368, 27.29, 51.72
2369, 27.2, 51.753
2370, 27.1, 51.786
2371, 27.01, 51.82
2372, 26.89, 51.853
2373, 26.75, 51.903
2374, 26.69, 51.936
2375, 26.62, 51.97
2376, 26.55, 52.003
2377, 26.41, 52.053
2378, 26.29, 52.086
2379, 26.2, 52.12
2380, 26.12, 52.153
2381, 26.07, 52.186
2382, 26.02, 52.236
2383, 26.01, 52.27
2384, 26.08, 52.303
2385, 26.12, 52.336
2386, 26.15, 52.386
2387, 26.24, 52.42
2388, 26.34, 52.453
2389, 26.46, 52.486
2390, 26.74, 52.536
2391, 26.88, 52.57
2392, 27.04, 52.603
2393, 27.25, 52.636
2394, 27.48, 52.67
2395, 27.84, 52.72
2396, 28.04, 52.753
2397, 28.25, 52.786
2398, 28.47, 52.82
2399, 28.68, 52.853
2400, 28.89, 52.886
2401, 29.1, 52.92
2402, 29.32, 52.953
2403, 29.63, 53.003
2404, 29.84, 53.036
2405, 30.05, 53.07
2406, 30.26, 53.103
2407, 30.46, 53.136
2408, 30.55, 53.153
2409, 30.72, 53.186
2410, 30.82, 53.22
2411, 30.88, 53.253
2412, 31.07, 53.286
2413, 31.33, 53.32
2414, 31.54, 53.353
2415, 31.74, 53.386
2416, 31.94, 53.42
2417, 32.11, 53.453
2418, 32.25, 53.486
2419, 32.29, 53.503
2420, 32.34, 53.536
2421, 32.42, 53.57
2422, 32.72, 53.603
2423, 33.04, 53.636
2424, 33.07, 53.67
2425, 33.1, 53.686
2426, 33.22, 53.72
2427, 33.37, 53.753
2428, 33.63, 53.786
2429, 33.9, 53.82
2430, 34.04, 53.836
2431, 34.27, 53.87
2432, 34.44, 53.903
2433, 34.62, 53.936
2434, 34.73, 53.953
2435, 34.97, 53.986
2436, 35.18, 54.02
2437, 35.28, 54.036
2438, 35.47, 54.07
2439, 35.67, 54.103
2440, 35.77, 54.12
2441, 35.96, 54.153
2442, 36.17, 54.186
2443, 36.27, 54.203
2444, 36.47, 54.236
2445, 36.67, 54.27
2446, 36.77, 54.286
2447, 36.97, 54.32
2448, 37.16, 54.353
2449, 37.26, 54.37
2450, 37.46, 54.403
2451, 37.55, 54.42
2452, 37.75, 54.453
2453, 37.95, 54.486
2454, 38.04, 54.503
2455, 38.24, 54.536
2456, 38.34, 54.553
2457, 38.53, 54.586
2458, 38.63, 54.603
2459, 38.82, 54.636
2460, 39.01, 54.67
2461, 39.1, 54.686
2462, 39.29, 54.72
2463, 39.37, 54.736
2464, 39.55, 54.77
2465, 39.64, 54.786
2466, 39.83, 54.82
2467, 39.92, 54.836
2468, 40.09, 54.87
2469, 40.18, 54.886
2470, 40.34, 54.92
2471, 40.42, 54.936
2472, 40.54, 54.97
2473, 40.59, 54.986
2474, 40.56, 55.02
2475, 40.67, 55.036
2476, 40.94, 55.07
2477, 40.99, 55.086
2478, 41.07, 55.103
2479, 41.24, 55.136
2480, 41.32, 55.153
2481, 41.48, 55.186
2482, 41.56, 55.203
2483, 41.71, 55.236
2484, 41.79, 55.253
2485, 41.95, 55.286
2486, 42.03, 55.303
2487, 42.11, 55.32
2488, 42.27, 55.353
2489, 42.35, 55.37
2490, 42.51, 55.403
2491, 42.58, 55.42
2492, 42.74, 55.453
2493, 42.81, 55.47
2494, 42.89, 55.486
2495, 43.05, 55.52
2496, 43.12, 55.536
2497, 43.27, 55.57
2498, 43.35, 55.586
2499, 43.43, 55.603
2500, 43.59, 55.636
2501, 43.66, 55.653
2502, 43.74, 55.67
2503, 43.89, 55.703
2504, 43.97, 55.72
2505, 44.12, 55.753
2506, 44.2, 55.77
2507, 44.28, 55.786
2508, 44.43, 55.82
2509, 44.51, 55.836
2510, 44.58, 55.853
2511, 44.73, 55.886
2512, 44.8, 55.903
2513, 44.87, 55.92
2514, 45.01, 55.953
2515, 45.07, 55.97
2516, 45.13, 55.986
2517, 45.24, 56.02
2518, 45.28, 56.036
2519, 45.32, 56.053
2520, 45.33, 56.086
2521, 45.28, 56.103
2522, 45.2, 56.12
2523, 45.05, 56.153
2524, 44.95, 56.17
2525, 44.78, 56.186
2526, 44.56, 56.22
2527, 44.46, 56.236
2528, 44.34, 56.253
2529, 44.08, 56.286
2530, 43.97, 56.303
2531, 43.87, 56.32
2532, 43.64, 56.353
2533, 43.54, 56.37
2534, 43.34, 56.403
2535, 43.25, 56.42
2536, 43.16, 56.436
2537, 43, 56.47
2538, 42.93, 56.486
2539, 42.81, 56.52
2540, 42.75, 56.536
2541, 42.7, 56.553
2542, 42.61, 56.586
2543, 42.57, 56.603
2544, 42.47, 56.636
2545, 42.42, 56.653
2546, 42.37, 56.67
2547, 42.27, 56.703
2548, 42.22, 56.72
2549, 42.11, 56.753
2550, 42.06, 56.77
2551, 42.01, 56.786
2552, 41.9, 56.82
2553, 41.8, 56.853
2554, 41.74, 56.87
2555, 41.69, 56.886
2556, 41.59, 56.92
2557, 41.53, 56.936
2558, 41.48, 56.953
2559, 41.38, 56.986
2560, 41.33, 57.003
2561, 41.23, 57.036
2562, 41.18, 57.053
2563, 41.08, 57.086
2564, 41.03, 57.103
2565, 40.93, 57.136
2566, 40.88, 57.153
2567, 40.83, 57.17
2568, 40.73, 57.203
2569, 40.68, 57.22
2570, 40.58, 57.253
2571, 40.54, 57.27
2572, 40.44, 57.303
2573, 40.38, 57.32
2574, 40.26, 57.353
2575, 40.2, 57.37
2576, 40.11, 57.403
2577, 40.07, 57.42
2578, 40.02, 57.436
2579, 39.94, 57.47
2580, 39.9, 57.486
2581, 39.79, 57.52
2582, 39.73, 57.536
2583, 39.6, 57.57
2584, 39.53, 57.586
2585, 39.41, 57.62
2586, 39.35, 57.636
2587, 39.23, 57.67
2588, 39.19, 57.686
2589, 39.1, 57.72
2590, 39.06, 57.736
2591, 38.97, 57.77
2592, 38.93, 57.786
2593, 38.81, 57.82
2594, 38.74, 57.836
2595, 38.61, 57.87
2596, 38.55, 57.886
2597, 38.47, 57.92
2598, 38.42, 57.936
2599, 38.35, 57.97
2600, 38.31, 57.986
2601, 38.23, 58.02
2602, 38.19, 58.036
2603, 38.1, 58.07
2604, 38.05, 58.086
2605, 37.96, 58.12
2606, 37.86, 58.153
2607, 37.8, 58.17
2608, 37.64, 58.203
2609, 37.56, 58.22
2610, 37.45, 58.253
2611, 37.42, 58.27
2612, 37.37, 58.303
2613, 37.31, 58.336
2614, 37.28, 58.353
2615, 37.2, 58.386
2616, 37.14, 58.403
2617, 37.02, 58.436
2618, 36.89, 58.47
2619, 36.85, 58.486
2620, 36.78, 58.52
2621, 36.75, 58.536
2622, 36.69, 58.57
2623, 36.61, 58.603
2624, 36.56, 58.62
2625, 36.47, 58.653
2626, 36.41, 58.686
2627, 36.38, 58.703
2628, 36.44, 58.736
2629, 36.48, 58.77
2630, 36.49, 58.786
2631, 36.54, 58.82
2632, 36.59, 58.853
2633, 36.61, 58.87
2634, 36.65, 58.903
2635, 36.71, 58.936
2636, 36.74, 58.953
2637, 36.8, 58.986
2638, 36.82, 59.003
2639, 36.89, 59.036
2640, 36.95, 59.07
2641, 36.97, 59.086
2642, 37, 59.12
2643, 36.97, 59.153
2644, 36.96, 59.17
2645, 36.9, 59.203
2646, 36.76, 59.236
2647, 36.75, 59.253
2648, 36.69, 59.286
2649, 36.65, 59.303
2650, 36.52, 59.336
2651, 36.44, 59.37
2652, 36.4, 59.386
2653, 36.31, 59.42
2654, 36.24, 59.453
2655, 36.21, 59.47
2656, 36.14, 59.503
2657, 36.07, 59.536
2658, 36.04, 59.553
2659, 35.97, 59.586
2660, 35.94, 59.603
2661, 35.87, 59.636
2662, 35.79, 59.67
2663, 35.76, 59.686
2664, 35.68, 59.72
2665, 35.61, 59.753
2666, 35.57, 59.77
2667, 35.5, 59.803
2668, 35.42, 59.836
2669, 35.35, 59.87
2670, 35.31, 59.886
2671, 35.23, 59.92
2672, 35.15, 59.953
2673, 35.12, 59.97
2674, 35.04, 60.003
2675, 34.96, 60.036
2676, 34.92, 60.053
2677, 34.85, 60.086
2678, 34.78, 60.12
2679, 34.75, 60.136
2680, 34.7, 60.17
2681, 34.78, 60.203
2682, 34.77, 60.22
2683, 34.75, 60.253
2684, 34.78, 60.286
2685, 34.78, 60.303
2686, 34.79, 60.336
2687, 34.8, 60.37
2688, 34.8, 60.386
2689, 34.81, 60.42
2690, 34.81, 60.453
2691, 34.81, 60.486
2692, 34.82, 60.503
2693, 34.82, 60.536
2694, 34.82, 60.57
2695, 34.82, 60.586
2696, 34.83, 60.62
2697, 34.83, 60.653
2698, 34.83, 60.67
2699, 34.83, 60.703
2700, 34.83, 60.736
2701, 34.82, 60.77
2702, 34.81, 60.786
2703, 34.79, 60.82
2704, 34.75, 60.853
2705, 34.74, 60.87
2706, 34.7, 60.903
2707, 34.67, 60.936
2708, 34.66, 60.953
2709, 34.64, 60.986
2710, 34.63, 61.02
2711, 34.65, 61.053
2712, 34.67, 61.07
2713, 34.77, 61.103
2714, 34.88, 61.136
2715, 34.93, 61.153
2716, 35, 61.186
2717, 35.01, 61.22
2718, 35.03, 61.236
2719, 35.1, 61.27
2720, 35.24, 61.303
2721, 35.29, 61.32
2722, 35.34, 61.353
2723, 35.42, 61.386
2724, 35.44, 61.403
2725, 35.51, 61.436
2726, 35.65, 61.47
2727, 35.7, 61.486
2728, 35.77, 61.52
2729, 35.86, 61.553
2730, 35.9, 61.57
2731, 35.97, 61.603
2732, 36.02, 61.636
2733, 36.07, 61.653
2734, 36.19, 61.686
2735, 36.25, 61.72
2736, 36.27, 61.736
2737, 36.33, 61.77
2738, 36.4, 61.803
2739, 36.44, 61.82
2740, 36.53, 61.853
2741, 36.6, 61.886
2742, 36.62, 61.903
2743, 36.67, 61.936
2744, 36.73, 61.97
2745, 36.75, 61.986
2746, 36.81, 62.02
2747, 36.84, 62.036
2748, 36.9, 62.07
2749, 36.95, 62.103
2750, 36.97, 62.12
2751, 37.03, 62.153
2752, 37.06, 62.17
2753, 37.12, 62.203
2754, 37.19, 62.236
2755, 37.23, 62.253
2756, 37.29, 62.286
2757, 37.36, 62.32
2758, 37.4, 62.336
2759, 37.47, 62.37
2760, 37.51, 62.386
2761, 37.6, 62.42
2762, 37.72, 62.453
2763, 37.79, 62.47
2764, 37.94, 62.503
2765, 38.01, 62.52
2766, 38.16, 62.553
2767, 38.23, 62.57
2768, 38.37, 62.603
2769, 38.47, 62.636
2770, 38.52, 62.653
2771, 38.7, 62.686
2772, 38.82, 62.703
2773, 39, 62.736
2774, 39.07, 62.753
2775, 39.21, 62.786
2776, 39.28, 62.803
2777, 39.43, 62.836
2778, 39.61, 62.87
2779, 39.68, 62.886
2780, 39.84, 62.92
2781, 39.92, 62.936
2782, 40.08, 62.97
2783, 40.17, 62.986
2784, 40.33, 63.02
2785, 40.41, 63.036
2786, 40.57, 63.07
2787, 40.65, 63.086
2788, 40.8, 63.12
2789, 40.88, 63.136
2790, 40.96, 63.153
2791, 41.11, 63.186
2792, 41.19, 63.203
2793, 41.34, 63.236
2794, 41.41, 63.253
2795, 41.56, 63.286
2796, 41.63, 63.303
2797, 41.78, 63.336
2798, 41.85, 63.353
2799, 41.99, 63.386
2800, 42.06, 63.403
2801, 42.14, 63.42
2802, 42.29, 63.453
2803, 42.37, 63.47
2804, 42.52, 63.503
2805, 42.59, 63.52
2806, 42.73, 63.553
2807, 42.8, 63.57
2808, 42.88, 63.586
2809, 43.03, 63.62
2810, 43.1, 63.636
2811, 43.25, 63.67
2812, 43.33, 63.686
2813, 43.4, 63.703
2814, 43.56, 63.736
2815, 43.63, 63.753
2816, 43.71, 63.77
2817, 43.86, 63.803
2818, 43.93, 63.82
2819, 44.08, 63.853
2820, 44.15, 63.87
2821, 44.23, 63.886
2822, 44.38, 63.92
2823, 44.45, 63.936
2824, 44.52, 63.953
2825, 44.68, 63.986
2826, 44.75, 64.003
2827, 44.82, 64.02
2828, 44.97, 64.053
2829, 45.04, 64.07
2830, 45.11, 64.086
2831, 45.26, 64.12
2832, 45.33, 64.136
2833, 45.41, 64.153
2834, 45.55, 64.186
2835, 45.62, 64.203
2836, 45.69, 64.22
2837, 45.83, 64.253
2838, 45.9, 64.27
2839, 45.97, 64.286
2840, 46.1, 64.32
2841, 46.17, 64.336
2842, 46.24, 64.353
2843, 46.31, 64.37
2844, 46.44, 64.403
2845, 46.51, 64.42
2846, 46.57, 64.436
2847, 46.71, 64.47
2848, 46.77, 64.486
2849, 46.84, 64.503
2850, 46.9, 64.52
2851, 47.04, 64.553
2852, 47.1, 64.57
2853, 47.17, 64.586
2854, 47.23, 64.603
2855, 47.36, 64.636
2856, 47.43, 64.653
2857, 47.5, 64.67
2858, 47.56, 64.686
2859, 47.69, 64.72
2860, 47.76, 64.736
2861, 47.82, 64.753
2862, 47.88, 64.77
2863, 48.01, 64.803
2864, 48.07, 64.82
2865, 48.13, 64.836
2866, 48.2, 64.853
2867, 48.32, 64.886
2868, 48.38, 64.903
2869, 48.44, 64.92
2870, 48.5, 64.936
2871, 48.56, 64.953
2872, 48.68, 64.986
2873, 48.73, 65.003
2874, 48.79, 65.02
2875, 48.85, 65.036
2876, 48.91, 65.053
2877, 49.02, 65.086
2878, 49.08, 65.103
2879, 49.14, 65.12
2880, 49.19, 65.136
2881, 49.25, 65.153
2882, 49.36, 65.186
2883, 49.42, 65.203
2884, 49.48, 65.22
2885, 49.53, 65.236
2886, 49.59, 65.253
2887, 49.64, 65.27
2888, 49.74, 65.303
2889, 49.78, 65.32
2890, 49.82, 65.336
2891, 49.86, 65.353
2892, 49.9, 65.37
2893, 49.97, 65.403
2894, 49.95, 65.42
2895, 49.91, 65.436
2896, 50.03, 65.453
2897, 50.14, 65.47
2898, 50.14, 65.486
2899, 50.23, 65.52
2900, 50.3, 65.536
2901, 50.34, 65.553
2902, 50.38, 65.57
2903, 50.43, 65.586
2904, 50.48, 65.603
2905, 50.57, 65.636
2906, 50.62, 65.653
2907, 50.67, 65.67
2908, 50.71, 65.686
2909, 50.75, 65.703
2910, 50.8, 65.72
2911, 50.89, 65.753
2912, 50.94, 65.77
2913, 50.98, 65.786
2914, 51.03, 65.803
2915, 51.08, 65.82
2916, 51.13, 65.836
2917, 51.22, 65.87
2918, 51.26, 65.886
2919, 51.31, 65.903
2920, 51.35, 65.92
2921, 51.4, 65.936
2922, 51.45, 65.953
2923, 51.53, 65.986
2924, 51.57, 66.003
2925, 51.63, 66.02
2926, 51.68, 66.036
2927, 51.72, 66.053
2928, 51.76, 66.07
2929, 51.85, 66.103
2930, 51.89, 66.12
2931, 51.94, 66.136
2932, 51.99, 66.153
2933, 52.03, 66.17
2934, 52.07, 66.186
2935, 52.11, 66.203
2936, 52.19, 66.236
2937, 52.23, 66.253
2938, 52.26, 66.27
2939, 52.29, 66.286
2940, 52.33, 66.303
2941, 52.37, 66.32
2942, 52.41, 66.336
2943, 52.48, 66.37
2944, 52.52, 66.386
2945, 52.57, 66.403
2946, 52.6, 66.42
2947, 52.64, 66.436
2948, 52.68, 66.453
2949, 52.76, 66.486
2950, 52.8, 66.503
2951, 52.84, 66.52
2952, 52.87, 66.536
2953, 52.91, 66.553
2954, 52.95, 66.57
2955, 52.99, 66.586
2956, 53.02, 66.603
2957, 53.11, 66.636
2958, 53.15, 66.653
2959, 53.18, 66.67
2960, 53.22, 66.686
2961, 53.26, 66.703
2962, 53.3, 66.72
2963, 53.34, 66.736
2964, 53.41, 66.77
2965, 53.45, 66.786
2966, 53.49, 66.803
2967, 53.53, 66.82
2968, 53.57, 66.836
2969, 53.61, 66.853
2970, 53.64, 66.87
2971, 53.68, 66.886
2972, 53.75, 66.92
2973, 53.79, 66.936
2974, 53.83, 66.953
2975, 53.87, 66.97
2976, 53.91, 66.986
2977, 53.95, 67.003
2978, 53.99, 67.02
2979, 54.03, 67.036
2980, 54.11, 67.07
2981, 54.15, 67.086
2982, 54.19, 67.103
2983, 54.24, 67.12
2984, 54.28, 67.136
2985, 54.32, 67.153
2986, 54.35, 67.17
2987, 54.38, 67.186
2988, 54.39, 67.203
2989, 54.32, 67.236
2990, 54.26, 67.253
2991, 54.19, 67.27
2992, 54.11, 67.286
2993, 54.01, 67.303
2994, 53.85, 67.32
2995, 53.71, 67.336
2996, 53.61, 67.353
2997, 53.49, 67.37
2998, 53.17, 67.403
2999, 53.01, 67.42
3000, 52.86, 67.436
3001, 52.69, 67.453
3002, 52.52, 67.47
3003, 52.34, 67.486
3004, 52.17, 67.503
3005, 51.82, 67.536
3006, 51.64, 67.553
3007, 51.47, 67.57
3008, 51.29, 67.586
3009, 51.12, 67.603
3010, 50.95, 67.62
3011, 50.63, 67.653
3012, 50.48, 67.67
3013, 50.32, 67.686
3014, 50.18, 67.703
3015, 50.04, 67.72
3016, 49.81, 67.753
3017, 49.69, 67.77
3018, 49.58, 67.786
3019, 49.48, 67.803
3020, 49.38, 67.82
3021, 49.2, 67.853
3022, 49.11, 67.87
3023, 49.02, 67.886
3024, 48.94, 67.903
3025, 48.86, 67.92
3026, 48.71, 67.953
3027, 48.64, 67.97
3028, 48.57, 67.986
3029, 48.5, 68.003
3030, 48.36, 68.036
3031, 48.3, 68.053
3032, 48.24, 68.07
3033, 48.19, 68.086
3034, 48.09, 68.12
3035, 48.04, 68.136
3036, 47.99, 68.153
3037, 47.93, 68.17
3038, 47.84, 68.203
3039, 47.79, 68.22
3040, 47.75, 68.236
3041, 47.71, 68.253
3042, 47.62, 68.286
3043, 47.57, 68.303
3044, 47.53, 68.32
3045, 47.48, 68.336
3046, 47.38, 68.37
3047, 47.33, 68.386
3048, 47.28, 68.403
3049, 47.17, 68.436
3050, 47.12, 68.453
3051, 47.06, 68.47
3052, 47.01, 68.486
3053, 46.89, 68.52
3054, 46.84, 68.536
3055, 46.78, 68.553
3056, 46.72, 68.57
3057, 46.61, 68.603
3058, 46.55, 68.62
3059, 46.5, 68.636
3060, 46.38, 68.67
3061, 46.33, 68.686
3062, 46.28, 68.703
3063, 46.23, 68.72
3064, 46.21, 68.753
3065, 46.25, 68.77
3066, 46.23, 68.786
3067, 46.24, 68.82
3068, 46.25, 68.836
3069, 46.24, 68.853
3070, 46.24, 68.87
3071, 46.25, 68.903
3072, 46.25, 68.92
3073, 46.23, 68.936
3074, 46.18, 68.97
3075, 46.13, 68.986
3076, 46.09, 69.003
3077, 45.99, 69.036
3078, 45.89, 69.053
3079, 45.82, 69.07
3080, 45.79, 69.086
3081, 45.69, 69.12
3082, 45.62, 69.136
3083, 45.56, 69.153
3084, 45.46, 69.186
3085, 45.4, 69.203
3086, 45.35, 69.22
3087, 45.26, 69.253
3088, 45.22, 69.27
3089, 45.26, 69.286
3090, 45.19, 69.32
3091, 45.17, 69.336
3092, 45.17, 69.353
3093, 45.13, 69.386
3094, 45.12, 69.403
3095, 45.1, 69.42
3096, 45.06, 69.453
3097, 45.04, 69.47
3098, 45.03, 69.486
3099, 45.01, 69.52
3100, 45.01, 69.536
3101, 45.02, 69.553
3102, 45.05, 69.586
3103, 45.07, 69.603
3104, 45.09, 69.62
3105, 45.12, 69.653
3106, 45.13, 69.67
3107, 45.15, 69.686
3108, 45.18, 69.72
3109, 45.19, 69.736
3110, 45.21, 69.753
3111, 45.24, 69.786
3112, 45.27, 69.803
3113, 45.3, 69.82
3114, 45.37, 69.853
3115, 45.41, 69.87
3116, 45.45, 69.886
3117, 45.54, 69.92
3118, 45.58, 69.936
3119, 45.62, 69.953
3120, 45.69, 69.986
3121, 45.74, 70.003
3122, 45.8, 70.02
3123, 45.87, 70.036
3124, 45.91, 70.053
3125, 45.96, 70.07
3126, 46.02, 70.086
3127, 46.1, 70.12
3128, 46.14, 70.136
3129, 46.17, 70.153
3130, 46.27, 70.186
3131, 46.32, 70.203
3132, 46.36, 70.22
3133, 46.44, 70.253
3134, 46.49, 70.27
3135, 46.53, 70.286
3136, 46.58, 70.303
3137, 46.67, 70.336
3138, 46.71, 70.353
3139, 46.75, 70.37
3140, 46.85, 70.403
3141, 46.9, 70.42
3142, 46.94, 70.436
3143, 47.04, 70.47
3144, 47.1, 70.486
3145, 47.15, 70.503
3146, 47.2, 70.52
3147, 47.31, 70.553
3148, 47.36, 70.57
3149, 47.41, 70.586
3150, 47.46, 70.603
3151, 47.56, 70.636
3152, 47.62, 70.653
3153, 47.67, 70.67
3154, 47.77, 70.703
3155, 47.82, 70.72
3156, 47.87, 70.736
3157, 47.92, 70.753
3158, 48.03, 70.786
3159, 48.08, 70.803
3160, 48.12, 70.82
3161, 48.17, 70.836
3162, 48.26, 70.87
3163, 48.3, 70.886
3164, 48.35, 70.903
3165, 48.4, 70.92
3166, 48.5, 70.953
3167, 48.56, 70.97
3168, 48.61, 70.986
3169, 48.65, 71.003
3170, 48.73, 71.036
3171, 48.75, 71.053
3172, 48.75, 71.07
3173, 48.82, 71.086
3174, 48.93, 71.103
3175, 49.07, 71.136
3176, 49.07, 71.153
3177, 49.11, 71.17
3178, 49.17, 71.186
3179, 49.27, 71.22
3180, 49.33, 71.236
3181, 49.39, 71.253
3182, 49.45, 71.27
3183, 49.51, 71.286
3184, 49.61, 71.32
3185, 49.66, 71.336
3186, 49.71, 71.353
3187, 49.76, 71.37
3188, 49.81, 71.386
3189, 49.91, 71.42
3190, 49.96, 71.436
3191, 50.01, 71.453
3192, 50.07, 71.47
3193, 50.17, 71.503
3194, 50.21, 71.52
3195, 50.27, 71.536
3196, 50.33, 71.553
3197, 50.37, 71.57
3198, 50.41, 71.586
3199, 50.5, 71.62
3200, 50.61, 71.636
3201, 50.69, 71.653
3202, 50.75, 71.67
3203, 50.77, 71.686
3204, 50.88, 71.72
3205, 50.94, 71.736
3206, 50.99, 71.753
3207, 51.04, 71.77
3208, 51.1, 71.786
3209, 51.15, 71.803
3210, 51.25, 71.836
3211, 51.31, 71.853
3212, 51.36, 71.87
3213, 51.41, 71.886
3214, 51.47, 71.903
3215, 51.57, 71.936
3216, 51.62, 71.953
3217, 51.68, 71.97
3218, 51.73, 71.986
3219, 51.78, 72.003
3220, 51.84, 72.02
3221, 51.89, 72.036
3222, 52, 72.07
3223, 52.05, 72.086
3224, 52.1, 72.103
3225, 52.16, 72.12
3226, 52.21, 72.136
3227, 52.26, 72.153
3228, 52.37, 72.186
3229, 52.42, 72.203
3230, 52.47, 72.22
3231, 52.53, 72.236
3232, 52.58, 72.253
3233, 52.63, 72.27
3234, 52.69, 72.286
3235, 52.79, 72.32
3236, 52.84, 72.336
3237, 52.9, 72.353
3238, 52.94, 72.37
3239, 53, 72.386
3240, 53.05, 72.403
3241, 53.1, 72.42
3242, 53.15, 72.436
3243, 53.26, 72.47
3244, 53.32, 72.486
3245, 53.37, 72.503
3246, 53.42, 72.52
3247, 53.48, 72.536
3248, 53.53, 72.553
3249, 53.57, 72.57
3250, 53.62, 72.586
3251, 53.73, 72.62
3252, 53.78, 72.636
3253, 53.83, 72.653
3254, 53.88, 72.67
3255, 53.94, 72.686
3256, 53.99, 72.703
3257, 54.04, 72.72
3258, 54.09, 72.736
3259, 54.14, 72.753
3260, 54.25, 72.786
3261, 54.3, 72.803
3262, 54.35, 72.82
3263, 54.4, 72.836
3264, 54.45, 72.853
3265, 54.5, 72.87
3266, 54.55, 72.886
3267, 54.6, 72.903
3268, 54.65, 72.92
3269, 54.71, 72.936
3270, 54.81, 72.97
3271, 54.86, 72.986
3272, 54.91, 73.003
3273, 54.96, 73.02
3274, 55.01, 73.036
3275, 55.06, 73.053
3276, 55.11, 73.07
3277, 55.16, 73.086
3278, 55.21, 73.103
3279, 55.26, 73.12
3280, 55.31, 73.136
3281, 55.42, 73.17
3282, 55.47, 73.186
3283, 55.52, 73.203
3284, 55.57, 73.22
3285, 55.62, 73.236
3286, 55.67, 73.253
3287, 55.72, 73.27
3288, 55.77, 73.286
3289, 55.82, 73.303
3290, 55.87, 73.32
3291, 55.92, 73.336
3292, 55.97, 73.353
3293, 56.06, 73.386
3294, 56.11, 73.403
3295, 56.16, 73.42
3296, 56.21, 73.436
3297, 56.25, 73.453
3298, 56.3, 73.47
3299, 56.35, 73.486
3300, 56.4, 73.503
3301, 56.45, 73.52
3302, 56.49, 73.536
3303, 56.54, 73.553
3304, 56.59, 73.57
3305, 56.64, 73.586
3306, 56.69, 73.603
3307, 56.74, 73.62
3308, 56.78, 73.636
3309, 56.88, 73.67
3310, 56.93, 73.686
3311, 56.97, 73.703
3312, 57.01, 73.72
3313, 57.06, 73.736
3314, 57.1, 73.753
3315, 57.15, 73.77
3316, 57.19, 73.786
3317, 57.24, 73.803
3318, 57.28, 73.82
3319, 57.33, 73.836
3320, 57.38, 73.853
3321, 57.42, 73.87
3322, 57.47, 73.886
3323, 57.51, 73.903
3324, 57.56, 73.92
3325, 57.6, 73.936
3326, 57.65, 73.953
3327, 57.7, 73.97
3328, 57.74, 73.986
3329, 57.78, 74.003
3330, 57.87, 74.036
3331, 57.91, 74.053
3332, 57.95, 74.07
3333, 58, 74.086
3334, 58.04, 74.103
3335, 58.09, 74.12
3336, 58.13, 74.136
3337, 58.17, 74.153
3338, 58.22, 74.17
3339, 58.26, 74.186
3340, 58.3, 74.203
3341, 58.34, 74.22
3342, 58.39, 74.236
3343, 58.43, 74.253
3344, 58.47, 74.27
3345, 58.52, 74.286
3346, 58.56, 74.303
3347, 58.6, 74.32
3348, 58.64, 74.336
3349, 58.68, 74.353
3350, 58.72, 74.37
3351, 58.76, 74.386
3352, 58.8, 74.403
3353, 58.84, 74.42
3354, 58.88, 74.436
3355, 58.92, 74.453
3356, 58.96, 74.47
3357, 59, 74.486
3358, 58.98, 74.503
3359, 58.94, 74.52
3360, 59.06, 74.536
3361, 59.12, 74.553
3362, 59.1, 74.57
3363, 59.14, 74.586
3364, 59.2, 74.603
3365, 59.23, 74.62
3366, 59.26, 74.636
3367, 59.3, 74.653
3368, 59.34, 74.67
3369, 59.37, 74.686
3370, 59.4, 74.703
3371, 59.44, 74.72
3372, 59.47, 74.736
3373, 59.51, 74.753
3374, 59.54, 74.77
3375, 59.58, 74.786
3376, 59.61, 74.803
3377, 59.65, 74.82
3378, 59.69, 74.836
3379, 59.76, 74.87
3380, 59.79, 74.886
3381, 59.82, 74.903
3382, 59.86, 74.92
3383, 59.89, 74.936
3384, 59.93, 74.953
3385, 59.96, 74.97
3386, 60, 74.986
3387, 60.03, 75.003
3388, 60.06, 75.02
3389, 60.09, 75.053
3390, 60.11, 75.07
3391, 60.13, 75.086
3392, 60.13, 75.103
3393, 60.12, 75.12
3394, 60.09, 75.136
3395, 60.03, 75.153
3396, 59.92, 75.17
3397, 59.78, 75.186
3398, 59.61, 75.203
3399, 59.42, 75.22
3400, 59.21, 75.236
3401, 58.95, 75.253
3402, 58.66, 75.27
3403, 58.4, 75.286
3404, 58.13, 75.303
3405, 57.83, 75.32
3406, 57.54, 75.336
3407, 57.25, 75.353
3408, 56.9, 75.37
3409, 56.56, 75.386
3410, 56.21, 75.403
3411, 55.86, 75.42
3412, 55.53, 75.436
3413, 55.2, 75.453
3414, 54.88, 75.47
3415, 54.54, 75.486
3416, 54.22, 75.503
3417, 53.88, 75.52
3418, 53.19, 75.553
3419, 52.87, 75.57
3420, 52.56, 75.586
3421, 52.27, 75.603
3422, 51.98, 75.62
3423, 51.65, 75.636
3424, 51.32, 75.653
3425, 50.6, 75.686
3426, 50.21, 75.703
3427, 49.86, 75.72
3428, 49.52, 75.736
3429, 49.19, 75.753
3430, 48.56, 75.786
3431, 48.24, 75.803
3432, 47.88, 75.82
3433, 47.57, 75.836
3434, 46.97, 75.87
3435, 46.65, 75.886
3436, 46.34, 75.903
3437, 45.7, 75.936
3438, 45.39, 75.953
3439, 45.1, 75.97
3440, 44.81, 75.986
3441, 44.18, 76.02
3442, 43.85, 76.036
3443, 43.25, 76.07
3444, 42.93, 76.086
3445, 42.66, 76.103
3446, 42.15, 76.136
3447, 41.9, 76.153
3448, 41.34, 76.186
3449, 41.01, 76.203
3450, 40.46, 76.236
3451, 40.22, 76.253
3452, 39.76, 76.286
3453, 39.52, 76.303
3454, 39.03, 76.336
3455, 38.81, 76.353
3456, 38.31, 76.386
3457, 38.08, 76.403
3458, 37.64, 76.436
3459, 37.38, 76.453
3460, 36.76, 76.486
3461, 36.27, 76.52
3462, 36.04, 76.536
3463, 35.62, 76.57
3464, 35.08, 76.603
3465, 34.83, 76.62
3466, 34.46, 76.653
3467, 34.03, 76.686
3468, 33.44, 76.72
3469, 33.18, 76.736
3470, 32.81, 76.77
3471, 32.53, 76.803
3472, 32.24, 76.836
3473, 31.8, 76.87
3474, 31.53, 76.903
3475, 31.38, 76.936
3476, 31.22, 76.97
3477, 31.15, 76.986
3478, 31.03, 77.02
3479, 30.92, 77.053
3480, 30.82, 77.086
3481, 30.73, 77.12
3482, 30.64, 77.153
3483, 30.55, 77.186
3484, 30.46, 77.22
3485, 30.37, 77.253
3486, 30.28, 77.286
3487, 30.2, 77.32
3488, 30.12, 77.353
3489, 30.03, 77.386
3490, 29.95, 77.42
3491, 29.87, 77.453
3492, 29.84, 77.47
3493, 29.75, 77.503
3494, 29.68, 77.536
3495, 29.6, 77.57
3496, 29.54, 77.603
3497, 29.5, 77.636
3498, 29.45, 77.67
3499, 29.47, 77.703
3500, 29.46, 77.736
3501, 29.41, 77.77
3502, 29.39, 77.803
3503, 29.37, 77.836
3504, 29.34, 77.87
3505, 29.31, 77.903
3506, 29.26, 77.936
3507, 29.21, 77.97
3508, 29.18, 78.003
3509, 29.16, 78.036
3510, 29.13, 78.07
3511, 29.11, 78.103
3512, 29.08, 78.136
3513, 29.04, 78.17
3514, 29.01, 78.203
3515, 28.99, 78.236
3516, 28.95, 78.27
3517, 28.89, 78.32
3518, 28.86, 78.353
3519, 28.83, 78.386
3520, 28.8, 78.42
3521, 28.78, 78.453
3522, 28.77, 78.486
3523, 28.78, 78.52
3524, 28.78, 78.553
3525, 28.86, 78.586
3526, 28.93, 78.62
3527, 28.85, 78.653
3528, 28.85, 78.686
3529, 28.98, 78.72
3530, 29.1, 78.753
3531, 29.27, 78.786
3532, 29.36, 78.82
3533, 29.44, 78.853
3534, 29.53, 78.886
3535, 29.62, 78.92
3536, 29.75, 78.953
3537, 29.93, 78.986
3538, 30.07, 79.02
3539, 30.18, 79.053
3540, 30.29, 79.086
3541, 30.43, 79.12
3542, 30.58, 79.153
3543, 30.77, 79.186
3544, 30.97, 79.22
3545, 31.17, 79.253
3546, 31.38, 79.286
3547, 31.61, 79.32
3548, 31.84, 79.353
3549, 31.94, 79.37
3550, 32.15, 79.403
3551, 32.4, 79.436
3552, 32.61, 79.47
3553, 32.82, 79.503
3554, 33.04, 79.536
3555, 33.15, 79.553
3556, 33.37, 79.586
3557, 33.59, 79.62
3558, 33.81, 79.653
3559, 33.91, 79.67
3560, 34.12, 79.703
3561, 34.33, 79.736
3562, 34.33, 79.736
3563, 34.33, 79.736
3564, 34.33, 79.736
3565, 34.33, 79.736
3566, 34.33, 79.736
3567, 35.38, 79.903
3568, 35.58, 79.936
3569, 35.78, 79.97
3570, 35.89, 79.986
3571, 36.1, 80.02
3572, 36.29, 80.053
3573, 36.39, 80.07
3574, 36.59, 80.103
3575, 36.69, 80.12
3576, 36.88, 80.153
3577, 37.07, 80.186
3578, 37.17, 80.203
3579, 37.38, 80.236
3580, 37.48, 80.253
3581, 37.66, 80.286
3582, 37.85, 80.32
3583, 37.95, 80.336
3584, 38.13, 80.37
3585, 38.22, 80.386
3586, 38.41, 80.42
3587, 38.6, 80.453
3588, 38.69, 80.47
3589, 38.86, 80.503
3590, 38.94, 80.52
3591, 39.14, 80.553
3592, 39.25, 80.57
3593, 39.44, 80.603
3594, 39.53, 80.62
3595, 39.72, 80.653
3596, 39.73, 80.67
3597, 39.84, 80.703
3598, 40.02, 80.72
3599, 40.16, 80.753
3600, 40.24, 80.77
3601, 40.43, 80.803
3602, 40.51, 80.82
3603, 40.68, 80.853
3604, 40.76, 80.87
3605, 40.94, 80.903
3606, 41.02, 80.92
3607, 41.19, 80.953
3608, 41.27, 80.97
3609, 41.43, 81.003
3610, 41.52, 81.02
3611, 41.67, 81.053
3612, 41.76, 81.07
3613, 41.84, 81.086
3614, 42, 81.12
3615, 42.08, 81.136
3616, 42.24, 81.17
3617, 42.32, 81.186
3618, 42.47, 81.22
3619, 42.55, 81.236
3620, 42.63, 81.253
3621, 42.78, 81.286
3622, 42.86, 81.303
3623, 43.03, 81.336
3624, 43.11, 81.353
3625, 43.18, 81.37
3626, 43.34, 81.403
3627, 43.42, 81.42
3628, 43.57, 81.453
3629, 43.65, 81.47
3630, 43.73, 81.486
3631, 43.88, 81.52
3632, 43.95, 81.536
3633, 44.03, 81.553
3634, 44.17, 81.586
3635, 44.25, 81.603
3636, 44.4, 81.636
3637, 44.47, 81.653
3638, 44.54, 81.67
3639, 44.69, 81.703
3640, 44.77, 81.72
3641, 44.84, 81.736
3642, 44.98, 81.77
3643, 45.06, 81.786
3644, 45.13, 81.803
3645, 45.28, 81.836
3646, 45.35, 81.853
3647, 45.5, 81.886
3648, 45.57, 81.903
3649, 45.65, 81.92
3650, 45.79, 81.953
3651, 45.86, 81.97
3652, 45.94, 81.986
3653, 46.08, 82.02
3654, 46.16, 82.036
3655, 46.23, 82.053
3656, 46.31, 82.07
3657, 46.46, 82.103
3658, 46.52, 82.12
3659, 46.58, 82.136
3660, 46.65, 82.17
3661, 46.65, 82.186
3662, 46.61, 82.203
3663, 46.42, 82.236
3664, 46.3, 82.253
3665, 46.16, 82.27
3666, 45.73, 82.303
3667, 45.52, 82.32
3668, 45.32, 82.336
3669, 45.11, 82.353
3670, 44.61, 82.386
3671, 44.33, 82.403
3672, 43.81, 82.436
3673, 43.54, 82.453
3674, 43.27, 82.47
3675, 42.74, 82.503
3676, 42.47, 82.52
3677, 41.94, 82.553
3678, 41.66, 82.57
3679, 41.38, 82.586
3680, 40.83, 82.62
3681, 40.56, 82.636
3682, 40.02, 82.67
3683, 39.75, 82.686
3684, 39.22, 82.72
3685, 38.96, 82.736
3686, 38.45, 82.77
3687, 38.21, 82.786
3688, 37.65, 82.82
3689, 37.15, 82.853
3690, 36.94, 82.87
3691, 36.47, 82.903
3692, 36.07, 82.936
3693, 35.88, 82.953
3694, 35.49, 82.986
3695, 35.13, 83.02
3696, 34.95, 83.036
3697, 34.59, 83.07
3698, 34.23, 83.103
3699, 34.04, 83.12
3700, 33.68, 83.153
3701, 33.34, 83.186
3702, 33.01, 83.22
3703, 32.7, 83.253
3704, 32.42, 83.286
3705, 32.28, 83.303
3706, 32.02, 83.336
3707, 31.77, 83.37
3708, 31.55, 83.403
3709, 31.35, 83.436
3710, 31.14, 83.47
3711, 30.95, 83.503
3712, 30.81, 83.536
3713, 30.62, 83.57
3714, 30.42, 83.603
3715, 30.28, 83.636
3716, 30.12, 83.67
3717, 29.96, 83.703
3718, 29.81, 83.736
3719, 29.67, 83.77
3720, 29.53, 83.803
3721, 29.4, 83.836
3722, 29.27, 83.87
3723, 29.17, 83.903
3724, 29.08, 83.936
3725, 28.99, 83.97
3726, 28.91, 84.003
3727, 28.83, 84.036
3728, 28.76, 84.07
3729, 28.69, 84.103
3730, 28.61, 84.136
3731, 28.49, 84.186
3732, 28.42, 84.22
3733, 28.34, 84.253
3734, 28.27, 84.286
3735, 28.2, 84.32
3736, 28.13, 84.353
3737, 28.06, 84.386
3738, 27.99, 84.42
3739, 27.88, 84.47
3740, 27.82, 84.503
3741, 27.74, 84.536
3742, 27.68, 84.57
3743, 27.61, 84.603
3744, 27.53, 84.636
3745, 27.42, 84.686
3746, 27.35, 84.72
3747, 27.27, 84.753
3748, 27.19, 84.786
3749, 27.11, 84.82
3750, 27, 84.87
3751, 26.9, 84.903
3752, 26.82, 84.936
3753, 26.75, 84.97
3754, 26.62, 85.02
3755, 26.54, 85.053
3756, 26.45, 85.086
3757, 26.37, 85.12
3758, 26.24, 85.17
3759, 26.15, 85.203
3760, 26.08, 85.236
3761, 25.96, 85.286
3762, 25.89, 85.32
3763, 25.82, 85.353
3764, 25.73, 85.386
3765, 25.61, 85.436
3766, 25.54, 85.47
3767, 25.48, 85.503
3768, 25.35, 85.553
3769, 25.26, 85.586
3770, 25.18, 85.62
3771, 25.06, 85.67
3772, 24.99, 85.703
3773, 24.93, 85.736
3774, 24.85, 85.786
3775, 24.8, 85.82
3776, 24.72, 85.87
3777, 24.74, 85.903
3778, 24.74, 85.936
3779, 24.7, 85.986
3780, 24.69, 86.02
3781, 24.68, 86.053
3782, 24.73, 86.103
3783, 24.69, 86.136
3784, 24.68, 86.17
3785, 24.66, 86.22
3786, 24.7, 86.253
3787, 24.73, 86.286
3788, 24.72, 86.336
3789, 24.77, 86.37
3790, 24.8, 86.42
3791, 24.81, 86.453
3792, 24.88, 86.486
3793, 25.04, 86.536
3794, 25.06, 86.57
3795, 25.14, 86.603
3796, 25.34, 86.653
3797, 25.47, 86.686
3798, 25.55, 86.72
3799, 25.68, 86.77
3800, 25.78, 86.803
3801, 25.87, 86.836
3802, 25.99, 86.886
3803, 26.15, 86.92
3804, 26.34, 86.953
3805, 26.45, 86.986
3806, 26.52, 87.036
3807, 26.63, 87.07
3808, 26.81, 87.103
3809, 27.03, 87.136
3810, 27.27, 87.186
3811, 27.35, 87.22
3812, 27.47, 87.253
3813, 27.63, 87.286
3814, 27.79, 87.32
3815, 27.91, 87.353
3816, 28.09, 87.403
3817, 28.2, 87.436
3818, 28.32, 87.47
3819, 28.41, 87.503
3820, 28.5, 87.536
3821, 28.6, 87.57
3822, 28.7, 87.603
3823, 28.8, 87.636
3824, 28.92, 87.67
3825, 29.11, 87.72
3826, 29.25, 87.753
3827, 29.39, 87.786
3828, 29.52, 87.82
3829, 29.65, 87.853
3830, 29.81, 87.886
3831, 30, 87.92
3832, 30.2, 87.953
3833, 30.44, 87.986
3834, 30.67, 88.02
3835, 30.88, 88.053
3836, 31.07, 88.086
3837, 31.27, 88.12
3838, 31.49, 88.153
3839, 31.6, 88.17
3840, 31.79, 88.203
3841, 32, 88.236
3842, 32.2, 88.27
3843, 32.38, 88.303
3844, 32.56, 88.336
3845, 32.78, 88.37
3846, 32.99, 88.403
3847, 33.08, 88.42
3848, 33.27, 88.453
3849, 33.46, 88.486
3850, 33.65, 88.52
3851, 33.86, 88.553
3852, 33.97, 88.57
3853, 34.16, 88.603
3854, 34.34, 88.636
3855, 34.52, 88.67
3856, 34.72, 88.703
3857, 34.81, 88.72
3858, 35.01, 88.753
3859, 35.22, 88.786
3860, 35.31, 88.803
3861, 35.49, 88.836
3862, 35.69, 88.87
3863, 35.88, 88.903
3864, 35.98, 88.92
3865, 36.18, 88.953
3866, 36.36, 88.986
3867, 36.45, 89.003
3868, 36.64, 89.036
3869, 36.84, 89.07
3870, 36.94, 89.086
3871, 37.12, 89.12
3872, 37.31, 89.153
3873, 37.4, 89.17
3874, 37.58, 89.203
3875, 37.67, 89.22
3876, 37.86, 89.253
3877, 38.04, 89.286
3878, 38.13, 89.303
3879, 38.32, 89.336
3880, 38.4, 89.353
3881, 38.58, 89.386
3882, 38.67, 89.403
3883, 38.84, 89.436
3884, 39.02, 89.47
3885, 39.11, 89.486
3886, 39.28, 89.52
3887, 39.37, 89.536
3888, 39.54, 89.57
3889, 39.63, 89.586
3890, 39.59, 89.62
3891, 39.71, 89.636
3892, 39.97, 89.67
3893, 40.03, 89.686
3894, 40.2, 89.72
3895, 40.27, 89.736
3896, 40.43, 89.77
3897, 40.51, 89.786
3898, 40.66, 89.82
3899, 40.74, 89.836
3900, 40.89, 89.87
3901, 40.97, 89.886
3902, 41.12, 89.92
3903, 41.2, 89.936
3904, 41.35, 89.97
3905, 41.42, 89.986
3906, 41.5, 90.003
3907, 41.64, 90.036
3908, 41.72, 90.053
3909, 41.87, 90.086
3910, 41.94, 90.103
3911, 42.09, 90.136
3912, 42.17, 90.153
3913, 42.31, 90.186
3914, 42.38, 90.203
3915, 42.46, 90.22
3916, 42.6, 90.253
3917, 42.67, 90.27
3918, 42.82, 90.303
3919, 42.88, 90.32
3920, 42.95, 90.336
3921, 43.06, 90.37
3922, 43.11, 90.386
3923, 43.18, 90.42
3924, 43.2, 90.436
3925, 43.2, 90.453
3926, 43.15, 90.486
3927, 43.06, 90.503
3928, 42.79, 90.536
3929, 42.63, 90.553
3930, 42.46, 90.57
3931, 42.1, 90.603
3932, 41.9, 90.62
3933, 41.45, 90.653
3934, 41.23, 90.67
3935, 40.83, 90.703
3936, 40.62, 90.72
3937, 40.39, 90.736
3938, 39.98, 90.77
3939, 39.77, 90.786
3940, 39.35, 90.82
3941, 38.95, 90.853
3942, 38.76, 90.87
3943, 38.39, 90.903
3944, 38.21, 90.92
3945, 37.9, 90.953
3946, 37.75, 90.97
3947, 37.48, 91.003
3948, 37.24, 91.036
3949, 37.13, 91.053
3950, 36.93, 91.086
3951, 36.84, 91.103
3952, 36.65, 91.136
3953, 36.49, 91.17
3954, 36.41, 91.186
3955, 36.25, 91.22
3956, 36.09, 91.253
3957, 36.01, 91.27
3958, 35.84, 91.303
3959, 35.65, 91.336
3960, 35.56, 91.353
3961, 35.35, 91.386
3962, 35.13, 91.42
3963, 35.02, 91.436
3964, 34.82, 91.47
3965, 34.6, 91.503
3966, 34.41, 91.536
3967, 34.31, 91.553
3968, 34.12, 91.586
3969, 33.96, 91.62
3970, 33.81, 91.653
3971, 33.66, 91.686
3972, 33.59, 91.703
3973, 33.46, 91.736
3974, 33.33, 91.77
3975, 33.21, 91.803
3976, 33.1, 91.836
3977, 32.8, 91.87
3978, 32.7, 91.886
3979, 32.6, 91.92
3980, 32.48, 91.953
3981, 32.3, 91.986
3982, 32.15, 92.02
3983, 32.03, 92.053
3984, 31.88, 92.086
3985, 31.75, 92.12
3986, 31.63, 92.153
3987, 31.51, 92.186
3988, 31.46, 92.203
3989, 31.35, 92.236
3990, 31.25, 92.27
3991, 31.14, 92.303
3992, 31.04, 92.336
3993, 30.93, 92.37
3994, 30.83, 92.403
3995, 30.73, 92.436
3996, 30.62, 92.47
3997, 30.52, 92.503
3998, 30.42, 92.536
3999, 30.32, 92.57
4000, 30.23, 92.603
4001, 30.16, 92.636
4002, 30.08, 92.67
4003, 30.02, 92.703
4004, 29.92, 92.753
4005, 29.88, 92.786
4006, 29.89, 92.82
4007, 29.82, 92.853
4008, 29.76, 92.886
4009, 29.7, 92.92
4010, 29.63, 92.953
4011, 29.64, 92.986
4012, 29.73, 93.02
4013, 29.86, 93.053
4014, 30.01, 93.086
4015, 30.17, 93.12
4016, 30.33, 93.153
4017, 30.49, 93.186
4018, 30.65, 93.22
4019, 30.8, 93.253
4020, 30.96, 93.286
4021, 31.17, 93.32
4022, 31.36, 93.353
4023, 31.52, 93.386
4024, 31.68, 93.42
4025, 31.86, 93.453
4026, 32.05, 93.486
4027, 32.14, 93.503
4028, 32.31, 93.536
4029, 32.48, 93.57
4030, 32.65, 93.603
4031, 32.82, 93.636
4032, 32.99, 93.67
4033, 33.07, 93.686
4034, 33.23, 93.72
4035, 33.39, 93.753
4036, 33.53, 93.786
4037, 33.66, 93.82
4038, 33.72, 93.836
4039, 33.82, 93.87
4040, 33.91, 93.903
4041, 34.01, 93.936
4042, 34.05, 93.953
4043, 34.14, 93.986
4044, 34.22, 94.02
4045, 34.25, 94.036
4046, 34.25, 94.07
4047, 34.2, 94.103
4048, 34.13, 94.136
4049, 34.09, 94.153
4050, 34.02, 94.186
4051, 33.87, 94.22
4052, 33.75, 94.253
4053, 33.71, 94.27
4054, 33.62, 94.303
4055, 33.51, 94.336
4056, 33.41, 94.37
4057, 33.36, 94.386
4058, 33.27, 94.42
4059, 33.19, 94.453
4060, 33.1, 94.486
4061, 33.03, 94.52
4062, 32.99, 94.536
4063, 32.91, 94.57
4064, 32.84, 94.603
4065, 32.81, 94.636
4066, 32.79, 94.67
4067, 32.76, 94.686
4068, 32.72, 94.72
4069, 32.72, 94.753
4070, 32.73, 94.786
4071, 32.75, 94.82
4072, 32.78, 94.853
4073, 32.8, 94.87
4074, 32.85, 94.903
4075, 32.92, 94.936
4076, 33.01, 94.97
4077, 33.04, 95.003
4078, 33.07, 95.02
4079, 33.14, 95.053
4080, 33.19, 95.086
4081, 33.25, 95.12
4082, 33.32, 95.153
4083, 33.38, 95.186
4084, 33.42, 95.203
4085, 33.48, 95.236
4086, 33.53, 95.27
4087, 33.61, 95.303
4088, 33.67, 95.336
4089, 33.7, 95.353
4090, 33.77, 95.386
4091, 33.85, 95.42
4092, 33.93, 95.453
4093, 33.97, 95.47
4094, 34.07, 95.503
4095, 34.19, 95.536
4096, 34.31, 95.57
4097, 34.44, 95.603
4098, 34.5, 95.62
4099, 34.62, 95.653
4100, 34.74, 95.686
4101, 34.87, 95.72
4102, 34.93, 95.736
4103, 35.04, 95.77
4104, 35.16, 95.803
4105, 35.22, 95.82
4106, 35.33, 95.853
4107, 35.45, 95.886
4108, 35.57, 95.92
4109, 35.63, 95.936
4110, 35.76, 95.97
4111, 35.91, 96.003
4112, 35.99, 96.02
4113, 36.15, 96.053
4114, 36.32, 96.086
4115, 36.41, 96.103
4116, 36.59, 96.136
4117, 36.78, 96.17
4118, 36.86, 96.186
4119, 37.03, 96.22
4120, 37.2, 96.253
4121, 37.28, 96.27
4122, 37.46, 96.303
4123, 37.63, 96.336
4124, 37.7, 96.353
4125, 37.87, 96.386
4126, 37.95, 96.403
4127, 38.12, 96.436
4128, 38.28, 96.47
4129, 38.29, 96.486
4130, 38.37, 96.52
4131, 38.5, 96.536
4132, 38.63, 96.57
4133, 38.8, 96.603
4134, 38.86, 96.62
4135, 38.99, 96.653
4136, 39.06, 96.67
4137, 39.19, 96.703
4138, 39.19, 96.703
4139, 39.19, 96.703
4140, 39.46, 96.77
4141, 39.61, 96.803
4142, 39.74, 96.836
4143, 39.81, 96.853
4144, 39.95, 96.886
4145, 40.01, 96.903
4146, 40.15, 96.936
4147, 40.23, 96.953
4148, 40.37, 96.986
4149, 40.43, 97.003
4150, 40.56, 97.036
4151, 40.63, 97.053
4152, 40.76, 97.086
4153, 40.82, 97.103
4154, 40.95, 97.136
4155, 41.03, 97.153
4156, 41.17, 97.186
4157, 41.22, 97.203
4158, 41.36, 97.236
4159, 41.45, 97.253
4160, 41.58, 97.286
4161, 41.64, 97.303
4162, 41.72, 97.32
4163, 41.86, 97.353
4164, 41.92, 97.37
4165, 42.04, 97.403
4166, 42.11, 97.42
4167, 42.25, 97.453
4168, 42.32, 97.47
4169, 42.46, 97.503
4170, 42.53, 97.52
4171, 42.58, 97.536
4172, 42.7, 97.57
4173, 42.76, 97.586
4174, 42.91, 97.62
4175, 42.98, 97.636
4176, 43.06, 97.653
4177, 43.2, 97.686
4178, 43.27, 97.703
4179, 43.42, 97.736
4180, 43.49, 97.753
4181, 43.57, 97.77
4182, 43.73, 97.803
4183, 43.8, 97.82
4184, 43.96, 97.853
4185, 44.03, 97.87
4186, 44.11, 97.886
4187, 44.26, 97.92
4188, 44.34, 97.936
4189, 44.41, 97.953
4190, 44.56, 97.986
4191, 44.63, 98.003
4192, 44.7, 98.02
4193, 44.84, 98.053
4194, 44.91, 98.07
4195, 44.98, 98.086
4196, 45.13, 98.12
4197, 45.2, 98.136
4198, 45.28, 98.153
4199, 45.42, 98.186
4200, 45.5, 98.203
4201, 45.57, 98.22
4202, 45.72, 98.253
4203, 45.79, 98.27
4204, 45.86, 98.286
4205, 46, 98.32
4206, 46.07, 98.336
4207, 46.14, 98.353
4208, 46.29, 98.386
4209, 46.36, 98.403
4210, 46.43, 98.42
4211, 46.49, 98.436
4212, 46.64, 98.47
4213, 46.71, 98.486
4214, 46.78, 98.503
4215, 46.91, 98.536
4216, 46.98, 98.553
4217, 47.05, 98.57
4218, 47.12, 98.586
4219, 47.26, 98.62
4220, 47.33, 98.636
4221, 47.39, 98.653
4222, 47.46, 98.67
4223, 47.59, 98.703
4224, 47.66, 98.72
4225, 47.73, 98.736
4226, 47.79, 98.753
4227, 47.92, 98.786
4228, 47.99, 98.803
4229, 48.05, 98.82
4230, 48.12, 98.836
4231, 48.25, 98.87
4232, 48.32, 98.886
4233, 48.39, 98.903
4234, 48.45, 98.92
4235, 48.58, 98.953
4236, 48.64, 98.97
4237, 48.7, 98.986
4238, 48.76, 99.003
4239, 48.89, 99.036
4240, 48.88, 99.053
4241, 48.84, 99.07
4242, 48.97, 99.086
4243, 49.11, 99.12
4244, 49.15, 99.136
4245, 49.21, 99.153
4246, 49.28, 99.17
4247, 49.33, 99.186
4248, 49.44, 99.22
4249, 49.51, 99.236
4250, 49.56, 99.253
4251, 49.62, 99.27
4252, 49.68, 99.286
4253, 49.79, 99.32
4254, 49.84, 99.336
4255, 49.9, 99.353
4256, 49.95, 99.37
4257, 50.05, 99.403
4258, 50.11, 99.42
4259, 50.17, 99.436
4260, 50.22, 99.453
4261, 50.28, 99.47
4262, 50.34, 99.486
4263, 50.45, 99.52
4264, 50.5, 99.536
4265, 50.56, 99.553
4266, 50.61, 99.57
4267, 50.66, 99.586
4268, 50.76, 99.62
4269, 50.82, 99.636
4270, 50.87, 99.653
4271, 50.92, 99.67
4272, 50.97, 99.686
4273, 51.09, 99.72
4274, 51.14, 99.736
4275, 51.2, 99.753
4276, 51.25, 99.77
4277, 51.31, 99.786
4278, 51.36, 99.803
4279, 51.46, 99.836
4280, 51.52, 99.853
4281, 51.57, 99.87
4282, 51.62, 99.886
4283, 51.67, 99.903
4284, 51.72, 99.92
4285, 51.82, 99.953
4286, 51.87, 99.97
4287, 51.92, 99.986
4288, 51.97, 100.003
4289, 52.03, 100.02
4290, 52.08, 100.036
4291, 52.13, 100.053
4292, 52.23, 100.086
4293, 52.28, 100.103
4294, 52.33, 100.12
4295, 52.38, 100.136
4296, 52.43, 100.153
4297, 52.49, 100.17
4298, 52.54, 100.186
4299, 52.64, 100.22
4300, 52.7, 100.236
4301, 52.75, 100.253
4302, 52.8, 100.27
4303, 52.85, 100.286
4304, 52.89, 100.303
4305, 52.94, 100.32
4306, 53.04, 100.353
4307, 53.09, 100.37
4308, 53.14, 100.386
4309, 53.19, 100.403
4310, 53.24, 100.42
4311, 53.29, 100.436
4312, 53.33, 100.453
4313, 53.38, 100.47
4314, 53.48, 100.503
4315, 53.53, 100.52
4316, 53.58, 100.536
4317, 53.63, 100.553
4318, 53.68, 100.57
4319, 53.73, 100.586
4320, 53.77, 100.603
4321, 53.82, 100.62
4322, 53.92, 100.653
4323, 53.97, 100.67
4324, 54.01, 100.686
4325, 54.06, 100.703
4326, 54.11, 100.72
4327, 54.16, 100.736
4328, 54.2, 100.753
