0, 66.0583, 51.9091
1, 66.0795, 51.9258
2, 66.1009, 51.9425
3, 66.1223, 51.9591
4, 66.1426, 51.9758
5, 66.1622, 51.9925
6, 66.1827, 52.0091
7, 66.2029, 52.0258
8, 66.2238, 52.0425
9, 66.2444, 52.0591
10, 66.2444, 52.0591
11, 66.2644, 52.0758
12, 66.2826, 52.0925
13, 66.3004, 52.1091
14, 66.3179, 52.1258
15, 66.3365, 52.1425
16, 66.3568, 52.1591
17, 66.3761, 52.1758
18, 66.3964, 52.1925
19, 66.4174, 52.2091
20, 66.4174, 52.2091
21, 66.4379, 52.2258
22, 66.4579, 52.2425
23, 66.4768, 52.2591
24, 66.4952, 52.2758
25, 66.5144, 52.2925
26, 66.5339, 52.3091
27, 66.5539, 52.3258
28, 66.5539, 52.3258
29, 66.5539, 52.3258
30, 66.5539, 52.3258
31, 66.5539, 52.3258
32, 66.5539, 52.3258
33, 66.5539, 52.3258
34, 66.6675, 52.4258
35, 66.6857, 52.4425
36, 66.7041, 52.4591
37, 66.7223, 52.4758
38, 66.7405, 52.4925
39, 66.759, 52.5091
40, 66.7773, 52.5258
41, 66.7773, 52.5258
42, 66.7962, 52.5425
43, 66.8153, 52.5591
44, 66.8337, 52.5758
45, 66.8528, 52.5925
46, 66.8724, 52.6091
47, 66.8914, 52.6258
48, 66.9092, 52.6425
49, 66.9271, 52.6591
50, 66.9271, 52.6591
51, 66.9458, 52.6758
52, 66.9644, 52.6925
53, 66.983, 52.7091
54, 67.0015, 52.7258
55, 67.02, 52.7425
56, 67.0389, 52.7591
57, 67.0552, 52.7758
58, 67.0727, 52.7925
59, 67.0916, 52.8091
60, 67.0916, 52.8091
61, 67.1084, 52.8258
62, 67.1267, 52.8425
63, 67.1454, 52.8591
64, 67.1648, 52.8758
65, 67.1837, 52.8925
66, 67.2013, 52.9091
67, 67.2182, 52.9258
68, 67.2357, 52.9425
69, 67.2357, 52.9425
70, 67.253, 52.9591
71, 67.2697, 52.9758
72, 67.2865, 52.9925
73, 67.304, 53.0091
74, 67.3213, 53.0258
75, 67.3382, 53.0425
76, 67.3551, 53.0591
77, 67.3716, 53.0758
78, 67.3716, 53.0758
79, 67.3884, 1.2002
80, 67.4054, 1.2168
81, 67.4235, 1.2335
82, 67.442, 1.2502
83, 67.4608, 1.2668
84, 67.4802, 1.2835
85, 67.4999, 1.3002
86, 67.5204, 1.3168
87, 67.5204, 1.3168
88, 67.5384, 1.3335
89, 67.5552, 1.3502
90, 67.5707, 1.3668
91, 67.5865, 1.3835
92, 67.6029, 1.4002
93, 67.6193, 1.4168
94, 67.6353, 1.4335
95, 67.6512, 1.4502
96, 67.6512, 1.4502
97, 67.6679, 1.4668
98, 67.6851, 1.4835
99, 67.7024, 1.5002
100, 67.7194, 1.5168
101, 67.7363, 1.5335
102, 67.7531, 1.5502
103, 67.7696, 1.5668
104, 67.786, 1.5835
105, 67.786, 1.5835
106, 67.8022, 1.6002
107, 67.8191, 1.6168
108, 67.8366, 1.6335
109, 67.8535, 1.6502
110, 67.8701, 1.6668
111, 67.8855, 1.6835
112, 67.8982, 1.7002
113, 67.9086, 1.7168
114, 67.9086, 1.7168
115, 67.9177, 1.7335
116, 67.9251, 1.7502
117, 67.9297, 1.7668
118, 67.9308, 1.7835
119, 67.9281, 1.8002
120, 67.9209, 1.8168
121, 67.9089, 1.8335
122, 67.9089, 1.8335
123, 67.8921, 1.8502
124, 67.87, 1.8668
125, 67.8366, 1.8835
126, 67.7867, 1.9002
127, 67.7065, 1.9168
128, 67.6022, 1.9335
129, 67.4855, 1.9502
130, 67.3547, 1.9668
131, 67.3547, 1.9668
132, 67.174, 1.9835
133, 66.9927, 2.0002
134, 66.825, 2.0168
135, 66.6415, 2.0335
136, 66.4299, 2.0502
137, 66.192, 2.0668
138, 65.9408, 2.0835
139, 65.6781, 2.1002
140, 65.3997, 2.1168
141, 65.1057, 2.1335
142, 65.1057, 2.1335
143, 64.8006, 2.1502
144, 64.4884, 2.1668
145, 64.1696, 2.1835
146, 63.8467, 2.2002
147, 63.5214, 2.2168
148, 63.1871, 2.2335
149, 62.8465, 2.2502
150, 62.5113, 2.2668
151, 62.1782, 2.2835
152, 61.8452, 2.3002
153, 61.5113, 2.3168
154, 61.1715, 2.3335
155, 60.8284, 2.3502
156, 60.4875, 2.3668
157, 60.1498, 2.3835
158, 59.8194, 2.4002
159, 59.4951, 2.4168
160, 59.1792, 2.4335
161, 58.8692, 2.4502
162, 58.5607, 2.4668
163, 58.2536, 2.4835
164, 57.9465, 2.5002
165, 57.6365, 2.5168
166, 57.3287, 2.5335
167, 57.0419, 2.5502
168, 56.7654, 2.5668
169, 56.4831, 2.5835
170, 56.2089, 2.6002
171, 55.9301, 2.6168
172, 55.64, 2.6335
173, 55.3597, 2.6502
174, 54.8382, 2.6835
175, 54.5814, 2.7002
176, 54.3304, 2.7168
177, 54.082, 2.7335
178, 53.8355, 2.7502
179, 53.5912, 2.7668
180, 53.3501, 2.7835
181, 53.1105, 2.8002
182, 52.8722, 2.8168
183, 52.4032, 2.8502
184, 52.1688, 2.8668
185, 51.9342, 2.8835
186, 51.699, 2.9002
187, 51.4533, 2.9168
188, 51.198, 2.9335
189, 50.6704, 2.9668
190, 50.4066, 2.9835
191, 50.1451, 3.0002
192, 49.8959, 3.0168
193, 49.6586, 3.0335
194, 49.1836, 3.0668
195, 48.9537, 3.0835
196, 48.7276, 3.1002
197, 48.5077, 3.1168
198, 48.2957, 3.1335
199, 47.9083, 3.1668
200, 47.7296, 3.1835
201, 47.5602, 3.2002
202, 47.3761, 3.2168
203, 46.9994, 3.2502
204, 46.8471, 3.2668
205, 46.7158, 3.2835
206, 46.4655, 3.3168
207, 46.3321, 3.3335
208, 46.1961, 3.3502
209, 45.9335, 3.3835
210, 45.8076, 3.4002
211, 45.6832, 3.4168
212, 45.5551, 3.4335
213, 45.2844, 3.4668
214, 45.1491, 3.4835
215, 44.8884, 3.5168
216, 44.7608, 3.5335
217, 44.6315, 3.5502
218, 44.3655, 3.5835
219, 44.2309, 3.6002
220, 44.0969, 3.6168
221, 43.833, 3.6502
222, 43.7028, 3.6668
223, 43.5717, 3.6835
224, 43.3126, 3.7168
225, 43.189, 3.7335
226, 42.9456, 3.7668
227, 42.8237, 3.7835
228, 42.5896, 3.8168
229, 42.4754, 3.8335
230, 42.3638, 3.8502
231, 42.1472, 3.8835
232, 42.0438, 3.9002
233, 41.8393, 3.9335
234, 41.7411, 3.9502
235, 41.5503, 3.9835
236, 41.4603, 4.0002
237, 41.2946, 4.0335
238, 41.2176, 4.0502
239, 41.0774, 4.0835
240, 41.0159, 4.1002
241, 40.9019, 4.1335
242, 40.846, 4.1502
243, 40.7349, 4.1835
244, 40.6798, 4.2002
245, 40.574, 4.2335
246, 40.5228, 4.2502
247, 40.4264, 4.2835
248, 40.3861, 4.3002
249, 40.3172, 4.3335
250, 40.2823, 4.3502
251, 40.2295, 4.3835
252, 40.2276, 4.4002
253, 40.2076, 4.4335
254, 40.1688, 4.4668
255, 40.1568, 4.4835
256, 40.1459, 4.5168
257, 40.1433, 4.5335
258, 40.1383, 4.5668
259, 40.136, 4.5835
260, 40.1354, 4.6168
261, 40.1404, 4.6335
262, 40.1547, 4.6668
263, 40.1611, 4.6835
264, 40.1711, 4.7168
265, 40.1837, 4.7502
266, 40.1935, 4.7668
267, 40.2137, 4.8002
268, 40.2213, 4.8168
269, 40.2327, 4.8502
270, 40.2329, 4.8668
271, 40.2103, 4.9002
272, 40.1829, 4.9168
273, 40.119, 4.9502
274, 40.073, 4.9668
275, 39.923, 5.0002
276, 39.869, 5.0168
277, 39.8062, 5.0502
278, 39.7253, 5.0835
279, 39.6741, 5.1002
280, 39.5767, 5.1335
281, 39.5351, 5.1502
282, 39.4523, 5.1835
283, 39.4069, 5.2002
284, 39.3138, 5.2335
285, 39.2229, 5.2668
286, 39.1772, 5.2835
287, 39.0838, 5.3168
288, 39.0377, 5.3335
289, 38.9463, 5.3668
290, 38.8524, 5.4002
291, 38.8053, 5.4168
292, 38.7113, 5.4502
293, 38.6155, 5.4835
294, 38.5665, 5.5002
295, 38.4684, 5.5335
296, 38.4191, 5.5502
297, 38.3233, 5.5835
298, 38.231, 5.6168
299, 38.185, 5.6335
300, 38.0951, 5.6668
301, 38.009, 5.7002
302, 37.9659, 5.7168
303, 37.8778, 5.7502
304, 37.7913, 5.7835
305, 37.748, 5.8002
306, 37.6631, 5.8335
307, 37.5774, 5.8668
308, 37.535, 5.8835
309, 37.4493, 5.9168
310, 37.4044, 5.9335
311, 37.3143, 5.9668
312, 37.2229, 6.0002
313, 37.1773, 6.0168
314, 37.1073, 6.0502
315, 37.0394, 6.0835
316, 36.9729, 6.1168
317, 36.9408, 6.1335
318, 36.8741, 6.1668
319, 36.8099, 6.2002
320, 36.777, 6.2168
321, 36.6451, 6.2502
322, 36.5048, 6.2835
323, 36.449, 6.3002
324, 36.3599, 6.3335
325, 36.2619, 6.3668
326, 36.1465, 6.4002
327, 36.0877, 6.4168
328, 35.9779, 6.4502
329, 35.8748, 6.4835
330, 35.7689, 6.5168
331, 35.7141, 6.5335
332, 35.6038, 6.5668
333, 35.4988, 6.6002
334, 35.3971, 6.6335
335, 35.3471, 6.6502
336, 35.2475, 6.6835
337, 35.1474, 6.7168
338, 35.0464, 6.7502
339, 34.9956, 6.7668
340, 34.8944, 6.8002
341, 34.793, 6.8335
342, 34.6911, 6.8668
343, 34.5915, 6.9002
344, 34.5424, 6.9168
345, 34.4443, 6.9502
346, 34.3468, 6.9835
347, 34.2494, 7.0168
348, 34.1534, 7.0502
349, 34.1054, 7.0668
350, 34.0086, 7.1002
351, 33.913, 7.1335
352, 33.8197, 7.1668
353, 33.7408, 7.2002
354, 33.6843, 7.2335
355, 33.6582, 7.2502
356, 33.6053, 7.2835
357, 33.553, 7.3168
358, 33.5331, 7.3502
359, 33.5364, 7.3835
360, 33.5226, 7.4168
361, 33.5108, 7.4335
362, 33.4933, 7.4668
363, 33.4913, 7.5002
364, 33.4978, 7.5335
365, 33.5024, 7.5668
366, 33.5123, 7.6002
367, 33.5396, 7.6335
368, 33.5778, 7.6668
369, 33.5939, 7.6835
370, 33.6013, 7.7168
371, 33.5572, 7.7502
372, 33.5026, 7.7835
373, 33.3524, 7.8168
374, 33.2127, 7.8502
375, 33.1384, 7.8835
376, 33.1099, 7.9002
377, 33.03, 7.9335
378, 32.9203, 7.9668
379, 32.8121, 8.0002
380, 32.721, 8.0335
381, 32.6307, 8.0668
382, 32.5334, 8.1002
383, 32.4339, 8.1335
384, 32.3392, 8.1668
385, 32.2971, 8.1835
386, 32.2371, 8.2168
387, 32.1803, 8.2502
388, 32.1968, 8.2835
389, 32.2469, 8.3168
390, 32.263, 8.3502
391, 32.2693, 8.3835
392, 32.3004, 8.4168
393, 32.3545, 8.4502
394, 32.4106, 8.4835
395, 32.4387, 8.5002
396, 32.496, 8.5335
397, 32.5542, 8.5668
398, 32.6176, 8.6002
399, 32.6831, 8.6335
400, 32.7441, 8.6668
401, 32.7981, 8.7002
402, 32.8513, 8.7335
403, 32.8752, 8.7502
404, 32.9159, 8.7835
405, 32.9522, 8.8168
406, 32.9961, 8.8502
407, 33.0442, 8.8835
408, 33.0873, 8.9168
409, 33.1267, 8.9502
410, 33.1734, 8.9835
411, 33.2011, 9.0002
412, 33.2629, 9.0335
413, 33.3319, 9.0668
414, 33.4086, 9.1002
415, 33.4818, 9.1335
416, 33.5181, 9.1502
417, 33.5901, 9.1835
418, 33.667, 9.2168
419, 33.7411, 9.2502
420, 33.8147, 9.2835
421, 33.8541, 9.3002
422, 33.9283, 9.3335
423, 34.0004, 9.3668
424, 34.077, 9.4002
425, 34.1599, 9.4335
426, 34.2025, 9.4502
427, 34.2901, 9.4835
428, 34.3773, 9.5168
429, 34.4616, 9.5502
430, 34.5025, 9.5668
431, 34.5885, 9.6002
432, 34.6745, 9.6335
433, 34.7161, 9.6502
434, 34.7935, 9.6835
435, 34.8764, 9.7168
436, 34.9606, 9.7502
437, 35.0035, 9.7668
438, 35.0875, 9.8002
439, 35.171, 9.8335
440, 35.2132, 9.8502
441, 35.2922, 9.8835
442, 35.3722, 9.9168
443, 35.454, 9.9502
444, 35.4931, 9.9668
445, 35.5718, 10.0002
446, 35.655, 10.0335
447, 35.7022, 10.0502
448, 35.8021, 10.0835
449, 35.9036, 10.1168
450, 35.9593, 10.1335
451, 36.0811, 10.1668
452, 36.2165, 10.2002
453, 36.2897, 10.2168
454, 36.4434, 10.2502
455, 36.5995, 10.2835
456, 36.6786, 10.3002
457, 36.8415, 10.3335
458, 36.9252, 10.3502
459, 37.0918, 10.3835
460, 37.2555, 10.4168
461, 37.336, 10.4335
462, 37.4977, 10.4668
463, 37.5772, 10.4835
464, 37.7347, 10.5168
465, 37.89, 10.5502
466, 37.9673, 10.5668
467, 38.1184, 10.6002
468, 38.1948, 10.6168
469, 38.3513, 10.6502
470, 38.431, 10.6668
471, 38.5855, 10.7002
472, 38.6583, 10.7168
473, 38.7971, 10.7502
474, 38.8664, 10.7668
475, 39.0084, 10.8002
476, 39.1288, 10.8335
477, 39.1098, 10.8502
478, 39.0727, 10.8835
479, 39.1143, 10.9002
480, 39.2467, 10.9335
481, 39.3105, 10.9502
482, 39.4162, 10.9835
483, 39.4669, 11.0002
484, 39.5835, 11.0335
485, 39.6433, 11.0502
486, 39.7532, 11.0835
487, 39.8092, 11.1002
488, 39.9166, 11.1335
489, 39.9705, 11.1502
490, 40.083, 11.1835
491, 40.1398, 11.2002
492, 40.2485, 11.2335
493, 40.302, 11.2502
494, 40.3989, 11.2835
495, 40.4435, 11.3002
496, 40.5351, 11.3335
497, 40.5855, 11.3502
498, 40.6862, 11.3835
499, 40.7361, 11.4002
500, 40.7845, 11.4168
501, 40.8806, 11.4502
502, 40.9287, 11.4668
503, 41.0295, 11.5002
504, 41.0833, 11.5168
505, 41.1972, 11.5502
506, 41.2583, 11.5668
507, 41.3993, 11.6002
508, 41.4747, 11.6168
509, 41.6173, 11.6502
510, 41.6839, 11.6668
511, 41.7499, 11.6835
512, 41.8787, 11.7168
513, 41.9429, 11.7335
514, 42.0832, 11.7668
515, 42.1605, 11.7835
516, 42.3168, 11.8168
517, 42.3894, 11.8335
518, 42.4592, 11.8502
519, 42.5987, 11.8835
520, 42.6719, 11.9002
521, 42.8146, 11.9335
522, 42.8825, 11.9502
523, 42.9479, 11.9668
524, 43.0753, 12.0002
525, 43.1398, 12.0168
526, 43.2706, 12.0502
527, 43.3393, 12.0668
528, 43.4093, 12.0835
529, 43.5479, 12.1168
530, 43.6133, 12.1335
531, 43.7362, 12.1668
532, 43.7949, 12.1835
533, 43.8519, 12.2002
534, 43.9632, 12.2335
535, 44.0147, 12.2502
536, 44.0629, 12.2668
537, 44.1508, 12.3002
538, 44.1835, 12.3168
539, 44.1652, 12.3502
540, 44.1005, 12.3668
541, 44.028, 12.3835
542, 43.7998, 12.4168
543, 43.6686, 12.4335
544, 43.5547, 12.4502
545, 43.3514, 12.4835
546, 43.2342, 12.5002
547, 42.9409, 12.5335
548, 42.771, 12.5502
549, 42.5965, 12.5668
550, 42.2469, 12.6002
551, 42.0675, 12.6168
552, 41.6941, 12.6502
553, 41.4942, 12.6668
554, 41.0817, 12.7002
555, 40.8802, 12.7168
556, 40.6786, 12.7335
557, 40.2586, 12.7668
558, 40.0756, 12.7835
559, 39.7053, 12.8168
560, 39.3087, 12.8502
561, 39.1115, 12.8668
562, 38.6678, 12.9002
563, 38.4476, 12.9168
564, 38.0622, 12.9502
565, 37.9068, 12.9668
566, 37.6406, 13.0002
567, 37.4232, 13.0335
568, 37.3329, 13.0502
569, 37.1762, 13.0835
570, 37.105, 13.1002
571, 36.9412, 13.1335
572, 36.7485, 13.1668
573, 36.6706, 13.1835
574, 36.5586, 13.2168
575, 36.4713, 13.2502
576, 36.4262, 13.2668
577, 36.3295, 13.3002
578, 36.2348, 13.3335
579, 36.192, 13.3502
580, 36.1108, 13.3835
581, 36.025, 13.4168
582, 35.9805, 13.4335
583, 35.8901, 13.4668
584, 35.8013, 13.5002
585, 35.7569, 13.5168
586, 35.6672, 13.5502
587, 35.5793, 13.5835
588, 35.4896, 13.6168
589, 35.4451, 13.6335
590, 35.3573, 13.6668
591, 35.2704, 13.7002
592, 35.2268, 13.7168
593, 35.1397, 13.7502
594, 35.0519, 13.7835
595, 34.9621, 13.8168
596, 34.9168, 13.8335
597, 34.825, 13.8668
598, 34.7293, 13.9002
599, 34.6333, 13.9335
600, 34.5851, 13.9502
601, 34.4823, 13.9835
602, 34.3665, 14.0168
603, 34.238, 14.0502
604, 34.0998, 14.0835
605, 34.0289, 14.1002
606, 33.8874, 14.1335
607, 33.749, 14.1668
608, 33.6228, 14.2002
609, 33.5176, 14.2335
610, 33.4714, 14.2502
611, 33.3869, 14.2835
612, 33.3067, 14.3168
613, 33.2304, 14.3502
614, 33.1718, 14.3835
615, 33.1555, 14.4002
616, 33.1223, 14.4335
617, 33.1106, 14.4668
618, 33.1642, 14.5002
619, 33.2051, 14.5335
620, 33.2287, 14.5668
621, 33.2487, 14.5835
622, 33.3188, 14.6168
623, 33.4146, 14.6502
624, 33.5093, 14.6835
625, 33.5541, 14.7002
626, 33.6443, 14.7335
627, 33.7373, 14.7668
628, 33.8086, 14.8002
629, 33.8207, 14.8168
630, 33.7907, 14.8502
631, 33.7111, 14.8835
632, 33.5464, 14.9168
633, 33.4479, 14.9502
634, 33.4307, 14.9668
635, 33.3904, 15.0002
636, 33.3153, 15.0335
637, 33.2049, 15.0668
638, 33.1108, 15.1002
639, 33.0733, 15.1168
640, 32.9986, 15.1502
641, 32.9082, 15.1835
642, 32.809, 15.2168
643, 32.7146, 15.2502
644, 32.6238, 15.2835
645, 32.5293, 15.3168
646, 32.4809, 15.3335
647, 32.3846, 15.3668
648, 32.2893, 15.4002
649, 32.1951, 15.4335
650, 32.1018, 15.4668
651, 32.0093, 15.5002
652, 31.9175, 15.5335
653, 31.8251, 15.5668
654, 31.7787, 15.5835
655, 31.6851, 15.6168
656, 31.5901, 15.6502
657, 31.498, 15.6835
658, 31.4067, 15.7168
659, 31.3167, 15.7502
660, 31.2266, 15.7835
661, 31.1362, 15.8168
662, 31.0476, 15.8502
663, 30.9583, 15.8835
664, 30.8677, 15.9168
665, 30.7766, 15.9502
666, 30.6855, 15.9835
667, 30.5959, 16.0168
668, 30.5066, 16.0502
669, 30.4158, 16.0835
670, 30.3254, 16.1168
671, 30.235, 16.1502
672, 30.1427, 16.1835
673, 30.051, 16.2168
674, 29.9596, 16.2502
675, 29.8687, 16.2835
676, 29.7812, 16.3168
677, 29.714, 16.3502
678, 29.6574, 16.3835
679, 29.6207, 16.4168
680, 29.6639, 16.4502
681, 29.705, 16.4835
682, 29.7284, 16.5168
683, 29.7715, 16.5502
684, 29.8511, 16.5835
685, 29.9498, 16.6168
686, 30.0529, 16.6502
687, 30.169, 16.6835
688, 30.3035, 16.7168
689, 30.4521, 16.7502
690, 30.6111, 16.7835
691, 30.7795, 16.8168
692, 30.9519, 16.8502
693, 31.1293, 16.8835
694, 31.3106, 16.9168
695, 31.4933, 16.9502
696, 31.6767, 16.9835
697, 31.7689, 17.0002
698, 31.9536, 17.0335
699, 32.1409, 17.0668
700, 32.3289, 17.1002
701, 32.5167, 17.1335
702, 32.7083, 17.1668
703, 32.9017, 17.2002
704, 32.9973, 17.2168
705, 33.1894, 17.2502
706, 33.3837, 17.2835
707, 33.5789, 17.3168
708, 33.7724, 17.3502
709, 33.8682, 17.3668
710, 34.0572, 17.4002
711, 34.2436, 17.4335
712, 34.4315, 17.4668
713, 34.5254, 17.4835
714, 34.7134, 17.5168
715, 34.9004, 17.5502
716, 35.0874, 17.5835
717, 35.1804, 17.6002
718, 35.3665, 17.6335
719, 35.5545, 17.6668
720, 35.6497, 17.6835
721, 35.842, 17.7168
722, 36.0293, 17.7502
723, 36.1193, 17.7668
724, 36.2957, 17.8002
725, 36.4722, 17.8335
726, 36.5603, 17.8502
727, 36.7345, 17.8835
728, 36.9068, 17.9168
729, 36.9924, 17.9335
730, 37.1639, 17.9668
731, 37.2503, 17.9835
732, 37.4209, 18.0168
733, 37.5929, 18.0502
734, 37.6778, 18.0668
735, 37.8452, 18.1002
736, 37.9272, 18.1168
737, 38.0827, 18.1502
738, 38.2063, 18.1835
739, 38.2516, 18.2002
740, 38.321, 18.2335
741, 38.3512, 18.2502
742, 38.4126, 18.2835
743, 38.4445, 18.3002
744, 38.4364, 18.3335
745, 38.4475, 18.3668
746, 38.5041, 18.3835
747, 38.5844, 18.4168
748, 38.5937, 18.4335
749, 38.6051, 18.4668
750, 38.6212, 18.4835
751, 38.6658, 18.5168
752, 38.7, 18.5502
753, 38.7104, 18.5668
754, 38.7381, 18.6002
755, 38.7558, 18.6168
756, 38.7839, 18.6502
757, 38.7942, 18.6668
758, 38.8161, 18.7002
759, 38.8313, 18.7168
760, 38.858, 18.7502
761, 38.867, 18.7668
762, 38.8809, 18.8002
763, 38.8983, 18.8335
764, 38.9084, 18.8502
765, 38.9294, 18.8835
766, 38.9381, 18.9002
767, 38.9437, 18.9335
768, 38.9436, 18.9502
769, 38.9444, 18.9835
770, 38.9466, 19.0002
771, 38.9454, 19.0335
772, 38.9415, 19.0502
773, 38.9302, 19.0835
774, 38.9264, 19.1002
775, 38.9274, 19.1335
776, 38.9281, 19.1502
777, 38.9294, 19.1835
778, 38.9476, 19.2168
779, 38.9634, 19.2335
780, 39.0039, 19.2668
781, 39.0249, 19.2835
782, 39.0633, 19.3168
783, 39.0834, 19.3335
784, 39.1368, 19.3668
785, 39.1673, 19.3835
786, 39.2297, 19.4168
787, 39.2578, 19.4335
788, 39.3148, 19.4668
789, 39.3504, 19.4835
790, 39.428, 19.5168
791, 39.5043, 19.5502
792, 39.5423, 19.5668
793, 39.6326, 19.6002
794, 39.6784, 19.6168
795, 39.7693, 19.6502
796, 39.8172, 19.6668
797, 39.9134, 19.7002
798, 39.9621, 19.7168
799, 40.0627, 19.7502
800, 40.115, 19.7668
801, 40.2163, 19.8002
802, 40.2671, 19.8168
803, 40.3747, 19.8502
804, 40.4303, 19.8668
805, 40.5379, 19.9002
806, 40.5907, 19.9168
807, 40.6985, 19.9502
808, 40.7548, 19.9668
809, 40.8688, 20.0002
810, 40.9263, 20.0168
811, 40.9831, 20.0335
812, 41.0941, 20.0668
813, 41.148, 20.0835
814, 41.2552, 20.1168
815, 41.3101, 20.1335
816, 41.4246, 20.1668
817, 41.4842, 20.1835
818, 41.6044, 20.2168
819, 41.6635, 20.2335
820, 41.7196, 20.2502
821, 41.8369, 20.2835
822, 41.8974, 20.3002
823, 42.0188, 20.3335
824, 42.0792, 20.3502
825, 42.2033, 20.3835
826, 42.268, 20.4002
827, 42.3334, 20.4168
828, 42.4626, 20.4502
829, 42.5241, 20.4668
830, 42.6402, 20.5002
831, 42.6975, 20.5168
832, 42.8136, 20.5502
833, 42.8718, 20.5668
834, 42.929, 20.5835
835, 43.0427, 20.6168
836, 43.0991, 20.6335
837, 43.2134, 20.6668
838, 43.2714, 20.6835
839, 43.3295, 20.7002
840, 43.4445, 20.7335
841, 43.5022, 20.7502
842, 43.5604, 20.7668
843, 43.6778, 20.8002
844, 43.7363, 20.8168
845, 43.8492, 20.8502
846, 43.9054, 20.8668
847, 43.9618, 20.8835
848, 44.0731, 20.9168
849, 44.128, 20.9335
850, 44.1833, 20.9502
851, 44.1833, 20.9502
852, 44.1833, 20.9502
853, 44.1833, 20.9502
854, 44.1833, 20.9502
855, 44.5784, 21.0668
856, 44.6904, 21.1002
857, 44.7474, 21.1168
858, 44.8051, 21.1335
859, 44.9211, 21.1668
860, 44.9789, 21.1835
861, 45.0358, 21.2002
862, 45.149, 21.2335
863, 45.2072, 21.2502
864, 45.266, 21.2668
865, 45.3834, 21.3002
866, 45.4395, 21.3168
867, 45.4966, 21.3335
868, 45.6144, 21.3668
869, 45.6741, 21.3835
870, 45.7316, 21.4002
871, 45.7873, 21.4168
872, 45.8966, 21.4502
873, 45.9527, 21.4668
874, 46.0102, 21.4835
875, 46.1243, 21.5168
876, 46.18, 21.5335
877, 46.2358, 21.5502
878, 46.3479, 21.5835
879, 46.4028, 21.6002
880, 46.4575, 21.6168
881, 46.5674, 21.6502
882, 46.6225, 21.6668
883, 46.678, 21.6835
884, 46.7335, 21.7002
885, 46.8434, 21.7335
886, 46.8984, 21.7502
887, 46.9548, 21.7668
888, 47.0692, 21.8002
889, 47.126, 21.8168
890, 47.1823, 21.8335
891, 47.238, 21.8502
892, 47.3485, 21.8835
893, 47.4038, 21.9002
894, 47.4597, 21.9168
895, 47.5713, 21.9502
896, 47.6269, 21.9668
897, 47.6824, 21.9835
898, 47.7374, 22.0002
899, 47.8434, 22.0335
900, 47.8941, 22.0502
901, 47.9466, 22.0668
902, 48, 22.0835
903, 48.1056, 22.1168
904, 48.1475, 22.1335
905, 48.1916, 22.1502
906, 48.2357, 22.1668
907, 48.351, 22.2002
908, 48.4154, 22.2168
909, 48.4788, 22.2335
910, 48.5386, 22.2502
911, 48.6443, 22.2835
912, 48.6955, 22.3002
913, 48.7479, 22.3168
914, 48.7999, 22.3335
915, 48.9033, 22.3668
916, 48.9535, 22.3835
917, 48.9762, 22.4002
918, 48.9291, 22.4168
919, 48.9135, 22.4335
920, 48.963, 22.4668
921, 49.022, 22.4835
922, 49.0831, 22.5002
923, 49.132, 22.5168
924, 49.2205, 22.5502
925, 49.2721, 22.5668
926, 49.3252, 22.5835
927, 49.3759, 22.6002
928, 49.4727, 22.6335
929, 49.5223, 22.6502
930, 49.573, 22.6668
931, 49.6243, 22.6835
932, 49.675, 22.7002
933, 49.7748, 22.7335
934, 49.8245, 22.7502
935, 49.8746, 22.7668
936, 49.9255, 22.7835
937, 49.9762, 22.8002
938, 50.0771, 22.8335
939, 50.128, 22.8502
940, 50.1792, 22.8668
941, 50.2307, 22.8835
942, 50.2816, 22.9002
943, 50.382, 22.9335
944, 50.4321, 22.9502
945, 50.4819, 22.9668
946, 50.5322, 22.9835
947, 50.5825, 23.0002
948, 50.6845, 23.0335
949, 50.7347, 23.0502
950, 50.7834, 23.0668
951, 50.8316, 23.0835
952, 50.8792, 23.1002
953, 50.9753, 23.1335
954, 51.0233, 23.1502
955, 51.0712, 23.1668
956, 51.1193, 23.1835
957, 51.1666, 23.2002
958, 51.2608, 23.2335
959, 51.3075, 23.2502
960, 51.3543, 23.2668
961, 51.4011, 23.2835
962, 51.4478, 23.3002
963, 51.4941, 23.3168
964, 51.5883, 23.3502
965, 51.636, 23.3668
966, 51.6839, 23.3835
967, 51.7308, 23.4002
968, 51.7771, 23.4168
969, 51.8238, 23.4335
970, 51.9162, 23.4668
971, 51.962, 23.4835
972, 52.008, 23.5002
973, 52.0539, 23.5168
974, 52.1001, 23.5335
975, 52.1463, 23.5502
976, 52.2388, 23.5835
977, 52.2845, 23.6002
978, 52.3291, 23.6168
979, 52.3732, 23.6335
980, 52.4169, 23.6502
981, 52.461, 23.6668
982, 52.5054, 23.6835
983, 52.5944, 23.7168
984, 52.6392, 23.7335
985, 52.6841, 23.7502
986, 52.7288, 23.7668
987, 52.7715, 23.7835
988, 52.8156, 23.8002
989, 52.861, 23.8168
990, 52.9532, 23.8502
991, 52.9976, 23.8668
992, 53.0396, 23.8835
993, 53.0833, 23.9002
994, 53.1286, 23.9168
995, 53.176, 23.9335
996, 53.2237, 23.9502
997, 53.2692, 23.9668
998, 53.3615, 24.0002
999, 53.4089, 24.0168
1000, 53.4565, 24.0335
1001, 53.5027, 24.0502
1002, 53.549, 24.0668
1003, 53.5948, 24.0835
1004, 53.6414, 24.1002
1005, 53.6886, 24.1168
1006, 53.7833, 24.1502
1007, 53.83, 24.1668
1008, 53.8763, 24.1835
1009, 53.9222, 24.2002
1010, 53.9693, 24.2168
1011, 54.0167, 24.2335
1012, 54.0638, 24.2502
1013, 54.1095, 24.2668
1014, 54.1538, 24.2835
1015, 54.2424, 24.3168
1016, 54.2875, 24.3335
1017, 54.3333, 24.3502
1018, 54.3783, 24.3668
1019, 54.422, 24.3835
1020, 54.4658, 24.4002
1021, 54.5099, 24.4168
1022, 54.5556, 24.4335
1023, 54.6, 24.4502
1024, 54.6871, 24.4835
1025, 54.7309, 24.5002
1026, 54.775, 24.5168
1027, 54.8182, 24.5335
1028, 54.8613, 24.5502
1029, 54.903, 24.5668
1030, 54.9441, 24.5835
1031, 54.9834, 24.6002
1032, 55.0232, 24.6168
1033, 55.0619, 24.6335
1034, 55.1008, 24.6502
1035, 55.1771, 24.6835
1036, 55.2151, 24.7002
1037, 55.253, 24.7168
1038, 55.2912, 24.7335
1039, 55.3298, 24.7502
1040, 55.3688, 24.7668
1041, 55.4075, 24.7835
1042, 55.4473, 24.8002
1043, 55.4865, 24.8168
1044, 55.5268, 24.8335
1045, 55.567, 24.8502
1046, 55.6069, 24.8668
1047, 55.6868, 24.9002
1048, 55.7271, 24.9168
1049, 55.7668, 24.9335
1050, 55.8069, 24.9502
1051, 55.847, 24.9668
1052, 55.8871, 24.9835
1053, 55.927, 25.0002
1054, 55.9674, 25.0168
1055, 56.0074, 25.0335
1056, 56.0459, 25.0502
1057, 56.0823, 25.0668
1058, 56.1188, 25.0835
1059, 56.1553, 25.1002
1060, 56.1933, 25.1168
1061, 56.232, 25.1335
1062, 56.3089, 25.1668
1063, 56.3471, 25.1835
1064, 56.385, 25.2002
1065, 56.4236, 25.2168
1066, 56.4616, 25.2335
1067, 56.4991, 25.2502
1068, 56.5361, 25.2668
1069, 56.5726, 25.2835
1070, 56.6107, 25.3002
1071, 56.6463, 25.3168
1072, 56.6829, 25.3335
1073, 56.7161, 25.3502
1074, 56.7477, 25.3668
1075, 56.7774, 25.3835
1076, 56.8046, 25.4002
1077, 56.8274, 25.4168
1078, 56.8452, 25.4335
1079, 56.8664, 25.4668
1080, 56.8695, 25.4835
1081, 56.8591, 25.5002
1082, 56.8303, 25.5168
1083, 56.7668, 25.5335
1084, 56.6792, 25.5502
1085, 56.579, 25.5668
1086, 56.4682, 25.5835
1087, 56.3025, 25.6002
1088, 56.129, 25.6168
1089, 55.9657, 25.6335
1090, 55.8158, 25.6502
1091, 55.6446, 25.6668
1092, 55.4494, 25.6835
1093, 55.2285, 25.7002
1094, 54.7323, 25.7335
1095, 54.4709, 25.7502
1096, 54.1913, 25.7668
1097, 53.8941, 25.7835
1098, 53.5869, 25.8002
1099, 53.2801, 25.8168
1100, 52.9783, 25.8335
1101, 52.672, 25.8502
1102, 52.3589, 25.8668
1103, 51.7169, 25.9002
1104, 51.3811, 25.9168
1105, 51.0407, 25.9335
1106, 50.6883, 25.9502
1107, 50.3579, 25.9668
1108, 50.0507, 25.9835
1109, 49.4747, 26.0168
1110, 49.2014, 26.0335
1111, 48.9252, 26.0502
1112, 48.6454, 26.0668
1113, 48.0815, 26.1002
1114, 47.7853, 26.1168
1115, 47.4795, 26.1335
1116, 47.1712, 26.1502
1117, 46.5183, 26.1835
1118, 46.1931, 26.2002
1119, 45.8663, 26.2168
1120, 45.2417, 26.2502
1121, 44.9296, 26.2668
1122, 44.6171, 26.2835
1123, 44.0079, 26.3168
1124, 43.7002, 26.3335
1125, 43.3965, 26.3502
1126, 42.7973, 26.3835
1127, 42.5, 26.4002
1128, 42.2019, 26.4168
1129, 41.5775, 26.4502
1130, 41.2625, 26.4668
1131, 40.6438, 26.5002
1132, 40.3404, 26.5168
1133, 39.7352, 26.5502
1134, 39.4351, 26.5668
1135, 38.8288, 26.6002
1136, 38.5215, 26.6168
1137, 37.9139, 26.6502
1138, 37.3228, 26.6835
1139, 37.0383, 26.7002
1140, 36.5107, 26.7335
1141, 36.2643, 26.7502
1142, 35.7876, 26.7835
1143, 35.3317, 26.8168
1144, 35.1078, 26.8335
1145, 34.6651, 26.8668
1146, 34.2222, 26.9002
1147, 33.7741, 26.9335
1148, 33.5483, 26.9502
1149, 33.0546, 26.9835
1150, 32.5548, 27.0168
1151, 32.0729, 27.0502
1152, 31.5788, 27.0835
1153, 31.0837, 27.1168
1154, 30.5936, 27.1502
1155, 30.1014, 27.1835
1156, 29.6163, 27.2168
1157, 29.1412, 27.2502
1158, 28.6673, 27.2835
1159, 28.2026, 27.3168
1160, 27.7535, 27.3502
1161, 27.3322, 27.3835
1162, 26.9599, 27.4168
1163, 26.511, 27.4668
1164, 26.2668, 27.5002
1165, 26.0452, 27.5335
1166, 25.8339, 27.5668
1167, 25.527, 27.6168
1168, 25.326, 27.6502
1169, 25.0286, 27.7002
1170, 24.8343, 27.7335
1171, 24.5441, 27.7835
1172, 24.352, 27.8168
1173, 24.0655, 27.8668
1174, 23.8801, 27.9002
1175, 23.6118, 27.9502
1176, 23.4415, 27.9835
1177, 23.2075, 28.0335
1178, 23.0051, 28.0835
1179, 22.8931, 28.1168
1180, 22.7601, 28.1668
1181, 22.6784, 28.2002
1182, 22.5558, 28.2502
1183, 22.4293, 28.3002
1184, 22.3108, 28.3502
1185, 22.2357, 28.3835
1186, 22.0929, 28.4335
1187, 21.937, 28.4835
1188, 21.7878, 28.5335
1189, 21.7438, 28.5668
1190, 21.7122, 28.6168
1191, 21.7911, 28.6668
1192, 21.8747, 28.7168
1193, 21.9954, 28.7668
1194, 22.0648, 28.8002
1195, 22.1526, 28.8502
1196, 22.3118, 28.9002
1197, 22.5167, 28.9502
1198, 22.6566, 28.9835
1199, 22.8818, 29.0335
1200, 23.1299, 29.0835
1201, 23.3098, 29.1168
1202, 23.6032, 29.1668
1203, 23.8071, 29.2002
1204, 24.1195, 29.2502
1205, 24.4379, 29.3002
1206, 24.6496, 29.3335
1207, 24.8616, 29.3668
1208, 25.1783, 29.4168
1209, 25.3879, 29.4502
1210, 25.7032, 29.5002
1211, 25.9136, 29.5335
1212, 26.123, 29.5668
1213, 26.3314, 29.6002
1214, 26.6434, 29.6502
1215, 26.8499, 29.6835
1216, 27.0518, 29.7168
1217, 27.2511, 29.7502
1218, 27.5388, 29.8002
1219, 27.7273, 29.8335
1220, 27.9314, 29.8668
1221, 28.1415, 29.9002
1222, 28.3423, 29.9335
1223, 28.5309, 29.9668
1224, 28.7989, 30.0168
1225, 28.9862, 30.0502
1226, 29.1726, 30.0835
1227, 29.3507, 30.1168
1228, 29.5233, 30.1502
1229, 29.6991, 30.1835
1230, 29.8917, 30.2168
1231, 30.0912, 30.2502
1232, 30.2918, 30.2835
1233, 30.4849, 30.3168
1234, 30.6709, 30.3502
1235, 30.8564, 30.3835
1236, 31.044, 30.4168
1237, 31.2355, 30.4502
1238, 31.4292, 30.4835
1239, 31.6191, 30.5168
1240, 31.711, 30.5335
1241, 31.8926, 30.5668
1242, 32.073, 30.6002
1243, 32.2506, 30.6335
1244, 32.4281, 30.6668
1245, 32.6045, 30.7002
1246, 32.7798, 30.7335
1247, 32.8658, 30.7502
1248, 33.0337, 30.7835
1249, 33.2013, 30.8168
1250, 33.3674, 30.8502
1251, 33.5203, 30.8835
1252, 33.6656, 30.9168
1253, 33.7468, 30.9335
1254, 33.9233, 30.9668
1255, 34.0933, 31.0002
1256, 34.2336, 31.0335
1257, 34.2961, 31.0502
1258, 34.4393, 31.0835
1259, 34.6, 31.1168
1260, 34.7545, 31.1502
1261, 34.8246, 31.1668
1262, 34.9569, 31.2002
1263, 35.0826, 31.2335
1264, 35.2219, 31.2668
1265, 35.2939, 31.2835
1266, 35.4431, 31.3168
1267, 35.5884, 31.3502
1268, 35.7365, 31.3835
1269, 35.811, 31.4002
1270, 35.9573, 31.4335
1271, 36.0958, 31.4668
1272, 36.1636, 31.4835
1273, 36.3018, 31.5168
1274, 36.4442, 31.5502
1275, 36.5156, 31.5668
1276, 36.6536, 31.6002
1277, 36.789, 31.6335
1278, 36.8549, 31.6502
1279, 36.9907, 31.6835
1280, 37.0571, 31.7002
1281, 37.1901, 31.7335
1282, 37.3202, 31.7668
1283, 37.3856, 31.7835
1284, 37.519, 31.8168
1285, 37.5867, 31.8335
1286, 37.7214, 31.8668
1287, 37.858, 31.9002
1288, 37.9274, 31.9168
1289, 38.0676, 31.9502
1290, 38.1367, 31.9668
1291, 38.1569, 32.0002
1292, 38.1016, 32.0335
1293, 38.1165, 32.0502
1294, 38.2338, 32.0835
1295, 38.3108, 32.1002
1296, 38.4488, 32.1335
1297, 38.5105, 32.1502
1298, 38.6356, 32.1835
1299, 38.7593, 32.2168
1300, 38.8221, 32.2335
1301, 38.95, 32.2668
1302, 39.0149, 32.2835
1303, 39.1449, 32.3168
1304, 39.209, 32.3335
1305, 39.3363, 32.3668
1306, 39.399, 32.3835
1307, 39.5263, 32.4168
1308, 39.5901, 32.4335
1309, 39.7222, 32.4668
1310, 39.7895, 32.4835
1311, 39.9235, 32.5168
1312, 39.99, 32.5335
1313, 40.1249, 32.5668
1314, 40.1932, 32.5835
1315, 40.3273, 32.6168
1316, 40.3931, 32.6335
1317, 40.5202, 32.6668
1318, 40.584, 32.6835
1319, 40.7174, 32.7168
1320, 40.7854, 32.7335
1321, 40.9209, 32.7668
1322, 40.9872, 32.7835
1323, 41.1187, 32.8168
1324, 41.1847, 32.8335
1325, 41.3187, 32.8668
1326, 41.3862, 32.8835
1327, 41.5213, 32.9168
1328, 41.5893, 32.9335
1329, 41.6578, 32.9502
1330, 41.7938, 32.9835
1331, 41.8609, 33.0002
1332, 41.9938, 33.0335
1333, 42.0595, 33.0502
1334, 42.1917, 33.0835
1335, 42.2587, 33.1002
1336, 42.3258, 33.1168
1337, 42.459, 33.1502
1338, 42.5244, 33.1668
1339, 42.6543, 33.2002
1340, 42.7193, 33.2168
1341, 42.8484, 33.2502
1342, 42.912, 33.2668
1343, 42.9754, 33.2835
1344, 43.1011, 33.3168
1345, 43.1638, 33.3335
1346, 43.2899, 33.3668
1347, 43.3536, 33.3835
1348, 43.4178, 33.4002
1349, 43.5459, 33.4335
1350, 43.6086, 33.4502
1351, 43.6712, 33.4668
1352, 43.7993, 33.5002
1353, 43.8654, 33.5168
1354, 43.9967, 33.5502
1355, 44.0608, 33.5668
1356, 44.1235, 33.5835
1357, 44.2482, 33.6168
1358, 44.3094, 33.6335
1359, 44.3695, 33.6502
1360, 44.4903, 33.6835
1361, 44.5536, 33.7002
1362, 44.6188, 33.7168
1363, 44.7528, 33.7502
1364, 44.8199, 33.7668
1365, 44.8844, 33.7835
1366, 45.0087, 33.8168
1367, 45.0683, 33.8335
1368, 45.128, 33.8502
1369, 45.2519, 33.8835
1370, 45.3173, 33.9002
1371, 45.3837, 33.9168
1372, 45.5139, 33.9502
1373, 45.5762, 33.9668
1374, 45.6376, 33.9835
1375, 45.7602, 34.0168
1376, 45.821, 34.0335
1377, 45.8814, 34.0502
1378, 45.9973, 34.0835
1379, 46.0559, 34.1002
1380, 46.1154, 34.1168
1381, 46.1761, 34.1335
1382, 46.2976, 34.1668
1383, 46.3591, 34.1835
1384, 46.4219, 34.2002
1385, 46.5461, 34.2335
1386, 46.608, 34.2502
1387, 46.6714, 34.2668
1388, 46.7939, 34.3002
1389, 46.8529, 34.3168
1390, 46.9084, 34.3335
1391, 46.9613, 34.3502
1392, 47.0591, 34.3835
1393, 47.1076, 34.4002
1394, 47.1667, 34.4168
1395, 47.2379, 34.4335
1396, 47.3897, 34.4668
1397, 47.4545, 34.4835
1398, 47.506, 34.5002
1399, 47.6039, 34.5335
1400, 47.6607, 34.5502
1401, 47.7214, 34.5668
1402, 47.7824, 34.5835
1403, 47.8904, 34.6168
1404, 47.9385, 34.6335
1405, 47.9856, 34.6502
1406, 48.0348, 34.6668
1407, 48.1485, 34.7002
1408, 48.2098, 34.7168
1409, 48.2725, 34.7335
1410, 48.3342, 34.7502
1411, 48.4514, 34.7835
1412, 48.5068, 34.8002
1413, 48.5611, 34.8168
1414, 48.6144, 34.8335
1415, 48.6683, 34.8502
1416, 48.7746, 34.8835
1417, 48.8275, 34.9002
1418, 48.8813, 34.9168
1419, 48.9368, 34.9335
1420, 49.0524, 34.9668
1421, 49.1086, 34.9835
1422, 49.1635, 35.0002
1423, 49.2162, 35.0168
1424, 49.2691, 35.0335
1425, 49.3771, 35.0668
1426, 49.4312, 35.0835
1427, 49.4838, 35.1002
1428, 49.5366, 35.1168
1429, 49.6416, 35.1502
1430, 49.6965, 35.1668
1431, 49.7543, 35.1835
1432, 49.8121, 35.2002
1433, 49.8695, 35.2168
1434, 49.978, 35.2502
1435, 50.0304, 35.2668
1436, 50.0832, 35.2835
1437, 50.1369, 35.3002
1438, 50.1914, 35.3168
1439, 50.2982, 35.3502
1440, 50.3503, 35.3668
1441, 50.4024, 35.3835
1442, 50.4541, 35.4002
1443, 50.5051, 35.4168
1444, 50.5561, 35.4335
1445, 50.658, 35.4668
1446, 50.709, 35.4835
1447, 50.7576, 35.5002
1448, 50.8042, 35.5168
1449, 50.8524, 35.5335
1450, 50.9464, 35.5668
1451, 50.9892, 35.5835
1452, 51.0332, 35.6002
1453, 51.0773, 35.6168
1454, 51.1211, 35.6335
1455, 51.1634, 35.6502
1456, 51.2412, 35.6835
1457, 51.2759, 35.7002
1458, 51.308, 35.7168
1459, 51.3385, 35.7335
1460, 51.3666, 35.7502
1461, 51.3916, 35.7668
1462, 51.4338, 35.8002
1463, 51.4515, 35.8168
1464, 51.4671, 35.8335
1465, 51.4807, 35.8502
1466, 51.4924, 35.8668
1467, 51.5016, 35.8835
1468, 51.5113, 35.9168
1469, 51.5137, 35.9335
1470, 51.515, 35.9502
1471, 51.5144, 35.9668
1472, 51.509, 35.9835
1473, 51.4913, 36.0002
1474, 51.4324, 36.0335
1475, 51.3534, 36.0502
1476, 51.2668, 36.0668
1477, 51.1963, 36.0835
1478, 51.1577, 36.1002
1479, 51.1359, 36.1168
1480, 51.0713, 36.1502
1481, 51.0168, 36.1668
1482, 50.9571, 36.1835
1483, 50.903, 36.2002
1484, 50.8579, 36.2168
1485, 50.7807, 36.2502
1486, 50.7373, 36.2668
1487, 50.6889, 36.2835
1488, 50.6385, 36.3002
1489, 50.5891, 36.3168
1490, 50.5428, 36.3335
1491, 50.4533, 36.3668
1492, 50.4068, 36.3835
1493, 50.359, 36.4002
1494, 50.3109, 36.4168
1495, 50.2613, 36.4335
1496, 50.1619, 36.4668
1497, 50.1114, 36.4835
1498, 50.06, 36.5002
1499, 50.0082, 36.5168
1500, 49.9571, 36.5335
1501, 49.8582, 36.5668
1502, 49.808, 36.5835
1503, 49.7574, 36.6002
1504, 49.7069, 36.6168
1505, 49.6562, 36.6335
1506, 49.5552, 36.6668
1507, 49.5046, 36.6835
1508, 49.4531, 36.7002
1509, 49.4015, 36.7168
1510, 49.3491, 36.7335
1511, 49.2422, 36.7668
1512, 49.1883, 36.7835
1513, 49.1346, 36.8002
1514, 49.0808, 36.8168
1515, 49.0266, 36.8335
1516, 48.9169, 36.8668
1517, 48.862, 36.8835
1518, 48.8083, 36.9002
1519, 48.7559, 36.9168
1520, 48.656, 36.9502
1521, 48.6118, 36.9668
1522, 48.5741, 36.9835
1523, 48.543, 37.0002
1524, 48.5108, 37.0168
1525, 48.4687, 37.0502
1526, 48.4814, 37.0668
1527, 48.4911, 37.0835
1528, 48.488, 37.1002
1529, 48.4643, 37.1335
1530, 48.4543, 37.1502
1531, 48.4503, 37.1668
1532, 48.45, 37.1835
1533, 48.4444, 37.2168
1534, 48.4412, 37.2335
1535, 48.4374, 37.2502
1536, 48.4287, 37.2668
1537, 48.4032, 37.3002
1538, 48.392, 37.3168
1539, 48.3826, 37.3335
1540, 48.3716, 37.3502
1541, 48.3369, 37.3835
1542, 48.3124, 37.4002
1543, 48.2865, 37.4168
1544, 48.2579, 37.4335
1545, 48.2273, 37.4502
1546, 48.1597, 37.4835
1547, 48.1235, 37.5002
1548, 48.0872, 37.5168
1549, 48.0505, 37.5335
1550, 47.9634, 37.5668
1551, 47.9264, 37.5835
1552, 47.8937, 37.6002
1553, 47.8609, 37.6168
1554, 47.7964, 37.6502
1555, 47.7672, 37.6668
1556, 47.7371, 37.6835
1557, 47.7082, 37.7002
1558, 47.6703, 37.7335
1559, 47.6564, 37.7502
1560, 47.6463, 37.7668
1561, 47.6388, 37.7835
1562, 47.621, 37.8168
1563, 47.6072, 37.8335
1564, 47.5876, 37.8502
1565, 47.5354, 37.8835
1566, 47.5037, 37.9002
1567, 47.4669, 37.9168
1568, 47.4234, 37.9335
1569, 47.3338, 37.9668
1570, 47.2841, 37.9835
1571, 47.2044, 38.0002
1572, 47.1206, 38.0168
1573, 47.0035, 38.0502
1574, 46.9653, 38.0668
1575, 46.9243, 38.0835
1576, 46.8846, 38.1002
1577, 46.8128, 38.1335
1578, 46.8093, 38.1502
1579, 46.8228, 38.1668
1580, 46.8461, 38.2002
1581, 46.8582, 38.2168
1582, 46.8783, 38.2335
1583, 46.9065, 38.2502
1584, 46.9697, 38.2835
1585, 47.0016, 38.3002
1586, 47.0327, 38.3168
1587, 47.0991, 38.3502
1588, 47.1334, 38.3668
1589, 47.1671, 38.3835
1590, 47.2023, 38.4002
1591, 47.2755, 38.4335
1592, 47.3128, 38.4502
1593, 47.3486, 38.4668
1594, 47.4182, 38.5002
1595, 47.4545, 38.5168
1596, 47.4925, 38.5335
1597, 47.5336, 38.5502
1598, 47.6151, 38.5835
1599, 47.6549, 38.6002
1600, 47.6938, 38.6168
1601, 47.7333, 38.6335
1602, 47.8162, 38.6668
1603, 47.8594, 38.6835
1604, 47.902, 38.7002
1605, 47.9432, 38.7168
1606, 48.0216, 38.7502
1607, 48.0623, 38.7668
1608, 48.1041, 38.7835
1609, 48.1468, 38.8002
1610, 48.226, 38.8335
1611, 48.2569, 38.8502
1612, 48.2837, 38.8668
1613, 48.3094, 38.8835
1614, 48.3645, 38.9168
1615, 48.3911, 38.9335
1616, 48.4149, 38.9502
1617, 48.4386, 38.9668
1618, 48.4958, 39.0002
1619, 48.5254, 39.0168
1620, 48.5538, 39.0335
1621, 48.5821, 39.0502
1622, 48.6423, 39.0835
1623, 48.6789, 39.1002
1624, 48.7153, 39.1168
1625, 48.7513, 39.1335
1626, 48.8211, 39.1668
1627, 48.8611, 39.1835
1628, 48.9059, 39.2002
1629, 48.9541, 39.2168
1630, 49.047, 39.2502
1631, 49.0892, 39.2668
1632, 49.1291, 39.2835
1633, 49.1704, 39.3002
1634, 49.2137, 39.3168
1635, 49.3056, 39.3502
1636, 49.3539, 39.3668
1637, 49.4029, 39.3835
1638, 49.4531, 39.4002
1639, 49.5493, 39.4335
1640, 49.595, 39.4502
1641, 49.6402, 39.4668
1642, 49.6862, 39.4835
1643, 49.7331, 39.5002
1644, 49.8296, 39.5335
1645, 49.879, 39.5502
1646, 49.9286, 39.5668
1647, 49.9784, 39.5835
1648, 50.0251, 39.6002
1649, 50.126, 39.6335
1650, 50.1787, 39.6502
1651, 50.2292, 39.6668
1652, 50.2749, 39.6835
1653, 50.3182, 39.7002
1654, 50.4163, 39.7335
1655, 50.466, 39.7502
1656, 50.5182, 39.7668
1657, 50.5712, 39.7835
1658, 50.6238, 39.8002
1659, 50.7246, 39.8335
1660, 50.7732, 39.8502
1661, 50.8221, 39.8668
1662, 50.8722, 39.8835
1663, 50.9184, 39.9002
1664, 50.9647, 39.9168
1665, 51.0491, 39.9502
1666, 51.0865, 39.9668
1667, 51.1, 39.9835
1668, 51.0614, 40.0002
1669, 51.047, 40.0168
1670, 51.1159, 40.0502
1671, 51.1763, 40.0668
1672, 51.2386, 40.0835
1673, 51.2834, 40.1002
1674, 51.3278, 40.1168
1675, 51.369, 40.1335
1676, 51.4805, 40.1668
1677, 51.5365, 40.1835
1678, 51.5915, 40.2002
1679, 51.6396, 40.2168
1680, 51.6907, 40.2335
1681, 51.7395, 40.2502
1682, 51.8447, 40.2835
1683, 51.8982, 40.3002
1684, 51.9503, 40.3168
1685, 52.001, 40.3335
1686, 52.0541, 40.3502
1687, 52.1046, 40.3668
1688, 52.1577, 40.3835
1689, 52.26, 40.4168
1690, 52.3109, 40.4335
1691, 52.3626, 40.4502
1692, 52.4147, 40.4668
1693, 52.4659, 40.4835
1694, 52.5167, 40.5002
1695, 52.5664, 40.5168
1696, 52.6657, 40.5502
1697, 52.7157, 40.5668
1698, 52.765, 40.5835
1699, 52.8139, 40.6002
1700, 52.8618, 40.6168
1701, 52.9102, 40.6335
1702, 52.9586, 40.6502
1703, 53.0565, 40.6835
1704, 53.1086, 40.7002
1705, 53.1625, 40.7168
1706, 53.2164, 40.7335
1707, 53.2679, 40.7502
1708, 53.3174, 40.7668
1709, 53.3653, 40.7835
1710, 53.4125, 40.8002
1711, 53.5064, 40.8335
1712, 53.5482, 40.8502
1713, 53.5999, 40.8668
1714, 53.6555, 40.8835
1715, 53.7174, 40.9002
1716, 53.7777, 40.9168
1717, 53.8313, 40.9335
1718, 53.8795, 40.9502
1719, 53.9753, 40.9835
1720, 54.0261, 41.0002
1721, 54.0778, 41.0168
1722, 54.1293, 41.0335
1723, 54.1802, 41.0502
1724, 54.2304, 41.0668
1725, 54.2826, 41.0835
1726, 54.3345, 41.1002
1727, 54.3895, 41.1168
1728, 54.4943, 41.1502
1729, 54.5451, 41.1668
1730, 54.5958, 41.1835
1731, 54.6462, 41.2002
1732, 54.6964, 41.2168
1733, 54.7462, 41.2335
1734, 54.7945, 41.2502
1735, 54.8399, 41.2668
1736, 54.8829, 41.2835
1737, 54.9336, 41.3002
1738, 54.9852, 41.3168
1739, 55.0906, 41.3502
1740, 55.1472, 41.3668
1741, 55.2058, 41.3835
1742, 55.2637, 41.4002
1743, 55.3191, 41.4168
1744, 55.375, 41.4335
1745, 55.4296, 41.4502
1746, 55.4857, 41.4668
1747, 55.5416, 41.4835
1748, 55.5964, 41.5002
1749, 55.65, 41.5168
1750, 55.7553, 41.5502
1751, 55.8085, 41.5668
1752, 55.8584, 41.5835
1753, 55.9112, 41.6002
1754, 55.9638, 41.6168
1755, 56.0184, 41.6335
1756, 56.075, 41.6502
1757, 56.1303, 41.6668
1758, 56.1844, 41.6835
1759, 56.2378, 41.7002
1760, 56.2882, 41.7168
1761, 56.3424, 41.7335
1762, 56.4009, 41.7502
1763, 56.5187, 41.7835
1764, 56.5739, 41.8002
1765, 56.6278, 41.8168
1766, 56.684, 41.8335
1767, 56.7432, 41.8502
1768, 56.8034, 41.8668
1769, 56.861, 41.8835
1770, 56.9152, 41.9002
1771, 56.9683, 41.9168
1772, 57.0224, 41.9335
1773, 57.0787, 41.9502
1774, 57.1364, 41.9668
1775, 57.1939, 41.9835
1776, 57.2497, 42.0002
1777, 57.3044, 42.0168
1778, 57.3587, 42.0335
1779, 57.4136, 42.0502
1780, 57.5241, 42.0835
1781, 57.5789, 42.1002
1782, 57.6339, 42.1168
1783, 57.6886, 42.1335
1784, 57.7436, 42.1502
1785, 57.7988, 42.1668
1786, 57.854, 42.1835
1787, 57.9097, 42.2002
1788, 57.9654, 42.2168
1789, 58.0211, 42.2335
1790, 58.0774, 42.2502
1791, 58.1338, 42.2668
1792, 58.19, 42.2835
1793, 58.2462, 42.3002
1794, 58.3023, 42.3168
1795, 58.3582, 42.3335
1796, 58.4134, 42.3502
1797, 58.4682, 42.3668
1798, 58.5226, 42.3835
1799, 58.5758, 42.4002
1800, 58.6284, 42.4168
1801, 58.6802, 42.4335
1802, 58.7321, 42.4502
1803, 58.7833, 42.4668
1804, 58.8312, 42.4835
1805, 58.8685, 42.5002
1806, 58.8785, 42.5335
1807, 58.8623, 42.5502
1808, 58.8454, 42.5668
1809, 58.8255, 42.5835
1810, 58.8055, 42.6002
1811, 58.7764, 42.6168
1812, 58.7063, 42.6335
1813, 58.6409, 42.6502
1814, 58.6025, 42.6668
1815, 58.5831, 42.6835
1816, 58.5578, 42.7002
1817, 58.519, 42.7168
1818, 58.4663, 42.7335
1819, 58.417, 42.7502
1820, 58.3742, 42.7668
1821, 58.3379, 42.7835
1822, 58.2969, 42.8002
1823, 58.2486, 42.8168
1824, 58.1955, 42.8335
1825, 58.1442, 42.8502
1826, 58.0962, 42.8668
1827, 58.05, 42.8835
1828, 58.002, 42.9002
1829, 57.9527, 42.9168
1830, 57.9036, 42.9335
1831, 57.8556, 42.9502
1832, 57.8092, 42.9668
1833, 57.7632, 42.9835
1834, 57.7163, 43.0002
1835, 57.6673, 43.0168
1836, 57.6179, 43.0335
1837, 57.5678, 43.0502
1838, 57.4665, 43.0835
1839, 57.4139, 43.1002
1840, 57.3599, 43.1168
1841, 57.3047, 43.1335
1842, 57.2495, 43.1502
1843, 57.1937, 43.1668
1844, 57.1366, 43.1835
1845, 57.0765, 43.2002
1846, 57.0168, 43.2168
1847, 56.9544, 43.2335
1848, 56.8921, 43.2502
1849, 56.83, 43.2668
1850, 56.7669, 43.2835
1851, 56.7039, 43.3002
1852, 56.6424, 43.3168
1853, 56.5812, 43.3335
1854, 56.5212, 43.3502
1855, 56.4616, 43.3668
1856, 56.4027, 43.3835
1857, 56.3447, 43.4002
1858, 56.2284, 43.4335
1859, 56.1716, 43.4502
1860, 56.1154, 43.4668
1861, 56.0592, 43.4835
1862, 56.0032, 43.5002
1863, 55.9474, 43.5168
1864, 55.8909, 43.5335
1865, 55.8323, 43.5502
1866, 55.7725, 43.5668
1867, 55.7115, 43.5835
1868, 55.6481, 43.6002
1869, 55.5842, 43.6168
1870, 55.521, 43.6335
1871, 55.3982, 43.6668
1872, 55.3368, 43.6835
1873, 55.2747, 43.7002
1874, 55.2112, 43.7168
1875, 55.1476, 43.7335
1876, 55.0839, 43.7502
1877, 55.0203, 43.7668
1878, 54.9557, 43.7835
1879, 54.8916, 43.8002
1880, 54.8274, 43.8168
1881, 54.6964, 43.8502
1882, 54.6421, 43.8668
1883, 54.5933, 43.8835
1884, 54.5424, 43.9002
1885, 54.5146, 43.9168
1886, 54.5172, 43.9335
1887, 54.5115, 43.9502
1888, 54.4927, 43.9668
1889, 54.4727, 43.9835
1890, 54.4625, 44.0168
1891, 54.4646, 44.0335
1892, 54.4642, 44.0502
1893, 54.4622, 44.0668
1894, 54.4624, 44.0835
1895, 54.4655, 44.1002
1896, 54.4698, 44.1168
1897, 54.474, 44.1335
1898, 54.4787, 44.1502
1899, 54.4823, 44.1668
1900, 54.4956, 44.2002
1901, 54.5043, 44.2168
1902, 54.5105, 44.2335
1903, 54.5115, 44.2502
1904, 54.5086, 44.2668
1905, 54.5057, 44.2835
1906, 54.4979, 44.3002
1907, 54.4866, 44.3168
1908, 54.4784, 44.3335
1909, 54.4664, 44.3668
1910, 54.4574, 44.3835
1911, 54.4437, 44.4002
1912, 54.4437, 44.4002
1913, 54.4437, 44.4002
1914, 54.4437, 44.4002
1915, 54.4437, 44.4002
1916, 54.4269, 44.5002
1917, 54.4345, 44.5168
1918, 54.4461, 44.5335
1919, 54.4585, 44.5502
1920, 54.4713, 44.5668
1921, 54.4826, 44.5835
1922, 54.4909, 44.6002
1923, 54.4991, 44.6168
1924, 54.5069, 44.6335
1925, 54.5127, 44.6502
1926, 54.5119, 44.6835
1927, 54.5073, 44.7002
1928, 54.502, 44.7168
1929, 54.4943, 44.7335
1930, 54.4842, 44.7502
1931, 54.4739, 44.7668
1932, 54.4642, 44.7835
1933, 54.4555, 44.8002
1934, 54.4363, 44.8335
1935, 54.4262, 44.8502
1936, 54.4162, 44.8668
1937, 54.4055, 44.8835
1938, 54.3921, 44.9002
1939, 54.3785, 44.9168
1940, 54.3689, 44.9335
1941, 54.3601, 44.9502
1942, 54.3393, 44.9835
1943, 54.3318, 45.0002
1944, 54.3262, 45.0168
1945, 54.3209, 45.0335
1946, 54.3139, 45.0502
1947, 54.3065, 45.0668
1948, 54.299, 45.0835
1949, 54.2902, 45.1002
1950, 54.2815, 45.1168
1951, 54.2638, 45.1502
1952, 54.2556, 45.1668
1953, 54.2482, 45.1835
1954, 54.2415, 45.2002
1955, 54.2364, 45.2168
1956, 54.231, 45.2335
1957, 54.2251, 45.2502
1958, 54.2208, 45.2668
1959, 54.2211, 45.3002
1960, 54.225, 45.3168
1961, 54.2301, 45.3335
1962, 54.2367, 45.3502
1963, 54.2469, 45.3668
1964, 54.2614, 45.3835
1965, 54.2819, 45.4002
1966, 54.3065, 45.4168
1967, 54.3344, 45.4335
1968, 54.393, 45.4668
1969, 54.4217, 45.4835
1970, 54.4507, 45.5002
1971, 54.4816, 45.5168
1972, 54.5125, 45.5335
1973, 54.5416, 45.5502
1974, 54.5699, 45.5668
1975, 54.5981, 45.5835
1976, 54.6282, 45.6002
1977, 54.6857, 45.6335
1978, 54.7105, 45.6502
1979, 54.7335, 45.6668
1980, 54.7563, 45.6835
1981, 54.7803, 45.7002
1982, 54.8062, 45.7168
1983, 54.8351, 45.7335
1984, 54.8644, 45.7502
1985, 54.8959, 45.7668
1986, 54.9563, 45.8002
1987, 54.9877, 45.8168
1988, 55.0205, 45.8335
1989, 55.057, 45.8502
1990, 55.0935, 45.8668
1991, 55.1293, 45.8835
1992, 55.1634, 45.9002
1993, 55.197, 45.9168
1994, 55.2295, 45.9335
1995, 55.2648, 45.9502
1996, 55.3355, 45.9835
1997, 55.3721, 46.0002
1998, 55.4045, 46.0168
1999, 55.437, 46.0335
2000, 55.4716, 46.0502
2001, 55.506, 46.0668
2002, 55.5402, 46.0835
2003, 55.5737, 46.1002
2004, 55.6093, 46.1168
2005, 55.646, 46.1335
2006, 55.6817, 46.1502
2007, 55.7548, 46.1835
2008, 55.7878, 46.2002
2009, 55.8292, 46.2168
2010, 55.8687, 46.2335
2011, 55.9156, 46.2502
2012, 55.9555, 46.2668
2013, 55.9922, 46.2835
2014, 56.0268, 46.3002
2015, 56.0606, 46.3168
2016, 56.0971, 46.3335
2017, 56.1355, 46.3502
2018, 56.1734, 46.3668
2019, 56.2106, 46.3835
2020, 56.2823, 46.4168
2021, 56.3228, 46.4335
2022, 56.3591, 46.4502
2023, 56.4005, 46.4668
2024, 56.4365, 46.4835
2025, 56.4776, 46.5002
2026, 56.5167, 46.5168
2027, 56.5571, 46.5335
2028, 56.5973, 46.5502
2029, 56.6359, 46.5668
2030, 56.6723, 46.5835
2031, 56.7088, 46.6002
2032, 56.7451, 46.6168
2033, 56.7806, 46.6335
2034, 56.816, 46.6502
2035, 56.8526, 46.6668
2036, 56.9303, 46.7002
2037, 56.9709, 46.7168
2038, 57.011, 46.7335
2039, 57.0497, 46.7502
2040, 57.0867, 46.7668
2041, 57.1223, 46.7835
2042, 57.1573, 46.8002
2043, 57.1932, 46.8168
2044, 57.2302, 46.8335
2045, 57.2676, 46.8502
2046, 57.3052, 46.8668
2047, 57.3433, 46.8835
2048, 57.3822, 46.9002
2049, 57.421, 46.9168
2050, 57.4585, 46.9335
2051, 57.4941, 46.9502
2052, 57.5293, 46.9668
2053, 57.5653, 46.9835
2054, 57.6022, 47.0002
2055, 57.6393, 47.0168
2056, 57.711, 47.0502
2057, 57.7464, 47.0668
2058, 57.7821, 47.0835
2059, 57.8178, 47.1002
2060, 57.8536, 47.1168
2061, 57.8893, 47.1335
2062, 57.925, 47.1502
2063, 57.9607, 47.1668
2064, 57.9966, 47.1835
2065, 58.0331, 47.2002
2066, 58.0695, 47.2168
2067, 58.106, 47.2335
2068, 58.1424, 47.2502
2069, 58.1787, 47.2668
2070, 58.2144, 47.2835
2071, 58.2501, 47.3002
2072, 58.2837, 47.3168
2073, 58.3184, 47.3335
2074, 58.353, 47.3502
2075, 58.3861, 47.3668
2076, 58.4201, 47.3835
2077, 58.4541, 47.4002
2078, 58.4882, 47.4168
2079, 58.5224, 47.4335
2080, 58.5567, 47.4502
2081, 58.5914, 47.4668
2082, 58.6262, 47.4835
2083, 58.6608, 47.5002
2084, 58.6959, 47.5168
2085, 58.7314, 47.5335
2086, 58.7678, 47.5502
2087, 58.8042, 47.5668
2088, 58.8396, 47.5835
2089, 58.8735, 47.6002
2090, 58.938, 47.6335
2091, 58.9705, 47.6502
2092, 59.0023, 47.6668
2093, 59.0347, 47.6835
2094, 59.0679, 47.7002
2095, 59.0993, 47.7168
2096, 59.1336, 47.7335
2097, 59.1695, 47.7502
2098, 59.2073, 47.7668
2099, 59.245, 47.7835
2100, 59.2806, 47.8002
2101, 59.3141, 47.8168
2102, 59.347, 47.8335
2103, 59.3802, 47.8502
2104, 59.4142, 47.8668
2105, 59.4481, 47.8835
2106, 59.481, 47.9002
2107, 59.5131, 47.9168
2108, 59.5457, 47.9335
2109, 59.5784, 47.9502
2110, 59.6109, 47.9668
2111, 59.6435, 47.9835
2112, 59.6765, 48.0002
2113, 59.71, 48.0168
2114, 59.7435, 48.0335
2115, 59.777, 48.0502
2116, 59.8104, 48.0668
2117, 59.8439, 48.0835
2118, 59.8773, 48.1002
2119, 59.911, 48.1168
2120, 59.9448, 48.1335
2121, 59.9776, 48.1502
2122, 60.0089, 48.1668
2123, 60.0394, 48.1835
2124, 60.0703, 48.2002
2125, 60.1018, 48.2168
2126, 60.1334, 48.2335
2127, 60.1647, 48.2502
2128, 60.1959, 48.2668
2129, 60.2271, 48.2835
2130, 60.259, 48.3002
2131, 60.2914, 48.3168
2132, 60.3251, 48.3335
2133, 60.3588, 48.3502
2134, 60.3916, 48.3668
2135, 60.4229, 48.3835
2136, 60.4539, 48.4002
2137, 60.4853, 48.4168
2138, 60.5169, 48.4335
2139, 60.5487, 48.4502
2140, 60.5808, 48.4668
2141, 60.6125, 48.4835
2142, 60.6438, 48.5002
2143, 60.6742, 48.5168
2144, 60.7049, 48.5335
2145, 60.736, 48.5502
2146, 60.7671, 48.5668
2147, 60.7976, 48.5835
2148, 60.828, 48.6002
2149, 60.8591, 48.6168
2150, 60.8906, 48.6335
2151, 60.9217, 48.6502
2152, 60.952, 48.6668
2153, 60.9821, 48.6835
2154, 61.0121, 48.7002
2155, 61.0421, 48.7168
2156, 61.0724, 48.7335
2157, 61.1005, 48.7502
2158, 61.0941, 48.7668
2159, 61.0941, 48.7668
2160, 61.0422, 48.7835
2161, 61.0254, 48.8002
2162, 61.0353, 48.8168
2163, 61.0662, 48.8335
2164, 61.1025, 48.8502
2165, 61.129, 48.8668
2166, 61.1497, 48.8835
2167, 61.1754, 48.9002
2168, 61.2066, 48.9168
2169, 61.2389, 48.9335
2170, 61.2683, 48.9502
2171, 61.2956, 48.9668
2172, 61.3228, 48.9835
2173, 61.3511, 49.0002
2174, 61.3796, 49.0168
2175, 61.4073, 49.0335
2176, 61.4347, 49.0502
2177, 61.4617, 49.0668
2178, 61.4887, 49.0835
2179, 61.5155, 49.1002
2180, 61.5424, 49.1168
2181, 61.5699, 49.1335
2182, 61.5978, 49.1502
2183, 61.6265, 49.1668
2184, 61.6568, 49.1835
2185, 61.6872, 49.2002
2186, 61.716, 49.2168
2187, 61.7443, 49.2335
2188, 61.7724, 49.2502
2189, 61.8007, 49.2668
2190, 61.8289, 49.2835
2191, 61.8567, 49.3002
2192, 61.8838, 49.3168
2193, 61.9108, 49.3335
2194, 61.9372, 49.3502
2195, 61.9634, 49.3668
2196, 61.9898, 49.3835
2197, 62.017, 49.4002
2198, 62.0454, 49.4168
2199, 62.0454, 49.4168
2200, 62.074, 49.4335
2201, 62.1023, 49.4502
2202, 62.13, 49.4668
2203, 62.1572, 49.4835
2204, 62.1845, 49.5002
2205, 62.2117, 49.5168
2206, 62.2389, 49.5335
2207, 62.2657, 49.5502
2208, 62.2926, 49.5668
2209, 62.3195, 49.5835
2210, 62.3463, 49.6002
2211, 62.3729, 49.6168
2212, 62.3996, 49.6335
2213, 62.4264, 49.6502
2214, 62.4532, 49.6668
2215, 62.4806, 49.6835
2216, 62.5086, 49.7002
2217, 62.5364, 49.7168
2218, 62.5638, 49.7335
2219, 62.59, 49.7502
2220, 62.6169, 49.7668
2221, 62.6431, 49.7835
2222, 62.6684, 49.8002
2223, 62.6956, 49.8168
2224, 62.7211, 49.8335
2225, 62.7211, 49.8335
2226, 62.7467, 49.8502
2227, 62.7712, 49.8668
2228, 62.795, 49.8835
2229, 62.8232, 49.9002
2230, 62.8502, 49.9168
2231, 62.8784, 49.9335
2232, 62.9048, 49.9502
2233, 62.9307, 49.9668
2234, 62.9563, 49.9835
2235, 62.9563, 49.9835
2236, 62.9563, 49.9835
2237, 62.9563, 49.9835
2238, 62.9563, 49.9835
2239, 63.083, 50.0668
2240, 63.1083, 50.0835
2241, 63.1339, 50.1002
2242, 63.1601, 50.1168
2243, 63.1858, 50.1335
2244, 63.2116, 50.1502
2245, 63.2373, 50.1668
2246, 63.2373, 50.1668
2247, 63.262, 50.1835
2248, 63.2869, 50.2002
2249, 63.3119, 50.2168
2250, 63.3367, 50.2335
2251, 63.3618, 50.2502
2252, 63.3874, 50.2668
2253, 63.4139, 50.2835
2254, 63.4416, 50.3002
2255, 63.469, 50.3168
2256, 63.4943, 50.3335
2257, 63.5175, 50.3502
2258, 63.5398, 50.3668
2259, 63.5627, 50.3835
2260, 63.5872, 50.4002
2261, 63.6134, 50.4168
2262, 63.6401, 50.4335
2263, 63.666, 50.4502
2264, 63.666, 50.4502
2265, 63.6907, 50.4668
2266, 63.7151, 50.4835
2267, 63.7401, 50.5002
2268, 63.7657, 50.5168
2269, 63.791, 50.5335
2270, 63.8157, 50.5502
2271, 63.8396, 50.5668
2272, 63.8622, 50.5835
2273, 63.8839, 50.6002
2274, 63.907, 50.6168
2275, 63.9314, 50.6335
2276, 63.9564, 50.6502
2277, 63.9817, 50.6668
2278, 64.0077, 50.6835
2279, 64.0337, 50.7002
2280, 64.0592, 50.7168
2281, 64.0592, 50.7168
2282, 64.0839, 50.7335
2283, 64.1077, 50.7502
2284, 64.1311, 50.7668
2285, 64.1542, 50.7835
2286, 64.1776, 50.8002
2287, 64.201, 50.8168
2288, 64.2243, 50.8335
2289, 64.2479, 50.8502
2290, 64.2717, 50.8668
2291, 64.2953, 50.8835
2292, 64.319, 50.9002
2293, 64.343, 50.9168
2294, 64.3678, 50.9335
2295, 64.3925, 50.9502
2296, 64.3925, 50.9502
2297, 64.4162, 50.9668
2298, 64.4396, 50.9835
2299, 64.4636, 51.0002
2300, 64.487, 51.0168
2301, 64.5123, 51.0335
2302, 64.5394, 51.0502
2303, 64.5656, 51.0668
2304, 64.5898, 51.0835
2305, 64.6121, 51.1002
2306, 64.6341, 51.1168
2307, 64.656, 51.1335
2308, 64.6779, 51.1502
2309, 64.6996, 51.1668
2310, 64.6996, 51.1668
2311, 64.7215, 51.1835
2312, 64.7437, 51.2002
2313, 64.7667, 51.2168
2314, 64.7904, 51.2335
2315, 64.814, 51.2502
2316, 64.8376, 51.2668
2317, 64.8608, 51.2835
2318, 64.8838, 51.3002
2319, 64.9071, 51.3168
2320, 64.9306, 51.3335
2321, 64.9535, 51.3502
2322, 64.9756, 51.3668
2323, 64.9978, 51.3835
2324, 64.9978, 51.3835
2325, 65.0198, 51.4002
2326, 65.0418, 51.4168
2327, 65.0635, 51.4335
2328, 65.0854, 51.4502
2329, 65.1067, 51.4668
2330, 65.1278, 51.4835
2331, 65.1278, 51.4835
2332, 65.1278, 51.4835
2333, 65.1278, 51.4835
2334, 65.1278, 51.4835
2335, 65.2402, 51.5668
2336, 65.2402, 51.5668
2337, 65.2402, 51.5668
2338, 65.2402, 51.5668
2339, 65.2402, 51.5668
2340, 65.2402, 51.5668
2341, 65.2402, 51.5668
