0, 53.9, 77.549
1, 53.94, 77.566
2, 53.99, 77.582
3, 54.04, 77.599
4, 54.07, 77.616
5, 54.11, 77.632
6, 54.19, 77.649
7, 54.27, 77.666
8, 54.36, 77.699
9, 54.41, 77.716
10, 54.47, 77.732
11, 54.53, 77.749
12, 54.57, 77.766
13, 54.63, 77.783
14, 54.67, 77.799
15, 54.7, 77.816
16, 54.75, 77.832
17, 54.82, 77.849
18, 54.93, 77.882
19, 54.98, 77.899
20, 55.04, 77.916
21, 55.09, 77.933
22, 55.14, 77.949
23, 55.19, 77.966
24, 55.23, 77.982
25, 55.28, 77.999
26, 55.33, 78.016
27, 55.39, 78.033
28, 55.44, 78.049
29, 55.54, 78.082
30, 55.59, 78.099
31, 55.64, 78.116
32, 55.69, 78.132
33, 55.75, 78.149
34, 55.8, 78.166
35, 55.84, 78.183
36, 55.89, 78.199
37, 55.94, 78.216
38, 55.99, 78.232
39, 56.05, 78.249
40, 56.1, 78.266
41, 56.14, 78.283
42, 56.17, 78.299
43, 56.28, 78.332
44, 56.32, 78.349
45, 56.37, 78.366
46, 56.42, 78.382
47, 56.48, 78.399
48, 56.52, 78.416
49, 56.56, 78.433
50, 56.61, 78.449
51, 56.65, 78.466
52, 56.7, 78.482
53, 56.75, 78.499
54, 56.8, 78.516
55, 56.85, 78.533
56, 56.9, 78.549
57, 56.95, 78.566
58, 57, 78.582
59, 57.08, 78.616
60, 57.13, 78.632
61, 57.17, 78.649
62, 57.22, 78.666
63, 57.27, 78.683
64, 57.32, 78.699
65, 57.38, 78.716
66, 57.42, 78.732
67, 57.46, 78.749
68, 57.5, 78.766
69, 57.54, 78.783
70, 57.59, 78.799
71, 57.63, 78.816
72, 57.68, 78.832
73, 57.73, 78.849
74, 57.77, 78.866
75, 57.81, 78.882
76, 57.84, 78.899
77, 57.9, 78.916
78, 57.95, 78.933
79, 58, 78.949
80, 58.03, 78.966
81, 58.07, 78.982
82, 58.13, 78.999
83, 58.22, 79.033
84, 58.26, 79.049
85, 58.3, 79.066
86, 58.35, 79.082
87, 58.41, 79.099
88, 58.45, 79.116
89, 58.49, 79.132
90, 58.53, 79.149
91, 58.57, 79.166
92, 58.61, 79.183
93, 58.64, 79.199
94, 58.69, 79.216
95, 58.73, 79.232
96, 58.78, 79.249
97, 58.82, 79.266
98, 58.87, 79.283
99, 58.91, 79.299
100, 58.95, 79.316
101, 58.99, 79.332
102, 59.03, 79.349
103, 59.07, 79.366
104, 59.12, 79.382
105, 59.16, 79.399
106, 59.19, 79.416
107, 59.24, 79.433
108, 59.28, 79.449
109, 59.31, 79.466
110, 59.35, 79.482
111, 59.39, 79.499
112, 59.44, 79.516
113, 59.48, 79.533
114, 59.52, 79.549
115, 59.56, 2.063
116, 59.61, 2.08
117, 59.64, 2.097
118, 59.68, 2.113
119, 59.72, 2.13
120, 59.77, 2.147
121, 59.8, 2.163
122, 59.84, 2.18
123, 59.88, 2.197
124, 59.92, 2.213
125, 59.96, 2.23
126, 60, 2.247
127, 60.04, 2.263
128, 60.08, 2.28
129, 60.11, 2.297
130, 60.15, 2.313
131, 60.18, 2.33
132, 60.21, 2.347
133, 60.24, 2.363
134, 60.27, 2.38
135, 60.29, 2.397
136, 60.32, 2.413
137, 60.35, 2.43
138, 60.38, 2.447
139, 60.4, 2.463
140, 60.41, 2.48
141, 60.42, 2.497
142, 60.44, 2.513
143, 60.45, 2.53
144, 60.47, 2.547
145, 60.49, 2.563
146, 60.5, 2.58
147, 60.5, 2.597
148, 60.5, 2.613
149, 60.49, 2.63
150, 60.49, 2.647
151, 60.48, 2.663
152, 60.48, 2.68
153, 60.49, 2.697
154, 60.49, 2.713
155, 60.49, 2.73
156, 60.47, 2.747
157, 60.44, 2.763
158, 60.43, 2.78
159, 60.42, 2.797
160, 60.4, 2.813
161, 60.38, 2.83
162, 60.33, 2.847
163, 60.27, 2.863
164, 60.21, 2.88
165, 60.14, 2.897
166, 60.05, 2.913
167, 59.92, 2.93
168, 59.78, 2.947
169, 59.64, 2.963
170, 59.49, 2.98
171, 59.31, 2.997
172, 59.13, 3.013
173, 58.94, 3.03
174, 58.76, 3.047
175, 58.56, 3.063
176, 58.35, 3.08
177, 58.15, 3.097
178, 57.94, 3.113
179, 57.73, 3.13
180, 57.5, 3.147
181, 57.27, 3.163
182, 57.06, 3.18
183, 56.85, 3.197
184, 56.64, 3.213
185, 56.43, 3.23
186, 56.01, 3.263
187, 55.8, 3.28
188, 55.57, 3.297
189, 55.36, 3.313
190, 55.15, 3.33
191, 54.94, 3.347
192, 54.73, 3.363
193, 54.51, 3.38
194, 54.31, 3.397
195, 54.1, 3.413
196, 53.9, 3.43
197, 53.53, 3.463
198, 53.31, 3.48
199, 53.09, 3.497
200, 52.87, 3.513
201, 52.66, 3.53
202, 52.42, 3.547
203, 52.21, 3.563
204, 52.01, 3.58
205, 51.63, 3.613
206, 51.45, 3.63
207, 51.27, 3.647
208, 51.09, 3.663
209, 50.92, 3.68
210, 50.75, 3.697
211, 50.42, 3.73
212, 50.26, 3.747
213, 50.1, 3.763
214, 49.94, 3.78
215, 49.81, 3.797
216, 49.54, 3.83
217, 49.4, 3.847
218, 49.27, 3.863
219, 49.15, 3.88
220, 48.89, 3.913
221, 48.75, 3.93
222, 48.65, 3.947
223, 48.55, 3.963
224, 48.3, 3.997
225, 48.19, 4.013
226, 48.07, 4.03
227, 47.95, 4.047
228, 47.74, 4.08
229, 47.65, 4.097
230, 47.57, 4.113
231, 47.49, 4.13
232, 47.36, 4.163
233, 47.31, 4.18
234, 47.24, 4.197
235, 47.15, 4.213
236, 47.04, 4.247
237, 46.99, 4.263
238, 46.95, 4.28
239, 46.9, 4.297
240, 46.83, 4.33
241, 46.8, 4.347
242, 46.77, 4.363
243, 46.7, 4.397
244, 46.67, 4.413
245, 46.63, 4.43
246, 46.57, 4.447
247, 46.45, 4.48
248, 46.41, 4.497
249, 46.37, 4.513
250, 46.33, 4.547
251, 46.31, 4.563
252, 46.31, 4.58
253, 46.32, 4.597
254, 46.33, 4.63
255, 46.33, 4.647
256, 46.34, 4.663
257, 46.38, 4.697
258, 46.41, 4.713
259, 46.43, 4.73
260, 46.44, 4.747
261, 46.46, 4.78
262, 46.47, 4.797
263, 46.48, 4.813
264, 46.61, 4.847
265, 46.72, 4.863
266, 46.79, 4.88
267, 46.84, 4.913
268, 46.89, 4.93
269, 46.94, 4.947
270, 46.97, 4.963
271, 47.1, 4.997
272, 47.17, 5.013
273, 47.24, 5.03
274, 47.37, 5.063
275, 47.43, 5.08
276, 47.49, 5.097
277, 47.54, 5.113
278, 47.62, 5.147
279, 47.66, 5.163
280, 47.7, 5.18
281, 47.74, 5.197
282, 47.85, 5.23
283, 47.87, 5.247
284, 47.89, 5.263
285, 47.96, 5.28
286, 48, 5.313
287, 47.99, 5.33
288, 47.98, 5.347
289, 47.96, 5.363
290, 47.95, 5.397
291, 47.94, 5.413
292, 47.93, 5.43
293, 48.05, 5.447
294, 48.53, 5.48
295, 48.49, 5.497
296, 48.44, 5.513
297, 48.41, 5.53
298, 48.54, 5.563
299, 48.54, 5.58
300, 48.52, 5.597
301, 48.5, 5.613
302, 48.58, 5.647
303, 48.74, 5.663
304, 48.82, 5.68
305, 48.78, 5.697
306, 48.76, 5.713
307, 48.82, 5.747
308, 48.85, 5.763
309, 48.88, 5.78
310, 48.93, 5.797
311, 49.03, 5.83
312, 49.09, 5.847
313, 49.16, 5.863
314, 49.23, 5.88
315, 49.28, 5.897
316, 49.39, 5.93
317, 49.45, 5.947
318, 49.51, 5.963
319, 49.56, 5.98
320, 49.68, 6.013
321, 49.74, 6.03
322, 49.8, 6.047
323, 49.85, 6.063
324, 49.91, 6.08
325, 50.02, 6.113
326, 50.08, 6.13
327, 50.13, 6.147
328, 50.18, 6.163
329, 50.24, 6.18
330, 50.36, 6.213
331, 50.42, 6.23
332, 50.48, 6.247
333, 50.54, 6.263
334, 50.6, 6.28
335, 50.66, 6.297
336, 50.77, 6.33
337, 50.82, 6.347
338, 50.88, 6.363
339, 50.94, 6.38
340, 51, 6.397
341, 51.1, 6.43
342, 51.16, 6.447
343, 51.21, 6.463
344, 51.26, 6.48
345, 51.32, 6.497
346, 51.37, 6.513
347, 51.47, 6.547
348, 51.52, 6.563
349, 51.57, 6.58
350, 51.62, 6.597
351, 51.68, 6.597
352, 51.73, 6.613
353, 51.82, 6.647
354, 51.87, 6.663
355, 51.92, 6.68
356, 51.97, 6.697
357, 52.02, 6.713
358, 52.07, 6.73
359, 52.16, 6.763
360, 52.2, 6.78
361, 52.25, 6.797
362, 52.3, 6.813
363, 52.35, 6.83
364, 52.38, 6.847
365, 52.43, 6.863
366, 52.55, 6.897
367, 52.6, 6.913
368, 52.64, 6.93
369, 52.68, 6.947
370, 52.72, 6.963
371, 52.76, 6.98
372, 52.81, 6.997
373, 52.87, 7.013
374, 52.98, 7.047
375, 53.03, 7.063
376, 53.08, 7.08
377, 53.11, 7.097
378, 53.16, 7.113
379, 53.21, 7.13
380, 53.25, 7.147
381, 53.34, 7.18
382, 53.4, 7.197
383, 53.45, 7.213
384, 53.49, 7.23
385, 53.53, 7.247
386, 53.59, 7.263
387, 53.64, 7.28
388, 53.67, 7.297
389, 53.72, 7.313
390, 53.82, 7.347
391, 53.86, 7.363
392, 53.91, 7.38
393, 53.97, 7.397
394, 54.01, 7.413
395, 54.06, 7.43
396, 54.11, 7.447
397, 54.14, 7.463
398, 54.17, 7.48
399, 54.3, 7.513
400, 54.35, 7.53
401, 54.37, 7.547
402, 54.4, 7.563
403, 54.45, 7.58
404, 54.5, 7.597
405, 54.55, 7.613
406, 54.59, 7.63
407, 54.65, 7.647
408, 54.69, 7.663
409, 54.77, 7.697
410, 54.81, 7.713
411, 54.86, 7.73
412, 54.91, 7.747
413, 54.96, 7.763
414, 55, 7.78
415, 55.04, 7.797
416, 55.08, 7.813
417, 55.12, 7.83
418, 55.17, 7.847
419, 55.22, 7.863
420, 55.3, 7.897
421, 55.35, 7.913
422, 55.39, 7.93
423, 55.43, 7.947
424, 55.48, 7.963
425, 55.52, 7.98
426, 55.56, 7.997
427, 55.61, 8.013
428, 55.65, 8.03
429, 55.69, 8.047
430, 55.73, 8.063
431, 55.77, 8.08
432, 55.82, 8.097
433, 55.87, 8.113
434, 55.95, 8.147
435, 55.99, 8.163
436, 56.03, 8.18
437, 56.07, 8.197
438, 56.12, 8.213
439, 56.16, 8.23
440, 56.21, 8.247
441, 56.25, 8.263
442, 56.29, 8.28
443, 56.34, 8.297
444, 56.38, 8.313
445, 56.43, 8.33
446, 56.47, 8.347
447, 56.51, 8.363
448, 56.57, 8.38
449, 56.61, 8.397
450, 56.65, 8.413
451, 56.75, 8.447
452, 56.79, 8.463
453, 56.83, 8.48
454, 56.87, 8.497
455, 56.92, 8.513
456, 56.96, 8.53
457, 57, 8.547
458, 57.04, 8.563
459, 57.09, 8.58
460, 57.13, 8.597
461, 57.17, 8.613
462, 57.21, 8.63
463, 57.26, 8.647
464, 57.3, 8.663
465, 57.34, 8.68
466, 57.38, 8.697
467, 57.43, 8.713
468, 57.46, 8.73
469, 57.5, 8.747
470, 57.54, 8.763
471, 57.58, 8.78
472, 57.62, 8.797
473, 57.66, 8.813
474, 57.7, 8.83
475, 57.74, 8.847
476, 57.78, 8.863
477, 57.82, 8.88
478, 57.89, 8.913
479, 57.93, 8.93
480, 57.97, 8.947
481, 58.01, 8.963
482, 58.04, 8.98
483, 58.08, 8.997
484, 58.12, 9.013
485, 58.15, 9.03
486, 58.19, 9.047
487, 58.23, 9.063
488, 58.26, 9.08
489, 58.3, 9.097
490, 58.34, 9.113
491, 58.37, 9.13
492, 58.41, 9.147
493, 58.45, 9.163
494, 58.48, 9.18
495, 58.52, 9.197
496, 58.56, 9.213
497, 58.59, 9.23
498, 58.62, 9.247
499, 58.65, 9.263
500, 58.68, 9.28
501, 58.7, 9.297
502, 58.73, 9.313
503, 58.78, 9.33
504, 58.83, 9.347
505, 58.87, 9.363
506, 58.88, 9.38
507, 58.91, 9.397
508, 58.95, 9.413
509, 58.98, 9.43
510, 59.02, 9.447
511, 59.05, 9.463
512, 59.09, 9.48
513, 59.13, 9.497
514, 59.16, 9.513
515, 59.18, 9.53
516, 59.2, 9.547
517, 59.23, 9.563
518, 59.29, 9.58
519, 59.34, 9.597
520, 59.36, 9.613
521, 59.39, 9.63
522, 59.41, 9.647
523, 59.42, 9.663
524, 59.43, 9.68
525, 59.43, 9.697
526, 59.4, 9.713
527, 59.47, 9.73
528, 59.55, 9.747
529, 59.53, 9.763
530, 59.58, 9.78
531, 59.57, 9.797
532, 59.59, 9.813
533, 59.61, 9.83
534, 59.65, 9.847
535, 59.7, 9.863
536, 59.73, 9.88
537, 59.74, 9.897
538, 59.75, 9.913
539, 59.77, 9.93
540, 59.8, 9.947
541, 59.86, 9.963
542, 59.91, 9.98
543, 59.94, 10.013
544, 59.96, 10.03
545, 59.99, 10.047
546, 60.01, 10.063
547, 60.04, 10.08
548, 60.07, 10.097
549, 60.1, 10.113
550, 60.14, 10.13
551, 60.17, 10.147
552, 60.17, 10.147
553, 60.2, 10.163
554, 60.21, 10.18
555, 60.24, 10.197
556, 60.27, 10.213
557, 60.29, 10.23
558, 60.34, 10.247
559, 60.39, 10.263
560, 60.42, 10.28
561, 60.41, 10.297
562, 60.42, 10.313
563, 60.45, 10.33
564, 60.47, 10.347
565, 60.49, 10.363
566, 60.53, 10.38
567, 60.58, 10.397
568, 60.61, 10.413
569, 60.63, 10.43
570, 60.65, 10.447
571, 60.68, 10.463
572, 60.71, 10.48
573, 60.73, 10.497
574, 60.75, 10.513
575, 60.78, 10.53
576, 60.8, 10.547
577, 60.82, 10.563
578, 60.84, 10.58
579, 60.88, 10.597
580, 60.9, 10.613
581, 60.9, 10.63
582, 60.88, 10.647
583, 60.87, 10.663
584, 60.85, 10.68
585, 60.83, 10.697
586, 60.8, 10.713
587, 60.73, 10.73
588, 60.63, 10.747
589, 60.53, 10.763
590, 60.43, 10.78
591, 60.33, 10.797
592, 60.19, 10.813
593, 60.01, 10.83
594, 59.82, 10.847
595, 59.61, 10.863
596, 59.38, 10.88
597, 59.11, 10.897
598, 58.84, 10.913
599, 58.55, 10.93
600, 58.26, 10.947
601, 57.98, 10.963
602, 57.67, 10.98
603, 57.39, 10.997
604, 57.09, 11.013
605, 56.72, 11.03
606, 56, 11.063
607, 55.65, 11.08
608, 55.34, 11.097
609, 55.03, 11.113
610, 54.74, 11.13
611, 54.44, 11.147
612, 54.14, 11.163
613, 53.86, 11.18
614, 53.56, 11.197
615, 53.2, 11.213
616, 52.56, 11.247
617, 52.24, 11.263
618, 51.86, 11.28
619, 51.52, 11.297
620, 51.18, 11.313
621, 50.88, 11.33
622, 50.56, 11.347
623, 49.97, 11.38
624, 49.67, 11.397
625, 49.35, 11.413
626, 49.06, 11.43
627, 48.47, 11.463
628, 48.15, 11.48
629, 47.84, 11.497
630, 47.51, 11.513
631, 46.89, 11.547
632, 46.6, 11.563
633, 46.3, 11.58
634, 46, 11.597
635, 45.47, 11.63
636, 45.19, 11.647
637, 44.93, 11.663
638, 44.31, 11.697
639, 43.92, 11.713
640, 43.58, 11.73
641, 43.01, 11.763
642, 42.72, 11.78
643, 42.22, 11.813
644, 42.03, 11.83
645, 41.76, 11.847
646, 41.07, 11.88
647, 40.84, 11.897
648, 40.19, 11.93
649, 39.86, 11.947
650, 39.36, 11.98
651, 39.15, 11.997
652, 38.53, 12.03
653, 38.3, 12.047
654, 37.81, 12.08
655, 37.29, 12.113
656, 37.04, 12.13
657, 36.6, 12.163
658, 36.35, 12.18
659, 35.78, 12.213
660, 35.3, 12.247
661, 34.77, 12.28
662, 34.52, 12.297
663, 34.03, 12.33
664, 33.48, 12.363
665, 33.07, 12.397
666, 32.88, 12.413
667, 32.45, 12.447
668, 31.77, 12.48
669, 31.33, 12.513
670, 31.02, 12.547
671, 30.74, 12.58
672, 30.23, 12.613
673, 29.87, 12.647
674, 29.6, 12.68
675, 29.34, 12.713
676, 28.99, 12.747
677, 28.58, 12.78
678, 28.26, 12.813
679, 27.99, 12.847
680, 27.8, 12.88
681, 27.46, 12.93
682, 27.24, 12.963
683, 27.03, 12.997
684, 26.86, 13.03
685, 26.71, 13.063
686, 26.35, 13.113
687, 26.19, 13.147
688, 25.99, 13.18
689, 25.79, 13.213
690, 25.66, 13.247
691, 25.56, 13.297
692, 25.45, 13.33
693, 25.34, 13.363
694, 25.17, 13.413
695, 25.04, 13.447
696, 24.97, 13.48
697, 24.72, 13.53
698, 24.55, 13.563
699, 24.35, 13.613
700, 24.25, 13.647
701, 24.18, 13.68
702, 24.06, 13.73
703, 23.96, 13.763
704, 23.71, 13.813
705, 23.51, 13.863
706, 23.45, 13.897
707, 23.52, 13.947
708, 23.67, 13.98
709, 23.74, 14.03
710, 23.79, 14.063
711, 23.87, 14.113
712, 24.07, 14.163
713, 24.23, 14.197
714, 24.25, 14.247
715, 24.34, 14.28
716, 24.64, 14.33
717, 24.84, 14.363
718, 24.97, 14.413
719, 25.05, 14.447
720, 25.24, 14.48
721, 25.57, 14.53
722, 25.69, 14.563
723, 25.83, 14.613
724, 25.9, 14.647
725, 25.98, 14.68
726, 26.1, 14.73
727, 26.3, 14.763
728, 26.59, 14.797
729, 27.02, 14.847
730, 27.33, 14.88
731, 27.55, 14.913
732, 27.8, 14.947
733, 28.05, 14.98
734, 28.31, 15.013
735, 28.75, 15.063
736, 29, 15.097
737, 29.16, 15.13
738, 29.28, 15.163
739, 29.64, 15.197
740, 29.78, 15.23
741, 30, 15.263
742, 30.25, 15.297
743, 30.48, 15.33
744, 30.69, 15.363
745, 30.92, 15.397
746, 31.18, 15.43
747, 31.44, 15.463
748, 31.62, 15.497
749, 31.86, 15.53
750, 32.13, 15.563
751, 32.23, 15.58
752, 32.43, 15.613
753, 32.64, 15.647
754, 32.84, 15.68
755, 33.1, 15.713
756, 33.35, 15.747
757, 33.47, 15.763
758, 33.69, 15.797
759, 33.87, 15.83
760, 34.07, 15.863
761, 34.32, 15.897
762, 34.44, 15.913
763, 34.64, 15.947
764, 34.81, 15.98
765, 34.91, 15.997
766, 35.2, 16.03
767, 35.47, 16.063
768, 35.58, 16.08
769, 35.77, 16.113
770, 35.99, 16.147
771, 36.11, 16.163
772, 36.33, 16.197
773, 36.55, 16.23
774, 36.66, 16.247
775, 36.89, 16.28
776, 37.11, 16.313
777, 37.22, 16.33
778, 37.44, 16.363
779, 37.54, 16.38
780, 37.75, 16.413
781, 37.94, 16.447
782, 38.04, 16.463
783, 38.29, 16.497
784, 38.41, 16.513
785, 38.6, 16.547
786, 38.69, 16.563
787, 38.9, 16.613
788, 38.98, 16.63
789, 39.07, 16.663
790, 39.16, 16.697
791, 39.18, 16.713
792, 39.16, 16.747
793, 39.07, 16.763
794, 38.86, 16.797
795, 38.7, 16.813
796, 38.4, 16.847
797, 38.25, 16.863
798, 37.9, 16.897
799, 37.7, 16.913
800, 37.28, 16.947
801, 36.72, 16.98
802, 36.47, 16.997
803, 36.1, 17.03
804, 35.81, 17.063
805, 35.59, 17.08
806, 35.01, 17.113
807, 34.53, 17.147
808, 34.15, 17.18
809, 33.97, 17.197
810, 33.55, 17.23
811, 33.08, 17.263
812, 32.68, 17.297
813, 32.2, 17.33
814, 31.73, 17.363
815, 31.54, 17.38
816, 31.18, 17.413
817, 30.85, 17.447
818, 30.53, 17.48
819, 30.24, 17.513
820, 29.94, 17.547
821, 29.67, 17.58
822, 29.34, 17.63
823, 29.12, 17.663
824, 28.89, 17.697
825, 28.62, 17.73
826, 28.39, 17.763
827, 28.19, 17.797
828, 27.97, 17.83
829, 27.75, 17.863
830, 27.43, 17.913
831, 27.24, 17.947
832, 27.07, 17.98
833, 26.91, 18.013
834, 26.74, 18.063
835, 26.66, 18.097
836, 26.6, 18.13
837, 26.54, 18.18
838, 26.5, 18.213
839, 26.55, 18.247
840, 26.48, 18.297
841, 26.43, 18.33
842, 26.37, 18.363
843, 26.32, 18.397
844, 26.18, 18.447
845, 26.11, 18.48
846, 26.06, 18.513
847, 25.95, 18.563
848, 25.91, 18.597
849, 25.83, 18.63
850, 25.56, 18.68
851, 25.46, 18.713
852, 25.35, 18.747
853, 25.27, 18.797
854, 25.23, 18.83
855, 25.18, 18.863
856, 25.08, 18.913
857, 25, 18.947
858, 24.89, 18.98
859, 24.78, 19.03
860, 24.74, 19.063
861, 24.74, 19.113
862, 24.77, 19.147
863, 24.76, 19.18
864, 24.85, 19.23
865, 24.88, 19.263
866, 24.95, 19.313
867, 24.98, 19.347
868, 25.02, 19.38
869, 25.63, 19.43
870, 25.82, 19.463
871, 25.78, 19.513
872, 25.89, 19.547
873, 26.07, 19.58
874, 26.35, 19.613
875, 26.46, 19.663
876, 26.56, 19.697
877, 26.66, 19.73
878, 26.82, 19.763
879, 27.18, 19.813
880, 27.46, 19.847
881, 27.65, 19.88
882, 27.79, 19.913
883, 28.05, 19.947
884, 28.4, 19.997
885, 28.57, 20.03
886, 28.81, 20.063
887, 29.06, 20.097
888, 29.25, 20.13
889, 29.48, 20.163
890, 29.69, 20.197
891, 29.92, 20.23
892, 30.19, 20.263
893, 30.43, 20.297
894, 30.64, 20.33
895, 30.86, 20.363
896, 31.08, 20.397
897, 31.31, 20.43
898, 31.53, 20.463
899, 31.74, 20.497
900, 31.96, 20.53
901, 32.17, 20.563
902, 32.38, 20.597
903, 32.61, 20.63
904, 32.73, 20.647
905, 32.92, 20.68
906, 33.12, 20.713
907, 33.31, 20.747
908, 33.51, 20.78
909, 33.68, 20.813
910, 33.77, 20.83
911, 33.95, 20.863
912, 34.05, 20.897
913, 34.38, 20.93
914, 34.62, 20.963
915, 34.65, 20.98
916, 34.83, 21.013
917, 35.06, 21.047
918, 35.27, 21.08
919, 35.37, 21.097
920, 35.57, 21.13
921, 35.74, 21.163
922, 35.81, 21.18
923, 35.94, 21.213
924, 36.14, 21.247
925, 36.26, 21.263
926, 36.48, 21.297
927, 36.62, 21.33
928, 36.72, 21.347
929, 36.99, 21.38
930, 37.19, 21.413
931, 37.26, 21.43
932, 37.49, 21.463
933, 37.71, 21.497
934, 37.77, 21.513
935, 37.87, 21.547
936, 37.9, 21.563
937, 37.87, 21.597
938, 37.8, 21.597
939, 37.6, 21.63
940, 37.33, 21.663
941, 37.18, 21.68
942, 36.85, 21.713
943, 36.68, 21.73
944, 36.32, 21.763
945, 35.9, 21.797
946, 35.7, 21.813
947, 35.31, 21.847
948, 34.91, 21.88
949, 34.46, 21.913
950, 34.28, 21.93
951, 33.86, 21.963
952, 33.47, 21.997
953, 33.01, 22.03
954, 32.79, 22.047
955, 32.46, 22.08
956, 32.09, 22.113
957, 31.65, 22.147
958, 31.28, 22.18
959, 30.92, 22.213
960, 30.56, 22.247
961, 30.25, 22.28
962, 29.97, 22.313
963, 29.69, 22.347
964, 29.4, 22.38
965, 29.01, 22.413
966, 28.73, 22.447
967, 28.51, 22.48
968, 28.29, 22.513
969, 28.08, 22.547
970, 27.88, 22.58
971, 27.64, 22.613
972, 27.5, 22.647
973, 27.38, 22.68
974, 27.28, 22.713
975, 27.2, 22.747
976, 27.12, 22.78
977, 27.04, 22.83
978, 27.02, 22.863
979, 26.95, 22.897
980, 26.88, 22.93
981, 26.8, 22.963
982, 26.67, 23.013
983, 26.59, 23.047
984, 26.49, 23.08
985, 26.38, 23.113
986, 26.08, 23.163
987, 25.93, 23.197
988, 25.8, 23.23
989, 25.64, 23.263
990, 25.41, 23.313
991, 25.27, 23.347
992, 25.12, 23.38
993, 24.95, 23.43
994, 24.86, 23.463
995, 24.75, 23.497
996, 24.47, 23.547
997, 24.28, 23.58
998, 24.09, 23.63
999, 23.99, 23.663
1000, 23.85, 23.713
1001, 23.78, 23.747
1002, 23.67, 23.797
1003, 23.78, 23.847
1004, 23.91, 23.88
1005, 24.04, 23.93
1006, 24.18, 23.963
1007, 24.38, 24.013
1008, 24.54, 24.047
1009, 24.7, 24.097
1010, 24.81, 24.13
1011, 24.89, 24.163
1012, 25.16, 24.213
1013, 25.26, 24.247
1014, 25.36, 24.297
1015, 25.52, 24.33
1016, 25.66, 24.38
1017, 25.69, 24.413
1018, 25.86, 24.447
1019, 26.12, 24.497
1020, 26.23, 24.53
1021, 26.36, 24.58
1022, 26.49, 24.613
1023, 26.68, 24.647
1024, 27, 24.697
1025, 27.16, 24.73
1026, 27.36, 24.763
1027, 27.6, 24.797
1028, 27.88, 24.847
1029, 28.07, 24.88
1030, 28.28, 24.913
1031, 28.49, 24.947
1032, 28.67, 24.98
1033, 28.67, 25.013
1034, 28.93, 25.047
1035, 29.14, 25.097
1036, 29.38, 25.13
1037, 29.58, 25.163
1038, 29.76, 25.197
1039, 29.97, 25.23
1040, 30.24, 25.263
1041, 30.49, 25.297
1042, 30.71, 25.33
1043, 30.96, 25.363
1044, 31.21, 25.397
1045, 31.43, 25.43
1046, 31.67, 25.463
1047, 31.91, 25.497
1048, 32.01, 25.513
1049, 32.22, 25.547
1050, 32.48, 25.58
1051, 32.74, 25.613
1052, 32.99, 25.647
1053, 33.21, 25.68
1054, 33.45, 25.713
1055, 33.56, 25.73
1056, 33.79, 25.763
1057, 34.02, 25.797
1058, 34.23, 25.83
1059, 34.34, 25.847
1060, 34.6, 25.88
1061, 34.84, 25.913
1062, 35.04, 25.947
1063, 35.13, 25.963
1064, 35.34, 25.997
1065, 35.58, 26.03
1066, 35.7, 26.047
1067, 35.92, 26.08
1068, 36.13, 26.113
1069, 36.25, 26.13
1070, 36.48, 26.163
1071, 36.71, 26.197
1072, 36.82, 26.213
1073, 37.04, 26.247
1074, 37.25, 26.28
1075, 37.36, 26.297
1076, 37.58, 26.33
1077, 37.7, 26.347
1078, 37.91, 26.38
1079, 38.1, 26.413
1080, 38.2, 26.43
1081, 38.4, 26.463
1082, 38.47, 26.48
1083, 38.59, 26.513
1084, 38.64, 26.53
1085, 38.73, 26.563
1086, 38.72, 26.597
1087, 38.66, 26.613
1088, 38.44, 26.647
1089, 38.3, 26.663
1090, 37.97, 26.697
1091, 37.79, 26.713
1092, 37.4, 26.747
1093, 36.98, 26.78
1094, 36.77, 26.797
1095, 36.32, 26.83
1096, 36.1, 26.847
1097, 35.66, 26.88
1098, 35.25, 26.913
1099, 34.84, 26.947
1100, 34.62, 26.963
1101, 34.14, 26.997
1102, 33.73, 27.03
1103, 33.25, 27.063
1104, 32.99, 27.08
1105, 32.57, 27.113
1106, 32.19, 27.147
1107, 31.81, 27.18
1108, 31.42, 27.213
1109, 31.07, 27.247
1110, 30.69, 27.28
1111, 30.34, 27.313
1112, 30.07, 27.347
1113, 29.81, 27.38
1114, 29.56, 27.413
1115, 29.35, 27.447
1116, 29.17, 27.48
1117, 29, 27.513
1118, 28.84, 27.547
1119, 28.73, 27.597
1120, 28.64, 27.63
1121, 28.54, 27.663
1122, 28.46, 27.697
1123, 28.39, 27.73
1124, 28.28, 27.78
1125, 28.19, 27.813
1126, 28.07, 27.847
1127, 27.97, 27.88
1128, 27.85, 27.913
1129, 27.71, 27.947
1130, 27.54, 27.98
1131, 27.35, 28.03
1132, 27.16, 28.063
1133, 26.96, 28.097
1134, 26.81, 28.13
1135, 26.67, 28.163
1136, 26.46, 28.213
1137, 26.3, 28.247
1138, 26.09, 28.28
1139, 25.96, 28.313
1140, 25.78, 28.363
1141, 25.63, 28.397
1142, 25.49, 28.43
1143, 25.29, 28.48
1144, 25.14, 28.513
1145, 25.01, 28.547
1146, 24.84, 28.597
1147, 24.75, 28.63
1148, 24.64, 28.663
1149, 24.49, 28.713
1150, 24.4, 28.747
1151, 24.31, 28.78
1152, 24.14, 28.83
1153, 24.04, 28.863
1154, 24.02, 28.913
1155, 24.17, 28.947
1156, 24.28, 28.997
1157, 24.38, 29.03
1158, 24.66, 29.08
1159, 24.79, 29.113
1160, 24.98, 29.163
1161, 25.09, 29.197
1162, 25.29, 29.247
1163, 25.45, 29.28
1164, 25.47, 29.313
1165, 25.57, 29.363
1166, 25.78, 29.397
1167, 26.06, 29.447
1168, 26.1, 29.48
1169, 26.16, 29.513
1170, 26.22, 29.547
1171, 26.53, 29.597
1172, 26.78, 29.63
1173, 26.9, 29.663
1174, 27.08, 29.713
1175, 27.27, 29.747
1176, 27.58, 29.78
1177, 27.8, 29.813
1178, 27.99, 29.847
1179, 28.16, 29.88
1180, 28.5, 29.93
1181, 28.71, 29.963
1182, 28.97, 29.997
1183, 29.31, 30.03
1184, 29.55, 30.063
1185, 29.79, 30.097
1186, 30.06, 30.13
1187, 30.25, 30.163
1188, 30.36, 30.197
1189, 30.76, 30.23
1190, 30.97, 30.263
1191, 31.22, 30.297
1192, 31.45, 30.33
1193, 31.71, 30.363
1194, 31.96, 30.397
1195, 32.08, 30.413
1196, 32.31, 30.447
1197, 32.54, 30.48
1198, 32.77, 30.513
1199, 33.01, 30.547
1200, 33.25, 30.58
1201, 33.37, 30.597
1202, 33.6, 30.63
1203, 33.81, 30.663
1204, 34.03, 30.697
1205, 34.31, 30.73
1206, 34.45, 30.747
1207, 34.64, 30.78
1208, 34.85, 30.813
1209, 35.09, 30.847
1210, 35.22, 30.863
1211, 35.45, 30.897
1212, 35.67, 30.93
1213, 35.76, 30.947
1214, 35.96, 30.98
1215, 36.11, 31.013
1216, 36.26, 31.03
1217, 36.61, 31.063
1218, 36.8, 31.097
1219, 36.85, 31.113
1220, 37.01, 31.147
1221, 37.12, 31.163
1222, 37.37, 31.197
1223, 37.62, 31.23
1224, 37.74, 31.247
1225, 37.97, 31.28
1226, 38.08, 31.297
1227, 38.28, 31.33
1228, 38.47, 31.363
1229, 38.57, 31.38
1230, 38.65, 31.413
1231, 38.7, 31.43
1232, 38.81, 31.463
1233, 38.92, 31.48
1234, 39.18, 31.513
1235, 39.27, 31.53
1236, 39.39, 31.563
1237, 39.45, 31.58
1238, 39.57, 31.613
1239, 39.65, 31.63
1240, 39.81, 31.663
1241, 39.88, 31.697
1242, 39.86, 31.713
1243, 40.16, 31.747
1244, 40.28, 31.763
1245, 40.38, 31.797
1246, 40.41, 31.813
1247, 40.5, 31.83
1248, 40.76, 31.863
1249, 40.89, 31.88
1250, 41.07, 31.913
1251, 41.16, 31.93
1252, 41.35, 31.963
1253, 41.45, 31.98
1254, 41.64, 32.013
1255, 41.73, 32.03
1256, 41.89, 32.063
1257, 41.97, 32.08
1258, 42.07, 32.097
1259, 42.27, 32.13
1260, 42.35, 32.147
1261, 42.52, 32.18
1262, 42.6, 32.197
1263, 42.79, 32.23
1264, 42.88, 32.247
1265, 42.98, 32.263
1266, 43.17, 32.297
1267, 43.27, 32.313
1268, 43.43, 32.347
1269, 43.51, 32.363
1270, 43.6, 32.38
1271, 43.79, 32.413
1272, 43.87, 32.43
1273, 43.96, 32.447
1274, 44.13, 32.48
1275, 44.22, 32.497
1276, 44.32, 32.513
1277, 44.5, 32.547
1278, 44.57, 32.563
1279, 44.75, 32.58
1280, 44.84, 32.597
1281, 44.93, 32.613
1282, 45.1, 32.647
1283, 45.18, 32.663
1284, 45.26, 32.68
1285, 45.43, 32.713
1286, 45.51, 32.73
1287, 45.6, 32.747
1288, 45.69, 32.763
1289, 45.87, 32.797
1290, 45.95, 32.813
1291, 46.03, 32.83
1292, 46.19, 32.863
1293, 46.27, 32.88
1294, 46.35, 32.897
1295, 46.49, 32.93
1296, 46.57, 32.947
1297, 46.65, 32.963
1298, 46.71, 32.98
1299, 46.86, 33.013
1300, 46.94, 33.03
1301, 47.02, 33.047
1302, 47.18, 33.08
1303, 47.25, 33.097
1304, 47.33, 33.113
1305, 47.4, 33.13
1306, 47.56, 33.163
1307, 47.64, 33.18
1308, 47.72, 33.197
1309, 47.8, 33.213
1310, 47.94, 33.247
1311, 48.01, 33.263
1312, 48.08, 33.28
1313, 48.16, 33.297
1314, 48.3, 33.33
1315, 48.37, 33.347
1316, 48.45, 33.363
1317, 48.53, 33.38
1318, 48.67, 33.413
1319, 48.74, 33.43
1320, 48.81, 33.447
1321, 48.88, 33.463
1322, 49.02, 33.497
1323, 49.09, 33.513
1324, 49.16, 33.53
1325, 49.22, 33.547
1326, 49.29, 33.563
1327, 49.42, 33.597
1328, 49.49, 33.613
1329, 49.56, 33.63
1330, 49.63, 33.647
1331, 49.69, 33.663
1332, 49.8, 33.697
1333, 49.85, 33.713
1334, 49.91, 33.73
1335, 49.96, 33.747
1336, 49.99, 33.78
1337, 49.96, 33.797
1338, 50.07, 33.813
1339, 50.19, 33.83
1340, 50.23, 33.847
1341, 50.28, 33.863
1342, 50.41, 33.897
1343, 50.47, 33.913
1344, 50.53, 33.93
1345, 50.59, 33.947
1346, 50.66, 33.963
1347, 50.78, 33.997
1348, 50.84, 34.013
1349, 50.9, 34.03
1350, 50.95, 34.047
1351, 51.01, 34.063
1352, 51.13, 34.097
1353, 51.19, 34.113
1354, 51.26, 34.13
1355, 51.31, 34.147
1356, 51.37, 34.163
1357, 51.43, 34.18
1358, 51.54, 34.213
1359, 51.59, 34.23
1360, 51.66, 34.247
1361, 51.73, 34.263
1362, 51.78, 34.28
1363, 51.83, 34.297
1364, 51.95, 34.33
1365, 52, 34.347
1366, 52.06, 34.363
1367, 52.12, 34.38
1368, 52.17, 34.397
1369, 52.22, 34.413
1370, 52.28, 34.43
1371, 52.4, 34.463
1372, 52.45, 34.48
1373, 52.51, 34.497
1374, 52.56, 34.513
1375, 52.62, 34.53
1376, 52.67, 34.547
1377, 52.72, 34.563
1378, 52.84, 34.597
1379, 52.89, 34.613
1380, 52.94, 34.63
1381, 53, 34.647
1382, 53.05, 34.663
1383, 53.11, 34.68
1384, 53.16, 34.697
1385, 53.21, 34.713
1386, 53.32, 34.747
1387, 53.37, 34.763
1388, 53.43, 34.78
1389, 53.48, 34.797
1390, 53.54, 34.813
1391, 53.59, 34.83
1392, 53.64, 34.847
1393, 53.7, 34.863
1394, 53.8, 34.897
1395, 53.85, 34.913
1396, 53.9, 34.93
1397, 53.95, 34.947
1398, 54, 34.963
1399, 54.05, 34.98
1400, 54.1, 34.997
1401, 54.15, 35.013
1402, 54.21, 35.03
1403, 54.31, 35.063
1404, 54.37, 35.08
1405, 54.42, 35.097
1406, 54.47, 35.113
1407, 54.52, 35.13
1408, 54.57, 35.147
1409, 54.62, 35.163
1410, 54.67, 35.18
1411, 54.72, 35.197
1412, 54.77, 35.213
1413, 54.87, 35.247
1414, 54.92, 35.263
1415, 54.97, 35.28
1416, 55.03, 35.297
1417, 55.08, 35.313
1418, 55.14, 35.33
1419, 55.19, 35.347
1420, 55.22, 35.363
1421, 55.25, 35.38
1422, 55.28, 35.397
1423, 55.32, 35.413
1424, 55.44, 35.447
1425, 55.5, 35.463
1426, 55.56, 35.48
1427, 55.61, 35.497
1428, 55.66, 35.513
1429, 55.7, 35.53
1430, 55.74, 35.547
1431, 55.79, 35.563
1432, 55.84, 35.58
1433, 55.89, 35.597
1434, 55.94, 35.613
1435, 56, 35.63
1436, 56.04, 35.647
1437, 56.12, 35.68
1438, 56.17, 35.697
1439, 56.22, 35.713
1440, 56.28, 35.73
1441, 56.32, 35.747
1442, 56.36, 35.763
1443, 56.4, 35.78
1444, 56.46, 35.797
1445, 56.51, 35.813
1446, 56.55, 35.83
1447, 56.6, 35.847
1448, 56.65, 35.863
1449, 56.69, 35.88
1450, 56.72, 35.897
1451, 56.77, 35.913
1452, 56.81, 35.93
1453, 56.84, 35.947
1454, 56.93, 35.98
1455, 57, 35.997
1456, 57.06, 36.013
1457, 57.1, 36.03
1458, 57.13, 36.047
1459, 57.18, 36.063
1460, 57.23, 36.08
1461, 57.26, 36.097
1462, 57.3, 36.113
1463, 57.35, 36.13
1464, 57.39, 36.147
1465, 57.43, 36.163
1466, 57.47, 36.18
1467, 57.52, 36.197
1468, 57.56, 36.213
1469, 57.61, 36.23
1470, 57.66, 36.247
1471, 57.71, 36.263
1472, 57.75, 36.28
1473, 57.79, 36.297
1474, 57.82, 36.313
1475, 57.85, 36.33
1476, 57.93, 36.363
1477, 57.97, 36.38
1478, 58.01, 36.397
1479, 58.06, 36.413
1480, 58.1, 36.43
1481, 58.14, 36.447
1482, 58.17, 36.463
1483, 58.21, 36.48
1484, 58.25, 36.497
1485, 58.29, 36.513
1486, 58.33, 36.53
1487, 58.37, 36.547
1488, 58.4, 36.563
1489, 58.44, 36.58
1490, 58.48, 36.597
1491, 58.52, 36.613
1492, 58.56, 36.63
1493, 58.6, 36.647
1494, 58.64, 36.663
1495, 58.68, 36.68
1496, 58.71, 36.697
1497, 58.75, 36.713
1498, 58.79, 36.73
1499, 58.83, 36.747
1500, 58.87, 36.763
1501, 58.9, 36.78
1502, 58.94, 36.797
1503, 58.98, 36.813
1504, 59.01, 36.83
1505, 59.05, 36.847
1506, 59.08, 36.863
1507, 59.11, 36.88
1508, 59.15, 36.897
1509, 59.18, 36.913
1510, 59.21, 36.93
1511, 59.25, 36.947
1512, 59.29, 36.963
1513, 59.33, 36.98
1514, 59.36, 36.997
1515, 59.4, 37.013
1516, 59.44, 37.03
1517, 59.48, 37.047
1518, 59.52, 37.063
1519, 59.56, 37.08
1520, 59.59, 37.097
1521, 59.62, 37.113
1522, 59.65, 37.13
1523, 59.67, 37.147
1524, 59.7, 37.163
1525, 59.74, 37.18
1526, 59.77, 37.197
1527, 59.78, 37.23
1528, 59.73, 37.247
1529, 59.84, 37.263
1530, 59.9, 37.28
1531, 59.86, 37.297
1532, 59.9, 37.313
1533, 59.96, 37.33
1534, 59.98, 37.347
1535, 60, 37.363
1536, 60.05, 37.38
1537, 60.08, 37.397
1538, 60.1, 37.413
1539, 60.13, 37.43
1540, 60.16, 37.447
1541, 60.19, 37.463
1542, 60.21, 37.48
1543, 60.25, 37.497
1544, 60.27, 37.513
1545, 60.27, 37.513
1546, 60.3, 37.53
1547, 60.33, 37.547
1548, 60.36, 37.563
1549, 60.38, 37.58
1550, 60.41, 37.597
1551, 60.44, 37.613
1552, 60.48, 37.63
1553, 60.51, 37.647
1554, 60.54, 37.663
1555, 60.57, 37.68
1556, 60.59, 37.697
1557, 60.62, 37.713
1558, 60.65, 37.73
1559, 60.68, 37.747
1560, 60.71, 37.763
1561, 60.74, 37.78
1562, 60.76, 37.797
1563, 60.79, 37.813
1564, 60.82, 37.83
1565, 60.85, 37.847
1566, 60.89, 37.863
1567, 60.93, 37.88
1568, 60.95, 37.897
1569, 60.96, 37.913
1570, 60.97, 37.93
1571, 61.01, 37.947
1572, 61.04, 37.963
1573, 61.08, 37.98
1574, 61.11, 37.997
1575, 61.14, 38.013
1576, 61.17, 38.03
1577, 61.19, 38.047
1578, 61.21, 38.063
1579, 61.23, 38.08
1580, 61.26, 38.097
1581, 61.29, 38.113
1582, 61.31, 38.13
1583, 61.34, 38.147
1584, 61.37, 38.163
1585, 61.4, 38.18
1586, 61.43, 38.197
1587, 61.46, 38.213
1588, 61.48, 38.23
1589, 61.51, 38.247
1590, 61.53, 38.263
1591, 61.56, 38.28
1592, 61.59, 38.297
1593, 61.61, 38.313
1594, 61.64, 38.33
1595, 61.67, 38.347
1596, 61.7, 38.363
1597, 61.72, 38.38
1598, 61.75, 38.397
1599, 61.77, 38.413
1600, 61.8, 38.43
1601, 61.83, 38.447
1602, 61.83, 38.447
1603, 61.86, 38.463
1604, 61.88, 38.48
1605, 61.9, 38.497
1606, 61.92, 38.513
1607, 61.95, 38.53
1608, 61.97, 38.547
1609, 62, 38.563
1610, 62.03, 38.58
1611, 62.05, 38.597
1612, 62.08, 38.613
1613, 62.11, 38.63
1614, 62.14, 38.647
1615, 62.17, 38.663
1616, 62.2, 38.68
1617, 62.22, 38.697
1618, 62.25, 38.713
1619, 62.28, 38.73
1620, 62.31, 38.747
1621, 62.33, 38.763
1622, 62.36, 38.78
1623, 62.38, 38.797
1624, 62.4, 38.813
1625, 62.43, 38.83
1626, 62.45, 38.847
1627, 62.47, 38.863
1628, 62.5, 38.88
1629, 62.52, 38.897
1630, 62.52, 38.897
1631, 62.54, 38.913
1632, 62.56, 38.93
1633, 62.59, 38.947
1634, 62.62, 38.963
1635, 62.65, 38.98
1636, 62.68, 38.997
1637, 62.71, 39.013
1638, 62.74, 39.03
1639, 62.76, 39.047
1640, 62.79, 39.063
1641, 62.81, 39.08
1642, 62.83, 39.097
1643, 62.86, 39.113
1644, 62.88, 39.13
1645, 62.91, 39.147
1646, 62.93, 39.163
1647, 62.96, 39.18
1648, 62.98, 39.197
1649, 63.01, 39.213
1650, 63.03, 39.23
1651, 63.07, 39.247
1652, 63.07, 39.247
1653, 63.09, 39.263
1654, 63.12, 39.28
1655, 63.14, 39.297
1656, 63.16, 39.313
1657, 63.19, 39.33
1658, 63.21, 39.347
1659, 63.23, 39.363
1660, 63.25, 39.38
1661, 63.28, 39.397
1662, 63.3, 39.413
1663, 63.32, 39.43
1664, 63.36, 39.447
1665, 63.39, 39.463
1666, 63.41, 39.48
1667, 63.43, 39.497
1668, 63.45, 39.513
1669, 63.47, 39.53
1670, 63.49, 39.547
1671, 63.49, 39.547
1672, 63.51, 39.563
1673, 63.54, 39.58
1674, 63.58, 39.597
1675, 63.6, 39.613
1676, 63.63, 39.63
1677, 63.66, 39.647
1678, 63.68, 39.663
1679, 63.67, 39.68
1680, 63.67, 39.697
1681, 63.69, 39.713
1682, 63.68, 39.73
1683, 63.74, 39.747
1684, 63.83, 39.763
1685, 63.88, 39.78
1686, 63.84, 39.797
1687, 63.85, 39.813
1688, 63.85, 39.813
1689, 63.89, 39.83
1690, 63.91, 39.847
1691, 63.91, 39.863
1692, 63.94, 39.88
1693, 63.96, 39.897
1694, 63.97, 39.913
1695, 64, 39.93
1696, 64.05, 39.947
1697, 64.08, 39.963
1698, 64.11, 39.98
1699, 64.13, 39.997
1700, 64.16, 40.013
1701, 64.17, 40.03
1702, 64.19, 40.047
1703, 64.21, 40.063
1704, 64.21, 40.063
1705, 64.23, 40.08
1706, 64.27, 40.097
1707, 64.29, 40.113
1708, 64.32, 40.13
1709, 64.31, 40.147
1710, 64.33, 40.163
1711, 64.34, 40.18
1712, 64.34, 40.197
1713, 64.33, 40.213
1714, 64.37, 40.23
1715, 64.43, 40.247
1716, 64.46, 40.263
1717, 64.49, 40.28
1718, 64.52, 40.297
1719, 64.52, 40.297
1720, 64.56, 40.313
1721, 64.56, 40.33
1722, 64.58, 40.347
1723, 64.62, 40.363
1724, 64.64, 40.38
1725, 64.64, 40.397
1726, 64.68, 40.413
1727, 64.71, 40.43
1728, 64.71, 40.447
1729, 64.73, 40.463
1730, 64.75, 40.48
1731, 64.77, 40.497
1732, 64.77, 40.497
1733, 64.79, 40.513
1734, 64.83, 40.53
1735, 64.85, 40.547
1736, 64.86, 40.563
1737, 64.89, 40.58
1738, 64.91, 40.597
1739, 64.93, 40.613
1740, 64.95, 40.63
1741, 64.96, 40.647
1742, 64.97, 40.663
1743, 64.98, 40.68
1744, 65, 40.697
1745, 65, 40.697
1746, 65.03, 40.713
1747, 65.09, 40.73
1748, 65.09, 40.747
1749, 65.08, 40.763
1750, 65.08, 40.78
1751, 65.11, 40.797
1752, 65.14, 40.813
1753, 65.16, 40.83
1754, 65.17, 40.847
1755, 65.19, 40.863
1756, 65.21, 40.88
1757, 65.23, 40.897
1758, 65.23, 40.897
1759, 65.25, 40.913
1760, 65.27, 40.93
1761, 65.29, 40.947
1762, 65.3, 40.963
1763, 65.33, 40.98
1764, 65.36, 40.997
1765, 65.36, 41.013
1766, 65.38, 41.03
1767, 65.39, 41.047
1768, 65.4, 41.063
1769, 65.41, 41.08
1770, 65.41, 41.08
1771, 65.43, 41.097
1772, 65.44, 41.113
1773, 65.45, 41.13
1774, 65.47, 41.147
1775, 65.48, 41.163
1776, 65.5, 41.18
1777, 65.52, 41.197
1778, 65.53, 41.213
1779, 65.54, 41.23
1780, 65.54, 41.247
1781, 65.54, 41.263
1782, 65.54, 41.263
1783, 65.56, 41.28
1784, 65.57, 41.297
1785, 65.57, 41.313
1786, 65.58, 41.33
1787, 65.61, 41.347
1788, 65.63, 41.363
1789, 65.63, 41.38
1790, 65.63, 41.397
1791, 65.65, 41.413
1792, 65.66, 41.43
1793, 65.67, 41.447
1794, 65.67, 41.447
1795, 65.66, 41.463
1796, 65.68, 41.48
1797, 65.69, 41.497
1798, 65.7, 41.513
1799, 65.71, 41.53
1800, 65.74, 41.547
1801, 65.75, 41.563
1802, 65.75, 41.58
1803, 65.75, 41.597
1804, 65.75, 41.613
1805, 65.74, 41.63
1806, 65.74, 41.63
1807, 65.73, 41.647
1808, 65.74, 41.663
1809, 65.78, 41.68
1810, 65.8, 41.697
1811, 65.81, 41.713
1812, 65.82, 41.73
1813, 65.83, 41.747
1814, 65.85, 41.763
1815, 65.84, 41.78
1816, 65.84, 41.797
1817, 65.85, 41.813
1818, 65.85, 41.813
1819, 65.87, 41.83
1820, 65.88, 41.847
1821, 65.89, 41.863
1822, 65.89, 41.88
1823, 65.9, 41.897
1824, 65.91, 41.913
1825, 65.93, 41.93
1826, 65.94, 41.947
1827, 65.95, 41.963
1828, 65.96, 41.98
1829, 65.96, 41.98
1830, 65.98, 41.997
1831, 65.99, 42.013
1832, 66.01, 42.03
1833, 66.02, 42.047
1834, 66.03, 42.063
1835, 66.04, 42.08
1836, 66.05, 42.097
1837, 66.06, 42.113
1838, 66.08, 42.13
1839, 66.1, 42.147
1840, 66.1, 42.147
1841, 66.11, 42.163
1842, 66.13, 42.18
1843, 66.14, 42.197
1844, 66.15, 42.213
1845, 66.17, 42.23
1846, 66.19, 42.247
1847, 66.2, 42.263
1848, 66.22, 42.28
1849, 66.24, 42.297
1850, 66.25, 42.313
1851, 66.25, 42.313
1852, 66.26, 42.33
1853, 66.27, 42.347
1854, 66.29, 42.363
1855, 66.3, 42.38
1856, 66.32, 42.397
1857, 66.33, 42.413
1858, 66.36, 42.43
1859, 66.39, 42.447
1860, 66.4, 42.463
1861, 66.4, 42.463
1862, 66.41, 42.48
1863, 66.43, 42.497
1864, 66.44, 42.513
1865, 66.45, 42.53
1866, 66.48, 42.547
1867, 66.49, 42.563
1868, 66.5, 42.597
1869, 66.52, 42.613
1870, 66.54, 42.63
1871, 66.54, 42.63
1872, 66.56, 42.647
1873, 66.58, 42.663
1874, 66.6, 42.68
1875, 66.62, 42.697
1876, 66.64, 42.713
1877, 66.67, 42.73
1878, 66.69, 42.747
1879, 66.7, 42.763
1880, 66.71, 42.78
1881, 66.71, 42.78
1882, 66.72, 42.797
1883, 66.72, 42.813
1884, 66.72, 42.83
1885, 66.71, 42.847
1886, 66.68, 42.863
1887, 66.67, 42.88
1888, 66.8, 42.897
1889, 66.88, 42.913
1890, 66.88, 42.913
1891, 66.88, 42.93
1892, 66.8, 42.947
1893, 66.83, 42.963
1894, 66.88, 42.98
1895, 66.88, 42.997
1896, 66.88, 43.013
1897, 66.92, 43.03
1898, 66.94, 43.047
1899, 66.96, 43.063
1900, 66.96, 43.063
1901, 66.99, 43.08
1902, 67, 43.097
1903, 67.01, 43.113
1904, 67.03, 43.13
1905, 67.04, 43.147
1906, 67.06, 43.163
1907, 67.08, 43.18
1908, 67.09, 43.197
1909, 67.09, 43.197
1910, 67.11, 43.213
1911, 67.13, 43.23
1912, 67.15, 43.247
1913, 67.16, 43.263
1914, 67.18, 43.28
1915, 67.2, 43.297
1916, 67.21, 43.313
1917, 67.23, 43.33
1918, 67.23, 43.33
1919, 67.25, 43.347
1920, 67.27, 43.363
1921, 67.29, 43.38
1922, 67.31, 43.397
1923, 67.32, 43.413
1924, 67.34, 43.43
1925, 67.35, 43.447
1926, 67.37, 43.463
1927, 67.39, 43.48
1928, 67.39, 43.48
1929, 67.4, 43.497
1930, 67.42, 43.513
1931, 67.44, 43.53
1932, 67.46, 43.547
1933, 67.48, 43.563
1934, 67.5, 43.58
1935, 67.51, 43.597
1936, 67.53, 43.613
1937, 67.53, 43.613
1938, 67.54, 43.63
1939, 67.56, 43.647
1940, 67.57, 43.663
1941, 67.59, 43.68
1942, 67.6, 43.697
1943, 67.61, 43.713
1944, 67.63, 43.73
1945, 67.63, 43.73
1946, 67.64, 43.747
1947, 67.66, 43.763
1948, 67.67, 43.78
1949, 67.69, 43.797
1950, 67.7, 43.813
1951, 67.72, 43.83
1952, 67.73, 43.847
1953, 67.75, 43.863
1954, 67.75, 43.863
1955, 67.77, 43.88
1956, 67.79, 43.897
1957, 67.81, 43.913
1958, 67.83, 43.93
1959, 67.84, 43.947
1960, 67.85, 43.963
1961, 67.87, 43.98
1962, 67.88, 43.997
1963, 67.88, 43.997
1964, 67.89, 44.013
1965, 67.91, 44.03
1966, 67.92, 44.047
1967, 67.93, 44.063
1968, 67.95, 44.08
1969, 67.96, 44.097
1970, 67.98, 44.113
1971, 67.98, 44.113
1972, 67.99, 44.13
1973, 68.02, 44.147
1974, 68.03, 44.163
1975, 68.05, 44.18
1976, 68.06, 44.197
1977, 68.07, 44.213
1978, 68.08, 44.23
1979, 68.1, 44.247
1980, 68.1, 44.247
1981, 68.11, 44.263
1982, 68.13, 44.28
1983, 68.14, 44.297
1984, 68.16, 44.313
1985, 68.17, 44.33
1986, 68.18, 44.347
1987, 68.2, 44.363
1988, 68.2, 44.363
1989, 68.21, 44.38
1990, 68.22, 44.397
1991, 68.23, 44.413
1992, 68.25, 44.43
1993, 68.26, 44.447
1994, 68.27, 44.463
1995, 68.29, 44.48
1996, 68.29, 44.48
1997, 68.3, 44.497
1998, 68.32, 44.513
1999, 68.33, 44.53
2000, 68.34, 44.547
2001, 68.34, 44.563
2002, 68.35, 44.58
2003, 68.36, 44.597
2004, 68.37, 44.613
2005, 68.37, 44.613
2006, 68.39, 44.63
2007, 68.42, 44.647
2008, 68.44, 44.663
2009, 68.46, 44.68
2010, 68.47, 44.697
2011, 68.48, 44.713
2012, 68.48, 44.73
2013, 68.48, 44.73
2014, 68.49, 44.747
2015, 68.51, 44.763
2016, 68.52, 44.78
2017, 68.53, 44.797
2018, 68.54, 44.813
2019, 68.56, 44.83
2020, 68.57, 44.847
2021, 68.57, 44.847
2022, 68.58, 44.863
2023, 68.59, 44.88
2024, 68.6, 44.897
2025, 68.61, 44.913
2026, 68.63, 44.93
2027, 68.64, 44.947
2028, 68.65, 44.963
2029, 68.65, 44.963
2030, 68.67, 44.98
2031, 68.67, 44.997
2032, 68.68, 45.013
2033, 68.7, 45.03
2034, 68.71, 45.047
2035, 68.72, 45.063
2036, 68.74, 45.08
2037, 68.74, 45.08
2038, 68.75, 45.097
2039, 68.76, 45.113
2040, 68.77, 45.13
2041, 68.78, 45.147
2042, 68.79, 45.163
2043, 68.8, 45.18
2044, 68.8, 45.18
2045, 68.82, 45.197
2046, 68.83, 45.213
2047, 68.84, 45.23
2048, 68.85, 45.247
2049, 68.87, 45.263
2050, 68.88, 45.28
2051, 68.89, 45.297
2052, 68.89, 45.297
2053, 68.9, 45.313
2054, 68.92, 45.33
2055, 68.93, 45.347
2056, 68.94, 45.363
2057, 68.94, 45.38
2058, 68.96, 45.397
2059, 68.97, 45.413
2060, 68.97, 45.413
2061, 68.98, 45.43
2062, 68.97, 45.447
2063, 68.96, 45.463
2064, 68.94, 45.48
2065, 68.92, 45.497
2066, 68.89, 45.513
2067, 68.84, 45.53
2068, 68.84, 45.53
2069, 68.77, 45.547
2070, 68.69, 45.563
2071, 68.59, 45.58
2072, 68.47, 45.597
2073, 68.33, 45.613
2074, 68.16, 45.63
2075, 67.98, 45.647
2076, 67.98, 45.647
2077, 67.77, 45.663
2078, 67.54, 45.68
2079, 67.28, 45.697
2080, 66.98, 45.713
2081, 66.66, 45.73
2082, 66.34, 45.747
2083, 65.99, 45.763
2084, 65.63, 45.78
2085, 65.27, 45.797
2086, 65.27, 45.797
2087, 64.9, 45.813
2088, 64.53, 45.83
2089, 64.16, 45.847
2090, 63.8, 45.863
2091, 63.41, 45.88
2092, 63.03, 45.897
2093, 62.64, 45.913
2094, 62.26, 45.93
2095, 61.88, 45.947
2096, 61.5, 45.963
2097, 61.14, 45.98
2098, 60.76, 45.997
2099, 60.36, 46.013
2100, 59.97, 46.03
2101, 59.59, 46.047
2102, 59.21, 46.063
2103, 58.83, 46.08
2104, 58.47, 46.097
2105, 58.06, 46.113
2106, 57.71, 46.13
2107, 57.35, 46.147
2108, 56.97, 46.163
2109, 56.59, 46.18
2110, 56.21, 46.197
2111, 55.86, 46.213
2112, 55.52, 46.23
2113, 55.17, 46.247
2114, 54.47, 46.28
2115, 54.08, 46.297
2116, 53.74, 46.313
2117, 53.37, 46.33
2118, 52.97, 46.347
2119, 52.53, 46.363
2120, 52.03, 46.38
2121, 51.69, 46.397
2122, 51.11, 46.43
2123, 50.9, 46.447
2124, 50.69, 46.463
2125, 50.5, 46.48
2126, 50.27, 46.497
2127, 49.87, 46.513
2128, 48.91, 46.547
2129, 48.51, 46.563
2130, 48.24, 46.58
2131, 47.97, 46.597
2132, 47.49, 46.63
2133, 47.22, 46.647
2134, 46.95, 46.663
2135, 46.68, 46.68
2136, 46.11, 46.713
2137, 45.84, 46.73
2138, 45.58, 46.747
2139, 44.98, 46.78
2140, 44.71, 46.797
2141, 44.47, 46.813
2142, 43.97, 46.847
2143, 43.72, 46.863
2144, 43.45, 46.88
2145, 42.87, 46.913
2146, 42.62, 46.93
2147, 42.12, 46.963
2148, 41.84, 46.98
2149, 41.33, 47.013
2150, 41.1, 47.03
2151, 40.85, 47.047
2152, 40.34, 47.08
2153, 40.05, 47.097
2154, 39.51, 47.13
2155, 39.27, 47.147
2156, 38.71, 47.18
2157, 38.12, 47.213
2158, 37.85, 47.23
2159, 37.3, 47.263
2160, 37.03, 47.28
2161, 36.45, 47.313
2162, 35.88, 47.347
2163, 35.6, 47.363
2164, 35.07, 47.397
2165, 34.53, 47.43
2166, 34.27, 47.447
2167, 33.71, 47.48
2168, 33.18, 47.513
2169, 32.75, 47.547
2170, 32.1, 47.58
2171, 31.84, 47.597
2172, 31.39, 47.63
2173, 30.84, 47.663
2174, 30.25, 47.697
2175, 29.72, 47.73
2176, 29.24, 47.763
2177, 28.73, 47.797
2178, 28.24, 47.83
2179, 27.6, 47.88
2180, 27.17, 47.913
2181, 26.77, 47.947
2182, 26.41, 47.98
2183, 25.94, 48.03
2184, 25.63, 48.063
2185, 25.33, 48.097
2186, 24.94, 48.147
2187, 24.66, 48.18
2188, 24.27, 48.23
2189, 24.04, 48.263
2190, 23.71, 48.313
2191, 23.48, 48.347
2192, 23.13, 48.397
2193, 22.92, 48.43
2194, 22.6, 48.48
2195, 22.26, 48.53
2196, 22.1, 48.563
2197, 21.82, 48.613
2198, 21.56, 48.663
2199, 21.37, 48.713
2200, 21.23, 48.747
2201, 21.02, 48.797
2202, 20.84, 48.847
2203, 20.65, 48.897
2204, 20.45, 48.947
2205, 20.24, 48.997
2206, 19.98, 49.047
2207, 19.76, 49.097
2208, 19.55, 49.147
2209, 19.23, 49.213
2210, 19.07, 49.263
2211, 18.91, 49.313
2212, 18.74, 49.363
2213, 18.58, 49.413
2214, 18.39, 49.48
2215, 18.26, 49.53
2216, 18.14, 49.58
2217, 18.01, 49.63
2218, 17.86, 49.697
2219, 17.72, 49.747
2220, 17.56, 49.813
2221, 17.41, 49.863
2222, 17.23, 49.93
2223, 17.1, 49.98
2224, 16.93, 50.047
2225, 16.79, 50.097
2226, 16.59, 50.163
2227, 16.42, 50.23
2228, 16.4, 50.28
2229, 16.64, 50.347
2230, 16.78, 50.397
2231, 17.07, 50.463
2232, 17.36, 50.513
2233, 17.54, 50.58
2234, 17.77, 50.63
2235, 18.02, 50.68
2236, 18.36, 50.747
2237, 18.62, 50.797
2238, 18.93, 50.847
2239, 19.19, 50.897
2240, 19.56, 50.947
2241, 19.9, 50.997
2242, 20.29, 51.047
2243, 20.78, 51.097
2244, 21.16, 51.147
2245, 21.61, 51.197
2246, 22.02, 51.247
2247, 22.28, 51.28
2248, 22.63, 51.33
2249, 23.08, 51.38
2250, 23.46, 51.413
2251, 23.81, 51.463
2252, 23.97, 51.497
2253, 24.42, 51.547
2254, 24.74, 51.58
2255, 25.18, 51.63
2256, 25.42, 51.663
2257, 25.72, 51.697
2258, 26.18, 51.747
2259, 26.44, 51.78
2260, 26.72, 51.813
2261, 27.19, 51.863
2262, 27.46, 51.897
2263, 27.72, 51.93
2264, 28.02, 51.963
2265, 28.32, 51.997
2266, 28.71, 52.047
2267, 28.97, 52.08
2268, 29.22, 52.113
2269, 29.42, 52.147
2270, 29.63, 52.18
2271, 29.88, 52.213
2272, 30.21, 52.247
2273, 30.55, 52.28
2274, 30.78, 52.313
2275, 30.91, 52.347
2276, 31.01, 52.38
2277, 31.36, 52.413
2278, 31.55, 52.447
2279, 31.67, 52.463
2280, 31.91, 52.497
2281, 32.13, 52.53
2282, 32.37, 52.563
2283, 32.63, 52.597
2284, 32.83, 52.63
2285, 33.03, 52.663
2286, 33.16, 52.68
2287, 33.4, 52.713
2288, 33.62, 52.747
2289, 33.84, 52.78
2290, 34.08, 52.813
2291, 34.19, 52.83
2292, 34.41, 52.863
2293, 34.63, 52.897
2294, 34.74, 52.913
2295, 34.97, 52.947
2296, 35.17, 52.98
2297, 35.38, 53.013
2298, 35.5, 53.03
2299, 35.73, 53.063
2300, 35.93, 53.097
2301, 36.03, 53.113
2302, 36.3, 53.147
2303, 36.48, 53.18
2304, 36.57, 53.197
2305, 36.82, 53.23
2306, 36.94, 53.247
2307, 37.14, 53.28
2308, 37.32, 53.313
2309, 37.38, 53.33
2310, 37.62, 53.363
2311, 37.79, 53.38
2312, 38, 53.413
2313, 38.13, 53.447
2314, 38.21, 53.463
2315, 38.4, 53.497
2316, 38.51, 53.513
2317, 38.73, 53.547
2318, 38.81, 53.563
2319, 39, 53.597
2320, 39.11, 53.613
2321, 39.27, 53.647
2322, 39.43, 53.68
2323, 39.51, 53.697
2324, 39.67, 53.73
2325, 39.74, 53.747
2326, 39.91, 53.78
2327, 39.92, 53.797
2328, 40.04, 53.83
2329, 40.21, 53.847
2330, 40.34, 53.88
2331, 40.41, 53.897
2332, 40.5, 53.913
2333, 40.67, 53.947
2334, 40.77, 53.963
2335, 40.93, 53.997
2336, 41, 54.013
2337, 41.18, 54.047
2338, 41.27, 54.063
2339, 41.43, 54.097
2340, 41.5, 54.113
2341, 41.68, 54.147
2342, 41.77, 54.163
2343, 41.85, 54.18
2344, 42, 54.213
2345, 42.08, 54.23
2346, 42.25, 54.263
2347, 42.34, 54.28
2348, 42.42, 54.297
2349, 42.57, 54.33
2350, 42.64, 54.347
2351, 42.8, 54.38
2352, 42.89, 54.397
2353, 42.97, 54.413
2354, 43.12, 54.447
2355, 43.2, 54.463
2356, 43.36, 54.497
2357, 43.43, 54.513
2358, 43.51, 54.53
2359, 43.65, 54.563
2360, 43.73, 54.58
2361, 43.82, 54.597
2362, 43.98, 54.63
2363, 44.05, 54.647
2364, 44.11, 54.663
2365, 44.25, 54.697
2366, 44.33, 54.713
2367, 44.39, 54.73
2368, 44.56, 54.763
2369, 44.66, 54.78
2370, 44.73, 54.797
2371, 44.84, 54.83
2372, 44.92, 54.847
2373, 44.98, 54.863
2374, 44.98, 54.897
2375, 44.94, 54.913
2376, 44.87, 54.93
2377, 44.67, 54.963
2378, 44.53, 54.98
2379, 44.38, 54.997
2380, 44.09, 55.03
2381, 43.86, 55.047
2382, 43.68, 55.063
2383, 43.38, 55.097
2384, 43.11, 55.113
2385, 42.91, 55.13
2386, 42.45, 55.163
2387, 42.23, 55.18
2388, 41.83, 55.213
2389, 41.65, 55.23
2390, 41.46, 55.247
2391, 41.03, 55.28
2392, 40.84, 55.297
2393, 40.49, 55.33
2394, 40.29, 55.347
2395, 39.54, 55.38
2396, 39.28, 55.397
2397, 38.93, 55.43
2398, 38.76, 55.447
2399, 38.43, 55.48
2400, 38.24, 55.497
2401, 37.86, 55.53
2402, 37.46, 55.563
2403, 37.2, 55.58
2404, 36.74, 55.613
2405, 36.56, 55.63
2406, 36.17, 55.663
2407, 35.8, 55.697
2408, 35.62, 55.713
2409, 35.23, 55.747
2410, 34.84, 55.78
2411, 34.5, 55.813
2412, 34.33, 55.83
2413, 33.98, 55.863
2414, 33.65, 55.897
2415, 33.36, 55.93
2416, 33.22, 55.947
2417, 32.93, 55.98
2418, 32.67, 56.013
2419, 32.42, 56.047
2420, 32.18, 56.08
2421, 31.96, 56.113
2422, 31.84, 56.13
2423, 31.61, 56.163
2424, 31.39, 56.197
2425, 31.2, 56.23
2426, 30.97, 56.263
2427, 30.74, 56.297
2428, 30.53, 56.33
2429, 30.31, 56.363
2430, 30.11, 56.397
2431, 29.9, 56.43
2432, 29.66, 56.463
2433, 29.47, 56.497
2434, 29.29, 56.53
2435, 29.11, 56.563
2436, 28.97, 56.597
2437, 28.85, 56.63
2438, 28.69, 56.663
2439, 28.6, 56.697
2440, 28.52, 56.73
2441, 28.46, 56.763
2442, 28.39, 56.797
2443, 28.32, 56.83
2444, 28.26, 56.863
2445, 28.16, 56.913
2446, 28.09, 56.947
2447, 28.02, 56.98
2448, 27.95, 57.013
2449, 27.89, 57.047
2450, 27.8, 57.08
2451, 27.68, 57.113
2452, 27.59, 57.147
2453, 27.5, 57.18
2454, 27.44, 57.213
2455, 27.34, 57.263
2456, 27.28, 57.297
2457, 27.21, 57.33
2458, 27.13, 57.363
2459, 27.07, 57.397
2460, 27, 57.447
2461, 27.06, 57.48
2462, 27.08, 57.513
2463, 27.12, 57.547
2464, 27.09, 57.58
2465, 27.11, 57.63
2466, 27.11, 57.663
2467, 27.23, 57.697
2468, 27.42, 57.73
2469, 27.47, 57.78
2470, 27.48, 57.813
2471, 27.52, 57.847
2472, 27.6, 57.88
2473, 27.78, 57.913
2474, 27.96, 57.947
2475, 28.19, 57.997
2476, 28.38, 58.03
2477, 28.51, 58.063
2478, 28.68, 58.097
2479, 28.82, 58.13
2480, 28.91, 58.163
2481, 29.09, 58.197
2482, 29.26, 58.23
2483, 29.52, 58.28
2484, 29.7, 58.313
2485, 29.9, 58.347
2486, 30.16, 58.38
2487, 30.39, 58.413
2488, 30.63, 58.447
2489, 30.88, 58.48
2490, 31.13, 58.513
2491, 31.25, 58.53
2492, 31.47, 58.563
2493, 31.71, 58.597
2494, 31.95, 58.63
2495, 32.18, 58.663
2496, 32.42, 58.697
2497, 32.64, 58.73
2498, 32.88, 58.763
2499, 33.01, 58.78
2500, 33.25, 58.813
2501, 33.46, 58.847
2502, 33.69, 58.88
2503, 33.91, 58.913
2504, 34.02, 58.93
2505, 34.24, 58.963
2506, 34.46, 58.997
2507, 34.68, 59.03
2508, 34.79, 59.047
2509, 35.01, 59.08
2510, 35.24, 59.113
2511, 35.46, 59.147
2512, 35.57, 59.163
2513, 35.78, 59.197
2514, 36, 59.23
2515, 36.12, 59.247
2516, 36.34, 59.28
2517, 36.55, 59.313
2518, 36.65, 59.33
2519, 36.87, 59.363
2520, 36.97, 59.38
2521, 37.17, 59.413
2522, 37.39, 59.447
2523, 37.5, 59.463
2524, 37.7, 59.497
2525, 37.8, 59.513
2526, 38, 59.547
2527, 38.2, 59.58
2528, 38.3, 59.597
2529, 38.47, 59.63
2530, 38.56, 59.647
2531, 38.81, 59.68
2532, 38.92, 59.697
2533, 39.09, 59.73
2534, 39.26, 59.763
2535, 39.37, 59.78
2536, 39.58, 59.813
2537, 39.67, 59.83
2538, 39.86, 59.863
2539, 39.86, 59.88
2540, 39.94, 59.913
2541, 40.09, 59.93
2542, 40.28, 59.963
2543, 40.39, 59.98
2544, 40.56, 60.013
2545, 40.63, 60.03
2546, 40.81, 60.063
2547, 40.9, 60.08
2548, 40.98, 60.097
2549, 41.14, 60.13
2550, 41.23, 60.147
2551, 41.39, 60.18
2552, 41.47, 60.197
2553, 41.63, 60.23
2554, 41.71, 60.247
2555, 41.88, 60.28
2556, 41.97, 60.297
2557, 42.04, 60.313
2558, 42.2, 60.347
2559, 42.29, 60.363
2560, 42.45, 60.397
2561, 42.52, 60.413
2562, 42.68, 60.447
2563, 42.77, 60.463
2564, 42.86, 60.48
2565, 42.98, 60.513
2566, 43.05, 60.53
2567, 43.24, 60.563
2568, 43.31, 60.58
2569, 43.38, 60.597
2570, 43.54, 60.63
2571, 43.62, 60.647
2572, 43.67, 60.663
2573, 43.84, 60.697
2574, 43.94, 60.713
2575, 44.08, 60.747
2576, 44.15, 60.763
2577, 44.23, 60.78
2578, 44.4, 60.813
2579, 44.48, 60.83
2580, 44.55, 60.847
2581, 44.69, 60.88
2582, 44.77, 60.897
2583, 44.85, 60.913
2584, 45.01, 60.947
2585, 45.08, 60.963
2586, 45.15, 60.98
2587, 45.3, 61.013
2588, 45.37, 61.03
2589, 45.45, 61.047
2590, 45.6, 61.08
2591, 45.67, 61.097
2592, 45.75, 61.113
2593, 45.89, 61.147
2594, 45.97, 61.163
2595, 46.04, 61.18
2596, 46.11, 61.197
2597, 46.26, 61.23
2598, 46.34, 61.247
2599, 46.41, 61.263
2600, 46.56, 61.297
2601, 46.64, 61.313
2602, 46.71, 61.33
2603, 46.78, 61.347
2604, 46.92, 61.38
2605, 46.99, 61.397
2606, 47.06, 61.413
2607, 47.2, 61.447
2608, 47.27, 61.463
2609, 47.34, 61.48
2610, 47.41, 61.497
2611, 47.55, 61.53
2612, 47.62, 61.547
2613, 47.68, 61.563
2614, 47.75, 61.58
2615, 47.88, 61.613
2616, 47.94, 61.63
2617, 48.01, 61.647
2618, 48.09, 61.663
2619, 48.21, 61.697
2620, 48.28, 61.713
2621, 48.35, 61.73
2622, 48.43, 61.747
2623, 48.56, 61.78
2624, 48.62, 61.797
2625, 48.69, 61.813
2626, 48.75, 61.83
2627, 48.88, 61.863
2628, 48.94, 61.88
2629, 49.01, 61.897
2630, 49.08, 61.913
2631, 49.14, 61.93
2632, 49.27, 61.963
2633, 49.33, 61.98
2634, 49.4, 61.997
2635, 49.46, 62.013
2636, 49.58, 62.047
2637, 49.64, 62.063
2638, 49.7, 62.08
2639, 49.76, 62.097
2640, 49.81, 62.113
2641, 49.9, 62.147
2642, 49.94, 62.163
2643, 49.97, 62.18
2644, 50, 62.197
2645, 50.03, 62.213
2646, 50.08, 62.247
2647, 50.09, 62.263
2648, 50.1, 62.28
2649, 50.08, 62.297
2650, 50.04, 62.313
2651, 50.29, 62.347
2652, 50.29, 62.363
2653, 50.32, 62.38
2654, 50.39, 62.397
2655, 50.47, 62.413
2656, 50.57, 62.447
2657, 50.63, 62.463
2658, 50.69, 62.48
2659, 50.75, 62.497
2660, 50.8, 62.513
2661, 50.86, 62.53
2662, 50.98, 62.563
2663, 51.04, 62.58
2664, 51.09, 62.58
2665, 51.14, 62.597
2666, 51.2, 62.613
2667, 51.25, 62.63
2668, 51.35, 62.663
2669, 51.4, 62.68
2670, 51.45, 62.697
2671, 51.5, 62.713
2672, 51.57, 62.73
2673, 51.64, 62.747
2674, 51.74, 62.78
2675, 51.8, 62.797
2676, 51.85, 62.813
2677, 51.9, 62.83
2678, 51.95, 62.847
2679, 52.01, 62.863
2680, 52.12, 62.897
2681, 52.18, 62.913
2682, 52.23, 62.93
2683, 52.28, 62.947
2684, 52.33, 62.963
2685, 52.38, 62.98
2686, 52.43, 62.997
2687, 52.54, 63.03
2688, 52.6, 63.047
2689, 52.66, 63.063
2690, 52.7, 63.08
2691, 52.75, 63.097
2692, 52.8, 63.113
2693, 52.86, 63.13
2694, 52.98, 63.163
2695, 53.03, 63.18
2696, 53.08, 63.197
2697, 53.11, 63.213
2698, 53.15, 63.23
2699, 53.18, 63.247
2700, 53.2, 63.263
2701, 53.23, 63.297
2702, 53.32, 63.313
2703, 53.44, 63.33
2704, 53.54, 63.347
2705, 53.56, 63.363
2706, 53.58, 63.38
2707, 53.63, 63.397
2708, 53.68, 63.413
2709, 53.76, 63.447
2710, 53.82, 63.463
2711, 53.88, 63.48
2712, 53.93, 63.497
2713, 53.98, 63.513
2714, 54.04, 63.53
2715, 54.08, 63.547
2716, 54.13, 63.563
2717, 54.17, 63.58
2718, 54.27, 63.613
2719, 54.32, 63.63
2720, 54.37, 63.647
2721, 54.42, 63.663
2722, 54.47, 63.68
2723, 54.51, 63.697
2724, 54.56, 63.713
2725, 54.61, 63.73
2726, 54.65, 63.747
2727, 54.7, 63.763
2728, 54.79, 63.797
2729, 54.84, 63.813
2730, 54.88, 63.83
2731, 54.93, 63.847
2732, 54.98, 63.863
2733, 55.02, 63.88
2734, 55.06, 63.897
2735, 55.11, 63.913
2736, 55.15, 63.93
2737, 55.19, 63.947
2738, 55.29, 63.98
2739, 55.33, 63.997
2740, 55.37, 64.013
2741, 55.42, 64.03
2742, 55.46, 64.047
2743, 55.5, 64.063
2744, 55.54, 64.08
2745, 55.59, 64.097
2746, 55.63, 64.113
2747, 55.67, 64.13
2748, 55.71, 64.147
2749, 55.75, 64.163
2750, 55.8, 64.18
2751, 55.88, 64.213
2752, 55.92, 64.23
2753, 55.96, 64.247
2754, 56, 64.263
2755, 56.04, 64.28
2756, 56.08, 64.297
2757, 56.12, 64.313
2758, 56.16, 64.33
2759, 56.19, 64.347
2760, 56.23, 64.363
2761, 56.27, 64.38
2762, 56.31, 64.397
2763, 56.35, 64.413
2764, 56.39, 64.43
2765, 56.48, 64.463
2766, 56.52, 64.48
2767, 56.56, 64.497
2768, 56.6, 64.513
2769, 56.64, 64.53
2770, 56.68, 64.547
2771, 56.72, 64.563
2772, 56.76, 64.58
2773, 56.8, 64.597
2774, 56.84, 64.613
2775, 56.88, 64.63
2776, 56.91, 64.647
2777, 56.95, 64.663
2778, 56.99, 64.68
2779, 57.03, 64.697
2780, 57.06, 64.713
2781, 57.14, 64.747
2782, 57.17, 64.763
2783, 57.2, 64.78
2784, 57.24, 64.797
2785, 57.28, 64.813
2786, 57.32, 64.83
2787, 57.35, 64.847
2788, 57.39, 64.863
2789, 57.42, 64.88
2790, 57.45, 64.897
2791, 57.49, 64.913
2792, 57.53, 64.93
2793, 57.56, 64.947
2794, 57.6, 64.963
2795, 57.64, 64.98
2796, 57.68, 64.997
2797, 57.71, 65.013
2798, 57.75, 65.03
2799, 57.78, 65.047
2800, 57.82, 65.063
2801, 57.85, 65.08
2802, 57.89, 65.097
2803, 57.92, 65.113
2804, 57.99, 65.147
2805, 58.02, 65.163
2806, 58.05, 65.18
2807, 58.09, 65.197
2808, 58.12, 65.213
2809, 58.15, 65.23
2810, 58.18, 65.247
2811, 58.22, 65.263
2812, 58.26, 65.28
2813, 58.29, 65.297
2814, 58.32, 65.313
2815, 58.35, 65.33
2816, 58.38, 65.347
2817, 58.41, 65.363
2818, 58.45, 65.38
2819, 58.48, 65.397
2820, 58.5, 65.413
2821, 58.51, 65.43
2822, 58.5, 65.447
2823, 58.5, 65.463
2824, 58.48, 65.48
2825, 58.43, 65.497
2826, 58.38, 65.513
2827, 58.31, 65.53
2828, 58.2, 65.547
2829, 58.07, 65.563
2830, 57.91, 65.58
2831, 57.73, 65.597
2832, 57.54, 65.613
2833, 57.33, 65.63
2834, 57.09, 65.647
2835, 56.56, 65.68
2836, 56.27, 65.697
2837, 56, 65.713
2838, 55.7, 65.73
2839, 55.38, 65.747
2840, 55.09, 65.763
2841, 54.78, 65.78
2842, 54.44, 65.797
2843, 54.11, 65.813
2844, 53.79, 65.83
2845, 53.45, 65.847
2846, 52.79, 65.88
2847, 52.47, 65.897
2848, 52.13, 65.913
2849, 51.82, 65.93
2850, 51.52, 65.947
2851, 51.22, 65.963
2852, 50.9, 65.98
2853, 50.25, 66.013
2854, 49.93, 66.03
2855, 49.61, 66.047
2856, 49.28, 66.063
2857, 48.96, 66.08
2858, 48.33, 66.113
2859, 48.03, 66.13
2860, 47.73, 66.147
2861, 47.44, 66.163
2862, 46.85, 66.197
2863, 46.56, 66.213
2864, 46.27, 66.23
2865, 45.56, 66.263
2866, 45.19, 66.28
2867, 44.88, 66.297
2868, 44.33, 66.33
2869, 44.04, 66.347
2870, 43.75, 66.363
2871, 43.24, 66.397
2872, 42.97, 66.413
2873, 42.69, 66.43
2874, 42.09, 66.463
2875, 41.79, 66.48
2876, 41.28, 66.513
2877, 41.03, 66.53
2878, 40.54, 66.563
2879, 40.33, 66.58
2880, 39.8, 66.613
2881, 39.55, 66.63
2882, 39.1, 66.663
2883, 38.81, 66.68
2884, 38.27, 66.713
2885, 38.02, 66.73
2886, 37.55, 66.763
2887, 37.01, 66.797
2888, 36.72, 66.813
2889, 36.21, 66.847
2890, 35.97, 66.863
2891, 35.45, 66.897
2892, 34.96, 66.93
2893, 34.49, 66.963
2894, 34.25, 66.98
2895, 33.77, 67.013
2896, 33.29, 67.047
2897, 32.78, 67.08
2898, 32.52, 67.097
2899, 32.03, 67.13
2900, 31.55, 67.163
2901, 31.05, 67.197
2902, 30.6, 67.23
2903, 30.15, 67.263
2904, 29.71, 67.297
2905, 29.25, 67.33
2906, 28.78, 67.363
2907, 28.32, 67.397
2908, 27.82, 67.43
2909, 27.18, 67.48
2910, 26.73, 67.513
2911, 26.3, 67.547
2912, 25.91, 67.58
2913, 25.35, 67.63
2914, 24.99, 67.663
2915, 24.65, 67.697
2916, 24.2, 67.747
2917, 23.93, 67.78
2918, 23.5, 67.83
2919, 23.18, 67.88
2920, 22.97, 67.913
2921, 22.62, 67.963
2922, 22.43, 67.997
2923, 22.17, 68.047
2924, 21.91, 68.097
2925, 21.71, 68.147
2926, 21.57, 68.18
2927, 21.38, 68.23
2928, 21.3, 68.28
2929, 21.24, 68.33
2930, 21.18, 68.38
2931, 21.11, 68.43
2932, 21.07, 68.463
2933, 21.01, 68.513
2934, 20.98, 68.563
2935, 20.92, 68.613
2936, 20.88, 68.647
2937, 20.83, 68.697
2938, 20.76, 68.747
2939, 20.72, 68.78
2940, 20.65, 68.83
2941, 20.56, 68.88
2942, 20.37, 68.93
2943, 20.28, 68.963
2944, 20.18, 69.013
2945, 20.04, 69.063
2946, 19.88, 69.113
2947, 19.77, 69.163
2948, 19.59, 69.213
2949, 19.41, 69.263
2950, 19.35, 69.313
2951, 19.23, 69.363
2952, 19.1, 69.413
2953, 18.98, 69.463
2954, 18.85, 69.513
2955, 18.75, 69.563
2956, 18.63, 69.613
2957, 18.63, 69.663
2958, 18.68, 69.73
2959, 18.64, 69.78
2960, 18.78, 69.83
2961, 18.83, 69.88
2962, 18.95, 69.93
2963, 19.17, 69.98
2964, 19.29, 70.03
2965, 19.5, 70.08
2966, 19.75, 70.13
2967, 19.94, 70.18
2968, 20.21, 70.23
2969, 20.46, 70.28
2970, 20.73, 70.33
2971, 21, 70.38
2972, 21.33, 70.43
2973, 21.68, 70.48
2974, 21.9, 70.513
2975, 22.27, 70.563
2976, 22.64, 70.613
2977, 22.89, 70.647
2978, 23.34, 70.697
2979, 23.66, 70.73
2980, 23.94, 70.78
2981, 24.22, 70.813
2982, 24.71, 70.863
2983, 24.9, 70.897
2984, 25.23, 70.947
2985, 25.52, 70.98
2986, 25.81, 71.013
2987, 26.14, 71.063
2988, 26.42, 71.097
2989, 26.69, 71.13
2990, 26.96, 71.163
2991, 27.37, 71.213
2992, 27.66, 71.247
2993, 27.92, 71.28
2994, 28.18, 71.313
2995, 28.47, 71.347
2996, 28.88, 71.397
2997, 29.15, 71.43
2998, 29.43, 71.463
2999, 29.69, 71.497
3000, 29.96, 71.53
3001, 30.22, 71.563
3002, 30.22, 71.597
3003, 30.48, 71.63
3004, 30.68, 71.663
3005, 30.94, 71.697
3006, 31.18, 71.73
3007, 31.39, 71.763
3008, 31.51, 71.78
3009, 31.74, 71.813
3010, 31.99, 71.847
3011, 32.22, 71.88
3012, 32.45, 71.913
3013, 32.7, 71.947
3014, 32.92, 71.98
3015, 33.14, 72.013
3016, 33.27, 72.03
3017, 33.51, 72.063
3018, 33.72, 72.097
3019, 33.95, 72.13
3020, 34.17, 72.163
3021, 34.28, 72.18
3022, 34.51, 72.213
3023, 34.77, 72.247
3024, 34.9, 72.263
3025, 35.12, 72.297
3026, 35.34, 72.33
3027, 35.57, 72.363
3028, 35.67, 72.38
3029, 35.88, 72.413
3030, 36.09, 72.447
3031, 36.22, 72.463
3032, 36.46, 72.497
3033, 36.67, 72.53
3034, 36.77, 72.547
3035, 36.98, 72.597
3036, 37.11, 72.613
3037, 37.33, 72.647
3038, 37.54, 72.68
3039, 37.65, 72.697
3040, 37.87, 72.73
3041, 37.97, 72.747
3042, 38.17, 72.78
3043, 38.38, 72.813
3044, 38.48, 72.83
3045, 38.69, 72.863
3046, 38.8, 72.88
3047, 39.01, 72.913
3048, 39.11, 72.93
3049, 39.3, 72.963
3050, 39.4, 72.98
3051, 39.6, 73.013
3052, 39.7, 73.03
3053, 39.89, 73.063
3054, 39.99, 73.08
3055, 40.18, 73.113
3056, 40.27, 73.13
3057, 40.43, 73.163
3058, 40.5, 73.18
3059, 40.62, 73.213
3060, 40.67, 73.23
3061, 40.75, 73.263
3062, 40.77, 73.28
3063, 40.74, 73.313
3064, 40.87, 73.33
3065, 41.15, 73.363
3066, 41.2, 73.38
3067, 41.37, 73.413
3068, 41.46, 73.43
3069, 41.63, 73.463
3070, 41.71, 73.48
3071, 41.8, 73.497
3072, 41.97, 73.53
3073, 42.06, 73.547
3074, 42.23, 73.58
3075, 42.31, 73.597
3076, 42.48, 73.63
3077, 42.57, 73.647
3078, 42.65, 73.663
3079, 42.82, 73.697
3080, 42.9, 73.713
3081, 43.07, 73.747
3082, 43.15, 73.763
3083, 43.24, 73.78
3084, 43.41, 73.813
3085, 43.49, 73.83
3086, 43.65, 73.863
3087, 43.73, 73.88
3088, 43.81, 73.897
3089, 43.97, 73.93
3090, 44.06, 73.947
3091, 44.14, 73.963
3092, 44.3, 73.997
3093, 44.38, 74.013
3094, 44.47, 74.03
3095, 44.63, 74.063
3096, 44.71, 74.08
3097, 44.79, 74.097
3098, 44.95, 74.13
3099, 45.03, 74.147
3100, 45.1, 74.163
3101, 45.27, 74.197
3102, 45.35, 74.213
3103, 45.43, 74.23
3104, 45.59, 74.263
3105, 45.67, 74.28
3106, 45.75, 74.297
3107, 45.91, 74.33
3108, 45.98, 74.347
3109, 46.06, 74.363
3110, 46.21, 74.397
3111, 46.29, 74.413
3112, 46.37, 74.43
3113, 46.53, 74.463
3114, 46.6, 74.48
3115, 46.68, 74.497
3116, 46.76, 74.513
3117, 46.91, 74.547
3118, 46.99, 74.563
3119, 47.06, 74.58
3120, 47.13, 74.597
3121, 47.28, 74.63
3122, 47.36, 74.647
3123, 47.43, 74.663
3124, 47.58, 74.697
3125, 47.65, 74.713
3126, 47.73, 74.73
3127, 47.8, 74.747
3128, 47.94, 74.78
3129, 48.01, 74.797
3130, 48.08, 74.813
3131, 48.15, 74.83
3132, 48.29, 74.863
3133, 48.37, 74.88
3134, 48.44, 74.897
3135, 48.5, 74.913
3136, 48.64, 74.947
3137, 48.71, 74.963
3138, 48.78, 74.98
3139, 48.85, 74.997
3140, 48.92, 75.013
3141, 49.04, 75.047
3142, 49.04, 75.063
3143, 49, 75.08
3144, 49.14, 75.097
3145, 49.29, 75.13
3146, 49.33, 75.147
3147, 49.4, 75.163
3148, 49.47, 75.18
3149, 49.53, 75.197
3150, 49.65, 75.23
3151, 49.71, 75.247
3152, 49.77, 75.263
3153, 49.83, 75.28
3154, 49.89, 75.297
3155, 50.01, 75.33
3156, 50.06, 75.347
3157, 50.12, 75.363
3158, 50.18, 75.38
3159, 50.24, 75.397
3160, 50.37, 75.43
3161, 50.43, 75.447
3162, 50.48, 75.463
3163, 50.54, 75.48
3164, 50.6, 75.497
3165, 50.71, 75.53
3166, 50.77, 75.547
3167, 50.83, 75.563
3168, 50.88, 75.58
3169, 50.94, 75.597
3170, 51.06, 75.63
3171, 51.12, 75.647
3172, 51.18, 75.663
3173, 51.24, 75.68
3174, 51.29, 75.697
3175, 51.34, 75.713
3176, 51.47, 75.747
3177, 51.53, 75.763
3178, 51.59, 75.78
3179, 51.64, 75.797
3180, 51.7, 75.813
3181, 51.75, 75.83
3182, 51.87, 75.863
3183, 51.92, 75.88
3184, 51.98, 75.897
3185, 52.04, 75.913
3186, 52.1, 75.93
3187, 52.17, 75.947
3188, 52.23, 75.963
3189, 52.32, 75.997
3190, 52.36, 76.013
3191, 52.4, 76.03
3192, 52.45, 76.047
3193, 52.52, 76.063
3194, 52.59, 76.08
3195, 52.66, 76.097
3196, 52.76, 76.13
3197, 52.82, 76.147
3198, 52.88, 76.163
3199, 52.93, 76.18
3200, 52.98, 76.197
3201, 53.04, 76.213
3202, 53.09, 76.23
3203, 53.21, 76.263
3204, 53.27, 76.28
3205, 53.32, 76.297
3206, 53.37, 76.313
3207, 53.42, 76.33
3208, 53.47, 76.347
3209, 53.52, 76.363
3210, 53.58, 76.38
3211, 53.69, 76.413
3212, 53.75, 76.43
3213, 53.75, 76.43
