0, 38.81, 87.141
1, 38.86, 87.157
2, 38.97, 87.191
3, 39.07, 87.224
4, 39.12, 87.241
5, 39.21, 87.274
6, 39.27, 87.291
7, 39.39, 87.324
8, 39.45, 87.341
9, 39.56, 87.374
10, 39.61, 87.391
11, 39.71, 87.424
12, 39.76, 87.441
13, 39.87, 87.474
14, 39.92, 87.491
15, 40.03, 87.524
16, 40.08, 87.541
17, 40.18, 87.574
18, 40.23, 87.591
19, 40.33, 87.624
20, 40.38, 87.641
21, 40.49, 87.674
22, 40.54, 87.691
23, 40.64, 87.724
24, 40.69, 87.741
25, 40.79, 87.774
26, 40.83, 87.791
27, 40.93, 87.824
28, 40.98, 87.841
29, 41.08, 87.874
30, 41.13, 87.891
31, 41.18, 87.907
32, 41.27, 87.941
33, 41.32, 87.957
34, 41.42, 87.991
35, 41.47, 88.007
36, 41.46, 88.041
37, 41.46, 88.057
38, 41.58, 88.091
39, 41.61, 88.107
40, 41.65, 88.124
41, 41.75, 88.157
42, 41.8, 88.174
43, 41.9, 88.207
44, 41.94, 88.224
45, 42.03, 88.257
46, 42.08, 88.274
47, 42.12, 88.291
48, 42.21, 1.209
49, 42.26, 1.226
50, 42.36, 1.259
51, 42.4, 1.276
52, 42.49, 1.309
53, 42.54, 1.326
54, 42.58, 1.342
55, 42.66, 1.376
56, 42.71, 1.392
57, 42.81, 1.426
58, 42.86, 1.442
59, 42.9, 1.459
60, 42.99, 1.492
61, 43.04, 1.509
62, 43.13, 1.542
63, 43.18, 1.559
64, 43.22, 1.576
65, 43.31, 1.609
66, 43.36, 1.626
67, 43.45, 1.659
68, 43.5, 1.676
69, 43.54, 1.692
70, 43.63, 1.726
71, 43.68, 1.742
72, 43.72, 1.759
73, 43.81, 1.792
74, 43.86, 1.809
75, 43.95, 1.842
76, 43.99, 1.859
77, 44.03, 1.876
78, 44.12, 1.909
79, 44.17, 1.926
80, 44.21, 1.942
81, 44.3, 1.976
82, 44.34, 1.992
83, 44.39, 2.009
84, 44.48, 2.042
85, 44.52, 2.059
86, 44.56, 2.076
87, 44.64, 2.109
88, 44.68, 2.126
89, 44.77, 2.159
90, 44.82, 2.176
91, 44.86, 2.192
92, 44.94, 2.226
93, 44.98, 2.242
94, 45.02, 2.259
95, 45.11, 2.292
96, 45.15, 2.309
97, 45.19, 2.326
98, 45.28, 2.359
99, 45.32, 2.376
100, 45.36, 2.392
101, 45.41, 2.409
102, 45.49, 2.442
103, 45.52, 2.459
104, 45.56, 2.476
105, 45.64, 2.509
106, 45.68, 2.526
107, 45.71, 2.542
108, 45.76, 2.576
109, 45.78, 2.592
110, 45.79, 2.609
111, 45.79, 2.642
112, 45.78, 2.659
113, 45.77, 2.676
114, 45.72, 2.709
115, 45.69, 2.726
116, 45.64, 2.742
117, 45.52, 2.776
118, 45.45, 2.792
119, 45.36, 2.809
120, 45.26, 2.826
121, 45.03, 2.859
122, 44.9, 2.876
123, 44.77, 2.892
124, 44.5, 2.926
125, 44.35, 2.942
126, 44.06, 2.976
127, 43.91, 2.992
128, 43.76, 3.009
129, 43.47, 3.042
130, 43.31, 3.059
131, 43.15, 3.076
132, 42.84, 3.109
133, 42.69, 3.126
134, 42.41, 3.159
135, 42.28, 3.176
136, 42.15, 3.192
137, 41.89, 3.226
138, 41.77, 3.242
139, 41.54, 3.276
140, 41.43, 3.292
141, 41.23, 3.326
142, 41.12, 3.342
143, 40.89, 3.376
144, 40.79, 3.392
145, 40.62, 3.426
146, 40.55, 3.442
147, 40.48, 3.459
148, 40.37, 3.492
149, 40.32, 3.509
150, 40.27, 3.542
151, 40.25, 3.559
152, 40.21, 3.592
153, 40.19, 3.609
154, 40.15, 3.642
155, 40.14, 3.659
156, 40.11, 3.692
157, 40.09, 3.709
158, 40.05, 3.742
159, 40.02, 3.759
160, 39.95, 3.792
161, 39.91, 3.809
162, 39.84, 3.842
163, 39.77, 3.876
164, 39.74, 3.892
165, 39.67, 3.926
166, 39.63, 3.942
167, 39.56, 3.976
168, 39.53, 3.992
169, 39.46, 4.026
170, 39.42, 4.042
171, 39.35, 4.076
172, 39.32, 4.092
173, 39.25, 4.126
174, 39.21, 4.142
175, 39.14, 4.176
176, 39.11, 4.192
177, 39.03, 4.226
178, 38.99, 4.242
179, 38.9, 4.276
180, 38.86, 4.292
181, 38.79, 4.326
182, 38.72, 4.359
183, 38.69, 4.376
184, 38.61, 4.409
185, 38.57, 4.426
186, 38.49, 4.459
187, 38.45, 4.476
188, 38.37, 4.509
189, 38.33, 4.526
190, 38.25, 4.559
191, 38.18, 4.592
192, 38.14, 4.609
193, 38.06, 4.642
194, 38.02, 4.659
195, 37.94, 4.692
196, 37.9, 4.709
197, 37.82, 4.742
198, 37.74, 4.776
199, 37.7, 4.792
200, 37.62, 4.826
201, 37.58, 4.842
202, 37.51, 4.876
203, 37.43, 4.909
204, 37.39, 4.926
205, 37.32, 4.959
206, 37.24, 4.992
207, 37.2, 5.009
208, 37.12, 5.042
209, 37.08, 5.059
210, 37, 5.092
211, 36.93, 5.126
212, 36.89, 5.142
213, 36.82, 5.176
214, 36.74, 5.209
215, 36.7, 5.226
216, 36.61, 5.259
217, 36.53, 5.292
218, 36.48, 5.309
219, 36.4, 5.342
220, 36.36, 5.359
221, 36.28, 5.392
222, 36.19, 5.426
223, 36.11, 5.459
224, 36.06, 5.476
225, 35.95, 5.509
226, 35.87, 5.542
227, 35.83, 5.559
228, 35.77, 5.592
229, 35.71, 5.626
230, 35.67, 5.642
231, 35.59, 5.676
232, 35.5, 5.709
233, 35.39, 5.742
234, 35.33, 5.759
235, 35.23, 5.792
236, 35.15, 5.826
237, 35.09, 5.859
238, 35.06, 5.876
239, 35, 5.909
240, 34.95, 5.942
241, 34.91, 5.976
242, 34.89, 5.992
243, 34.85, 6.026
244, 34.81, 6.059
245, 34.76, 6.092
246, 34.71, 6.126
247, 34.67, 6.142
248, 34.6, 6.176
249, 34.52, 6.209
250, 34.44, 6.242
251, 34.41, 6.259
252, 34.36, 6.292
253, 34.33, 6.326
254, 34.31, 6.359
255, 34.29, 6.392
256, 34.29, 6.409
257, 34.28, 6.442
258, 34.31, 6.476
259, 34.36, 6.509
260, 34.38, 6.526
261, 34.43, 6.559
262, 34.49, 6.592
263, 34.55, 6.626
264, 34.61, 6.659
265, 34.65, 6.676
266, 34.72, 6.709
267, 34.78, 6.742
268, 34.86, 6.776
269, 34.9, 6.792
270, 34.98, 6.826
271, 35.05, 6.859
272, 35.15, 6.892
273, 35.21, 6.909
274, 35.31, 6.942
275, 35.39, 6.976
276, 35.49, 7.009
277, 35.54, 7.026
278, 35.62, 7.059
279, 35.69, 7.092
280, 35.73, 7.109
281, 35.82, 7.142
282, 35.94, 7.176
283, 36.02, 7.192
284, 36.13, 7.226
285, 36.17, 7.259
286, 36.19, 7.292
287, 36.23, 7.309
288, 36.38, 7.342
289, 36.52, 7.376
290, 36.58, 7.392
291, 36.71, 7.426
292, 36.77, 7.442
293, 36.88, 7.476
294, 37, 7.509
295, 37.06, 7.526
296, 37.17, 7.559
297, 37.27, 7.592
298, 37.31, 7.609
299, 37.41, 7.642
300, 37.46, 7.659
301, 37.56, 7.692
302, 37.66, 7.726
303, 37.71, 7.742
304, 37.82, 7.776
305, 37.88, 7.792
306, 37.98, 7.826
307, 38.03, 7.842
308, 38.12, 7.876
309, 38.22, 7.909
310, 38.26, 7.926
311, 38.36, 7.959
312, 38.4, 7.976
313, 38.5, 8.009
314, 38.54, 8.026
315, 38.64, 8.059
316, 38.68, 8.076
317, 38.77, 8.109
318, 38.82, 8.126
319, 38.9, 8.159
320, 39, 8.192
321, 39.04, 8.209
322, 39.11, 8.242
323, 39.14, 8.259
324, 39.2, 8.292
325, 39.24, 8.309
326, 39.35, 8.342
327, 39.4, 8.359
328, 39.51, 8.392
329, 39.55, 8.409
330, 39.64, 8.442
331, 39.68, 8.459
332, 39.77, 8.492
333, 39.82, 8.509
334, 39.91, 8.542
335, 39.95, 8.559
336, 40.03, 8.592
337, 40.08, 8.609
338, 40.16, 8.642
339, 40.2, 8.659
340, 40.28, 8.692
341, 40.31, 8.709
342, 40.37, 8.742
343, 40.41, 8.759
344, 40.44, 8.776
345, 40.47, 8.809
346, 40.46, 8.826
347, 40.52, 8.859
348, 40.53, 8.876
349, 40.55, 8.909
350, 40.56, 8.926
351, 40.59, 8.959
352, 40.6, 8.976
353, 40.63, 9.009
354, 40.65, 9.026
355, 40.68, 9.059
356, 40.69, 9.076
357, 40.72, 9.109
358, 40.73, 9.126
359, 40.77, 9.159
360, 40.78, 9.176
361, 40.79, 9.192
362, 40.81, 9.226
363, 40.82, 9.242
364, 40.83, 9.276
365, 40.84, 9.292
366, 40.85, 9.326
367, 40.87, 9.342
368, 40.9, 9.376
369, 40.9, 9.392
370, 40.91, 9.426
371, 40.92, 9.442
372, 40.94, 9.476
373, 40.95, 9.492
374, 40.96, 9.509
375, 40.98, 9.542
376, 40.99, 9.559
377, 41.01, 9.592
378, 41.01, 9.609
379, 41.01, 9.642
380, 41.01, 9.659
381, 41, 9.692
382, 41, 9.709
383, 40.98, 9.742
384, 40.98, 9.759
385, 40.96, 9.792
386, 40.95, 9.809
387, 40.94, 9.826
388, 40.91, 9.859
389, 40.9, 9.876
390, 40.87, 9.909
391, 40.85, 9.926
392, 40.81, 9.959
393, 40.79, 9.976
394, 40.76, 10.009
395, 40.74, 10.026
396, 40.71, 10.059
397, 40.7, 10.076
398, 40.69, 10.092
399, 40.69, 10.126
400, 40.7, 10.142
401, 40.7, 10.176
402, 40.7, 10.192
403, 40.72, 10.226
404, 40.73, 10.242
405, 40.75, 10.276
406, 40.75, 10.292
407, 40.74, 10.326
408, 40.73, 10.342
409, 40.73, 10.376
410, 40.74, 10.392
411, 40.78, 10.426
412, 40.8, 10.442
413, 40.85, 10.476
414, 40.87, 10.492
415, 40.89, 10.509
416, 40.94, 10.542
417, 40.97, 10.559
418, 41.02, 10.592
419, 41.05, 10.609
420, 41.1, 10.642
421, 41.13, 10.659
422, 41.18, 10.692
423, 41.21, 10.709
424, 41.27, 10.742
425, 41.3, 10.759
426, 41.37, 10.792
427, 41.4, 10.809
428, 41.44, 10.826
429, 41.5, 10.859
430, 41.53, 10.876
431, 41.59, 10.909
432, 41.63, 10.926
433, 41.7, 10.959
434, 41.73, 10.976
435, 41.77, 10.992
436, 41.85, 11.026
437, 41.88, 11.042
438, 41.94, 11.076
439, 41.98, 11.092
440, 42.05, 11.126
441, 42.09, 11.142
442, 42.12, 11.159
443, 42.2, 11.192
444, 42.24, 11.209
445, 42.32, 11.242
446, 42.36, 11.259
447, 42.4, 11.276
448, 42.47, 11.309
449, 42.51, 11.326
450, 42.6, 11.359
451, 42.65, 11.376
452, 42.69, 11.392
453, 42.78, 11.426
454, 42.83, 11.442
455, 42.91, 11.476
456, 42.96, 11.492
457, 43.01, 11.509
458, 43.1, 11.542
459, 43.14, 11.559
460, 43.22, 11.592
461, 43.27, 11.609
462, 43.31, 11.626
463, 43.42, 11.659
464, 43.47, 11.676
465, 43.52, 11.692
466, 43.61, 11.726
467, 43.66, 11.742
468, 43.7, 11.759
469, 43.8, 11.792
470, 43.85, 11.809
471, 43.94, 11.842
472, 43.99, 11.859
473, 44.04, 11.876
474, 44.13, 11.909
475, 44.18, 11.926
476, 44.23, 11.942
477, 44.32, 11.976
478, 44.38, 11.992
479, 44.43, 12.009
480, 44.53, 12.042
481, 44.58, 12.059
482, 44.62, 12.076
483, 44.67, 12.092
484, 44.77, 12.126
485, 44.82, 12.142
486, 44.87, 12.159
487, 44.97, 12.192
488, 45.01, 12.209
489, 45.06, 12.226
490, 45.15, 12.259
491, 45.2, 12.276
492, 45.24, 12.292
493, 45.29, 12.309
494, 45.38, 12.342
495, 45.42, 12.359
496, 45.46, 12.376
497, 45.55, 12.409
498, 45.6, 12.426
499, 45.64, 12.442
500, 45.74, 12.476
501, 45.78, 12.492
502, 45.83, 12.509
503, 45.91, 12.542
504, 45.95, 12.559
505, 46, 12.576
506, 46.04, 12.592
507, 46.12, 12.626
508, 46.17, 12.642
509, 46.21, 12.659
510, 46.28, 12.692
511, 46.31, 12.709
512, 46.35, 12.726
513, 46.42, 12.759
514, 46.44, 12.776
515, 46.46, 12.792
516, 46.48, 12.809
517, 46.49, 12.842
518, 46.48, 12.859
519, 46.47, 12.876
520, 46.41, 12.909
521, 46.35, 12.926
522, 46.29, 12.942
523, 46.13, 12.976
524, 46.03, 12.992
525, 45.93, 13.009
526, 45.72, 13.042
527, 45.6, 13.059
528, 45.49, 13.076
529, 45.26, 13.109
530, 45.15, 13.126
531, 45.03, 13.142
532, 44.77, 13.176
533, 44.65, 13.192
534, 44.53, 13.209
535, 44.28, 13.242
536, 44.15, 13.259
537, 44.02, 13.276
538, 43.78, 13.309
539, 43.65, 13.326
540, 43.54, 13.342
541, 43.33, 13.376
542, 43.22, 13.392
543, 43.02, 13.426
544, 42.93, 13.442
545, 42.85, 13.459
546, 42.68, 13.492
547, 42.62, 13.509
548, 42.5, 13.542
549, 42.45, 13.559
550, 42.4, 13.576
551, 42.32, 13.609
552, 42.29, 13.626
553, 42.23, 13.659
554, 42.21, 13.676
555, 42.17, 13.709
556, 42.15, 13.726
557, 42.12, 13.742
558, 42.08, 13.776
559, 42.06, 13.792
560, 42.02, 13.826
561, 41.99, 13.842
562, 41.97, 13.859
563, 41.91, 13.892
564, 41.89, 13.909
565, 41.84, 13.942
566, 41.82, 13.959
567, 41.77, 13.992
568, 41.74, 14.009
569, 41.72, 14.026
570, 41.67, 14.059
571, 41.65, 14.076
572, 41.59, 14.109
573, 41.56, 14.126
574, 41.51, 14.159
575, 41.48, 14.176
576, 41.43, 14.209
577, 41.41, 14.226
578, 41.39, 14.242
579, 41.34, 14.276
580, 41.32, 14.292
581, 41.28, 14.326
582, 41.25, 14.342
583, 41.2, 14.376
584, 41.16, 14.392
585, 41.06, 14.426
586, 41.02, 14.442
587, 40.98, 14.459
588, 40.9, 14.492
589, 40.87, 14.509
590, 40.79, 14.542
591, 40.75, 14.559
592, 40.67, 14.592
593, 40.63, 14.609
594, 40.55, 14.642
595, 40.5, 14.659
596, 40.42, 14.692
597, 40.38, 14.709
598, 40.3, 14.742
599, 40.26, 14.759
600, 40.18, 14.792
601, 40.13, 14.809
602, 40.04, 14.842
603, 40, 14.859
604, 39.91, 14.892
605, 39.87, 14.909
606, 39.79, 14.942
607, 39.75, 14.959
608, 39.68, 14.992
609, 39.65, 15.009
610, 39.6, 15.042
611, 39.57, 15.059
612, 39.53, 15.092
613, 39.52, 15.109
614, 39.53, 15.142
615, 39.52, 15.159
616, 39.48, 15.192
617, 39.46, 15.209
618, 39.42, 15.242
619, 39.4, 15.259
620, 39.35, 15.292
621, 39.33, 15.309
622, 39.25, 15.342
623, 39.21, 15.359
624, 39.16, 15.392
625, 39.13, 15.409
626, 39.07, 15.442
627, 39.04, 15.459
628, 38.99, 15.492
629, 38.96, 15.509
630, 38.9, 15.542
631, 38.85, 15.576
632, 38.82, 15.592
633, 38.76, 15.626
634, 38.73, 15.642
635, 38.67, 15.676
636, 38.65, 15.692
637, 38.59, 15.726
638, 38.57, 15.742
639, 38.51, 15.776
640, 38.48, 15.792
641, 38.42, 15.826
642, 38.36, 15.859
643, 38.33, 15.876
644, 38.26, 15.909
645, 38.22, 15.926
646, 38.15, 15.959
647, 38.11, 15.976
648, 38.03, 16.009
649, 37.95, 16.042
650, 37.9, 16.059
651, 37.81, 16.092
652, 37.76, 16.109
653, 37.66, 16.142
654, 37.61, 16.159
655, 37.5, 16.192
656, 37.39, 16.226
657, 37.34, 16.242
658, 37.23, 16.276
659, 37.18, 16.292
660, 37.06, 16.326
661, 36.96, 16.359
662, 36.9, 16.376
663, 36.8, 16.409
664, 36.7, 16.442
665, 36.66, 16.459
666, 36.58, 16.492
667, 36.55, 16.509
668, 36.48, 16.542
669, 36.42, 16.576
670, 36.39, 16.592
671, 36.32, 16.626
672, 36.26, 16.659
673, 36.23, 16.676
674, 36.16, 16.709
675, 36.09, 16.742
676, 36.06, 16.759
677, 35.99, 16.792
678, 35.92, 16.826
679, 35.89, 16.842
680, 35.82, 16.876
681, 35.75, 16.909
682, 35.72, 16.926
683, 35.67, 16.959
684, 35.61, 16.992
685, 35.58, 17.009
686, 35.52, 17.042
687, 35.45, 17.076
688, 35.38, 17.109
689, 35.35, 17.126
690, 35.28, 17.159
691, 35.22, 17.192
692, 35.18, 17.209
693, 35.12, 17.242
694, 36.13, 16.855
695, 36.06, 16.888
696, 35.98, 16.922
697, 35.94, 16.938
698, 35.84, 16.972
699, 35.75, 17.005
700, 35.7, 17.022
701, 35.62, 17.055
702, 35.54, 17.088
703, 35.51, 17.105
704, 35.44, 17.138
705, 35.37, 17.172
706, 35.34, 17.188
707, 35.27, 17.222
708, 35.19, 17.255
709, 35.12, 17.288
710, 35.08, 17.305
711, 35.01, 17.338
712, 34.93, 17.372
713, 34.89, 17.388
714, 34.81, 17.422
715, 34.73, 17.455
716, 34.65, 17.488
717, 34.62, 17.505
718, 34.55, 17.538
719, 34.47, 17.572
720, 34.39, 17.605
721, 34.35, 17.622
722, 34.27, 17.655
723, 34.2, 17.688
724, 34.13, 17.722
725, 34.09, 17.738
726, 34.01, 17.772
727, 33.94, 17.805
728, 33.87, 17.838
729, 33.79, 17.872
730, 33.76, 17.888
731, 33.68, 17.922
732, 33.6, 17.955
733, 33.52, 17.988
734, 33.44, 18.022
735, 33.4, 18.038
736, 33.33, 18.072
737, 33.25, 18.105
738, 33.18, 18.138
739, 33.1, 18.172
740, 33.03, 18.205
741, 32.99, 18.222
742, 32.92, 18.255
743, 32.85, 18.288
744, 32.79, 18.322
745, 32.74, 18.355
746, 32.7, 18.388
747, 32.66, 18.422
748, 32.64, 18.438
749, 32.61, 18.472
750, 32.58, 18.505
751, 32.56, 18.538
752, 32.55, 18.572
753, 32.54, 18.605
754, 32.54, 18.638
755, 32.54, 18.672
756, 32.53, 18.705
757, 32.54, 18.722
758, 32.54, 18.755
759, 32.56, 18.788
760, 32.57, 18.822
761, 32.58, 18.855
762, 32.59, 18.888
763, 32.6, 18.922
764, 32.61, 18.955
765, 32.63, 18.988
766, 32.64, 19.005
767, 32.66, 19.038
768, 32.67, 19.072
769, 32.7, 19.105
770, 32.72, 19.138
771, 32.77, 19.172
772, 32.85, 19.205
773, 32.91, 19.238
774, 32.93, 19.255
775, 32.97, 19.288
776, 33.05, 19.322
777, 33.15, 19.355
778, 33.24, 19.388
779, 33.34, 19.422
780, 33.45, 19.455
781, 33.5, 19.472
782, 33.6, 19.505
783, 33.71, 19.538
784, 33.81, 19.572
785, 33.9, 19.605
786, 33.95, 19.622
787, 34.06, 19.655
788, 34.16, 19.688
789, 34.25, 19.722
790, 34.29, 19.738
791, 34.41, 19.772
792, 34.55, 19.805
793, 34.67, 19.838
794, 34.69, 19.855
795, 34.75, 19.888
796, 34.85, 19.922
797, 34.88, 19.955
798, 34.89, 19.972
799, 34.92, 20.005
800, 35.08, 20.038
801, 35.26, 20.072
802, 35.34, 20.088
803, 35.44, 20.122
804, 35.51, 20.155
805, 35.59, 20.188
806, 35.62, 20.205
807, 35.68, 20.238
808, 35.72, 20.272
809, 35.74, 20.288
810, 35.86, 20.322
811, 36.06, 20.355
812, 36.11, 20.372
813, 36.18, 20.405
814, 36.25, 20.438
815, 36.29, 20.455
816, 36.36, 20.488
817, 36.43, 20.522
818, 36.47, 20.538
819, 36.56, 20.572
820, 36.65, 20.605
821, 36.69, 20.622
822, 36.81, 20.655
823, 36.95, 20.688
824, 37.02, 20.705
825, 37.14, 20.738
826, 37.2, 20.755
827, 37.3, 20.788
828, 37.41, 20.822
829, 37.47, 20.838
830, 37.57, 20.872
831, 37.63, 20.888
832, 37.75, 20.922
833, 37.86, 20.955
834, 37.92, 20.972
835, 38.04, 21.005
836, 38.1, 21.022
837, 38.22, 21.055
838, 38.32, 21.088
839, 38.37, 21.105
840, 38.48, 21.138
841, 38.55, 21.155
842, 38.67, 21.188
843, 38.72, 21.205
844, 38.81, 21.238
845, 38.83, 21.255
846, 38.97, 21.288
847, 39.12, 21.322
848, 39.17, 21.338
849, 39.27, 21.372
850, 39.33, 21.388
851, 39.44, 21.422
852, 39.49, 21.438
853, 39.59, 21.472
854, 39.64, 21.488
855, 39.75, 21.522
856, 39.81, 21.538
857, 39.9, 21.572
858, 39.95, 21.588
859, 40.04, 21.622
860, 40.1, 21.638
861, 40.22, 21.672
862, 40.28, 21.688
863, 40.38, 21.722
864, 40.43, 21.738
865, 40.53, 21.772
866, 40.58, 21.788
867, 40.68, 21.822
868, 40.72, 21.838
869, 40.82, 21.872
870, 40.86, 21.888
871, 40.84, 21.922
872, 40.91, 21.938
873, 41, 21.972
874, 41.04, 21.988
875, 41.08, 22.005
876, 41.19, 22.038
877, 41.24, 22.055
878, 41.34, 22.088
879, 41.38, 22.105
880, 41.48, 22.138
881, 41.53, 22.155
882, 41.62, 22.188
883, 41.67, 22.205
884, 41.72, 22.222
885, 41.81, 22.255
886, 41.86, 22.272
887, 41.96, 22.305
888, 42, 22.322
889, 42.1, 22.355
890, 42.15, 22.372
891, 42.19, 22.388
892, 42.28, 22.422
893, 42.32, 22.438
894, 42.42, 22.472
895, 42.47, 22.488
896, 42.57, 22.522
897, 42.62, 22.538
898, 42.66, 22.555
899, 42.75, 22.588
900, 42.79, 22.605
901, 42.88, 22.638
902, 42.93, 22.655
903, 42.97, 22.672
904, 43.06, 22.705
905, 43.11, 22.722
906, 43.21, 22.755
907, 43.26, 22.772
908, 43.31, 22.788
909, 43.39, 22.822
910, 43.43, 22.838
911, 43.54, 22.872
912, 43.59, 22.888
913, 43.64, 22.905
914, 43.73, 22.938
915, 43.78, 22.955
916, 43.82, 22.972
917, 43.92, 23.005
918, 43.96, 23.022
919, 44.01, 23.038
920, 44.1, 23.072
921, 44.15, 23.088
922, 44.23, 23.122
923, 44.27, 23.138
924, 44.32, 23.155
925, 44.42, 23.188
926, 44.46, 23.205
927, 44.51, 23.222
928, 44.59, 23.255
929, 44.63, 23.272
930, 44.67, 23.288
931, 44.76, 23.322
932, 44.82, 23.338
933, 44.87, 23.355
934, 44.95, 23.388
935, 44.99, 23.405
936, 45.04, 23.422
937, 45.13, 23.455
938, 45.17, 23.472
939, 45.21, 23.488
940, 45.3, 23.522
941, 45.34, 23.538
942, 45.38, 23.555
943, 45.46, 23.588
944, 45.5, 23.605
945, 45.54, 23.622
946, 45.64, 23.655
947, 45.69, 23.672
948, 45.73, 23.688
949, 45.81, 23.722
950, 45.85, 23.738
951, 45.89, 23.755
952, 45.93, 23.772
953, 46.01, 23.805
954, 46.05, 23.822
955, 46.1, 23.838
956, 46.18, 23.872
957, 46.22, 23.888
958, 46.25, 23.905
959, 46.34, 23.938
960, 46.39, 23.955
961, 46.43, 23.972
962, 46.47, 23.988
963, 46.55, 24.022
964, 46.59, 24.038
965, 46.63, 24.055
966, 46.7, 24.088
967, 46.74, 24.105
968, 46.77, 24.122
969, 46.81, 24.138
970, 46.9, 24.172
971, 46.94, 24.188
972, 46.99, 24.205
973, 47.07, 24.238
974, 47.11, 24.255
975, 47.15, 24.272
976, 47.19, 24.288
977, 47.26, 24.322
978, 47.3, 24.338
979, 47.34, 24.355
980, 47.37, 24.372
981, 47.45, 24.405
982, 47.49, 24.422
983, 47.52, 24.438
984, 47.58, 24.472
985, 47.62, 24.488
986, 47.66, 24.505
987, 47.7, 24.522
988, 47.77, 24.555
989, 47.81, 24.572
990, 47.84, 24.588
991, 47.87, 24.605
992, 47.94, 24.638
993, 47.98, 24.655
994, 48.02, 24.672
995, 48.05, 24.688
996, 48.11, 24.722
997, 48.14, 24.738
998, 48.17, 24.755
999, 48.2, 24.772
1000, 48.26, 24.805
1001, 48.3, 24.822
1002, 48.32, 24.838
1003, 48.34, 24.855
1004, 48.38, 24.888
1005, 48.41, 24.905
1006, 48.44, 24.922
1007, 48.46, 24.938
1008, 48.49, 24.972
1009, 48.5, 24.988
1010, 48.51, 25.005
1011, 48.53, 25.022
1012, 48.59, 25.055
1013, 48.62, 25.072
1014, 48.64, 25.088
1015, 48.66, 25.105
1016, 48.66, 25.138
1017, 48.67, 25.155
1018, 48.68, 25.172
1019, 48.69, 25.188
1020, 48.71, 25.205
1021, 48.73, 25.238
1022, 48.74, 25.255
1023, 48.74, 25.272
1024, 48.74, 25.288
1025, 48.75, 25.322
1026, 48.77, 25.338
1027, 48.8, 25.355
1028, 48.82, 25.372
1029, 48.84, 25.405
1030, 48.85, 25.422
1031, 48.86, 25.438
1032, 48.87, 25.455
1033, 48.88, 25.472
1034, 48.9, 25.505
1035, 48.91, 25.522
1036, 48.91, 25.538
1037, 48.92, 25.555
1038, 48.96, 25.588
1039, 48.98, 25.605
1040, 48.98, 25.622
1041, 48.99, 25.638
1042, 48.99, 25.655
1043, 49, 25.688
1044, 49, 25.705
1045, 49.01, 25.722
1046, 49.02, 25.738
1047, 49.03, 25.772
1048, 49.03, 25.788
1049, 49.02, 25.805
1050, 49.01, 25.822
1051, 48.97, 25.855
1052, 48.95, 25.872
1053, 48.92, 25.888
1054, 48.9, 25.905
1055, 48.87, 25.922
1056, 48.82, 25.955
1057, 48.8, 25.972
1058, 48.77, 25.988
1059, 48.75, 26.005
1060, 48.71, 26.038
1061, 48.69, 26.055
1062, 48.66, 26.072
1063, 48.64, 26.088
1064, 48.6, 26.122
1065, 48.58, 26.138
1066, 48.56, 26.155
1067, 48.54, 26.172
1068, 48.5, 26.205
1069, 48.48, 26.222
1070, 48.46, 26.238
1071, 48.43, 26.255
1072, 48.39, 26.288
1073, 48.36, 26.305
1074, 48.31, 26.322
1075, 48.33, 26.338
1076, 48.29, 26.372
1077, 48.26, 26.388
1078, 48.23, 26.405
1079, 48.2, 26.422
1080, 48.15, 26.455
1081, 48.13, 26.472
1082, 48.11, 26.488
1083, 48.09, 26.505
1084, 48.08, 26.522
1085, 48.05, 26.555
1086, 48.04, 26.572
1087, 48.03, 26.588
1088, 48.02, 26.605
1089, 48.03, 26.638
1090, 48.03, 26.655
1091, 48.04, 26.672
1092, 48.05, 26.688
1093, 48.06, 26.722
1094, 48.08, 26.738
1095, 48.09, 26.755
1096, 48.1, 26.772
1097, 48.11, 26.805
1098, 48.12, 26.822
1099, 48.13, 26.838
1100, 48.15, 26.855
1101, 48.19, 26.888
1102, 48.21, 26.905
1103, 48.22, 26.922
1104, 48.23, 26.938
1105, 48.25, 26.972
1106, 48.26, 26.988
1107, 48.28, 27.005
1108, 48.29, 27.022
1109, 48.34, 27.055
1110, 48.36, 27.072
1111, 48.38, 27.088
1112, 48.4, 27.105
1113, 48.44, 27.138
1114, 48.46, 27.155
1115, 48.48, 27.172
1116, 48.5, 27.188
1117, 48.54, 27.222
1118, 48.56, 27.238
1119, 48.58, 27.255
1120, 48.59, 27.272
1121, 48.63, 27.305
1122, 48.65, 27.322
1123, 48.68, 27.338
1124, 48.7, 27.355
1125, 48.74, 27.388
1126, 48.76, 27.405
1127, 48.78, 27.422
1128, 48.78, 27.438
1129, 48.79, 27.455
1130, 48.83, 27.488
1131, 48.86, 27.505
1132, 48.9, 27.522
1133, 48.93, 27.538
1134, 49, 27.572
1135, 49.02, 27.588
1136, 49.05, 27.605
1137, 49.07, 27.622
1138, 49.1, 27.638
1139, 49.15, 27.672
1140, 49.17, 27.688
1141, 49.18, 27.705
1142, 49.2, 27.722
1143, 49.26, 27.755
1144, 49.3, 27.772
1145, 49.34, 27.788
1146, 49.36, 27.805
1147, 49.39, 27.822
1148, 49.43, 27.855
1149, 49.46, 27.872
1150, 49.48, 27.888
1151, 49.51, 27.905
1152, 49.53, 27.922
1153, 49.58, 27.955
1154, 49.61, 27.972
1155, 49.63, 27.988
1156, 49.66, 28.005
1157, 49.71, 28.038
1158, 49.73, 28.055
1159, 49.74, 28.072
1160, 49.76, 28.088
1161, 49.79, 28.105
1162, 49.85, 28.138
1163, 49.88, 28.155
1164, 49.9, 28.172
1165, 49.93, 28.188
1166, 49.96, 28.205
1167, 50.01, 28.238
1168, 50.03, 28.255
1169, 50.05, 28.272
1170, 50.08, 28.288
1171, 50.11, 28.305
1172, 50.16, 28.338
1173, 50.18, 28.355
1174, 50.2, 28.372
1175, 50.22, 28.388
1176, 50.24, 28.405
1177, 50.27, 28.438
1178, 50.29, 28.455
1179, 50.32, 28.472
1180, 50.35, 28.488
1181, 50.38, 28.505
1182, 50.44, 28.538
1183, 50.47, 28.555
1184, 50.49, 28.572
1185, 50.5, 28.588
1186, 50.52, 28.605
1187, 50.55, 28.638
1188, 50.56, 28.655
1189, 50.57, 28.672
1190, 50.57, 28.688
1191, 50.56, 28.705
1192, 50.55, 28.722
1193, 50.51, 28.755
1194, 50.46, 28.772
1195, 50.41, 28.788
1196, 50.34, 28.805
1197, 50.26, 28.822
1198, 50.08, 28.855
1199, 49.98, 28.872
1200, 49.88, 28.888
1201, 49.78, 28.905
1202, 49.67, 28.922
1203, 49.46, 28.955
1204, 49.34, 28.972
1205, 49.23, 28.988
1206, 49.11, 29.005
1207, 48.88, 29.038
1208, 48.77, 29.055
1209, 48.68, 29.072
1210, 48.59, 29.088
1211, 48.5, 29.105
1212, 48.33, 29.138
1213, 48.25, 29.155
1214, 48.17, 29.172
1215, 48.07, 29.188
1216, 47.89, 29.222
1217, 47.8, 29.238
1218, 47.71, 29.255
1219, 47.61, 29.272
1220, 47.41, 29.305
1221, 47.3, 29.322
1222, 47.2, 29.338
1223, 46.96, 29.372
1224, 46.84, 29.388
1225, 46.72, 29.405
1226, 46.57, 29.422
1227, 46.32, 29.455
1228, 46.19, 29.472
1229, 46.06, 29.488
1230, 45.81, 29.522
1231, 45.68, 29.538
1232, 45.55, 29.555
1233, 45.33, 29.588
1234, 45.21, 29.605
1235, 45.08, 29.622
1236, 44.85, 29.655
1237, 44.7, 29.672
1238, 44.56, 29.688
1239, 44.32, 29.722
1240, 44.2, 29.738
1241, 44.09, 29.755
1242, 43.83, 29.788
1243, 43.71, 29.805
1244, 43.59, 29.822
1245, 43.37, 29.855
1246, 43.28, 29.872
1247, 43.12, 29.905
1248, 43.04, 29.922
1249, 42.98, 29.938
1250, 42.85, 29.972
1251, 42.76, 29.988
1252, 42.55, 30.022
1253, 42.45, 30.038
1254, 42.3, 30.072
1255, 42.24, 30.088
1256, 42.19, 30.105
1257, 42.1, 30.138
1258, 42.06, 30.155
1259, 41.99, 30.188
1260, 41.95, 30.205
1261, 41.88, 30.238
1262, 41.83, 30.255
1263, 41.74, 30.288
1264, 41.7, 30.305
1265, 41.61, 30.338
1266, 41.57, 30.355
1267, 41.53, 30.372
1268, 41.43, 30.405
1269, 41.39, 30.422
1270, 41.3, 30.455
1271, 41.25, 30.472
1272, 41.16, 30.505
1273, 41.12, 30.522
1274, 41.02, 30.555
1275, 40.98, 30.572
1276, 40.87, 30.605
1277, 40.82, 30.622
1278, 40.71, 30.655
1279, 40.66, 30.672
1280, 40.58, 30.705
1281, 40.55, 30.722
1282, 40.49, 30.755
1283, 40.44, 30.772
1284, 40.28, 30.805
1285, 40.22, 30.822
1286, 40.06, 30.855
1287, 39.98, 30.872
1288, 39.87, 30.905
1289, 39.81, 30.922
1290, 39.69, 30.955
1291, 39.64, 30.972
1292, 39.55, 31.005
1293, 39.5, 31.038
1294, 39.48, 31.055
1295, 39.41, 31.088
1296, 39.37, 31.105
1297, 39.26, 31.138
1298, 39.2, 31.155
1299, 39.1, 31.188
1300, 39.05, 31.205
1301, 38.96, 31.238
1302, 38.88, 31.272
1303, 38.84, 31.288
1304, 38.76, 31.322
1305, 38.71, 31.338
1306, 38.62, 31.372
1307, 38.53, 31.405
1308, 38.48, 31.422
1309, 38.39, 31.455
1310, 38.35, 31.472
1311, 38.27, 31.505
1312, 38.23, 31.522
1313, 38.16, 31.555
1314, 38.11, 31.588
1315, 38.1, 31.605
1316, 38.05, 31.638
1317, 38.03, 31.655
1318, 37.99, 31.688
1319, 37.95, 31.722
1320, 37.94, 31.738
1321, 37.93, 31.772
1322, 37.92, 31.788
1323, 37.91, 31.822
1324, 37.89, 31.855
1325, 37.89, 31.872
1326, 37.88, 31.905
1327, 37.87, 31.922
1328, 37.86, 31.955
1329, 37.85, 31.988
1330, 37.84, 32.005
1331, 37.82, 32.038
1332, 37.8, 32.055
1333, 37.76, 32.088
1334, 37.74, 32.105
1335, 37.69, 32.138
1336, 37.62, 32.172
1337, 37.59, 32.188
1338, 37.52, 32.222
1339, 37.49, 32.238
1340, 37.41, 32.272
1341, 37.3, 32.305
1342, 37.25, 32.322
1343, 37.17, 32.355
1344, 37.13, 32.372
1345, 37.05, 32.405
1346, 36.97, 32.438
1347, 36.94, 32.455
1348, 36.87, 32.488
1349, 36.81, 32.522
1350, 36.78, 32.538
1351, 36.77, 32.572
1352, 36.76, 32.588
1353, 36.74, 32.622
1354, 36.73, 32.655
1355, 36.73, 32.672
1356, 36.74, 32.705
1357, 36.75, 32.722
1358, 36.77, 32.755
1359, 36.8, 32.788
1360, 36.81, 32.805
1361, 36.84, 32.838
1362, 36.85, 32.855
1363, 36.87, 32.888
1364, 36.9, 32.922
1365, 36.92, 32.938
1366, 36.95, 32.972
1367, 36.96, 32.988
1368, 36.99, 33.022
1369, 37.02, 33.055
1370, 37.03, 33.072
1371, 37.08, 33.105
1372, 37.09, 33.122
1373, 37.12, 33.155
1374, 37.13, 33.172
1375, 37.15, 33.205
1376, 37.19, 33.238
1377, 37.21, 33.255
1378, 37.24, 33.288
1379, 37.26, 33.305
1380, 37.3, 33.338
1381, 37.32, 33.355
1382, 37.37, 33.388
1383, 37.42, 33.422
1384, 37.45, 33.438
1385, 37.51, 33.472
1386, 37.56, 33.488
1387, 37.64, 33.522
1388, 37.67, 33.538
1389, 37.74, 33.572
1390, 37.78, 33.588
1391, 37.87, 33.622
1392, 37.91, 33.638
1393, 38, 33.672
1394, 38.04, 33.688
1395, 38.13, 33.722
1396, 38.22, 33.755
1397, 38.27, 33.772
1398, 38.36, 33.805
1399, 38.4, 33.822
1400, 38.48, 33.855
1401, 38.53, 33.872
1402, 38.59, 33.888
1403, 38.69, 33.922
1404, 38.73, 33.938
1405, 38.83, 33.972
1406, 38.88, 33.988
1407, 38.97, 34.022
1408, 39.01, 34.038
1409, 39.09, 34.072
1410, 39.15, 34.088
1411, 39.27, 34.122
1412, 39.32, 34.138
1413, 39.4, 34.172
1414, 39.44, 34.188
1415, 39.48, 34.205
1416, 39.56, 34.238
1417, 39.59, 34.255
1418, 39.64, 34.288
1419, 39.65, 34.305
1420, 39.66, 34.338
1421, 39.65, 34.355
1422, 39.59, 34.388
1423, 39.54, 34.405
1424, 39.38, 34.438
1425, 39.28, 34.455
1426, 39.02, 34.488
1427, 38.88, 34.505
1428, 38.58, 34.538
1429, 38.42, 34.555
1430, 38.08, 34.588
1431, 37.9, 34.605
1432, 37.54, 34.638
1433, 37.34, 34.655
1434, 36.95, 34.688
1435, 36.76, 34.705
1436, 36.39, 34.738
1437, 36.01, 34.772
1438, 35.81, 34.788
1439, 35.44, 34.822
1440, 35.06, 34.855
1441, 34.87, 34.872
1442, 34.5, 34.905
1443, 34.13, 34.938
1444, 33.77, 34.972
1445, 33.59, 34.988
1446, 33.23, 35.022
1447, 32.88, 35.055
1448, 32.54, 35.088
1449, 32.21, 35.122
1450, 32.05, 35.138
1451, 31.71, 35.172
1452, 31.37, 35.205
1453, 30.99, 35.238
1454, 30.63, 35.272
1455, 30.29, 35.305
1456, 29.96, 35.338
1457, 29.62, 35.372
1458, 29.27, 35.405
1459, 28.92, 35.438
1460, 28.58, 35.472
1461, 28.07, 35.522
1462, 27.73, 35.555
1463, 27.41, 35.588
1464, 27.1, 35.622
1465, 26.8, 35.655
1466, 26.37, 35.705
1467, 26.08, 35.738
1468, 25.8, 35.772
1469, 25.32, 35.822
1470, 25.02, 35.855
1471, 24.76, 35.888
1472, 24.35, 35.938
1473, 24.07, 35.972
1474, 23.66, 36.022
1475, 23.39, 36.055
1476, 23.02, 36.105
1477, 22.75, 36.138
1478, 22.37, 36.188
1479, 21.96, 36.238
1480, 21.7, 36.272
1481, 21.32, 36.322
1482, 21, 36.372
1483, 20.67, 36.422
1484, 20.39, 36.472
1485, 20.21, 36.505
1486, 19.94, 36.555
1487, 19.66, 36.605
1488, 19.25, 36.655
1489, 18.93, 36.705
1490, 18.72, 36.755
1491, 18.52, 36.805
1492, 18.4, 36.855
1493, 18.23, 36.905
1494, 17.97, 36.955
1495, 17.7, 37.005
1496, 17.56, 37.055
1497, 17.38, 37.105
1498, 17.2, 37.155
1499, 17, 37.205
1500, 16.74, 37.272
1501, 16.51, 37.322
1502, 16.39, 37.372
1503, 16.27, 37.438
1504, 16.19, 37.488
1505, 16.01, 37.555
1506, 15.89, 37.622
1507, 15.88, 37.672
1508, 15.88, 37.738
1509, 15.89, 37.805
1510, 15.87, 37.855
1511, 15.88, 37.922
1512, 15.9, 37.972
1513, 15.92, 38.038
1514, 15.96, 38.105
1515, 15.99, 38.172
1516, 16.03, 38.222
1517, 16.11, 38.288
1518, 16.18, 38.355
1519, 16.28, 38.422
1520, 16.42, 38.488
1521, 16.58, 38.555
1522, 16.7, 38.605
1523, 16.88, 38.672
1524, 17.08, 38.738
1525, 17.27, 38.805
1526, 17.4, 38.855
1527, 17.66, 38.922
1528, 17.85, 38.988
1529, 18, 39.038
1530, 18.16, 39.088
1531, 18.45, 39.155
1532, 18.66, 39.205
1533, 18.92, 39.255
1534, 19.21, 39.322
1535, 19.44, 39.372
1536, 19.7, 39.422
1537, 19.97, 39.472
1538, 20.3, 39.522
1539, 20.56, 39.572
1540, 20.8, 39.622
1541, 21.15, 39.672
1542, 21.48, 39.722
1543, 21.75, 39.772
1544, 22, 39.822
1545, 22.19, 39.855
1546, 22.51, 39.905
1547, 22.78, 39.955
1548, 22.95, 39.988
1549, 23.22, 40.038
1550, 23.48, 40.088
1551, 23.66, 40.122
1552, 23.91, 40.172
1553, 24.08, 40.205
1554, 24.33, 40.255
1555, 24.48, 40.288
1556, 24.72, 40.338
1557, 24.88, 40.372
1558, 25.03, 40.405
1559, 25.24, 40.455
1560, 25.24, 40.488
1561, 25.35, 40.538
1562, 25.51, 40.572
1563, 25.65, 40.605
1564, 25.83, 40.655
1565, 25.97, 40.688
1566, 26.12, 40.722
1567, 26.33, 40.772
1568, 26.48, 40.805
1569, 26.62, 40.838
1570, 26.76, 40.872
1571, 26.98, 40.922
1572, 27.11, 40.955
1573, 27.26, 40.988
1574, 27.42, 41.022
1575, 27.58, 41.055
1576, 27.73, 41.088
1577, 27.94, 41.138
1578, 28.09, 41.172
1579, 28.24, 41.205
1580, 28.37, 41.238
1581, 28.51, 41.272
1582, 28.66, 41.305
1583, 28.81, 41.338
1584, 28.96, 41.372
1585, 29.11, 41.405
1586, 29.25, 41.438
1587, 29.39, 41.472
1588, 29.54, 41.505
1589, 29.7, 41.538
1590, 29.85, 41.572
1591, 29.99, 41.605
1592, 30.13, 41.638
1593, 30.29, 41.672
1594, 30.44, 41.705
1595, 30.57, 41.738
1596, 30.71, 41.772
1597, 30.88, 41.805
1598, 31.04, 41.838
1599, 31.17, 41.872
1600, 31.31, 41.905
1601, 31.46, 41.938
1602, 31.6, 41.972
1603, 31.76, 42.005
1604, 31.85, 42.022
1605, 32, 42.055
1606, 32.13, 42.088
1607, 32.26, 42.122
1608, 32.4, 42.155
1609, 32.54, 42.188
1610, 32.62, 42.205
1611, 32.77, 42.238
1612, 32.9, 42.272
1613, 33.05, 42.305
1614, 33.19, 42.338
1615, 33.26, 42.355
1616, 33.39, 42.388
1617, 33.51, 42.422
1618, 33.48, 42.455
1619, 33.63, 42.488
1620, 33.7, 42.505
1621, 33.82, 42.538
1622, 33.95, 42.572
1623, 34.08, 42.605
1624, 34.14, 42.622
1625, 34.27, 42.655
1626, 34.41, 42.688
1627, 34.47, 42.705
1628, 34.6, 42.738
1629, 34.73, 42.772
1630, 34.87, 42.805
1631, 34.94, 42.822
1632, 35.06, 42.855
1633, 35.19, 42.888
1634, 35.26, 42.905
1635, 35.39, 42.938
1636, 35.51, 42.972
1637, 35.58, 42.988
1638, 35.73, 43.022
1639, 35.85, 43.055
1640, 35.92, 43.072
1641, 36.05, 43.105
1642, 36.18, 43.138
1643, 36.25, 43.155
1644, 36.37, 43.188
1645, 36.43, 43.205
1646, 36.56, 43.238
1647, 36.69, 43.272
1648, 36.75, 43.288
1649, 36.87, 43.322
1650, 36.94, 43.338
1651, 37.06, 43.372
1652, 37.18, 43.405
1653, 37.24, 43.422
1654, 37.37, 43.455
1655, 37.43, 43.472
1656, 37.56, 43.505
1657, 37.68, 43.538
1658, 37.74, 43.555
1659, 37.86, 43.588
1660, 37.92, 43.605
1661, 38.04, 43.638
1662, 38.1, 43.655
1663, 38.21, 43.688
1664, 38.26, 43.705
1665, 38.38, 43.738
1666, 38.5, 43.772
1667, 38.56, 43.788
1668, 38.68, 43.822
1669, 38.74, 43.838
1670, 38.83, 43.872
1671, 38.89, 43.888
1672, 39.01, 43.922
1673, 39.07, 43.938
1674, 39.18, 43.972
1675, 39.24, 43.988
1676, 39.35, 44.022
1677, 39.41, 44.038
1678, 39.51, 44.072
1679, 39.57, 44.088
1680, 39.67, 44.122
1681, 39.72, 44.138
1682, 39.83, 44.172
1683, 39.89, 44.188
1684, 40, 44.222
1685, 40.05, 44.238
1686, 40.15, 44.272
1687, 40.21, 44.288
1688, 40.33, 44.322
1689, 40.38, 44.338
1690, 40.48, 44.372
1691, 40.54, 44.388
1692, 40.64, 44.422
1693, 40.69, 44.438
1694, 40.79, 44.472
1695, 40.84, 44.488
1696, 40.94, 44.522
1697, 40.98, 44.538
1698, 41.07, 44.572
1699, 41.13, 44.588
1700, 41.24, 44.622
1701, 41.3, 44.638
1702, 41.35, 44.655
1703, 41.41, 44.688
1704, 41.37, 44.705
1705, 41.45, 44.738
1706, 41.5, 44.755
1707, 41.57, 44.788
1708, 41.61, 44.805
1709, 41.7, 44.838
1710, 41.75, 44.855
1711, 41.8, 44.872
1712, 41.89, 44.905
1713, 41.94, 44.922
1714, 42.03, 44.955
1715, 42.07, 44.972
1716, 42.16, 45.005
1717, 42.21, 45.022
1718, 42.26, 45.038
1719, 42.36, 45.072
1720, 42.4, 45.088
1721, 42.49, 45.122
1722, 42.54, 45.138
1723, 42.64, 45.172
1724, 42.69, 45.188
1725, 42.73, 45.205
1726, 42.82, 45.238
1727, 42.86, 45.255
1728, 42.96, 45.288
1729, 43.01, 45.305
1730, 43.05, 45.322
1731, 43.14, 45.355
1732, 43.19, 45.372
1733, 43.28, 45.405
1734, 43.32, 45.422
1735, 43.37, 45.438
1736, 43.46, 45.472
1737, 43.51, 45.488
1738, 43.6, 45.522
1739, 43.65, 45.538
1740, 43.69, 45.555
1741, 43.77, 45.588
1742, 43.82, 45.605
1743, 43.86, 45.622
1744, 43.95, 45.655
1745, 44, 45.672
1746, 44.1, 45.705
1747, 44.14, 45.722
1748, 44.19, 45.738
1749, 44.27, 45.772
1750, 44.31, 45.788
1751, 44.36, 45.805
1752, 44.45, 45.838
1753, 44.5, 45.855
1754, 44.59, 45.888
1755, 44.64, 45.905
1756, 44.68, 45.922
1757, 44.77, 45.955
1758, 44.81, 45.972
1759, 44.85, 45.988
1760, 44.94, 46.022
1761, 44.99, 46.038
1762, 45.03, 46.055
1763, 45.12, 46.088
1764, 45.16, 46.105
1765, 45.21, 46.122
1766, 45.29, 46.155
1767, 45.33, 46.172
1768, 45.38, 46.188
1769, 45.47, 46.222
1770, 45.52, 46.238
1771, 45.56, 46.255
1772, 45.65, 46.288
1773, 45.7, 46.305
1774, 45.74, 46.322
1775, 45.83, 46.355
1776, 45.87, 46.372
1777, 45.92, 46.388
1778, 45.96, 46.405
1779, 46.06, 46.438
1780, 46.1, 46.455
1781, 46.15, 46.472
1782, 46.23, 46.505
1783, 46.28, 46.522
1784, 46.32, 46.538
1785, 46.41, 46.572
1786, 46.45, 46.588
1787, 46.49, 46.605
1788, 46.59, 46.638
1789, 46.63, 46.655
1790, 46.67, 46.672
1791, 46.71, 46.688
1792, 46.8, 46.722
1793, 46.84, 46.738
1794, 46.89, 46.755
1795, 46.97, 46.788
1796, 47.02, 46.805
1797, 47.06, 46.822
1798, 47.1, 46.838
1799, 47.19, 46.872
1800, 47.23, 46.888
1801, 47.27, 46.905
1802, 47.35, 46.938
1803, 47.4, 46.955
1804, 47.44, 46.972
1805, 47.48, 46.988
1806, 47.56, 47.022
1807, 47.6, 47.038
1808, 47.64, 47.055
1809, 47.68, 47.072
1810, 47.76, 47.105
1811, 47.8, 47.122
1812, 47.85, 47.138
1813, 47.89, 47.155
1814, 47.97, 47.188
1815, 48.01, 47.205
1816, 48.05, 47.222
1817, 48.09, 47.238
1818, 48.16, 47.272
1819, 48.2, 47.288
1820, 48.24, 47.305
1821, 48.29, 47.322
1822, 48.37, 47.355
1823, 48.41, 47.372
1824, 48.45, 47.388
1825, 48.49, 47.405
1826, 48.57, 47.438
1827, 48.61, 47.455
1828, 48.65, 47.472
1829, 48.69, 47.488
1830, 48.77, 47.522
1831, 48.8, 47.538
1832, 48.84, 47.555
1833, 48.88, 47.572
1834, 48.92, 47.588
1835, 49, 47.622
1836, 49.04, 47.638
1837, 49.08, 47.655
1838, 49.12, 47.672
1839, 49.19, 47.705
1840, 49.23, 47.722
1841, 49.26, 47.738
1842, 49.3, 47.755
1843, 49.33, 47.772
1844, 49.41, 47.805
1845, 49.45, 47.822
1846, 49.49, 47.838
1847, 49.53, 47.855
1848, 49.6, 47.888
1849, 49.64, 47.905
1850, 49.67, 47.922
1851, 49.71, 47.938
1852, 49.75, 47.955
1853, 49.83, 47.988
1854, 49.86, 48.005
1855, 49.89, 48.022
1856, 49.92, 48.038
1857, 49.96, 48.055
1858, 50.04, 48.088
1859, 50.08, 48.105
1860, 50.11, 48.122
1861, 50.14, 48.138
1862, 50.17, 48.155
1863, 50.24, 48.188
1864, 50.28, 48.205
1865, 50.32, 48.222
1866, 50.35, 48.238
1867, 50.39, 48.255
1868, 50.46, 48.288
1869, 50.49, 48.305
1870, 50.52, 48.322
1871, 50.56, 48.338
1872, 50.59, 48.355
1873, 50.67, 48.388
1874, 50.7, 48.405
1875, 50.74, 48.422
1876, 50.77, 48.438
1877, 50.81, 48.455
1878, 50.84, 48.472
1879, 50.88, 48.505
1880, 50.84, 48.522
1881, 50.88, 48.538
1882, 50.93, 48.555
1883, 50.95, 48.572
1884, 51, 48.605
1885, 51.04, 48.622
1886, 51.07, 48.638
1887, 51.11, 48.655
1888, 51.14, 48.672
1889, 51.18, 48.688
1890, 51.25, 48.722
1891, 51.28, 48.738
1892, 51.31, 48.755
1893, 51.34, 48.772
1894, 51.38, 48.788
1895, 51.44, 48.822
1896, 51.48, 48.838
1897, 51.51, 48.855
1898, 51.54, 48.872
1899, 51.58, 48.888
1900, 51.62, 48.905
1901, 51.68, 48.938
1902, 51.71, 48.955
1903, 51.75, 48.972
1904, 51.78, 48.988
1905, 51.81, 49.005
1906, 51.85, 49.022
1907, 51.92, 49.055
1908, 51.95, 49.072
1909, 51.99, 49.088
1910, 52.02, 49.105
1911, 52.05, 49.122
1912, 52.08, 49.138
1913, 52.12, 49.155
1914, 52.19, 49.188
1915, 52.22, 49.205
1916, 52.25, 49.222
1917, 52.29, 49.238
1918, 52.32, 49.255
1919, 52.36, 49.272
1920, 52.39, 49.288
1921, 52.45, 49.322
1922, 52.49, 49.338
1923, 52.52, 49.355
1924, 52.55, 49.372
1925, 52.58, 49.388
1926, 52.61, 49.405
1927, 52.65, 49.422
1928, 52.72, 49.455
1929, 52.75, 49.472
1930, 52.78, 49.488
1931, 52.81, 49.505
1932, 52.84, 49.522
1933, 52.88, 49.538
1934, 52.91, 49.555
1935, 52.97, 49.588
1936, 53, 49.605
1937, 53.03, 49.622
1938, 53.06, 49.638
1939, 53.08, 49.655
1940, 53.12, 49.672
1941, 53.15, 49.688
1942, 53.22, 49.722
1943, 53.25, 49.738
1944, 53.28, 49.755
1945, 53.31, 49.772
1946, 53.34, 49.788
1947, 53.37, 49.805
1948, 53.4, 49.822
1949, 53.43, 49.838
1950, 53.49, 49.872
1951, 53.52, 49.888
1952, 53.56, 49.905
1953, 53.59, 49.922
1954, 53.62, 49.938
1955, 53.64, 49.955
1956, 53.67, 49.972
1957, 53.7, 49.988
1958, 53.77, 50.022
1959, 53.8, 50.038
1960, 53.83, 50.055
1961, 53.86, 50.072
1962, 53.89, 50.088
1963, 53.92, 50.105
1964, 53.94, 50.122
1965, 53.97, 50.138
1966, 54, 50.155
1967, 54.07, 50.188
1968, 54.1, 50.205
1969, 54.13, 50.222
1970, 54.16, 50.238
1971, 54.19, 50.255
1972, 54.22, 50.272
1973, 54.25, 50.288
1974, 54.28, 50.305
1975, 54.31, 50.322
1976, 54.38, 50.355
1977, 54.41, 50.372
1978, 54.44, 50.388
1979, 54.46, 50.405
1980, 54.49, 50.422
1981, 54.52, 50.438
1982, 54.55, 50.455
1983, 54.59, 50.472
1984, 54.62, 50.488
1985, 54.65, 50.505
1986, 54.7, 50.538
1987, 54.73, 50.555
1988, 54.76, 50.572
1989, 54.79, 50.588
1990, 54.83, 50.605
1991, 54.86, 50.622
1992, 54.89, 50.638
1993, 54.91, 50.655
1994, 54.94, 50.672
1995, 54.97, 50.688
1996, 55.03, 50.722
1997, 55.06, 50.738
1998, 55.09, 50.755
1999, 55.11, 50.772
2000, 55.14, 50.788
2001, 55.17, 50.805
2002, 55.2, 50.822
2003, 55.23, 50.838
2004, 55.25, 50.855
2005, 55.28, 50.872
2006, 55.31, 50.888
2007, 55.37, 50.922
2008, 55.4, 50.938
2009, 55.43, 50.955
2010, 55.46, 50.972
2011, 55.48, 50.988
2012, 55.51, 51.005
2013, 55.54, 51.022
2014, 55.56, 51.038
2015, 55.59, 51.055
2016, 55.62, 51.072
2017, 55.64, 51.088
2018, 55.67, 51.105
2019, 55.72, 51.138
2020, 55.75, 51.155
2021, 55.78, 51.172
2022, 55.8, 51.188
2023, 55.83, 51.205
2024, 55.85, 51.222
2025, 55.88, 51.238
2026, 55.91, 51.255
2027, 55.94, 51.272
2028, 55.97, 51.288
2029, 56, 51.305
2030, 56.02, 51.322
2031, 56.05, 51.338
2032, 56.07, 51.355
2033, 56.12, 51.388
2034, 56.15, 51.405
2035, 56.18, 51.422
2036, 56.2, 51.438
2037, 56.22, 51.455
2038, 56.25, 51.472
2039, 56.28, 51.488
2040, 56.3, 51.505
2041, 56.33, 51.522
2042, 56.36, 51.538
2043, 56.38, 51.555
2044, 56.41, 51.572
2045, 56.44, 51.588
2046, 56.46, 51.605
2047, 56.51, 51.638
2048, 56.54, 51.655
2049, 56.56, 51.672
2050, 56.58, 51.688
2051, 56.6, 51.705
2052, 56.63, 51.722
2053, 56.66, 51.738
2054, 56.69, 51.755
2055, 56.71, 51.772
2056, 56.74, 51.788
2057, 56.77, 51.805
2058, 56.79, 51.822
2059, 56.82, 51.838
2060, 56.84, 51.855
2061, 56.86, 51.872
2062, 56.9, 51.905
2063, 56.92, 51.922
2064, 56.95, 51.938
2065, 56.98, 51.955
2066, 57.01, 51.972
2067, 57.04, 51.988
2068, 57.06, 52.005
2069, 57.08, 52.022
2070, 57.1, 52.038
2071, 57.13, 52.055
2072, 57.15, 52.072
2073, 57.17, 52.088
2074, 57.19, 52.105
2075, 57.21, 52.122
2076, 57.23, 52.138
2077, 57.25, 52.155
2078, 57.28, 52.172
2079, 57.31, 52.188
2080, 57.33, 52.205
2081, 57.37, 52.238
2082, 57.39, 52.255
2083, 57.42, 52.272
2084, 57.44, 52.288
2085, 57.46, 52.305
2086, 57.48, 52.322
2087, 57.5, 52.338
2088, 57.52, 52.355
2089, 57.54, 52.372
2090, 57.57, 52.388
2091, 57.59, 52.405
2092, 57.62, 52.422
2093, 57.65, 52.438
2094, 57.67, 52.455
2095, 57.69, 52.472
2096, 57.71, 52.488
2097, 57.73, 52.505
2098, 57.76, 52.522
2099, 57.79, 52.538
2100, 57.82, 52.555
2101, 57.84, 52.572
2102, 57.86, 52.588
2103, 57.91, 52.622
2104, 57.94, 52.638
2105, 57.96, 52.655
2106, 57.99, 52.672
2107, 58.02, 52.688
2108, 58.04, 52.705
2109, 58.06, 52.722
2110, 58.09, 52.738
2111, 58.12, 52.755
2112, 58.15, 52.772
2113, 58.17, 52.788
2114, 58.2, 52.805
2115, 58.22, 52.822
2116, 58.24, 52.838
2117, 58.27, 52.855
2118, 58.29, 52.872
2119, 58.32, 52.888
2120, 58.35, 52.905
2121, 58.38, 52.922
2122, 58.41, 52.938
2123, 58.43, 52.955
2124, 58.45, 52.972
2125, 58.48, 52.988
2126, 58.5, 53.005
2127, 58.53, 53.022
2128, 58.55, 53.038
2129, 58.57, 53.055
2130, 58.6, 53.072
2131, 58.63, 53.088
2132, 58.66, 53.105
2133, 58.7, 53.138
2134, 58.73, 53.155
2135, 58.75, 53.172
2136, 58.78, 53.188
2137, 58.8, 53.205
2138, 58.83, 53.222
2139, 58.85, 53.238
2140, 58.87, 53.255
2141, 58.89, 53.272
2142, 58.92, 53.288
2143, 58.95, 53.305
2144, 58.98, 53.322
2145, 59, 53.338
2146, 59.02, 53.355
2147, 59.05, 53.372
2148, 59.07, 53.388
2149, 59.09, 53.405
2150, 59.11, 53.422
2151, 59.14, 53.438
2152, 59.16, 53.455
2153, 59.18, 53.472
2154, 59.21, 53.488
2155, 59.24, 53.505
2156, 59.26, 53.522
2157, 59.28, 53.538
2158, 59.31, 53.555
2159, 59.34, 53.572
2160, 59.36, 53.588
2161, 59.38, 53.605
2162, 59.4, 53.622
2163, 59.42, 53.638
2164, 59.45, 53.655
2165, 59.47, 53.672
2166, 59.5, 53.688
2167, 59.53, 53.705
2168, 59.55, 53.722
2169, 59.57, 53.738
2170, 59.59, 53.755
2171, 59.62, 53.772
2172, 59.65, 53.788
2173, 59.67, 53.805
2174, 59.7, 53.822
2175, 59.72, 53.838
2176, 59.75, 53.855
2177, 59.77, 53.872
2178, 59.79, 53.888
2179, 59.82, 53.905
2180, 59.84, 53.922
2181, 59.87, 53.938
2182, 59.89, 53.955
2183, 59.91, 53.972
2184, 59.93, 53.988
2185, 59.95, 54.005
2186, 59.98, 54.022
2187, 60, 54.038
2188, 60.02, 54.055
2189, 60.05, 54.072
2190, 60.08, 54.088
2191, 60.1, 54.105
2192, 60.12, 54.122
2193, 60.15, 54.138
2194, 60.17, 54.155
2195, 60.19, 54.172
2196, 60.21, 54.188
2197, 60.24, 54.205
2198, 60.26, 54.222
2199, 60.28, 54.238
2200, 60.3, 54.255
2201, 60.29, 54.272
2202, 60.27, 54.288
2203, 60.32, 54.305
2204, 60.34, 54.322
2205, 60.35, 54.338
2206, 60.37, 54.355
2207, 60.39, 54.372
2208, 60.41, 54.388
2209, 60.44, 54.405
2210, 60.46, 54.422
2211, 60.48, 54.438
2212, 60.51, 54.455
2213, 60.53, 54.472
2214, 60.55, 54.488
2215, 60.57, 54.505
2216, 60.59, 54.522
2217, 60.61, 54.538
2218, 60.64, 54.555
2219, 60.66, 54.572
2220, 60.68, 54.588
2221, 60.71, 54.605
2222, 60.73, 54.622
2223, 60.75, 54.638
2224, 60.77, 54.655
2225, 60.8, 54.672
2226, 60.82, 54.688
2227, 60.84, 54.705
2228, 60.86, 54.722
2229, 60.88, 54.738
2230, 60.9, 54.755
2231, 60.93, 54.772
2232, 60.95, 54.788
2233, 60.97, 54.805
2234, 60.99, 54.822
2235, 61.01, 54.838
2236, 61.03, 54.855
2237, 61.05, 54.872
2238, 61.06, 54.888
2239, 61.08, 54.905
2240, 61.11, 54.922
2241, 61.13, 54.938
2242, 61.16, 54.955
2243, 61.18, 54.972
2244, 61.21, 54.988
2245, 61.23, 55.005
2246, 61.24, 55.022
2247, 61.26, 55.038
2248, 61.28, 55.055
2249, 61.3, 55.072
2250, 61.32, 55.088
2251, 61.34, 55.105
2252, 61.34, 55.105
2253, 61.36, 55.122
2254, 61.38, 55.138
2255, 61.4, 55.155
2256, 61.42, 55.172
2257, 61.44, 55.188
2258, 61.46, 55.205
2259, 61.48, 55.222
2260, 61.51, 55.238
2261, 61.53, 55.255
2262, 61.55, 55.272
2263, 61.57, 55.288
2264, 61.59, 55.305
2265, 61.6, 55.322
2266, 61.62, 55.338
2267, 61.64, 55.355
2268, 61.66, 55.372
2269, 61.68, 55.388
2270, 61.7, 55.405
2271, 61.72, 55.422
2272, 61.73, 55.438
2273, 61.75, 55.455
2274, 61.77, 55.472
2275, 61.79, 55.488
2276, 61.81, 55.505
2277, 61.83, 55.522
2278, 61.85, 55.538
2279, 61.87, 55.555
2280, 61.89, 55.572
2281, 61.91, 55.588
2282, 61.93, 55.605
2283, 61.95, 55.622
2284, 61.96, 55.638
2285, 61.98, 55.655
2286, 62, 55.672
2287, 62.01, 55.688
2288, 62.01, 55.688
2289, 62.04, 55.705
2290, 62.06, 55.722
2291, 62.07, 55.738
2292, 62.09, 55.755
2293, 62.11, 55.772
2294, 62.13, 55.788
2295, 62.15, 55.805
2296, 62.17, 55.822
2297, 62.19, 55.838
2298, 62.21, 55.855
2299, 62.22, 55.872
2300, 62.24, 55.888
2301, 62.26, 55.905
2302, 62.28, 55.922
2303, 62.3, 55.938
2304, 62.31, 55.955
2305, 62.33, 55.972
2306, 62.35, 55.988
2307, 62.37, 56.005
2308, 62.39, 56.022
2309, 62.41, 56.038
2310, 62.43, 56.055
2311, 62.45, 56.072
2312, 62.46, 56.088
2313, 62.48, 56.105
2314, 62.5, 56.122
2315, 62.52, 56.138
2316, 62.52, 56.138
2317, 62.54, 56.155
2318, 62.56, 56.172
2319, 62.57, 56.188
2320, 62.59, 56.205
2321, 62.61, 56.222
2322, 62.63, 56.238
2323, 62.64, 56.255
2324, 62.66, 56.272
2325, 62.68, 56.288
2326, 62.7, 56.305
2327, 62.72, 56.322
2328, 62.74, 56.338
2329, 62.75, 56.355
2330, 62.77, 56.372
2331, 62.78, 56.388
2332, 62.79, 56.405
2333, 62.8, 56.422
2334, 62.81, 56.438
2335, 62.81, 56.455
2336, 62.81, 56.472
2337, 62.81, 56.488
2338, 62.81, 56.505
2339, 62.81, 56.505
2340, 62.8, 56.522
2341, 62.79, 56.538
2342, 62.77, 56.555
2343, 62.74, 56.572
2344, 62.69, 56.588
2345, 62.63, 56.605
2346, 62.57, 56.622
2347, 62.49, 56.638
2348, 62.39, 56.655
2349, 62.28, 56.672
2350, 62.15, 56.688
2351, 62, 56.705
2352, 61.82, 56.722
2353, 61.62, 56.738
2354, 61.41, 56.755
2355, 61.19, 56.772
2356, 60.96, 56.788
2357, 60.73, 56.805
2358, 60.49, 56.822
2359, 60.26, 56.838
2360, 60, 56.855
2361, 59.74, 56.872
2362, 59.49, 56.888
2363, 59.24, 56.905
2364, 58.98, 56.922
2365, 58.73, 56.938
2366, 58.47, 56.955
2367, 58.21, 56.972
2368, 57.96, 56.988
2369, 57.7, 57.005
2370, 57.45, 57.022
2371, 57.19, 57.038
2372, 56.94, 57.055
2373, 56.69, 57.072
2374, 56.44, 57.088
2375, 56.18, 57.105
2376, 55.93, 57.122
2377, 55.67, 57.138
2378, 55.16, 57.172
2379, 54.9, 57.188
2380, 54.65, 57.205
2381, 54.39, 57.222
2382, 54.14, 57.238
2383, 53.9, 57.255
2384, 53.65, 57.272
2385, 53.4, 57.288
2386, 53.14, 57.305
2387, 52.64, 57.338
2388, 52.39, 57.355
2389, 52.15, 57.372
2390, 51.9, 57.388
2391, 51.65, 57.405
2392, 51.4, 57.422
2393, 51.13, 57.438
2394, 50.62, 57.472
2395, 50.37, 57.488
2396, 50.12, 57.505
2397, 49.87, 57.522
2398, 49.62, 57.538
2399, 49.13, 57.572
2400, 48.88, 57.588
2401, 48.63, 57.605
2402, 48.39, 57.622
2403, 47.9, 57.655
2404, 47.65, 57.672
2405, 47.41, 57.688
2406, 47.16, 57.705
2407, 46.63, 57.738
2408, 46.39, 57.755
2409, 46.14, 57.772
2410, 45.89, 57.788
2411, 45.38, 57.822
2412, 45.14, 57.838
2413, 44.89, 57.855
2414, 44.39, 57.888
2415, 44.15, 57.905
2416, 43.92, 57.922
2417, 43.43, 57.955
2418, 43.21, 57.972
2419, 42.76, 58.005
2420, 42.54, 58.022
2421, 42.33, 58.038
2422, 41.92, 58.072
2423, 41.73, 58.088
2424, 41.37, 58.122
2425, 41.19, 58.138
2426, 40.86, 58.172
2427, 40.7, 58.188
2428, 40.39, 58.222
2429, 40.22, 58.238
2430, 39.89, 58.272
2431, 39.74, 58.288
2432, 39.45, 58.322
2433, 39.3, 58.338
2434, 39, 58.372
2435, 38.85, 58.388
2436, 38.57, 58.422
2437, 38.43, 58.438
2438, 38.13, 58.472
2439, 37.98, 58.488
2440, 37.69, 58.522
2441, 37.41, 58.555
2442, 37.27, 58.572
2443, 37.01, 58.605
2444, 36.87, 58.622
2445, 36.58, 58.655
2446, 36.31, 58.688
2447, 36.17, 58.705
2448, 35.92, 58.738
2449, 35.67, 58.772
2450, 35.55, 58.788
2451, 35.3, 58.822
2452, 35.03, 58.855
2453, 34.9, 58.872
2454, 34.67, 58.905
2455, 34.45, 58.938
2456, 34.34, 58.955
2457, 34.13, 58.988
2458, 33.92, 59.022
2459, 33.81, 59.038
2460, 33.64, 59.072
2461, 33.49, 59.105
2462, 33.34, 59.138
2463, 33.28, 59.155
2464, 33.17, 59.188
2465, 33.06, 59.222
2466, 32.97, 59.255
2467, 32.89, 59.288
2468, 32.85, 59.305
2469, 32.79, 59.338
2470, 32.73, 59.372
2471, 32.68, 59.405
2472, 32.62, 59.438
2473, 32.57, 59.472
2474, 32.55, 59.488
2475, 32.49, 59.522
2476, 32.43, 59.555
2477, 32.37, 59.588
2478, 32.32, 59.622
2479, 32.26, 59.655
2480, 32.2, 59.688
2481, 32.15, 59.722
2482, 32.11, 59.738
2483, 32.05, 59.772
2484, 31.99, 59.805
2485, 31.94, 59.838
2486, 31.89, 59.872
2487, 31.84, 59.905
2488, 31.74, 59.938
2489, 31.66, 59.972
2490, 31.61, 59.988
2491, 31.38, 60.022
2492, 31.1, 60.055
2493, 30.95, 60.088
2494, 30.77, 60.122
2495, 30.61, 60.155
2496, 30.43, 60.188
2497, 30.26, 60.222
2498, 30.08, 60.255
2499, 29.85, 60.288
2500, 29.66, 60.322
2501, 29.47, 60.355
2502, 29.29, 60.388
2503, 29.09, 60.422
2504, 28.88, 60.455
2505, 28.69, 60.488
2506, 28.41, 60.538
2507, 28.24, 60.572
2508, 28.1, 60.605
2509, 27.98, 60.638
2510, 27.88, 60.672
2511, 27.81, 60.705
2512, 27.75, 60.738
2513, 27.7, 60.772
2514, 27.64, 60.805
2515, 27.56, 60.838
2516, 27.48, 60.888
2517, 27.41, 60.922
2518, 27.35, 60.955
2519, 27.31, 60.988
2520, 27.29, 61.022
2521, 27.27, 61.055
2522, 27.24, 61.105
2523, 27.24, 61.138
2524, 27.23, 61.172
2525, 27.21, 61.205
2526, 27.19, 61.238
2527, 27.14, 61.288
2528, 27.11, 61.322
2529, 27.07, 61.355
2530, 27.02, 61.388
2531, 26.99, 61.422
2532, 26.98, 61.472
2533, 27.01, 61.505
2534, 27.04, 61.538
2535, 27.07, 61.572
2536, 27.11, 61.622
2537, 27.15, 61.655
2538, 27.2, 61.688
2539, 27.26, 61.722
2540, 27.31, 61.755
2541, 27.37, 61.805
2542, 27.43, 61.838
2543, 27.48, 61.872
2544, 27.52, 61.905
2545, 27.58, 61.938
2546, 27.7, 61.988
2547, 27.77, 62.022
2548, 27.86, 62.055
2549, 27.96, 62.088
2550, 28.07, 62.122
2551, 28.18, 62.155
2552, 28.28, 62.188
2553, 28.48, 62.238
2554, 28.62, 62.272
2555, 28.75, 62.305
2556, 28.88, 62.338
2557, 29.03, 62.372
2558, 29.16, 62.405
2559, 29.28, 62.438
2560, 29.4, 62.472
2561, 29.55, 62.505
2562, 29.7, 62.538
2563, 29.83, 62.572
2564, 29.96, 62.605
2565, 30.09, 62.638
2566, 30.22, 62.672
2567, 30.35, 62.705
2568, 30.5, 62.738
2569, 30.63, 62.772
2570, 30.75, 62.805
2571, 30.89, 62.838
2572, 31.03, 62.872
2573, 31.17, 62.905
2574, 31.3, 62.938
2575, 31.35, 62.955
2576, 31.47, 62.988
2577, 31.61, 63.022
2578, 31.74, 63.055
2579, 31.89, 63.088
2580, 32.03, 63.122
2581, 32.15, 63.155
2582, 32.29, 63.188
2583, 32.36, 63.205
2584, 32.5, 63.238
2585, 32.64, 63.272
2586, 32.79, 63.305
2587, 32.93, 63.338
2588, 33.05, 63.372
2589, 33.12, 63.388
2590, 33.24, 63.422
2591, 33.21, 63.455
2592, 33.36, 63.488
2593, 33.47, 63.522
2594, 33.51, 63.538
2595, 33.6, 63.572
2596, 33.72, 63.605
2597, 33.88, 63.638
2598, 34.03, 63.672
2599, 34.09, 63.688
2600, 34.21, 63.722
2601, 34.32, 63.755
2602, 34.44, 63.788
2603, 34.5, 63.805
2604, 34.61, 63.838
2605, 34.73, 63.872
2606, 34.87, 63.905
2607, 34.94, 63.922
2608, 35.06, 63.955
2609, 35.16, 63.988
2610, 35.22, 64.005
2611, 35.33, 64.038
2612, 35.45, 64.072
2613, 35.51, 64.088
2614, 35.63, 64.122
2615, 35.75, 64.155
2616, 35.8, 64.172
2617, 35.92, 64.205
2618, 36.04, 64.238
2619, 36.1, 64.255
2620, 36.21, 64.288
2621, 36.32, 64.322
2622, 36.37, 64.338
2623, 36.47, 64.372
2624, 36.6, 64.405
2625, 36.66, 64.422
2626, 36.77, 64.455
2627, 36.88, 64.488
2628, 36.94, 64.505
2629, 37.04, 64.538
2630, 37.1, 64.555
2631, 37.22, 64.588
2632, 37.33, 64.622
2633, 37.4, 64.638
2634, 37.52, 64.672
2635, 37.58, 64.688
2636, 37.7, 64.722
2637, 37.81, 64.755
2638, 37.86, 64.772
2639, 37.97, 64.805
2640, 38.02, 64.822
2641, 38.12, 64.855
2642, 38.17, 64.872
2643, 38.3, 64.905
2644, 38.36, 64.922
2645, 38.48, 64.955
2646, 38.52, 64.972
2647, 38.62, 65.005
2648, 38.75, 65.038
2649, 38.82, 65.055
2650, 38.93, 65.088
2651, 38.98, 65.105
2652, 39.08, 65.138
2653, 39.13, 65.155
2654, 39.18, 65.172
2655, 39.29, 65.205
2656, 39.34, 65.222
2657, 39.46, 65.255
2658, 39.51, 65.272
2659, 39.62, 65.305
2660, 39.67, 65.322
2661, 39.78, 65.355
2662, 39.84, 65.372
2663, 39.95, 65.405
2664, 40, 65.422
2665, 40.11, 65.455
2666, 40.15, 65.472
2667, 40.26, 65.505
2668, 40.31, 65.522
2669, 40.37, 65.538
2670, 40.48, 65.572
2671, 40.53, 65.588
2672, 40.63, 65.622
2673, 40.68, 65.638
2674, 40.78, 65.672
2675, 40.83, 65.688
2676, 40.89, 65.705
2677, 40.99, 65.738
2678, 41.04, 65.755
2679, 41.13, 65.788
2680, 41.18, 65.805
2681, 41.29, 65.838
2682, 41.34, 65.855
2683, 41.39, 65.872
2684, 41.46, 65.905
2685, 41.43, 65.922
2686, 41.51, 65.955
2687, 41.55, 65.972
2688, 41.59, 65.988
2689, 41.67, 66.022
2690, 41.71, 66.038
2691, 41.81, 66.072
2692, 41.86, 66.088
2693, 41.91, 66.105
2694, 42, 66.138
2695, 42.04, 66.155
2696, 42.14, 66.188
2697, 42.19, 66.205
2698, 42.23, 66.222
2699, 42.32, 66.255
2700, 42.37, 66.272
2701, 42.46, 66.305
2702, 42.51, 66.322
2703, 42.55, 66.338
2704, 42.65, 66.372
2705, 42.69, 66.388
2706, 42.79, 66.422
2707, 42.84, 66.438
2708, 42.89, 66.455
2709, 42.98, 66.488
2710, 43.02, 66.505
2711, 43.12, 66.538
2712, 43.16, 66.555
2713, 43.21, 66.572
2714, 43.3, 66.605
2715, 43.34, 66.622
2716, 43.39, 66.638
2717, 43.48, 66.672
2718, 43.53, 66.688
2719, 43.62, 66.722
2720, 43.66, 66.738
2721, 43.71, 66.755
2722, 43.81, 66.788
2723, 43.84, 66.805
2724, 43.89, 66.822
2725, 43.98, 66.855
2726, 44.03, 66.872
2727, 44.08, 66.888
2728, 44.17, 66.922
2729, 44.21, 66.938
2730, 44.3, 66.972
2731, 44.34, 66.988
2732, 44.39, 67.005
2733, 44.48, 67.038
2734, 44.52, 67.055
2735, 44.57, 67.072
2736, 44.66, 67.105
2737, 44.7, 67.122
2738, 44.74, 67.138
2739, 44.82, 67.172
2740, 44.87, 67.188
2741, 44.91, 67.205
2742, 45, 67.238
2743, 45.05, 67.255
2744, 45.09, 67.272
2745, 45.18, 67.305
2746, 45.22, 67.322
2747, 45.25, 67.338
2748, 45.35, 67.372
2749, 45.4, 67.388
2750, 45.44, 67.405
2751, 45.52, 67.438
2752, 45.56, 67.455
2753, 45.61, 67.472
2754, 45.65, 67.488
2755, 45.73, 67.522
2756, 45.78, 67.538
2757, 45.82, 67.555
2758, 45.9, 67.588
2759, 45.94, 67.605
2760, 45.98, 67.622
2761, 46.07, 67.655
2762, 46.11, 67.672
2763, 46.15, 67.688
2764, 46.23, 67.722
2765, 46.26, 67.738
2766, 46.3, 67.755
2767, 46.35, 67.772
2768, 46.43, 67.805
2769, 46.47, 67.822
2770, 46.51, 67.838
2771, 46.59, 67.872
2772, 46.63, 67.888
2773, 46.67, 67.905
2774, 46.71, 67.922
2775, 46.78, 67.955
2776, 46.81, 67.972
2777, 46.85, 67.988
2778, 46.94, 68.022
2779, 46.98, 68.038
2780, 47.02, 68.055
2781, 47.05, 68.072
2782, 47.13, 68.105
2783, 47.17, 68.122
2784, 47.21, 68.138
2785, 47.24, 68.155
2786, 47.32, 68.188
2787, 47.35, 68.205
2788, 47.39, 68.222
2789, 47.46, 68.255
2790, 47.5, 68.272
2791, 47.54, 68.288
2792, 47.58, 68.305
2793, 47.66, 68.338
2794, 47.7, 68.355
2795, 47.73, 68.372
2796, 47.77, 68.388
2797, 47.85, 68.422
2798, 47.88, 68.438
2799, 47.91, 68.455
2800, 47.95, 68.472
2801, 48.03, 68.505
2802, 48.07, 68.522
2803, 48.11, 68.538
2804, 48.15, 68.555
2805, 48.23, 68.588
2806, 48.26, 68.605
2807, 48.3, 68.622
2808, 48.33, 68.638
2809, 48.4, 68.672
2810, 48.44, 68.688
2811, 48.48, 68.705
2812, 48.52, 68.722
2813, 48.59, 68.755
2814, 48.62, 68.772
2815, 48.66, 68.788
2816, 48.69, 68.805
2817, 48.78, 68.838
2818, 48.82, 68.855
2819, 48.85, 68.872
2820, 48.88, 68.888
2821, 48.92, 68.905
2822, 48.99, 68.938
2823, 49.03, 68.955
2824, 49.06, 68.972
2825, 49.09, 68.988
2826, 49.15, 69.022
2827, 49.19, 69.038
2828, 49.23, 69.055
2829, 49.27, 69.072
2830, 49.33, 69.105
2831, 49.36, 69.122
2832, 49.4, 69.138
2833, 49.43, 69.155
2834, 49.46, 69.172
2835, 49.54, 69.205
2836, 49.57, 69.222
2837, 49.6, 69.238
2838, 49.63, 69.255
2839, 49.66, 69.272
2840, 49.72, 69.305
2841, 49.75, 69.322
2842, 49.79, 69.338
2843, 49.83, 69.355
2844, 49.9, 69.388
2845, 49.93, 69.405
2846, 49.95, 69.422
2847, 49.98, 69.438
2848, 50.01, 69.455
2849, 50.08, 69.488
2850, 50.11, 69.505
2851, 50.15, 69.522
2852, 50.18, 69.538
2853, 50.21, 69.555
2854, 50.27, 69.588
2855, 50.3, 69.605
2856, 50.31, 69.622
2857, 50.26, 69.638
2858, 50.29, 69.655
2859, 50.36, 69.688
2860, 50.37, 69.705
2861, 50.4, 69.722
2862, 50.44, 69.738
2863, 50.47, 69.755
2864, 50.53, 69.788
2865, 50.56, 69.805
2866, 50.59, 69.822
2867, 50.62, 69.838
2868, 50.65, 69.855
2869, 50.68, 69.872
2870, 50.75, 69.905
2871, 50.78, 69.922
2872, 50.81, 69.938
2873, 50.84, 69.955
2874, 50.87, 69.972
2875, 50.93, 70.005
2876, 50.95, 70.022
2877, 50.98, 70.038
2878, 51.01, 70.055
2879, 51.04, 70.072
2880, 51.07, 70.088
2881, 51.14, 70.122
2882, 51.17, 70.138
2883, 51.2, 70.155
2884, 51.23, 70.172
2885, 51.26, 70.188
2886, 51.31, 70.222
2887, 51.34, 70.238
2888, 51.38, 70.255
2889, 51.41, 70.272
2890, 51.45, 70.288
2891, 51.48, 70.305
2892, 51.54, 70.338
2893, 51.57, 70.355
2894, 51.6, 70.372
2895, 51.63, 70.388
2896, 51.66, 70.405
2897, 51.69, 70.422
2898, 51.75, 70.455
2899, 51.78, 70.472
2900, 51.81, 70.488
2901, 51.84, 70.505
2902, 51.87, 70.522
2903, 51.9, 70.538
2904, 51.94, 70.555
2905, 52, 70.588
2906, 52.03, 70.605
2907, 52.06, 70.622
2908, 52.09, 70.638
2909, 52.11, 70.655
2910, 52.14, 70.672
2911, 52.2, 70.705
2912, 52.23, 70.722
2913, 52.26, 70.738
2914, 52.29, 70.755
2915, 52.32, 70.772
2916, 52.35, 70.788
2917, 52.4, 70.822
2918, 52.42, 70.838
2919, 52.44, 70.855
2920, 52.47, 70.872
2921, 52.5, 70.888
2922, 52.54, 70.905
2923, 52.57, 70.922
2924, 52.63, 70.955
2925, 52.66, 70.972
2926, 52.69, 70.988
2927, 52.72, 71.005
2928, 52.74, 71.022
2929, 52.77, 71.038
2930, 52.8, 71.055
2931, 52.85, 71.088
2932, 52.88, 71.105
2933, 52.91, 71.122
2934, 52.94, 71.138
2935, 52.96, 71.155
2936, 52.99, 71.172
2937, 53.02, 71.188
2938, 53.05, 71.205
2939, 53.11, 71.238
2940, 53.14, 71.255
2941, 53.16, 71.272
2942, 53.19, 71.288
2943, 53.21, 71.305
2944, 53.23, 71.322
2945, 53.26, 71.338
2946, 53.33, 71.372
2947, 53.36, 71.388
2948, 53.38, 71.405
2949, 53.41, 71.422
2950, 53.43, 71.438
2951, 53.45, 71.455
2952, 53.48, 71.472
2953, 53.51, 71.488
2954, 53.57, 71.522
2955, 53.6, 71.538
2956, 53.63, 71.555
2957, 53.65, 71.572
2958, 53.68, 71.588
2959, 53.7, 71.605
2960, 53.73, 71.622
2961, 53.75, 71.638
2962, 53.78, 71.655
2963, 53.83, 71.688
2964, 53.86, 71.705
2965, 53.89, 71.722
2966, 53.92, 71.738
2967, 53.94, 71.755
2968, 53.97, 71.772
2969, 53.99, 71.788
2970, 54.01, 71.805
2971, 54.06, 71.838
2972, 54.09, 71.855
2973, 54.11, 71.872
2974, 54.13, 71.888
2975, 54.16, 71.905
2976, 54.18, 71.922
2977, 54.21, 71.938
2978, 54.24, 71.955
2979, 54.26, 71.972
2980, 54.31, 72.005
2981, 54.33, 72.022
2982, 54.36, 72.038
2983, 54.38, 72.055
2984, 54.41, 72.072
2985, 54.43, 72.088
2986, 54.45, 72.105
2987, 54.47, 72.122
2988, 54.5, 72.138
2989, 54.55, 72.172
2990, 54.58, 72.188
2991, 54.6, 72.205
2992, 54.62, 72.222
2993, 54.64, 72.238
2994, 54.66, 72.255
2995, 54.68, 72.272
2996, 54.71, 72.288
2997, 54.73, 72.305
2998, 54.74, 72.322
2999, 54.78, 72.355
3000, 54.82, 72.372
3001, 54.85, 72.388
3002, 54.88, 72.405
3003, 54.9, 72.422
3004, 54.92, 72.438
3005, 54.94, 72.455
3006, 54.96, 72.472
3007, 54.99, 72.488
3008, 55.01, 72.505
3009, 55.05, 72.538
3010, 55.07, 72.555
3011, 55.1, 72.572
3012, 55.13, 72.588
3013, 55.15, 72.605
3014, 55.17, 72.622
3015, 55.19, 72.638
3016, 55.22, 72.655
3017, 55.24, 72.672
3018, 55.27, 72.688
3019, 55.3, 72.705
3020, 55.35, 72.738
3021, 55.37, 72.755
3022, 55.39, 72.772
3023, 55.41, 72.788
3024, 55.44, 72.805
3025, 55.48, 72.822
3026, 55.5, 72.838
3027, 55.53, 72.855
3028, 55.55, 72.872
3029, 55.58, 72.888
3030, 55.6, 72.905
3031, 55.61, 72.922
3032, 55.66, 72.955
3033, 55.69, 72.972
3034, 55.72, 72.988
3035, 55.74, 73.005
3036, 55.76, 73.022
3037, 55.78, 73.038
3038, 55.8, 73.055
3039, 55.83, 73.072
3040, 55.85, 73.088
3041, 55.88, 73.105
3042, 55.91, 73.122
3043, 55.93, 73.138
3044, 55.97, 73.172
3045, 56, 73.188
3046, 56.02, 73.205
3047, 56.04, 73.222
3048, 56.06, 73.238
3049, 56.08, 73.255
3050, 56.1, 73.272
3051, 56.13, 73.288
3052, 56.16, 73.305
3053, 56.18, 73.322
3054, 56.2, 73.338
3055, 56.22, 73.355
3056, 56.25, 73.372
3057, 56.27, 73.388
3058, 56.28, 73.405
3059, 56.32, 73.438
3060, 56.35, 73.455
3061, 56.37, 73.472
3062, 56.4, 73.488
3063, 56.42, 73.505
3064, 56.44, 73.522
3065, 56.46, 73.538
3066, 56.48, 73.555
3067, 56.51, 73.572
3068, 56.53, 73.588
3069, 56.54, 73.605
3070, 56.56, 73.622
3071, 56.58, 73.638
3072, 56.6, 73.655
3073, 56.63, 73.672
3074, 56.65, 73.688
3075, 56.69, 73.722
3076, 56.71, 73.738
3077, 56.73, 73.755
3078, 56.75, 73.772
3079, 56.77, 73.788
3080, 56.8, 73.805
3081, 56.82, 73.822
3082, 56.84, 73.838
3083, 56.86, 73.855
3084, 56.88, 73.872
3085, 56.9, 73.888
3086, 56.92, 73.905
3087, 56.93, 73.922
3088, 56.94, 73.938
3089, 56.96, 73.955
3090, 56.99, 73.972
3091, 57.01, 73.988
3092, 57.06, 74.022
3093, 57.09, 74.038
3094, 57.1, 74.055
3095, 57.12, 74.072
3096, 57.14, 74.088
3097, 57.16, 74.105
3098, 57.18, 74.122
3099, 57.2, 74.138
3100, 57.22, 74.155
3101, 57.24, 74.172
3102, 57.25, 74.188
3103, 57.27, 74.205
3104, 57.29, 74.222
3105, 57.31, 74.238
3106, 57.34, 74.255
3107, 57.36, 74.272
3108, 57.38, 74.288
3109, 57.4, 74.305
3110, 57.42, 74.322
3111, 57.44, 74.338
3112, 57.46, 74.355
3113, 57.5, 74.388
3114, 57.52, 74.405
3115, 57.54, 74.422
3116, 57.56, 74.438
3117, 57.58, 74.455
3118, 57.6, 74.472
3119, 57.62, 74.488
3120, 57.64, 74.505
3121, 57.65, 74.522
3122, 57.67, 74.538
3123, 57.69, 74.555
3124, 57.71, 74.572
3125, 57.73, 74.588
3126, 57.75, 74.605
3127, 57.77, 74.622
3128, 57.79, 74.638
3129, 57.81, 74.655
3130, 57.83, 74.672
3131, 57.85, 74.688
3132, 57.87, 74.705
3133, 57.88, 74.722
3134, 57.91, 74.738
3135, 57.92, 74.755
3136, 57.94, 74.772
3137, 57.96, 74.788
3138, 57.98, 74.805
3139, 58.01, 74.838
3140, 58.03, 74.855
3141, 58.05, 74.872
3142, 58.07, 74.888
3143, 58.09, 74.905
3144, 58.11, 74.922
3145, 58.12, 74.938
3146, 58.14, 74.955
3147, 58.16, 74.972
3148, 58.18, 74.988
3149, 58.2, 75.005
3150, 58.22, 75.022
3151, 58.23, 75.038
3152, 58.25, 75.055
3153, 58.26, 75.072
3154, 58.28, 75.088
3155, 58.3, 75.105
3156, 58.32, 75.122
3157, 58.33, 75.138
3158, 58.36, 75.155
3159, 58.38, 75.172
3160, 58.4, 75.188
3161, 58.42, 75.205
3162, 58.43, 75.222
3163, 58.45, 75.238
3164, 58.47, 75.255
3165, 58.49, 75.272
3166, 58.51, 75.288
3167, 58.53, 75.305
3168, 58.55, 75.322
3169, 58.57, 75.338
3170, 58.59, 75.355
3171, 58.6, 75.372
3172, 58.62, 75.388
3173, 58.64, 75.405
3174, 58.67, 75.422
3175, 58.71, 75.455
3176, 58.73, 75.472
3177, 58.74, 75.488
3178, 58.76, 75.505
3179, 58.77, 75.522
3180, 58.79, 75.538
3181, 58.82, 75.555
3182, 58.84, 75.572
3183, 58.86, 75.588
3184, 58.88, 75.605
3185, 58.9, 75.622
3186, 58.92, 75.638
3187, 58.93, 75.655
3188, 58.95, 75.672
3189, 58.97, 75.688
3190, 58.99, 75.705
3191, 59.01, 75.722
3192, 59.03, 75.738
3193, 59.03, 75.755
3194, 59.04, 75.772
3195, 59.06, 75.788
3196, 59.08, 75.805
3197, 59.1, 75.822
3198, 59.13, 75.838
3199, 59.15, 75.855
3200, 59.17, 75.872
3201, 59.18, 75.888
3202, 59.19, 75.905
3203, 59.21, 75.922
3204, 59.23, 75.938
3205, 59.24, 75.955
3206, 59.26, 75.972
3207, 59.27, 75.988
3208, 59.29, 76.005
3209, 59.3, 76.022
3210, 59.31, 76.038
3211, 59.32, 76.055
3212, 59.34, 76.072
3213, 59.36, 76.088
3214, 59.38, 76.105
3215, 59.41, 76.122
3216, 59.42, 76.138
3217, 59.44, 76.155
3218, 59.45, 76.172
3219, 59.47, 76.188
3220, 59.49, 76.205
3221, 59.51, 76.222
3222, 59.53, 76.238
3223, 59.54, 76.255
3224, 59.56, 76.272
3225, 59.57, 76.288
3226, 59.59, 76.305
3227, 59.61, 76.322
3228, 59.63, 76.338
3229, 59.62, 76.355
3230, 59.58, 76.372
3231, 59.63, 76.388
3232, 59.63, 76.405
3233, 59.62, 76.422
3234, 59.64, 76.438
3235, 59.66, 76.455
3236, 59.68, 76.472
3237, 59.69, 76.488
3238, 59.71, 76.505
3239, 59.72, 76.522
3240, 59.74, 76.538
3241, 59.76, 76.555
3242, 59.78, 76.572
3243, 59.8, 76.588
3244, 59.81, 76.605
3245, 59.83, 76.622
3246, 59.84, 76.638
3247, 59.86, 76.655
3248, 59.88, 76.672
3249, 59.9, 76.688
3250, 59.92, 76.705
3251, 59.94, 76.722
3252, 59.96, 76.738
3253, 59.98, 76.755
3254, 60, 76.772
3255, 60.01, 76.788
3256, 60.03, 76.805
3257, 60.05, 76.822
3258, 60.06, 76.838
3259, 60.08, 76.855
3260, 60.1, 76.872
3261, 60.12, 76.888
3262, 60.14, 76.905
3263, 60.16, 76.922
3264, 60.17, 76.938
3265, 60.19, 76.955
3266, 60.21, 76.972
3267, 60.23, 76.988
3268, 60.25, 77.005
3269, 60.26, 77.022
3270, 60.28, 77.038
3271, 60.29, 77.055
3272, 60.31, 77.072
3273, 60.33, 77.088
3274, 60.36, 77.105
3275, 60.38, 77.122
3276, 60.39, 77.138
3277, 60.4, 77.155
3278, 60.42, 77.172
3279, 60.44, 77.188
3280, 60.46, 77.205
3281, 60.47, 77.222
3282, 60.49, 77.238
3283, 60.51, 77.255
3284, 60.52, 77.272
3285, 60.54, 77.288
3286, 60.56, 77.305
3287, 60.57, 77.322
3288, 60.58, 77.338
3289, 60.59, 77.355
3290, 60.61, 77.372
3291, 60.63, 77.388
3292, 60.65, 77.405
3293, 60.66, 77.422
3294, 60.67, 77.438
3295, 60.67, 77.455
3296, 60.68, 77.472
3297, 60.69, 77.488
3298, 60.71, 77.505
3299, 60.72, 77.522
3300, 60.74, 77.538
3301, 60.74, 77.555
3302, 60.75, 77.572
3303, 60.76, 77.588
3304, 60.77, 77.605
3305, 60.78, 77.622
3306, 60.78, 77.638
3307, 60.79, 77.655
3308, 60.8, 77.672
3309, 60.81, 77.688
3310, 60.82, 77.705
3311, 60.83, 77.722
3312, 60.84, 77.738
3313, 60.84, 77.738
3314, 60.85, 77.755
3315, 60.86, 77.772
3316, 60.87, 77.788
3317, 60.88, 77.805
3318, 60.89, 77.822
3319, 60.89, 77.838
3320, 60.9, 77.855
3321, 60.91, 77.872
3322, 60.92, 77.888
3323, 60.94, 77.905
3324, 60.95, 77.922
3325, 60.97, 77.938
3326, 60.99, 77.955
3327, 61, 77.972
3328, 61.02, 77.988
3329, 61.03, 78.005
3330, 61.04, 78.022
3331, 61.05, 78.038
3332, 61.06, 78.055
3333, 61.07, 78.072
3334, 61.07, 78.088
3335, 61.08, 78.105
3336, 61.09, 78.122
3337, 61.11, 78.138
3338, 61.12, 78.155
3339, 61.13, 78.172
3340, 61.14, 78.188
3341, 61.14, 78.205
3342, 61.13, 78.222
3343, 61.12, 78.238
3344, 61.1, 78.255
3345, 61.07, 78.272
3346, 61.02, 78.288
3347, 60.96, 78.305
3348, 60.88, 78.322
3349, 60.79, 78.338
3350, 60.68, 78.355
3351, 60.56, 78.372
3352, 60.43, 78.388
3353, 60.29, 78.405
3354, 60.13, 78.422
3355, 59.94, 78.438
3356, 59.75, 78.455
3357, 59.56, 78.472
3358, 59.36, 78.488
3359, 59.16, 78.505
3360, 58.95, 78.522
3361, 58.75, 78.538
3362, 58.55, 78.555
3363, 58.3, 78.572
3364, 58.05, 78.588
3365, 57.8, 78.605
3366, 57.56, 78.622
3367, 57.31, 78.638
3368, 57.07, 78.655
3369, 56.83, 78.672
3370, 56.59, 78.688
3371, 56.35, 78.705
3372, 56.12, 78.722
3373, 55.88, 78.738
3374, 55.64, 78.755
3375, 55.19, 78.788
3376, 54.95, 78.805
3377, 54.7, 78.822
3378, 54.45, 78.838
3379, 54.19, 78.855
3380, 53.93, 78.872
3381, 53.68, 78.888
3382, 53.45, 78.905
3383, 53.21, 78.922
3384, 52.97, 78.938
3385, 52.51, 78.972
3386, 52.28, 78.988
3387, 52.05, 79.005
3388, 51.82, 79.022
3389, 51.56, 79.038
3390, 51.32, 79.055
3391, 50.84, 79.088
3392, 50.6, 79.105
3393, 50.37, 79.122
3394, 50.12, 79.138
3395, 49.88, 79.155
3396, 49.63, 79.172
3397, 49.16, 79.205
3398, 48.93, 79.222
3399, 48.7, 79.238
3400, 48.46, 79.255
3401, 48, 79.288
3402, 47.78, 79.305
3403, 47.53, 79.322
3404, 47.29, 79.338
3405, 46.85, 79.372
3406, 46.61, 79.388
3407, 46.36, 79.405
3408, 45.93, 79.438
3409, 45.72, 79.455
3410, 45.48, 79.472
3411, 45.22, 79.488
3412, 44.73, 79.522
3413, 44.46, 79.538
3414, 43.97, 79.572
3415, 43.72, 79.588
3416, 43.47, 79.605
3417, 43.02, 79.638
3418, 42.78, 79.655
3419, 42.54, 79.672
3420, 42.11, 79.705
3421, 41.88, 79.722
3422, 41.4, 79.755
3423, 41.17, 79.772
3424, 40.73, 79.805
3425, 40.51, 79.822
3426, 40.08, 79.855
3427, 39.87, 79.872
3428, 39.41, 79.905
3429, 39.18, 79.922
3430, 38.66, 79.955
3431, 38.42, 79.972
3432, 37.94, 80.005
3433, 37.7, 80.022
3434, 37.23, 80.055
3435, 36.76, 80.088
3436, 36.53, 80.105
3437, 36.06, 80.138
3438, 35.62, 80.172
3439, 35.4, 80.188
3440, 34.94, 80.222
3441, 34.49, 80.255
3442, 34.27, 80.272
3443, 33.81, 80.305
3444, 33.38, 80.338
3445, 32.94, 80.372
3446, 32.71, 80.388
3447, 32.27, 80.422
3448, 31.83, 80.455
3449, 31.4, 80.488
3450, 30.97, 80.522
3451, 30.56, 80.555
3452, 30.16, 80.588
3453, 29.94, 80.605
3454, 29.54, 80.638
3455, 29.18, 80.672
3456, 28.8, 80.705
3457, 28.44, 80.738
3458, 28.07, 80.772
3459, 27.72, 80.805
3460, 27.33, 80.855
3461, 27.12, 80.888
3462, 26.93, 80.922
3463, 26.8, 80.955
3464, 26.62, 80.988
3465, 26.46, 81.022
3466, 26.35, 81.072
3467, 26.28, 81.105
3468, 26.2, 81.138
3469, 26.11, 81.172
3470, 25.99, 81.222
3471, 25.9, 81.255
3472, 25.81, 81.288
3473, 25.7, 81.338
3474, 25.63, 81.372
3475, 25.57, 81.405
3476, 25.52, 81.455
3477, 25.52, 81.488
3478, 25.52, 81.522
3479, 25.5, 81.555
3480, 25.47, 81.605
3481, 25.51, 81.638
3482, 25.52, 81.672
3483, 25.53, 81.722
3484, 25.54, 81.755
3485, 25.52, 81.788
3486, 25.52, 81.838
3487, 25.55, 81.872
3488, 25.58, 81.905
3489, 25.62, 81.955
3490, 25.64, 81.988
3491, 25.69, 82.022
3492, 25.8, 82.072
3493, 25.9, 82.105
3494, 25.99, 82.138
3495, 26.15, 82.188
3496, 26.23, 82.222
3497, 26.35, 82.255
3498, 26.52, 82.288
3499, 26.74, 82.338
3500, 26.84, 82.372
3501, 26.99, 82.405
3502, 27.18, 82.455
3503, 27.27, 82.488
3504, 27.38, 82.522
3505, 27.48, 82.555
3506, 27.53, 82.588
3507, 27.63, 82.638
3508, 27.7, 82.672
3509, 27.74, 82.705
3510, 27.76, 82.738
3511, 27.81, 82.772
3512, 27.86, 82.805
3513, 27.88, 82.838
3514, 27.99, 82.888
3515, 28.03, 82.922
3516, 28.04, 82.955
3517, 28.05, 82.988
3518, 28.07, 83.022
3519, 28.11, 83.055
3520, 28.16, 83.088
3521, 28.18, 83.138
3522, 28.16, 83.172
3523, 28.14, 83.205
3524, 28.14, 83.238
3525, 28.17, 83.272
3526, 28.21, 83.305
3527, 28.27, 83.338
3528, 28.36, 83.388
3529, 28.44, 83.422
3530, 28.55, 83.455
3531, 28.66, 83.488
3532, 28.76, 83.522
3533, 28.87, 83.555
3534, 28.99, 83.588
3535, 29.13, 83.622
3536, 29.25, 83.655
3537, 29.37, 83.688
3538, 29.49, 83.722
3539, 29.61, 83.755
3540, 29.77, 83.788
3541, 29.91, 83.822
3542, 30.01, 83.855
3543, 30.12, 83.888
3544, 30.26, 83.922
3545, 30.4, 83.955
3546, 30.53, 83.988
3547, 30.66, 84.022
3548, 30.79, 84.055
3549, 30.9, 84.088
3550, 31.01, 84.122
3551, 31.15, 84.155
3552, 31.3, 84.188
3553, 31.43, 84.222
3554, 31.55, 84.255
3555, 31.67, 84.288
3556, 31.73, 84.305
3557, 31.86, 84.338
3558, 31.99, 84.372
3559, 32.13, 84.405
3560, 32.27, 84.438
3561, 32.4, 84.472
3562, 32.53, 84.505
3563, 32.6, 84.522
3564, 32.74, 84.555
3565, 32.88, 84.588
3566, 33.01, 84.622
3567, 33.12, 84.655
3568, 33.11, 84.672
3569, 33.15, 84.705
3570, 33.29, 84.738
3571, 33.41, 84.772
3572, 33.53, 84.805
3573, 33.59, 84.822
3574, 33.72, 84.855
3575, 33.84, 84.888
3576, 33.96, 84.922
3577, 34.03, 84.938
3578, 34.16, 84.972
3579, 34.27, 85.005
3580, 34.39, 85.038
3581, 34.46, 85.055
3582, 34.6, 85.088
3583, 34.72, 85.122
3584, 34.84, 85.155
3585, 34.91, 85.172
3586, 35.03, 85.205
3587, 35.16, 85.238
3588, 35.22, 85.255
3589, 35.35, 85.288
3590, 35.47, 85.322
3591, 35.6, 85.355
3592, 35.66, 85.372
3593, 35.79, 85.405
3594, 35.9, 85.438
3595, 35.96, 85.455
3596, 36.09, 85.488
3597, 36.22, 85.522
3598, 36.28, 85.538
3599, 36.4, 85.572
3600, 36.52, 85.605
3601, 36.58, 85.622
3602, 36.69, 85.655
3603, 36.75, 85.672
3604, 36.88, 85.705
3605, 37, 85.738
3606, 37.06, 85.755
3607, 37.17, 85.788
3608, 37.28, 85.822
3609, 37.34, 85.838
3610, 37.47, 85.872
3611, 37.53, 85.888
3612, 37.64, 85.922
3613, 37.74, 85.955
3614, 37.8, 85.972
3615, 37.93, 86.005
