0, 44.33, 77.406
1, 44.4, 77.423
2, 44.56, 77.456
3, 44.64, 77.473
4, 44.71, 77.49
5, 44.86, 77.523
6, 44.94, 77.54
7, 45.01, 77.556
8, 45.16, 77.59
9, 45.24, 77.606
10, 45.32, 77.623
11, 45.46, 77.656
12, 45.53, 77.673
13, 45.6, 77.69
14, 45.75, 77.723
15, 45.83, 77.74
16, 45.9, 77.756
17, 46.05, 77.79
18, 46.12, 77.806
19, 46.2, 77.823
20, 46.34, 77.856
21, 46.41, 77.873
22, 46.48, 77.89
23, 46.55, 77.906
24, 46.7, 77.94
25, 46.77, 77.956
26, 46.84, 77.973
27, 46.98, 78.006
28, 47.05, 78.023
29, 47.12, 78.04
30, 47.19, 78.056
31, 47.33, 78.09
32, 47.4, 78.106
33, 47.46, 78.123
34, 47.53, 78.14
35, 47.67, 78.173
36, 47.74, 78.19
37, 47.8, 78.206
38, 47.93, 78.24
39, 48, 78.256
40, 48.07, 78.273
41, 48.14, 78.29
42, 48.27, 78.323
43, 48.34, 78.34
44, 48.41, 78.356
45, 48.47, 78.373
46, 48.54, 78.39
47, 48.58, 78.423
48, 48.55, 78.44
49, 48.68, 78.456
50, 48.78, 78.473
51, 48.88, 78.506
52, 48.95, 78.523
53, 49, 78.54
54, 49.05, 78.556
55, 49.16, 78.59
56, 49.22, 78.606
57, 49.27, 78.623
58, 49.33, 78.64
59, 49.39, 78.656
60, 49.51, 78.69
61, 49.56, 78.706
62, 49.62, 78.723
63, 49.68, 78.74
64, 49.73, 78.756
65, 49.84, 78.79
66, 49.9, 78.806
67, 49.95, 78.823
68, 50.01, 78.84
69, 50.07, 78.856
70, 50.18, 78.89
71, 50.23, 78.906
72, 50.29, 78.923
73, 50.35, 78.94
74, 50.4, 78.956
75, 50.5, 78.99
76, 50.56, 79.006
77, 50.62, 79.023
78, 50.67, 79.04
79, 50.72, 79.056
80, 50.83, 1.691
81, 50.88, 1.707
82, 50.93, 1.724
83, 50.99, 1.741
84, 51.04, 1.757
85, 51.1, 1.774
86, 51.2, 1.807
87, 51.25, 1.824
88, 51.31, 1.841
89, 51.36, 1.857
90, 51.41, 1.874
91, 51.46, 1.891
92, 51.57, 1.924
93, 51.62, 1.941
94, 51.67, 1.957
95, 51.72, 1.974
96, 51.77, 1.991
97, 51.78, 2.007
98, 51.74, 2.041
99, 51.71, 2.057
100, 51.68, 2.074
101, 51.6, 2.091
102, 51.5, 2.107
103, 51.48, 2.124
104, 51.41, 2.157
105, 51.37, 2.174
106, 51.29, 2.191
107, 51.24, 2.207
108, 51.2, 2.224
109, 51.15, 2.241
110, 51.08, 2.257
111, 50.96, 2.291
112, 50.9, 2.307
113, 50.83, 2.324
114, 50.75, 2.341
115, 50.68, 2.357
116, 50.52, 2.391
117, 50.44, 2.407
118, 50.35, 2.424
119, 50.25, 2.441
120, 50.15, 2.457
121, 50.05, 2.474
122, 49.83, 2.507
123, 49.72, 2.524
124, 49.6, 2.541
125, 49.47, 2.557
126, 49.35, 2.574
127, 49.09, 2.607
128, 48.95, 2.624
129, 48.81, 2.641
130, 48.66, 2.657
131, 48.38, 2.691
132, 48.24, 2.707
133, 48.09, 2.724
134, 47.95, 2.741
135, 47.68, 2.774
136, 47.55, 2.791
137, 47.35, 2.807
138, 47.12, 2.824
139, 46.85, 2.857
140, 46.74, 2.874
141, 46.62, 2.891
142, 46.48, 2.907
143, 46.23, 2.941
144, 46.14, 2.957
145, 46.04, 2.974
146, 45.83, 3.007
147, 45.74, 3.024
148, 45.65, 3.041
149, 45.46, 3.074
150, 45.36, 3.091
151, 45.26, 3.107
152, 45.07, 3.141
153, 44.97, 3.157
154, 44.87, 3.174
155, 44.69, 3.207
156, 44.59, 3.224
157, 44.49, 3.241
158, 44.31, 3.274
159, 44.21, 3.291
160, 44.13, 3.307
161, 43.96, 3.341
162, 43.88, 3.357
163, 43.79, 3.374
164, 43.64, 3.407
165, 43.57, 3.424
166, 43.42, 3.457
167, 43.36, 3.474
168, 43.29, 3.491
169, 43.16, 3.524
170, 43.09, 3.541
171, 42.97, 3.574
172, 42.91, 3.591
173, 42.84, 3.607
174, 42.73, 3.641
175, 42.67, 3.657
176, 42.54, 3.691
177, 42.48, 3.707
178, 42.42, 3.724
179, 42.3, 3.757
180, 42.24, 3.774
181, 42.12, 3.807
182, 42.06, 3.824
183, 41.95, 3.857
184, 41.9, 3.874
185, 41.84, 3.891
186, 41.73, 3.924
187, 41.67, 3.941
188, 41.56, 3.974
189, 41.5, 3.991
190, 41.39, 4.024
191, 41.34, 4.041
192, 41.28, 4.057
193, 41.17, 4.091
194, 41.12, 4.107
195, 41.01, 4.141
196, 40.96, 4.157
197, 40.85, 4.191
198, 40.79, 4.207
199, 40.69, 4.241
200, 40.64, 4.257
201, 40.53, 4.291
202, 40.48, 4.307
203, 40.38, 4.341
204, 40.33, 4.357
205, 40.23, 4.391
206, 40.17, 4.407
207, 40.07, 4.441
208, 40.02, 4.457
209, 39.91, 4.491
210, 39.87, 4.507
211, 39.77, 4.541
212, 39.74, 4.557
213, 39.67, 4.591
214, 39.67, 4.607
215, 39.71, 4.641
216, 39.68, 4.657
217, 39.69, 4.691
218, 39.71, 4.707
219, 39.84, 4.741
220, 39.89, 4.757
221, 39.87, 4.791
222, 39.98, 4.824
223, 40.08, 4.841
224, 40.23, 4.874
225, 40.28, 4.891
226, 40.4, 4.924
227, 40.42, 4.941
228, 40.45, 4.974
229, 40.48, 4.991
230, 40.65, 5.024
231, 40.79, 5.041
232, 40.97, 5.074
233, 41, 5.091
234, 41.11, 5.124
235, 41.16, 5.141
236, 41.26, 5.174
237, 41.35, 5.191
238, 41.44, 5.207
239, 41.49, 5.241
240, 41.48, 5.257
241, 41.66, 5.291
242, 41.81, 5.307
243, 41.96, 5.341
244, 41.95, 5.357
245, 42.12, 5.391
246, 42.19, 5.407
247, 42.23, 5.441
248, 42.25, 5.457
249, 42.45, 5.491
250, 42.55, 5.507
251, 42.62, 5.524
252, 42.63, 5.557
253, 42.66, 5.574
254, 42.71, 5.607
255, 42.79, 5.624
256, 43.08, 5.657
257, 43.16, 5.674
258, 43.17, 5.691
259, 43.25, 5.724
260, 43.28, 5.741
261, 43.33, 5.774
262, 43.43, 5.791
263, 43.54, 5.807
264, 43.64, 5.841
265, 43.68, 5.857
266, 43.78, 5.891
267, 43.83, 5.907
268, 43.87, 5.924
269, 43.95, 5.957
270, 44, 5.974
271, 44.11, 6.007
272, 44.16, 6.024
273, 44.18, 6.041
274, 44.23, 6.074
275, 44.3, 6.091
276, 44.37, 6.107
277, 44.44, 6.141
278, 44.46, 6.157
279, 44.51, 6.174
280, 44.61, 6.207
281, 44.63, 6.224
282, 44.67, 6.257
283, 44.7, 6.274
284, 44.73, 6.291
285, 44.82, 6.324
286, 44.92, 6.341
287, 44.99, 6.357
288, 45.01, 6.391
289, 45.01, 6.407
290, 45.03, 6.424
291, 45.06, 6.457
292, 45.05, 6.474
293, 45.1, 6.491
294, 45.32, 6.524
295, 45.41, 6.541
296, 45.38, 6.557
297, 45.44, 6.591
298, 45.52, 6.607
299, 45.56, 6.624
300, 45.63, 6.657
301, 45.71, 6.674
302, 45.82, 6.691
303, 46.05, 6.724
304, 46.1, 6.741
305, 46.14, 6.757
306, 46.28, 6.791
307, 46.35, 6.807
308, 46.41, 6.824
309, 46.47, 6.841
310, 46.61, 6.874
311, 46.68, 6.891
312, 46.75, 6.907
313, 46.88, 6.941
314, 46.94, 6.957
315, 47.01, 6.974
316, 47.07, 6.991
317, 47.2, 7.024
318, 47.26, 7.041
319, 47.32, 7.057
320, 47.38, 7.074
321, 47.5, 7.107
322, 47.56, 7.124
323, 47.62, 7.141
324, 47.68, 7.157
325, 47.77, 7.191
326, 47.79, 7.207
327, 47.83, 7.224
328, 47.89, 7.241
329, 48.05, 7.274
330, 48.13, 7.291
331, 48.18, 7.307
332, 48.22, 7.324
333, 48.32, 7.357
334, 48.37, 7.374
335, 48.42, 7.391
336, 48.48, 7.407
337, 48.6, 7.441
338, 48.66, 7.457
339, 48.71, 7.474
340, 48.77, 7.491
341, 48.88, 7.524
342, 48.93, 7.541
343, 48.99, 7.557
344, 49.03, 7.574
345, 49.08, 7.591
346, 49.17, 7.624
347, 49.21, 7.641
348, 49.21, 7.657
349, 49.16, 7.674
350, 49.25, 7.691
351, 49.35, 7.724
352, 49.4, 7.741
353, 49.45, 7.757
354, 49.49, 7.774
355, 49.59, 7.807
356, 49.63, 7.824
357, 49.68, 7.841
358, 49.73, 7.857
359, 49.78, 7.874
360, 49.85, 7.907
361, 49.9, 7.924
362, 49.95, 7.941
363, 49.99, 7.957
364, 50.03, 7.974
365, 50.1, 8.007
366, 50.15, 8.024
367, 50.19, 8.041
368, 50.22, 8.057
369, 50.27, 8.074
370, 50.38, 8.107
371, 50.43, 8.124
372, 50.46, 8.141
373, 50.5, 8.157
374, 50.54, 8.174
375, 50.59, 8.191
376, 50.66, 8.224
377, 50.69, 8.241
378, 50.74, 8.257
379, 50.79, 8.274
380, 50.84, 8.291
381, 50.91, 8.324
382, 50.95, 8.341
383, 50.99, 8.357
384, 51.04, 8.374
385, 51.09, 8.391
386, 51.14, 8.407
387, 51.24, 8.441
388, 51.29, 8.457
389, 51.35, 8.474
390, 51.4, 8.491
391, 51.44, 8.507
392, 51.49, 8.524
393, 51.57, 8.557
394, 51.61, 8.574
395, 51.65, 8.591
396, 51.69, 8.607
397, 51.74, 8.624
398, 51.79, 8.641
399, 51.87, 8.674
400, 51.92, 8.691
401, 51.97, 8.707
402, 52.02, 8.724
403, 52.06, 8.741
404, 52.1, 8.757
405, 52.14, 8.774
406, 52.21, 8.807
407, 52.24, 8.824
408, 52.27, 8.841
409, 52.3, 8.857
410, 52.33, 8.874
411, 52.36, 8.891
412, 52.43, 8.924
413, 52.47, 8.941
414, 52.52, 8.957
415, 52.55, 8.974
416, 52.58, 8.991
417, 52.62, 9.007
418, 52.68, 9.041
419, 52.72, 9.057
420, 52.74, 9.074
421, 52.78, 9.091
422, 52.81, 9.107
423, 52.84, 9.124
424, 52.86, 9.141
425, 52.92, 9.174
426, 52.94, 9.191
427, 52.97, 9.207
428, 52.99, 9.224
429, 53.02, 9.241
430, 53.04, 9.257
431, 53.07, 9.274
432, 53.12, 9.307
433, 53.15, 9.324
434, 53.18, 9.341
435, 53.21, 9.357
436, 53.24, 9.374
437, 53.26, 9.391
438, 53.29, 9.407
439, 53.35, 9.441
440, 53.38, 9.457
441, 53.41, 9.474
442, 53.44, 9.491
443, 53.48, 9.507
444, 53.51, 9.524
445, 53.54, 9.541
446, 53.57, 9.557
447, 53.63, 9.591
448, 53.67, 9.607
449, 53.71, 9.624
450, 53.74, 9.641
451, 53.78, 9.657
452, 53.83, 9.674
453, 53.87, 9.691
454, 53.92, 9.707
455, 54, 9.741
456, 54.04, 9.757
457, 54.08, 9.774
458, 54.12, 9.791
459, 54.17, 9.807
460, 54.21, 9.824
461, 54.26, 9.841
462, 54.32, 9.857
463, 54.41, 9.891
464, 54.44, 9.907
465, 54.49, 9.924
466, 54.53, 9.941
467, 54.57, 9.957
468, 54.62, 9.974
469, 54.67, 9.991
470, 54.72, 10.007
471, 54.81, 10.041
472, 54.86, 10.057
473, 54.9, 10.074
474, 54.95, 10.091
475, 55, 10.107
476, 55.05, 10.124
477, 55.1, 10.141
478, 55.14, 10.157
479, 55.18, 10.174
480, 55.23, 10.191
481, 55.33, 10.224
482, 55.37, 10.241
483, 55.41, 10.257
484, 55.46, 10.274
485, 55.5, 10.291
486, 55.54, 10.307
487, 55.58, 10.324
488, 55.62, 10.341
489, 55.66, 10.357
490, 55.7, 10.374
491, 55.75, 10.391
492, 55.84, 10.424
493, 55.89, 10.441
494, 55.94, 10.457
495, 55.98, 10.474
496, 56.01, 10.491
497, 56.03, 10.507
498, 56.03, 10.524
499, 56.01, 10.541
500, 55.97, 10.557
501, 55.94, 10.574
502, 55.9, 10.591
503, 55.82, 10.607
504, 55.71, 10.624
505, 55.62, 10.657
506, 55.58, 10.674
507, 55.5, 10.691
508, 55.4, 10.707
509, 55.34, 10.724
510, 55.27, 10.741
511, 55.19, 10.757
512, 55.1, 10.774
513, 55, 10.791
514, 54.91, 10.807
515, 54.82, 10.824
516, 54.71, 10.841
517, 54.49, 10.874
518, 54.38, 10.891
519, 54.26, 10.907
520, 54.13, 10.924
521, 54, 10.941
522, 53.86, 10.957
523, 53.72, 10.974
524, 53.58, 10.991
525, 53.44, 11.007
526, 53.15, 11.041
527, 53, 11.057
528, 52.85, 11.074
529, 52.69, 11.091
530, 52.54, 11.107
531, 52.39, 11.124
532, 52.25, 11.141
533, 52.1, 11.157
534, 51.81, 11.191
535, 51.66, 11.207
536, 51.52, 11.224
537, 51.38, 11.241
538, 51.24, 11.257
539, 51.1, 11.274
540, 50.84, 11.307
541, 50.71, 11.324
542, 50.57, 11.341
543, 50.44, 11.357
544, 50.33, 11.374
545, 50.19, 11.391
546, 49.92, 11.424
547, 49.8, 11.441
548, 49.67, 11.457
549, 49.55, 11.474
550, 49.32, 11.507
551, 49.11, 11.524
552, 48.95, 11.541
553, 48.85, 11.557
554, 48.75, 11.574
555, 48.52, 11.607
556, 48.42, 11.624
557, 48.32, 11.641
558, 48.2, 11.657
559, 47.99, 11.691
560, 47.89, 11.707
561, 47.78, 11.724
562, 47.68, 11.741
563, 47.49, 11.774
564, 47.4, 11.791
565, 47.31, 11.807
566, 47.15, 11.841
567, 47.07, 11.857
568, 47, 11.874
569, 46.91, 11.891
570, 46.77, 11.924
571, 46.7, 11.941
572, 46.63, 11.957
573, 46.49, 11.991
574, 46.42, 12.007
575, 46.35, 12.024
576, 46.29, 12.041
577, 46.16, 12.074
578, 46.1, 12.091
579, 46.05, 12.107
580, 45.94, 12.141
581, 45.88, 12.157
582, 45.82, 12.174
583, 45.7, 12.207
584, 45.63, 12.224
585, 45.56, 12.241
586, 45.43, 12.274
587, 45.36, 12.291
588, 45.3, 12.307
589, 45.17, 12.341
590, 45.1, 12.357
591, 45.04, 12.374
592, 44.91, 12.407
593, 44.84, 12.424
594, 44.78, 12.441
595, 44.64, 12.474
596, 44.57, 12.491
597, 44.5, 12.507
598, 44.36, 12.541
599, 44.3, 12.557
600, 44.23, 12.574
601, 44.1, 12.607
602, 44.04, 12.624
603, 43.92, 12.657
604, 43.85, 12.674
605, 43.79, 12.691
606, 43.66, 12.724
607, 43.6, 12.741
608, 43.48, 12.774
609, 43.42, 12.791
610, 43.36, 12.807
611, 43.25, 12.841
612, 43.19, 12.857
613, 43.08, 12.891
614, 43.02, 12.907
615, 42.97, 12.924
616, 42.88, 12.957
617, 42.83, 12.974
618, 42.76, 13.007
619, 42.72, 13.024
620, 42.69, 13.041
621, 42.77, 13.074
622, 42.77, 13.091
623, 42.8, 13.124
624, 42.85, 13.141
625, 42.89, 13.157
626, 42.96, 13.191
627, 43, 13.207
628, 43.08, 13.241
629, 43.12, 13.257
630, 43.15, 13.274
631, 43.22, 13.307
632, 43.26, 13.324
633, 43.31, 13.357
634, 43.33, 13.374
635, 43.36, 13.391
636, 43.43, 13.424
637, 43.45, 13.441
638, 43.51, 13.474
639, 43.54, 13.491
640, 43.57, 13.507
641, 43.63, 13.541
642, 43.66, 13.557
643, 43.7, 13.574
644, 43.79, 13.607
645, 43.86, 13.624
646, 43.98, 13.657
647, 44.05, 13.674
648, 44.11, 13.691
649, 44.23, 13.724
650, 44.29, 13.741
651, 44.35, 13.757
652, 44.48, 13.791
653, 44.54, 13.807
654, 44.6, 13.824
655, 44.71, 13.857
656, 44.74, 13.874
657, 44.76, 13.891
658, 44.74, 13.924
659, 44.69, 13.941
660, 44.65, 13.957
661, 44.51, 13.991
662, 44.4, 14.007
663, 44.34, 14.024
664, 44.27, 14.057
665, 44.2, 14.074
666, 44.13, 14.091
667, 44.03, 14.124
668, 43.98, 14.141
669, 43.92, 14.157
670, 43.86, 14.174
671, 43.76, 14.207
672, 43.72, 14.224
673, 43.67, 14.241
674, 43.57, 14.274
675, 43.52, 14.291
676, 43.46, 14.307
677, 43.35, 14.341
678, 43.3, 14.357
679, 43.24, 14.374
680, 43.12, 14.407
681, 43.06, 14.424
682, 42.93, 14.457
683, 42.86, 14.474
684, 42.8, 14.491
685, 42.66, 14.524
686, 42.58, 14.541
687, 42.5, 14.557
688, 42.33, 14.591
689, 42.24, 14.607
690, 42.15, 14.624
691, 41.96, 14.657
692, 41.86, 14.674
693, 41.65, 14.707
694, 41.54, 14.724
695, 41.42, 14.741
696, 41.18, 14.774
697, 41.07, 14.791
698, 40.83, 14.824
699, 40.71, 14.841
700, 40.51, 14.874
701, 40.42, 14.891
702, 40.3, 14.907
703, 39.93, 14.941
704, 39.82, 14.957
705, 39.62, 14.991
706, 39.5, 15.007
707, 39.28, 15.041
708, 39.19, 15.057
709, 39.02, 15.091
710, 38.92, 15.107
711, 38.75, 15.141
712, 38.67, 15.157
713, 38.49, 15.191
714, 38.41, 15.207
715, 38.26, 15.241
716, 38.18, 15.257
717, 38.01, 15.291
718, 37.94, 15.307
719, 37.8, 15.341
720, 37.73, 15.357
721, 37.6, 15.391
722, 37.54, 15.407
723, 37.43, 15.441
724, 37.38, 15.457
725, 37.27, 15.491
726, 37.17, 15.524
727, 37.12, 15.541
728, 37.01, 15.574
729, 36.96, 15.591
730, 36.86, 15.624
731, 36.81, 15.641
732, 36.7, 15.674
733, 36.59, 15.707
734, 36.54, 15.724
735, 36.42, 15.757
736, 36.36, 15.774
737, 36.23, 15.807
738, 36.1, 15.841
739, 36.03, 15.857
740, 35.91, 15.891
741, 35.85, 15.907
742, 35.72, 15.941
743, 35.59, 15.974
744, 35.53, 15.991
745, 35.44, 16.024
746, 35.36, 16.057
747, 35.32, 16.074
748, 35.3, 16.107
749, 35.41, 16.141
750, 35.43, 16.157
751, 35.45, 16.191
752, 35.53, 16.224
753, 35.62, 16.241
754, 35.72, 16.274
755, 35.8, 16.307
756, 35.85, 16.324
757, 35.89, 16.357
758, 35.98, 16.391
759, 36, 16.407
760, 36.02, 16.441
761, 36.01, 16.474
762, 36.01, 16.507
763, 36, 16.524
764, 35.98, 16.557
765, 35.99, 16.591
766, 35.99, 16.607
767, 35.99, 16.641
768, 36.01, 16.674
769, 36.01, 16.691
770, 36.05, 16.724
771, 36.1, 16.757
772, 36.12, 16.774
773, 36.16, 16.807
774, 36.2, 16.841
775, 36.23, 16.857
776, 36.25, 16.891
777, 36.25, 16.924
778, 36.25, 16.941
779, 36.29, 16.974
780, 36.32, 17.007
781, 36.33, 17.024
782, 36.36, 17.057
783, 36.4, 17.091
784, 36.43, 17.107
785, 36.51, 17.141
786, 36.59, 17.174
787, 36.61, 17.191
788, 36.68, 17.224
789, 36.8, 17.257
790, 36.85, 17.274
791, 36.95, 17.307
792, 37.01, 17.341
793, 37.03, 17.357
794, 37.1, 17.391
795, 37.22, 17.424
796, 37.27, 17.441
797, 37.36, 17.474
798, 37.42, 17.491
799, 37.48, 17.524
800, 37.53, 17.557
801, 37.53, 17.574
802, 37.47, 17.607
803, 37.48, 17.624
804, 37.44, 17.657
805, 37.58, 17.691
806, 37.6, 17.707
807, 37.59, 17.741
808, 37.57, 17.774
809, 37.55, 17.791
810, 37.53, 17.824
811, 37.54, 17.841
812, 37.56, 17.874
813, 37.76, 17.907
814, 37.87, 17.924
815, 38.04, 17.957
816, 38.1, 17.974
817, 38.21, 18.007
818, 38.26, 18.024
819, 38.38, 18.057
820, 38.42, 18.091
821, 38.55, 18.107
822, 38.79, 18.141
823, 38.89, 18.157
824, 39.05, 18.191
825, 39.12, 18.207
826, 39.3, 18.241
827, 39.39, 18.257
828, 39.55, 18.291
829, 39.63, 18.307
830, 39.79, 18.341
831, 39.87, 18.357
832, 40.04, 18.391
833, 40.12, 18.407
834, 40.29, 18.441
835, 40.37, 18.457
836, 40.52, 18.491
837, 40.6, 18.507
838, 40.78, 18.541
839, 40.86, 18.557
840, 41.01, 18.591
841, 41.09, 18.607
842, 41.25, 18.641
843, 41.34, 18.657
844, 41.5, 18.691
845, 41.57, 18.707
846, 41.73, 18.741
847, 41.8, 18.757
848, 41.88, 18.774
849, 42.07, 18.807
850, 42.16, 18.824
851, 42.28, 18.857
852, 42.36, 18.874
853, 42.52, 18.907
854, 42.6, 18.924
855, 42.67, 18.941
856, 42.83, 18.974
857, 42.91, 18.991
858, 43.06, 19.024
859, 43.13, 19.041
860, 43.21, 19.057
861, 43.36, 19.091
862, 43.43, 19.107
863, 43.59, 19.141
864, 43.66, 19.157
865, 43.74, 19.174
866, 43.89, 19.207
867, 43.96, 19.224
868, 44.04, 19.241
869, 44.19, 19.274
870, 44.26, 19.291
871, 44.34, 19.307
872, 44.49, 19.341
873, 44.56, 19.357
874, 44.71, 19.391
875, 44.79, 19.407
876, 44.87, 19.424
877, 45.02, 19.457
878, 45.1, 19.474
879, 45.17, 19.491
880, 45.32, 19.524
881, 45.39, 19.541
882, 45.46, 19.557
883, 45.61, 19.591
884, 45.69, 19.607
885, 45.76, 19.624
886, 45.83, 19.641
887, 45.97, 19.674
888, 46.04, 19.691
889, 46.11, 19.707
890, 46.25, 19.741
891, 46.32, 19.757
892, 46.39, 19.774
893, 46.53, 19.807
894, 46.6, 19.824
895, 46.67, 19.841
896, 46.74, 19.857
897, 46.88, 19.891
898, 46.95, 19.907
899, 47.01, 19.924
900, 47.15, 19.957
901, 47.22, 19.974
902, 47.28, 19.991
903, 47.35, 20.007
904, 47.48, 20.041
905, 47.54, 20.057
906, 47.61, 20.074
907, 47.67, 20.091
908, 47.81, 20.124
909, 47.88, 20.141
910, 47.95, 20.157
911, 48.02, 20.174
912, 48.15, 20.207
913, 48.22, 20.224
914, 48.28, 20.241
915, 48.35, 20.257
916, 48.47, 20.291
917, 48.54, 20.307
918, 48.6, 20.324
919, 48.66, 20.341
920, 48.79, 20.374
921, 48.85, 20.391
922, 48.84, 20.407
923, 48.8, 20.424
924, 48.94, 20.441
925, 49.09, 20.474
926, 49.13, 20.491
927, 49.18, 20.507
928, 49.25, 20.524
929, 49.35, 20.557
930, 49.4, 20.574
931, 49.46, 20.591
932, 49.51, 20.607
933, 49.57, 20.624
934, 49.69, 20.657
935, 49.75, 20.674
936, 49.8, 20.691
937, 49.85, 20.707
938, 49.91, 20.724
939, 50.02, 20.757
940, 50.07, 20.774
941, 50.12, 20.791
942, 50.18, 20.807
943, 50.23, 20.824
944, 50.34, 20.857
945, 50.39, 20.874
946, 50.45, 20.891
947, 50.5, 20.907
948, 50.55, 20.924
949, 50.66, 20.957
950, 50.72, 20.974
951, 50.77, 20.991
952, 50.82, 21.007
953, 50.87, 21.024
954, 50.97, 21.057
955, 51.02, 21.074
956, 51.08, 21.091
957, 51.13, 21.107
958, 51.18, 21.124
959, 51.23, 21.141
960, 51.33, 21.174
961, 51.38, 21.191
962, 51.44, 21.207
963, 51.49, 21.224
964, 51.54, 21.241
965, 51.59, 21.257
966, 51.69, 21.291
967, 51.74, 21.307
968, 51.79, 21.324
969, 51.84, 21.341
970, 51.89, 21.357
971, 51.94, 21.374
972, 51.99, 21.391
973, 52.1, 21.424
974, 52.16, 21.441
975, 52.21, 21.457
976, 52.26, 21.474
977, 52.3, 21.491
978, 52.35, 21.507
979, 52.45, 21.541
980, 52.5, 21.557
981, 52.55, 21.574
982, 52.6, 21.591
983, 52.65, 21.607
984, 52.7, 21.624
985, 52.74, 21.641
986, 52.79, 21.657
987, 52.88, 21.691
988, 52.93, 21.707
989, 52.97, 21.724
990, 53.02, 21.741
991, 53.06, 21.757
992, 53.11, 21.774
993, 53.15, 21.791
994, 53.24, 21.824
995, 53.29, 21.841
996, 53.34, 21.857
997, 53.38, 21.874
998, 53.42, 21.891
999, 53.47, 21.907
1000, 53.51, 21.924
1001, 53.56, 21.941
1002, 53.6, 21.957
1003, 53.69, 21.991
1004, 53.73, 22.007
1005, 53.77, 22.024
1006, 53.82, 22.041
1007, 53.86, 22.057
1008, 53.9, 22.074
1009, 53.94, 22.091
1010, 53.98, 22.107
1011, 54.06, 22.141
1012, 54.1, 22.157
1013, 54.15, 22.174
1014, 54.19, 22.191
1015, 54.24, 22.207
1016, 54.28, 22.224
1017, 54.31, 22.241
1018, 54.34, 22.257
1019, 54.38, 22.274
1020, 54.4, 22.291
1021, 54.45, 22.324
1022, 54.5, 22.341
1023, 54.56, 22.357
1024, 54.63, 22.374
1025, 54.68, 22.391
1026, 54.71, 22.407
1027, 54.73, 22.424
1028, 54.77, 22.441
1029, 54.81, 22.457
1030, 54.84, 22.474
1031, 54.88, 22.491
1032, 54.97, 22.524
1033, 55.01, 22.541
1034, 55.06, 22.557
1035, 55.1, 22.574
1036, 55.14, 22.591
1037, 55.19, 22.607
1038, 55.23, 22.624
1039, 55.27, 22.641
1040, 55.31, 22.657
1041, 55.35, 22.674
1042, 55.4, 22.691
1043, 55.44, 22.707
1044, 55.48, 22.724
1045, 55.56, 22.757
1046, 55.61, 22.774
1047, 55.65, 22.791
1048, 55.69, 22.807
1049, 55.73, 22.824
1050, 55.77, 22.841
1051, 55.81, 22.857
1052, 55.84, 22.874
1053, 55.88, 22.891
1054, 55.92, 22.907
1055, 55.96, 22.924
1056, 56, 22.941
1057, 56.04, 22.957
1058, 56.07, 22.974
1059, 56.14, 23.007
1060, 56.18, 23.024
1061, 56.22, 23.041
1062, 56.25, 23.057
1063, 56.29, 23.074
1064, 56.33, 23.091
1065, 56.36, 23.107
1066, 56.4, 23.124
1067, 56.43, 23.141
1068, 56.46, 23.157
1069, 56.48, 23.174
1070, 56.51, 23.191
1071, 56.54, 23.207
1072, 56.58, 23.224
1073, 56.6, 23.241
1074, 56.63, 23.257
1075, 56.69, 23.291
1076, 56.71, 23.307
1077, 56.72, 23.324
1078, 56.74, 23.341
1079, 56.76, 23.357
1080, 56.79, 23.374
1081, 56.81, 23.391
1082, 56.84, 23.407
1083, 56.87, 23.424
1084, 56.9, 23.441
1085, 56.92, 23.457
1086, 56.94, 23.474
1087, 56.97, 23.491
1088, 56.99, 23.507
1089, 57.02, 23.524
1090, 57.04, 23.541
1091, 57.06, 23.557
1092, 57.09, 23.574
1093, 57.14, 23.607
1094, 57.16, 23.624
1095, 57.19, 23.641
1096, 57.21, 23.657
1097, 57.23, 23.674
1098, 57.25, 23.691
1099, 57.28, 23.707
1100, 57.3, 23.724
1101, 57.32, 23.741
1102, 57.35, 23.757
1103, 57.37, 23.774
1104, 57.39, 23.791
1105, 57.41, 23.807
1106, 57.43, 23.824
1107, 57.45, 23.841
1108, 57.46, 23.857
1109, 57.49, 23.874
1110, 57.51, 23.891
1111, 57.53, 23.907
1112, 57.55, 23.924
1113, 57.57, 23.941
1114, 57.62, 23.974
1115, 57.63, 23.991
1116, 57.65, 24.007
1117, 57.67, 24.024
1118, 57.69, 24.041
1119, 57.71, 24.057
1120, 57.73, 24.074
1121, 57.74, 24.091
1122, 57.76, 24.107
1123, 57.78, 24.124
1124, 57.8, 24.141
1125, 57.82, 24.157
1126, 57.84, 24.174
1127, 57.87, 24.191
1128, 57.88, 24.207
1129, 57.91, 24.224
1130, 57.93, 24.241
1131, 57.93, 24.257
1132, 57.93, 24.274
1133, 57.95, 24.291
1134, 58, 24.307
1135, 58.06, 24.324
1136, 58.09, 24.341
1137, 58.09, 24.357
1138, 58.1, 24.374
1139, 58.12, 24.407
1140, 58.14, 24.424
1141, 58.16, 24.441
1142, 58.18, 24.457
1143, 58.2, 24.474
1144, 58.23, 24.491
1145, 58.27, 24.507
1146, 58.33, 24.524
1147, 58.36, 24.541
1148, 58.37, 24.557
1149, 58.39, 24.574
1150, 58.41, 24.591
1151, 58.44, 24.607
1152, 58.46, 24.624
1153, 58.48, 24.641
1154, 58.52, 24.657
1155, 58.55, 24.674
1156, 58.59, 24.691
1157, 58.62, 24.707
1158, 58.65, 24.724
1159, 58.67, 24.741
1160, 58.7, 24.757
1161, 58.72, 24.774
1162, 58.74, 24.791
1163, 58.77, 24.807
1164, 58.8, 24.824
1165, 58.83, 24.841
1166, 58.85, 24.857
1167, 58.87, 24.874
1168, 58.9, 24.891
1169, 58.93, 24.907
1170, 58.96, 24.924
1171, 58.99, 24.941
1172, 59.02, 24.957
1173, 59.04, 24.974
1174, 59.06, 24.991
1175, 59.08, 25.007
1176, 59.1, 25.024
1177, 59.12, 25.041
1178, 59.14, 25.057
1179, 59.16, 25.074
1180, 59.17, 25.091
1181, 59.19, 25.107
1182, 59.21, 25.124
1183, 59.27, 25.157
1184, 59.27, 25.174
1185, 59.24, 25.191
1186, 59.19, 25.207
1187, 59.14, 25.224
1188, 59.08, 25.241
1189, 59.02, 25.257
1190, 58.97, 25.274
1191, 58.89, 25.291
1192, 58.77, 25.307
1193, 58.69, 25.324
1194, 58.62, 25.341
1195, 58.53, 25.357
1196, 58.42, 25.374
1197, 58.33, 25.391
1198, 58.25, 25.407
1199, 58.15, 25.424
1200, 58.04, 25.441
1201, 57.94, 25.457
1202, 57.84, 25.474
1203, 57.74, 25.491
1204, 57.63, 25.507
1205, 57.52, 25.524
1206, 57.4, 25.541
1207, 57.28, 25.557
1208, 57.15, 25.574
1209, 57.02, 25.591
1210, 56.89, 25.607
1211, 56.76, 25.624
1212, 56.62, 25.641
1213, 56.5, 25.657
1214, 56.29, 25.691
1215, 56.2, 25.707
1216, 56.09, 25.724
1217, 55.95, 25.741
1218, 55.77, 25.757
1219, 55.55, 25.774
1220, 55.35, 25.791
1221, 55.22, 25.807
1222, 55.09, 25.824
1223, 54.94, 25.841
1224, 54.79, 25.857
1225, 54.64, 25.874
1226, 54.51, 25.891
1227, 54.23, 25.924
1228, 54.09, 25.941
1229, 53.96, 25.957
1230, 53.83, 25.974
1231, 53.7, 25.991
1232, 53.56, 26.007
1233, 53.43, 26.024
1234, 53.3, 26.041
1235, 53.17, 26.057
1236, 52.94, 26.091
1237, 52.83, 26.107
1238, 52.7, 26.124
1239, 52.58, 26.141
1240, 52.47, 26.157
1241, 52.37, 26.174
1242, 52.26, 26.191
1243, 52.07, 26.224
1244, 51.97, 26.241
1245, 51.88, 26.257
1246, 51.79, 26.274
1247, 51.7, 26.291
1248, 51.63, 26.307
1249, 51.47, 26.341
1250, 51.39, 26.357
1251, 51.32, 26.374
1252, 51.25, 26.391
1253, 51.17, 26.407
1254, 51.09, 26.424
1255, 50.94, 26.457
1256, 50.86, 26.474
1257, 50.79, 26.491
1258, 50.72, 26.507
1259, 50.65, 26.524
1260, 50.53, 26.557
1261, 50.47, 26.574
1262, 50.39, 26.591
1263, 50.31, 26.607
1264, 50.25, 26.624
1265, 50.13, 26.657
1266, 50.03, 26.674
1267, 49.85, 26.691
1268, 49.71, 26.707
1269, 49.66, 26.724
1270, 49.51, 26.757
1271, 49.4, 26.774
1272, 49.31, 26.791
1273, 49.22, 26.807
1274, 49.05, 26.841
1275, 48.96, 26.857
1276, 48.88, 26.874
1277, 48.8, 26.891
1278, 48.63, 26.924
1279, 48.54, 26.941
1280, 48.46, 26.957
1281, 48.39, 26.974
1282, 48.3, 26.991
1283, 48.13, 27.024
1284, 48.03, 27.041
1285, 47.9, 27.057
1286, 47.7, 27.091
1287, 47.6, 27.107
1288, 47.51, 27.124
1289, 47.41, 27.141
1290, 47.26, 27.174
1291, 47.21, 27.191
1292, 47.16, 27.207
1293, 47.13, 27.224
1294, 47.07, 27.257
1295, 46.95, 27.274
1296, 46.85, 27.291
1297, 46.55, 27.324
1298, 46.44, 27.341
1299, 46.37, 27.357
1300, 46.23, 27.391
1301, 46.17, 27.407
1302, 46.13, 27.424
1303, 46.07, 27.457
1304, 46.02, 27.474
1305, 45.92, 27.491
1306, 45.81, 27.507
1307, 45.6, 27.541
1308, 45.52, 27.557
1309, 45.45, 27.574
1310, 45.31, 27.607
1311, 45.26, 27.624
1312, 45.21, 27.641
1313, 45.11, 27.674
1314, 45.04, 27.691
1315, 44.97, 27.707
1316, 44.8, 27.741
1317, 44.72, 27.757
1318, 44.64, 27.774
1319, 44.49, 27.807
1320, 44.42, 27.824
1321, 44.3, 27.857
1322, 44.24, 27.874
1323, 44.18, 27.891
1324, 44.04, 27.924
1325, 43.97, 27.941
1326, 43.91, 27.957
1327, 43.78, 27.991
1328, 43.72, 28.007
1329, 43.66, 28.024
1330, 43.54, 28.057
1331, 43.48, 28.074
1332, 43.42, 28.091
1333, 43.3, 28.124
1334, 43.24, 28.141
1335, 43.11, 28.174
1336, 43.05, 28.191
1337, 42.98, 28.207
1338, 42.86, 28.241
1339, 42.79, 28.257
1340, 42.73, 28.274
1341, 42.61, 28.307
1342, 42.54, 28.324
1343, 42.42, 28.357
1344, 42.36, 28.374
1345, 42.24, 28.407
1346, 42.2, 28.424
1347, 42.16, 28.441
1348, 42.13, 28.474
1349, 42.19, 28.491
1350, 42.22, 28.524
1351, 42.25, 28.541
1352, 42.3, 28.557
1353, 42.39, 28.591
1354, 42.43, 28.607
1355, 42.53, 28.641
1356, 42.57, 28.657
1357, 42.61, 28.674
1358, 42.7, 28.707
1359, 42.75, 28.724
1360, 42.84, 28.757
1361, 42.87, 28.774
1362, 42.92, 28.791
1363, 43.03, 28.824
1364, 43.06, 28.841
1365, 43.08, 28.857
1366, 43.17, 28.891
1367, 43.21, 28.907
1368, 43.25, 28.924
1369, 43.32, 28.957
1370, 43.35, 28.974
1371, 43.38, 28.991
1372, 43.44, 29.024
1373, 43.46, 29.041
1374, 43.52, 29.074
1375, 43.54, 29.091
1376, 43.57, 29.107
1377, 43.62, 29.141
1378, 43.64, 29.157
1379, 43.67, 29.174
1380, 43.72, 29.207
1381, 43.75, 29.224
1382, 43.79, 29.241
1383, 43.87, 29.274
1384, 43.91, 29.291
1385, 43.95, 29.307
1386, 44.04, 29.341
1387, 44.09, 29.357
1388, 44.15, 29.374
1389, 44.27, 29.407
1390, 44.32, 29.424
1391, 44.38, 29.441
1392, 44.48, 29.474
1393, 44.54, 29.491
1394, 44.61, 29.507
1395, 44.66, 29.524
1396, 44.76, 29.557
1397, 44.82, 29.574
1398, 44.88, 29.591
1399, 44.99, 29.624
1400, 45.03, 29.641
1401, 45.09, 29.657
1402, 45.15, 29.674
1403, 45.26, 29.707
1404, 45.3, 29.724
1405, 45.36, 29.741
1406, 45.48, 29.774
1407, 45.54, 29.791
1408, 45.58, 29.807
1409, 45.6, 29.824
1410, 45.56, 29.857
1411, 45.52, 29.874
1412, 45.48, 29.891
1413, 45.44, 29.907
1414, 45.21, 29.941
1415, 45.16, 29.957
1416, 45.12, 29.974
1417, 44.99, 30.007
1418, 44.91, 30.024
1419, 44.84, 30.041
1420, 44.77, 30.057
1421, 44.59, 30.091
1422, 44.49, 30.107
1423, 44.39, 30.124
1424, 44.17, 30.157
1425, 44.05, 30.174
1426, 43.91, 30.191
1427, 43.61, 30.224
1428, 43.45, 30.241
1429, 43.27, 30.257
1430, 42.89, 30.291
1431, 42.67, 30.307
1432, 42.45, 30.324
1433, 41.96, 30.357
1434, 41.7, 30.374
1435, 41.16, 30.407
1436, 40.9, 30.424
1437, 40.37, 30.457
1438, 40.09, 30.474
1439, 39.82, 30.491
1440, 39.28, 30.524
1441, 38.71, 30.557
1442, 38.44, 30.574
1443, 37.88, 30.607
1444, 37.61, 30.624
1445, 37.08, 30.657
1446, 36.78, 30.674
1447, 36.2, 30.707
1448, 35.64, 30.741
1449, 35.38, 30.757
1450, 34.89, 30.791
1451, 34.35, 30.824
1452, 33.86, 30.857
1453, 33.62, 30.874
1454, 33.12, 30.907
1455, 32.62, 30.941
1456, 32.14, 30.974
1457, 31.69, 31.007
1458, 31.28, 31.041
1459, 30.89, 31.074
1460, 30.49, 31.107
1461, 30.14, 31.141
1462, 29.8, 31.174
1463, 29.36, 31.207
1464, 28.96, 31.241
1465, 28.58, 31.274
1466, 28.21, 31.307
1467, 27.89, 31.341
1468, 27.57, 31.374
1469, 27.1, 31.424
1470, 26.81, 31.457
1471, 26.51, 31.491
1472, 26.23, 31.524
1473, 25.85, 31.574
1474, 25.61, 31.607
1475, 25.39, 31.641
1476, 25.18, 31.674
1477, 24.9, 31.724
1478, 24.73, 31.757
1479, 24.56, 31.791
1480, 24.28, 31.841
1481, 24.1, 31.874
1482, 23.93, 31.907
1483, 23.69, 31.957
1484, 23.51, 31.991
1485, 23.31, 32.024
1486, 23.12, 32.057
1487, 22.91, 32.107
1488, 22.72, 32.141
1489, 22.52, 32.174
1490, 22.34, 32.207
1491, 22.13, 32.257
1492, 21.97, 32.291
1493, 21.78, 32.324
1494, 21.57, 32.357
1495, 21.42, 32.391
1496, 21.28, 32.424
1497, 21.12, 32.457
1498, 20.99, 32.491
1499, 20.74, 32.541
1500, 20.53, 32.574
1501, 20.34, 32.607
1502, 20.15, 32.657
1503, 20, 32.691
1504, 19.72, 32.741
1505, 19.46, 32.791
1506, 19.23, 32.841
1507, 19.12, 32.874
1508, 18.86, 32.924
1509, 18.66, 32.974
1510, 18.5, 33.041
1511, 18.4, 33.091
1512, 18.27, 33.141
1513, 17.99, 33.207
1514, 17.59, 33.274
1515, 17.44, 33.341
1516, 17.28, 33.407
1517, 17.02, 33.474
1518, 16.9, 33.541
1519, 16.71, 33.624
1520, 16.55, 33.691
1521, 16.36, 33.774
1522, 16.17, 33.857
1523, 16.01, 33.924
1524, 15.79, 34.007
1525, 15.58, 34.091
1526, 15.36, 34.174
1527, 15.22, 34.257
1528, 15.41, 34.341
1529, 15.48, 34.407
1530, 15.68, 34.491
1531, 15.75, 34.574
1532, 15.89, 34.641
1533, 16.2, 34.724
1534, 16.35, 34.791
1535, 16.54, 34.857
1536, 16.82, 34.924
1537, 17.07, 34.991
1538, 17.44, 35.057
1539, 17.9, 35.124
1540, 18.32, 35.191
1541, 18.84, 35.257
1542, 19.24, 35.307
1543, 19.77, 35.374
1544, 20.16, 35.424
1545, 20.73, 35.491
1546, 21.14, 35.541
1547, 21.58, 35.591
1548, 22.01, 35.641
1549, 22.45, 35.691
1550, 22.88, 35.741
1551, 23.31, 35.791
1552, 23.6, 35.824
1553, 24.03, 35.874
1554, 24.47, 35.924
1555, 24.75, 35.957
1556, 25.16, 36.007
1557, 25.44, 36.041
1558, 25.87, 36.091
1559, 26.15, 36.124
1560, 26.44, 36.157
1561, 26.83, 36.207
1562, 27.1, 36.241
1563, 27.38, 36.274
1564, 27.66, 36.307
1565, 28.08, 36.357
1566, 28.34, 36.391
1567, 28.6, 36.424
1568, 28.86, 36.457
1569, 29.12, 36.491
1570, 29.4, 36.524
1571, 29.66, 36.557
1572, 29.82, 36.591
1573, 29.91, 36.624
1574, 30.22, 36.657
1575, 30.43, 36.691
1576, 30.72, 36.724
1577, 30.92, 36.757
1578, 31.14, 36.791
1579, 31.36, 36.824
1580, 31.58, 36.857
1581, 31.69, 36.874
1582, 31.9, 36.907
1583, 32.12, 36.941
1584, 32.34, 36.974
1585, 32.56, 37.007
1586, 32.77, 37.041
1587, 32.89, 37.057
1588, 33.1, 37.091
1589, 33.31, 37.124
1590, 33.52, 37.157
1591, 33.63, 37.174
1592, 33.84, 37.207
1593, 34.06, 37.241
1594, 34.28, 37.274
1595, 34.38, 37.291
1596, 34.59, 37.324
1597, 34.8, 37.357
1598, 34.9, 37.374
1599, 35.11, 37.407
1600, 35.33, 37.441
1601, 35.43, 37.457
1602, 35.63, 37.491
1603, 35.83, 37.524
1604, 35.93, 37.541
1605, 36.15, 37.574
1606, 36.38, 37.607
1607, 36.48, 37.624
1608, 36.66, 37.657
1609, 36.76, 37.674
1610, 36.96, 37.707
1611, 37.17, 37.741
1612, 37.28, 37.757
1613, 37.49, 37.791
1614, 37.58, 37.807
1615, 37.78, 37.841
1616, 37.98, 37.874
1617, 38.08, 37.891
1618, 38.27, 37.924
1619, 38.36, 37.941
1620, 38.57, 37.974
1621, 38.67, 37.991
1622, 38.86, 38.024
1623, 38.96, 38.041
1624, 39.14, 38.074
1625, 39.24, 38.091
1626, 39.43, 38.124
1627, 39.52, 38.141
1628, 39.7, 38.174
1629, 39.71, 38.191
1630, 39.81, 38.224
1631, 39.98, 38.241
1632, 40.14, 38.274
1633, 40.23, 38.291
1634, 40.4, 38.324
1635, 40.48, 38.341
1636, 40.65, 38.374
1637, 40.74, 38.391
1638, 40.82, 38.407
1639, 40.99, 38.441
1640, 41.08, 38.457
1641, 41.25, 38.491
1642, 41.32, 38.507
1643, 41.49, 38.541
1644, 41.57, 38.557
1645, 41.66, 38.574
1646, 41.82, 38.607
1647, 41.9, 38.624
1648, 42.06, 38.657
1649, 42.15, 38.674
1650, 42.23, 38.691
1651, 42.38, 38.724
1652, 42.46, 38.741
1653, 42.62, 38.774
1654, 42.71, 38.791
1655, 42.79, 38.807
1656, 42.95, 38.841
1657, 43.03, 38.857
1658, 43.19, 38.891
1659, 43.27, 38.907
1660, 43.35, 38.924
1661, 43.5, 38.957
1662, 43.58, 38.974
1663, 43.66, 38.991
1664, 43.81, 39.024
1665, 43.88, 39.041
1666, 43.96, 39.057
1667, 44.13, 39.091
1668, 44.21, 39.107
1669, 44.29, 39.124
1670, 44.43, 39.157
1671, 44.51, 39.174
1672, 44.58, 39.191
1673, 44.72, 39.224
1674, 44.8, 39.241
1675, 44.89, 39.257
1676, 45.05, 39.291
1677, 45.12, 39.307
1678, 45.2, 39.324
1679, 45.35, 39.357
1680, 45.41, 39.374
1681, 45.48, 39.391
1682, 45.63, 39.424
1683, 45.71, 39.441
1684, 45.78, 39.457
1685, 45.93, 39.491
1686, 46.01, 39.507
1687, 46.07, 39.524
1688, 46.14, 39.541
1689, 46.3, 39.574
1690, 46.37, 39.591
1691, 46.44, 39.607
1692, 46.58, 39.641
1693, 46.66, 39.657
1694, 46.73, 39.674
1695, 46.8, 39.691
1696, 46.93, 39.724
1697, 47, 39.741
1698, 47.06, 39.757
1699, 47.2, 39.791
1700, 47.27, 39.807
1701, 47.33, 39.824
1702, 47.41, 39.841
1703, 47.56, 39.874
1704, 47.63, 39.891
1705, 47.68, 39.907
1706, 47.74, 39.924
1707, 47.88, 39.957
1708, 47.94, 39.974
1709, 48.01, 39.991
1710, 48.07, 40.007
1711, 48.2, 40.041
1712, 48.27, 40.057
1713, 48.33, 40.074
1714, 48.39, 40.091
1715, 48.51, 40.124
1716, 48.57, 40.141
1717, 48.63, 40.157
1718, 48.69, 40.174
1719, 48.81, 40.207
1720, 48.88, 40.224
1721, 48.94, 40.241
1722, 48.93, 40.257
1723, 48.89, 40.274
1724, 49.15, 40.307
1725, 49.15, 40.324
1726, 49.18, 40.341
1727, 49.25, 40.357
1728, 49.36, 40.391
1729, 49.41, 40.407
1730, 49.47, 40.424
1731, 49.54, 40.441
1732, 49.59, 40.457
1733, 49.69, 40.491
1734, 49.75, 40.507
1735, 49.81, 40.524
1736, 49.86, 40.541
1737, 49.91, 40.557
1738, 50.02, 40.591
1739, 50.07, 40.607
1740, 50.13, 40.624
1741, 50.18, 40.641
1742, 50.23, 40.657
1743, 50.34, 40.691
1744, 50.39, 40.707
1745, 50.45, 40.724
1746, 50.5, 40.741
1747, 50.56, 40.757
1748, 50.67, 40.791
1749, 50.72, 40.807
1750, 50.77, 40.824
1751, 50.82, 40.841
1752, 50.87, 40.857
1753, 50.98, 40.891
1754, 51.04, 40.907
1755, 51.09, 40.924
1756, 51.14, 40.941
1757, 51.2, 40.957
1758, 51.25, 40.974
1759, 51.34, 41.007
1760, 51.4, 41.024
1761, 51.45, 41.041
1762, 51.5, 41.057
1763, 51.56, 41.074
1764, 51.61, 41.091
1765, 51.71, 41.124
1766, 51.76, 41.141
1767, 51.81, 41.157
1768, 51.87, 41.174
1769, 51.92, 41.191
1770, 51.97, 41.207
1771, 52.08, 41.241
1772, 52.13, 41.257
1773, 52.17, 41.274
1774, 52.23, 41.291
1775, 52.28, 41.307
1776, 52.33, 41.324
1777, 52.38, 41.341
1778, 52.48, 41.374
1779, 52.54, 41.391
1780, 52.59, 41.407
1781, 52.64, 41.424
1782, 52.69, 41.441
1783, 52.74, 41.457
1784, 52.79, 41.474
1785, 52.88, 41.507
1786, 52.94, 41.524
1787, 52.99, 41.541
1788, 53.04, 41.557
1789, 53.09, 41.574
1790, 53.14, 41.591
1791, 53.19, 41.607
1792, 53.29, 41.641
1793, 53.34, 41.657
1794, 53.39, 41.674
1795, 53.44, 41.691
1796, 53.49, 41.707
1797, 53.53, 41.724
1798, 53.58, 41.741
1799, 53.63, 41.757
1800, 53.73, 41.791
1801, 53.78, 41.807
1802, 53.83, 41.824
1803, 53.88, 41.841
1804, 53.93, 41.857
1805, 53.97, 41.874
1806, 54.03, 41.891
1807, 54.07, 41.907
1808, 54.12, 41.924
1809, 54.22, 41.957
1810, 54.26, 41.974
1811, 54.31, 41.991
1812, 54.36, 42.007
1813, 54.41, 42.024
1814, 54.45, 42.041
1815, 54.5, 42.057
1816, 54.55, 42.074
1817, 54.6, 42.091
1818, 54.64, 42.107
1819, 54.73, 42.141
1820, 54.78, 42.157
1821, 54.83, 42.174
1822, 54.88, 42.191
1823, 54.93, 42.207
1824, 54.98, 42.224
1825, 55.02, 42.241
1826, 55.07, 42.257
1827, 55.12, 42.274
1828, 55.17, 42.291
1829, 55.21, 42.307
1830, 55.31, 42.341
1831, 55.35, 42.357
1832, 55.4, 42.374
1833, 55.45, 42.391
1834, 55.49, 42.407
1835, 55.54, 42.424
1836, 55.59, 42.441
1837, 55.63, 42.457
1838, 55.68, 42.474
1839, 55.73, 42.491
1840, 55.77, 42.507
1841, 55.82, 42.524
1842, 55.86, 42.541
1843, 55.95, 42.574
1844, 55.99, 42.591
1845, 56.04, 42.607
1846, 56.08, 42.624
1847, 56.13, 42.641
1848, 56.17, 42.657
1849, 56.22, 42.674
1850, 56.26, 42.691
1851, 56.3, 42.707
1852, 56.34, 42.724
1853, 56.39, 42.741
1854, 56.43, 42.757
1855, 56.47, 42.774
1856, 56.51, 42.791
1857, 56.6, 42.824
1858, 56.64, 42.841
1859, 56.69, 42.857
1860, 56.73, 42.874
1861, 56.77, 42.891
1862, 56.81, 42.907
1863, 56.86, 42.924
1864, 56.9, 42.941
1865, 56.94, 42.957
1866, 56.99, 42.974
1867, 57.03, 42.991
1868, 57.07, 43.007
1869, 57.1, 43.024
1870, 57.14, 43.041
1871, 57.19, 43.057
1872, 57.23, 43.074
1873, 57.27, 43.091
1874, 57.31, 43.107
1875, 57.35, 43.124
1876, 57.43, 43.157
1877, 57.47, 43.174
1878, 57.51, 43.191
1879, 57.55, 43.207
1880, 57.59, 43.224
1881, 57.63, 43.241
1882, 57.67, 43.257
1883, 57.71, 43.274
1884, 57.74, 43.291
1885, 57.78, 43.307
1886, 57.82, 43.324
1887, 57.86, 43.341
1888, 57.9, 43.357
1889, 57.94, 43.374
1890, 57.98, 43.391
1891, 58.02, 43.407
1892, 58.05, 43.424
1893, 58.09, 43.441
1894, 58.12, 43.457
1895, 58.16, 43.474
1896, 58.19, 43.491
1897, 58.23, 43.507
1898, 58.27, 43.524
1899, 58.35, 43.557
1900, 58.39, 43.574
1901, 58.42, 43.591
1902, 58.46, 43.607
1903, 58.49, 43.624
1904, 58.53, 43.641
1905, 58.56, 43.657
1906, 58.6, 43.674
1907, 58.63, 43.691
1908, 58.67, 43.707
1909, 58.64, 43.724
1910, 58.6, 43.741
1911, 58.72, 43.757
1912, 58.75, 43.774
1913, 58.74, 43.791
1914, 58.77, 43.807
1915, 58.83, 43.824
1916, 58.86, 43.841
1917, 58.87, 43.857
1918, 58.91, 43.874
1919, 58.94, 43.891
1920, 58.97, 43.907
1921, 59, 43.924
1922, 59.03, 43.941
1923, 59.06, 43.957
1924, 59.09, 43.974
1925, 59.12, 43.991
1926, 59.15, 44.007
1927, 59.18, 44.024
1928, 59.22, 44.041
1929, 59.25, 44.057
1930, 59.27, 44.074
1931, 59.3, 44.091
1932, 59.33, 44.107
1933, 59.36, 44.124
1934, 59.39, 44.141
1935, 59.42, 44.157
1936, 59.45, 44.174
1937, 59.48, 44.191
1938, 59.53, 44.224
1939, 59.56, 44.241
1940, 59.59, 44.257
1941, 59.62, 44.274
1942, 59.66, 44.291
1943, 59.69, 44.307
1944, 59.71, 44.324
1945, 59.74, 44.341
1946, 59.77, 44.357
1947, 59.79, 44.374
1948, 59.82, 44.391
1949, 59.85, 44.407
1950, 59.88, 44.424
1951, 59.91, 44.441
1952, 59.94, 44.457
1953, 59.97, 44.474
1954, 60, 44.491
1955, 60.02, 44.507
1956, 60.05, 44.524
1957, 60.07, 44.541
1958, 60.1, 44.557
1959, 60.13, 44.574
1960, 60.16, 44.591
1961, 60.18, 44.607
1962, 60.21, 44.624
1963, 60.23, 44.641
1964, 60.26, 44.657
1965, 60.28, 44.674
1966, 60.31, 44.691
1967, 60.34, 44.707
1968, 60.37, 44.724
1969, 60.4, 44.741
1970, 60.42, 44.757
1971, 60.45, 44.774
1972, 60.47, 44.791
1973, 60.5, 44.807
1974, 60.53, 44.824
1975, 60.55, 44.841
1976, 60.58, 44.857
1977, 60.6, 44.874
1978, 60.63, 44.891
1979, 60.65, 44.907
1980, 60.68, 44.924
1981, 60.71, 44.941
1982, 60.73, 44.957
1983, 60.76, 44.974
1984, 60.79, 44.991
1985, 60.81, 45.007
1986, 60.84, 45.024
1987, 60.86, 45.041
1988, 60.89, 45.057
1989, 60.91, 45.074
1990, 60.94, 45.091
1991, 60.96, 45.107
1992, 60.99, 45.124
1993, 61.02, 45.141
1994, 61.04, 45.157
1995, 61.07, 45.174
1996, 61.1, 45.191
1997, 61.12, 45.207
1998, 61.15, 45.224
1999, 61.18, 45.241
2000, 61.2, 45.257
2001, 61.23, 45.274
2002, 61.25, 45.291
2003, 61.28, 45.307
2004, 61.3, 45.324
2005, 61.33, 45.341
2006, 61.36, 45.357
2007, 61.39, 45.374
2008, 61.42, 45.391
2009, 61.44, 45.407
2010, 61.47, 45.424
2011, 61.49, 45.441
2012, 61.52, 45.457
2013, 61.55, 45.474
2014, 61.57, 45.491
2015, 61.6, 45.507
2016, 61.63, 45.524
2017, 61.66, 45.541
2018, 61.69, 45.557
2019, 61.71, 45.574
2020, 61.74, 45.591
2021, 61.77, 45.607
2022, 61.8, 45.624
2023, 61.82, 45.641
2024, 61.85, 45.657
2025, 61.88, 45.674
2026, 61.91, 45.691
2027, 61.93, 45.707
2028, 61.96, 45.724
2029, 61.99, 45.741
2030, 62.02, 45.757
2031, 62.04, 45.774
2032, 62.07, 45.791
2033, 62.1, 45.807
2034, 62.12, 45.824
2035, 62.15, 45.841
2036, 62.18, 45.857
2037, 62.21, 45.874
2038, 62.23, 45.891
2039, 62.23, 45.891
2040, 62.26, 45.907
2041, 62.28, 45.924
2042, 62.31, 45.941
2043, 62.34, 45.957
2044, 62.37, 45.974
2045, 62.39, 45.991
2046, 62.42, 46.007
2047, 62.45, 46.024
2048, 62.47, 46.041
2049, 62.5, 46.057
2050, 62.52, 46.074
2051, 62.55, 46.091
2052, 62.58, 46.107
2053, 62.6, 46.124
2054, 62.63, 46.141
2055, 62.66, 46.157
2056, 62.7, 46.174
2057, 62.72, 46.191
2058, 62.75, 46.207
2059, 62.78, 46.224
2060, 62.8, 46.241
2061, 62.82, 46.257
2062, 62.85, 46.274
2063, 62.88, 46.291
2064, 62.9, 46.307
2065, 62.94, 46.324
2066, 62.96, 46.341
2067, 62.99, 46.357
2068, 63.02, 46.374
2069, 63.04, 46.391
2070, 63.04, 46.391
2071, 63.07, 46.407
2072, 63.09, 46.424
2073, 63.11, 46.441
2074, 63.14, 46.457
2075, 63.17, 46.474
2076, 63.19, 46.491
2077, 63.22, 46.507
2078, 63.25, 46.524
2079, 63.27, 46.541
2080, 63.3, 46.557
2081, 63.33, 46.574
2082, 63.35, 46.591
2083, 63.37, 46.607
2084, 63.4, 46.624
2085, 63.42, 46.641
2086, 63.44, 46.657
2087, 63.47, 46.674
2088, 63.49, 46.691
2089, 63.49, 46.691
2090, 63.52, 46.707
2091, 63.54, 46.724
2092, 63.57, 46.741
2093, 63.6, 46.757
2094, 63.62, 46.774
2095, 63.65, 46.791
2096, 63.67, 46.807
2097, 63.69, 46.824
2098, 63.71, 46.841
2099, 63.74, 46.857
2100, 63.77, 46.874
2101, 63.79, 46.891
2102, 63.81, 46.907
2103, 63.84, 46.924
2104, 63.86, 46.941
2105, 63.89, 46.957
2106, 63.89, 46.957
2107, 63.92, 46.974
2108, 63.94, 46.991
2109, 63.96, 47.007
2110, 63.98, 47.024
2111, 64, 47.041
2112, 64.03, 47.057
2113, 64.06, 47.074
2114, 64.08, 47.091
2115, 64.11, 47.107
2116, 64.13, 47.124
2117, 64.16, 47.141
2118, 64.18, 47.157
2119, 64.21, 47.174
2120, 64.23, 47.191
2121, 64.26, 47.207
2122, 64.26, 47.207
2123, 64.29, 47.224
2124, 64.31, 47.241
2125, 64.33, 47.257
2126, 64.35, 47.274
2127, 64.38, 47.291
2128, 64.4, 47.307
2129, 64.43, 47.324
2130, 64.46, 47.341
2131, 64.48, 47.357
2132, 64.51, 47.374
2133, 64.53, 47.391
2134, 64.55, 47.407
2135, 64.57, 47.424
2136, 64.57, 47.424
2137, 64.6, 47.441
2138, 64.62, 47.457
2139, 64.65, 47.474
2140, 64.67, 47.491
2141, 64.7, 47.507
2142, 64.73, 47.524
2143, 64.76, 47.541
2144, 64.78, 47.557
2145, 64.8, 47.574
2146, 64.82, 47.591
2147, 64.84, 47.607
2148, 64.86, 47.624
2149, 64.86, 47.624
2150, 64.88, 47.641
2151, 64.91, 47.657
2152, 64.93, 47.674
2153, 64.96, 47.691
2154, 64.98, 47.707
2155, 65.01, 47.724
2156, 65.04, 47.741
2157, 65.06, 47.757
2158, 65.08, 47.774
2159, 65.1, 47.791
2160, 65.12, 47.807
2161, 65.12, 47.807
2162, 65.14, 47.824
2163, 65.17, 47.841
2164, 65.19, 47.857
2165, 65.21, 47.874
2166, 65.24, 47.891
2167, 65.26, 47.907
2168, 65.28, 47.924
2169, 65.3, 47.941
2170, 65.32, 47.957
2171, 65.34, 47.974
2172, 65.36, 47.991
2173, 65.38, 48.007
2174, 65.38, 48.007
2175, 65.4, 48.024
2176, 65.42, 48.041
2177, 65.44, 48.057
2178, 65.46, 48.074
2179, 65.49, 48.091
2180, 65.51, 48.107
2181, 65.53, 48.124
2182, 65.55, 48.141
2183, 65.57, 48.157
2184, 65.58, 48.174
2185, 65.58, 48.174
2186, 65.6, 48.191
2187, 65.62, 48.207
2188, 65.64, 48.224
2189, 65.66, 48.241
2190, 65.69, 48.257
2191, 65.71, 48.274
2192, 65.73, 48.291
2193, 65.75, 48.307
2194, 65.77, 48.324
2195, 65.79, 48.341
2196, 65.81, 48.357
2197, 65.81, 48.357
2198, 65.83, 48.374
2199, 65.85, 48.391
2200, 65.87, 48.407
2201, 65.89, 48.424
2202, 65.91, 48.441
2203, 65.93, 48.457
2204, 65.95, 48.474
2205, 65.98, 48.491
2206, 66, 48.507
2207, 66.02, 48.524
2208, 66.02, 48.524
2209, 66.04, 48.541
2210, 66.06, 48.557
2211, 66.08, 48.574
2212, 66.1, 48.591
2213, 66.12, 48.607
2214, 66.14, 48.624
2215, 66.16, 48.641
2216, 66.18, 48.657
2217, 66.2, 48.674
2218, 66.22, 48.691
2219, 66.22, 48.691
2220, 66.24, 48.707
2221, 66.26, 48.724
2222, 66.28, 48.741
2223, 66.3, 48.757
2224, 66.32, 48.774
2225, 66.34, 48.791
2226, 66.36, 48.807
2227, 66.37, 48.824
2228, 66.39, 48.841
2229, 66.41, 48.857
2230, 66.41, 48.857
2231, 66.43, 48.874
2232, 66.45, 48.891
2233, 66.47, 48.907
2234, 66.49, 48.924
2235, 66.5, 48.941
2236, 66.52, 48.957
2237, 66.53, 48.974
2238, 66.55, 48.991
2239, 66.56, 49.007
2240, 66.56, 49.007
2241, 66.58, 49.024
2242, 66.6, 49.041
2243, 66.63, 49.057
2244, 66.65, 49.074
2245, 66.67, 49.091
2246, 66.69, 49.107
2247, 66.7, 49.124
2248, 66.72, 49.141
2249, 66.73, 49.157
2250, 66.73, 49.157
2251, 66.75, 49.174
2252, 66.76, 49.191
2253, 66.78, 49.207
2254, 66.8, 49.224
2255, 66.81, 49.241
2256, 66.83, 49.257
2257, 66.85, 49.274
2258, 66.87, 49.291
2259, 66.89, 49.307
2260, 66.89, 49.307
2261, 66.91, 49.324
2262, 66.93, 49.341
2263, 66.94, 49.357
2264, 66.96, 49.374
2265, 66.97, 49.391
2266, 66.99, 49.407
2267, 67, 49.424
2268, 67.02, 49.441
2269, 67.04, 49.457
2270, 67.04, 49.457
2271, 67.05, 49.474
2272, 67.07, 49.491
2273, 67.09, 49.507
2274, 67.1, 49.524
2275, 67.12, 49.541
2276, 67.14, 49.557
2277, 67.15, 49.574
2278, 67.17, 49.591
2279, 67.17, 49.591
2280, 67.18, 49.607
2281, 67.2, 49.624
2282, 67.21, 49.641
2283, 67.23, 49.657
2284, 67.25, 49.674
2285, 67.26, 49.691
2286, 67.28, 49.707
2287, 67.3, 49.724
2288, 67.3, 49.724
2289, 67.32, 49.741
2290, 67.33, 49.757
2291, 67.35, 49.774
2292, 67.36, 49.791
2293, 67.38, 49.807
2294, 67.4, 49.824
2295, 67.42, 49.841
2296, 67.44, 49.857
2297, 67.45, 49.874
2298, 67.45, 49.874
2299, 67.46, 49.891
2300, 67.48, 49.907
2301, 67.5, 49.924
2302, 67.51, 49.941
2303, 67.53, 49.957
2304, 67.54, 49.974
2305, 67.56, 49.991
2306, 67.57, 50.007
2307, 67.57, 50.007
2308, 67.59, 50.024
2309, 67.61, 50.041
2310, 67.62, 50.057
2311, 67.64, 50.074
2312, 67.65, 50.091
2313, 67.67, 50.107
2314, 67.69, 50.124
2315, 67.69, 50.124
2316, 67.7, 50.141
2317, 67.72, 50.157
2318, 67.73, 50.174
2319, 67.75, 50.191
2320, 67.76, 50.207
2321, 67.78, 50.224
2322, 67.79, 50.241
2323, 67.81, 50.257
2324, 67.81, 50.257
2325, 67.82, 50.274
2326, 67.84, 50.291
2327, 67.85, 50.307
2328, 67.87, 50.324
2329, 67.89, 50.341
2330, 67.9, 50.357
2331, 67.91, 50.374
2332, 67.93, 50.391
2333, 67.93, 50.391
2334, 67.94, 50.407
2335, 67.95, 50.424
2336, 67.97, 50.441
2337, 67.98, 50.457
2338, 68, 50.474
2339, 68.01, 50.491
2340, 68.03, 50.507
2341, 68.03, 50.507
2342, 68.05, 50.524
2343, 68.06, 50.541
2344, 68.07, 50.557
2345, 68.07, 50.574
2346, 68.06, 50.591
2347, 68.03, 50.607
2348, 68, 50.624
2349, 67.94, 50.641
2350, 67.94, 50.641
2351, 67.87, 50.657
2352, 67.81, 50.674
2353, 67.72, 50.691
2354, 67.57, 50.707
2355, 67.49, 50.724
2356, 67.41, 50.741
2357, 67.32, 50.757
2358, 67.18, 50.774
2359, 67.18, 50.774
2360, 67.05, 50.791
2361, 66.93, 50.807
2362, 66.78, 50.824
2363, 66.61, 50.841
2364, 66.43, 50.857
2365, 66.24, 50.874
2366, 66.02, 50.891
2367, 65.78, 50.907
2368, 65.52, 50.924
2369, 65.52, 50.924
2370, 65.25, 50.941
2371, 64.95, 50.957
2372, 64.65, 50.974
2373, 64.33, 50.991
2374, 64, 51.007
2375, 63.67, 51.024
2376, 63.33, 51.041
2377, 63, 51.057
2378, 62.66, 51.074
2379, 62.32, 51.091
2380, 61.97, 51.107
2381, 61.63, 51.124
2382, 61.29, 51.141
2383, 60.96, 51.157
2384, 60.62, 51.174
2385, 60.29, 51.191
2386, 59.97, 51.207
2387, 59.64, 51.224
2388, 59.26, 51.241
2389, 58.89, 51.257
2390, 58.56, 51.274
2391, 58.24, 51.291
2392, 57.92, 51.307
2393, 57.6, 51.324
2394, 57.26, 51.341
2395, 56.89, 51.357
2396, 56.55, 51.374
2397, 56.23, 51.391
2398, 55.9, 51.407
2399, 55.56, 51.424
2400, 55.23, 51.441
2401, 54.9, 51.457
2402, 54.24, 51.491
2403, 53.92, 51.507
2404, 53.59, 51.524
2405, 53.26, 51.541
2406, 52.93, 51.557
2407, 52.59, 51.574
2408, 52.26, 51.591
2409, 51.93, 51.607
2410, 51.28, 51.641
2411, 50.96, 51.657
2412, 50.64, 51.674
2413, 50.32, 51.691
2414, 50, 51.707
2415, 49.69, 51.724
2416, 49.07, 51.757
2417, 48.73, 51.774
2418, 48.39, 51.791
2419, 48.06, 51.807
2420, 47.44, 51.841
2421, 47.15, 51.857
2422, 46.85, 51.874
2423, 46.53, 51.891
2424, 45.91, 51.924
2425, 45.62, 51.941
2426, 45.31, 51.957
2427, 44.75, 51.991
2428, 44.49, 52.007
2429, 44.22, 52.024
2430, 43.69, 52.057
2431, 43.43, 52.074
2432, 42.92, 52.107
2433, 42.69, 52.124
2434, 42.45, 52.141
2435, 42, 52.174
2436, 41.78, 52.191
2437, 41.35, 52.224
2438, 41.14, 52.241
2439, 40.76, 52.274
2440, 40.57, 52.291
2441, 40.37, 52.307
2442, 40, 52.341
2443, 39.84, 52.357
2444, 39.51, 52.391
2445, 39.36, 52.407
2446, 39.02, 52.441
2447, 38.71, 52.474
2448, 38.57, 52.491
2449, 38.27, 52.524
2450, 38.11, 52.541
2451, 37.83, 52.574
2452, 37.69, 52.591
2453, 37.42, 52.624
2454, 37.29, 52.641
2455, 37.05, 52.674
2456, 36.94, 52.691
2457, 36.74, 52.724
2458, 36.56, 52.757
2459, 36.49, 52.774
2460, 36.36, 52.807
2461, 36.3, 52.824
2462, 36.18, 52.857
2463, 36.09, 52.891
2464, 36.04, 52.907
2465, 35.95, 52.941
2466, 35.9, 52.957
2467, 35.81, 52.991
2468, 35.72, 53.024
2469, 35.68, 53.041
2470, 35.59, 53.074
2471, 35.5, 53.107
2472, 35.45, 53.124
2473, 35.35, 53.157
2474, 35.26, 53.191
2475, 35.21, 53.207
2476, 35.11, 53.241
2477, 35.01, 53.274
2478, 34.9, 53.307
2479, 34.84, 53.324
2480, 34.74, 53.357
2481, 34.66, 53.391
2482, 34.6, 53.407
2483, 34.53, 53.441
2484, 34.45, 53.474
2485, 34.37, 53.507
2486, 34.3, 53.524
2487, 34.2, 53.557
2488, 34.11, 53.591
2489, 34.03, 53.624
2490, 33.99, 53.641
2491, 33.9, 53.674
2492, 33.71, 53.707
2493, 33.6, 53.741
2494, 33.45, 53.774
2495, 33.39, 53.791
2496, 33.3, 53.824
2497, 33.02, 53.857
2498, 32.89, 53.891
2499, 32.75, 53.924
2500, 32.56, 53.957
2501, 32.42, 53.974
2502, 32.25, 54.007
2503, 32.12, 54.041
2504, 31.97, 54.074
2505, 31.78, 54.107
2506, 31.6, 54.141
2507, 31.41, 54.174
2508, 31.31, 54.191
2509, 31.12, 54.224
2510, 30.93, 54.257
2511, 30.75, 54.291
2512, 30.55, 54.324
2513, 30.3, 54.357
2514, 30.12, 54.391
2515, 29.97, 54.424
2516, 29.8, 54.457
2517, 29.7, 54.491
2518, 29.63, 54.524
2519, 29.57, 54.557
2520, 29.51, 54.591
2521, 29.4, 54.624
2522, 29.3, 54.657
2523, 29.24, 54.691
2524, 29.15, 54.724
2525, 29.05, 54.757
2526, 28.95, 54.791
2527, 28.76, 54.824
2528, 28.43, 54.857
2529, 28.28, 54.891
2530, 28.18, 54.941
2531, 28.16, 54.974
2532, 28.11, 55.007
2533, 28.06, 55.041
2534, 28.02, 55.074
2535, 28.14, 55.107
2536, 28.14, 55.157
2537, 28.2, 55.191
2538, 28.24, 55.224
2539, 28.32, 55.257
2540, 28.44, 55.291
2541, 28.73, 55.324
2542, 28.91, 55.357
2543, 28.9, 55.391
2544, 28.97, 55.424
2545, 29.03, 55.474
2546, 29.15, 55.507
2547, 29.31, 55.541
2548, 29.47, 55.574
2549, 29.54, 55.607
2550, 29.57, 55.641
2551, 29.66, 55.674
2552, 29.77, 55.707
2553, 29.91, 55.741
2554, 30.05, 55.774
2555, 30.16, 55.807
2556, 30.32, 55.841
2557, 30.43, 55.874
2558, 30.61, 55.907
2559, 30.8, 55.941
2560, 30.97, 55.974
2561, 31.16, 56.007
2562, 31.31, 56.041
2563, 31.51, 56.074
2564, 31.63, 56.091
2565, 31.82, 56.124
2566, 32.03, 56.157
2567, 32.26, 56.191
2568, 32.49, 56.224
2569, 32.71, 56.257
2570, 32.82, 56.274
2571, 33.04, 56.307
2572, 33.26, 56.341
2573, 33.47, 56.374
2574, 33.69, 56.407
2575, 33.8, 56.424
2576, 34.02, 56.457
2577, 34.22, 56.491
2578, 34.43, 56.524
2579, 34.54, 56.541
2580, 34.75, 56.574
2581, 34.97, 56.607
2582, 35.07, 56.624
2583, 35.29, 56.657
2584, 35.48, 56.691
2585, 35.69, 56.724
2586, 35.8, 56.741
2587, 36.01, 56.774
2588, 36.22, 56.807
2589, 36.33, 56.824
2590, 36.54, 56.857
2591, 36.64, 56.874
2592, 36.85, 56.907
2593, 37.06, 56.941
2594, 37.15, 56.957
2595, 37.32, 56.991
2596, 37.49, 57.024
2597, 37.58, 57.041
2598, 37.78, 57.074
2599, 37.9, 57.091
2600, 38.15, 57.124
2601, 38.35, 57.157
2602, 38.43, 57.174
2603, 38.61, 57.207
2604, 38.63, 57.224
2605, 38.72, 57.257
2606, 38.87, 57.274
2607, 39.06, 57.307
2608, 39.18, 57.324
2609, 39.34, 57.357
2610, 39.41, 57.374
2611, 39.59, 57.407
2612, 39.74, 57.441
2613, 39.82, 57.457
2614, 39.99, 57.491
2615, 40.08, 57.507
2616, 40.24, 57.541
2617, 40.33, 57.557
2618, 40.41, 57.574
2619, 40.57, 57.607
2620, 40.64, 57.624
2621, 40.79, 57.657
2622, 40.87, 57.674
2623, 41.04, 57.707
2624, 41.11, 57.724
2625, 41.26, 57.757
2626, 41.34, 57.774
2627, 41.49, 57.807
2628, 41.56, 57.824
2629, 41.72, 57.857
2630, 41.8, 57.874
2631, 41.87, 57.891
2632, 41.99, 57.924
2633, 42.06, 57.941
2634, 42.22, 57.974
2635, 42.3, 57.991
2636, 42.44, 58.024
2637, 42.5, 58.041
2638, 42.56, 58.057
2639, 42.7, 58.091
2640, 42.76, 58.107
2641, 42.91, 58.141
2642, 42.99, 58.157
2643, 43.07, 58.174
2644, 43.21, 58.207
2645, 43.27, 58.224
2646, 43.34, 58.241
2647, 43.48, 58.274
2648, 43.55, 58.291
2649, 43.69, 58.324
2650, 43.76, 58.341
2651, 43.83, 58.357
2652, 43.97, 58.391
2653, 44.03, 58.407
2654, 44.1, 58.424
2655, 44.25, 58.457
2656, 44.32, 58.474
2657, 44.39, 58.491
2658, 44.53, 58.524
2659, 44.61, 58.541
2660, 44.68, 58.557
2661, 44.82, 58.591
2662, 44.9, 58.607
2663, 44.97, 58.624
2664, 45.12, 58.657
2665, 45.2, 58.674
2666, 45.28, 58.691
2667, 45.43, 58.724
2668, 45.5, 58.741
2669, 45.57, 58.757
2670, 45.64, 58.774
2671, 45.79, 58.807
2672, 45.87, 58.824
2673, 45.94, 58.841
2674, 46.09, 58.874
2675, 46.16, 58.891
2676, 46.23, 58.907
2677, 46.3, 58.924
2678, 46.44, 58.957
2679, 46.51, 58.974
2680, 46.59, 58.991
2681, 46.73, 59.024
2682, 46.8, 59.041
2683, 46.87, 59.057
2684, 46.94, 59.074
2685, 47.08, 59.107
2686, 47.15, 59.124
2687, 47.22, 59.141
2688, 47.29, 59.157
2689, 47.42, 59.191
2690, 47.49, 59.207
2691, 47.56, 59.224
2692, 47.62, 59.241
2693, 47.76, 59.274
2694, 47.83, 59.291
2695, 47.89, 59.307
2696, 47.96, 59.324
2697, 48.03, 59.341
2698, 48.16, 59.374
2699, 48.22, 59.391
2700, 48.28, 59.407
2701, 48.35, 59.424
2702, 48.48, 59.457
2703, 48.54, 59.474
2704, 48.6, 59.491
2705, 48.67, 59.507
2706, 48.79, 59.541
2707, 48.86, 59.557
2708, 48.92, 59.574
2709, 48.98, 59.591
2710, 49.04, 59.607
2711, 49.17, 59.641
2712, 49.23, 59.657
2713, 49.29, 59.674
2714, 49.35, 59.691
2715, 49.41, 59.707
2716, 49.37, 59.741
2717, 49.48, 59.757
2718, 49.61, 59.774
2719, 49.62, 59.791
2720, 49.74, 59.824
2721, 49.8, 59.841
2722, 49.84, 59.857
2723, 49.89, 59.874
2724, 49.95, 59.891
2725, 50.06, 59.924
2726, 50.12, 59.941
2727, 50.18, 59.957
2728, 50.23, 59.974
2729, 50.29, 59.991
2730, 50.34, 60.007
2731, 50.45, 60.041
2732, 50.5, 60.057
2733, 50.56, 60.074
2734, 50.61, 60.091
2735, 50.66, 60.107
2736, 50.77, 60.141
2737, 50.83, 60.157
2738, 50.88, 60.174
2739, 50.93, 60.191
2740, 50.98, 60.207
2741, 51.04, 60.224
2742, 51.14, 60.257
2743, 51.2, 60.274
2744, 51.25, 60.291
2745, 51.31, 60.307
2746, 51.36, 60.324
2747, 51.41, 60.341
2748, 51.51, 60.374
2749, 51.56, 60.391
2750, 51.61, 60.407
2751, 51.67, 60.424
2752, 51.72, 60.441
2753, 51.77, 60.457
2754, 51.87, 60.491
2755, 51.92, 60.507
2756, 51.97, 60.524
2757, 52.02, 60.541
2758, 52.07, 60.557
2759, 52.12, 60.574
2760, 52.17, 60.591
2761, 52.27, 60.624
2762, 52.32, 60.641
2763, 52.36, 60.657
2764, 52.41, 60.674
2765, 52.46, 60.691
2766, 52.51, 60.707
2767, 52.56, 60.724
2768, 52.66, 60.757
2769, 52.71, 60.774
2770, 52.76, 60.791
2771, 52.81, 60.807
2772, 52.85, 60.824
2773, 52.91, 60.841
2774, 52.96, 60.857
2775, 53.05, 60.891
2776, 53.09, 60.907
2777, 53.14, 60.924
2778, 53.19, 60.941
2779, 53.24, 60.957
2780, 53.29, 60.974
2781, 53.34, 60.991
2782, 53.39, 61.007
2783, 53.48, 61.041
2784, 53.53, 61.057
2785, 53.58, 61.074
2786, 53.62, 61.091
2787, 53.66, 61.107
2788, 53.71, 61.124
2789, 53.76, 61.141
2790, 53.8, 61.157
2791, 53.85, 61.174
2792, 53.94, 61.207
2793, 53.98, 61.224
2794, 54.03, 61.241
2795, 54.09, 61.257
2796, 54.13, 61.274
2797, 54.18, 61.291
2798, 54.22, 61.307
2799, 54.27, 61.324
2800, 54.31, 61.341
2801, 54.39, 61.374
2802, 54.44, 61.391
2803, 54.49, 61.407
2804, 54.54, 61.424
2805, 54.59, 61.441
2806, 54.63, 61.457
2807, 54.66, 61.474
2808, 54.71, 61.491
2809, 54.75, 61.507
2810, 54.79, 61.524
2811, 54.88, 61.557
2812, 54.92, 61.574
2813, 54.97, 61.591
2814, 55.01, 61.607
2815, 55.05, 61.624
2816, 55.09, 61.641
2817, 55.14, 61.657
2818, 55.19, 61.674
2819, 55.23, 61.691
2820, 55.27, 61.707
2821, 55.31, 61.724
2822, 55.4, 61.757
2823, 55.44, 61.774
2824, 55.48, 61.791
2825, 55.52, 61.807
2826, 55.56, 61.824
2827, 55.6, 61.841
2828, 55.64, 61.857
2829, 55.69, 61.874
2830, 55.74, 61.891
2831, 55.78, 61.907
2832, 55.81, 61.924
2833, 55.85, 61.941
2834, 55.93, 61.974
2835, 55.97, 61.991
2836, 56.01, 62.007
2837, 56.05, 62.024
2838, 56.09, 62.041
2839, 56.13, 62.057
2840, 56.16, 62.074
2841, 56.2, 62.091
2842, 56.24, 62.107
2843, 56.29, 62.124
2844, 56.33, 62.141
2845, 56.37, 62.157
2846, 56.41, 62.174
2847, 56.44, 62.191
2848, 56.48, 62.207
2849, 56.55, 62.241
2850, 56.59, 62.257
2851, 56.63, 62.274
2852, 56.68, 62.291
2853, 56.72, 62.307
2854, 56.75, 62.324
2855, 56.79, 62.341
2856, 56.82, 62.357
2857, 56.86, 62.374
2858, 56.89, 62.391
2859, 56.93, 62.407
2860, 56.97, 62.424
2861, 57, 62.441
2862, 57.04, 62.457
2863, 57.08, 62.474
2864, 57.12, 62.491
2865, 57.19, 62.524
2866, 57.23, 62.541
2867, 57.26, 62.557
2868, 57.3, 62.574
2869, 57.34, 62.591
2870, 57.37, 62.607
2871, 57.41, 62.624
2872, 57.45, 62.641
2873, 57.48, 62.657
2874, 57.52, 62.674
2875, 57.55, 62.691
2876, 57.58, 62.707
2877, 57.62, 62.724
2878, 57.65, 62.741
2879, 57.68, 62.757
2880, 57.72, 62.774
2881, 57.75, 62.791
2882, 57.79, 62.807
2883, 57.82, 62.824
2884, 57.85, 62.841
2885, 57.91, 62.874
2886, 57.94, 62.891
2887, 57.97, 62.907
2888, 58, 62.924
2889, 58.04, 62.941
2890, 58.07, 62.957
2891, 58.1, 62.974
2892, 58.13, 62.991
2893, 58.17, 63.007
2894, 58.19, 63.024
2895, 58.22, 63.041
2896, 58.25, 63.057
2897, 58.28, 63.074
2898, 58.32, 63.091
2899, 58.35, 63.107
2900, 58.38, 63.124
2901, 58.41, 63.141
2902, 58.44, 63.157
2903, 58.48, 63.174
2904, 58.51, 63.191
2905, 58.54, 63.207
2906, 58.57, 63.224
2907, 58.6, 63.241
2908, 58.63, 63.257
2909, 58.66, 63.274
2910, 58.69, 63.291
2911, 58.72, 63.307
2912, 58.75, 63.324
2913, 58.78, 63.341
2914, 58.85, 63.374
2915, 58.88, 63.391
2916, 58.9, 63.407
2917, 58.93, 63.424
2918, 58.95, 63.441
2919, 58.98, 63.457
2920, 59.02, 63.474
2921, 59.05, 63.491
2922, 59.08, 63.507
2923, 59.12, 63.524
2924, 59.15, 63.541
2925, 59.18, 63.557
2926, 59.2, 63.574
2927, 59.23, 63.591
2928, 59.2, 63.607
2929, 59.15, 63.624
2930, 59.26, 63.641
2931, 59.29, 63.657
2932, 59.26, 63.674
2933, 59.3, 63.691
2934, 59.35, 63.707
2935, 59.37, 63.724
2936, 59.39, 63.741
2937, 59.43, 63.757
2938, 59.45, 63.774
2939, 59.47, 63.791
2940, 59.5, 63.807
2941, 59.53, 63.824
2942, 59.55, 63.841
2943, 59.57, 63.857
2944, 59.6, 63.874
2945, 59.63, 63.891
2946, 59.66, 63.907
2947, 59.69, 63.924
2948, 59.73, 63.941
2949, 59.75, 63.957
2950, 59.77, 63.974
2951, 59.79, 63.991
2952, 59.82, 64.007
2953, 59.84, 64.024
2954, 59.87, 64.041
2955, 59.9, 64.057
2956, 59.93, 64.074
2957, 59.96, 64.091
2958, 59.98, 64.107
2959, 60.01, 64.124
2960, 60.03, 64.141
2961, 60.05, 64.157
2962, 60.08, 64.174
2963, 60.1, 64.191
2964, 60.13, 64.207
2965, 60.16, 64.224
2966, 60.18, 64.241
2967, 60.21, 64.257
2968, 60.23, 64.274
2969, 60.25, 64.291
2970, 60.27, 64.307
2971, 60.3, 64.324
2972, 60.32, 64.341
2973, 60.34, 64.357
2974, 60.37, 64.374
2975, 60.39, 64.391
2976, 60.42, 64.407
2977, 60.44, 64.424
2978, 60.47, 64.441
2979, 60.49, 64.457
2980, 60.51, 64.474
2981, 60.53, 64.491
2982, 60.55, 64.507
2983, 60.58, 64.524
2984, 60.6, 64.541
2985, 60.63, 64.557
2986, 60.64, 64.574
2987, 60.66, 64.591
2988, 60.69, 64.607
2989, 60.72, 64.624
2990, 60.74, 64.641
2991, 60.76, 64.657
2992, 60.79, 64.674
2993, 60.8, 64.691
2994, 60.82, 64.707
2995, 60.84, 64.724
2996, 60.87, 64.741
2997, 60.89, 64.757
2998, 60.9, 64.774
2999, 60.92, 64.791
3000, 60.93, 64.807
3001, 60.96, 64.824
3002, 61, 64.841
3003, 61.04, 64.857
3004, 61.05, 64.874
3005, 61.05, 64.891
3006, 61.07, 64.907
3007, 61.08, 64.924
3008, 61.1, 64.941
3009, 61.12, 64.957
3010, 61.14, 64.974
3011, 61.16, 64.991
3012, 61.19, 65.007
3013, 61.21, 65.024
3014, 61.23, 65.041
3015, 61.25, 65.057
3016, 61.27, 65.074
3017, 61.29, 65.091
3018, 61.32, 65.107
3019, 61.34, 65.124
3020, 61.36, 65.141
3021, 61.38, 65.157
3022, 61.4, 65.174
3023, 61.43, 65.191
3024, 61.45, 65.207
3025, 61.48, 65.224
3026, 61.51, 65.241
3027, 61.53, 65.257
3028, 61.54, 65.274
3029, 61.55, 65.291
3030, 61.57, 65.307
3031, 61.59, 65.324
3032, 61.61, 65.341
3033, 61.61, 65.341
3034, 61.64, 65.357
3035, 61.67, 65.374
3036, 61.69, 65.391
3037, 61.7, 65.407
3038, 61.71, 65.424
3039, 61.72, 65.441
3040, 61.75, 65.457
3041, 61.78, 65.474
3042, 61.8, 65.491
3043, 61.82, 65.507
3044, 61.84, 65.524
3045, 61.86, 65.541
3046, 61.87, 65.557
3047, 61.89, 65.574
3048, 61.91, 65.591
3049, 61.93, 65.607
3050, 61.96, 65.624
3051, 61.98, 65.641
3052, 62, 65.657
3053, 62.03, 65.674
3054, 62.04, 65.691
3055, 62.06, 65.707
3056, 62.08, 65.724
3057, 62.09, 65.741
3058, 62.11, 65.757
3059, 62.13, 65.774
3060, 62.15, 65.791
3061, 62.18, 65.807
3062, 62.21, 65.824
3063, 62.23, 65.841
3064, 62.24, 65.857
3065, 62.24, 65.857
3066, 62.26, 65.874
3067, 62.28, 65.891
3068, 62.3, 65.907
3069, 62.31, 65.924
3070, 62.34, 65.941
3071, 62.36, 65.957
3072, 62.38, 65.974
3073, 62.4, 65.991
3074, 62.43, 66.007
3075, 62.44, 66.024
3076, 62.46, 66.041
3077, 62.48, 66.057
3078, 62.49, 66.074
3079, 62.52, 66.091
3080, 62.54, 66.107
3081, 62.56, 66.124
3082, 62.58, 66.141
3083, 62.59, 66.157
3084, 62.61, 66.174
3085, 62.63, 66.191
3086, 62.64, 66.207
3087, 62.65, 66.224
3088, 62.67, 66.241
3089, 62.69, 66.257
3090, 62.69, 66.257
3091, 62.71, 66.274
3092, 62.74, 66.291
3093, 62.76, 66.307
3094, 62.78, 66.324
3095, 62.79, 66.341
3096, 62.81, 66.357
3097, 62.82, 66.374
3098, 62.83, 66.391
3099, 62.85, 66.407
3100, 62.88, 66.424
3101, 62.89, 66.441
3102, 62.92, 66.457
3103, 62.94, 66.474
3104, 62.95, 66.491
3105, 62.96, 66.507
3106, 62.98, 66.524
3107, 63, 66.541
3108, 63.02, 66.557
3109, 63.03, 66.574
3110, 63.05, 66.591
3111, 63.05, 66.591
3112, 63.07, 66.607
3113, 63.08, 66.624
3114, 63.1, 66.641
3115, 63.12, 66.657
3116, 63.14, 66.674
3117, 63.16, 66.691
3118, 63.18, 66.707
3119, 63.19, 66.724
3120, 63.2, 66.741
3121, 63.21, 66.757
3122, 63.23, 66.774
3123, 63.25, 66.791
3124, 63.26, 66.807
3125, 63.28, 66.824
3126, 63.29, 66.841
3127, 63.31, 66.857
3128, 63.33, 66.874
3129, 63.35, 66.891
3130, 63.36, 66.907
3131, 63.36, 66.907
3132, 63.37, 66.924
3133, 63.39, 66.941
3134, 63.4, 66.957
3135, 63.42, 66.974
3136, 63.43, 66.991
3137, 63.45, 67.007
3138, 63.47, 67.024
3139, 63.48, 67.041
3140, 63.5, 67.057
3141, 63.51, 67.074
3142, 63.52, 67.091
3143, 63.54, 67.107
3144, 63.55, 67.124
3145, 63.57, 67.141
3146, 63.59, 67.157
3147, 63.61, 67.174
3148, 63.63, 67.191
3149, 63.64, 67.207
3150, 63.64, 67.207
3151, 63.65, 67.224
3152, 63.66, 67.241
3153, 63.67, 67.257
3154, 63.69, 67.274
3155, 63.7, 67.291
3156, 63.72, 67.307
3157, 63.74, 67.324
3158, 63.76, 67.341
3159, 63.78, 67.357
3160, 63.79, 67.374
3161, 63.81, 67.391
3162, 63.82, 67.407
3163, 63.83, 67.424
3164, 63.84, 67.441
3165, 63.86, 67.457
3166, 63.88, 67.474
3167, 63.9, 67.491
3168, 63.9, 67.491
3169, 63.92, 67.507
3170, 63.93, 67.524
3171, 63.94, 67.541
3172, 63.96, 67.557
3173, 63.98, 67.574
3174, 63.99, 67.591
3175, 64.01, 67.607
3176, 64.02, 67.624
3177, 64.03, 67.641
3178, 64.04, 67.657
3179, 64.06, 67.674
3180, 64.07, 67.691
3181, 64.09, 67.707
3182, 64.11, 67.724
3183, 64.13, 67.741
3184, 64.15, 67.757
3185, 64.15, 67.757
3186, 64.16, 67.774
3187, 64.17, 67.791
3188, 64.18, 67.807
3189, 64.2, 67.824
3190, 64.21, 67.841
3191, 64.23, 67.857
3192, 64.24, 67.874
3193, 64.25, 67.891
3194, 64.27, 67.907
3195, 64.28, 67.924
3196, 64.3, 67.941
3197, 64.32, 67.957
3198, 64.35, 67.974
3199, 64.36, 67.991
3200, 64.37, 68.007
3201, 64.37, 68.007
3202, 64.39, 68.024
3203, 64.4, 68.041
3204, 64.41, 68.057
3205, 64.43, 68.074
3206, 64.45, 68.091
3207, 64.46, 68.107
3208, 64.48, 68.124
3209, 64.5, 68.141
3210, 64.51, 68.157
3211, 64.53, 68.174
3212, 64.54, 68.191
3213, 64.56, 68.207
3214, 64.58, 68.224
3215, 64.6, 68.241
3216, 64.61, 68.257
3217, 64.61, 68.257
3218, 64.63, 68.274
3219, 64.65, 68.291
3220, 64.66, 68.307
3221, 64.68, 68.324
3222, 64.7, 68.341
3223, 64.72, 68.357
3224, 64.74, 68.374
3225, 64.75, 68.391
3226, 64.77, 68.407
3227, 64.79, 68.424
3228, 64.81, 68.441
3229, 64.83, 68.457
3230, 64.84, 68.474
3231, 64.84, 68.474
3232, 64.86, 68.491
3233, 64.87, 68.507
3234, 64.89, 68.524
3235, 64.91, 68.541
3236, 64.93, 68.557
3237, 64.95, 68.574
3238, 64.97, 68.591
3239, 64.99, 68.607
3240, 65, 68.624
3241, 65.02, 68.641
3242, 65.04, 68.657
3243, 65.06, 68.674
3244, 65.06, 68.674
3245, 65.08, 68.691
3246, 65.09, 68.707
3247, 65.11, 68.724
3248, 65.14, 68.741
3249, 65.16, 68.757
3250, 65.18, 68.774
3251, 65.2, 68.791
3252, 65.22, 68.807
3253, 65.24, 68.824
3254, 65.26, 68.841
3255, 65.28, 68.857
3256, 65.29, 68.874
3257, 65.29, 68.874
3258, 65.31, 68.891
3259, 65.33, 68.907
3260, 65.35, 68.924
3261, 65.37, 68.941
3262, 65.39, 68.957
3263, 65.42, 68.974
3264, 65.44, 68.991
3265, 65.46, 69.007
3266, 65.48, 69.024
3267, 65.5, 69.041
3268, 65.52, 69.057
3269, 65.52, 69.057
3270, 65.54, 69.074
3271, 65.56, 69.091
3272, 65.58, 69.107
3273, 65.6, 69.124
3274, 65.62, 69.141
3275, 65.65, 69.157
3276, 65.67, 69.174
3277, 65.69, 69.191
3278, 65.71, 69.207
3279, 65.73, 69.224
3280, 65.73, 69.224
3281, 65.75, 69.241
3282, 65.77, 69.257
3283, 65.79, 69.274
3284, 65.81, 69.291
3285, 65.83, 69.307
3286, 65.85, 69.324
3287, 65.87, 69.341
3288, 65.89, 69.357
3289, 65.9, 69.374
3290, 65.92, 69.391
3291, 65.92, 69.391
3292, 65.95, 69.407
3293, 65.97, 69.424
3294, 65.99, 69.441
3295, 66, 69.457
3296, 66.01, 69.474
3297, 66.03, 69.491
3298, 66.05, 69.507
3299, 66.07, 69.524
3300, 66.09, 69.541
3301, 66.11, 69.557
3302, 66.11, 69.557
3303, 66.12, 69.574
3304, 66.13, 69.591
3305, 66.15, 69.607
3306, 66.17, 69.624
3307, 66.18, 69.641
3308, 66.2, 69.657
3309, 66.21, 69.674
3310, 66.23, 69.691
3311, 66.25, 69.707
3312, 66.27, 69.724
3313, 66.27, 69.724
3314, 66.29, 69.741
3315, 66.31, 69.757
3316, 66.33, 69.774
3317, 66.34, 69.791
3318, 66.35, 69.807
3319, 66.37, 69.824
3320, 66.38, 69.841
3321, 66.4, 69.857
3322, 66.42, 69.874
3323, 66.42, 69.874
3324, 66.44, 69.891
3325, 66.46, 69.907
3326, 66.48, 69.924
3327, 66.51, 69.941
3328, 66.52, 69.957
3329, 66.53, 69.974
3330, 66.54, 69.991
3331, 66.55, 70.007
3332, 66.56, 70.024
3333, 66.56, 70.024
3334, 66.56, 70.041
3335, 66.57, 70.057
3336, 66.58, 70.074
3337, 66.57, 70.091
3338, 66.58, 70.107
3339, 66.57, 70.124
3340, 66.55, 70.141
3341, 66.5, 70.157
3342, 66.42, 70.174
3343, 66.42, 70.174
3344, 66.32, 70.191
3345, 66.2, 70.207
3346, 66.07, 70.224
3347, 65.87, 70.241
3348, 65.7, 70.257
3349, 65.59, 70.274
3350, 65.46, 70.291
3351, 65.32, 70.307
3352, 65.18, 70.324
3353, 64.91, 70.341
3354, 64.91, 70.341
3355, 64.62, 70.357
3356, 64.31, 70.374
3357, 64.09, 70.391
3358, 63.84, 70.407
3359, 63.58, 70.424
3360, 63.34, 70.441
3361, 63.1, 70.457
3362, 62.85, 70.474
3363, 62.55, 70.491
3364, 62.24, 70.507
3365, 61.92, 70.524
3366, 61.58, 70.541
3367, 61.25, 70.557
3368, 60.95, 70.574
3369, 60.64, 70.591
3370, 60.34, 70.607
3371, 60.04, 70.624
3372, 59.73, 70.641
3373, 59.45, 70.657
3374, 59.17, 70.674
3375, 58.86, 70.691
3376, 58.53, 70.707
3377, 58.2, 70.724
3378, 57.88, 70.741
3379, 57.56, 70.757
3380, 57.23, 70.774
3381, 56.93, 70.791
3382, 56.64, 70.807
3383, 56.34, 70.824
3384, 56.06, 70.841
3385, 55.78, 70.857
3386, 55.52, 70.874
3387, 55.26, 70.891
3388, 54.99, 70.907
3389, 54.44, 70.941
3390, 54.11, 70.957
3391, 53.8, 70.974
3392, 53.53, 70.991
3393, 53.28, 71.007
3394, 53.03, 71.024
3395, 52.77, 71.041
3396, 52.5, 71.057
3397, 52.26, 71.074
3398, 51.76, 71.107
3399, 51.51, 71.124
3400, 51.27, 71.141
3401, 51.02, 71.157
3402, 50.78, 71.174
3403, 50.54, 71.191
3404, 50.03, 71.224
3405, 49.79, 71.241
3406, 49.54, 71.257
3407, 49.29, 71.274
3408, 48.81, 71.307
3409, 48.57, 71.324
3410, 48.33, 71.341
3411, 48.08, 71.357
3412, 47.83, 71.374
3413, 47.3, 71.407
3414, 47.04, 71.424
3415, 46.75, 71.441
3416, 46.1, 71.474
3417, 45.86, 71.491
3418, 45.6, 71.507
3419, 45.35, 71.524
3420, 44.84, 71.557
3421, 44.58, 71.574
3422, 44.33, 71.591
3423, 43.85, 71.624
3424, 43.59, 71.641
3425, 43.05, 71.674
3426, 42.77, 71.691
3427, 42.48, 71.707
3428, 41.94, 71.741
3429, 41.66, 71.757
3430, 41.12, 71.791
3431, 40.85, 71.807
3432, 40.33, 71.841
3433, 40.1, 71.857
3434, 39.58, 71.891
3435, 39.31, 71.907
3436, 38.78, 71.941
3437, 38.51, 71.957
3438, 37.99, 71.991
3439, 37.76, 72.007
3440, 37.23, 72.041
3441, 36.68, 72.074
3442, 36.45, 72.091
3443, 36.01, 72.124
3444, 35.8, 72.141
3445, 35.39, 72.174
3446, 34.99, 72.207
3447, 34.59, 72.241
3448, 34.39, 72.257
3449, 34.01, 72.291
3450, 33.64, 72.324
3451, 33.26, 72.357
3452, 33.07, 72.374
3453, 32.74, 72.407
3454, 32.44, 72.441
3455, 32.15, 72.474
3456, 31.85, 72.507
3457, 31.56, 72.541
3458, 31.29, 72.574
3459, 31.15, 72.591
3460, 30.92, 72.624
3461, 30.68, 72.657
3462, 30.46, 72.691
3463, 30.24, 72.724
3464, 30.05, 72.757
3465, 29.85, 72.791
3466, 29.64, 72.824
3467, 29.43, 72.857
3468, 29.24, 72.891
3469, 29.09, 72.924
3470, 28.86, 72.974
3471, 28.72, 73.007
3472, 28.53, 73.041
3473, 28.34, 73.074
3474, 28.2, 73.107
3475, 28.1, 73.141
3476, 28.02, 73.174
3477, 27.95, 73.207
3478, 27.88, 73.241
3479, 27.77, 73.291
3480, 27.7, 73.324
3481, 27.61, 73.357
3482, 27.51, 73.391
3483, 27.44, 73.424
3484, 27.48, 73.457
3485, 27.44, 73.491
3486, 27.43, 73.524
3487, 27.51, 73.574
3488, 27.48, 73.607
3489, 27.46, 73.641
3490, 27.5, 73.674
3491, 27.54, 73.707
3492, 27.57, 73.741
3493, 27.63, 73.791
3494, 27.77, 73.824
3495, 28.08, 73.857
3496, 28.19, 73.891
3497, 28.22, 73.924
3498, 28.29, 73.957
3499, 28.44, 74.007
3500, 28.82, 74.041
3501, 29.07, 74.074
3502, 29.09, 74.107
3503, 29.18, 74.141
3504, 29.37, 74.174
3505, 29.48, 74.207
3506, 29.57, 74.241
3507, 29.74, 74.274
3508, 29.82, 74.307
3509, 29.9, 74.341
3510, 30, 74.374
3511, 30.03, 74.407
3512, 30.14, 74.441
3513, 30.22, 74.474
3514, 30.33, 74.507
3515, 30.53, 74.541
3516, 30.61, 74.574
3517, 30.72, 74.607
3518, 30.75, 74.641
3519, 30.87, 74.674
3520, 31.03, 74.707
3521, 31.16, 74.741
3522, 31.26, 74.774
3523, 31.29, 74.807
3524, 31.4, 74.841
3525, 31.52, 74.874
3526, 31.61, 74.907
3527, 31.68, 74.924
3528, 31.87, 74.957
3529, 31.99, 74.991
3530, 32.12, 75.024
3531, 32.26, 75.057
3532, 32.38, 75.091
3533, 32.57, 75.124
3534, 32.76, 75.157
3535, 32.84, 75.174
3536, 33.03, 75.207
3537, 33.22, 75.241
3538, 33.43, 75.274
3539, 33.62, 75.307
3540, 33.71, 75.324
3541, 33.91, 75.357
3542, 34.11, 75.391
3543, 34.34, 75.424
3544, 34.44, 75.441
3545, 34.59, 75.474
3546, 34.79, 75.507
3547, 34.9, 75.524
3548, 35.12, 75.557
3549, 35.32, 75.591
3550, 35.52, 75.624
3551, 35.61, 75.641
3552, 35.8, 75.674
3553, 36, 75.707
3554, 36.11, 75.724
3555, 36.32, 75.757
3556, 36.51, 75.791
3557, 36.6, 75.807
3558, 36.8, 75.841
3559, 36.89, 75.857
3560, 37.09, 75.891
3561, 37.29, 75.924
3562, 37.39, 75.941
3563, 37.59, 75.974
3564, 37.78, 76.007
3565, 37.87, 76.024
3566, 38.07, 76.057
3567, 38.16, 76.074
3568, 38.35, 76.107
3569, 38.44, 76.124
3570, 38.63, 76.157
3571, 38.81, 76.191
3572, 38.91, 76.207
3573, 39.09, 76.241
3574, 39.18, 76.257
3575, 39.37, 76.291
3576, 39.38, 76.307
3577, 39.48, 76.341
3578, 39.64, 76.357
3579, 39.77, 76.391
3580, 39.86, 76.407
3581, 40.04, 76.441
3582, 40.12, 76.457
3583, 40.28, 76.491
3584, 40.36, 76.507
3585, 40.52, 76.541
3586, 40.6, 76.557
3587, 40.76, 76.591
3588, 40.84, 76.607
3589, 41.01, 76.641
3590, 41.09, 76.657
3591, 41.25, 76.691
3592, 41.33, 76.707
3593, 41.48, 76.741
3594, 41.56, 76.757
3595, 41.64, 76.774
3596, 41.8, 76.807
3597, 41.88, 76.824
3598, 42.04, 76.857
3599, 42.12, 76.874
3600, 42.28, 76.907
3601, 42.35, 76.924
3602, 42.43, 76.941
3603, 42.59, 76.974
3604, 42.67, 76.991
3605, 42.82, 77.024
3606, 42.9, 77.041
3607, 42.98, 77.057
3608, 43.14, 77.091
3609, 43.21, 77.107
3610, 43.37, 77.141
3611, 43.45, 77.157
3612, 43.52, 77.174
3613, 43.68, 77.207
3614, 43.76, 77.224
3615, 43.83, 77.241
