0, 68.66, 90.247
1, 68.67, 90.263
2, 68.67, 90.28
3, 68.68, 90.297
4, 68.69, 90.313
5, 68.7, 90.33
6, 68.7, 90.33
7, 68.71, 90.347
8, 68.71, 90.363
9, 68.72, 90.38
10, 68.72, 90.397
11, 68.73, 90.413
12, 68.73, 90.43
13, 68.74, 90.447
14, 68.74, 90.447
15, 68.75, 90.463
16, 68.75, 90.48
17, 68.76, 90.497
18, 68.76, 90.513
19, 68.77, 90.53
20, 68.77, 90.547
21, 68.77, 90.547
22, 68.78, 90.563
23, 68.79, 90.58
24, 68.79, 90.597
25, 68.8, 90.613
26, 68.8, 90.63
27, 68.8, 90.647
28, 68.81, 90.663
29, 68.81, 90.663
30, 68.81, 90.68
31, 68.82, 90.697
32, 68.82, 90.713
33, 68.83, 90.73
34, 68.84, 90.747
35, 68.84, 90.763
36, 68.85, 90.78
37, 68.85, 90.78
38, 68.86, 90.797
39, 68.86, 90.813
40, 68.87, 90.83
41, 68.87, 90.847
42, 68.87, 90.863
43, 68.88, 90.88
44, 68.88, 90.897
45, 68.88, 90.897
46, 68.89, 90.913
47, 68.9, 90.93
48, 68.9, 90.947
49, 68.9, 90.963
50, 68.9, 90.98
51, 68.91, 90.997
52, 68.91, 91.013
53, 68.91, 91.013
54, 68.91, 91.03
55, 68.92, 91.047
56, 68.93, 91.063
57, 68.94, 91.08
58, 68.94, 91.097
59, 68.95, 91.113
60, 68.95, 91.113
61, 68.95, 91.13
62, 68.96, 91.147
63, 68.96, 91.163
64, 68.97, 91.18
65, 68.98, 91.197
66, 68.98, 91.213
67, 68.99, 91.23
68, 68.99, 91.23
69, 68.99, 91.247
70, 69, 91.263
71, 69.01, 91.28
72, 69.02, 91.297
73, 69.02, 91.313
74, 69.02, 91.33
75, 69.02, 91.347
76, 69.02, 91.347
77, 69.02, 91.363
78, 69.03, 91.38
79, 69.03, 91.397
80, 69.04, 91.413
81, 69.05, 91.43
82, 69.06, 91.447
83, 69.06, 91.447
84, 69.07, 91.463
85, 69.07, 91.48
86, 69.08, 91.497
87, 69.09, 91.513
88, 69.09, 91.53
89, 69.1, 91.547
90, 69.1, 91.563
91, 69.1, 91.563
92, 69.11, 91.58
93, 69.12, 91.597
94, 69.12, 91.613
95, 69.13, 91.63
96, 69.14, 91.647
97, 69.14, 91.663
98, 69.15, 91.68
99, 69.15, 91.68
100, 69.15, 91.697
101, 69.15, 91.713
102, 69.16, 1.504
103, 69.17, 1.521
104, 69.17, 1.537
105, 69.18, 1.554
106, 69.18, 1.554
107, 69.19, 1.571
108, 69.19, 1.587
109, 69.2, 1.604
110, 69.21, 1.621
111, 69.21, 1.637
112, 69.22, 1.654
113, 69.23, 1.671
114, 69.23, 1.671
115, 69.24, 1.687
116, 69.24, 1.704
117, 69.25, 1.721
118, 69.25, 1.737
119, 69.26, 1.754
120, 69.27, 1.771
121, 69.27, 1.771
122, 69.27, 1.787
123, 69.28, 1.804
124, 69.29, 1.821
125, 69.3, 1.837
126, 69.3, 1.854
127, 69.31, 1.871
128, 69.31, 1.887
129, 69.31, 1.887
130, 69.32, 1.904
131, 69.32, 1.921
132, 69.32, 1.937
133, 69.33, 1.954
134, 69.33, 1.971
135, 69.34, 1.987
136, 69.34, 1.987
137, 69.34, 2.004
138, 69.35, 2.021
139, 69.36, 2.037
140, 69.36, 2.054
141, 69.37, 2.071
142, 69.37, 2.087
143, 69.38, 2.104
144, 69.38, 2.104
145, 69.38, 2.121
146, 69.39, 2.137
147, 69.4, 2.154
148, 69.4, 2.171
149, 69.41, 2.187
150, 69.42, 2.204
151, 69.42, 2.204
152, 69.43, 2.221
153, 69.44, 2.237
154, 69.44, 2.254
155, 69.45, 2.271
156, 69.46, 2.287
157, 69.46, 2.304
158, 69.46, 2.304
159, 69.47, 2.321
160, 69.47, 2.337
161, 69.48, 2.354
162, 69.49, 2.371
163, 69.49, 2.387
164, 69.5, 2.404
165, 69.5, 2.421
166, 69.5, 2.421
167, 69.51, 2.437
168, 69.52, 2.454
169, 69.52, 2.471
170, 69.53, 2.487
171, 69.54, 2.504
172, 69.55, 2.521
173, 69.55, 2.521
174, 69.56, 2.537
175, 69.56, 2.554
176, 69.56, 2.571
177, 69.56, 2.587
178, 69.56, 2.604
179, 69.56, 2.621
180, 69.56, 2.621
181, 69.54, 2.637
182, 69.52, 2.654
183, 69.49, 2.671
184, 69.45, 2.687
185, 69.39, 2.704
186, 69.3, 2.721
187, 69.21, 2.737
188, 69.21, 2.737
189, 69.09, 2.754
190, 68.9, 2.771
191, 68.8, 2.787
192, 68.7, 2.804
193, 68.59, 2.821
194, 68.43, 2.837
195, 68.43, 2.837
196, 68.26, 2.854
197, 68.09, 2.871
198, 67.89, 2.887
199, 67.67, 2.904
200, 67.44, 2.921
201, 67.2, 2.937
202, 66.94, 2.954
203, 66.65, 2.971
204, 66.65, 2.971
205, 66.34, 2.987
206, 66.01, 3.004
207, 65.67, 3.021
208, 65.31, 3.037
209, 64.95, 3.054
210, 64.59, 3.071
211, 64.22, 3.087
212, 63.86, 3.104
213, 63.5, 3.121
214, 63.15, 3.137
215, 62.8, 3.154
216, 62.44, 3.171
217, 62.08, 3.187
218, 61.71, 3.204
219, 61.33, 3.221
220, 60.97, 3.237
221, 60.62, 3.254
222, 60.28, 3.271
223, 59.93, 3.287
224, 59.61, 3.304
225, 59.26, 3.321
226, 58.89, 3.337
227, 58.53, 3.354
228, 58.19, 3.371
229, 57.85, 3.387
230, 57.51, 3.404
231, 57.18, 3.421
232, 56.85, 3.437
233, 56.5, 3.454
234, 56.15, 3.471
235, 55.81, 3.487
236, 55.47, 3.504
237, 55.13, 3.521
238, 54.75, 3.537
239, 54.38, 3.554
240, 54.05, 3.571
241, 53.4, 3.604
242, 53.08, 3.621
243, 52.75, 3.637
244, 52.41, 3.654
245, 52.05, 3.671
246, 51.72, 3.687
247, 51.39, 3.704
248, 50.76, 3.737
249, 50.45, 3.754
250, 50.17, 3.771
251, 49.88, 3.787
252, 49.56, 3.804
253, 48.91, 3.837
254, 48.61, 3.854
255, 48.32, 3.871
256, 48.04, 3.887
257, 47.75, 3.904
258, 47.16, 3.937
259, 46.87, 3.954
260, 46.59, 3.971
261, 46.06, 4.004
262, 45.81, 4.021
263, 45.5, 4.037
264, 45.19, 4.054
265, 44.68, 4.087
266, 44.46, 4.104
267, 43.93, 4.137
268, 43.69, 4.154
269, 43.47, 4.171
270, 43.01, 4.204
271, 42.75, 4.221
272, 42.49, 4.237
273, 42.02, 4.271
274, 41.79, 4.287
275, 41.31, 4.321
276, 41.08, 4.337
277, 40.61, 4.371
278, 40.36, 4.387
279, 40.11, 4.404
280, 39.65, 4.437
281, 39.41, 4.454
282, 38.93, 4.487
283, 38.46, 4.521
284, 38.23, 4.537
285, 37.78, 4.571
286, 37.57, 4.587
287, 37.15, 4.621
288, 36.96, 4.637
289, 36.61, 4.671
290, 36.19, 4.704
291, 36.05, 4.721
292, 35.78, 4.754
293, 35.56, 4.787
294, 35.47, 4.804
295, 35.28, 4.837
296, 35.1, 4.871
297, 35.02, 4.887
298, 34.85, 4.921
299, 34.68, 4.954
300, 34.58, 4.971
301, 34.4, 5.004
302, 34.22, 5.037
303, 34.02, 5.071
304, 33.92, 5.087
305, 33.72, 5.121
306, 33.52, 5.154
307, 33.31, 5.187
308, 33.2, 5.204
309, 32.98, 5.237
310, 32.75, 5.271
311, 32.54, 5.304
312, 32.29, 5.337
313, 32.17, 5.354
314, 31.97, 5.387
315, 31.73, 5.421
316, 31.49, 5.454
317, 31.32, 5.487
318, 31.08, 5.521
319, 30.84, 5.554
320, 30.69, 5.587
321, 30.6, 5.604
322, 30.42, 5.637
323, 30.24, 5.671
324, 30.15, 5.704
325, 30.03, 5.737
326, 29.93, 5.771
327, 29.85, 5.804
328, 29.77, 5.837
329, 29.7, 5.871
330, 29.62, 5.904
331, 29.52, 5.937
332, 29.45, 5.971
333, 29.38, 6.004
334, 29.29, 6.037
335, 29.21, 6.071
336, 29.14, 6.104
337, 29.02, 6.137
338, 28.91, 6.171
339, 28.83, 6.204
340, 28.75, 6.237
341, 28.65, 6.271
342, 28.56, 6.304
343, 28.47, 6.337
344, 28.4, 6.371
345, 28.34, 6.404
346, 28.25, 6.437
347, 28.15, 6.471
348, 28.07, 6.504
349, 27.99, 6.537
350, 27.93, 6.571
351, 27.87, 6.604
352, 27.76, 6.654
353, 27.7, 6.687
354, 27.62, 6.721
355, 27.52, 6.754
356, 27.43, 6.787
357, 27.39, 6.821
358, 27.36, 6.854
359, 27.28, 6.904
360, 27.21, 6.937
361, 27.13, 6.971
362, 27.09, 7.004
363, 27.01, 7.054
364, 26.93, 7.087
365, 26.89, 7.121
366, 26.84, 7.171
367, 26.82, 7.204
368, 26.87, 7.237
369, 27.01, 7.271
370, 27.15, 7.321
371, 27.24, 7.354
372, 27.32, 7.387
373, 27.46, 7.437
374, 27.57, 7.471
375, 27.69, 7.504
376, 27.85, 7.554
377, 27.94, 7.587
378, 28.07, 7.621
379, 28.25, 7.654
380, 28.48, 7.704
381, 28.62, 7.737
382, 28.75, 7.771
383, 28.9, 7.804
384, 29.05, 7.837
385, 29.17, 7.871
386, 29.31, 7.921
387, 29.39, 7.954
388, 29.46, 7.987
389, 29.55, 8.021
390, 29.66, 8.054
391, 29.83, 8.087
392, 30.06, 8.121
393, 30.29, 8.154
394, 30.54, 8.187
395, 30.78, 8.221
396, 31.03, 8.254
397, 31.29, 8.287
398, 31.55, 8.321
399, 31.8, 8.354
400, 32.04, 8.387
401, 32.17, 8.404
402, 32.41, 8.437
403, 32.64, 8.471
404, 32.88, 8.504
405, 33.11, 8.537
406, 33.23, 8.554
407, 33.47, 8.587
408, 33.69, 8.621
409, 33.92, 8.654
410, 34.03, 8.671
411, 34.21, 8.704
412, 34.36, 8.737
413, 34.49, 8.771
414, 34.55, 8.787
415, 34.67, 8.821
416, 34.8, 8.854
417, 34.86, 8.871
418, 34.98, 8.904
419, 35.08, 8.937
420, 35.13, 8.954
421, 35.24, 8.987
422, 35.29, 9.004
423, 35.38, 9.037
424, 35.46, 9.071
425, 35.49, 9.087
426, 35.56, 9.121
427, 35.67, 9.154
428, 35.74, 9.171
429, 35.86, 9.204
430, 35.89, 9.237
431, 35.91, 9.254
432, 35.98, 9.287
433, 36.05, 9.321
434, 36.07, 9.337
435, 36.18, 9.371
436, 36.27, 9.387
437, 36.38, 9.421
438, 36.43, 9.454
439, 36.47, 9.471
440, 36.56, 9.504
441, 36.6, 9.537
442, 36.63, 9.554
443, 36.69, 9.587
444, 36.77, 9.621
445, 36.88, 9.637
446, 37.08, 9.671
447, 37.1, 9.704
448, 37.09, 9.721
449, 37.18, 9.754
450, 37.3, 9.787
451, 37.35, 9.804
452, 37.47, 9.837
453, 37.62, 9.871
454, 37.7, 9.887
455, 37.86, 9.921
456, 38.01, 9.954
457, 38.1, 9.971
458, 38.26, 10.004
459, 38.42, 10.037
460, 38.51, 10.054
461, 38.69, 10.087
462, 38.66, 10.121
463, 38.79, 10.137
464, 38.98, 10.171
465, 39.02, 10.187
466, 39.22, 10.221
467, 39.36, 10.254
468, 39.43, 10.271
469, 39.56, 10.304
470, 39.63, 10.321
471, 39.79, 10.354
472, 39.95, 10.387
473, 40.02, 10.404
474, 40.15, 10.437
475, 40.22, 10.454
476, 40.39, 10.487
477, 40.47, 10.504
478, 40.6, 10.537
479, 40.67, 10.554
480, 40.83, 10.587
481, 40.9, 10.604
482, 41.04, 10.637
483, 41.11, 10.654
484, 41.24, 10.687
485, 41.3, 10.704
486, 41.48, 10.737
487, 41.57, 10.754
488, 41.72, 10.787
489, 41.8, 10.804
490, 41.89, 10.821
491, 42.02, 10.854
492, 42.09, 10.871
493, 42.17, 10.904
494, 42.16, 10.921
495, 42.17, 10.937
496, 42.28, 10.971
497, 42.34, 10.987
498, 42.43, 11.004
499, 42.85, 11.037
500, 42.95, 11.054
501, 42.97, 11.087
502, 43.01, 11.104
503, 43.08, 11.121
504, 43.15, 11.154
505, 43.24, 11.171
506, 43.35, 11.187
507, 43.59, 11.221
508, 43.67, 11.237
509, 43.74, 11.254
510, 43.84, 11.287
511, 43.9, 11.304
512, 43.97, 11.321
513, 44.11, 11.354
514, 44.19, 11.371
515, 44.27, 11.387
516, 44.41, 11.421
517, 44.48, 11.437
518, 44.55, 11.454
519, 44.68, 11.487
520, 44.75, 11.504
521, 44.82, 11.521
522, 44.88, 11.537
523, 45.01, 11.571
524, 45.07, 11.587
525, 45.12, 11.604
526, 45.28, 11.637
527, 45.36, 11.654
528, 45.41, 11.671
529, 45.43, 11.687
530, 45.53, 11.721
531, 45.57, 11.737
532, 45.62, 11.754
533, 45.72, 11.787
534, 45.78, 11.804
535, 45.82, 11.821
536, 45.9, 11.837
537, 46.1, 11.871
538, 46.21, 11.887
539, 46.27, 11.904
540, 46.31, 11.921
541, 46.37, 11.954
542, 46.41, 11.971
543, 46.43, 11.987
544, 46.54, 12.021
545, 46.61, 12.037
546, 46.74, 12.054
547, 46.82, 12.071
548, 46.93, 12.104
549, 46.96, 12.121
550, 47.01, 12.137
551, 47.05, 12.154
552, 47.18, 12.187
553, 47.22, 12.204
554, 47.27, 12.221
555, 47.31, 12.237
556, 47.41, 12.271
557, 47.47, 12.287
558, 47.55, 12.304
559, 47.62, 12.321
560, 47.73, 12.354
561, 47.77, 12.371
562, 47.81, 12.387
563, 47.86, 12.404
564, 47.98, 12.437
565, 48.04, 12.454
566, 48.1, 12.471
567, 48.16, 12.487
568, 48.21, 12.504
569, 48.3, 12.537
570, 48.35, 12.554
571, 48.4, 12.571
572, 48.45, 12.587
573, 48.57, 12.621
574, 48.62, 12.637
575, 48.67, 12.654
576, 48.72, 12.671
577, 48.77, 12.687
578, 48.88, 12.721
579, 48.93, 12.737
580, 48.92, 12.754
581, 48.89, 12.771
582, 49.08, 12.804
583, 49.08, 12.821
584, 49.13, 12.837
585, 49.2, 12.854
586, 49.24, 12.871
587, 49.33, 12.904
588, 49.37, 12.921
589, 49.41, 12.937
590, 49.45, 12.954
591, 49.5, 12.971
592, 49.59, 13.004
593, 49.64, 13.021
594, 49.69, 13.037
595, 49.73, 13.054
596, 49.77, 13.071
597, 49.86, 13.104
598, 49.91, 13.121
599, 49.96, 13.137
600, 50.01, 13.154
601, 50.05, 13.171
602, 50.14, 13.204
603, 50.18, 13.221
604, 50.23, 13.237
605, 50.28, 13.254
606, 50.33, 13.271
607, 50.41, 13.304
608, 50.46, 13.321
609, 50.5, 13.337
610, 50.55, 13.354
611, 50.59, 13.371
612, 50.68, 13.404
613, 50.72, 13.421
614, 50.77, 13.437
615, 50.81, 13.454
616, 50.85, 13.471
617, 50.9, 13.487
618, 50.99, 13.521
619, 51.03, 13.537
620, 51.08, 13.554
621, 51.12, 13.571
622, 51.16, 13.587
623, 51.2, 13.604
624, 51.29, 13.637
625, 51.34, 13.654
626, 51.38, 13.671
627, 51.43, 13.687
628, 51.47, 13.704
629, 51.52, 13.721
630, 51.6, 13.754
631, 51.65, 13.771
632, 51.69, 13.787
633, 51.74, 13.804
634, 51.78, 13.821
635, 51.82, 13.837
636, 51.91, 13.871
637, 51.96, 13.887
638, 52, 13.904
639, 52.05, 13.921
640, 52.09, 13.937
641, 52.14, 13.954
642, 52.23, 13.987
643, 52.28, 14.004
644, 52.32, 14.021
645, 52.37, 14.037
646, 52.41, 14.054
647, 52.46, 14.071
648, 52.5, 14.087
649, 52.59, 14.121
650, 52.63, 14.137
651, 52.67, 14.154
652, 52.72, 14.171
653, 52.76, 14.187
654, 52.81, 14.204
655, 52.85, 14.221
656, 52.93, 14.254
657, 52.98, 14.271
658, 53.02, 14.287
659, 53.06, 14.304
660, 53.11, 14.321
661, 53.15, 14.337
662, 53.19, 14.354
663, 53.28, 14.387
664, 53.32, 14.404
665, 53.36, 14.421
666, 53.4, 14.437
667, 53.45, 14.454
668, 53.49, 14.471
669, 53.53, 14.487
670, 53.57, 14.504
671, 53.66, 14.537
672, 53.7, 14.554
673, 53.74, 14.571
674, 53.78, 14.587
675, 53.83, 14.604
676, 53.87, 14.621
677, 53.91, 14.637
678, 53.95, 14.654
679, 54.03, 14.687
680, 54.07, 14.704
681, 54.11, 14.721
682, 54.15, 14.737
683, 54.19, 14.754
684, 54.23, 14.771
685, 54.27, 14.787
686, 54.31, 14.804
687, 54.36, 14.821
688, 54.44, 14.854
689, 54.48, 14.871
690, 54.52, 14.887
691, 54.56, 14.904
692, 54.6, 14.921
693, 54.64, 14.937
694, 54.68, 14.954
695, 54.72, 14.971
696, 54.76, 14.987
697, 54.84, 15.021
698, 54.88, 15.037
699, 54.92, 15.054
700, 54.97, 15.071
701, 55.01, 15.087
702, 55.05, 15.104
703, 55.09, 15.121
704, 55.13, 15.137
705, 55.17, 15.154
706, 55.21, 15.171
707, 55.28, 15.204
708, 55.33, 15.221
709, 55.37, 15.237
710, 55.4, 15.254
711, 55.44, 15.271
712, 55.48, 15.287
713, 55.52, 15.304
714, 55.56, 15.321
715, 55.6, 15.337
716, 55.64, 15.354
717, 55.68, 15.371
718, 55.76, 15.404
719, 55.8, 15.421
720, 55.84, 15.437
721, 55.88, 15.454
722, 55.91, 15.471
723, 55.95, 15.487
724, 55.99, 15.504
725, 56.03, 15.521
726, 56.07, 15.537
727, 56.12, 15.554
728, 56.16, 15.571
729, 56.19, 15.587
730, 56.27, 15.621
731, 56.31, 15.637
732, 56.35, 15.654
733, 56.39, 15.671
734, 56.43, 15.687
735, 56.47, 15.704
736, 56.5, 15.721
737, 56.54, 15.737
738, 56.59, 15.754
739, 56.63, 15.771
740, 56.67, 15.787
741, 56.71, 15.804
742, 56.75, 15.821
743, 56.79, 15.837
744, 56.83, 15.854
745, 56.92, 15.887
746, 56.95, 15.904
747, 57, 15.921
748, 57.04, 15.937
749, 57.08, 15.954
750, 57.12, 15.971
751, 57.16, 15.987
752, 57.2, 16.004
753, 57.24, 16.021
754, 57.28, 16.037
755, 57.32, 16.054
756, 57.37, 16.071
757, 57.41, 16.087
758, 57.45, 16.104
759, 57.49, 16.121
760, 57.53, 16.137
761, 57.57, 16.154
762, 57.61, 16.171
763, 57.66, 16.187
764, 57.7, 16.204
765, 57.78, 16.237
766, 57.82, 16.254
767, 57.86, 16.271
768, 57.9, 16.287
769, 57.94, 16.304
770, 57.98, 16.321
771, 58.02, 16.337
772, 58.07, 16.354
773, 58.11, 16.371
774, 58.15, 16.387
775, 58.19, 16.404
776, 58.23, 16.421
777, 58.27, 16.437
778, 58.31, 16.454
779, 58.35, 16.471
780, 58.39, 16.487
781, 58.43, 16.504
782, 58.47, 16.521
783, 58.51, 16.537
784, 58.55, 16.554
785, 58.58, 16.571
786, 58.62, 16.587
787, 58.66, 16.604
788, 58.69, 16.621
789, 58.73, 16.637
790, 58.77, 16.654
791, 58.81, 16.671
792, 58.85, 16.687
793, 58.88, 16.704
794, 58.92, 16.721
795, 58.96, 16.737
796, 59, 16.754
797, 59.03, 16.771
798, 59.07, 16.787
799, 59.11, 16.804
800, 59.15, 16.821
801, 59.18, 16.837
802, 59.22, 16.854
803, 59.26, 16.871
804, 59.29, 16.887
805, 59.37, 16.921
806, 59.4, 16.937
807, 59.44, 16.954
808, 59.47, 16.971
809, 59.51, 16.987
810, 59.55, 17.004
811, 59.59, 17.021
812, 59.62, 17.037
813, 59.66, 17.054
814, 59.7, 17.071
815, 59.73, 17.087
816, 59.76, 17.104
817, 59.8, 17.121
818, 59.83, 17.137
819, 59.86, 17.154
820, 59.9, 17.171
821, 59.93, 17.187
822, 59.97, 17.204
823, 60.01, 17.221
824, 60.04, 17.237
825, 60.08, 17.254
826, 60.11, 17.271
827, 60.09, 17.287
828, 60.05, 17.304
829, 60.15, 17.321
830, 60.21, 17.337
831, 60.17, 17.354
832, 60.22, 17.371
833, 60.28, 17.387
834, 60.3, 17.404
835, 60.32, 17.421
836, 60.36, 17.437
837, 60.39, 17.454
838, 60.42, 17.471
839, 60.45, 17.487
840, 60.48, 17.504
841, 60.51, 17.521
842, 60.54, 17.537
843, 60.57, 17.554
844, 60.6, 17.571
845, 60.6, 17.571
846, 60.63, 17.587
847, 60.66, 17.604
848, 60.69, 17.621
849, 60.72, 17.637
850, 60.76, 17.654
851, 60.79, 17.671
852, 60.82, 17.687
853, 60.85, 17.704
854, 60.88, 17.721
855, 60.91, 17.737
856, 60.93, 17.754
857, 60.97, 17.771
858, 61, 17.787
859, 61.03, 17.804
860, 61.06, 17.821
861, 61.09, 17.837
862, 61.12, 17.854
863, 61.15, 17.871
864, 61.18, 17.887
865, 61.21, 17.904
866, 61.23, 17.921
867, 61.26, 17.937
868, 61.3, 17.954
869, 61.33, 17.971
870, 61.36, 17.987
871, 61.38, 18.004
872, 61.41, 18.021
873, 61.44, 18.037
874, 61.47, 18.054
875, 61.49, 18.071
876, 61.53, 18.087
877, 61.56, 18.104
878, 61.59, 18.121
879, 61.62, 18.137
880, 61.65, 18.154
881, 61.68, 18.171
882, 61.7, 18.187
883, 61.74, 18.204
884, 61.76, 18.221
885, 61.79, 18.237
886, 61.82, 18.254
887, 61.84, 18.271
888, 61.87, 18.287
889, 61.89, 18.304
890, 61.92, 18.321
891, 61.95, 18.337
892, 61.95, 18.337
893, 61.99, 18.354
894, 62.02, 18.371
895, 62.05, 18.387
896, 62.07, 18.404
897, 62.1, 18.421
898, 62.13, 18.437
899, 62.15, 18.454
900, 62.18, 18.471
901, 62.21, 18.487
902, 62.24, 18.504
903, 62.27, 18.521
904, 62.3, 18.537
905, 62.33, 18.554
906, 62.35, 18.571
907, 62.38, 18.587
908, 62.4, 18.604
909, 62.43, 18.621
910, 62.46, 18.637
911, 62.49, 18.654
912, 62.52, 18.671
913, 62.55, 18.687
914, 62.57, 18.704
915, 62.59, 18.721
916, 62.62, 18.737
917, 62.65, 18.754
918, 62.68, 18.771
919, 62.68, 18.771
920, 62.71, 18.787
921, 62.74, 18.804
922, 62.76, 18.821
923, 62.79, 18.837
924, 62.82, 18.854
925, 62.84, 18.871
926, 62.87, 18.887
927, 62.89, 18.904
928, 62.92, 18.921
929, 62.94, 18.937
930, 62.97, 18.954
931, 63, 18.971
932, 63.02, 18.987
933, 63.05, 19.004
934, 63.08, 19.021
935, 63.11, 19.037
936, 63.14, 19.054
937, 63.17, 19.071
938, 63.19, 19.087
939, 63.21, 19.104
940, 63.21, 19.104
941, 63.24, 19.121
942, 63.26, 19.137
943, 63.29, 19.154
944, 63.31, 19.171
945, 63.34, 19.187
946, 63.37, 19.204
947, 63.4, 19.221
948, 63.42, 19.237
949, 63.45, 19.254
950, 63.48, 19.271
951, 63.51, 19.287
952, 63.53, 19.304
953, 63.56, 19.321
954, 63.59, 19.337
955, 63.61, 19.354
956, 63.64, 19.371
957, 63.67, 19.387
958, 63.69, 19.404
959, 63.69, 19.404
960, 63.71, 19.421
961, 63.74, 19.437
962, 63.76, 19.454
963, 63.79, 19.471
964, 63.82, 19.487
965, 63.85, 19.504
966, 63.88, 19.521
967, 63.91, 19.537
968, 63.94, 19.554
969, 63.96, 19.571
970, 63.99, 19.587
971, 64.01, 19.604
972, 64.04, 19.621
973, 64.06, 19.637
974, 64.09, 19.654
975, 64.09, 19.654
976, 64.11, 19.671
977, 64.14, 19.687
978, 64.16, 19.704
979, 64.19, 19.721
980, 64.21, 19.737
981, 64.24, 19.754
982, 64.26, 19.771
983, 64.29, 19.787
984, 64.32, 19.804
985, 64.35, 19.821
986, 64.38, 19.837
987, 64.4, 19.854
988, 64.43, 19.871
989, 64.45, 19.887
990, 64.45, 19.887
991, 64.47, 19.904
992, 64.5, 19.921
993, 64.52, 19.937
994, 64.55, 19.954
995, 64.58, 19.971
996, 64.61, 19.987
997, 64.63, 20.004
998, 64.66, 20.021
999, 64.69, 20.037
1000, 64.71, 20.054
1001, 64.74, 20.071
1002, 64.76, 20.087
1003, 64.78, 20.104
1004, 64.78, 20.104
1005, 64.8, 20.121
1006, 64.83, 20.137
1007, 64.86, 20.154
1008, 64.89, 20.171
1009, 64.91, 20.187
1010, 64.94, 20.204
1011, 64.97, 20.221
1012, 64.99, 20.237
1013, 65.01, 20.254
1014, 65.04, 20.271
1015, 65.06, 20.287
1016, 65.09, 20.304
1017, 65.09, 20.304
1018, 65.11, 20.321
1019, 65.14, 20.337
1020, 65.16, 20.354
1021, 65.19, 20.371
1022, 65.21, 20.387
1023, 65.23, 20.404
1024, 65.25, 20.421
1025, 65.28, 20.437
1026, 65.3, 20.454
1027, 65.33, 20.471
1028, 65.36, 20.487
1029, 65.39, 20.504
1030, 65.39, 20.504
1031, 65.42, 20.521
1032, 65.44, 20.537
1033, 65.46, 20.554
1034, 65.48, 20.571
1035, 65.51, 20.587
1036, 65.53, 20.604
1037, 65.55, 20.621
1038, 65.58, 20.637
1039, 65.6, 20.654
1040, 65.62, 20.671
1041, 65.64, 20.687
1042, 65.64, 20.687
1043, 65.67, 20.704
1044, 65.69, 20.721
1045, 65.72, 20.737
1046, 65.75, 20.754
1047, 65.77, 20.771
1048, 65.8, 20.787
1049, 65.82, 20.804
1050, 65.85, 20.821
1051, 65.87, 20.837
1052, 65.89, 20.854
1053, 65.89, 20.854
1054, 65.9, 20.871
1055, 65.92, 20.887
1056, 65.94, 20.904
1057, 65.97, 20.921
1058, 65.99, 20.937
1059, 66.02, 20.954
1060, 66.04, 20.971
1061, 66.07, 20.987
1062, 66.1, 21.004
1063, 66.12, 21.021
1064, 66.12, 21.021
1065, 66.15, 21.037
1066, 66.17, 21.054
1067, 66.18, 21.071
1068, 66.2, 21.087
1069, 66.22, 21.104
1070, 66.24, 21.121
1071, 66.27, 21.137
1072, 66.29, 21.154
1073, 66.31, 21.171
1074, 66.34, 21.187
1075, 66.34, 21.187
1076, 66.36, 21.204
1077, 66.38, 21.221
1078, 66.4, 21.237
1079, 66.42, 21.254
1080, 66.44, 21.271
1081, 66.47, 21.287
1082, 66.49, 21.304
1083, 66.52, 21.321
1084, 66.53, 21.337
1085, 66.53, 21.337
1086, 66.55, 21.354
1087, 66.58, 21.371
1088, 66.6, 21.387
1089, 66.62, 21.404
1090, 66.65, 21.421
1091, 66.67, 21.437
1092, 66.69, 21.454
1093, 66.71, 21.471
1094, 66.73, 21.487
1095, 66.73, 21.487
1096, 66.75, 21.504
1097, 66.77, 21.521
1098, 66.79, 21.537
1099, 66.81, 21.554
1100, 66.83, 21.571
1101, 66.85, 21.587
1102, 66.87, 21.604
1103, 66.9, 21.621
1104, 66.92, 21.637
1105, 66.92, 21.637
1106, 66.94, 21.654
1107, 66.96, 21.671
1108, 66.99, 21.687
1109, 67.01, 21.704
1110, 67.03, 21.721
1111, 67.05, 21.737
1112, 67.07, 21.754
1113, 67.09, 21.771
1114, 67.11, 21.787
1115, 67.11, 21.787
1116, 67.12, 21.804
1117, 67.14, 21.821
1118, 67.17, 21.837
1119, 67.19, 21.854
1120, 67.21, 21.871
1121, 67.23, 21.887
1122, 67.25, 21.904
1123, 67.27, 21.921
1124, 67.27, 21.921
1125, 67.29, 21.937
1126, 67.31, 21.954
1127, 67.33, 21.971
1128, 67.34, 21.987
1129, 67.36, 22.004
1130, 67.38, 22.021
1131, 67.4, 22.037
1132, 67.42, 22.054
1133, 67.42, 22.054
1134, 67.45, 22.071
1135, 67.47, 22.087
1136, 67.49, 22.104
1137, 67.51, 22.121
1138, 67.53, 22.137
1139, 67.54, 22.154
1140, 67.56, 22.171
1141, 67.58, 22.187
1142, 67.58, 22.187
1143, 67.6, 22.204
1144, 67.62, 22.221
1145, 67.64, 22.237
1146, 67.65, 22.254
1147, 67.67, 22.271
1148, 67.69, 22.287
1149, 67.71, 22.304
1150, 67.73, 22.321
1151, 67.73, 22.321
1152, 67.75, 22.337
1153, 67.77, 22.354
1154, 67.78, 22.371
1155, 67.8, 22.387
1156, 67.82, 22.404
1157, 67.84, 22.421
1158, 67.86, 22.437
1159, 67.88, 22.454
1160, 67.88, 22.454
1161, 67.9, 22.471
1162, 67.91, 22.487
1163, 67.92, 22.504
1164, 67.94, 22.521
1165, 67.95, 22.537
1166, 67.97, 22.554
1167, 68, 22.571
1168, 68, 22.571
1169, 68.02, 22.587
1170, 68.04, 22.604
1171, 68.06, 22.621
1172, 68.07, 22.637
1173, 68.08, 22.654
1174, 68.09, 22.671
1175, 68.11, 22.687
1176, 68.12, 22.704
1177, 68.12, 22.704
1178, 68.14, 22.721
1179, 68.16, 22.737
1180, 68.18, 22.754
1181, 68.2, 22.771
1182, 68.21, 22.787
1183, 68.23, 22.804
1184, 68.24, 22.821
1185, 68.24, 22.821
1186, 68.26, 22.837
1187, 68.27, 22.854
1188, 68.28, 22.871
1189, 68.3, 22.887
1190, 68.32, 22.904
1191, 68.33, 22.921
1192, 68.35, 22.937
1193, 68.35, 22.937
1194, 68.36, 22.954
1195, 68.38, 22.971
1196, 68.39, 22.987
1197, 68.41, 23.004
1198, 68.42, 23.021
1199, 68.44, 23.037
1200, 68.46, 23.054
1201, 68.47, 23.071
1202, 68.47, 23.071
1203, 68.48, 23.087
1204, 68.5, 23.104
1205, 68.51, 23.121
1206, 68.52, 23.137
1207, 68.54, 23.154
1208, 68.56, 23.171
1209, 68.58, 23.187
1210, 68.58, 23.187
1211, 68.59, 23.204
1212, 68.6, 23.221
1213, 68.61, 23.237
1214, 68.61, 23.254
1215, 68.62, 23.271
1216, 68.62, 23.287
1217, 68.63, 23.304
1218, 68.63, 23.304
1219, 68.63, 23.321
1220, 68.63, 23.337
1221, 68.61, 23.354
1222, 68.59, 23.371
1223, 68.55, 23.387
1224, 68.49, 23.404
1225, 68.41, 23.421
1226, 68.41, 23.421
1227, 68.32, 23.437
1228, 68.22, 23.454
1229, 68.1, 23.471
1230, 67.91, 23.487
1231, 67.78, 23.504
1232, 67.65, 23.521
1233, 67.48, 23.537
1234, 67.48, 23.537
1235, 67.27, 23.554
1236, 67.06, 23.571
1237, 66.85, 23.587
1238, 66.6, 23.604
1239, 66.33, 23.621
1240, 66.04, 23.637
1241, 65.74, 23.654
1242, 65.41, 23.671
1243, 65.08, 23.687
1244, 64.74, 23.704
1245, 64.74, 23.704
1246, 64.37, 23.721
1247, 64.01, 23.737
1248, 63.64, 23.754
1249, 63.26, 23.771
1250, 62.88, 23.787
1251, 62.5, 23.804
1252, 62.12, 23.821
1253, 61.73, 23.837
1254, 61.36, 23.854
1255, 61, 23.871
1256, 60.65, 23.887
1257, 60.32, 23.904
1258, 60.01, 23.921
1259, 59.69, 23.937
1260, 59.36, 23.954
1261, 59.01, 23.971
1262, 58.64, 23.987
1263, 58.28, 24.004
1264, 57.87, 24.021
1265, 57.48, 24.037
1266, 57.13, 24.054
1267, 56.8, 24.071
1268, 56.49, 24.087
1269, 56.16, 24.104
1270, 55.82, 24.121
1271, 55.2, 24.154
1272, 54.85, 24.171
1273, 54.52, 24.187
1274, 54.22, 24.204
1275, 53.88, 24.221
1276, 53.55, 24.237
1277, 53.26, 24.254
1278, 52.98, 24.271
1279, 52.7, 24.287
1280, 52.1, 24.321
1281, 51.8, 24.337
1282, 51.51, 24.354
1283, 51.24, 24.371
1284, 50.98, 24.387
1285, 50.72, 24.404
1286, 50.18, 24.437
1287, 49.9, 24.454
1288, 49.64, 24.471
1289, 49.37, 24.487
1290, 49.11, 24.504
1291, 48.59, 24.537
1292, 48.34, 24.554
1293, 48.06, 24.571
1294, 47.77, 24.587
1295, 47.23, 24.621
1296, 46.96, 24.637
1297, 46.7, 24.654
1298, 46.43, 24.671
1299, 45.88, 24.704
1300, 45.65, 24.721
1301, 45.42, 24.737
1302, 44.97, 24.771
1303, 44.78, 24.787
1304, 44.59, 24.804
1305, 44.23, 24.837
1306, 44.06, 24.854
1307, 43.9, 24.871
1308, 43.57, 24.904
1309, 43.41, 24.921
1310, 43.11, 24.954
1311, 42.96, 24.971
1312, 42.82, 24.987
1313, 42.53, 25.021
1314, 42.39, 25.037
1315, 42.15, 25.071
1316, 42.04, 25.087
1317, 41.93, 25.104
1318, 41.73, 25.137
1319, 41.65, 25.154
1320, 41.49, 25.187
1321, 41.41, 25.204
1322, 41.28, 25.237
1323, 41.22, 25.254
1324, 41.1, 25.287
1325, 41.04, 25.304
1326, 40.93, 25.337
1327, 40.87, 25.354
1328, 40.77, 25.387
1329, 40.71, 25.404
1330, 40.66, 25.421
1331, 40.56, 25.454
1332, 40.51, 25.471
1333, 40.41, 25.504
1334, 40.37, 25.521
1335, 40.27, 25.554
1336, 40.23, 25.571
1337, 40.14, 25.604
1338, 40.1, 25.621
1339, 40.01, 25.654
1340, 39.98, 25.671
1341, 39.91, 25.704
1342, 39.84, 25.737
1343, 39.81, 25.754
1344, 39.74, 25.787
1345, 39.7, 25.804
1346, 39.63, 25.837
1347, 39.6, 25.854
1348, 39.52, 25.887
1349, 39.48, 25.904
1350, 39.4, 25.937
1351, 39.36, 25.954
1352, 39.27, 25.987
1353, 39.23, 26.004
1354, 39.15, 26.037
1355, 39.11, 26.054
1356, 39.02, 26.087
1357, 38.93, 26.121
1358, 38.88, 26.137
1359, 38.79, 26.171
1360, 38.75, 26.187
1361, 38.66, 26.221
1362, 38.61, 26.237
1363, 38.51, 26.271
1364, 38.47, 26.287
1365, 38.37, 26.321
1366, 38.33, 26.337
1367, 38.24, 26.371
1368, 38.16, 26.404
1369, 38.12, 26.421
1370, 38.03, 26.454
1371, 37.98, 26.471
1372, 37.88, 26.504
1373, 37.83, 26.521
1374, 37.74, 26.554
1375, 37.65, 26.587
1376, 37.61, 26.604
1377, 37.52, 26.637
1378, 37.48, 26.654
1379, 37.37, 26.687
1380, 37.27, 26.721
1381, 37.22, 26.737
1382, 37.13, 26.771
1383, 37.09, 26.787
1384, 37.01, 26.821
1385, 36.93, 26.854
1386, 36.89, 26.871
1387, 36.81, 26.904
1388, 36.72, 26.937
1389, 36.68, 26.954
1390, 36.57, 26.987
1391, 36.53, 27.004
1392, 36.44, 27.037
1393, 36.36, 27.071
1394, 36.32, 27.087
1395, 36.27, 27.121
1396, 36.22, 27.154
1397, 36.22, 27.171
1398, 36.32, 27.204
1399, 36.32, 27.221
1400, 36.37, 27.254
1401, 36.45, 27.287
1402, 36.48, 27.304
1403, 36.56, 27.337
1404, 36.64, 27.371
1405, 36.68, 27.387
1406, 36.77, 27.421
1407, 36.81, 27.437
1408, 36.9, 27.471
1409, 36.98, 27.504
1410, 37.02, 27.521
1411, 37.11, 27.554
1412, 37.18, 27.587
1413, 37.22, 27.604
1414, 37.31, 27.637
1415, 37.34, 27.654
1416, 37.43, 27.687
1417, 37.53, 27.721
1418, 37.57, 27.737
1419, 37.65, 27.771
1420, 37.69, 27.787
1421, 37.79, 27.821
1422, 37.88, 27.854
1423, 37.91, 27.871
1424, 37.98, 27.904
1425, 38.02, 27.921
1426, 38.1, 27.954
1427, 38.14, 27.971
1428, 38.23, 28.004
1429, 38.27, 28.021
1430, 38.35, 28.054
1431, 38.46, 28.087
1432, 38.51, 28.104
1433, 38.65, 28.137
1434, 38.73, 28.154
1435, 38.87, 28.187
1436, 38.94, 28.204
1437, 39.1, 28.237
1438, 39.18, 28.254
1439, 39.33, 28.287
1440, 39.4, 28.304
1441, 39.56, 28.337
1442, 39.71, 28.371
1443, 39.8, 28.387
1444, 39.96, 28.421
1445, 40.03, 28.437
1446, 40.18, 28.471
1447, 40.24, 28.487
1448, 40.38, 28.521
1449, 40.46, 28.537
1450, 40.61, 28.571
1451, 40.71, 28.587
1452, 40.91, 28.621
1453, 41, 28.637
1454, 41.09, 28.654
1455, 41.24, 28.687
1456, 41.32, 28.704
1457, 41.48, 28.737
1458, 41.56, 28.754
1459, 41.72, 28.787
1460, 41.82, 28.804
1461, 42.01, 28.837
1462, 42.07, 28.854
1463, 42.2, 28.887
1464, 42.28, 28.904
1465, 42.37, 28.921
1466, 42.54, 28.954
1467, 42.62, 28.971
1468, 42.78, 29.004
1469, 42.86, 29.021
1470, 42.94, 29.037
1471, 43.09, 29.071
1472, 43.17, 29.087
1473, 43.32, 29.121
1474, 43.4, 29.137
1475, 43.55, 29.171
1476, 43.62, 29.187
1477, 43.7, 29.204
1478, 43.85, 29.237
1479, 43.92, 29.254
1480, 43.99, 29.271
1481, 44.14, 29.304
1482, 44.22, 29.321
1483, 44.36, 29.354
1484, 44.43, 29.371
1485, 44.5, 29.387
1486, 44.65, 29.421
1487, 44.73, 29.437
1488, 44.79, 29.454
1489, 44.93, 29.487
1490, 45.01, 29.504
1491, 45.08, 29.521
1492, 45.21, 29.554
1493, 45.28, 29.571
1494, 45.36, 29.587
1495, 45.5, 29.621
1496, 45.57, 29.637
1497, 45.64, 29.654
1498, 45.78, 29.687
1499, 45.85, 29.704
1500, 45.92, 29.721
1501, 46.06, 29.754
1502, 46.13, 29.771
1503, 46.2, 29.787
1504, 46.33, 29.821
1505, 46.4, 29.837
1506, 46.47, 29.854
1507, 46.61, 29.887
1508, 46.67, 29.904
1509, 46.74, 29.921
1510, 46.81, 29.937
1511, 46.94, 29.971
1512, 47.01, 29.987
1513, 47.07, 30.004
1514, 47.2, 30.037
1515, 47.26, 30.054
1516, 47.32, 30.071
1517, 47.39, 30.087
1518, 47.51, 30.121
1519, 47.57, 30.137
1520, 47.63, 30.154
1521, 47.75, 30.187
1522, 47.81, 30.204
1523, 47.87, 30.221
1524, 47.93, 30.237
1525, 48.05, 30.271
1526, 48.1, 30.287
1527, 48.16, 30.304
1528, 48.22, 30.321
1529, 48.34, 30.354
1530, 48.39, 30.371
1531, 48.45, 30.387
1532, 48.51, 30.404
1533, 48.62, 30.437
1534, 48.68, 30.454
1535, 48.73, 30.471
1536, 48.79, 30.487
1537, 48.9, 30.521
1538, 48.95, 30.537
1539, 49, 30.554
1540, 49.05, 30.571
1541, 49.11, 30.587
1542, 49.21, 30.621
1543, 49.26, 30.637
1544, 49.32, 30.654
1545, 49.37, 30.671
1546, 49.47, 30.704
1547, 49.45, 30.721
1548, 49.41, 30.737
1549, 49.53, 30.754
1550, 49.65, 30.771
1551, 49.67, 30.804
1552, 49.74, 30.821
1553, 49.8, 30.837
1554, 49.84, 30.854
1555, 49.87, 30.871
1556, 49.98, 30.904
1557, 50.02, 30.921
1558, 50.07, 30.937
1559, 50.12, 30.954
1560, 50.17, 30.971
1561, 50.26, 31.004
1562, 50.31, 31.021
1563, 50.35, 31.037
1564, 50.4, 31.054
1565, 50.44, 31.071
1566, 50.53, 31.104
1567, 50.58, 31.121
1568, 50.63, 31.137
1569, 50.68, 31.154
1570, 50.72, 31.171
1571, 50.81, 31.204
1572, 50.85, 31.221
1573, 50.9, 31.237
1574, 50.95, 31.254
1575, 50.99, 31.271
1576, 51.04, 31.287
1577, 51.13, 31.321
1578, 51.17, 31.337
1579, 51.22, 31.354
1580, 51.26, 31.371
1581, 51.3, 31.387
1582, 51.35, 31.404
1583, 51.43, 31.437
1584, 51.47, 31.454
1585, 51.52, 31.471
1586, 51.56, 31.487
1587, 51.6, 31.504
1588, 51.65, 31.521
1589, 51.73, 31.554
1590, 51.78, 31.571
1591, 51.82, 31.587
1592, 51.85, 31.604
1593, 51.89, 31.621
1594, 51.93, 31.637
1595, 51.97, 31.654
1596, 52.05, 31.687
1597, 52.09, 31.704
1598, 52.13, 31.721
1599, 52.17, 31.737
1600, 52.21, 31.754
1601, 52.25, 31.771
1602, 52.29, 31.787
1603, 52.38, 31.821
1604, 52.42, 31.837
1605, 52.45, 31.854
1606, 52.49, 31.871
1607, 52.53, 31.887
1608, 52.57, 31.904
1609, 52.61, 31.921
1610, 52.69, 31.954
1611, 52.73, 31.971
1612, 52.77, 31.987
1613, 52.81, 32.004
1614, 52.85, 32.021
1615, 52.89, 32.037
1616, 52.93, 32.054
1617, 52.97, 32.071
1618, 53.05, 32.104
1619, 53.09, 32.121
1620, 53.13, 32.137
1621, 53.17, 32.154
1622, 53.21, 32.171
1623, 53.24, 32.187
1624, 53.28, 32.204
1625, 53.32, 32.221
1626, 53.39, 32.254
1627, 53.43, 32.271
1628, 53.48, 32.287
1629, 53.52, 32.304
1630, 53.56, 32.321
1631, 53.6, 32.337
1632, 53.64, 32.354
1633, 53.68, 32.371
1634, 53.76, 32.404
1635, 53.8, 32.421
1636, 53.84, 32.437
1637, 53.88, 32.454
1638, 53.92, 32.471
1639, 53.96, 32.487
1640, 53.99, 32.504
1641, 54.03, 32.521
1642, 54.07, 32.537
1643, 54.12, 32.554
1644, 54.21, 32.587
1645, 54.25, 32.604
1646, 54.29, 32.621
1647, 54.33, 32.637
1648, 54.37, 32.654
1649, 54.41, 32.671
1650, 54.45, 32.687
1651, 54.49, 32.704
1652, 54.53, 32.721
1653, 54.57, 32.737
1654, 54.66, 32.771
1655, 54.7, 32.787
1656, 54.74, 32.804
1657, 54.77, 32.821
1658, 54.81, 32.837
1659, 54.85, 32.854
1660, 54.89, 32.871
1661, 54.93, 32.887
1662, 54.98, 32.904
1663, 55.02, 32.921
1664, 55.06, 32.937
1665, 55.1, 32.954
1666, 55.19, 32.987
1667, 55.23, 33.004
1668, 55.27, 33.021
1669, 55.3, 33.037
1670, 55.34, 33.054
1671, 55.38, 33.071
1672, 55.43, 33.087
1673, 55.47, 33.104
1674, 55.51, 33.121
1675, 55.56, 33.137
1676, 55.59, 33.154
1677, 55.63, 33.171
1678, 55.67, 33.187
1679, 55.75, 33.221
1680, 55.79, 33.237
1681, 55.83, 33.254
1682, 55.87, 33.271
1683, 55.91, 33.287
1684, 55.95, 33.304
1685, 55.99, 33.321
1686, 56.02, 33.337
1687, 56.06, 33.354
1688, 56.11, 33.371
1689, 56.15, 33.387
1690, 56.19, 33.404
1691, 56.22, 33.421
1692, 56.26, 33.437
1693, 56.3, 33.454
1694, 56.37, 33.487
1695, 56.41, 33.504
1696, 56.45, 33.521
1697, 56.49, 33.537
1698, 56.53, 33.554
1699, 56.57, 33.571
1700, 56.6, 33.587
1701, 56.64, 33.604
1702, 56.67, 33.621
1703, 56.71, 33.637
1704, 56.75, 33.654
1705, 56.78, 33.671
1706, 56.82, 33.687
1707, 56.85, 33.704
1708, 56.89, 33.721
1709, 56.92, 33.737
1710, 56.95, 33.754
1711, 56.99, 33.771
1712, 57.02, 33.787
1713, 57.1, 33.821
1714, 57.13, 33.837
1715, 57.16, 33.854
1716, 57.2, 33.871
1717, 57.23, 33.887
1718, 57.27, 33.904
1719, 57.3, 33.921
1720, 57.34, 33.937
1721, 57.37, 33.954
1722, 57.41, 33.971
1723, 57.44, 33.987
1724, 57.47, 34.004
1725, 57.51, 34.021
1726, 57.54, 34.037
1727, 57.57, 34.054
1728, 57.6, 34.071
1729, 57.64, 34.087
1730, 57.67, 34.104
1731, 57.7, 34.121
1732, 57.74, 34.137
1733, 57.77, 34.154
1734, 57.8, 34.171
1735, 57.83, 34.187
1736, 57.86, 34.204
1737, 57.92, 34.237
1738, 57.95, 34.254
1739, 57.99, 34.271
1740, 58.02, 34.287
1741, 58.05, 34.304
1742, 58.08, 34.321
1743, 58.11, 34.337
1744, 58.14, 34.354
1745, 58.16, 34.371
1746, 58.19, 34.387
1747, 58.22, 34.404
1748, 58.25, 34.421
1749, 58.27, 34.437
1750, 58.3, 34.454
1751, 58.33, 34.471
1752, 58.35, 34.487
1753, 58.37, 34.504
1754, 58.4, 34.521
1755, 58.43, 34.537
1756, 58.45, 34.554
1757, 58.48, 34.571
1758, 58.51, 34.587
1759, 58.54, 34.604
1760, 58.57, 34.621
1761, 58.59, 34.637
1762, 58.62, 34.654
1763, 58.64, 34.671
1764, 58.67, 34.687
1765, 58.7, 34.704
1766, 58.72, 34.721
1767, 58.75, 34.737
1768, 58.77, 34.754
1769, 58.79, 34.771
1770, 58.82, 34.787
1771, 58.86, 34.821
1772, 58.88, 34.837
1773, 58.91, 34.854
1774, 58.93, 34.871
1775, 58.95, 34.887
1776, 58.97, 34.904
1777, 59, 34.921
1778, 59.02, 34.937
1779, 59.04, 34.954
1780, 59.06, 34.971
1781, 59.08, 34.987
1782, 59.1, 35.004
1783, 59.13, 35.021
1784, 59.15, 35.037
1785, 59.18, 35.054
1786, 59.2, 35.071
1787, 59.22, 35.087
1788, 59.25, 35.104
1789, 59.27, 35.121
1790, 59.28, 35.137
1791, 59.31, 35.154
1792, 59.33, 35.171
1793, 59.35, 35.187
1794, 59.37, 35.204
1795, 59.39, 35.221
1796, 59.42, 35.237
1797, 59.44, 35.254
1798, 59.46, 35.271
1799, 59.49, 35.287
1800, 59.51, 35.304
1801, 59.53, 35.321
1802, 59.56, 35.337
1803, 59.58, 35.354
1804, 59.61, 35.371
1805, 59.56, 35.387
1806, 59.51, 35.404
1807, 59.62, 35.421
1808, 59.66, 35.437
1809, 59.59, 35.454
1810, 59.64, 35.471
1811, 59.69, 35.487
1812, 59.69, 35.504
1813, 59.69, 35.521
1814, 59.72, 35.537
1815, 59.74, 35.554
1816, 59.76, 35.571
1817, 59.78, 35.587
1818, 59.8, 35.604
1819, 59.81, 35.621
1820, 59.83, 35.637
1821, 59.84, 35.654
1822, 59.86, 35.671
1823, 59.87, 35.687
1824, 59.89, 35.704
1825, 59.91, 35.721
1826, 59.93, 35.737
1827, 59.94, 35.754
1828, 59.96, 35.771
1829, 59.98, 35.787
1830, 60, 35.804
1831, 60.03, 35.821
1832, 60.05, 35.837
1833, 60.06, 35.854
1834, 60.08, 35.871
1835, 60.1, 35.887
1836, 60.12, 35.904
1837, 60.13, 35.921
1838, 60.15, 35.937
1839, 60.17, 35.954
1840, 60.18, 35.971
1841, 60.2, 35.987
1842, 60.22, 36.004
1843, 60.23, 36.021
1844, 60.25, 36.037
1845, 60.27, 36.054
1846, 60.29, 36.071
1847, 60.3, 36.087
1848, 60.32, 36.104
1849, 60.34, 36.121
1850, 60.36, 36.137
1851, 60.38, 36.154
1852, 60.41, 36.171
1853, 60.42, 36.187
1854, 60.44, 36.204
1855, 60.45, 36.221
1856, 60.46, 36.237
1857, 60.48, 36.254
1858, 60.5, 36.271
1859, 60.52, 36.287
1860, 60.54, 36.304
1861, 60.56, 36.321
1862, 60.58, 36.337
1863, 60.59, 36.354
1864, 60.61, 36.371
1865, 60.62, 36.387
1866, 60.64, 36.404
1867, 60.65, 36.421
1868, 60.67, 36.437
1869, 60.69, 36.454
1870, 60.71, 36.471
1871, 60.73, 36.487
1872, 60.75, 36.504
1873, 60.76, 36.521
1874, 60.77, 36.537
1875, 60.79, 36.554
1876, 60.8, 36.571
1877, 60.82, 36.587
1878, 60.83, 36.604
1879, 60.84, 36.621
1880, 60.86, 36.637
1881, 60.87, 36.654
1882, 60.88, 36.671
1883, 60.89, 36.687
1884, 60.91, 36.704
1885, 60.91, 36.721
1886, 60.91, 36.737
1887, 60.9, 36.754
1888, 60.87, 36.771
1889, 60.83, 36.787
1890, 60.77, 36.804
1891, 60.7, 36.821
1892, 60.63, 36.837
1893, 60.55, 36.854
1894, 60.42, 36.871
1895, 60.34, 36.887
1896, 60.28, 36.904
1897, 60.19, 36.921
1898, 60.08, 36.937
1899, 59.96, 36.954
1900, 59.88, 36.971
1901, 59.78, 36.987
1902, 59.67, 37.004
1903, 59.56, 37.021
1904, 59.45, 37.037
1905, 59.34, 37.054
1906, 59.22, 37.071
1907, 59.1, 37.087
1908, 58.97, 37.104
1909, 58.84, 37.121
1910, 58.71, 37.137
1911, 58.58, 37.154
1912, 58.45, 37.171
1913, 58.32, 37.187
1914, 58.1, 37.204
1915, 57.88, 37.221
1916, 57.76, 37.237
1917, 57.63, 37.254
1918, 57.48, 37.271
1919, 57.31, 37.287
1920, 57.13, 37.304
1921, 56.98, 37.321
1922, 56.84, 37.337
1923, 56.69, 37.354
1924, 56.54, 37.371
1925, 56.26, 37.404
1926, 56.13, 37.421
1927, 56, 37.437
1928, 55.88, 37.454
1929, 55.76, 37.471
1930, 55.65, 37.487
1931, 55.54, 37.504
1932, 55.44, 37.521
1933, 55.34, 37.537
1934, 55.24, 37.554
1935, 55.15, 37.571
1936, 55.06, 37.587
1937, 54.89, 37.621
1938, 54.8, 37.637
1939, 54.71, 37.654
1940, 54.63, 37.671
1941, 54.54, 37.687
1942, 54.45, 37.704
1943, 54.37, 37.721
1944, 54.29, 37.737
1945, 54.2, 37.754
1946, 54.11, 37.771
1947, 53.94, 37.804
1948, 53.85, 37.821
1949, 53.75, 37.837
1950, 53.66, 37.854
1951, 53.57, 37.871
1952, 53.48, 37.887
1953, 53.39, 37.904
1954, 53.3, 37.921
1955, 53.12, 37.954
1956, 53.03, 37.971
1957, 52.95, 37.987
1958, 52.85, 38.004
1959, 52.77, 38.021
1960, 52.68, 38.037
1961, 52.59, 38.054
1962, 52.4, 38.087
1963, 52.32, 38.104
1964, 52.23, 38.121
1965, 52.13, 38.137
1966, 52.04, 38.154
1967, 51.96, 38.171
1968, 51.87, 38.187
1969, 51.69, 38.221
1970, 51.6, 38.237
1971, 51.52, 38.254
1972, 51.43, 38.271
1973, 51.35, 38.287
1974, 51.27, 38.304
1975, 51.1, 38.337
1976, 51.02, 38.354
1977, 50.95, 38.371
1978, 50.87, 38.387
1979, 50.8, 38.404
1980, 50.73, 38.421
1981, 50.59, 38.454
1982, 50.53, 38.471
1983, 50.46, 38.487
1984, 50.39, 38.504
1985, 50.33, 38.521
1986, 50.19, 38.554
1987, 50.13, 38.571
1988, 50.07, 38.587
1989, 50, 38.604
1990, 49.94, 38.621
1991, 49.81, 38.654
1992, 49.75, 38.671
1993, 49.68, 38.687
1994, 49.61, 38.704
1995, 49.55, 38.721
1996, 49.42, 38.754
1997, 49.35, 38.771
1998, 49.29, 38.787
1999, 49.23, 38.804
2000, 49.18, 38.821
2001, 49.03, 38.854
2002, 48.84, 38.871
2003, 48.72, 38.887
2004, 48.69, 38.904
2005, 48.56, 38.937
2006, 48.45, 38.954
2007, 48.36, 38.971
2008, 48.28, 38.987
2009, 48.22, 39.004
2010, 48.07, 39.037
2011, 48, 39.054
2012, 47.93, 39.071
2013, 47.85, 39.087
2014, 47.69, 39.121
2015, 47.61, 39.137
2016, 47.53, 39.154
2017, 47.45, 39.171
2018, 47.29, 39.204
2019, 47.21, 39.221
2020, 47.14, 39.237
2021, 47.05, 39.254
2022, 46.89, 39.287
2023, 46.81, 39.304
2024, 46.73, 39.321
2025, 46.66, 39.337
2026, 46.5, 39.371
2027, 46.43, 39.387
2028, 46.35, 39.404
2029, 46.19, 39.437
2030, 46.12, 39.454
2031, 46.04, 39.471
2032, 45.97, 39.487
2033, 45.82, 39.521
2034, 45.77, 39.537
2035, 45.72, 39.554
2036, 45.61, 39.587
2037, 45.55, 39.604
2038, 45.51, 39.621
2039, 45.49, 39.654
2040, 45.44, 39.671
2041, 45.38, 39.687
2042, 45.33, 39.704
2043, 45.23, 39.737
2044, 45.17, 39.754
2045, 45.12, 39.771
2046, 44.89, 39.804
2047, 44.81, 39.821
2048, 44.76, 39.837
2049, 44.62, 39.871
2050, 44.53, 39.887
2051, 44.45, 39.904
2052, 44.33, 39.937
2053, 44.28, 39.954
2054, 44.23, 39.971
2055, 44.13, 40.004
2056, 44.09, 40.021
2057, 44.12, 40.037
2058, 44.12, 40.071
2059, 44.1, 40.087
2060, 44.1, 40.104
2061, 44.13, 40.137
2062, 44.14, 40.154
2063, 44.16, 40.171
2064, 44.19, 40.204
2065, 44.22, 40.221
2066, 44.25, 40.237
2067, 44.29, 40.271
2068, 44.32, 40.287
2069, 44.35, 40.304
2070, 44.41, 40.337
2071, 44.44, 40.354
2072, 44.47, 40.371
2073, 44.53, 40.404
2074, 44.56, 40.421
2075, 44.59, 40.437
2076, 44.65, 40.471
2077, 44.68, 40.487
2078, 44.71, 40.504
2079, 44.78, 40.537
2080, 44.82, 40.554
2081, 44.84, 40.571
2082, 44.9, 40.604
2083, 44.93, 40.621
2084, 44.96, 40.637
2085, 45.03, 40.671
2086, 45.07, 40.687
2087, 45.1, 40.704
2088, 45.16, 40.737
2089, 45.19, 40.754
2090, 45.22, 40.771
2091, 45.25, 40.787
2092, 45.31, 40.821
2093, 45.34, 40.837
2094, 45.37, 40.854
2095, 45.43, 40.887
2096, 45.46, 40.904
2097, 45.48, 40.921
2098, 45.5, 40.954
2099, 45.51, 40.971
2100, 45.52, 40.987
2101, 45.52, 41.004
2102, 45.5, 41.037
2103, 45.49, 41.054
2104, 45.48, 41.071
2105, 45.44, 41.104
2106, 45.41, 41.121
2107, 45.38, 41.137
2108, 45.35, 41.154
2109, 45.3, 41.187
2110, 45.28, 41.204
2111, 45.26, 41.221
2112, 45.23, 41.254
2113, 45.22, 41.271
2114, 45.22, 41.287
2115, 45.2, 41.321
2116, 45.19, 41.337
2117, 45.18, 41.354
2118, 45.16, 41.371
2119, 45.12, 41.404
2120, 45.11, 41.421
2121, 45.13, 41.437
2122, 45.15, 41.471
2123, 45.13, 41.487
2124, 45.11, 41.504
2125, 45.09, 41.537
2126, 45.09, 41.554
2127, 45.08, 41.571
2128, 45.03, 41.604
2129, 45, 41.621
2130, 44.98, 41.637
2131, 44.95, 41.671
2132, 44.94, 41.687
2133, 44.93, 41.704
2134, 44.92, 41.721
2135, 44.86, 41.754
2136, 44.83, 41.771
2137, 44.81, 41.787
2138, 44.76, 41.821
2139, 44.73, 41.837
2140, 44.71, 41.854
2141, 44.66, 41.887
2142, 44.64, 41.904
2143, 44.61, 41.921
2144, 44.55, 41.954
2145, 44.53, 41.971
2146, 44.5, 41.987
2147, 44.47, 42.021
2148, 44.47, 42.037
2149, 44.47, 42.054
2150, 44.48, 42.087
2151, 44.49, 42.104
2152, 44.52, 42.121
2153, 44.6, 42.154
2154, 44.65, 42.171
2155, 44.7, 42.187
2156, 44.8, 42.221
2157, 44.86, 42.237
2158, 44.92, 42.254
2159, 45.03, 42.287
2160, 45.09, 42.304
2161, 45.14, 42.321
2162, 45.25, 42.354
2163, 45.31, 42.371
2164, 45.37, 42.387
2165, 45.5, 42.421
2166, 45.56, 42.437
2167, 45.63, 42.454
2168, 45.75, 42.487
2169, 45.82, 42.504
2170, 45.88, 42.521
2171, 46, 42.554
2172, 46.06, 42.571
2173, 46.13, 42.587
2174, 46.19, 42.604
2175, 46.32, 42.637
2176, 46.36, 42.654
2177, 46.39, 42.671
2178, 46.35, 42.704
2179, 46.32, 42.721
2180, 46.29, 42.737
2181, 46.17, 42.754
2182, 46.04, 42.787
2183, 46.01, 42.804
2184, 45.97, 42.821
2185, 45.83, 42.854
2186, 45.77, 42.871
2187, 45.71, 42.887
2188, 45.58, 42.921
2189, 45.5, 42.937
2190, 45.42, 42.954
2191, 45.35, 42.971
2192, 45.18, 43.004
2193, 45.08, 43.021
2194, 44.98, 43.037
2195, 44.78, 43.071
2196, 44.67, 43.087
2197, 44.43, 43.121
2198, 44.3, 43.137
2199, 44.16, 43.154
2200, 43.89, 43.187
2201, 43.74, 43.204
2202, 43.58, 43.221
2203, 43.24, 43.254
2204, 43.07, 43.271
2205, 42.72, 43.304
2206, 42.54, 43.321
2207, 42.36, 43.337
2208, 41.98, 43.371
2209, 41.79, 43.387
2210, 41.38, 43.421
2211, 41.16, 43.437
2212, 40.74, 43.471
2213, 40.54, 43.487
2214, 40.15, 43.521
2215, 39.96, 43.537
2216, 39.57, 43.571
2217, 39.38, 43.587
2218, 39.05, 43.621
2219, 38.89, 43.637
2220, 38.48, 43.671
2221, 38.24, 43.687
2222, 37.86, 43.721
2223, 37.66, 43.737
2224, 37.28, 43.771
2225, 36.94, 43.804
2226, 36.76, 43.821
2227, 36.41, 43.854
2228, 36.08, 43.887
2229, 35.94, 43.904
2230, 35.64, 43.937
2231, 35.36, 43.971
2232, 35.22, 43.987
2233, 34.94, 44.021
2234, 34.65, 44.054
2235, 34.33, 44.087
2236, 34.16, 44.104
2237, 33.8, 44.137
2238, 33.44, 44.171
2239, 33.06, 44.204
2240, 32.67, 44.237
2241, 32.47, 44.254
2242, 32.09, 44.287
2243, 31.72, 44.321
2244, 31.39, 44.354
2245, 31.06, 44.387
2246, 30.68, 44.421
2247, 30.37, 44.454
2248, 30.09, 44.487
2249, 29.88, 44.521
2250, 29.67, 44.554
2251, 29.46, 44.587
2252, 29.28, 44.621
2253, 29.11, 44.654
2254, 28.86, 44.704
2255, 28.69, 44.737
2256, 28.51, 44.771
2257, 28.34, 44.804
2258, 28.17, 44.837
2259, 28.01, 44.871
2260, 27.75, 44.921
2261, 27.57, 44.954
2262, 27.41, 44.987
2263, 27.25, 45.021
2264, 27, 45.071
2265, 26.84, 45.104
2266, 26.69, 45.137
2267, 26.45, 45.187
2268, 26.31, 45.221
2269, 26.16, 45.254
2270, 25.94, 45.304
2271, 25.81, 45.337
2272, 25.61, 45.387
2273, 25.48, 45.421
2274, 25.31, 45.471
2275, 25.19, 45.504
2276, 25.08, 45.537
2277, 24.92, 45.587
2278, 24.83, 45.621
2279, 24.7, 45.671
2280, 24.6, 45.704
2281, 24.47, 45.754
2282, 24.38, 45.787
2283, 24.25, 45.837
2284, 24.16, 45.871
2285, 24.03, 45.921
2286, 23.9, 45.971
2287, 23.82, 46.004
2288, 23.69, 46.054
2289, 23.61, 46.087
2290, 23.48, 46.137
2291, 23.4, 46.171
2292, 23.27, 46.221
2293, 23.14, 46.271
2294, 23.08, 46.304
2295, 22.99, 46.354
2296, 22.9, 46.387
2297, 22.83, 46.437
2298, 22.8, 46.471
2299, 22.79, 46.521
2300, 22.84, 46.554
2301, 22.89, 46.604
2302, 22.95, 46.637
2303, 23.02, 46.671
2304, 23.13, 46.721
2305, 23.16, 46.754
2306, 23.27, 46.787
2307, 23.57, 46.837
2308, 23.61, 46.871
2309, 23.7, 46.904
2310, 23.87, 46.937
2311, 24.02, 46.987
2312, 24.08, 47.021
2313, 24.19, 47.054
2314, 24.3, 47.087
2315, 24.47, 47.137
2316, 24.61, 47.171
2317, 24.72, 47.204
2318, 24.85, 47.237
2319, 25, 47.271
2320, 25.14, 47.304
2321, 25.35, 47.354
2322, 25.48, 47.387
2323, 25.63, 47.421
2324, 25.78, 47.454
2325, 25.92, 47.487
2326, 26.07, 47.521
2327, 26.22, 47.554
2328, 26.36, 47.587
2329, 26.52, 47.621
2330, 26.68, 47.654
2331, 26.85, 47.687
2332, 27, 47.721
2333, 27.13, 47.754
2334, 27.26, 47.787
2335, 27.44, 47.821
2336, 27.73, 47.871
2337, 27.94, 47.904
2338, 28.17, 47.937
2339, 28.44, 47.971
2340, 28.69, 48.004
2341, 28.94, 48.037
2342, 29.19, 48.071
2343, 29.41, 48.104
2344, 29.64, 48.137
2345, 29.89, 48.171
2346, 30.14, 48.204
2347, 30.34, 48.237
2348, 30.4, 48.271
2349, 30.39, 48.304
2350, 30.22, 48.337
2351, 30.06, 48.371
2352, 29.99, 48.404
2353, 29.93, 48.437
2354, 29.84, 48.471
2355, 29.75, 48.504
2356, 29.66, 48.537
2357, 29.58, 48.571
2358, 29.49, 48.604
2359, 29.39, 48.637
2360, 29.29, 48.671
2361, 29.19, 48.704
2362, 29.09, 48.737
2363, 28.99, 48.771
2364, 28.86, 48.821
2365, 28.77, 48.854
2366, 28.69, 48.887
2367, 28.61, 48.921
2368, 28.53, 48.954
2369, 28.45, 48.987
2370, 28.37, 49.021
2371, 28.29, 49.054
2372, 28.21, 49.087
2373, 28.13, 49.121
2374, 28.02, 49.171
2375, 27.94, 49.204
2376, 27.87, 49.237
2377, 27.8, 49.271
2378, 27.72, 49.304
2379, 27.65, 49.337
2380, 27.58, 49.371
2381, 27.51, 49.404
2382, 27.4, 49.454
2383, 27.32, 49.487
2384, 27.25, 49.521
2385, 27.17, 49.554
2386, 27.09, 49.587
2387, 27.02, 49.621
2388, 26.94, 49.654
2389, 26.82, 49.704
2390, 26.75, 49.737
2391, 26.67, 49.771
2392, 26.59, 49.804
2393, 26.52, 49.837
2394, 26.4, 49.887
2395, 26.32, 49.921
2396, 26.25, 49.954
2397, 26.17, 49.987
2398, 26.09, 50.021
2399, 26.02, 50.054
2400, 25.91, 50.104
2401, 25.84, 50.137
2402, 25.76, 50.171
2403, 25.69, 50.204
2404, 25.61, 50.237
2405, 25.5, 50.287
2406, 25.43, 50.321
2407, 25.35, 50.354
2408, 25.27, 50.387
2409, 25.15, 50.437
2410, 25.07, 50.471
2411, 24.99, 50.504
2412, 24.88, 50.554
2413, 24.81, 50.587
2414, 24.77, 50.621
2415, 24.73, 50.671
2416, 24.76, 50.704
2417, 24.87, 50.737
2418, 24.94, 50.787
2419, 24.99, 50.821
2420, 25.12, 50.871
2421, 25.21, 50.904
2422, 25.3, 50.937
2423, 25.44, 50.987
2424, 25.55, 51.021
2425, 25.65, 51.054
2426, 25.76, 51.087
2427, 25.95, 51.137
2428, 26.1, 51.171
2429, 26.26, 51.204
2430, 26.43, 51.237
2431, 26.69, 51.287
2432, 26.85, 51.321
2433, 27.01, 51.354
2434, 27.17, 51.387
2435, 27.32, 51.421
2436, 27.57, 51.471
2437, 27.73, 51.504
2438, 27.87, 51.537
2439, 27.99, 51.571
2440, 28.08, 51.604
2441, 28.2, 51.637
2442, 28.34, 51.671
2443, 28.48, 51.704
2444, 28.65, 51.754
2445, 28.78, 51.787
2446, 28.92, 51.821
2447, 29.06, 51.854
2448, 29.18, 51.887
2449, 29.29, 51.921
2450, 29.39, 51.954
2451, 29.5, 51.987
2452, 29.63, 52.021
2453, 29.69, 52.037
2454, 29.83, 52.071
2455, 29.93, 52.104
2456, 30.08, 52.137
2457, 30.26, 52.171
2458, 30.4, 52.204
2459, 30.53, 52.237
2460, 30.65, 52.271
2461, 30.79, 52.304
2462, 30.91, 52.337
2463, 31.06, 52.371
2464, 31.22, 52.404
2465, 31.3, 52.421
2466, 31.45, 52.454
2467, 31.51, 52.487
2468, 31.58, 52.521
2469, 31.89, 52.554
2470, 31.99, 52.587
2471, 32.14, 52.621
2472, 32.27, 52.654
2473, 32.33, 52.671
2474, 32.49, 52.704
2475, 32.66, 52.737
2476, 32.8, 52.771
2477, 32.93, 52.804
2478, 33, 52.821
2479, 33.15, 52.854
2480, 33.29, 52.887
2481, 33.42, 52.921
2482, 33.56, 52.954
2483, 33.63, 52.971
2484, 33.77, 53.004
2485, 33.91, 53.037
2486, 34.04, 53.071
2487, 34.21, 53.104
2488, 34.3, 53.121
2489, 34.48, 53.154
2490, 34.65, 53.187
2491, 34.84, 53.221
2492, 34.93, 53.237
2493, 35.08, 53.271
2494, 35.25, 53.304
2495, 35.35, 53.321
2496, 35.55, 53.354
2497, 35.72, 53.387
2498, 35.89, 53.421
2499, 35.97, 53.437
2500, 36.15, 53.471
2501, 36.32, 53.504
2502, 36.41, 53.521
2503, 36.58, 53.554
2504, 36.75, 53.587
2505, 36.84, 53.604
2506, 37.03, 53.637
2507, 37.2, 53.671
2508, 37.28, 53.687
2509, 37.45, 53.721
2510, 37.55, 53.737
2511, 37.73, 53.771
2512, 37.89, 53.804
2513, 37.96, 53.821
2514, 38.13, 53.854
2515, 38.21, 53.871
2516, 38.38, 53.904
2517, 38.46, 53.921
2518, 38.62, 53.954
2519, 38.77, 53.987
2520, 38.85, 54.004
2521, 39.01, 54.037
2522, 39.08, 54.054
2523, 39.23, 54.087
2524, 39.3, 54.104
2525, 39.45, 54.137
2526, 39.53, 54.154
2527, 39.68, 54.187
2528, 39.76, 54.204
2529, 39.9, 54.237
2530, 39.97, 54.254
2531, 40.11, 54.287
2532, 40.18, 54.304
2533, 40.31, 54.337
2534, 40.37, 54.354
2535, 40.48, 54.387
2536, 40.53, 54.404
2537, 40.57, 54.437
2538, 40.54, 54.454
2539, 40.81, 54.487
2540, 40.9, 54.504
2541, 40.98, 54.537
2542, 41.06, 54.554
2543, 41.21, 54.587
2544, 41.27, 54.604
2545, 41.4, 54.637
2546, 41.47, 54.654
2547, 41.6, 54.687
2548, 41.67, 54.704
2549, 41.8, 54.737
2550, 41.86, 54.754
2551, 41.93, 54.771
2552, 42.06, 54.804
2553, 42.12, 54.821
2554, 42.25, 54.854
2555, 42.31, 54.871
2556, 42.43, 54.904
2557, 42.5, 54.921
2558, 42.62, 54.954
2559, 42.68, 54.971
2560, 42.74, 54.987
2561, 42.87, 55.021
2562, 42.93, 55.037
2563, 43.05, 55.071
2564, 43.11, 55.087
2565, 43.17, 55.104
2566, 43.29, 55.137
2567, 43.35, 55.154
2568, 43.48, 55.187
2569, 43.53, 55.204
2570, 43.59, 55.221
2571, 43.71, 55.254
2572, 43.77, 55.271
2573, 43.89, 55.304
2574, 43.96, 55.321
2575, 44.02, 55.337
2576, 44.14, 55.371
2577, 44.2, 55.387
2578, 44.32, 55.421
2579, 44.38, 55.437
2580, 44.44, 55.454
2581, 44.56, 55.487
2582, 44.62, 55.504
2583, 44.68, 55.521
2584, 44.8, 55.554
2585, 44.86, 55.571
2586, 44.92, 55.587
2587, 45.04, 55.621
2588, 45.1, 55.637
2589, 45.2, 55.671
2590, 45.24, 55.687
2591, 45.26, 55.704
2592, 45.21, 55.737
2593, 45.18, 55.754
2594, 45.14, 55.771
2595, 44.93, 55.804
2596, 44.87, 55.821
2597, 44.84, 55.837
2598, 44.73, 55.871
2599, 44.65, 55.887
2600, 44.57, 55.904
2601, 44.43, 55.937
2602, 44.34, 55.954
2603, 44.14, 55.987
2604, 44.03, 56.004
2605, 43.92, 56.021
2606, 43.64, 56.054
2607, 43.49, 56.071
2608, 43.33, 56.087
2609, 42.97, 56.121
2610, 42.76, 56.137
2611, 42.32, 56.171
2612, 42.09, 56.187
2613, 41.6, 56.221
2614, 41.33, 56.237
2615, 40.8, 56.271
2616, 40.54, 56.287
2617, 39.98, 56.321
2618, 39.71, 56.337
2619, 39.19, 56.371
2620, 38.93, 56.387
2621, 38.4, 56.421
2622, 38.14, 56.437
2623, 37.67, 56.471
2624, 37.23, 56.504
2625, 37.02, 56.521
2626, 36.54, 56.554
2627, 36.32, 56.571
2628, 35.99, 56.604
2629, 35.64, 56.637
2630, 35.32, 56.671
2631, 35.2, 56.687
2632, 34.95, 56.721
2633, 34.69, 56.754
2634, 34.58, 56.771
2635, 34.38, 56.804
2636, 34.17, 56.837
2637, 33.95, 56.871
2638, 33.74, 56.904
2639, 33.63, 56.921
2640, 33.42, 56.954
2641, 33.21, 56.987
2642, 33, 57.021
2643, 32.79, 57.054
2644, 32.57, 57.087
2645, 32.35, 57.121
2646, 32.24, 57.137
2647, 32.03, 57.171
2648, 31.82, 57.204
2649, 31.6, 57.237
2650, 31.42, 57.271
2651, 31.23, 57.304
2652, 30.87, 57.337
2653, 30.57, 57.371
2654, 30.32, 57.404
2655, 30.08, 57.437
2656, 29.83, 57.471
2657, 29.6, 57.504
2658, 29.36, 57.537
2659, 29.1, 57.571
2660, 28.76, 57.621
2661, 28.53, 57.654
2662, 28.29, 57.687
2663, 28.08, 57.721
2664, 27.89, 57.754
2665, 27.71, 57.787
2666, 27.46, 57.837
2667, 27.3, 57.871
2668, 27.15, 57.904
2669, 27.01, 57.937
2670, 26.77, 57.987
2671, 26.61, 58.021
2672, 26.46, 58.054
2673, 26.24, 58.104
2674, 26.08, 58.137
2675, 25.93, 58.171
2676, 25.74, 58.221
2677, 25.6, 58.254
2678, 25.4, 58.304
2679, 25.28, 58.337
2680, 25.1, 58.387
2681, 24.98, 58.421
2682, 24.81, 58.471
2683, 24.7, 58.504
2684, 24.54, 58.554
2685, 24.44, 58.587
2686, 24.26, 58.637
2687, 24.16, 58.671
2688, 23.99, 58.721
2689, 23.89, 58.754
2690, 23.71, 58.804
2691, 23.61, 58.837
2692, 23.46, 58.887
2693, 23.35, 58.921
2694, 23.19, 58.971
2695, 23.03, 59.021
2696, 22.93, 59.054
2697, 22.76, 59.104
2698, 22.61, 59.154
2699, 22.46, 59.204
2700, 22.34, 59.237
2701, 22.19, 59.287
2702, 22.06, 59.337
2703, 21.92, 59.387
2704, 21.83, 59.421
2705, 21.7, 59.471
2706, 21.58, 59.521
2707, 21.47, 59.571
2708, 21.37, 59.621
2709, 21.29, 59.671
2710, 21.28, 59.704
2711, 21.43, 59.754
2712, 21.5, 59.804
2713, 21.65, 59.854
2714, 21.8, 59.904
2715, 21.93, 59.954
2716, 22.05, 59.987
2717, 22.26, 60.037
2718, 22.44, 60.087
2719, 22.63, 60.137
2720, 22.83, 60.187
2721, 22.97, 60.221
2722, 23.16, 60.271
2723, 23.38, 60.321
2724, 23.54, 60.354
2725, 23.81, 60.404
2726, 24.1, 60.454
2727, 24.3, 60.487
2728, 24.61, 60.537
2729, 24.82, 60.571
2730, 25.15, 60.621
2731, 25.48, 60.671
2732, 25.72, 60.704
2733, 25.94, 60.737
2734, 26.27, 60.787
2735, 26.5, 60.821
2736, 26.83, 60.871
2737, 27.04, 60.904
2738, 27.24, 60.937
2739, 27.54, 60.987
2740, 27.74, 61.021
2741, 27.94, 61.054
2742, 28.16, 61.087
2743, 28.43, 61.137
2744, 28.64, 61.171
2745, 28.89, 61.204
2746, 29.13, 61.237
2747, 29.49, 61.287
2748, 29.65, 61.321
2749, 29.76, 61.354
2750, 30.05, 61.387
2751, 30.27, 61.421
2752, 30.52, 61.454
2753, 30.72, 61.487
2754, 30.94, 61.521
2755, 31.16, 61.554
2756, 31.37, 61.587
2757, 31.58, 61.621
2758, 31.8, 61.654
2759, 32.03, 61.687
2760, 32.23, 61.721
2761, 32.45, 61.754
2762, 32.68, 61.787
2763, 32.79, 61.804
2764, 33.01, 61.837
2765, 33.23, 61.871
2766, 33.45, 61.904
2767, 33.66, 61.937
2768, 33.77, 61.954
2769, 33.99, 61.987
2770, 34.2, 62.021
2771, 34.41, 62.054
2772, 34.52, 62.071
2773, 34.72, 62.104
2774, 34.93, 62.137
2775, 35.14, 62.171
2776, 35.25, 62.187
2777, 35.45, 62.221
2778, 35.66, 62.254
2779, 35.76, 62.271
2780, 35.97, 62.304
2781, 36.07, 62.321
2782, 36.28, 62.354
2783, 36.48, 62.387
2784, 36.57, 62.404
2785, 36.77, 62.437
2786, 36.87, 62.454
2787, 37.06, 62.487
2788, 37.26, 62.521
2789, 37.35, 62.537
2790, 37.54, 62.571
2791, 37.64, 62.587
2792, 37.82, 62.621
2793, 37.91, 62.637
2794, 38.1, 62.671
2795, 38.19, 62.687
2796, 38.38, 62.721
2797, 38.47, 62.737
2798, 38.65, 62.771
2799, 38.82, 62.804
2800, 38.91, 62.821
2801, 39.09, 62.854
2802, 39.17, 62.871
2803, 39.34, 62.904
2804, 39.43, 62.921
2805, 39.52, 62.937
2806, 39.7, 62.971
2807, 39.79, 62.987
2808, 39.77, 63.021
2809, 39.89, 63.037
2810, 40.13, 63.071
2811, 40.19, 63.087
2812, 40.37, 63.121
2813, 40.44, 63.137
2814, 40.6, 63.171
2815, 40.68, 63.187
2816, 40.84, 63.221
2817, 40.92, 63.237
2818, 41, 63.254
2819, 41.16, 63.287
2820, 41.24, 63.304
2821, 41.41, 63.337
2822, 41.49, 63.354
2823, 41.56, 63.371
2824, 41.72, 63.404
2825, 41.8, 63.421
2826, 41.96, 63.454
2827, 42.04, 63.471
2828, 42.11, 63.487
2829, 42.27, 63.521
2830, 42.36, 63.537
2831, 42.51, 63.571
2832, 42.58, 63.587
2833, 42.65, 63.604
2834, 42.8, 63.637
2835, 42.88, 63.654
2836, 43.03, 63.687
2837, 43.11, 63.704
2838, 43.18, 63.721
2839, 43.33, 63.754
2840, 43.4, 63.771
2841, 43.47, 63.787
2842, 43.61, 63.821
2843, 43.68, 63.837
2844, 43.75, 63.854
2845, 43.89, 63.887
2846, 43.96, 63.904
2847, 44.03, 63.921
2848, 44.16, 63.954
2849, 44.22, 63.971
2850, 44.29, 63.987
2851, 44.45, 64.021
2852, 44.52, 64.037
2853, 44.58, 64.054
2854, 44.69, 64.087
2855, 44.75, 64.104
2856, 44.82, 64.121
2857, 44.98, 64.154
2858, 45.06, 64.171
2859, 45.14, 64.187
2860, 45.28, 64.221
2861, 45.34, 64.237
2862, 45.4, 64.254
2863, 45.51, 64.287
2864, 45.57, 64.304
2865, 45.64, 64.321
2866, 45.73, 64.337
2867, 45.89, 64.371
2868, 45.95, 64.387
2869, 46.01, 64.404
2870, 46.1, 64.437
2871, 46.17, 64.454
2872, 46.26, 64.471
2873, 46.42, 64.504
2874, 46.48, 64.521
2875, 46.54, 64.537
2876, 46.61, 64.554
2877, 46.73, 64.587
2878, 46.79, 64.604
2879, 46.85, 64.621
2880, 46.98, 64.654
2881, 47.05, 64.671
2882, 47.11, 64.687
2883, 47.17, 64.704
2884, 47.29, 64.737
2885, 47.35, 64.754
2886, 47.41, 64.771
2887, 47.47, 64.787
2888, 47.61, 64.821
2889, 47.67, 64.837
2890, 47.72, 64.854
2891, 47.83, 64.887
2892, 47.89, 64.904
2893, 47.95, 64.921
2894, 48.02, 64.937
2895, 48.13, 64.971
2896, 48.18, 64.987
2897, 48.23, 65.004
2898, 48.27, 65.021
2899, 48.35, 65.054
2900, 48.4, 65.071
2901, 48.45, 65.087
2902, 48.51, 65.104
2903, 48.65, 65.137
2904, 48.7, 65.154
2905, 48.75, 65.171
2906, 48.81, 65.187
2907, 48.92, 65.221
2908, 48.98, 65.237
2909, 49.03, 65.254
2910, 49.08, 65.271
2911, 49.14, 65.287
2912, 49.1, 65.321
2913, 49.21, 65.337
2914, 49.31, 65.354
2915, 49.3, 65.371
2916, 49.44, 65.404
2917, 49.49, 65.421
2918, 49.52, 65.437
2919, 49.58, 65.454
2920, 49.69, 65.487
2921, 49.73, 65.504
2922, 49.8, 65.521
2923, 49.86, 65.537
2924, 49.91, 65.554
2925, 50, 65.587
2926, 50.05, 65.604
2927, 50.1, 65.621
2928, 50.17, 65.637
2929, 50.28, 65.671
2930, 50.32, 65.687
2931, 50.38, 65.704
2932, 50.44, 65.721
2933, 50.49, 65.737
2934, 50.6, 65.771
2935, 50.65, 65.787
2936, 50.7, 65.804
2937, 50.76, 65.821
2938, 50.81, 65.837
2939, 50.91, 65.871
2940, 50.96, 65.887
2941, 51.01, 65.904
2942, 51.07, 65.921
2943, 51.12, 65.937
2944, 51.23, 65.971
2945, 51.28, 65.987
2946, 51.33, 66.004
2947, 51.38, 66.021
2948, 51.43, 66.037
2949, 51.54, 66.071
2950, 51.59, 66.087
2951, 51.64, 66.104
2952, 51.69, 66.121
2953, 51.74, 66.137
2954, 51.79, 66.154
2955, 51.9, 66.187
2956, 51.95, 66.204
2957, 52, 66.221
2958, 52.05, 66.237
2959, 52.1, 66.254
2960, 52.21, 66.287
2961, 52.25, 66.304
2962, 52.3, 66.321
2963, 52.34, 66.337
2964, 52.39, 66.354
2965, 52.44, 66.371
2966, 52.53, 66.404
2967, 52.58, 66.421
2968, 52.62, 66.437
2969, 52.67, 66.454
2970, 52.72, 66.471
2971, 52.77, 66.487
2972, 52.86, 66.521
2973, 52.9, 66.537
2974, 52.95, 66.554
2975, 53, 66.571
2976, 53.05, 66.587
2977, 53.1, 66.604
2978, 53.19, 66.637
2979, 53.23, 66.654
2980, 53.28, 66.671
2981, 53.33, 66.687
2982, 53.37, 66.704
2983, 53.41, 66.721
2984, 53.51, 66.754
2985, 53.56, 66.771
2986, 53.6, 66.787
2987, 53.65, 66.804
2988, 53.7, 66.821
2989, 53.74, 66.837
2990, 53.79, 66.854
2991, 53.88, 66.887
2992, 53.93, 66.904
2993, 53.97, 66.921
2994, 54.02, 66.937
2995, 54.07, 66.954
2996, 54.11, 66.971
2997, 54.16, 66.987
2998, 54.21, 67.004
2999, 54.3, 67.037
3000, 54.35, 67.054
3001, 54.4, 67.071
3002, 54.45, 67.087
3003, 54.49, 67.104
3004, 54.54, 67.121
3005, 54.59, 67.137
3006, 54.64, 67.154
3007, 54.68, 67.171
3008, 54.79, 67.204
3009, 54.84, 67.221
3010, 54.87, 67.237
3011, 54.92, 67.254
3012, 54.96, 67.271
3013, 55.01, 67.287
3014, 55.05, 67.304
3015, 55.09, 67.321
3016, 55.14, 67.337
3017, 55.23, 67.371
3018, 55.27, 67.387
3019, 55.32, 67.404
3020, 55.36, 67.421
3021, 55.41, 67.437
3022, 55.45, 67.454
3023, 55.49, 67.471
3024, 55.54, 67.487
3025, 55.58, 67.504
3026, 55.62, 67.521
3027, 55.66, 67.537
3028, 55.76, 67.571
3029, 55.8, 67.587
3030, 55.84, 67.604
3031, 55.89, 67.621
3032, 55.93, 67.637
3033, 55.98, 67.654
3034, 56.02, 67.671
3035, 56.06, 67.687
3036, 56.11, 67.704
3037, 56.15, 67.721
3038, 56.2, 67.737
3039, 56.23, 67.754
3040, 56.3, 67.787
3041, 56.34, 67.804
3042, 56.38, 67.821
3043, 56.42, 67.837
3044, 56.47, 67.854
3045, 56.52, 67.871
3046, 56.58, 67.887
3047, 56.62, 67.904
3048, 56.66, 67.921
3049, 56.69, 67.937
3050, 56.73, 67.954
3051, 56.76, 67.971
3052, 56.8, 67.987
3053, 56.84, 68.004
3054, 56.88, 68.021
3055, 56.9, 68.037
3056, 56.9, 68.071
3057, 56.86, 68.087
3058, 56.81, 68.104
3059, 56.77, 68.121
3060, 56.7, 68.137
3061, 56.56, 68.154
3062, 56.47, 68.171
3063, 56.44, 68.187
3064, 56.38, 68.204
3065, 56.3, 68.221
3066, 56.17, 68.237
3067, 56.05, 68.254
3068, 55.96, 68.271
3069, 55.84, 68.287
3070, 55.7, 68.304
3071, 55.55, 68.321
3072, 55.22, 68.354
3073, 55.03, 68.371
3074, 54.82, 68.387
3075, 54.59, 68.404
3076, 54.35, 68.421
3077, 54.08, 68.437
3078, 53.82, 68.454
3079, 53.54, 68.471
3080, 53.25, 68.487
3081, 52.68, 68.521
3082, 52.37, 68.537
3083, 52.04, 68.554
3084, 51.74, 68.571
3085, 51.45, 68.587
3086, 51.15, 68.604
3087, 50.86, 68.621
3088, 50.3, 68.654
3089, 50.01, 68.671
3090, 49.73, 68.687
3091, 49.43, 68.704
3092, 49.1, 68.721
3093, 48.51, 68.754
3094, 48.25, 68.771
3095, 47.97, 68.787
3096, 47.66, 68.804
3097, 47.16, 68.837
3098, 46.9, 68.854
3099, 46.64, 68.871
3100, 46.2, 68.904
3101, 45.97, 68.921
3102, 45.72, 68.937
3103, 45.48, 68.954
3104, 45.05, 68.987
3105, 44.83, 69.004
3106, 44.61, 69.021
3107, 44.2, 69.054
3108, 44, 69.071
3109, 43.59, 69.104
3110, 43.39, 69.121
3111, 43.2, 69.137
3112, 42.83, 69.171
3113, 42.63, 69.187
3114, 42.44, 69.204
3115, 42.07, 69.237
3116, 41.89, 69.254
3117, 41.52, 69.287
3118, 41.35, 69.304
3119, 40.98, 69.337
3120, 40.79, 69.354
3121, 40.43, 69.387
3122, 40.23, 69.404
3123, 39.83, 69.437
3124, 39.64, 69.454
3125, 39.23, 69.487
3126, 39.03, 69.504
3127, 38.62, 69.537
3128, 38.42, 69.554
3129, 38, 69.587
3130, 37.74, 69.604
3131, 37.28, 69.637
3132, 36.89, 69.671
3133, 36.67, 69.687
3134, 36.23, 69.721
3135, 35.85, 69.754
3136, 35.68, 69.771
3137, 35.35, 69.804
3138, 34.93, 69.837
3139, 34.74, 69.854
3140, 34.49, 69.887
3141, 34.23, 69.921
3142, 33.94, 69.954
3143, 33.84, 69.971
3144, 33.64, 70.004
3145, 33.44, 70.037
3146, 33.27, 70.071
3147, 33.11, 70.104
3148, 32.97, 70.137
3149, 32.9, 70.154
3150, 32.77, 70.187
3151, 32.64, 70.221
3152, 32.53, 70.254
3153, 32.43, 70.287
3154, 32.34, 70.321
3155, 32.24, 70.354
3156, 32.19, 70.371
3157, 32.1, 70.404
3158, 32.01, 70.437
3159, 31.91, 70.471
3160, 31.81, 70.504
3161, 31.71, 70.537
3162, 31.61, 70.571
3163, 31.52, 70.604
3164, 31.47, 70.621
3165, 31.37, 70.654
3166, 31.27, 70.687
3167, 31.16, 70.721
3168, 31.05, 70.754
3169, 30.95, 70.787
3170, 30.85, 70.821
3171, 30.74, 70.854
3172, 30.64, 70.887
3173, 30.53, 70.921
3174, 30.43, 70.954
3175, 30.33, 70.987
3176, 30.25, 71.021
3177, 30.2, 71.054
3178, 30.17, 71.087
3179, 30.21, 71.104
3180, 30.22, 71.137
3181, 30.22, 71.171
3182, 30.21, 71.204
3183, 30.2, 71.237
3184, 30.21, 71.271
3185, 30.25, 71.304
3186, 30.39, 71.337
3187, 30.46, 71.371
3188, 30.49, 71.404
3189, 30.6, 71.437
3190, 30.75, 71.471
3191, 30.85, 71.504
3192, 30.91, 71.537
3193, 30.93, 71.554
3194, 30.98, 71.587
3195, 31.21, 71.621
3196, 31.4, 71.654
3197, 31.4, 71.687
3198, 31.51, 71.721
3199, 31.65, 71.754
3200, 31.76, 71.787
3201, 31.88, 71.821
3202, 31.94, 71.854
3203, 32.03, 71.887
3204, 32.12, 71.921
3205, 32.15, 71.937
3206, 32.22, 71.971
3207, 32.3, 72.004
3208, 32.35, 72.037
3209, 32.42, 72.071
3210, 32.53, 72.104
3211, 32.63, 72.137
3212, 32.7, 72.171
3213, 32.81, 72.204
3214, 32.92, 72.237
3215, 32.97, 72.254
3216, 33.09, 72.287
3217, 33.24, 72.321
3218, 33.37, 72.354
3219, 33.46, 72.387
3220, 33.56, 72.421
3221, 33.68, 72.454
3222, 33.76, 72.471
3223, 33.94, 72.504
3224, 34.09, 72.537
3225, 34.26, 72.571
3226, 34.41, 72.604
3227, 34.48, 72.621
3228, 34.64, 72.654
3229, 34.8, 72.687
3230, 34.98, 72.721
3231, 35.16, 72.754
3232, 35.24, 72.771
3233, 35.41, 72.804
3234, 35.55, 72.837
3235, 35.7, 72.871
3236, 35.77, 72.887
3237, 35.94, 72.921
3238, 36.12, 72.954
3239, 36.28, 72.987
3240, 36.34, 73.004
3241, 36.44, 73.037
3242, 36.6, 73.071
3243, 36.73, 73.087
3244, 36.92, 73.121
3245, 37.03, 73.154
3246, 37.11, 73.171
3247, 37.3, 73.204
3248, 37.43, 73.237
3249, 37.47, 73.254
3250, 37.56, 73.287
3251, 37.63, 73.304
3252, 37.81, 73.337
3253, 37.98, 73.371
3254, 38.06, 73.387
3255, 38.2, 73.421
3256, 38.26, 73.437
3257, 38.4, 73.471
3258, 38.37, 73.504
3259, 38.5, 73.521
3260, 38.71, 73.554
3261, 38.74, 73.571
3262, 38.86, 73.604
3263, 38.99, 73.637
3264, 39.06, 73.654
3265, 39.17, 73.687
3266, 39.22, 73.704
3267, 39.37, 73.737
3268, 39.44, 73.754
3269, 39.56, 73.787
3270, 39.69, 73.821
3271, 39.75, 73.837
3272, 39.87, 73.871
3273, 39.92, 73.887
3274, 40.01, 73.921
3275, 40.08, 73.937
3276, 40.28, 73.971
3277, 40.34, 73.987
3278, 40.41, 74.021
3279, 40.47, 74.037
3280, 40.64, 74.071
3281, 40.71, 74.087
3282, 40.8, 74.121
3283, 40.87, 74.137
3284, 41, 74.171
3285, 41.06, 74.187
3286, 41.18, 74.221
3287, 41.24, 74.237
3288, 41.35, 74.271
3289, 41.41, 74.287
3290, 41.53, 74.321
3291, 41.6, 74.337
3292, 41.73, 74.371
3293, 41.79, 74.387
3294, 41.91, 74.421
3295, 41.97, 74.437
3296, 42.09, 74.471
3297, 42.15, 74.487
3298, 42.27, 74.521
3299, 42.33, 74.537
3300, 42.39, 74.554
3301, 42.52, 74.587
3302, 42.58, 74.604
3303, 42.7, 74.637
3304, 42.76, 74.654
3305, 42.89, 74.687
3306, 42.95, 74.704
3307, 43.06, 74.737
3308, 43.12, 74.754
3309, 43.18, 74.771
3310, 43.3, 74.804
3311, 43.36, 74.821
3312, 43.47, 74.854
3313, 43.53, 74.871
3314, 43.59, 74.887
3315, 43.7, 74.921
3316, 43.76, 74.937
3317, 43.87, 74.971
3318, 43.93, 74.987
3319, 43.98, 75.004
3320, 44.1, 75.037
3321, 44.15, 75.054
3322, 44.21, 75.071
3323, 44.32, 75.104
3324, 44.37, 75.121
3325, 44.48, 75.154
3326, 44.54, 75.171
3327, 44.59, 75.187
3328, 44.7, 75.221
3329, 44.75, 75.237
3330, 44.81, 75.254
3331, 44.91, 75.287
3332, 44.96, 75.304
3333, 45.07, 75.337
3334, 45.12, 75.354
3335, 45.18, 75.371
3336, 45.28, 75.404
3337, 45.34, 75.421
3338, 45.39, 75.437
3339, 45.49, 75.471
3340, 45.54, 75.487
3341, 45.6, 75.504
3342, 45.7, 75.537
3343, 45.75, 75.554
3344, 45.8, 75.571
3345, 45.9, 75.604
3346, 45.95, 75.621
3347, 46.01, 75.637
3348, 46.11, 75.671
3349, 46.16, 75.687
3350, 46.21, 75.704
3351, 46.26, 75.721
3352, 46.36, 75.754
3353, 46.41, 75.771
3354, 46.45, 75.787
3355, 46.55, 75.821
3356, 46.6, 75.837
3357, 46.66, 75.854
3358, 46.76, 75.887
3359, 46.81, 75.904
3360, 46.86, 75.921
3361, 46.9, 75.937
3362, 47, 75.971
3363, 47.05, 75.987
3364, 47.1, 76.004
3365, 47.2, 76.037
3366, 47.25, 76.054
3367, 47.3, 76.071
3368, 47.35, 76.087
3369, 47.44, 76.121
3370, 47.49, 76.137
3371, 47.53, 76.154
3372, 47.63, 76.187
3373, 47.68, 76.204
3374, 47.73, 76.221
3375, 47.77, 76.237
3376, 47.87, 76.271
3377, 47.92, 76.287
3378, 47.96, 76.304
3379, 48.01, 76.321
3380, 48.11, 76.354
3381, 48.15, 76.371
3382, 48.2, 76.387
3383, 48.24, 76.404
3384, 48.33, 76.437
3385, 48.38, 76.454
3386, 48.43, 76.471
3387, 48.47, 76.487
3388, 48.56, 76.521
3389, 48.61, 76.537
3390, 48.65, 76.554
3391, 48.69, 76.571
3392, 48.78, 76.604
3393, 48.82, 76.621
3394, 48.87, 76.637
3395, 48.92, 76.654
3396, 49, 76.687
3397, 49.04, 76.704
3398, 49.09, 76.721
3399, 49.13, 76.737
3400, 49.17, 76.754
3401, 49.19, 76.787
3402, 49.14, 76.804
3403, 49.26, 76.821
3404, 49.36, 76.837
3405, 49.37, 76.871
3406, 49.43, 76.887
3407, 49.48, 76.904
3408, 49.5, 76.921
3409, 49.53, 76.937
3410, 49.62, 76.971
3411, 49.66, 76.987
3412, 49.7, 77.004
3413, 49.74, 77.021
3414, 49.81, 77.054
3415, 49.84, 77.071
3416, 49.88, 77.087
3417, 49.91, 77.104
3418, 49.95, 77.121
3419, 50.02, 77.154
3420, 50.06, 77.171
3421, 50.1, 77.187
3422, 50.15, 77.204
3423, 50.19, 77.221
3424, 50.26, 77.254
3425, 50.3, 77.271
3426, 50.33, 77.287
3427, 50.37, 77.304
3428, 50.41, 77.321
3429, 50.45, 77.337
3430, 50.52, 77.371
3431, 50.56, 77.387
3432, 50.59, 77.404
3433, 50.63, 77.421
3434, 50.66, 77.437
3435, 50.74, 77.471
3436, 50.78, 77.487
3437, 50.81, 77.504
3438, 50.85, 77.521
3439, 50.89, 77.537
3440, 50.92, 77.554
3441, 51, 77.587
3442, 51.04, 77.604
3443, 51.08, 77.621
3444, 51.11, 77.637
3445, 51.15, 77.654
3446, 51.22, 77.687
3447, 51.26, 77.704
3448, 51.3, 77.721
3449, 51.33, 77.737
3450, 51.37, 77.754
3451, 51.4, 77.771
3452, 51.47, 77.804
3453, 51.52, 77.821
3454, 51.56, 77.837
3455, 51.59, 77.854
3456, 51.63, 77.871
3457, 51.67, 77.887
3458, 51.71, 77.904
3459, 51.78, 77.937
3460, 51.81, 77.954
3461, 51.85, 77.971
3462, 51.88, 77.987
3463, 51.92, 78.004
3464, 51.96, 78.021
3465, 52, 78.037
3466, 52.08, 78.071
3467, 52.11, 78.087
3468, 52.15, 78.104
3469, 52.18, 78.121
3470, 52.22, 78.137
3471, 52.26, 78.154
3472, 52.29, 78.171
3473, 52.37, 78.204
3474, 52.41, 78.221
3475, 52.44, 78.237
3476, 52.48, 78.254
3477, 52.51, 78.271
3478, 52.55, 78.287
3479, 52.59, 78.304
3480, 52.62, 78.321
3481, 52.7, 78.354
3482, 52.74, 78.371
3483, 52.77, 78.387
3484, 52.81, 78.404
3485, 52.85, 78.421
3486, 52.89, 78.437
3487, 52.92, 78.454
3488, 52.96, 78.471
3489, 53.03, 78.504
3490, 53.06, 78.521
3491, 53.1, 78.537
3492, 53.14, 78.554
3493, 53.18, 78.571
3494, 53.21, 78.587
3495, 53.25, 78.604
3496, 53.29, 78.621
3497, 53.33, 78.637
3498, 53.4, 78.671
3499, 53.44, 78.687
3500, 53.47, 78.704
3501, 53.51, 78.721
3502, 53.55, 78.737
3503, 53.58, 78.754
3504, 53.62, 78.771
3505, 53.65, 78.787
3506, 53.69, 78.804
3507, 53.77, 78.837
3508, 53.8, 78.854
3509, 53.84, 78.871
3510, 53.87, 78.887
3511, 53.91, 78.904
3512, 53.95, 78.921
3513, 53.98, 78.937
3514, 54.02, 78.954
3515, 54.05, 78.971
3516, 54.09, 78.987
3517, 54.15, 79.021
3518, 54.19, 79.037
3519, 54.23, 79.054
3520, 54.26, 79.071
3521, 54.3, 79.087
3522, 54.33, 79.104
3523, 54.37, 79.121
3524, 54.4, 79.137
3525, 54.43, 79.154
3526, 54.47, 79.171
3527, 54.5, 79.187
3528, 54.58, 79.221
3529, 54.61, 79.237
3530, 54.64, 79.254
3531, 54.68, 79.271
3532, 54.71, 79.287
3533, 54.74, 79.304
3534, 54.77, 79.321
3535, 54.81, 79.337
3536, 54.85, 79.354
3537, 54.88, 79.371
3538, 54.92, 79.387
3539, 54.99, 79.421
3540, 55.02, 79.437
3541, 55.05, 79.454
3542, 55.08, 79.471
3543, 55.12, 79.487
3544, 55.15, 79.504
3545, 55.19, 79.521
3546, 55.22, 79.537
3547, 55.26, 79.554
3548, 55.29, 79.571
3549, 55.33, 79.587
3550, 55.36, 79.604
3551, 55.43, 79.637
3552, 55.46, 79.654
3553, 55.49, 79.671
3554, 55.53, 79.687
3555, 55.56, 79.704
3556, 55.6, 79.721
3557, 55.63, 79.737
3558, 55.66, 79.754
3559, 55.7, 79.771
3560, 55.73, 79.787
3561, 55.76, 79.804
3562, 55.79, 79.821
3563, 55.82, 79.837
3564, 55.88, 79.871
3565, 55.91, 79.887
3566, 55.95, 79.904
3567, 55.98, 79.921
3568, 56.01, 79.937
3569, 56.05, 79.954
3570, 56.08, 79.971
3571, 56.11, 79.987
3572, 56.14, 80.004
3573, 56.18, 80.021
3574, 56.21, 80.037
3575, 56.23, 80.054
3576, 56.26, 80.071
3577, 56.28, 80.087
3578, 56.31, 80.104
3579, 56.38, 80.137
3580, 56.42, 80.154
3581, 56.45, 80.171
3582, 56.48, 80.187
3583, 56.51, 80.204
3584, 56.54, 80.221
3585, 56.57, 80.237
3586, 56.6, 80.254
3587, 56.63, 80.271
3588, 56.65, 80.287
3589, 56.68, 80.304
3590, 56.72, 80.321
3591, 56.75, 80.337
3592, 56.78, 80.354
3593, 56.81, 80.371
3594, 56.84, 80.387
3595, 56.91, 80.421
3596, 56.94, 80.437
3597, 56.97, 80.454
3598, 57, 80.471
3599, 57.02, 80.487
3600, 57.05, 80.504
3601, 57.08, 80.521
3602, 57.11, 80.537
3603, 57.15, 80.554
3604, 57.18, 80.571
3605, 57.21, 80.587
3606, 57.24, 80.604
3607, 57.28, 80.621
3608, 57.31, 80.637
3609, 57.33, 80.654
3610, 57.37, 80.671
3611, 57.4, 80.687
3612, 57.43, 80.704
3613, 57.46, 80.721
3614, 57.52, 80.754
3615, 57.55, 80.771
3616, 57.58, 80.787
3617, 57.6, 80.804
3618, 57.63, 80.821
3619, 57.67, 80.837
3620, 57.7, 80.854
3621, 57.74, 80.871
3622, 57.77, 80.887
3623, 57.8, 80.904
3624, 57.83, 80.921
3625, 57.86, 80.937
3626, 57.88, 80.954
3627, 57.92, 80.971
3628, 57.95, 80.987
3629, 57.99, 81.004
3630, 58.03, 81.021
3631, 58.06, 81.037
3632, 58.09, 81.054
3633, 58.12, 81.071
3634, 58.15, 81.087
3635, 58.18, 81.104
3636, 58.22, 81.121
3637, 58.25, 81.137
3638, 58.29, 81.154
3639, 58.32, 81.171
3640, 58.35, 81.187
3641, 58.38, 81.204
3642, 58.41, 81.221
3643, 58.45, 81.237
3644, 58.49, 81.254
3645, 58.55, 81.287
3646, 58.58, 81.304
3647, 58.62, 81.321
3648, 58.65, 81.337
3649, 58.68, 81.354
3650, 58.72, 81.371
3651, 58.75, 81.387
3652, 58.78, 81.404
3653, 58.81, 81.421
3654, 58.85, 81.437
3655, 58.88, 81.454
3656, 58.92, 81.471
3657, 58.95, 81.487
3658, 58.98, 81.504
3659, 59.02, 81.521
3660, 59.05, 81.537
3661, 59.08, 81.554
3662, 59.12, 81.571
3663, 59.15, 81.587
3664, 59.18, 81.604
3665, 59.21, 81.621
3666, 59.25, 81.637
3667, 59.28, 81.654
3668, 59.31, 81.671
3669, 59.35, 81.687
3670, 59.38, 81.704
3671, 59.42, 81.721
3672, 59.45, 81.737
3673, 59.49, 81.754
3674, 59.53, 81.771
3675, 59.56, 81.787
3676, 59.59, 81.804
3677, 59.62, 81.821
3678, 59.66, 81.837
3679, 59.69, 81.854
3680, 59.73, 81.871
3681, 59.76, 81.887
3682, 59.79, 81.904
3683, 59.83, 81.921
3684, 59.86, 81.937
3685, 59.89, 81.954
3686, 59.92, 81.971
3687, 59.96, 81.987
3688, 59.99, 82.004
3689, 60.03, 82.021
3690, 60.06, 82.037
3691, 60.09, 82.054
3692, 60.12, 82.071
3693, 60.15, 82.087
3694, 60.18, 82.104
3695, 60.22, 82.121
3696, 60.24, 82.137
3697, 60.27, 82.154
3698, 60.29, 82.171
3699, 60.32, 82.187
3700, 60.33, 82.204
3701, 60.35, 82.221
3702, 60.37, 82.237
3703, 60.34, 82.254
3704, 60.3, 82.271
3705, 60.4, 82.287
3706, 60.45, 82.304
3707, 60.42, 82.321
3708, 60.47, 82.337
3709, 60.51, 82.354
3710, 60.53, 82.371
3711, 60.55, 82.387
3712, 60.59, 82.404
3713, 60.62, 82.421
3714, 60.65, 82.437
3715, 60.68, 82.454
3716, 60.71, 82.471
3717, 60.73, 82.487
3718, 60.76, 82.504
3719, 60.76, 82.504
3720, 60.79, 82.521
3721, 60.82, 82.537
3722, 60.84, 82.554
3723, 60.87, 82.571
3724, 60.9, 82.587
3725, 60.93, 82.604
3726, 60.95, 82.621
3727, 60.98, 82.637
3728, 61.01, 82.654
3729, 61.03, 82.671
3730, 61.06, 82.687
3731, 61.09, 82.704
3732, 61.12, 82.721
3733, 61.14, 82.737
3734, 61.17, 82.754
3735, 61.2, 82.771
3736, 61.22, 82.787
3737, 61.25, 82.804
3738, 61.28, 82.821
3739, 61.3, 82.837
3740, 61.33, 82.854
3741, 61.36, 82.871
3742, 61.39, 82.887
3743, 61.41, 82.904
3744, 61.44, 82.921
3745, 61.47, 82.937
3746, 61.5, 82.954
3747, 61.52, 82.971
3748, 61.55, 82.987
3749, 61.57, 83.004
3750, 61.6, 83.021
3751, 61.63, 83.037
3752, 61.65, 83.054
3753, 61.68, 83.071
3754, 61.71, 83.087
3755, 61.74, 83.104
3756, 61.77, 83.121
3757, 61.79, 83.137
3758, 61.82, 83.154
3759, 61.84, 83.171
3760, 61.86, 83.187
3761, 61.89, 83.204
3762, 61.89, 83.204
3763, 61.92, 83.221
3764, 61.94, 83.237
3765, 61.97, 83.254
3766, 62, 83.271
3767, 62.03, 83.287
3768, 62.05, 83.304
3769, 62.08, 83.321
3770, 62.1, 83.337
3771, 62.13, 83.354
3772, 62.16, 83.371
3773, 62.18, 83.387
3774, 62.21, 83.404
3775, 62.23, 83.421
3776, 62.26, 83.437
3777, 62.29, 83.454
3778, 62.32, 83.471
3779, 62.34, 83.487
3780, 62.37, 83.504
3781, 62.4, 83.521
3782, 62.42, 83.537
3783, 62.45, 83.554
3784, 62.48, 83.571
3785, 62.51, 83.587
3786, 62.54, 83.604
3787, 62.57, 83.621
3788, 62.59, 83.637
3789, 62.62, 83.654
3790, 62.62, 83.654
3791, 62.64, 83.671
3792, 62.67, 83.687
3793, 62.7, 83.704
3794, 62.73, 83.721
3795, 62.76, 83.737
3796, 62.79, 83.754
3797, 62.81, 83.771
3798, 62.84, 83.787
3799, 62.87, 83.804
3800, 62.89, 83.821
3801, 62.92, 83.837
3802, 62.95, 83.854
3803, 62.97, 83.871
3804, 63, 83.887
3805, 63.03, 83.904
3806, 63.06, 83.921
3807, 63.08, 83.937
3808, 63.11, 83.954
3809, 63.13, 83.971
3810, 63.13, 83.971
3811, 63.16, 83.987
3812, 63.19, 84.004
3813, 63.22, 84.021
3814, 63.25, 84.037
3815, 63.27, 84.054
3816, 63.3, 84.071
3817, 63.33, 84.087
3818, 63.35, 84.104
3819, 63.38, 84.121
3820, 63.41, 84.137
3821, 63.44, 84.154
3822, 63.46, 84.171
3823, 63.49, 84.187
3824, 63.51, 84.204
3825, 63.54, 84.221
3826, 63.54, 84.221
3827, 63.57, 84.237
3828, 63.59, 84.254
3829, 63.62, 84.271
3830, 63.64, 84.287
3831, 63.67, 84.304
3832, 63.7, 84.321
3833, 63.72, 84.337
3834, 63.75, 84.354
3835, 63.77, 84.371
3836, 63.8, 84.387
3837, 63.82, 84.404
3838, 63.85, 84.421
3839, 63.87, 84.437
3840, 63.87, 84.437
3841, 63.89, 84.454
3842, 63.91, 84.471
3843, 63.93, 84.487
3844, 63.96, 84.504
3845, 63.99, 84.521
3846, 64.01, 84.537
3847, 64.04, 84.554
3848, 64.06, 84.571
3849, 64.09, 84.587
3850, 64.11, 84.604
3851, 64.13, 84.621
3852, 64.16, 84.637
3853, 64.16, 84.637
3854, 64.18, 84.654
3855, 64.2, 84.671
3856, 64.23, 84.687
3857, 64.25, 84.704
3858, 64.27, 84.721
3859, 64.29, 84.737
3860, 64.32, 84.754
3861, 64.34, 84.771
3862, 64.35, 84.787
3863, 64.37, 84.804
3864, 64.39, 84.821
3865, 64.39, 84.821
3866, 64.41, 84.837
3867, 64.43, 84.854
3868, 64.46, 84.871
3869, 64.48, 84.887
3870, 64.5, 84.904
3871, 64.53, 84.921
3872, 64.55, 84.937
3873, 64.57, 84.954
3874, 64.59, 84.971
3875, 64.61, 84.987
3876, 64.63, 85.004
3877, 64.63, 85.004
3878, 64.66, 85.021
3879, 64.68, 85.037
3880, 64.7, 85.054
3881, 64.72, 85.071
3882, 64.74, 85.087
3883, 64.77, 85.104
3884, 64.79, 85.121
3885, 64.81, 85.137
3886, 64.84, 85.154
3887, 64.86, 85.171
3888, 64.88, 85.187
3889, 64.9, 85.204
3890, 64.9, 85.204
3891, 64.92, 85.221
3892, 64.94, 85.237
3893, 64.96, 85.254
3894, 64.98, 85.271
3895, 65, 85.287
3896, 65.02, 85.304
3897, 65.05, 85.321
3898, 65.07, 85.337
3899, 65.09, 85.354
3900, 65.12, 85.371
3901, 65.14, 85.387
3902, 65.14, 85.387
3903, 65.16, 85.404
3904, 65.18, 85.421
3905, 65.2, 85.437
3906, 65.23, 85.454
3907, 65.25, 85.471
3908, 65.27, 85.487
3909, 65.28, 85.504
3910, 65.3, 85.521
3911, 65.33, 85.537
3912, 65.35, 85.554
3913, 65.35, 85.554
3914, 65.37, 85.571
3915, 65.4, 85.587
3916, 65.42, 85.604
3917, 65.44, 85.621
3918, 65.46, 85.637
3919, 65.48, 85.654
3920, 65.5, 85.671
3921, 65.52, 85.687
3922, 65.55, 85.704
3923, 65.57, 85.721
3924, 65.59, 85.737
3925, 65.59, 85.737
3926, 65.61, 85.754
3927, 65.63, 85.771
3928, 65.65, 85.787
3929, 65.67, 85.804
3930, 65.7, 85.821
3931, 65.72, 85.837
3932, 65.74, 85.854
3933, 65.76, 85.871
3934, 65.78, 85.887
3935, 65.78, 85.887
3936, 65.8, 85.904
3937, 65.83, 85.921
3938, 65.85, 85.937
3939, 65.87, 85.954
3940, 65.9, 85.971
3941, 65.92, 85.987
3942, 65.94, 86.004
3943, 65.96, 86.021
3944, 65.98, 86.037
3945, 66, 86.054
3946, 66, 86.054
3947, 66.02, 86.071
3948, 66.04, 86.087
3949, 66.06, 86.104
3950, 66.08, 86.121
3951, 66.1, 86.137
3952, 66.12, 86.154
3953, 66.14, 86.171
3954, 66.16, 86.187
3955, 66.18, 86.204
3956, 66.18, 86.204
3957, 66.2, 86.221
3958, 66.22, 86.237
3959, 66.25, 86.254
3960, 66.27, 86.271
3961, 66.28, 86.287
3962, 66.3, 86.304
3963, 66.32, 86.321
3964, 66.33, 86.337
3965, 66.35, 86.354
3966, 66.35, 86.354
3967, 66.36, 86.371
3968, 66.38, 86.387
3969, 66.4, 86.404
3970, 66.42, 86.421
3971, 66.44, 86.437
3972, 66.46, 86.454
3973, 66.48, 86.471
3974, 66.5, 86.487
3975, 66.52, 86.504
3976, 66.52, 86.504
3977, 66.53, 86.521
3978, 66.55, 86.537
3979, 66.58, 86.554
3980, 66.59, 86.571
3981, 66.61, 86.587
3982, 66.63, 86.604
3983, 66.64, 86.621
3984, 66.66, 86.637
3985, 66.68, 86.654
3986, 66.68, 86.654
3987, 66.7, 86.671
3988, 66.72, 86.687
3989, 66.74, 86.704
3990, 66.76, 86.721
3991, 66.78, 86.737
3992, 66.8, 86.754
3993, 66.82, 86.771
3994, 66.84, 86.787
3995, 66.84, 86.787
3996, 66.86, 86.804
3997, 66.88, 86.821
3998, 66.9, 86.837
3999, 66.91, 86.854
4000, 66.93, 86.871
4001, 66.95, 86.887
4002, 66.98, 86.904
4003, 67, 86.921
4004, 67, 86.921
4005, 67.02, 86.937
4006, 67.03, 86.954
4007, 67.05, 86.971
4008, 67.07, 86.987
4009, 67.09, 87.004
4010, 67.12, 87.021
4011, 67.14, 87.037
4012, 67.15, 87.054
4013, 67.17, 87.071
4014, 67.17, 87.071
4015, 67.19, 87.087
4016, 67.21, 87.104
4017, 67.23, 87.121
4018, 67.25, 87.137
4019, 67.27, 87.154
4020, 67.29, 87.171
4021, 67.3, 87.187
4022, 67.32, 87.204
4023, 67.32, 87.204
4024, 67.34, 87.221
4025, 67.35, 87.237
4026, 67.37, 87.254
4027, 67.39, 87.271
4028, 67.41, 87.287
4029, 67.43, 87.304
4030, 67.44, 87.321
4031, 67.44, 87.321
4032, 67.46, 87.337
4033, 67.48, 87.354
4034, 67.5, 87.371
4035, 67.51, 87.387
4036, 67.53, 87.404
4037, 67.55, 87.421
4038, 67.56, 87.437
4039, 67.58, 87.454
4040, 67.58, 87.454
4041, 67.6, 87.471
4042, 67.62, 87.487
4043, 67.64, 87.504
4044, 67.66, 87.521
4045, 67.68, 87.537
4046, 67.7, 87.554
4047, 67.71, 87.571
4048, 67.73, 87.587
4049, 67.73, 87.587
4050, 67.75, 87.604
4051, 67.76, 87.621
4052, 67.78, 87.637
4053, 67.8, 87.654
4054, 67.81, 87.671
4055, 67.83, 87.687
4056, 67.84, 87.704
4057, 67.84, 87.704
4058, 67.86, 87.721
4059, 67.88, 87.737
4060, 67.9, 87.754
4061, 67.91, 87.771
4062, 67.93, 87.787
4063, 67.95, 87.804
4064, 67.96, 87.821
4065, 67.98, 87.837
4066, 67.98, 87.837
4067, 67.99, 87.854
4068, 68, 87.871
4069, 68.02, 87.887
4070, 68.03, 87.904
4071, 68.05, 87.921
4072, 68.07, 87.937
4073, 68.08, 87.954
4074, 68.08, 87.954
4075, 68.09, 87.971
4076, 68.09, 87.987
4077, 68.1, 88.004
4078, 68.12, 88.021
4079, 68.13, 88.037
4080, 68.16, 88.054
4081, 68.18, 88.071
4082, 68.19, 88.087
4083, 68.19, 88.087
4084, 68.21, 88.104
4085, 68.22, 88.121
4086, 68.23, 88.137
4087, 68.25, 88.154
4088, 68.26, 88.171
4089, 68.28, 88.187
4090, 68.29, 88.204
4091, 68.29, 88.204
4092, 68.3, 88.221
4093, 68.32, 88.237
4094, 68.34, 88.254
4095, 68.36, 88.271
4096, 68.37, 88.287
4097, 68.39, 88.304
4098, 68.4, 88.321
4099, 68.4, 88.321
4100, 68.42, 88.337
4101, 68.43, 88.354
4102, 68.45, 88.371
4103, 68.46, 88.387
4104, 68.47, 88.404
4105, 68.48, 88.421
4106, 68.5, 88.437
4107, 68.5, 88.437
4108, 68.51, 88.454
4109, 68.53, 88.471
4110, 68.54, 88.487
4111, 68.55, 88.504
4112, 68.57, 88.521
4113, 68.58, 88.537
4114, 68.59, 88.554
4115, 68.59, 88.554
4116, 68.61, 88.571
4117, 68.62, 88.587
4118, 68.63, 88.604
4119, 68.65, 88.621
4120, 68.66, 88.637
4121, 68.67, 88.654
4122, 68.68, 88.671
4123, 68.68, 88.671
4124, 68.69, 88.687
4125, 68.71, 88.704
4126, 68.72, 88.721
4127, 68.73, 88.737
4128, 68.75, 88.754
4129, 68.76, 88.771
4130, 68.77, 88.787
4131, 68.77, 88.787
4132, 68.79, 88.804
4133, 68.8, 88.821
4134, 68.81, 88.837
4135, 68.82, 88.854
4136, 68.83, 88.871
4137, 68.84, 88.887
4138, 68.85, 88.904
4139, 68.85, 88.904
4140, 68.86, 88.921
4141, 68.87, 88.937
4142, 68.88, 88.954
4143, 68.9, 88.971
4144, 68.91, 88.987
4145, 68.92, 89.004
4146, 68.92, 89.004
4147, 68.93, 89.021
4148, 68.94, 89.037
4149, 68.95, 89.054
4150, 68.96, 89.071
4151, 68.97, 89.087
4152, 68.98, 89.104
4153, 68.99, 89.121
4154, 68.99, 89.121
4155, 69, 89.137
4156, 69.01, 89.154
4157, 69.02, 89.171
4158, 69.03, 89.187
4159, 69.04, 89.204
4160, 69.06, 89.221
4161, 69.07, 89.237
4162, 69.07, 89.237
4163, 69.08, 89.254
4164, 69.08, 89.271
4165, 69.09, 89.287
4166, 69.1, 89.304
4167, 69.11, 89.321
4168, 69.12, 89.337
4169, 69.12, 89.337
4170, 69.12, 89.354
4171, 69.13, 89.371
4172, 69.14, 89.387
4173, 69.15, 89.404
4174, 69.16, 89.421
4175, 69.16, 89.437
4176, 69.17, 89.454
4177, 69.17, 89.454
4178, 69.18, 89.471
4179, 69.19, 89.487
4180, 69.2, 89.504
4181, 69.21, 89.521
4182, 69.21, 89.537
4183, 69.22, 89.554
4184, 69.22, 89.554
4185, 69.23, 89.571
4186, 69.24, 89.587
4187, 69.25, 89.604
4188, 69.26, 89.621
4189, 69.27, 89.637
4190, 69.28, 89.654
4191, 69.28, 89.671
4192, 69.28, 89.671
4193, 69.28, 89.687
4194, 69.29, 89.704
4195, 69.29, 89.721
4196, 69.3, 89.737
4197, 69.31, 89.754
4198, 69.32, 89.771
4199, 69.32, 89.771
4200, 69.33, 89.787
4201, 69.34, 89.804
4202, 69.35, 89.821
4203, 69.36, 89.837
4204, 69.36, 89.854
4205, 69.37, 89.871
4206, 69.37, 89.887
4207, 69.37, 89.887
4208, 69.38, 89.904
4209, 69.39, 89.921
4210, 69.4, 89.937
4211, 69.41, 89.954
4212, 69.42, 89.971
4213, 69.42, 89.987
4214, 69.42, 89.987
4215, 69.43, 90.004
4216, 69.44, 90.021
4217, 69.45, 90.037
4218, 69.46, 90.054
4219, 69.46, 90.071
4220, 69.47, 90.087
4221, 69.48, 90.104
4222, 69.48, 90.104
