0, 58.94, 147.705
1, 58.97, 147.722
2, 59.01, 147.738
3, 59.05, 147.755
4, 59.09, 147.772
5, 59.13, 147.788
6, 59.18, 147.805
7, 59.22, 147.822
8, 59.26, 147.838
9, 59.29, 147.855
10, 59.32, 147.872
11, 59.41, 147.905
12, 59.46, 147.922
13, 59.51, 147.938
14, 59.55, 147.955
15, 59.59, 147.972
16, 59.63, 147.988
17, 59.67, 148.005
18, 59.7, 148.022
19, 59.73, 148.038
20, 59.76, 148.055
21, 59.81, 148.072
22, 59.85, 148.088
23, 59.89, 148.105
24, 59.93, 148.122
25, 59.97, 148.138
26, 60, 148.155
27, 60.04, 148.172
28, 60.07, 148.188
29, 60.11, 148.205
30, 60.08, 148.222
31, 60.03, 148.238
32, 60.14, 148.255
33, 60.21, 148.272
34, 60.18, 148.288
35, 60.23, 148.305
36, 60.28, 148.322
37, 60.3, 148.338
38, 60.32, 148.355
39, 60.37, 148.372
40, 60.4, 148.388
41, 60.43, 148.405
42, 60.47, 148.422
43, 60.51, 148.438
44, 60.54, 148.455
45, 60.57, 148.472
46, 60.61, 148.488
47, 60.61, 148.488
48, 60.64, 148.505
49, 60.66, 148.522
50, 60.69, 148.538
51, 60.72, 148.555
52, 60.75, 148.572
53, 60.78, 148.588
54, 60.82, 148.605
55, 60.85, 148.622
56, 60.88, 148.638
57, 60.9, 148.655
58, 60.93, 148.672
59, 60.95, 148.688
60, 60.98, 148.705
61, 61.01, 148.722
62, 61.06, 148.738
63, 61.1, 148.755
64, 61.12, 148.772
65, 61.14, 148.788
66, 61.17, 148.805
67, 61.2, 148.822
68, 61.24, 148.838
69, 61.27, 148.855
70, 61.29, 148.872
71, 61.31, 148.888
72, 61.35, 148.905
73, 61.38, 148.922
74, 61.41, 148.938
75, 61.44, 148.955
76, 61.47, 148.972
77, 61.5, 148.988
78, 61.53, 149.005
79, 61.56, 149.022
80, 61.6, 149.038
81, 61.63, 149.055
82, 61.64, 149.072
83, 61.66, 149.088
84, 61.69, 149.105
85, 61.72, 149.122
86, 61.76, 149.138
87, 61.79, 149.155
88, 61.81, 149.172
89, 61.83, 149.188
90, 61.86, 149.205
91, 61.9, 1.537
92, 61.92, 1.554
93, 61.95, 1.57
94, 61.99, 1.587
95, 61.99, 1.587
96, 62.01, 1.604
97, 62.03, 1.62
98, 62.06, 1.637
99, 62.1, 1.654
100, 62.12, 1.67
101, 62.15, 1.687
102, 62.17, 1.704
103, 62.21, 1.72
104, 62.24, 1.737
105, 62.27, 1.754
106, 62.3, 1.77
107, 62.32, 1.787
108, 62.35, 1.804
109, 62.39, 1.82
110, 62.42, 1.837
111, 62.44, 1.854
112, 62.47, 1.87
113, 62.5, 1.887
114, 62.52, 1.904
115, 62.55, 1.92
116, 62.58, 1.937
117, 62.61, 1.954
118, 62.65, 1.97
119, 62.67, 1.987
120, 62.69, 2.004
121, 62.69, 2.004
122, 62.7, 2.02
123, 62.73, 2.037
124, 62.73, 2.054
125, 62.78, 2.07
126, 62.85, 2.087
127, 62.9, 2.104
128, 62.89, 2.12
129, 62.91, 2.137
130, 62.95, 2.154
131, 62.97, 2.17
132, 62.99, 2.187
133, 63.02, 2.204
134, 63.06, 2.22
135, 63.09, 2.237
136, 63.12, 2.254
137, 63.14, 2.27
138, 63.17, 2.287
139, 63.19, 2.304
140, 63.21, 2.32
141, 63.24, 2.337
142, 63.24, 2.337
143, 63.27, 2.354
144, 63.29, 2.37
145, 63.31, 2.387
146, 63.34, 2.404
147, 63.38, 2.42
148, 63.4, 2.437
149, 63.42, 2.454
150, 63.44, 2.47
151, 63.47, 2.487
152, 63.49, 2.504
153, 63.51, 2.52
154, 63.54, 2.537
155, 63.57, 2.554
156, 63.59, 2.57
157, 63.61, 2.587
158, 63.64, 2.604
159, 63.66, 2.62
160, 63.68, 2.637
161, 63.68, 2.637
162, 63.71, 2.654
163, 63.73, 2.67
164, 63.76, 2.687
165, 63.78, 2.704
166, 63.81, 2.72
167, 63.84, 2.737
168, 63.86, 2.754
169, 63.88, 2.77
170, 63.9, 2.787
171, 63.92, 2.804
172, 63.95, 2.82
173, 63.98, 2.837
174, 64, 2.854
175, 64.03, 2.87
176, 64.05, 2.887
177, 64.05, 2.887
178, 64.07, 2.904
179, 64.1, 2.92
180, 64.12, 2.937
181, 64.14, 2.954
182, 64.16, 2.97
183, 64.19, 2.987
184, 64.21, 3.004
185, 64.24, 3.02
186, 64.27, 3.037
187, 64.29, 3.054
188, 64.3, 3.07
189, 64.33, 3.087
190, 64.35, 3.104
191, 64.37, 3.12
192, 64.37, 3.12
193, 64.39, 3.137
194, 64.42, 3.154
195, 64.44, 3.17
196, 64.47, 3.187
197, 64.49, 3.204
198, 64.51, 3.22
199, 64.54, 3.237
200, 64.56, 3.254
201, 64.58, 3.27
202, 64.61, 3.287
203, 64.63, 3.304
204, 64.65, 3.32
205, 64.68, 3.337
206, 64.7, 3.354
207, 64.7, 3.354
208, 64.73, 3.37
209, 64.75, 3.387
210, 64.77, 3.404
211, 64.79, 3.42
212, 64.82, 3.437
213, 64.84, 3.454
214, 64.87, 3.47
215, 64.9, 3.487
216, 64.92, 3.504
217, 64.94, 3.52
218, 64.95, 3.537
219, 64.97, 3.554
220, 64.97, 3.554
221, 64.99, 3.57
222, 65.02, 3.587
223, 65.05, 3.604
224, 65.07, 3.62
225, 65.09, 3.637
226, 65.11, 3.654
227, 65.13, 3.67
228, 65.15, 3.687
229, 65.18, 3.704
230, 65.21, 3.72
231, 65.23, 3.737
232, 65.24, 3.754
233, 65.24, 3.754
234, 65.27, 3.77
235, 65.29, 3.787
236, 65.31, 3.804
237, 65.33, 3.82
238, 65.36, 3.837
239, 65.38, 3.854
240, 65.4, 3.87
241, 65.43, 3.887
242, 65.45, 3.904
243, 65.46, 3.92
244, 65.48, 3.937
245, 65.48, 3.937
246, 65.51, 3.954
247, 65.53, 3.97
248, 65.56, 3.987
249, 65.58, 4.004
250, 65.61, 4.02
251, 65.63, 4.037
252, 65.65, 4.054
253, 65.68, 4.07
254, 65.7, 4.087
255, 65.71, 4.104
256, 65.71, 4.104
257, 65.73, 4.12
258, 65.75, 4.137
259, 65.77, 4.154
260, 65.79, 4.17
261, 65.81, 4.187
262, 65.84, 4.204
263, 65.86, 4.22
264, 65.88, 4.237
265, 65.89, 4.254
266, 65.91, 4.27
267, 65.92, 4.287
268, 65.92, 4.287
269, 65.94, 4.304
270, 65.96, 4.32
271, 65.97, 4.337
272, 65.99, 4.354
273, 66.01, 4.37
274, 66.03, 4.387
275, 66.05, 4.404
276, 66.07, 4.42
277, 66.08, 4.437
278, 66.1, 4.454
279, 66.1, 4.454
280, 66.12, 4.47
281, 66.14, 4.487
282, 66.16, 4.504
283, 66.18, 4.52
284, 66.2, 4.537
285, 66.22, 4.554
286, 66.24, 4.57
287, 66.26, 4.587
288, 66.28, 4.604
289, 66.28, 4.604
290, 66.3, 4.62
291, 66.32, 4.637
292, 66.34, 4.654
293, 66.35, 4.67
294, 66.37, 4.687
295, 66.38, 4.704
296, 66.4, 4.72
297, 66.41, 4.737
298, 66.44, 4.754
299, 66.47, 4.77
300, 66.47, 4.77
301, 66.5, 4.787
302, 66.53, 4.804
303, 66.55, 4.82
304, 66.55, 4.837
305, 66.56, 4.854
306, 66.58, 4.87
307, 66.6, 4.887
308, 66.62, 4.904
309, 66.64, 4.92
310, 66.64, 4.92
311, 66.66, 4.937
312, 66.68, 4.954
313, 66.7, 4.97
314, 66.73, 4.987
315, 66.74, 5.004
316, 66.75, 5.02
317, 66.77, 5.037
318, 66.79, 5.054
319, 66.79, 5.054
320, 66.81, 5.07
321, 66.83, 5.087
322, 66.85, 5.104
323, 66.86, 5.12
324, 66.87, 5.137
325, 66.89, 5.154
326, 66.92, 5.17
327, 66.94, 5.187
328, 66.97, 5.204
329, 66.97, 5.204
330, 66.98, 5.22
331, 67, 5.237
332, 67.02, 5.254
333, 67.04, 5.27
334, 67.05, 5.287
335, 67.08, 5.304
336, 67.1, 5.32
337, 67.12, 5.337
338, 67.14, 5.354
339, 67.14, 5.354
340, 67.16, 5.37
341, 67.17, 5.387
342, 67.19, 5.404
343, 67.21, 5.42
344, 67.24, 5.437
345, 67.26, 5.454
346, 67.27, 5.47
347, 67.28, 5.487
348, 67.28, 5.487
349, 67.3, 5.504
350, 67.31, 5.52
351, 67.34, 5.537
352, 67.36, 5.554
353, 67.38, 5.57
354, 67.39, 5.587
355, 67.41, 5.604
356, 67.43, 5.62
357, 67.43, 5.62
358, 67.45, 5.637
359, 67.48, 5.654
360, 67.5, 5.67
361, 67.51, 5.687
362, 67.53, 5.704
363, 67.55, 5.72
364, 67.57, 5.737
365, 67.59, 5.754
366, 67.59, 5.754
367, 67.61, 5.77
368, 67.63, 5.787
369, 67.64, 5.804
370, 67.65, 5.82
371, 67.66, 5.837
372, 67.68, 5.854
373, 67.7, 5.87
374, 67.7, 5.87
375, 67.72, 5.887
376, 67.74, 5.904
377, 67.76, 5.92
378, 67.77, 5.937
379, 67.78, 5.954
380, 67.8, 5.97
381, 67.82, 5.987
382, 67.85, 6.004
383, 67.85, 6.004
384, 67.86, 6.02
385, 67.87, 6.037
386, 67.88, 6.054
387, 67.9, 6.07
388, 67.92, 6.087
389, 67.95, 6.104
390, 67.97, 6.12
391, 67.97, 6.12
392, 67.98, 6.137
393, 67.99, 6.154
394, 68.01, 6.17
395, 68.02, 6.187
396, 68.04, 6.204
397, 68.06, 6.22
398, 68.07, 6.237
399, 68.07, 6.237
400, 68.09, 6.254
401, 68.11, 6.27
402, 68.13, 6.287
403, 68.14, 6.304
404, 68.16, 6.32
405, 68.17, 6.337
406, 68.18, 6.354
407, 68.2, 6.37
408, 68.2, 6.37
409, 68.22, 6.387
410, 68.23, 6.404
411, 68.24, 6.42
412, 68.26, 6.437
413, 68.27, 6.454
414, 68.29, 6.47
415, 68.31, 6.487
416, 68.31, 6.487
417, 68.33, 6.504
418, 68.34, 6.52
419, 68.36, 6.537
420, 68.38, 6.554
421, 68.4, 6.57
422, 68.42, 6.587
423, 68.43, 6.604
424, 68.43, 6.604
425, 68.45, 6.62
426, 68.46, 6.637
427, 68.48, 6.654
428, 68.5, 6.67
429, 68.51, 6.687
430, 68.53, 6.704
431, 68.55, 6.72
432, 68.55, 6.72
433, 68.57, 6.737
434, 68.59, 6.754
435, 68.6, 6.77
436, 68.61, 6.787
437, 68.63, 6.804
438, 68.64, 6.82
439, 68.66, 6.837
440, 68.66, 6.837
441, 68.67, 6.854
442, 68.69, 6.87
443, 68.71, 6.887
444, 68.72, 6.904
445, 68.74, 6.92
446, 68.76, 6.937
447, 68.77, 6.954
448, 68.77, 6.954
449, 68.78, 6.97
450, 68.8, 6.987
451, 68.81, 7.004
452, 68.83, 7.02
453, 68.85, 7.037
454, 68.86, 7.054
455, 68.86, 7.054
456, 68.87, 7.07
457, 68.88, 7.087
458, 68.9, 7.104
459, 68.93, 7.12
460, 68.93, 7.12
461, 68.93, 7.12
462, 68.93, 7.12
463, 68.93, 7.12
464, 68.93, 7.12
465, 68.99, 7.204
466, 69, 7.22
467, 69.01, 7.237
468, 69.02, 7.254
469, 69.04, 7.27
470, 69.05, 7.287
471, 69.05, 7.287
472, 69.07, 7.304
473, 69.09, 7.32
474, 69.1, 7.337
475, 69.1, 7.354
476, 69.12, 7.37
477, 69.13, 7.387
478, 69.13, 7.387
479, 69.15, 7.404
480, 69.16, 7.42
481, 69.17, 7.437
482, 69.18, 7.454
483, 69.2, 7.47
484, 69.22, 7.487
485, 69.24, 7.504
486, 69.24, 7.504
487, 69.24, 7.52
488, 69.25, 7.537
489, 69.27, 7.554
490, 69.28, 7.57
491, 69.3, 7.587
492, 69.32, 7.604
493, 69.32, 7.604
494, 69.33, 7.62
495, 69.34, 7.637
496, 69.36, 7.654
497, 69.38, 7.67
498, 69.39, 7.687
499, 69.41, 7.704
500, 69.42, 7.72
501, 69.42, 7.72
502, 69.43, 7.737
503, 69.45, 7.754
504, 69.46, 7.77
505, 69.48, 7.787
506, 69.49, 7.804
507, 69.5, 7.82
508, 69.5, 7.82
509, 69.52, 7.837
510, 69.53, 7.854
511, 69.55, 7.87
512, 69.55, 7.887
513, 69.56, 7.904
514, 69.57, 7.92
515, 69.57, 7.92
516, 69.59, 7.937
517, 69.61, 7.954
518, 69.62, 7.97
519, 69.63, 7.987
520, 69.64, 8.004
521, 69.65, 8.02
522, 69.66, 8.037
523, 69.66, 8.037
524, 69.67, 8.054
525, 69.67, 8.07
526, 69.68, 8.087
527, 69.69, 8.104
528, 69.71, 8.12
529, 69.73, 8.137
530, 69.73, 8.137
531, 69.75, 8.154
532, 69.68, 8.17
533, 69.62, 8.187
534, 69.7, 8.204
535, 69.71, 8.22
536, 69.72, 8.237
537, 69.72, 8.237
538, 69.72, 8.254
539, 69.72, 8.27
540, 69.72, 8.287
541, 69.73, 8.304
542, 69.75, 8.32
543, 69.76, 8.337
544, 69.76, 8.337
545, 69.77, 8.354
546, 69.78, 8.37
547, 69.78, 8.387
548, 69.79, 8.404
549, 69.79, 8.42
550, 69.78, 8.437
551, 69.78, 8.437
552, 69.78, 8.454
553, 69.79, 8.47
554, 69.81, 8.487
555, 69.84, 8.504
556, 69.85, 8.52
557, 69.84, 8.537
558, 69.84, 8.537
559, 69.84, 8.554
560, 69.83, 8.57
561, 69.84, 8.587
562, 69.84, 8.604
563, 69.85, 8.62
564, 69.86, 8.637
565, 69.87, 8.654
566, 69.87, 8.654
567, 69.86, 8.67
568, 69.86, 8.687
569, 69.86, 8.704
570, 69.85, 8.72
571, 69.85, 8.737
572, 69.84, 8.754
573, 69.84, 8.754
574, 69.83, 8.77
575, 69.83, 8.787
576, 69.83, 8.804
577, 69.82, 8.82
578, 69.81, 8.837
579, 69.8, 8.854
580, 69.8, 8.854
581, 69.79, 8.87
582, 69.78, 8.887
583, 69.77, 8.904
584, 69.76, 8.92
585, 69.74, 8.937
586, 69.72, 8.954
587, 69.72, 8.954
588, 69.71, 8.97
589, 69.69, 8.987
590, 69.67, 9.004
591, 69.66, 9.02
592, 69.63, 9.037
593, 69.61, 9.054
594, 69.61, 9.054
595, 69.58, 9.07
596, 69.53, 9.087
597, 69.47, 9.104
598, 69.39, 9.12
599, 69.29, 9.137
600, 69.17, 9.154
601, 69.17, 9.154
602, 69.04, 9.17
603, 68.89, 9.187
604, 68.71, 9.204
605, 68.53, 9.22
606, 68.29, 9.237
607, 68.03, 9.254
608, 67.8, 9.27
609, 67.55, 9.287
610, 67.55, 9.287
611, 67.27, 9.304
612, 66.97, 9.32
613, 66.63, 9.337
614, 66.26, 9.354
615, 65.89, 9.37
616, 65.53, 9.387
617, 65.13, 9.404
618, 64.71, 9.42
619, 64.32, 9.437
620, 63.91, 9.454
621, 63.91, 9.454
622, 63.51, 9.47
623, 63.1, 9.487
624, 62.7, 9.504
625, 62.36, 9.52
626, 61.99, 9.537
627, 61.53, 9.554
628, 61.07, 9.57
629, 60.6, 9.587
630, 60.16, 9.604
631, 59.76, 9.62
632, 59.32, 9.637
633, 58.91, 9.654
634, 58.52, 9.67
635, 58.13, 9.687
636, 57.73, 9.704
637, 57.32, 9.72
638, 56.87, 9.737
639, 56.44, 9.754
640, 55.67, 9.787
641, 55.24, 9.804
642, 54.85, 9.82
643, 54.48, 9.837
644, 54.09, 9.854
645, 53.71, 9.87
646, 53.34, 9.887
647, 52.99, 9.904
648, 52.66, 9.92
649, 52.03, 9.954
650, 51.69, 9.97
651, 51.33, 9.987
652, 51.01, 10.004
653, 50.72, 10.02
654, 50.41, 10.037
655, 49.73, 10.07
656, 49.4, 10.087
657, 49.15, 10.104
658, 48.9, 10.12
659, 48.57, 10.137
660, 47.87, 10.17
661, 47.5, 10.187
662, 47.17, 10.204
663, 46.86, 10.22
664, 46.28, 10.254
665, 45.97, 10.27
666, 45.64, 10.287
667, 44.92, 10.32
668, 44.61, 10.337
669, 44.31, 10.354
670, 43.7, 10.387
671, 43.38, 10.404
672, 43.05, 10.42
673, 42.44, 10.454
674, 42.16, 10.47
675, 41.5, 10.504
676, 41.18, 10.52
677, 40.62, 10.554
678, 40.32, 10.57
679, 39.68, 10.604
680, 39.38, 10.62
681, 38.85, 10.654
682, 38.6, 10.67
683, 38.06, 10.704
684, 37.79, 10.72
685, 37.33, 10.754
686, 37.14, 10.77
687, 36.76, 10.804
688, 36.32, 10.837
689, 36.15, 10.854
690, 35.84, 10.887
691, 35.55, 10.92
692, 35.42, 10.937
693, 35.12, 10.97
694, 34.85, 11.004
695, 34.63, 11.037
696, 34.49, 11.054
697, 34.27, 11.087
698, 34.12, 11.12
699, 33.9, 11.154
700, 33.76, 11.17
701, 33.56, 11.204
702, 33.39, 11.237
703, 33.19, 11.27
704, 33.06, 11.287
705, 32.83, 11.32
706, 32.7, 11.354
707, 32.54, 11.387
708, 32.44, 11.404
709, 32.3, 11.437
710, 32.21, 11.47
711, 32.1, 11.504
712, 32.01, 11.537
713, 31.92, 11.57
714, 31.87, 11.587
715, 31.77, 11.62
716, 31.66, 11.654
717, 31.57, 11.687
718, 31.46, 11.72
719, 31.36, 11.754
720, 31.26, 11.787
721, 31.15, 11.82
722, 31.04, 11.854
723, 30.94, 11.887
724, 30.88, 11.904
725, 30.79, 11.937
726, 30.69, 11.97
727, 30.57, 12.004
728, 30.5, 12.037
729, 30.45, 12.07
730, 30.5, 12.104
731, 30.51, 12.137
732, 30.53, 12.17
733, 30.51, 12.204
734, 30.51, 12.237
735, 30.48, 12.27
736, 30.5, 12.304
737, 30.5, 12.337
738, 30.46, 12.37
739, 30.44, 12.404
740, 30.39, 12.437
741, 30.34, 12.47
742, 30.31, 12.504
743, 30.25, 12.537
744, 30.16, 12.57
745, 30.09, 12.604
746, 30.1, 12.654
747, 30.11, 12.687
748, 30.09, 12.72
749, 30.09, 12.754
750, 30.29, 12.787
751, 30.52, 12.82
752, 30.5, 12.854
753, 30.56, 12.887
754, 30.58, 12.92
755, 30.76, 12.954
756, 31.05, 12.987
757, 31.11, 13.02
758, 31.16, 13.054
759, 31.23, 13.087
760, 31.37, 13.12
761, 31.59, 13.154
762, 31.65, 13.17
763, 31.75, 13.204
764, 31.9, 13.237
765, 32.04, 13.27
766, 32.22, 13.304
767, 32.43, 13.337
768, 32.64, 13.37
769, 32.93, 13.404
770, 33.06, 13.42
771, 33.26, 13.454
772, 33.46, 13.487
773, 33.69, 13.52
774, 33.93, 13.554
775, 34.05, 13.57
776, 34.27, 13.604
777, 34.44, 13.637
778, 34.59, 13.67
779, 34.69, 13.687
780, 35.01, 13.72
781, 35.25, 13.754
782, 35.33, 13.77
783, 35.52, 13.804
784, 35.74, 13.837
785, 35.85, 13.854
786, 36.09, 13.887
787, 36.31, 13.92
788, 36.43, 13.937
789, 36.65, 13.97
790, 36.84, 14.004
791, 36.92, 14.02
792, 37.11, 14.054
793, 37.33, 14.087
794, 37.46, 14.104
795, 37.71, 14.137
796, 37.81, 14.154
797, 37.99, 14.187
798, 38.08, 14.204
799, 38.27, 14.237
800, 38.47, 14.27
801, 38.57, 14.287
802, 38.76, 14.32
803, 38.85, 14.337
804, 39.04, 14.37
805, 39.13, 14.387
806, 39.11, 14.42
807, 39.23, 14.437
808, 39.48, 14.47
809, 39.54, 14.487
810, 39.72, 14.52
811, 39.79, 14.537
812, 39.98, 14.57
813, 40.07, 14.587
814, 40.21, 14.62
815, 40.29, 14.637
816, 40.41, 14.67
817, 40.44, 14.687
818, 40.4, 14.72
819, 40.36, 14.737
820, 40.28, 14.77
821, 40.2, 14.787
822, 40.02, 14.82
823, 39.99, 14.837
824, 39.9, 14.87
825, 39.82, 14.887
826, 39.65, 14.92
827, 39.57, 14.937
828, 39.37, 14.97
829, 39.24, 14.987
830, 38.97, 15.02
831, 38.65, 15.054
832, 38.48, 15.07
833, 38.09, 15.104
834, 37.87, 15.12
835, 37.41, 15.154
836, 37.18, 15.17
837, 36.7, 15.204
838, 36.21, 15.237
839, 35.96, 15.254
840, 35.37, 15.287
841, 34.79, 15.32
842, 34.53, 15.337
843, 34.01, 15.37
844, 33.51, 15.404
845, 33.04, 15.437
846, 32.67, 15.47
847, 32.5, 15.487
848, 32.17, 15.52
849, 31.79, 15.554
850, 31.43, 15.587
851, 31.12, 15.62
852, 30.79, 15.654
853, 30.44, 15.687
854, 30.13, 15.72
855, 29.78, 15.754
856, 29.46, 15.787
857, 29.03, 15.82
858, 28.66, 15.854
859, 28.31, 15.887
860, 28.01, 15.92
861, 27.76, 15.954
862, 27.48, 15.987
863, 27.01, 16.037
864, 26.72, 16.07
865, 26.36, 16.104
866, 26.04, 16.137
867, 25.63, 16.187
868, 25.32, 16.22
869, 24.97, 16.254
870, 24.41, 16.304
871, 24.05, 16.337
872, 23.57, 16.387
873, 23.23, 16.42
874, 22.75, 16.47
875, 22.34, 16.52
876, 22.07, 16.554
877, 21.71, 16.604
878, 21.41, 16.654
879, 21.16, 16.704
880, 20.95, 16.754
881, 20.81, 16.787
882, 20.62, 16.837
883, 20.4, 16.887
884, 20.21, 16.937
885, 20.04, 16.987
886, 19.87, 17.037
887, 19.73, 17.087
888, 19.59, 17.137
889, 19.45, 17.187
890, 19.3, 17.237
891, 19.2, 17.287
892, 19.1, 17.337
893, 18.99, 17.387
894, 18.88, 17.437
895, 18.76, 17.487
896, 18.64, 17.537
897, 18.52, 17.587
898, 18.36, 17.654
899, 18.19, 17.704
900, 18.13, 17.754
901, 18.13, 17.82
902, 18.22, 17.87
903, 18.37, 17.92
904, 18.41, 17.97
905, 18.6, 18.037
906, 18.75, 18.087
907, 18.93, 18.137
908, 19.07, 18.187
909, 19.19, 18.254
910, 19.38, 18.304
911, 19.7, 18.354
912, 19.98, 18.404
913, 20.29, 18.454
914, 20.72, 18.504
915, 21.1, 18.554
916, 21.39, 18.587
917, 21.81, 18.637
918, 22.27, 18.687
919, 22.74, 18.737
920, 23.03, 18.77
921, 23.51, 18.82
922, 23.8, 18.854
923, 24.23, 18.904
924, 24.55, 18.937
925, 25.03, 18.987
926, 25.34, 19.02
927, 25.82, 19.07
928, 26.12, 19.104
929, 26.36, 19.137
930, 26.52, 19.17
931, 26.97, 19.22
932, 27.34, 19.254
933, 27.59, 19.287
934, 27.8, 19.32
935, 28.09, 19.354
936, 28.44, 19.387
937, 28.83, 19.437
938, 29.12, 19.47
939, 29.4, 19.504
940, 29.67, 19.537
941, 29.85, 19.57
942, 29.93, 19.604
943, 30.22, 19.637
944, 30.41, 19.67
945, 30.63, 19.704
946, 30.83, 19.737
947, 31.1, 19.77
948, 31.33, 19.804
949, 31.44, 19.82
950, 31.69, 19.854
951, 31.93, 19.887
952, 32.15, 19.92
953, 32.38, 19.954
954, 32.62, 19.987
955, 32.85, 20.02
956, 32.97, 20.037
957, 33.2, 20.07
958, 33.42, 20.104
959, 33.64, 20.137
960, 33.88, 20.17
961, 34, 20.187
962, 34.22, 20.22
963, 34.44, 20.254
964, 34.67, 20.287
965, 34.79, 20.304
966, 35.01, 20.337
967, 35.24, 20.37
968, 35.47, 20.404
969, 35.59, 20.42
970, 35.83, 20.454
971, 36.04, 20.487
972, 36.14, 20.504
973, 36.35, 20.537
974, 36.55, 20.57
975, 36.63, 20.587
976, 36.78, 20.62
977, 36.88, 20.654
978, 36.9, 20.67
979, 36.85, 20.704
980, 36.82, 20.72
981, 36.75, 20.754
982, 36.51, 20.787
983, 36.42, 20.804
984, 36.32, 20.837
985, 36.16, 20.87
986, 36.04, 20.887
987, 35.82, 20.92
988, 35.6, 20.954
989, 35.48, 20.97
990, 35.21, 21.004
991, 34.88, 21.037
992, 34.7, 21.054
993, 34.4, 21.087
994, 34.07, 21.12
995, 33.73, 21.154
996, 33.53, 21.17
997, 33.18, 21.204
998, 32.91, 21.237
999, 32.69, 21.27
1000, 32.48, 21.304
1001, 32.3, 21.337
1002, 32.22, 21.354
1003, 32.07, 21.387
1004, 31.92, 21.42
1005, 31.77, 21.454
1006, 31.63, 21.487
1007, 31.49, 21.52
1008, 31.35, 21.554
1009, 31.21, 21.587
1010, 31.08, 21.62
1011, 30.96, 21.654
1012, 30.84, 21.687
1013, 30.72, 21.72
1014, 30.62, 21.754
1015, 30.53, 21.787
1016, 30.44, 21.82
1017, 30.35, 21.854
1018, 30.28, 21.887
1019, 30.22, 21.92
1020, 30.12, 21.954
1021, 30.01, 21.987
1022, 29.93, 22.02
1023, 29.87, 22.054
1024, 29.77, 22.087
1025, 29.68, 22.12
1026, 29.61, 22.154
1027, 29.55, 22.187
1028, 29.49, 22.22
1029, 29.41, 22.254
1030, 29.32, 22.287
1031, 29.24, 22.32
1032, 29.18, 22.354
1033, 29.23, 22.387
1034, 29.2, 22.42
1035, 29.21, 22.454
1036, 29.19, 22.487
1037, 29.2, 22.52
1038, 29.17, 22.554
1039, 29.14, 22.587
1040, 29.1, 22.62
1041, 29.06, 22.654
1042, 29.14, 22.687
1043, 29.14, 22.72
1044, 29.15, 22.754
1045, 29.33, 22.787
1046, 29.4, 22.82
1047, 29.43, 22.854
1048, 29.59, 22.887
1049, 29.73, 22.92
1050, 29.87, 22.954
1051, 30.03, 22.987
1052, 30.19, 23.02
1053, 30.37, 23.054
1054, 30.57, 23.087
1055, 30.77, 23.12
1056, 30.97, 23.154
1057, 31.16, 23.187
1058, 31.36, 23.22
1059, 31.56, 23.254
1060, 31.74, 23.287
1061, 31.85, 23.304
1062, 32.12, 23.337
1063, 32.38, 23.37
1064, 32.58, 23.404
1065, 32.79, 23.437
1066, 33.03, 23.47
1067, 33.14, 23.487
1068, 33.34, 23.52
1069, 33.56, 23.554
1070, 33.78, 23.587
1071, 33.89, 23.604
1072, 34.1, 23.637
1073, 34.31, 23.67
1074, 34.54, 23.704
1075, 34.64, 23.72
1076, 34.85, 23.754
1077, 35.06, 23.787
1078, 35.27, 23.82
1079, 35.37, 23.837
1080, 35.59, 23.87
1081, 35.8, 23.904
1082, 35.9, 23.92
1083, 36.13, 23.954
1084, 36.34, 23.987
1085, 36.45, 24.004
1086, 36.66, 24.037
1087, 36.86, 24.07
1088, 36.96, 24.087
1089, 37.18, 24.12
1090, 37.29, 24.137
1091, 37.5, 24.17
1092, 37.72, 24.204
1093, 37.83, 24.22
1094, 38.04, 24.254
1095, 38.15, 24.27
1096, 38.37, 24.304
1097, 38.58, 24.337
1098, 38.68, 24.354
1099, 38.89, 24.387
1100, 38.99, 24.404
1101, 39.19, 24.437
1102, 39.3, 24.454
1103, 39.5, 24.487
1104, 39.59, 24.504
1105, 39.78, 24.537
1106, 39.88, 24.554
1107, 40.07, 24.587
1108, 40.13, 24.604
1109, 40.18, 24.637
1110, 40.15, 24.654
1111, 40.09, 24.687
1112, 40.04, 24.704
1113, 39.79, 24.737
1114, 39.71, 24.754
1115, 39.63, 24.787
1116, 39.56, 24.804
1117, 39.38, 24.837
1118, 39.29, 24.854
1119, 39.13, 24.887
1120, 39.04, 24.904
1121, 38.82, 24.937
1122, 38.72, 24.954
1123, 38.5, 24.987
1124, 38.25, 25.02
1125, 38.11, 25.037
1126, 37.83, 25.07
1127, 37.69, 25.087
1128, 37.41, 25.12
1129, 37.09, 25.154
1130, 36.93, 25.17
1131, 36.59, 25.204
1132, 36.43, 25.22
1133, 36.13, 25.254
1134, 35.83, 25.287
1135, 35.7, 25.304
1136, 35.45, 25.337
1137, 35.21, 25.37
1138, 35.01, 25.404
1139, 34.92, 25.42
1140, 34.76, 25.454
1141, 34.6, 25.487
1142, 34.53, 25.504
1143, 34.39, 25.537
1144, 34.25, 25.57
1145, 34.11, 25.604
1146, 33.98, 25.637
1147, 33.91, 25.654
1148, 33.78, 25.687
1149, 33.65, 25.72
1150, 33.51, 25.754
1151, 33.44, 25.77
1152, 33.31, 25.804
1153, 33.16, 25.837
1154, 33.01, 25.87
1155, 32.85, 25.904
1156, 32.67, 25.937
1157, 32.59, 25.954
1158, 32.43, 25.987
1159, 32.23, 26.02
1160, 32.08, 26.054
1161, 31.94, 26.087
1162, 31.77, 26.12
1163, 31.64, 26.154
1164, 31.59, 26.17
1165, 31.5, 26.204
1166, 31.4, 26.237
1167, 31.3, 26.27
1168, 31.17, 26.304
1169, 31, 26.337
1170, 30.9, 26.37
1171, 30.79, 26.404
1172, 30.68, 26.437
1173, 30.59, 26.47
1174, 30.51, 26.504
1175, 30.41, 26.537
1176, 30.29, 26.57
1177, 30.16, 26.604
1178, 30.05, 26.637
1179, 29.95, 26.67
1180, 29.85, 26.704
1181, 29.73, 26.737
1182, 29.62, 26.77
1183, 29.51, 26.804
1184, 29.4, 26.837
1185, 29.29, 26.87
1186, 29.21, 26.904
1187, 29.17, 26.937
1188, 29.1, 26.97
1189, 28.99, 27.004
1190, 28.9, 27.037
1191, 28.83, 27.07
1192, 28.82, 27.104
1193, 28.81, 27.154
1194, 28.87, 27.187
1195, 28.87, 27.22
1196, 28.9, 27.254
1197, 29.06, 27.287
1198, 29.08, 27.32
1199, 29.02, 27.354
1200, 29.12, 27.387
1201, 29.17, 27.42
1202, 29.2, 27.47
1203, 29.28, 27.504
1204, 29.3, 27.537
1205, 29.34, 27.57
1206, 29.35, 27.604
1207, 29.45, 27.637
1208, 29.53, 27.67
1209, 29.6, 27.704
1210, 29.71, 27.737
1211, 29.83, 27.77
1212, 30.01, 27.804
1213, 30.09, 27.854
1214, 30.29, 27.887
1215, 30.51, 27.92
1216, 30.66, 27.954
1217, 30.77, 27.987
1218, 30.82, 28.02
1219, 31.1, 28.054
1220, 31.36, 28.087
1221, 31.41, 28.104
1222, 31.5, 28.137
1223, 31.64, 28.17
1224, 31.87, 28.204
1225, 32.09, 28.237
1226, 32.17, 28.27
1227, 32.29, 28.304
1228, 32.41, 28.337
1229, 32.63, 28.37
1230, 32.86, 28.404
1231, 32.93, 28.42
1232, 33.04, 28.454
1233, 33.25, 28.487
1234, 33.45, 28.52
1235, 33.61, 28.554
1236, 33.75, 28.587
1237, 33.83, 28.604
1238, 34.04, 28.637
1239, 34.19, 28.67
1240, 34.32, 28.704
1241, 34.5, 28.737
1242, 34.58, 28.754
1243, 34.77, 28.787
1244, 34.94, 28.82
1245, 35.1, 28.854
1246, 35.21, 28.87
1247, 35.45, 28.904
1248, 35.65, 28.937
1249, 35.76, 28.954
1250, 35.98, 28.987
1251, 36.23, 29.02
1252, 36.35, 29.037
1253, 36.54, 29.07
1254, 36.74, 29.104
1255, 36.84, 29.12
1256, 37.05, 29.154
1257, 37.3, 29.187
1258, 37.41, 29.204
1259, 37.58, 29.237
1260, 37.67, 29.254
1261, 37.91, 29.287
1262, 38.12, 29.32
1263, 38.21, 29.337
1264, 38.39, 29.37
1265, 38.49, 29.387
1266, 38.7, 29.42
1267, 38.81, 29.437
1268, 39.02, 29.47
1269, 39.11, 29.487
1270, 39.28, 29.52
1271, 39.38, 29.537
1272, 39.58, 29.57
1273, 39.77, 29.604
1274, 39.87, 29.62
1275, 40.06, 29.654
1276, 40.15, 29.67
1277, 40.33, 29.704
1278, 40.34, 29.72
1279, 40.32, 29.737
1280, 40.55, 29.77
1281, 40.67, 29.787
1282, 40.87, 29.82
1283, 40.95, 29.837
1284, 41.07, 29.87
1285, 41.15, 29.887
1286, 41.36, 29.92
1287, 41.46, 29.937
1288, 41.58, 29.97
1289, 41.67, 29.987
1290, 41.87, 30.02
1291, 41.94, 30.037
1292, 42.01, 30.054
1293, 42.16, 30.087
1294, 42.25, 30.104
1295, 42.45, 30.137
1296, 42.53, 30.154
1297, 42.65, 30.187
1298, 42.72, 30.204
1299, 42.81, 30.22
1300, 43, 30.254
1301, 43.08, 30.27
1302, 43.23, 30.304
1303, 43.31, 30.32
1304, 43.39, 30.337
1305, 43.55, 30.37
1306, 43.63, 30.387
1307, 43.71, 30.404
1308, 43.86, 30.437
1309, 43.94, 30.454
1310, 44.1, 30.487
1311, 44.17, 30.504
1312, 44.25, 30.52
1313, 44.39, 30.554
1314, 44.48, 30.57
1315, 44.57, 30.587
1316, 44.73, 30.62
1317, 44.79, 30.637
1318, 44.86, 30.654
1319, 45.04, 30.687
1320, 45.12, 30.704
1321, 45.19, 30.72
1322, 45.33, 30.754
1323, 45.4, 30.77
1324, 45.48, 30.787
1325, 45.65, 30.82
1326, 45.73, 30.837
1327, 45.8, 30.854
1328, 45.95, 30.887
1329, 46.03, 30.904
1330, 46.11, 30.92
1331, 46.18, 30.937
1332, 46.32, 30.97
1333, 46.4, 30.987
1334, 46.48, 31.004
1335, 46.63, 31.037
1336, 46.69, 31.054
1337, 46.75, 31.07
1338, 46.92, 31.104
1339, 47.01, 31.12
1340, 47.08, 31.137
1341, 47.14, 31.154
1342, 47.26, 31.187
1343, 47.33, 31.204
1344, 47.41, 31.22
1345, 47.5, 31.237
1346, 47.66, 31.27
1347, 47.72, 31.287
1348, 47.79, 31.304
1349, 47.87, 31.32
1350, 48, 31.354
1351, 48.06, 31.37
1352, 48.12, 31.387
1353, 48.2, 31.404
1354, 48.36, 31.437
1355, 48.42, 31.454
1356, 48.47, 31.47
1357, 48.54, 31.487
1358, 48.68, 31.52
1359, 48.75, 31.537
1360, 48.81, 31.554
1361, 48.88, 31.57
1362, 49.01, 31.604
1363, 49.08, 31.62
1364, 49.14, 31.637
1365, 49.21, 31.654
1366, 49.33, 31.687
1367, 49.39, 31.704
1368, 49.46, 31.72
1369, 49.53, 31.737
1370, 49.59, 31.754
1371, 49.7, 31.787
1372, 49.68, 31.804
1373, 49.64, 31.82
1374, 49.76, 31.837
1375, 49.87, 31.854
1376, 49.95, 31.887
1377, 50.05, 31.904
1378, 50.11, 31.92
1379, 50.14, 31.937
1380, 50.19, 31.954
1381, 50.31, 31.987
1382, 50.37, 32.004
1383, 50.43, 32.02
1384, 50.48, 32.037
1385, 50.54, 32.054
1386, 50.66, 32.087
1387, 50.72, 32.104
1388, 50.78, 32.12
1389, 50.83, 32.137
1390, 50.89, 32.154
1391, 50.95, 32.17
1392, 51.05, 32.204
1393, 51.1, 32.22
1394, 51.15, 32.237
1395, 51.22, 32.254
1396, 51.29, 32.27
1397, 51.39, 32.304
1398, 51.44, 32.32
1399, 51.5, 32.337
1400, 51.55, 32.354
1401, 51.61, 32.37
1402, 51.67, 32.387
1403, 51.78, 32.42
1404, 51.83, 32.437
1405, 51.89, 32.454
1406, 51.94, 32.47
1407, 51.99, 32.487
1408, 52.04, 32.504
1409, 52.09, 32.52
1410, 52.21, 32.554
1411, 52.27, 32.57
1412, 52.31, 32.587
1413, 52.35, 32.604
1414, 52.41, 32.62
1415, 52.48, 32.637
1416, 52.59, 32.67
1417, 52.63, 32.687
1418, 52.68, 32.704
1419, 52.73, 32.72
1420, 52.78, 32.737
1421, 52.84, 32.754
1422, 52.9, 32.77
1423, 52.96, 32.787
1424, 53.06, 32.82
1425, 53.11, 32.837
1426, 53.16, 32.854
1427, 53.2, 32.87
1428, 53.24, 32.887
1429, 53.29, 32.904
1430, 53.36, 32.92
1431, 53.47, 32.954
1432, 53.51, 32.97
1433, 53.57, 32.987
1434, 53.63, 33.004
1435, 53.68, 33.02
1436, 53.72, 33.037
1437, 53.77, 33.054
1438, 53.83, 33.07
1439, 53.88, 33.087
1440, 53.98, 33.12
1441, 54.03, 33.137
1442, 54.07, 33.154
1443, 54.12, 33.17
1444, 54.17, 33.187
1445, 54.23, 33.204
1446, 54.28, 33.22
1447, 54.33, 33.237
1448, 54.38, 33.254
1449, 54.47, 33.287
1450, 54.51, 33.304
1451, 54.54, 33.32
1452, 54.59, 33.337
1453, 54.63, 33.354
1454, 54.67, 33.37
1455, 54.71, 33.387
1456, 54.75, 33.404
1457, 54.78, 33.42
1458, 54.82, 33.437
1459, 54.89, 33.47
1460, 54.92, 33.487
1461, 54.95, 33.504
1462, 54.98, 33.52
1463, 55.02, 33.537
1464, 55.05, 33.554
1465, 55.06, 33.57
1466, 55.06, 33.587
1467, 55.06, 33.604
1468, 55.04, 33.62
1469, 54.89, 33.654
1470, 54.79, 33.67
1471, 54.67, 33.687
1472, 54.53, 33.704
1473, 54.38, 33.72
1474, 54.19, 33.737
1475, 53.94, 33.754
1476, 53.74, 33.77
1477, 53.52, 33.787
1478, 53.26, 33.804
1479, 52.66, 33.837
1480, 52.34, 33.854
1481, 52.01, 33.87
1482, 51.66, 33.887
1483, 51.27, 33.904
1484, 50.89, 33.92
1485, 50.27, 33.954
1486, 49.9, 33.97
1487, 49.49, 33.987
1488, 49.06, 34.004
1489, 48.68, 34.02
1490, 48.1, 34.054
1491, 47.71, 34.07
1492, 47.33, 34.087
1493, 46.97, 34.104
1494, 46.39, 34.137
1495, 46.16, 34.154
1496, 45.93, 34.17
1497, 45.44, 34.204
1498, 45.16, 34.22
1499, 44.97, 34.237
1500, 44.62, 34.27
1501, 44.46, 34.287
1502, 44.27, 34.304
1503, 43.9, 34.337
1504, 43.77, 34.354
1505, 43.63, 34.37
1506, 43.28, 34.404
1507, 43.11, 34.42
1508, 42.86, 34.454
1509, 42.7, 34.47
1510, 42.55, 34.487
1511, 42.17, 34.52
1512, 42.02, 34.537
1513, 41.75, 34.57
1514, 41.6, 34.587
1515, 41.43, 34.604
1516, 41.08, 34.637
1517, 40.91, 34.654
1518, 40.61, 34.687
1519, 40.44, 34.704
1520, 40.05, 34.737
1521, 39.82, 34.754
1522, 39.49, 34.787
1523, 39.32, 34.804
1524, 38.93, 34.837
1525, 38.73, 34.854
1526, 38.16, 34.887
1527, 37.82, 34.92
1528, 37.63, 34.937
1529, 37.23, 34.97
1530, 37.03, 34.987
1531, 36.55, 35.02
1532, 36.19, 35.054
1533, 36.02, 35.07
1534, 35.63, 35.104
1535, 35.21, 35.137
1536, 35.03, 35.154
1537, 34.73, 35.187
1538, 34.42, 35.22
1539, 34.12, 35.254
1540, 33.99, 35.27
1541, 33.75, 35.304
1542, 33.53, 35.337
1543, 33.32, 35.37
1544, 33.22, 35.387
1545, 33.04, 35.42
1546, 32.88, 35.454
1547, 32.74, 35.487
1548, 32.6, 35.52
1549, 32.47, 35.554
1550, 32.34, 35.587
1551, 32.28, 35.604
1552, 32.15, 35.637
1553, 32.04, 35.67
1554, 31.91, 35.704
1555, 31.77, 35.737
1556, 31.64, 35.77
1557, 31.51, 35.804
1558, 31.38, 35.837
1559, 31.23, 35.87
1560, 31.14, 35.887
1561, 30.97, 35.92
1562, 30.85, 35.954
1563, 30.73, 35.987
1564, 30.6, 36.02
1565, 30.4, 36.054
1566, 30.27, 36.087
1567, 30.15, 36.12
1568, 30.02, 36.154
1569, 29.92, 36.187
1570, 29.84, 36.22
1571, 29.74, 36.254
1572, 29.59, 36.287
1573, 29.45, 36.32
1574, 29.32, 36.354
1575, 29.2, 36.387
1576, 29.04, 36.437
1577, 28.94, 36.47
1578, 28.83, 36.504
1579, 28.71, 36.537
1580, 28.6, 36.57
1581, 28.48, 36.604
1582, 28.35, 36.637
1583, 28.17, 36.687
1584, 28.05, 36.72
1585, 27.92, 36.754
1586, 27.82, 36.787
1587, 27.69, 36.837
1588, 27.69, 36.87
1589, 27.65, 36.904
1590, 27.64, 36.937
1591, 27.64, 36.97
1592, 27.64, 37.02
1593, 27.59, 37.054
1594, 27.57, 37.087
1595, 27.57, 37.137
1596, 27.61, 37.17
1597, 27.62, 37.204
1598, 27.63, 37.237
1599, 27.64, 37.287
1600, 27.71, 37.32
1601, 27.85, 37.354
1602, 27.95, 37.387
1603, 28.09, 37.437
1604, 28.1, 37.47
1605, 28.17, 37.504
1606, 28.37, 37.537
1607, 28.67, 37.587
1608, 28.71, 37.62
1609, 28.82, 37.654
1610, 28.99, 37.687
1611, 29.18, 37.72
1612, 29.35, 37.754
1613, 29.51, 37.804
1614, 29.66, 37.837
1615, 29.81, 37.87
1616, 29.94, 37.904
1617, 30.12, 37.937
1618, 30.29, 37.97
1619, 30.46, 38.004
1620, 30.61, 38.037
1621, 30.79, 38.07
1622, 30.99, 38.104
1623, 31.18, 38.137
1624, 31.38, 38.17
1625, 31.54, 38.204
1626, 31.72, 38.237
1627, 31.94, 38.27
1628, 32.08, 38.304
1629, 32.23, 38.337
1630, 32.4, 38.37
1631, 32.58, 38.404
1632, 32.7, 38.42
1633, 32.89, 38.454
1634, 33.09, 38.487
1635, 33.28, 38.52
1636, 33.46, 38.554
1637, 33.63, 38.587
1638, 33.76, 38.62
1639, 33.85, 38.637
1640, 34.1, 38.67
1641, 34.26, 38.704
1642, 34.42, 38.737
1643, 34.6, 38.77
1644, 34.67, 38.787
1645, 34.87, 38.82
1646, 35.09, 38.854
1647, 35.25, 38.887
1648, 35.34, 38.904
1649, 35.53, 38.937
1650, 35.71, 38.97
1651, 35.79, 38.987
1652, 36.02, 39.02
1653, 36.29, 39.054
1654, 36.48, 39.087
1655, 36.56, 39.104
1656, 36.73, 39.137
1657, 36.83, 39.154
1658, 37.04, 39.187
1659, 37.26, 39.22
1660, 37.36, 39.237
1661, 37.54, 39.27
1662, 37.73, 39.304
1663, 37.82, 39.32
1664, 38.02, 39.354
1665, 38.12, 39.37
1666, 38.3, 39.404
1667, 38.46, 39.437
1668, 38.55, 39.454
1669, 38.74, 39.487
1670, 38.85, 39.504
1671, 39.04, 39.537
1672, 39.13, 39.554
1673, 39.29, 39.587
1674, 39.31, 39.604
1675, 39.38, 39.637
1676, 39.53, 39.654
1677, 39.69, 39.687
1678, 39.79, 39.704
1679, 39.94, 39.737
1680, 40.01, 39.754
1681, 40.19, 39.787
1682, 40.26, 39.804
1683, 40.38, 39.837
1684, 40.43, 39.854
1685, 40.7, 39.887
1686, 40.82, 39.904
1687, 40.92, 39.937
1688, 40.99, 39.954
1689, 41.18, 39.987
1690, 41.26, 40.004
1691, 41.43, 40.037
1692, 41.52, 40.054
1693, 41.6, 40.07
1694, 41.76, 40.104
1695, 41.84, 40.12
1696, 41.99, 40.154
1697, 42.04, 40.17
1698, 42.18, 40.204
1699, 42.29, 40.22
1700, 42.4, 40.237
1701, 42.55, 40.27
1702, 42.62, 40.287
1703, 42.79, 40.32
1704, 42.86, 40.337
1705, 42.94, 40.354
1706, 43.11, 40.387
1707, 43.17, 40.404
1708, 43.23, 40.42
1709, 43.37, 40.454
1710, 43.46, 40.47
1711, 43.66, 40.504
1712, 43.72, 40.52
1713, 43.78, 40.537
1714, 43.95, 40.57
1715, 44.04, 40.587
1716, 44.14, 40.604
1717, 44.29, 40.637
1718, 44.36, 40.654
1719, 44.44, 40.67
1720, 44.62, 40.704
1721, 44.69, 40.72
1722, 44.75, 40.737
1723, 44.9, 40.77
1724, 45, 40.787
1725, 45.09, 40.804
1726, 45.24, 40.837
1727, 45.32, 40.854
1728, 45.4, 40.87
1729, 45.56, 40.904
1730, 45.63, 40.92
1731, 45.71, 40.937
1732, 45.87, 40.97
1733, 45.95, 40.987
1734, 46.04, 41.004
1735, 46.19, 41.037
1736, 46.27, 41.054
1737, 46.34, 41.07
1738, 46.42, 41.087
1739, 46.57, 41.12
1740, 46.66, 41.137
1741, 46.75, 41.154
1742, 46.93, 41.187
1743, 47, 41.204
1744, 47.07, 41.22
1745, 47.15, 41.237
1746, 47.3, 41.27
1747, 47.38, 41.287
1748, 47.46, 41.304
1749, 47.55, 41.32
1750, 47.7, 41.354
1751, 47.77, 41.37
1752, 47.85, 41.387
1753, 48, 41.42
1754, 48.07, 41.437
1755, 48.14, 41.454
1756, 48.21, 41.47
1757, 48.35, 41.504
1758, 48.43, 41.52
1759, 48.51, 41.537
1760, 48.6, 41.554
1761, 48.67, 41.57
1762, 48.73, 41.604
1763, 48.7, 41.62
1764, 48.81, 41.637
1765, 48.93, 41.654
1766, 49.08, 41.687
1767, 49.16, 41.704
1768, 49.2, 41.72
1769, 49.25, 41.737
1770, 49.38, 41.77
1771, 49.44, 41.787
1772, 49.49, 41.804
1773, 49.55, 41.82
1774, 49.6, 41.837
1775, 49.67, 41.87
1776, 49.69, 41.887
1777, 49.69, 41.904
1778, 49.67, 41.92
1779, 49.64, 41.937
1780, 49.56, 41.97
1781, 49.51, 41.987
1782, 49.46, 42.004
1783, 49.38, 42.02
1784, 49.18, 42.054
1785, 49.11, 42.07
1786, 49.03, 42.087
1787, 48.93, 42.104
1788, 48.81, 42.12
1789, 48.52, 42.154
1790, 48.38, 42.17
1791, 48.23, 42.187
1792, 48.04, 42.204
1793, 47.63, 42.237
1794, 47.41, 42.254
1795, 47.18, 42.27
1796, 46.94, 42.287
1797, 46.4, 42.32
1798, 46.14, 42.337
1799, 45.89, 42.354
1800, 45.37, 42.387
1801, 45.11, 42.404
1802, 44.88, 42.42
1803, 44.43, 42.454
1804, 44.15, 42.47
1805, 43.88, 42.487
1806, 43.5, 42.52
1807, 43.32, 42.537
1808, 43.11, 42.554
1809, 42.7, 42.587
1810, 42.53, 42.604
1811, 42.18, 42.637
1812, 41.99, 42.654
1813, 41.65, 42.687
1814, 41.49, 42.704
1815, 41.33, 42.72
1816, 40.97, 42.754
1817, 40.77, 42.77
1818, 40.34, 42.804
1819, 40.14, 42.82
1820, 39.75, 42.854
1821, 39.56, 42.87
1822, 39.16, 42.904
1823, 38.97, 42.92
1824, 38.56, 42.954
1825, 38.14, 42.987
1826, 37.93, 43.004
1827, 37.49, 43.037
1828, 37.28, 43.054
1829, 36.78, 43.087
1830, 36.42, 43.12
1831, 36.26, 43.137
1832, 35.94, 43.17
1833, 35.62, 43.204
1834, 35.47, 43.22
1835, 35.22, 43.254
1836, 34.99, 43.287
1837, 34.87, 43.304
1838, 34.61, 43.337
1839, 34.37, 43.37
1840, 34.16, 43.404
1841, 34.05, 43.42
1842, 33.83, 43.454
1843, 33.58, 43.487
1844, 33.36, 43.52
1845, 33.28, 43.537
1846, 33.12, 43.57
1847, 32.94, 43.604
1848, 32.8, 43.637
1849, 32.68, 43.67
1850, 32.57, 43.704
1851, 32.51, 43.72
1852, 32.42, 43.754
1853, 32.35, 43.787
1854, 32.28, 43.82
1855, 32.21, 43.854
1856, 32.18, 43.87
1857, 32.11, 43.904
1858, 32.04, 43.937
1859, 31.98, 43.97
1860, 31.91, 44.004
1861, 31.84, 44.037
1862, 31.8, 44.054
1863, 31.73, 44.087
1864, 31.66, 44.12
1865, 31.6, 44.154
1866, 31.52, 44.187
1867, 31.45, 44.22
1868, 31.45, 44.22
1869, 31.45, 44.22
1870, 31.26, 44.304
1871, 31.19, 44.337
1872, 31.12, 44.37
1873, 31.05, 44.404
1874, 30.98, 44.437
1875, 30.9, 44.47
1876, 30.81, 44.504
1877, 30.73, 44.537
1878, 30.68, 44.554
1879, 30.61, 44.587
1880, 30.53, 44.62
1881, 30.43, 44.654
1882, 30.34, 44.687
1883, 30.27, 44.72
1884, 30.19, 44.754
1885, 30.08, 44.787
1886, 29.99, 44.82
1887, 29.9, 44.854
1888, 29.78, 44.887
1889, 29.66, 44.92
1890, 29.54, 44.954
1891, 29.42, 44.987
1892, 29.33, 45.02
1893, 29.23, 45.054
1894, 29.12, 45.087
1895, 29.04, 45.12
1896, 28.98, 45.154
1897, 28.95, 45.187
1898, 28.96, 45.22
1899, 28.96, 45.254
1900, 29.04, 45.287
1901, 29.04, 45.32
1902, 29.03, 45.354
1903, 29.2, 45.404
1904, 29.24, 45.437
1905, 29.28, 45.47
1906, 29.42, 45.504
1907, 29.55, 45.537
1908, 29.68, 45.57
1909, 29.83, 45.604
1910, 29.99, 45.637
1911, 30.16, 45.67
1912, 30.33, 45.704
1913, 30.55, 45.737
1914, 30.76, 45.77
1915, 30.96, 45.804
1916, 31.17, 45.837
1917, 31.31, 45.87
1918, 31.47, 45.904
1919, 31.58, 45.92
1920, 31.77, 45.954
1921, 32, 45.987
1922, 32.23, 46.02
1923, 32.39, 46.054
1924, 32.64, 46.087
1925, 32.87, 46.12
1926, 32.95, 46.137
1927, 33.15, 46.17
1928, 33.37, 46.204
1929, 33.54, 46.237
1930, 33.73, 46.27
1931, 33.94, 46.304
1932, 34.06, 46.32
1933, 34.29, 46.354
1934, 34.53, 46.387
1935, 34.74, 46.42
1936, 34.85, 46.437
1937, 35.06, 46.47
1938, 35.2, 46.504
1939, 35.27, 46.52
1940, 35.43, 46.554
1941, 35.77, 46.587
1942, 36.11, 46.62
1943, 36.2, 46.637
1944, 36.34, 46.67
1945, 36.59, 46.704
1946, 36.7, 46.72
1947, 36.89, 46.754
1948, 36.99, 46.77
1949, 37.22, 46.804
1950, 37.44, 46.837
1951, 37.55, 46.854
1952, 37.76, 46.887
1953, 37.86, 46.904
1954, 38.08, 46.937
1955, 38.29, 46.97
1956, 38.39, 46.987
1957, 38.6, 47.02
1958, 38.7, 47.037
1959, 38.9, 47.07
1960, 39.01, 47.087
1961, 39.21, 47.12
1962, 39.31, 47.137
1963, 39.52, 47.17
1964, 39.62, 47.187
1965, 39.79, 47.22
1966, 39.75, 47.254
1967, 39.83, 47.27
1968, 40.02, 47.304
1969, 40.12, 47.32
1970, 40.44, 47.354
1971, 40.5, 47.37
1972, 40.58, 47.387
1973, 40.76, 47.42
1974, 40.85, 47.437
1975, 41.01, 47.47
1976, 41.09, 47.487
1977, 41.28, 47.52
1978, 41.38, 47.537
1979, 41.54, 47.57
1980, 41.62, 47.587
1981, 41.8, 47.62
1982, 41.88, 47.637
1983, 41.95, 47.654
1984, 42.12, 47.687
1985, 42.21, 47.704
1986, 42.36, 47.737
1987, 42.45, 47.754
1988, 42.65, 47.787
1989, 42.74, 47.804
1990, 42.8, 47.82
1991, 42.96, 47.854
1992, 43.05, 47.87
1993, 43.19, 47.904
1994, 43.27, 47.92
1995, 43.35, 47.937
1996, 43.54, 47.97
1997, 43.62, 47.987
1998, 43.71, 48.004
1999, 43.87, 48.037
2000, 43.95, 48.054
2001, 44.11, 48.087
2002, 44.2, 48.104
2003, 44.29, 48.12
2004, 44.45, 48.154
2005, 44.53, 48.17
2006, 44.6, 48.187
2007, 44.76, 48.22
2008, 44.83, 48.237
2009, 44.91, 48.254
2010, 45.07, 48.287
2011, 45.14, 48.304
2012, 45.22, 48.32
2013, 45.36, 48.354
2014, 45.44, 48.37
2015, 45.53, 48.387
2016, 45.71, 48.42
2017, 45.78, 48.437
2018, 45.85, 48.454
2019, 46, 48.487
2020, 46.08, 48.504
2021, 46.15, 48.52
2022, 46.22, 48.537
2023, 46.4, 48.57
2024, 46.47, 48.587
2025, 46.54, 48.604
2026, 46.68, 48.637
2027, 46.75, 48.654
2028, 46.83, 48.67
2029, 46.9, 48.687
2030, 47.06, 48.72
2031, 47.14, 48.737
2032, 47.22, 48.754
2033, 47.35, 48.787
2034, 47.42, 48.804
2035, 47.5, 48.82
2036, 47.57, 48.837
2037, 47.71, 48.87
2038, 47.77, 48.887
2039, 47.84, 48.904
2040, 47.91, 48.92
2041, 48.05, 48.954
2042, 48.12, 48.97
2043, 48.2, 48.987
2044, 48.28, 49.004
2045, 48.42, 49.037
2046, 48.49, 49.054
2047, 48.55, 49.07
2048, 48.61, 49.087
2049, 48.74, 49.12
2050, 48.81, 49.137
2051, 48.89, 49.154
2052, 48.96, 49.17
2053, 49.03, 49.187
2054, 49.16, 49.22
2055, 49.23, 49.237
2056, 49.22, 49.254
2057, 49.18, 49.27
2058, 49.43, 49.304
2059, 49.45, 49.32
2060, 49.5, 49.337
2061, 49.57, 49.354
2062, 49.63, 49.37
2063, 49.75, 49.404
2064, 49.82, 49.42
2065, 49.88, 49.437
2066, 49.94, 49.454
2067, 50, 49.47
2068, 50.13, 49.504
2069, 50.19, 49.52
2070, 50.25, 49.537
2071, 50.31, 49.554
2072, 50.37, 49.57
2073, 50.48, 49.604
2074, 50.54, 49.62
2075, 50.59, 49.637
2076, 50.66, 49.654
2077, 50.72, 49.67
2078, 50.85, 49.704
2079, 50.9, 49.72
2080, 50.95, 49.737
2081, 51, 49.754
2082, 51.06, 49.77
2083, 51.11, 49.787
2084, 51.24, 49.82
2085, 51.3, 49.837
2086, 51.36, 49.854
2087, 51.41, 49.87
2088, 51.46, 49.887
2089, 51.52, 49.904
2090, 51.64, 49.937
2091, 51.7, 49.954
2092, 51.75, 49.97
2093, 51.81, 49.987
2094, 51.87, 50.004
2095, 51.93, 50.02
2096, 52.04, 50.054
2097, 52.09, 50.07
2098, 52.15, 50.087
2099, 52.21, 50.104
2100, 52.26, 50.12
2101, 52.31, 50.137
2102, 52.37, 50.154
2103, 52.48, 50.187
2104, 52.54, 50.204
2105, 52.59, 50.22
2106, 52.65, 50.237
2107, 52.7, 50.254
2108, 52.75, 50.27
2109, 52.81, 50.287
2110, 52.91, 50.32
2111, 52.97, 50.337
2112, 53.02, 50.354
2113, 53.08, 50.37
2114, 53.13, 50.387
2115, 53.19, 50.404
2116, 53.24, 50.42
2117, 53.35, 50.454
2118, 53.4, 50.47
2119, 53.46, 50.487
2120, 53.5, 50.504
2121, 53.56, 50.52
2122, 53.61, 50.537
2123, 53.67, 50.554
2124, 53.72, 50.57
2125, 53.77, 50.587
2126, 53.88, 50.62
2127, 53.92, 50.637
2128, 53.97, 50.654
2129, 54.02, 50.67
2130, 54.07, 50.687
2131, 54.12, 50.704
2132, 54.18, 50.72
2133, 54.24, 50.737
2134, 54.29, 50.754
2135, 54.38, 50.787
2136, 54.43, 50.804
2137, 54.49, 50.82
2138, 54.54, 50.837
2139, 54.59, 50.854
2140, 54.64, 50.87
2141, 54.68, 50.887
2142, 54.73, 50.904
2143, 54.78, 50.92
2144, 54.84, 50.937
2145, 54.94, 50.97
2146, 54.99, 50.987
2147, 55.04, 51.004
2148, 55.09, 51.02
2149, 55.14, 51.037
2150, 55.19, 51.054
2151, 55.24, 51.07
2152, 55.29, 51.087
2153, 55.34, 51.104
2154, 55.39, 51.12
2155, 55.44, 51.137
2156, 55.53, 51.17
2157, 55.58, 51.187
2158, 55.62, 51.204
2159, 55.67, 51.22
2160, 55.73, 51.237
2161, 55.78, 51.254
2162, 55.83, 51.27
2163, 55.88, 51.287
2164, 55.93, 51.304
2165, 55.97, 51.32
2166, 56.02, 51.337
2167, 56.07, 51.354
2168, 56.11, 51.37
2169, 56.2, 51.404
2170, 56.25, 51.42
2171, 56.29, 51.437
2172, 56.33, 51.454
2173, 56.38, 51.47
2174, 56.43, 51.487
2175, 56.48, 51.504
2176, 56.53, 51.52
2177, 56.58, 51.537
2178, 56.63, 51.554
2179, 56.69, 51.57
2180, 56.73, 51.587
2181, 56.77, 51.604
2182, 56.81, 51.62
2183, 56.86, 51.637
2184, 56.91, 51.654
2185, 56.96, 51.67
2186, 57.07, 51.704
2187, 57.1, 51.72
2188, 57.14, 51.737
2189, 57.19, 51.754
2190, 57.24, 51.77
2191, 57.28, 51.787
2192, 57.32, 51.804
2193, 57.37, 51.82
2194, 57.41, 51.837
2195, 57.45, 51.854
2196, 57.5, 51.87
2197, 57.54, 51.887
2198, 57.59, 51.904
2199, 57.64, 51.92
2200, 57.68, 51.937
2201, 57.73, 51.954
2202, 57.77, 51.97
2203, 57.81, 51.987
2204, 57.85, 52.004
2205, 57.89, 52.02
2206, 57.93, 52.037
2207, 57.98, 52.054
2208, 58.02, 52.07
2209, 58.1, 52.104
2210, 58.15, 52.12
2211, 58.19, 52.137
2212, 58.23, 52.154
2213, 58.26, 52.17
2214, 58.3, 52.187
2215, 58.35, 52.204
2216, 58.39, 52.22
2217, 58.43, 52.237
2218, 58.48, 52.254
2219, 58.53, 52.27
2220, 58.57, 52.287
2221, 58.61, 52.304
2222, 58.65, 52.32
2223, 58.69, 52.337
2224, 58.73, 52.354
2225, 58.76, 52.37
2226, 58.79, 52.387
2227, 58.84, 52.404
2228, 58.88, 52.42
2229, 58.92, 52.437
2230, 58.96, 52.454
2231, 59, 52.47
2232, 59.04, 52.487
2233, 59.08, 52.504
2234, 59.12, 52.52
2235, 59.16, 52.537
2236, 59.19, 52.554
2237, 59.23, 52.57
2238, 59.27, 52.587
2239, 59.31, 52.604
2240, 59.34, 52.62
2241, 59.37, 52.637
2242, 59.41, 52.654
2243, 59.44, 52.67
2244, 59.48, 52.687
2245, 59.51, 52.704
2246, 59.55, 52.72
2247, 59.59, 52.737
2248, 59.62, 52.754
2249, 59.66, 52.77
2250, 59.7, 52.787
2251, 59.74, 52.804
2252, 59.78, 52.82
2253, 59.81, 52.837
2254, 59.85, 52.854
2255, 59.89, 52.87
2256, 59.92, 52.887
2257, 59.96, 52.904
2258, 59.99, 52.92
2259, 60.02, 52.937
2260, 60.05, 52.954
2261, 60.04, 52.97
2262, 59.99, 52.987
2263, 60.09, 53.004
2264, 60.16, 53.02
2265, 60.13, 53.037
2266, 60.17, 53.054
2267, 60.22, 53.07
2268, 60.25, 53.087
2269, 60.27, 53.104
2270, 60.31, 53.12
2271, 60.34, 53.137
2272, 60.38, 53.154
2273, 60.41, 53.17
2274, 60.44, 53.187
2275, 60.47, 53.204
2276, 60.51, 53.22
2277, 60.54, 53.237
2278, 60.57, 53.254
2279, 60.6, 53.27
2280, 60.62, 53.287
2281, 60.65, 53.304
2282, 60.68, 53.32
2283, 60.72, 53.337
2284, 60.74, 53.354
2285, 60.77, 53.37
2286, 60.81, 53.387
2287, 60.84, 53.404
2288, 60.87, 53.42
2289, 60.91, 53.437
2290, 60.94, 53.454
2291, 60.96, 53.47
2292, 60.99, 53.487
2293, 61.02, 53.504
2294, 61.05, 53.52
2295, 61.08, 53.537
2296, 61.11, 53.554
2297, 61.14, 53.57
2298, 61.18, 53.587
2299, 61.21, 53.604
2300, 61.24, 53.62
2301, 61.27, 53.637
2302, 61.3, 53.654
2303, 61.32, 53.67
2304, 61.34, 53.687
2305, 61.35, 53.704
2306, 61.37, 53.72
2307, 61.38, 53.737
2308, 61.35, 53.754
2309, 61.34, 53.77
2310, 61.48, 53.787
2311, 61.6, 53.804
2312, 61.62, 53.82
2313, 61.58, 53.837
2314, 61.64, 53.854
2315, 61.69, 53.87
2316, 61.7, 53.887
2317, 61.7, 53.887
2318, 61.71, 53.904
2319, 61.75, 53.92
2320, 61.78, 53.937
2321, 61.79, 53.954
2322, 61.82, 53.97
2323, 61.86, 53.987
2324, 61.89, 54.004
2325, 61.92, 54.02
2326, 61.95, 54.037
2327, 61.98, 54.054
2328, 62.01, 54.07
2329, 62.04, 54.087
2330, 62.08, 54.104
2331, 62.1, 54.12
2332, 62.13, 54.137
2333, 62.17, 54.154
2334, 62.19, 54.17
2335, 62.22, 54.187
2336, 62.25, 54.204
2337, 62.28, 54.22
2338, 62.31, 54.237
2339, 62.35, 54.254
2340, 62.38, 54.27
2341, 62.38, 54.27
2342, 62.38, 54.27
2343, 62.38, 54.27
2344, 62.46, 54.337
2345, 62.49, 54.354
2346, 62.52, 54.37
2347, 62.52, 54.37
2348, 62.56, 54.387
2349, 62.61, 54.404
2350, 62.65, 54.42
2351, 62.66, 54.437
2352, 62.66, 54.454
2353, 62.69, 54.47
2354, 62.71, 54.487
2355, 62.74, 54.504
2356, 62.81, 54.52
2357, 62.86, 54.537
2358, 62.85, 54.554
2359, 62.83, 54.57
2360, 62.85, 54.587
2361, 62.87, 54.604
2362, 62.86, 54.62
2363, 62.88, 54.637
2364, 62.94, 54.654
2365, 62.97, 54.67
2366, 62.98, 54.687
2367, 62.99, 54.704
2368, 63.01, 54.72
2369, 63.01, 54.72
2370, 63.01, 54.737
2371, 63, 54.754
2372, 62.99, 54.77
2373, 62.97, 54.787
2374, 62.95, 54.804
2375, 62.9, 54.82
2376, 62.83, 54.837
2377, 62.73, 54.854
2378, 62.61, 54.87
2379, 62.48, 54.887
2380, 62.34, 54.904
2381, 62.14, 54.92
2382, 61.93, 54.937
2383, 61.75, 54.954
2384, 61.57, 54.97
2385, 61.36, 54.987
2386, 61.1, 55.004
2387, 60.79, 55.02
2388, 60.48, 55.037
2389, 60.18, 55.054
2390, 59.84, 55.07
2391, 59.47, 55.087
2392, 59.09, 55.104
2393, 58.72, 55.12
2394, 58.36, 55.137
2395, 57.99, 55.154
2396, 57.64, 55.17
2397, 57.29, 55.187
2398, 56.94, 55.204
2399, 56.58, 55.22
2400, 56.23, 55.237
2401, 55.9, 55.254
2402, 55.58, 55.27
2403, 55.27, 55.287
2404, 54.95, 55.304
2405, 54.4, 55.337
2406, 54.15, 55.354
2407, 53.94, 55.37
2408, 53.71, 55.387
2409, 53.46, 55.404
2410, 53.25, 55.42
2411, 53.09, 55.437
2412, 52.93, 55.454
2413, 52.74, 55.47
2414, 52.38, 55.504
2415, 52.22, 55.52
2416, 52.06, 55.537
2417, 51.9, 55.554
2418, 51.73, 55.57
2419, 51.56, 55.587
2420, 51.23, 55.62
2421, 51.07, 55.637
2422, 50.9, 55.654
2423, 50.73, 55.67
2424, 50.55, 55.687
2425, 50.38, 55.704
2426, 50.01, 55.737
2427, 49.81, 55.754
2428, 49.61, 55.77
2429, 49.41, 55.787
2430, 49.19, 55.804
2431, 48.74, 55.837
2432, 48.49, 55.854
2433, 48.25, 55.87
2434, 48.01, 55.887
2435, 47.51, 55.92
2436, 47.19, 55.937
2437, 46.84, 55.954
2438, 46.55, 55.97
2439, 46.06, 56.004
2440, 45.84, 56.02
2441, 45.59, 56.037
2442, 45.07, 56.07
2443, 44.75, 56.087
2444, 44.46, 56.104
2445, 43.78, 56.137
2446, 43.53, 56.154
2447, 43.3, 56.17
2448, 42.8, 56.204
2449, 42.55, 56.22
2450, 42.06, 56.254
2451, 41.84, 56.27
2452, 41.34, 56.304
2453, 41.11, 56.32
2454, 40.9, 56.337
2455, 40.62, 56.37
2456, 40.44, 56.387
2457, 40.02, 56.42
2458, 39.74, 56.437
2459, 39.04, 56.47
2460, 38.75, 56.487
2461, 38.41, 56.52
2462, 38.12, 56.554
2463, 37.95, 56.57
2464, 37.67, 56.604
2465, 37.53, 56.62
2466, 37.08, 56.654
2467, 36.79, 56.687
2468, 36.66, 56.704
2469, 36.44, 56.737
2470, 36.27, 56.77
2471, 36.12, 56.787
2472, 35.77, 56.82
2473, 35.58, 56.854
2474, 35.53, 56.87
2475, 35.39, 56.904
2476, 35.2, 56.937
2477, 35.05, 56.97
2478, 34.99, 56.987
2479, 34.84, 57.02
2480, 34.69, 57.054
2481, 34.55, 57.087
2482, 34.47, 57.104
2483, 34.32, 57.137
2484, 34.19, 57.17
2485, 34.03, 57.204
2486, 33.95, 57.22
2487, 33.78, 57.254
2488, 33.6, 57.287
2489, 33.42, 57.32
2490, 33.26, 57.354
2491, 33.18, 57.37
2492, 32.99, 57.404
2493, 32.82, 57.437
2494, 32.7, 57.47
2495, 32.58, 57.504
2496, 32.47, 57.537
2497, 32.36, 57.57
2498, 32.26, 57.587
2499, 32.08, 57.62
2500, 31.91, 57.654
2501, 31.77, 57.687
2502, 31.62, 57.72
2503, 31.52, 57.754
2504, 31.45, 57.787
2505, 31.39, 57.82
2506, 31.33, 57.854
2507, 31.33, 57.887
2508, 31.26, 57.92
2509, 31.21, 57.954
2510, 31.16, 57.987
2511, 31.16, 58.004
2512, 31.19, 58.037
2513, 31.22, 58.07
2514, 31.26, 58.104
2515, 31.28, 58.137
2516, 31.27, 58.17
2517, 31.33, 58.204
2518, 31.36, 58.237
2519, 31.39, 58.27
2520, 31.48, 58.304
2521, 31.56, 58.337
2522, 31.58, 58.37
2523, 31.65, 58.404
2524, 31.71, 58.42
2525, 31.79, 58.454
2526, 31.86, 58.487
2527, 31.95, 58.52
2528, 31.96, 58.554
2529, 32.01, 58.587
2530, 32.09, 58.62
2531, 32.15, 58.654
2532, 32.19, 58.67
2533, 32.27, 58.704
2534, 32.35, 58.737
2535, 32.42, 58.77
2536, 32.49, 58.804
2537, 32.58, 58.837
2538, 32.65, 58.87
2539, 32.74, 58.904
2540, 32.79, 58.92
2541, 32.86, 58.954
2542, 33.01, 58.987
2543, 33.14, 59.02
2544, 33.25, 59.054
2545, 33.41, 59.087
2546, 33.48, 59.104
2547, 33.66, 59.137
2548, 33.87, 59.17
2549, 34.04, 59.204
2550, 34.24, 59.237
2551, 34.33, 59.254
2552, 34.52, 59.287
2553, 34.73, 59.32
2554, 34.91, 59.354
2555, 35.1, 59.387
2556, 35.2, 59.404
2557, 35.43, 59.437
2558, 35.65, 59.47
2559, 35.74, 59.487
2560, 35.91, 59.52
2561, 36.07, 59.554
2562, 36.26, 59.587
2563, 36.36, 59.604
2564, 36.54, 59.637
2565, 36.73, 59.67
2566, 36.81, 59.687
2567, 36.93, 59.72
2568, 37.12, 59.754
2569, 37.21, 59.77
2570, 37.37, 59.804
2571, 37.54, 59.837
2572, 37.63, 59.854
2573, 37.77, 59.887
2574, 37.84, 59.904
2575, 37.89, 59.937
2576, 37.83, 59.97
2577, 37.79, 59.987
2578, 37.71, 60.02
2579, 37.6, 60.037
2580, 37.42, 60.07
2581, 37.32, 60.104
2582, 37.26, 60.12
2583, 37.12, 60.154
2584, 37.05, 60.17
2585, 36.91, 60.204
2586, 36.77, 60.237
2587, 36.69, 60.254
2588, 36.53, 60.287
2589, 36.44, 60.304
2590, 36.27, 60.337
2591, 36.08, 60.37
2592, 35.96, 60.387
2593, 35.74, 60.42
2594, 35.65, 60.437
2595, 35.45, 60.47
2596, 35.2, 60.504
2597, 35.08, 60.52
2598, 34.87, 60.554
2599, 34.67, 60.587
2600, 34.48, 60.62
2601, 34.39, 60.637
2602, 34.23, 60.67
2603, 34.08, 60.704
2604, 34.01, 60.72
2605, 33.88, 60.754
2606, 33.76, 60.787
2607, 33.64, 60.82
2608, 33.59, 60.837
2609, 33.5, 60.87
2610, 33.41, 60.904
2611, 33.32, 60.937
2612, 33.28, 60.954
2613, 33.19, 60.987
2614, 33.1, 61.02
2615, 33.01, 61.054
2616, 32.91, 61.087
2617, 32.86, 61.104
2618, 32.77, 61.137
2619, 32.68, 61.17
2620, 32.58, 61.204
2621, 32.49, 61.237
2622, 32.44, 61.254
2623, 32.34, 61.287
2624, 32.25, 61.32
2625, 32.16, 61.354
2626, 32.06, 61.387
2627, 31.96, 61.42
2628, 31.91, 61.437
2629, 31.81, 61.47
2630, 31.72, 61.504
2631, 31.63, 61.537
2632, 31.56, 61.57
2633, 31.5, 61.604
2634, 31.51, 61.637
2635, 31.61, 61.67
2636, 31.62, 61.687
2637, 31.66, 61.72
2638, 31.73, 61.754
2639, 31.8, 61.787
2640, 31.89, 61.82
2641, 31.94, 61.854
2642, 32, 61.887
2643, 32.1, 61.92
2644, 32.15, 61.937
2645, 32.19, 61.97
2646, 32.25, 62.004
2647, 32.28, 62.037
2648, 32.32, 62.07
2649, 32.45, 62.104
2650, 32.47, 62.12
2651, 32.42, 62.154
2652, 32.36, 62.187
2653, 32.3, 62.22
2654, 32.15, 62.254
2655, 32.08, 62.27
2656, 32, 62.304
2657, 31.93, 62.337
2658, 31.87, 62.37
2659, 31.81, 62.404
2660, 31.81, 62.437
2661, 31.8, 62.47
2662, 31.77, 62.504
2663, 31.8, 62.52
2664, 31.8, 62.554
2665, 31.73, 62.587
2666, 31.68, 62.62
2667, 31.69, 62.654
2668, 31.68, 62.687
2669, 31.66, 62.72
2670, 31.62, 62.754
2671, 31.56, 62.787
2672, 31.49, 62.82
2673, 31.39, 62.837
2674, 31.27, 62.87
2675, 31.22, 62.904
2676, 31.12, 62.937
2677, 31.02, 62.97
2678, 30.93, 63.004
2679, 30.84, 63.037
2680, 30.74, 63.07
2681, 30.63, 63.104
2682, 30.54, 63.137
2683, 30.45, 63.17
2684, 30.34, 63.204
2685, 30.24, 63.237
2686, 30.15, 63.27
2687, 30.06, 63.304
2688, 29.97, 63.337
2689, 29.9, 63.37
2690, 29.85, 63.404
2691, 29.96, 63.437
2692, 30.06, 63.47
2693, 30.13, 63.504
2694, 30.22, 63.537
2695, 30.36, 63.57
2696, 30.49, 63.604
2697, 30.66, 63.637
2698, 30.79, 63.67
2699, 30.94, 63.704
2700, 31.08, 63.737
2701, 31.22, 63.77
2702, 31.3, 63.787
2703, 31.41, 63.82
2704, 31.39, 63.854
2705, 31.33, 63.887
2706, 31.27, 63.92
2707, 31.1, 63.954
2708, 31.02, 63.987
2709, 30.95, 64.02
2710, 30.84, 64.054
2711, 30.76, 64.087
2712, 30.69, 64.12
2713, 30.61, 64.154
2714, 30.51, 64.187
2715, 30.41, 64.22
2716, 30.33, 64.254
2717, 30.24, 64.287
2718, 30.15, 64.32
2719, 30.05, 64.354
2720, 29.94, 64.387
2721, 29.84, 64.42
2722, 29.74, 64.454
2723, 29.63, 64.487
2724, 29.52, 64.52
2725, 29.38, 64.554
2726, 29.27, 64.587
2727, 29.17, 64.62
2728, 29.02, 64.654
2729, 28.83, 64.687
2730, 28.69, 64.72
2731, 28.52, 64.754
2732, 28.32, 64.787
2733, 28, 64.837
2734, 27.72, 64.87
2735, 27.43, 64.904
2736, 27.18, 64.937
2737, 26.81, 64.97
2738, 26.16, 65.02
2739, 25.8, 65.054
2740, 25.06, 65.12
2741, 24.89, 65.137
2742, 24.55, 65.17
2743, 24.12, 65.204
2744, 23.58, 65.254
2745, 22.96, 65.304
2746, 22.54, 65.337
2747, 21.98, 65.387
2748, 21.38, 65.437
2749, 20.99, 65.47
2750, 20.42, 65.52
2751, 19.89, 65.57
2752, 19.45, 65.62
2753, 19.03, 65.687
2754, 18.75, 65.737
2755, 18.52, 65.787
2756, 18.32, 65.837
2757, 18.02, 65.904
2758, 17.75, 65.954
2759, 17.47, 66.004
2760, 17.11, 66.07
2761, 16.71, 66.137
2762, 16.39, 66.204
2763, 16.19, 66.254
2764, 15.89, 66.32
2765, 15.48, 66.404
2766, 15.19, 66.47
2767, 14.99, 66.537
2768, 14.76, 66.604
2769, 14.52, 66.687
2770, 14.19, 66.77
2771, 14.03, 66.837
2772, 13.77, 66.92
2773, 13.45, 67.004
2774, 13.1, 67.104
2775, 12.89, 67.187
2776, 12.71, 67.287
2777, 12.57, 67.387
2778, 12.44, 67.487
2779, 12.31, 67.587
2780, 12.16, 67.687
2781, 12.04, 67.787
2782, 12.15, 67.887
2783, 12.5, 67.987
2784, 12.67, 68.087
2785, 12.86, 68.17
2786, 13.46, 68.27
2787, 13.84, 68.354
2788, 14.15, 68.42
2789, 14.52, 68.504
2790, 14.9, 68.587
2791, 15.16, 68.654
2792, 15.51, 68.72
2793, 15.99, 68.787
2794, 16.58, 68.854
2795, 17.2, 68.92
2796, 17.59, 68.97
2797, 18.2, 69.037
2798, 18.68, 69.087
2799, 19.12, 69.137
2800, 19.78, 69.204
2801, 20.28, 69.254
2802, 20.71, 69.304
2803, 21.26, 69.354
2804, 21.57, 69.387
2805, 21.98, 69.437
2806, 22.45, 69.487
2807, 22.91, 69.537
2808, 23.21, 69.57
2809, 23.67, 69.62
2810, 24.01, 69.654
2811, 24.47, 69.704
2812, 24.75, 69.737
2813, 25.23, 69.787
2814, 25.56, 69.82
2815, 26.01, 69.87
2816, 26.32, 69.904
2817, 26.64, 69.937
2818, 26.95, 69.97
2819, 27.34, 70.02
2820, 27.6, 70.054
2821, 27.83, 70.087
2822, 28.13, 70.12
2823, 28.51, 70.154
2824, 28.84, 70.187
2825, 29.09, 70.22
2826, 29.5, 70.27
2827, 29.79, 70.304
2828, 29.97, 70.337
2829, 30.07, 70.37
2830, 30.37, 70.404
2831, 30.55, 70.437
2832, 30.83, 70.47
2833, 30.95, 70.487
2834, 31.18, 70.52
2835, 31.42, 70.554
2836, 31.65, 70.587
2837, 31.88, 70.62
2838, 32.09, 70.654
2839, 32.31, 70.687
2840, 32.5, 70.72
2841, 32.81, 70.754
2842, 32.98, 70.77
2843, 33.19, 70.804
2844, 33.37, 70.837
2845, 33.59, 70.87
2846, 33.79, 70.904
2847, 33.92, 70.92
2848, 34.23, 70.954
2849, 34.45, 70.987
2850, 34.64, 71.02
2851, 34.75, 71.037
2852, 34.99, 71.07
2853, 35.17, 71.104
2854, 35.35, 71.137
2855, 35.49, 71.154
2856, 35.81, 71.187
2857, 36, 71.22
2858, 36.09, 71.237
2859, 36.24, 71.27
2860, 36.48, 71.304
2861, 36.64, 71.32
2862, 36.9, 71.354
2863, 36.98, 71.37
2864, 37.16, 71.404
2865, 37.39, 71.437
2866, 37.5, 71.454
2867, 37.73, 71.487
2868, 37.84, 71.504
2869, 38, 71.537
2870, 38.2, 71.57
2871, 38.34, 71.587
2872, 38.57, 71.62
2873, 38.65, 71.637
2874, 38.85, 71.67
2875, 38.98, 71.687
2876, 39.16, 71.72
2877, 39.24, 71.737
2878, 39.41, 71.77
2879, 39.61, 71.804
2880, 39.72, 71.82
2881, 39.93, 71.854
2882, 39.93, 71.87
2883, 39.99, 71.904
2884, 40.1, 71.92
2885, 40.35, 71.954
2886, 40.51, 71.97
2887, 40.64, 72.004
2888, 40.7, 72.02
2889, 40.8, 72.037
2890, 41.02, 72.07
2891, 41.09, 72.087
2892, 41.21, 72.12
2893, 41.32, 72.137
2894, 41.54, 72.17
2895, 41.61, 72.187
2896, 41.76, 72.22
2897, 41.85, 72.237
2898, 42.03, 72.27
2899, 42.12, 72.287
2900, 42.21, 72.304
2901, 42.37, 72.337
2902, 42.45, 72.354
2903, 42.61, 72.387
2904, 42.7, 72.404
2905, 42.8, 72.42
2906, 42.96, 72.454
2907, 43.01, 72.47
2908, 43.2, 72.504
2909, 43.31, 72.52
2910, 43.4, 72.537
2911, 43.51, 72.57
2912, 43.6, 72.587
2913, 43.79, 72.62
2914, 43.86, 72.637
2915, 43.92, 72.654
2916, 44.12, 72.687
2917, 44.22, 72.704
2918, 44.29, 72.72
2919, 44.4, 72.754
2920, 44.45, 72.77
2921, 44.51, 72.787
2922, 44.75, 72.82
2923, 44.87, 72.837
2924, 44.95, 72.854
2925, 45.06, 72.887
2926, 45.13, 72.904
2927, 45.22, 72.92
2928, 45.37, 72.954
2929, 45.44, 72.97
2930, 45.51, 72.987
2931, 45.66, 73.02
2932, 45.76, 73.037
2933, 45.86, 73.054
2934, 46.02, 73.087
2935, 46.08, 73.104
2936, 46.15, 73.12
2937, 46.31, 73.154
2938, 46.38, 73.17
2939, 46.45, 73.187
2940, 46.52, 73.204
2941, 46.7, 73.237
2942, 46.79, 73.254
2943, 46.86, 73.27
2944, 47, 73.304
2945, 47.07, 73.32
2946, 47.15, 73.337
2947, 47.21, 73.354
2948, 47.35, 73.387
2949, 47.42, 73.404
2950, 47.49, 73.42
2951, 47.57, 73.437
2952, 47.75, 73.47
2953, 47.83, 73.487
2954, 47.88, 73.504
2955, 47.94, 73.52
2956, 48.09, 73.554
2957, 48.15, 73.57
2958, 48.21, 73.587
2959, 48.28, 73.604
2960, 48.45, 73.637
2961, 48.52, 73.654
2962, 48.57, 73.67
2963, 48.61, 73.687
2964, 48.73, 73.72
2965, 48.81, 73.737
2966, 48.89, 73.754
2967, 48.97, 73.77
2968, 49.07, 73.804
2969, 49.12, 73.82
2970, 49.19, 73.837
2971, 49.26, 73.854
2972, 49.33, 73.87
2973, 49.45, 73.904
2974, 49.5, 73.92
2975, 49.49, 73.937
2976, 49.45, 73.954
2977, 49.7, 73.987
2978, 49.73, 74.004
2979, 49.78, 74.02
2980, 49.85, 74.037
2981, 49.9, 74.054
2982, 49.98, 74.087
2983, 50.06, 74.104
2984, 50.15, 74.12
2985, 50.22, 74.137
2986, 50.25, 74.154
2987, 50.35, 74.187
2988, 50.41, 74.204
2989, 50.47, 74.22
2990, 50.54, 74.237
2991, 50.61, 74.254
2992, 50.67, 74.27
2993, 50.78, 74.304
2994, 50.83, 74.32
2995, 50.88, 74.337
2996, 50.93, 74.354
2997, 51, 74.37
2998, 51.15, 74.404
2999, 51.18, 74.42
3000, 51.22, 74.437
3001, 51.27, 74.454
3002, 51.33, 74.47
3003, 51.41, 74.487
3004, 51.53, 74.52
3005, 51.57, 74.537
3006, 51.62, 74.554
3007, 51.67, 74.57
3008, 51.74, 74.587
3009, 51.8, 74.604
3010, 51.91, 74.637
3011, 51.95, 74.654
3012, 52.02, 74.67
3013, 52.08, 74.687
3014, 52.13, 74.704
3015, 52.18, 74.72
3016, 52.24, 74.737
3017, 52.36, 74.77
3018, 52.4, 74.787
3019, 52.44, 74.804
3020, 52.47, 74.82
3021, 52.53, 74.837
3022, 52.62, 74.854
3023, 52.71, 74.87
3024, 52.77, 74.904
3025, 52.82, 74.92
3026, 52.88, 74.937
3027, 52.94, 74.954
3028, 53, 74.97
3029, 53.06, 74.987
3030, 53.11, 75.004
3031, 53.21, 75.037
3032, 53.26, 75.054
3033, 53.31, 75.07
3034, 53.36, 75.087
3035, 53.43, 75.104
3036, 53.49, 75.12
3037, 53.54, 75.137
3038, 53.57, 75.154
3039, 53.66, 75.187
3040, 53.73, 75.204
3041, 53.8, 75.22
3042, 53.87, 75.237
3043, 53.91, 75.254
3044, 53.95, 75.27
3045, 54, 75.287
3046, 54.05, 75.304
3047, 54.11, 75.32
3048, 54.2, 75.354
3049, 54.25, 75.37
3050, 54.3, 75.387
3051, 54.36, 75.404
3052, 54.41, 75.42
3053, 54.46, 75.437
3054, 54.51, 75.454
3055, 54.56, 75.47
3056, 54.61, 75.487
3057, 54.66, 75.504
3058, 54.76, 75.537
3059, 54.81, 75.554
3060, 54.86, 75.57
3061, 54.92, 75.587
3062, 54.97, 75.604
3063, 55.02, 75.62
3064, 55.07, 75.637
3065, 55.12, 75.654
3066, 55.18, 75.67
3067, 55.23, 75.687
3068, 55.28, 75.704
3069, 55.37, 75.737
3070, 55.42, 75.754
3071, 55.46, 75.77
3072, 55.51, 75.787
3073, 55.57, 75.804
3074, 55.63, 75.82
3075, 55.68, 75.837
3076, 55.71, 75.854
3077, 55.75, 75.87
3078, 55.8, 75.887
3079, 55.86, 75.904
3080, 55.92, 75.92
3081, 55.98, 75.937
3082, 56.07, 75.97
3083, 56.11, 75.987
3084, 56.16, 76.004
3085, 56.21, 76.02
3086, 56.25, 76.037
3087, 56.28, 76.054
3088, 56.34, 76.07
3089, 56.4, 76.087
3090, 56.47, 76.104
3091, 56.51, 76.12
3092, 56.55, 76.137
3093, 56.61, 76.154
3094, 56.65, 76.17
3095, 56.68, 76.187
3096, 56.71, 76.204
3097, 56.74, 76.22
3098, 56.87, 76.254
3099, 56.94, 76.27
3100, 56.99, 76.287
3101, 57.02, 76.304
3102, 57.05, 76.32
3103, 57.11, 76.337
3104, 57.16, 76.354
3105, 57.22, 76.37
3106, 57.27, 76.387
3107, 57.3, 76.404
3108, 57.34, 76.42
3109, 57.4, 76.437
3110, 57.44, 76.454
3111, 57.48, 76.47
3112, 57.54, 76.487
3113, 57.61, 76.504
3114, 57.64, 76.52
3115, 57.66, 76.537
3116, 57.69, 76.554
3117, 57.74, 76.57
3118, 57.81, 76.587
3119, 57.94, 76.62
3120, 57.96, 76.637
3121, 57.99, 76.654
3122, 58.03, 76.67
3123, 58.09, 76.687
3124, 58.14, 76.704
3125, 58.18, 76.72
3126, 58.22, 76.737
3127, 58.27, 76.754
3128, 58.31, 76.77
3129, 58.35, 76.787
3130, 58.39, 76.804
3131, 58.45, 76.82
3132, 58.5, 76.837
3133, 58.54, 76.854
3134, 58.57, 76.87
3135, 58.61, 76.887
3136, 58.66, 76.904
3137, 58.7, 76.92
3138, 58.75, 76.937
3139, 58.79, 76.954
3140, 58.83, 76.97
3141, 58.87, 76.987
3142, 58.91, 77.004
3143, 58.96, 77.02
3144, 58.96, 77.02
