0, 64.44, 68.76
1, 64.46, 68.776
2, 64.48, 68.793
3, 64.51, 68.81
4, 64.53, 68.826
5, 64.56, 68.843
6, 64.58, 68.86
7, 64.61, 68.876
8, 64.63, 68.893
9, 64.66, 68.91
10, 64.68, 68.926
11, 64.71, 68.943
12, 64.73, 68.96
13, 64.73, 68.96
14, 64.75, 68.976
15, 64.78, 68.993
16, 64.8, 69.01
17, 64.83, 69.026
18, 64.85, 69.043
19, 64.88, 69.06
20, 64.91, 69.076
21, 64.93, 69.093
22, 64.95, 69.11
23, 64.98, 69.126
24, 65, 69.143
25, 65.02, 69.16
26, 65.05, 69.176
27, 65.05, 69.176
28, 65.07, 69.193
29, 65.09, 69.21
30, 65.11, 69.226
31, 65.14, 69.243
32, 65.16, 69.26
33, 65.18, 69.276
34, 65.21, 69.293
35, 65.23, 69.31
36, 65.25, 69.326
37, 65.28, 69.343
38, 65.3, 69.36
39, 65.3, 69.36
40, 65.33, 69.376
41, 65.36, 69.393
42, 65.38, 69.41
43, 65.4, 69.426
44, 65.42, 69.443
45, 65.44, 69.46
46, 65.46, 69.476
47, 65.49, 69.493
48, 65.51, 69.51
49, 65.53, 69.526
50, 65.56, 69.543
51, 65.56, 69.543
52, 65.58, 69.56
53, 65.6, 69.576
54, 65.62, 69.593
55, 65.64, 69.61
56, 65.66, 69.626
57, 65.69, 69.643
58, 65.71, 69.66
59, 65.73, 69.676
60, 65.75, 69.693
61, 65.77, 69.71
62, 65.8, 69.726
63, 65.8, 69.726
64, 65.82, 69.743
65, 65.84, 69.76
66, 65.86, 69.776
67, 65.88, 69.793
68, 65.9, 69.81
69, 65.92, 69.826
70, 65.94, 69.843
71, 65.96, 69.86
72, 65.98, 69.876
73, 66.01, 69.893
74, 66.01, 69.893
75, 66.03, 69.91
76, 66.05, 69.926
77, 66.07, 69.943
78, 66.1, 69.96
79, 66.12, 69.976
80, 66.14, 69.993
81, 66.16, 70.01
82, 66.18, 70.026
83, 66.2, 70.043
84, 66.22, 70.06
85, 66.22, 70.06
86, 66.24, 70.076
87, 66.26, 70.093
88, 66.28, 70.11
89, 66.3, 70.126
90, 66.32, 70.143
91, 66.34, 70.16
92, 66.36, 70.176
93, 66.38, 70.193
94, 66.4, 70.21
95, 66.4, 70.21
96, 66.43, 70.226
97, 66.45, 70.243
98, 66.47, 70.26
99, 66.48, 70.276
100, 66.5, 70.293
101, 66.52, 70.31
102, 66.54, 70.326
103, 66.57, 70.343
104, 66.59, 70.36
105, 66.59, 70.36
106, 66.61, 70.376
107, 66.63, 70.393
108, 66.65, 70.41
109, 66.66, 70.426
110, 66.68, 70.443
111, 66.7, 70.46
112, 66.72, 70.476
113, 66.74, 70.493
114, 66.76, 70.51
115, 66.76, 70.51
116, 66.78, 70.526
117, 66.8, 70.543
118, 66.81, 70.56
119, 66.83, 70.576
120, 66.85, 70.593
121, 66.87, 70.61
122, 66.89, 70.626
123, 66.91, 70.643
124, 66.93, 70.66
125, 66.93, 70.66
126, 66.96, 70.676
127, 66.97, 70.693
128, 66.99, 70.71
129, 67.01, 1.984
130, 67.02, 2
131, 67.04, 2.017
132, 67.06, 2.034
133, 67.08, 2.05
134, 67.1, 2.067
135, 67.1, 2.067
136, 67.12, 2.084
137, 67.14, 2.1
138, 67.16, 2.117
139, 67.18, 2.134
140, 67.19, 2.15
141, 67.21, 2.167
142, 67.23, 2.184
143, 67.24, 2.2
144, 67.24, 2.2
145, 67.25, 2.217
146, 67.26, 2.234
147, 67.27, 2.25
148, 67.28, 2.267
149, 67.29, 2.284
150, 67.29, 2.3
151, 67.29, 2.317
152, 67.3, 2.334
153, 67.3, 2.334
154, 67.29, 2.35
155, 67.28, 2.367
156, 67.25, 2.384
157, 67.2, 2.4
158, 67.13, 2.417
159, 67.05, 2.434
160, 66.96, 2.45
161, 66.86, 2.467
162, 66.76, 2.484
163, 66.76, 2.484
164, 66.61, 2.5
165, 66.42, 2.517
166, 66.3, 2.534
167, 66.15, 2.55
168, 65.98, 2.567
169, 65.77, 2.584
170, 65.56, 2.6
171, 65.36, 2.617
172, 65.11, 2.634
173, 64.86, 2.65
174, 64.86, 2.65
175, 64.59, 2.667
176, 64.3, 2.684
177, 63.99, 2.7
178, 63.67, 2.717
179, 63.32, 2.734
180, 62.98, 2.75
181, 62.64, 2.767
182, 62.3, 2.784
183, 61.94, 2.8
184, 61.57, 2.817
185, 61.2, 2.834
186, 60.82, 2.85
187, 60.45, 2.867
188, 60.08, 2.884
189, 59.71, 2.9
190, 59.35, 2.917
191, 59.01, 2.934
192, 58.68, 2.95
193, 58.34, 2.967
194, 58.02, 2.984
195, 57.68, 3
196, 57.34, 3.017
197, 57.02, 3.034
198, 56.73, 3.05
199, 56.44, 3.067
200, 56.13, 3.084
201, 55.77, 3.1
202, 55.47, 3.117
203, 54.93, 3.15
204, 54.65, 3.167
205, 54.38, 3.184
206, 54.07, 3.2
207, 53.79, 3.217
208, 53.52, 3.234
209, 53.23, 3.25
210, 52.93, 3.267
211, 52.65, 3.284
212, 52.09, 3.317
213, 51.8, 3.334
214, 51.52, 3.35
215, 51.23, 3.367
216, 50.94, 3.384
217, 50.66, 3.4
218, 50.09, 3.434
219, 49.79, 3.45
220, 49.51, 3.467
221, 49.22, 3.484
222, 48.94, 3.5
223, 48.36, 3.534
224, 48.07, 3.55
225, 47.78, 3.567
226, 47.51, 3.584
227, 46.96, 3.617
228, 46.69, 3.634
229, 46.42, 3.65
230, 45.85, 3.684
231, 45.56, 3.7
232, 45.29, 3.717
233, 45.04, 3.734
234, 44.56, 3.767
235, 44.3, 3.784
236, 43.81, 3.817
237, 43.58, 3.834
238, 43.33, 3.85
239, 42.83, 3.884
240, 42.6, 3.9
241, 42.37, 3.917
242, 41.89, 3.95
243, 41.65, 3.967
244, 41.17, 4
245, 40.93, 4.017
246, 40.46, 4.05
247, 40.21, 4.067
248, 39.7, 4.1
249, 39.46, 4.117
250, 38.98, 4.15
251, 38.74, 4.167
252, 38.21, 4.2
253, 37.66, 4.234
254, 37.41, 4.25
255, 36.95, 4.284
256, 36.75, 4.3
257, 36.29, 4.334
258, 35.94, 4.367
259, 35.77, 4.384
260, 35.46, 4.417
261, 35.17, 4.45
262, 34.88, 4.484
263, 34.75, 4.5
264, 34.47, 4.534
265, 34.2, 4.567
266, 33.93, 4.6
267, 33.65, 4.634
268, 33.51, 4.65
269, 33.23, 4.684
270, 32.96, 4.717
271, 32.69, 4.75
272, 32.42, 4.784
273, 32.17, 4.817
274, 31.95, 4.85
275, 31.74, 4.884
276, 31.56, 4.917
277, 31.4, 4.95
278, 31.25, 4.984
279, 31.11, 5.017
280, 30.97, 5.05
281, 30.85, 5.084
282, 30.72, 5.117
283, 30.6, 5.15
284, 30.48, 5.184
285, 30.35, 5.217
286, 30.22, 5.25
287, 30.09, 5.284
288, 29.97, 5.317
289, 29.85, 5.35
290, 29.72, 5.384
291, 29.61, 5.417
292, 29.5, 5.45
293, 29.36, 5.5
294, 29.28, 5.534
295, 29.2, 5.567
296, 29.12, 5.6
297, 29.04, 5.634
298, 28.98, 5.667
299, 28.89, 5.717
300, 28.81, 5.75
301, 28.7, 5.784
302, 28.58, 5.817
303, 28.43, 5.867
304, 28.38, 5.9
305, 28.35, 5.934
306, 28.29, 5.967
307, 28.16, 6.017
308, 27.99, 6.05
309, 27.81, 6.084
310, 27.47, 6.117
311, 27.35, 6.167
312, 27.32, 6.2
313, 27.23, 6.234
314, 27.01, 6.284
315, 26.87, 6.317
316, 26.73, 6.35
317, 26.52, 6.4
318, 26.42, 6.434
319, 26.31, 6.467
320, 26.06, 6.517
321, 25.91, 6.55
322, 25.69, 6.6
323, 25.51, 6.634
324, 25.31, 6.667
325, 25.02, 6.717
326, 24.82, 6.75
327, 24.46, 6.8
328, 24.22, 6.834
329, 23.87, 6.884
330, 23.62, 6.917
331, 23.22, 6.967
332, 22.97, 7
333, 22.6, 7.05
334, 22.35, 7.084
335, 21.99, 7.134
336, 21.65, 7.184
337, 21.46, 7.234
338, 21.26, 7.284
339, 21.15, 7.317
340, 21.02, 7.367
341, 20.92, 7.417
342, 20.83, 7.467
343, 20.74, 7.517
344, 20.64, 7.567
345, 20.56, 7.617
346, 20.48, 7.667
347, 20.37, 7.717
348, 20.3, 7.767
349, 20.2, 7.817
350, 20.11, 7.867
351, 19.99, 7.917
352, 19.94, 7.967
353, 19.88, 8.017
354, 19.79, 8.067
355, 19.74, 8.117
356, 19.68, 8.167
357, 19.74, 8.217
358, 19.77, 8.267
359, 19.86, 8.317
360, 20.14, 8.367
361, 20.22, 8.417
362, 20.32, 8.45
363, 20.63, 8.5
364, 20.76, 8.55
365, 20.95, 8.6
366, 21.09, 8.634
367, 21.3, 8.684
368, 21.55, 8.734
369, 21.74, 8.767
370, 22.03, 8.817
371, 22.37, 8.867
372, 22.58, 8.9
373, 22.91, 8.95
374, 23.11, 8.984
375, 23.45, 9.034
376, 23.7, 9.067
377, 23.96, 9.117
378, 24.17, 9.15
379, 24.5, 9.2
380, 24.69, 9.234
381, 25.01, 9.284
382, 25.19, 9.317
383, 25.43, 9.35
384, 25.72, 9.384
385, 26.01, 9.434
386, 26.24, 9.467
387, 26.51, 9.5
388, 26.76, 9.534
389, 27.11, 9.584
390, 27.43, 9.617
391, 27.76, 9.65
392, 28.03, 9.684
393, 28.3, 9.717
394, 28.59, 9.75
395, 28.87, 9.784
396, 29.17, 9.817
397, 29.46, 9.85
398, 29.72, 9.884
399, 29.99, 9.917
400, 30.27, 9.95
401, 30.53, 9.984
402, 30.68, 10.017
403, 30.75, 10.05
404, 31.03, 10.084
405, 31.22, 10.117
406, 31.47, 10.15
407, 31.67, 10.184
408, 31.91, 10.217
409, 32.12, 10.25
410, 32.23, 10.267
411, 32.48, 10.3
412, 32.74, 10.334
413, 32.95, 10.367
414, 33.16, 10.4
415, 33.4, 10.434
416, 33.52, 10.45
417, 33.75, 10.484
418, 33.97, 10.517
419, 34.19, 10.55
420, 34.3, 10.567
421, 34.53, 10.6
422, 34.75, 10.634
423, 34.96, 10.667
424, 35.07, 10.684
425, 35.28, 10.717
426, 35.49, 10.75
427, 35.59, 10.767
428, 35.81, 10.8
429, 36.06, 10.834
430, 36.25, 10.867
431, 36.35, 10.884
432, 36.59, 10.917
433, 36.71, 10.934
434, 36.9, 10.967
435, 37.11, 11
436, 37.23, 11.017
437, 37.43, 11.05
438, 37.64, 11.084
439, 37.74, 11.1
440, 37.95, 11.134
441, 38.05, 11.15
442, 38.24, 11.184
443, 38.34, 11.2
444, 38.57, 11.234
445, 38.76, 11.267
446, 38.86, 11.284
447, 39.05, 11.317
448, 39.15, 11.334
449, 39.34, 11.367
450, 39.43, 11.384
451, 39.59, 11.417
452, 39.68, 11.434
453, 39.87, 11.467
454, 39.97, 11.484
455, 40.15, 11.517
456, 40.23, 11.534
457, 40.39, 11.567
458, 40.44, 11.584
459, 40.41, 11.617
460, 40.54, 11.634
461, 40.8, 11.667
462, 40.83, 11.684
463, 40.91, 11.7
464, 41.1, 11.734
465, 41.18, 11.75
466, 41.33, 11.784
467, 41.41, 11.8
468, 41.57, 11.834
469, 41.66, 11.85
470, 41.78, 11.884
471, 41.86, 11.9
472, 41.97, 11.917
473, 42.18, 11.95
474, 42.23, 11.967
475, 42.36, 12
476, 42.43, 12.017
477, 42.51, 12.034
478, 42.64, 12.067
479, 42.7, 12.084
480, 42.9, 12.117
481, 43, 12.134
482, 43.07, 12.15
483, 43.16, 12.184
484, 43.24, 12.2
485, 43.4, 12.234
486, 43.45, 12.25
487, 43.5, 12.267
488, 43.66, 12.3
489, 43.78, 12.317
490, 43.87, 12.334
491, 43.98, 12.367
492, 44.04, 12.384
493, 44.2, 12.417
494, 44.27, 12.434
495, 44.33, 12.45
496, 44.48, 12.484
497, 44.57, 12.5
498, 44.65, 12.517
499, 44.81, 12.55
500, 44.88, 12.567
501, 44.95, 12.584
502, 45.1, 12.617
503, 45.16, 12.634
504, 45.23, 12.65
505, 45.38, 12.684
506, 45.45, 12.7
507, 45.53, 12.717
508, 45.68, 12.75
509, 45.75, 12.767
510, 45.82, 12.784
511, 45.97, 12.817
512, 46.04, 12.834
513, 46.11, 12.85
514, 46.26, 12.884
515, 46.34, 12.9
516, 46.41, 12.917
517, 46.49, 12.934
518, 46.62, 12.967
519, 46.69, 12.984
520, 46.76, 13
521, 46.9, 13.034
522, 46.96, 13.05
523, 47.04, 13.067
524, 47.11, 13.084
525, 47.25, 13.117
526, 47.31, 13.134
527, 47.39, 13.15
528, 47.53, 13.184
529, 47.59, 13.2
530, 47.66, 13.217
531, 47.73, 13.234
532, 47.87, 13.267
533, 47.94, 13.284
534, 48, 13.3
535, 48.07, 13.317
536, 48.21, 13.35
537, 48.27, 13.367
538, 48.34, 13.384
539, 48.41, 13.4
540, 48.54, 13.434
541, 48.61, 13.45
542, 48.68, 13.467
543, 48.74, 13.484
544, 48.87, 13.517
545, 48.94, 13.534
546, 49, 13.55
547, 49.07, 13.567
548, 49.14, 13.584
549, 49.27, 13.617
550, 49.33, 13.634
551, 49.4, 13.65
552, 49.46, 13.667
553, 49.58, 13.7
554, 49.57, 13.717
555, 49.53, 13.734
556, 49.65, 13.75
557, 49.77, 13.767
558, 49.84, 13.8
559, 49.91, 13.817
560, 49.98, 13.834
561, 50.03, 13.85
562, 50.09, 13.867
563, 50.21, 13.9
564, 50.26, 13.917
565, 50.32, 13.934
566, 50.38, 13.95
567, 50.44, 13.967
568, 50.55, 14
569, 50.6, 14.017
570, 50.66, 14.034
571, 50.72, 14.05
572, 50.77, 14.067
573, 50.83, 14.084
574, 50.93, 14.117
575, 50.99, 14.134
576, 51.04, 14.15
577, 51.11, 14.167
578, 51.17, 14.184
579, 51.28, 14.217
580, 51.34, 14.234
581, 51.39, 14.25
582, 51.44, 14.267
583, 51.5, 14.284
584, 51.55, 14.3
585, 51.67, 14.334
586, 51.72, 14.35
587, 51.78, 14.367
588, 51.83, 14.384
589, 51.88, 14.4
590, 51.94, 14.417
591, 51.99, 14.434
592, 52.1, 14.467
593, 52.15, 14.484
594, 52.2, 14.5
595, 52.25, 14.517
596, 52.3, 14.534
597, 52.35, 14.55
598, 52.45, 14.584
599, 52.5, 14.6
600, 52.55, 14.617
601, 52.61, 14.634
602, 52.66, 14.65
603, 52.71, 14.667
604, 52.76, 14.684
605, 52.81, 14.7
606, 52.92, 14.734
607, 52.97, 14.75
608, 53.02, 14.767
609, 53.08, 14.784
610, 53.13, 14.8
611, 53.18, 14.817
612, 53.23, 14.834
613, 53.33, 14.867
614, 53.38, 14.884
615, 53.43, 14.9
616, 53.48, 14.917
617, 53.53, 14.934
618, 53.57, 14.95
619, 53.62, 14.967
620, 53.67, 14.984
621, 53.77, 15.017
622, 53.82, 15.034
623, 53.87, 15.05
624, 53.92, 15.067
625, 53.98, 15.084
626, 54.03, 15.1
627, 54.08, 15.117
628, 54.13, 15.134
629, 54.18, 15.15
630, 54.28, 15.184
631, 54.33, 15.2
632, 54.38, 15.217
633, 54.44, 15.234
634, 54.49, 15.25
635, 54.55, 15.267
636, 54.59, 15.284
637, 54.65, 15.3
638, 54.7, 15.317
639, 54.75, 15.334
640, 54.84, 15.367
641, 54.88, 15.384
642, 54.92, 15.4
643, 54.96, 15.417
644, 54.99, 15.434
645, 55.03, 15.45
646, 55.05, 15.467
647, 55.05, 15.484
648, 55.03, 15.5
649, 54.99, 15.517
650, 54.94, 15.534
651, 54.83, 15.567
652, 54.77, 15.584
653, 54.7, 15.6
654, 54.62, 15.617
655, 54.47, 15.634
656, 54.37, 15.65
657, 54.31, 15.667
658, 54.21, 15.684
659, 54.1, 15.7
660, 53.95, 15.717
661, 53.72, 15.75
662, 53.58, 15.767
663, 53.43, 15.784
664, 53.28, 15.8
665, 53.13, 15.817
666, 52.96, 15.834
667, 52.79, 15.85
668, 52.61, 15.867
669, 52.24, 15.9
670, 52.04, 15.917
671, 51.83, 15.934
672, 51.61, 15.95
673, 51.4, 15.967
674, 51.17, 15.984
675, 50.71, 16.017
676, 50.48, 16.034
677, 50.24, 16.05
678, 50.02, 16.067
679, 49.79, 16.084
680, 49.19, 16.117
681, 48.93, 16.134
682, 48.71, 16.15
683, 48.48, 16.167
684, 48.23, 16.184
685, 47.76, 16.217
686, 47.56, 16.234
687, 47.37, 16.25
688, 47.03, 16.284
689, 46.89, 16.3
690, 46.77, 16.317
691, 46.64, 16.334
692, 46.43, 16.367
693, 46.33, 16.384
694, 46.24, 16.4
695, 46.06, 16.434
696, 45.97, 16.45
697, 45.89, 16.467
698, 45.81, 16.484
699, 45.64, 16.517
700, 45.56, 16.534
701, 45.48, 16.55
702, 45.31, 16.584
703, 45.23, 16.6
704, 45.15, 16.617
705, 45.01, 16.65
706, 44.93, 16.667
707, 44.86, 16.684
708, 44.72, 16.717
709, 44.65, 16.734
710, 44.51, 16.767
711, 44.44, 16.784
712, 44.38, 16.8
713, 44.26, 16.834
714, 44.2, 16.85
715, 44.14, 16.867
716, 44.02, 16.9
717, 43.96, 16.917
718, 43.9, 16.934
719, 43.78, 16.967
720, 43.72, 16.984
721, 43.61, 17.017
722, 43.55, 17.034
723, 43.49, 17.05
724, 43.37, 17.084
725, 43.31, 17.1
726, 43.25, 17.117
727, 43.14, 17.15
728, 43.08, 17.167
729, 42.96, 17.2
730, 42.91, 17.217
731, 42.85, 17.234
732, 42.73, 17.267
733, 42.66, 17.284
734, 42.54, 17.317
735, 42.48, 17.334
736, 42.42, 17.35
737, 42.31, 17.384
738, 42.26, 17.4
739, 42.15, 17.434
740, 42.1, 17.45
741, 42.04, 17.467
742, 41.93, 17.5
743, 41.88, 17.517
744, 41.77, 17.55
745, 41.72, 17.567
746, 41.62, 17.6
747, 41.59, 17.617
748, 41.56, 17.634
749, 41.51, 17.667
750, 41.55, 17.684
751, 41.56, 17.717
752, 41.55, 17.734
753, 41.57, 17.75
754, 41.61, 17.784
755, 41.63, 17.8
756, 41.67, 17.834
757, 41.71, 17.85
758, 41.74, 17.867
759, 41.8, 17.9
760, 41.83, 17.917
761, 41.89, 17.95
762, 41.92, 17.967
763, 41.95, 17.984
764, 41.98, 18.017
765, 41.97, 18.034
766, 41.96, 18.05
767, 41.88, 18.084
768, 41.85, 18.1
769, 41.77, 18.134
770, 41.72, 18.15
771, 41.65, 18.167
772, 41.57, 18.2
773, 41.53, 18.217
774, 41.5, 18.234
775, 41.5, 18.267
776, 41.47, 18.284
777, 41.4, 18.317
778, 41.39, 18.334
779, 41.39, 18.35
780, 41.35, 18.384
781, 41.34, 18.4
782, 41.34, 18.417
783, 41.35, 18.45
784, 41.35, 18.467
785, 41.36, 18.5
786, 41.38, 18.517
787, 41.39, 18.534
788, 41.43, 18.567
789, 41.46, 18.584
790, 41.49, 18.6
791, 41.55, 18.634
792, 41.58, 18.65
793, 41.62, 18.667
794, 41.72, 18.7
795, 41.76, 18.717
796, 41.79, 18.734
797, 41.86, 18.767
798, 41.91, 18.784
799, 41.94, 18.8
800, 42, 18.834
801, 42.03, 18.85
802, 42.06, 18.867
803, 42.1, 18.9
804, 42.12, 18.917
805, 42.14, 18.95
806, 42.14, 18.967
807, 42.15, 18.984
808, 42.16, 19.017
809, 42.13, 19.034
810, 42.1, 19.05
811, 42.04, 19.084
812, 41.98, 19.1
813, 41.88, 19.117
814, 41.78, 19.15
815, 41.74, 19.167
816, 41.69, 19.184
817, 41.57, 19.217
818, 41.54, 19.234
819, 41.46, 19.267
820, 41.42, 19.284
821, 41.38, 19.3
822, 41.26, 19.334
823, 41.2, 19.35
824, 41.1, 19.384
825, 41.05, 19.4
826, 41.01, 19.417
827, 41.01, 19.45
828, 41, 19.467
829, 40.96, 19.5
830, 40.96, 19.517
831, 40.98, 19.534
832, 40.95, 19.567
833, 40.92, 19.584
834, 40.9, 19.617
835, 40.9, 19.634
836, 40.9, 19.65
837, 40.97, 19.684
838, 41.03, 19.7
839, 41.13, 19.734
840, 41.2, 19.75
841, 41.39, 19.784
842, 41.46, 19.8
843, 41.51, 19.817
844, 41.63, 19.85
845, 41.69, 19.867
846, 41.84, 19.9
847, 41.92, 19.917
848, 42.1, 19.95
849, 42.18, 19.967
850, 42.24, 19.984
851, 42.36, 20.017
852, 42.42, 20.034
853, 42.52, 20.067
854, 42.53, 20.084
855, 42.49, 20.1
856, 42.41, 20.134
857, 42.33, 20.15
858, 42.15, 20.184
859, 42.11, 20.2
860, 42.06, 20.217
861, 41.92, 20.25
862, 41.85, 20.267
863, 41.72, 20.3
864, 41.65, 20.317
865, 41.58, 20.334
866, 41.44, 20.367
867, 41.36, 20.384
868, 41.22, 20.417
869, 41.14, 20.434
870, 40.97, 20.467
871, 40.88, 20.484
872, 40.71, 20.517
873, 40.61, 20.534
874, 40.42, 20.567
875, 40.32, 20.584
876, 40.11, 20.617
877, 40, 20.634
878, 39.78, 20.667
879, 39.67, 20.684
880, 39.45, 20.717
881, 39.34, 20.734
882, 39.11, 20.767
883, 39, 20.784
884, 38.79, 20.817
885, 38.68, 20.834
886, 38.48, 20.867
887, 38.39, 20.884
888, 38.22, 20.917
889, 38.08, 20.95
890, 38.01, 20.967
891, 37.88, 21
892, 37.82, 21.017
893, 37.72, 21.05
894, 37.62, 21.084
895, 37.58, 21.1
896, 37.5, 21.134
897, 37.46, 21.15
898, 37.38, 21.184
899, 37.3, 21.217
900, 37.27, 21.234
901, 37.19, 21.267
902, 37.13, 21.3
903, 37.1, 21.317
904, 37.05, 21.35
905, 37.04, 21.367
906, 37.09, 21.4
907, 37.07, 21.434
908, 37.08, 21.45
909, 37.1, 21.484
910, 37.12, 21.517
911, 37.13, 21.534
912, 37.14, 21.567
913, 37.15, 21.6
914, 37.15, 21.617
915, 37.16, 21.65
916, 37.16, 21.667
917, 37.16, 21.7
918, 37.15, 21.734
919, 37.14, 21.75
920, 37.08, 21.784
921, 37.01, 21.817
922, 36.97, 21.834
923, 36.81, 21.867
924, 36.74, 21.9
925, 36.7, 21.917
926, 36.6, 21.95
927, 36.51, 21.984
928, 36.47, 22
929, 36.37, 22.034
930, 36.32, 22.05
931, 36.23, 22.084
932, 36.14, 22.117
933, 36.09, 22.134
934, 36.01, 22.167
935, 35.92, 22.2
936, 35.83, 22.234
937, 35.79, 22.25
938, 35.71, 22.284
939, 35.63, 22.317
940, 35.59, 22.334
941, 35.52, 22.367
942, 35.46, 22.4
943, 35.43, 22.417
944, 35.44, 22.45
945, 35.43, 22.484
946, 35.42, 22.517
947, 35.43, 22.534
948, 35.42, 22.567
949, 35.41, 22.6
950, 35.41, 22.617
951, 35.41, 22.65
952, 35.41, 22.684
953, 35.42, 22.717
954, 35.43, 22.734
955, 35.45, 22.767
956, 35.47, 22.8
957, 35.48, 22.817
958, 35.51, 22.85
959, 35.56, 22.884
960, 35.58, 22.9
961, 35.63, 22.934
962, 35.69, 22.967
963, 35.72, 22.984
964, 35.8, 23.017
965, 35.87, 23.05
966, 35.89, 23.067
967, 35.99, 23.1
968, 36.12, 23.134
969, 36.15, 23.15
970, 36.23, 23.184
971, 36.31, 23.217
972, 36.38, 23.234
973, 36.52, 23.267
974, 36.61, 23.3
975, 36.66, 23.317
976, 36.78, 23.35
977, 36.83, 23.367
978, 36.92, 23.4
979, 37.03, 23.434
980, 37.1, 23.45
981, 37.21, 23.484
982, 37.32, 23.517
983, 37.39, 23.534
984, 37.51, 23.567
985, 37.58, 23.584
986, 37.73, 23.617
987, 37.8, 23.634
988, 37.95, 23.667
989, 38.08, 23.7
990, 38.15, 23.717
991, 38.29, 23.75
992, 38.37, 23.767
993, 38.54, 23.8
994, 38.62, 23.817
995, 38.76, 23.85
996, 38.84, 23.867
997, 38.99, 23.9
998, 39.06, 23.917
999, 39.18, 23.95
1000, 39.34, 23.984
1001, 39.42, 24
1002, 39.59, 24.034
1003, 39.65, 24.05
1004, 39.77, 24.084
1005, 39.84, 24.1
1006, 40, 24.134
1007, 40.07, 24.15
1008, 40.19, 24.184
1009, 40.26, 24.2
1010, 40.38, 24.234
1011, 40.44, 24.25
1012, 40.63, 24.284
1013, 40.71, 24.3
1014, 40.77, 24.317
1015, 40.9, 24.35
1016, 40.97, 24.367
1017, 41.1, 24.4
1018, 41.15, 24.417
1019, 41.28, 24.45
1020, 41.35, 24.467
1021, 41.45, 24.5
1022, 41.49, 24.517
1023, 41.55, 24.55
1024, 41.55, 24.567
1025, 41.52, 24.584
1026, 41.41, 24.617
1027, 41.36, 24.634
1028, 41.21, 24.667
1029, 41.09, 24.684
1030, 40.96, 24.717
1031, 40.9, 24.734
1032, 40.72, 24.767
1033, 40.62, 24.784
1034, 40.43, 24.817
1035, 40.33, 24.834
1036, 40.09, 24.867
1037, 39.96, 24.884
1038, 39.65, 24.917
1039, 39.49, 24.934
1040, 39.17, 24.967
1041, 38.99, 24.984
1042, 38.63, 25.017
1043, 38.45, 25.034
1044, 38.07, 25.067
1045, 37.88, 25.084
1046, 37.49, 25.117
1047, 37.17, 25.15
1048, 36.97, 25.167
1049, 36.5, 25.2
1050, 36.35, 25.217
1051, 35.98, 25.25
1052, 35.64, 25.284
1053, 35.38, 25.317
1054, 35.21, 25.334
1055, 34.92, 25.367
1056, 34.62, 25.4
1057, 34.45, 25.417
1058, 34.13, 25.45
1059, 33.84, 25.484
1060, 33.62, 25.517
1061, 33.51, 25.534
1062, 33.23, 25.567
1063, 33.02, 25.6
1064, 32.84, 25.634
1065, 32.65, 25.667
1066, 32.49, 25.7
1067, 32.36, 25.734
1068, 32.28, 25.75
1069, 32.15, 25.784
1070, 32.04, 25.817
1071, 31.95, 25.85
1072, 31.87, 25.884
1073, 31.78, 25.917
1074, 31.69, 25.95
1075, 31.62, 25.984
1076, 31.53, 26.017
1077, 31.48, 26.034
1078, 31.4, 26.067
1079, 31.32, 26.1
1080, 31.22, 26.134
1081, 31.14, 26.167
1082, 31.05, 26.2
1083, 30.96, 26.234
1084, 30.87, 26.267
1085, 30.79, 26.3
1086, 30.7, 26.334
1087, 30.61, 26.367
1088, 30.53, 26.4
1089, 30.44, 26.434
1090, 30.36, 26.467
1091, 30.28, 26.5
1092, 30.19, 26.534
1093, 30.11, 26.567
1094, 30.03, 26.6
1095, 29.94, 26.634
1096, 29.85, 26.667
1097, 29.76, 26.7
1098, 29.68, 26.734
1099, 29.59, 26.767
1100, 29.48, 26.8
1101, 29.4, 26.834
1102, 29.27, 26.884
1103, 29.17, 26.917
1104, 29.08, 26.95
1105, 29.01, 26.984
1106, 28.94, 27.017
1107, 28.88, 27.05
1108, 28.82, 27.084
1109, 28.76, 27.117
1110, 28.71, 27.15
1111, 28.61, 27.2
1112, 28.55, 27.234
1113, 28.52, 27.267
1114, 28.47, 27.3
1115, 28.41, 27.334
1116, 28.36, 27.367
1117, 28.27, 27.417
1118, 28.22, 27.45
1119, 28.16, 27.484
1120, 28.1, 27.517
1121, 28.04, 27.55
1122, 27.99, 27.584
1123, 27.92, 27.634
1124, 27.87, 27.667
1125, 27.83, 27.7
1126, 27.8, 27.734
1127, 27.78, 27.784
1128, 27.77, 27.817
1129, 27.77, 27.85
1130, 27.8, 27.884
1131, 27.84, 27.917
1132, 27.89, 27.95
1133, 27.98, 28
1134, 28.07, 28.034
1135, 28.19, 28.067
1136, 28.31, 28.1
1137, 28.44, 28.134
1138, 28.59, 28.167
1139, 28.75, 28.2
1140, 28.92, 28.234
1141, 29.2, 28.284
1142, 29.4, 28.317
1143, 29.61, 28.35
1144, 29.84, 28.384
1145, 30.08, 28.417
1146, 30.3, 28.45
1147, 30.52, 28.484
1148, 30.75, 28.517
1149, 30.98, 28.55
1150, 31.09, 28.567
1151, 31.31, 28.6
1152, 31.54, 28.634
1153, 31.77, 28.667
1154, 31.99, 28.7
1155, 32.21, 28.734
1156, 32.44, 28.767
1157, 32.66, 28.8
1158, 32.77, 28.817
1159, 32.97, 28.85
1160, 33.19, 28.884
1161, 33.42, 28.917
1162, 33.53, 28.934
1163, 33.73, 28.967
1164, 33.91, 29
1165, 34.12, 29.034
1166, 34.23, 29.05
1167, 34.46, 29.084
1168, 34.66, 29.117
1169, 34.84, 29.15
1170, 34.93, 29.167
1171, 35.14, 29.2
1172, 35.38, 29.234
1173, 35.48, 29.25
1174, 35.65, 29.284
1175, 35.83, 29.317
1176, 35.94, 29.334
1177, 36.17, 29.367
1178, 36.37, 29.4
1179, 36.47, 29.417
1180, 36.64, 29.45
1181, 36.84, 29.484
1182, 36.95, 29.5
1183, 37.15, 29.534
1184, 37.24, 29.55
1185, 37.42, 29.584
1186, 37.61, 29.617
1187, 37.69, 29.634
1188, 37.88, 29.667
1189, 37.97, 29.684
1190, 38.13, 29.717
1191, 38.21, 29.734
1192, 38.4, 29.767
1193, 38.48, 29.784
1194, 38.59, 29.817
1195, 38.66, 29.85
1196, 38.81, 29.867
1197, 38.94, 29.9
1198, 39.04, 29.917
1199, 39.17, 29.95
1200, 39.24, 29.967
1201, 39.4, 30
1202, 39.47, 30.017
1203, 39.64, 30.05
1204, 39.72, 30.067
1205, 39.85, 30.1
1206, 39.93, 30.117
1207, 40.1, 30.15
1208, 40.19, 30.167
1209, 40.35, 30.2
1210, 40.42, 30.217
1211, 40.59, 30.25
1212, 40.67, 30.267
1213, 40.84, 30.3
1214, 40.92, 30.317
1215, 41.09, 30.35
1216, 41.17, 30.367
1217, 41.34, 30.4
1218, 41.42, 30.417
1219, 41.59, 30.45
1220, 41.67, 30.467
1221, 41.75, 30.484
1222, 41.91, 30.517
1223, 41.99, 30.534
1224, 42.14, 30.567
1225, 42.22, 30.584
1226, 42.38, 30.617
1227, 42.45, 30.634
1228, 42.52, 30.65
1229, 42.66, 30.684
1230, 42.74, 30.7
1231, 42.89, 30.734
1232, 42.96, 30.75
1233, 43.12, 30.784
1234, 43.19, 30.8
1235, 43.25, 30.817
1236, 43.39, 30.85
1237, 43.47, 30.867
1238, 43.61, 30.9
1239, 43.67, 30.917
1240, 43.74, 30.934
1241, 43.89, 30.967
1242, 43.97, 30.984
1243, 44.1, 31.017
1244, 44.17, 31.034
1245, 44.24, 31.05
1246, 44.39, 31.084
1247, 44.46, 31.1
1248, 44.54, 31.117
1249, 44.67, 31.15
1250, 44.74, 31.167
1251, 44.88, 31.2
1252, 44.95, 31.217
1253, 45.02, 31.234
1254, 45.16, 31.267
1255, 45.23, 31.284
1256, 45.3, 31.3
1257, 45.45, 31.334
1258, 45.52, 31.35
1259, 45.58, 31.367
1260, 45.73, 31.4
1261, 45.79, 31.417
1262, 45.86, 31.434
1263, 45.98, 31.467
1264, 46.04, 31.484
1265, 46.08, 31.5
1266, 46.13, 31.534
1267, 46.14, 31.55
1268, 46.13, 31.567
1269, 46.05, 31.6
1270, 46, 31.617
1271, 45.95, 31.634
1272, 45.88, 31.65
1273, 45.67, 31.684
1274, 45.62, 31.7
1275, 45.55, 31.717
1276, 45.37, 31.75
1277, 45.28, 31.767
1278, 45.19, 31.784
1279, 44.97, 31.817
1280, 44.86, 31.834
1281, 44.73, 31.85
1282, 44.43, 31.884
1283, 44.27, 31.9
1284, 43.93, 31.934
1285, 43.74, 31.95
1286, 43.54, 31.967
1287, 43.12, 32
1288, 42.88, 32.017
1289, 42.64, 32.034
1290, 42.12, 32.067
1291, 41.84, 32.084
1292, 41.26, 32.117
1293, 40.97, 32.134
1294, 40.39, 32.167
1295, 40.1, 32.184
1296, 39.52, 32.217
1297, 39.24, 32.234
1298, 38.64, 32.267
1299, 38.35, 32.284
1300, 37.77, 32.317
1301, 37.47, 32.334
1302, 36.85, 32.367
1303, 36.22, 32.4
1304, 35.91, 32.417
1305, 35.31, 32.45
1306, 34.76, 32.484
1307, 34.47, 32.5
1308, 33.91, 32.534
1309, 33.42, 32.567
1310, 32.97, 32.6
1311, 32.75, 32.617
1312, 32.3, 32.65
1313, 31.92, 32.684
1314, 31.54, 32.717
1315, 31.21, 32.75
1316, 30.94, 32.784
1317, 30.69, 32.817
1318, 30.35, 32.85
1319, 29.98, 32.884
1320, 29.73, 32.917
1321, 29.51, 32.95
1322, 29.32, 32.984
1323, 29.11, 33.017
1324, 28.9, 33.05
1325, 28.72, 33.084
1326, 28.56, 33.117
1327, 28.33, 33.167
1328, 28.2, 33.2
1329, 28.07, 33.234
1330, 27.95, 33.267
1331, 27.83, 33.3
1332, 27.67, 33.35
1333, 27.55, 33.384
1334, 27.45, 33.417
1335, 27.34, 33.45
1336, 27.17, 33.5
1337, 27.07, 33.534
1338, 26.96, 33.567
1339, 26.78, 33.617
1340, 26.66, 33.65
1341, 26.54, 33.684
1342, 26.37, 33.734
1343, 26.24, 33.767
1344, 26.07, 33.817
1345, 25.97, 33.85
1346, 25.81, 33.9
1347, 25.69, 33.934
1348, 25.59, 33.967
1349, 25.43, 34.017
1350, 25.33, 34.05
1351, 25.18, 34.1
1352, 25.08, 34.134
1353, 24.91, 34.184
1354, 24.74, 34.234
1355, 24.65, 34.267
1356, 24.52, 34.317
1357, 24.4, 34.35
1358, 24.27, 34.4
1359, 24.15, 34.45
1360, 24.04, 34.484
1361, 23.9, 34.534
1362, 23.76, 34.584
1363, 23.65, 34.617
1364, 23.52, 34.667
1365, 23.39, 34.717
1366, 23.26, 34.767
1367, 23.18, 34.8
1368, 23.1, 34.85
1369, 23.07, 34.9
1370, 23.19, 34.95
1371, 23.23, 34.984
1372, 23.36, 35.034
1373, 23.5, 35.084
1374, 23.6, 35.117
1375, 23.76, 35.167
1376, 23.95, 35.217
1377, 24.08, 35.25
1378, 24.27, 35.3
1379, 24.38, 35.334
1380, 24.57, 35.384
1381, 24.69, 35.417
1382, 24.86, 35.467
1383, 24.99, 35.5
1384, 25.19, 35.55
1385, 25.32, 35.584
1386, 25.52, 35.634
1387, 25.67, 35.667
1388, 25.84, 35.7
1389, 26.12, 35.75
1390, 26.32, 35.784
1391, 26.52, 35.817
1392, 26.73, 35.85
1393, 27.09, 35.9
1394, 27.33, 35.934
1395, 27.55, 35.967
1396, 27.78, 36
1397, 28.07, 36.034
1398, 28.32, 36.067
1399, 28.68, 36.117
1400, 28.93, 36.15
1401, 29.16, 36.184
1402, 29.42, 36.217
1403, 29.67, 36.25
1404, 29.94, 36.284
1405, 30.2, 36.317
1406, 30.46, 36.35
1407, 30.72, 36.384
1408, 30.98, 36.417
1409, 31.11, 36.434
1410, 31.34, 36.467
1411, 31.46, 36.5
1412, 31.55, 36.534
1413, 31.9, 36.567
1414, 32.15, 36.6
1415, 32.42, 36.634
1416, 32.63, 36.667
1417, 32.74, 36.684
1418, 32.98, 36.717
1419, 33.2, 36.75
1420, 33.44, 36.784
1421, 33.67, 36.817
1422, 33.78, 36.834
1423, 34, 36.867
1424, 34.22, 36.9
1425, 34.44, 36.934
1426, 34.55, 36.95
1427, 34.77, 36.984
1428, 34.98, 37.017
1429, 35.21, 37.05
1430, 35.32, 37.067
1431, 35.54, 37.1
1432, 35.76, 37.134
1433, 35.86, 37.15
1434, 36.08, 37.184
1435, 36.3, 37.217
1436, 36.41, 37.234
1437, 36.62, 37.267
1438, 36.84, 37.3
1439, 36.94, 37.317
1440, 37.15, 37.35
1441, 37.36, 37.384
1442, 37.47, 37.4
1443, 37.68, 37.434
1444, 37.78, 37.45
1445, 37.99, 37.484
1446, 38.19, 37.517
1447, 38.29, 37.534
1448, 38.49, 37.567
1449, 38.59, 37.584
1450, 38.79, 37.617
1451, 38.89, 37.634
1452, 39.08, 37.667
1453, 39.18, 37.684
1454, 39.37, 37.717
1455, 39.47, 37.734
1456, 39.66, 37.767
1457, 39.76, 37.784
1458, 39.95, 37.817
1459, 40.04, 37.834
1460, 40.22, 37.867
1461, 40.31, 37.884
1462, 40.48, 37.917
1463, 40.55, 37.934
1464, 40.68, 37.967
1465, 40.73, 37.984
1466, 40.8, 38.017
1467, 40.82, 38.034
1468, 40.81, 38.067
1469, 40.79, 38.084
1470, 41.07, 38.117
1471, 41.19, 38.134
1472, 41.3, 38.167
1473, 41.38, 38.184
1474, 41.56, 38.217
1475, 41.63, 38.234
1476, 41.71, 38.25
1477, 41.87, 38.284
1478, 41.96, 38.3
1479, 42.11, 38.334
1480, 42.19, 38.35
1481, 42.35, 38.384
1482, 42.43, 38.4
1483, 42.52, 38.417
1484, 42.68, 38.45
1485, 42.76, 38.467
1486, 42.92, 38.5
1487, 43, 38.517
1488, 43.08, 38.534
1489, 43.23, 38.567
1490, 43.31, 38.584
1491, 43.46, 38.617
1492, 43.54, 38.634
1493, 43.61, 38.65
1494, 43.77, 38.684
1495, 43.84, 38.7
1496, 43.99, 38.734
1497, 44.07, 38.75
1498, 44.14, 38.767
1499, 44.3, 38.8
1500, 44.38, 38.817
1501, 44.44, 38.834
1502, 44.58, 38.867
1503, 44.67, 38.884
1504, 44.76, 38.9
1505, 44.91, 38.934
1506, 44.98, 38.95
1507, 45.05, 38.967
1508, 45.21, 39
1509, 45.29, 39.017
1510, 45.38, 39.034
1511, 45.53, 39.067
1512, 45.6, 39.084
1513, 45.69, 39.1
1514, 45.85, 39.134
1515, 45.92, 39.15
1516, 46, 39.167
1517, 46.15, 39.2
1518, 46.22, 39.217
1519, 46.29, 39.234
1520, 46.44, 39.267
1521, 46.53, 39.284
1522, 46.61, 39.3
1523, 46.69, 39.317
1524, 46.84, 39.35
1525, 46.89, 39.367
1526, 46.95, 39.384
1527, 47.12, 39.417
1528, 47.19, 39.434
1529, 47.24, 39.45
1530, 47.3, 39.467
1531, 47.43, 39.5
1532, 47.49, 39.517
1533, 47.55, 39.534
1534, 47.62, 39.55
1535, 47.78, 39.584
1536, 47.85, 39.6
1537, 47.92, 39.617
1538, 47.98, 39.634
1539, 48.11, 39.667
1540, 48.18, 39.684
1541, 48.26, 39.7
1542, 48.33, 39.717
1543, 48.46, 39.75
1544, 48.54, 39.767
1545, 48.62, 39.784
1546, 48.69, 39.8
1547, 48.81, 39.834
1548, 48.88, 39.85
1549, 48.95, 39.867
1550, 49.02, 39.884
1551, 49.08, 39.9
1552, 49.21, 39.934
1553, 49.27, 39.95
1554, 49.32, 39.967
1555, 49.38, 39.984
1556, 49.34, 40.017
1557, 49.46, 40.034
1558, 49.6, 40.05
1559, 49.61, 40.067
1560, 49.66, 40.084
1561, 49.8, 40.117
1562, 49.85, 40.134
1563, 49.89, 40.15
1564, 49.96, 40.167
1565, 50.03, 40.184
1566, 50.14, 40.217
1567, 50.21, 40.234
1568, 50.26, 40.25
1569, 50.32, 40.267
1570, 50.38, 40.284
1571, 50.44, 40.3
1572, 50.56, 40.334
1573, 50.62, 40.35
1574, 50.67, 40.367
1575, 50.73, 40.384
1576, 50.79, 40.4
1577, 50.9, 40.434
1578, 50.96, 40.45
1579, 51.02, 40.467
1580, 51.07, 40.484
1581, 51.13, 40.5
1582, 51.19, 40.517
1583, 51.3, 40.55
1584, 51.35, 40.567
1585, 51.4, 40.584
1586, 51.46, 40.6
1587, 51.51, 40.617
1588, 51.57, 40.634
1589, 51.69, 40.667
1590, 51.75, 40.684
1591, 51.8, 40.7
1592, 51.86, 40.717
1593, 51.9, 40.734
1594, 51.96, 40.75
1595, 52.07, 40.784
1596, 52.13, 40.8
1597, 52.19, 40.817
1598, 52.24, 40.834
1599, 52.29, 40.85
1600, 52.35, 40.867
1601, 52.41, 40.884
1602, 52.51, 40.917
1603, 52.57, 40.934
1604, 52.62, 40.95
1605, 52.68, 40.967
1606, 52.73, 40.984
1607, 52.79, 41
1608, 52.84, 41.017
1609, 52.95, 41.05
1610, 53.01, 41.067
1611, 53.06, 41.084
1612, 53.12, 41.1
1613, 53.17, 41.117
1614, 53.22, 41.134
1615, 53.27, 41.15
1616, 53.33, 41.167
1617, 53.43, 41.2
1618, 53.49, 41.217
1619, 53.54, 41.234
1620, 53.59, 41.25
1621, 53.64, 41.267
1622, 53.69, 41.284
1623, 53.74, 41.3
1624, 53.79, 41.317
1625, 53.9, 41.35
1626, 53.95, 41.367
1627, 54, 41.384
1628, 54.05, 41.4
1629, 54.1, 41.417
1630, 54.15, 41.434
1631, 54.2, 41.45
1632, 54.26, 41.467
1633, 54.31, 41.484
1634, 54.42, 41.517
1635, 54.47, 41.534
1636, 54.52, 41.55
1637, 54.57, 41.567
1638, 54.62, 41.584
1639, 54.66, 41.6
1640, 54.71, 41.617
1641, 54.75, 41.634
1642, 54.8, 41.65
1643, 54.84, 41.667
1644, 54.94, 41.7
1645, 55, 41.717
1646, 55.06, 41.734
1647, 55.11, 41.75
1648, 55.15, 41.767
1649, 55.2, 41.784
1650, 55.25, 41.8
1651, 55.3, 41.817
1652, 55.34, 41.834
1653, 55.39, 41.85
1654, 55.49, 41.884
1655, 55.54, 41.9
1656, 55.59, 41.917
1657, 55.64, 41.934
1658, 55.68, 41.95
1659, 55.73, 41.967
1660, 55.78, 41.984
1661, 55.83, 42
1662, 55.87, 42.017
1663, 55.93, 42.034
1664, 55.98, 42.05
1665, 56.02, 42.067
1666, 56.07, 42.084
1667, 56.16, 42.117
1668, 56.2, 42.134
1669, 56.25, 42.15
1670, 56.3, 42.167
1671, 56.35, 42.184
1672, 56.39, 42.2
1673, 56.43, 42.217
1674, 56.48, 42.234
1675, 56.53, 42.25
1676, 56.57, 42.267
1677, 56.61, 42.284
1678, 56.66, 42.3
1679, 56.7, 42.317
1680, 56.75, 42.334
1681, 56.79, 42.35
1682, 56.89, 42.384
1683, 56.93, 42.4
1684, 56.97, 42.417
1685, 57.02, 42.434
1686, 57.06, 42.45
1687, 57.09, 42.467
1688, 57.14, 42.484
1689, 57.18, 42.5
1690, 57.23, 42.517
1691, 57.28, 42.534
1692, 57.33, 42.55
1693, 57.37, 42.567
1694, 57.41, 42.584
1695, 57.45, 42.6
1696, 57.49, 42.617
1697, 57.54, 42.634
1698, 57.57, 42.65
1699, 57.61, 42.667
1700, 57.69, 42.7
1701, 57.73, 42.717
1702, 57.78, 42.734
1703, 57.82, 42.75
1704, 57.86, 42.767
1705, 57.9, 42.784
1706, 57.94, 42.8
1707, 57.98, 42.817
1708, 58.02, 42.834
1709, 58.06, 42.85
1710, 58.1, 42.867
1711, 58.14, 42.884
1712, 58.18, 42.9
1713, 58.23, 42.917
1714, 58.28, 42.934
1715, 58.31, 42.95
1716, 58.35, 42.967
1717, 58.39, 42.984
1718, 58.42, 43
1719, 58.47, 43.017
1720, 58.5, 43.034
1721, 58.54, 43.05
1722, 58.58, 43.067
1723, 58.62, 43.084
1724, 58.66, 43.1
1725, 58.69, 43.117
1726, 58.77, 43.15
1727, 58.81, 43.167
1728, 58.85, 43.184
1729, 58.88, 43.2
1730, 58.92, 43.217
1731, 58.96, 43.234
1732, 59, 43.25
1733, 59.04, 43.267
1734, 59.08, 43.284
1735, 59.12, 43.3
1736, 59.16, 43.317
1737, 59.19, 43.334
1738, 59.23, 43.35
1739, 59.27, 43.367
1740, 59.3, 43.384
1741, 59.33, 43.4
1742, 59.37, 43.417
1743, 59.4, 43.434
1744, 59.44, 43.45
1745, 59.48, 43.467
1746, 59.52, 43.484
1747, 59.55, 43.5
1748, 59.59, 43.517
1749, 59.63, 43.534
1750, 59.67, 43.55
1751, 59.7, 43.567
1752, 59.74, 43.584
1753, 59.77, 43.6
1754, 59.8, 43.617
1755, 59.84, 43.634
1756, 59.87, 43.65
1757, 59.91, 43.667
1758, 59.94, 43.684
1759, 59.97, 43.7
1760, 60.01, 43.717
1761, 59.98, 43.734
1762, 59.93, 43.75
1763, 60.04, 43.767
1764, 60.09, 43.784
1765, 60.05, 43.8
1766, 60.09, 43.817
1767, 60.14, 43.834
1768, 60.16, 43.85
1769, 60.18, 43.867
1770, 60.22, 43.884
1771, 60.26, 43.9
1772, 60.29, 43.917
1773, 60.32, 43.934
1774, 60.35, 43.95
1775, 60.38, 43.967
1776, 60.41, 43.984
1777, 60.44, 44
1778, 60.47, 44.017
1779, 60.5, 44.034
1780, 60.53, 44.05
1781, 60.55, 44.067
1782, 60.58, 44.084
1783, 60.61, 44.1
1784, 60.64, 44.117
1785, 60.67, 44.134
1786, 60.7, 44.15
1787, 60.73, 44.167
1788, 60.76, 44.184
1789, 60.79, 44.2
1790, 60.82, 44.217
1791, 60.85, 44.234
1792, 60.88, 44.25
1793, 60.91, 44.267
1794, 60.95, 44.284
1795, 60.98, 44.3
1796, 61, 44.317
1797, 61.03, 44.334
1798, 61.06, 44.35
1799, 61.08, 44.367
1800, 61.11, 44.384
1801, 61.15, 44.4
1802, 61.18, 44.417
1803, 61.2, 44.434
1804, 61.23, 44.45
1805, 61.26, 44.467
1806, 61.29, 44.484
1807, 61.32, 44.5
1808, 61.36, 44.517
1809, 61.39, 44.534
1810, 61.41, 44.55
1811, 61.44, 44.567
1812, 61.47, 44.584
1813, 61.49, 44.6
1814, 61.52, 44.617
1815, 61.55, 44.634
1816, 61.58, 44.65
1817, 61.61, 44.667
1818, 61.64, 44.684
1819, 61.66, 44.7
1820, 61.69, 44.717
1821, 61.72, 44.734
1822, 61.74, 44.75
1823, 61.74, 44.75
1824, 61.77, 44.767
1825, 61.8, 44.784
1826, 61.83, 44.8
1827, 61.86, 44.817
1828, 61.89, 44.834
1829, 61.91, 44.85
1830, 61.94, 44.867
1831, 61.97, 44.884
1832, 61.99, 44.9
1833, 62.02, 44.917
1834, 62.06, 44.934
1835, 62.09, 44.95
1836, 62.12, 44.967
1837, 62.15, 44.984
1838, 62.17, 45
1839, 62.19, 45.017
1840, 62.22, 45.034
1841, 62.25, 45.05
1842, 62.27, 45.067
1843, 62.3, 45.084
1844, 62.33, 45.1
1845, 62.35, 45.117
1846, 62.38, 45.134
1847, 62.41, 45.15
1848, 62.43, 45.167
1849, 62.46, 45.184
1850, 62.5, 45.2
1851, 62.52, 45.217
1852, 62.55, 45.234
1853, 62.57, 45.25
1854, 62.59, 45.267
1855, 62.59, 45.267
1856, 62.62, 45.284
1857, 62.65, 45.3
1858, 62.68, 45.317
1859, 62.7, 45.334
1860, 62.72, 45.35
1861, 62.74, 45.367
1862, 62.77, 45.384
1863, 62.79, 45.4
1864, 62.82, 45.417
1865, 62.85, 45.434
1866, 62.89, 45.45
1867, 62.92, 45.467
1868, 62.95, 45.484
1869, 62.97, 45.5
1870, 62.99, 45.517
1871, 63.01, 45.534
1872, 63.04, 45.55
1873, 63.06, 45.567
1874, 63.08, 45.584
1875, 63.11, 45.6
1876, 63.14, 45.617
1877, 63.17, 45.634
1878, 63.17, 45.634
1879, 63.2, 45.65
1880, 63.23, 45.667
1881, 63.25, 45.684
1882, 63.27, 45.7
1883, 63.3, 45.717
1884, 63.33, 45.734
1885, 63.35, 45.75
1886, 63.38, 45.767
1887, 63.4, 45.784
1888, 63.42, 45.8
1889, 63.44, 45.817
1890, 63.47, 45.834
1891, 63.49, 45.85
1892, 63.52, 45.867
1893, 63.55, 45.884
1894, 63.57, 45.9
1895, 63.59, 45.917
1896, 63.61, 45.934
1897, 63.61, 45.934
1898, 63.64, 45.95
1899, 63.66, 45.967
1900, 63.7, 45.984
1901, 63.73, 46
1902, 63.76, 46.017
1903, 63.78, 46.034
1904, 63.8, 46.05
1905, 63.82, 46.067
1906, 63.84, 46.084
1907, 63.86, 46.1
1908, 63.89, 46.117
1909, 63.91, 46.134
1910, 63.94, 46.15
1911, 63.96, 46.167
1912, 63.99, 46.184
1913, 64.01, 46.2
1914, 64.01, 46.2
1915, 64.03, 46.217
1916, 64.06, 46.234
1917, 64.08, 46.25
1918, 64.11, 46.267
1919, 64.14, 46.284
1920, 64.16, 46.3
1921, 64.18, 46.317
1922, 64.2, 46.334
1923, 64.23, 46.35
1924, 64.25, 46.367
1925, 64.27, 46.384
1926, 64.3, 46.4
1927, 64.32, 46.417
1928, 64.35, 46.434
1929, 64.35, 46.434
1930, 64.38, 46.45
1931, 64.4, 46.467
1932, 64.43, 46.484
1933, 64.45, 46.5
1934, 64.47, 46.517
1935, 64.5, 46.534
1936, 64.53, 46.55
1937, 64.55, 46.567
1938, 64.57, 46.584
1939, 64.59, 46.6
1940, 64.62, 46.617
1941, 64.64, 46.634
1942, 64.67, 46.65
1943, 64.67, 46.65
1944, 64.69, 46.667
1945, 64.72, 46.684
1946, 64.74, 46.7
1947, 64.76, 46.717
1948, 64.78, 46.734
1949, 64.81, 46.75
1950, 64.83, 46.767
1951, 64.85, 46.784
1952, 64.88, 46.8
1953, 64.9, 46.817
1954, 64.92, 46.834
1955, 64.95, 46.85
1956, 64.97, 46.867
1957, 64.97, 46.867
1958, 65, 46.884
1959, 65.02, 46.9
1960, 65.05, 46.917
1961, 65.07, 46.934
1962, 65.09, 46.95
1963, 65.11, 46.967
1964, 65.13, 46.984
1965, 65.15, 47
1966, 65.17, 47.017
1967, 65.2, 47.034
1968, 65.22, 47.05
1969, 65.25, 47.067
1970, 65.25, 47.067
1971, 65.27, 47.084
1972, 65.29, 47.1
1973, 65.32, 47.117
1974, 65.34, 47.134
1975, 65.37, 47.15
1976, 65.39, 47.167
1977, 65.41, 47.184
1978, 65.43, 47.2
1979, 65.46, 47.217
1980, 65.48, 47.234
1981, 65.51, 47.25
1982, 65.51, 47.25
1983, 65.53, 47.267
1984, 65.55, 47.284
1985, 65.57, 47.3
1986, 65.59, 47.317
1987, 65.61, 47.334
1988, 65.62, 47.35
1989, 65.64, 47.367
1990, 65.66, 47.384
1991, 65.69, 47.4
1992, 65.71, 47.417
1993, 65.73, 47.434
1994, 65.73, 47.434
1995, 65.76, 47.45
1996, 65.78, 47.467
1997, 65.79, 47.484
1998, 65.81, 47.5
1999, 65.83, 47.517
2000, 65.86, 47.534
2001, 65.88, 47.55
2002, 65.9, 47.567
2003, 65.92, 47.584
2004, 65.94, 47.6
2005, 65.94, 47.6
2006, 65.96, 47.617
2007, 65.98, 47.634
2008, 66, 47.65
2009, 66.02, 47.667
2010, 66.04, 47.684
2011, 66.06, 47.7
2012, 66.09, 47.717
2013, 66.11, 47.734
2014, 66.13, 47.75
2015, 66.15, 47.767
2016, 66.15, 47.767
2017, 66.17, 47.784
2018, 66.19, 47.8
2019, 66.21, 47.817
2020, 66.23, 47.834
2021, 66.25, 47.85
2022, 66.26, 47.867
2023, 66.28, 47.884
2024, 66.3, 47.9
2025, 66.32, 47.917
2026, 66.34, 47.934
2027, 66.34, 47.934
2028, 66.36, 47.95
2029, 66.38, 47.967
2030, 66.41, 47.984
2031, 66.43, 48
2032, 66.45, 48.017
2033, 66.46, 48.034
2034, 66.48, 48.05
2035, 66.5, 48.067
2036, 66.52, 48.084
2037, 66.52, 48.084
2038, 66.54, 48.1
2039, 66.56, 48.117
2040, 66.58, 48.134
2041, 66.6, 48.15
2042, 66.62, 48.167
2043, 66.64, 48.184
2044, 66.66, 48.2
2045, 66.68, 48.217
2046, 66.7, 48.234
2047, 66.7, 48.234
2048, 66.72, 48.25
2049, 66.74, 48.267
2050, 66.76, 48.284
2051, 66.77, 48.3
2052, 66.79, 48.317
2053, 66.8, 48.334
2054, 66.82, 48.35
2055, 66.84, 48.367
2056, 66.86, 48.384
2057, 66.86, 48.384
2058, 66.88, 48.4
2059, 66.9, 48.417
2060, 66.92, 48.434
2061, 66.94, 48.45
2062, 66.96, 48.467
2063, 66.98, 48.484
2064, 66.99, 48.5
2065, 67.01, 48.517
2066, 67.03, 48.534
2067, 67.03, 48.534
2068, 67.04, 48.55
2069, 67.06, 48.567
2070, 67.08, 48.584
2071, 67.1, 48.6
2072, 67.11, 48.617
2073, 67.13, 48.634
2074, 67.15, 48.65
2075, 67.16, 48.667
2076, 67.18, 48.684
2077, 67.18, 48.684
2078, 67.2, 48.7
2079, 67.21, 48.717
2080, 67.23, 48.734
2081, 67.25, 48.75
2082, 67.27, 48.767
2083, 67.29, 48.784
2084, 67.3, 48.8
2085, 67.32, 48.817
2086, 67.32, 48.817
2087, 67.33, 48.834
2088, 67.35, 48.85
2089, 67.36, 48.867
2090, 67.38, 48.884
2091, 67.4, 48.9
2092, 67.42, 48.917
2093, 67.44, 48.934
2094, 67.46, 48.95
2095, 67.46, 48.95
2096, 67.47, 48.967
2097, 67.49, 48.984
2098, 67.51, 49
2099, 67.52, 49.017
2100, 67.54, 49.034
2101, 67.56, 49.05
2102, 67.57, 49.067
2103, 67.58, 49.084
2104, 67.58, 49.084
2105, 67.6, 49.1
2106, 67.62, 49.117
2107, 67.63, 49.134
2108, 67.65, 49.15
2109, 67.66, 49.167
2110, 67.68, 49.184
2111, 67.69, 49.2
2112, 67.7, 49.217
2113, 67.7, 49.217
2114, 67.72, 49.234
2115, 67.73, 49.25
2116, 67.75, 49.267
2117, 67.76, 49.284
2118, 67.78, 49.3
2119, 67.8, 49.317
2120, 67.82, 49.334
2121, 67.84, 49.35
2122, 67.84, 49.35
2123, 67.86, 49.367
2124, 67.88, 49.384
2125, 67.9, 49.4
2126, 67.91, 49.417
2127, 67.93, 49.434
2128, 67.94, 49.45
2129, 67.95, 49.467
2130, 67.95, 49.467
2131, 67.96, 49.484
2132, 67.98, 49.5
2133, 67.99, 49.517
2134, 68.01, 49.534
2135, 68.03, 49.55
2136, 68.04, 49.567
2137, 68.05, 49.584
2138, 68.06, 49.6
2139, 68.06, 49.6
2140, 68.08, 49.617
2141, 68.09, 49.634
2142, 68.11, 49.65
2143, 68.12, 49.667
2144, 68.14, 49.684
2145, 68.15, 49.7
2146, 68.16, 49.717
2147, 68.16, 49.717
2148, 68.18, 49.734
2149, 68.19, 49.75
2150, 68.21, 49.767
2151, 68.23, 49.784
2152, 68.24, 49.8
2153, 68.25, 49.817
2154, 68.27, 49.834
2155, 68.28, 49.85
2156, 68.28, 49.85
2157, 68.3, 49.867
2158, 68.31, 49.884
2159, 68.32, 49.9
2160, 68.34, 49.917
2161, 68.35, 49.934
2162, 68.37, 49.95
2163, 68.38, 49.967
2164, 68.38, 49.967
2165, 68.4, 49.984
2166, 68.41, 50
2167, 68.42, 50.017
2168, 68.44, 50.034
2169, 68.45, 50.05
2170, 68.47, 50.067
2171, 68.48, 50.084
2172, 68.48, 50.084
2173, 68.49, 50.1
2174, 68.5, 50.117
2175, 68.51, 50.134
2176, 68.52, 50.15
2177, 68.53, 50.167
2178, 68.54, 50.184
2179, 68.55, 50.2
2180, 68.55, 50.2
2181, 68.56, 50.217
2182, 68.57, 50.234
2183, 68.58, 50.25
2184, 68.59, 50.267
2185, 68.59, 50.284
2186, 68.6, 50.3
2187, 68.62, 50.317
2188, 68.62, 50.317
2189, 68.64, 50.334
2190, 68.67, 50.35
2191, 68.68, 50.367
2192, 68.7, 50.384
2193, 68.71, 50.4
2194, 68.73, 50.417
2195, 68.74, 50.434
2196, 68.74, 50.434
2197, 68.75, 50.45
2198, 68.77, 50.467
2199, 68.78, 50.484
2200, 68.8, 50.5
2201, 68.81, 50.517
2202, 68.82, 50.534
2203, 68.83, 50.55
2204, 68.83, 50.55
2205, 68.84, 50.567
2206, 68.85, 50.584
2207, 68.87, 50.6
2208, 68.89, 50.617
2209, 68.9, 50.634
2210, 68.9, 50.65
2211, 68.9, 50.65
2212, 68.91, 50.667
2213, 68.92, 50.684
2214, 68.93, 50.7
2215, 68.95, 50.717
2216, 68.96, 50.734
2217, 68.98, 50.75
2218, 68.99, 50.767
2219, 68.99, 50.767
2220, 69, 50.784
2221, 69.01, 50.8
2222, 69.01, 50.817
2223, 69.01, 50.834
2224, 68.99, 50.85
2225, 68.95, 50.867
2226, 68.89, 50.884
2227, 68.89, 50.884
2228, 68.82, 50.9
2229, 68.75, 50.917
2230, 68.67, 50.934
2231, 68.59, 50.95
2232, 68.44, 50.967
2233, 68.35, 50.984
2234, 68.29, 51
2235, 68.29, 51
2236, 68.2, 51.017
2237, 68.09, 51.034
2238, 67.98, 51.05
2239, 67.91, 51.067
2240, 67.83, 51.084
2241, 67.73, 51.1
2242, 67.63, 51.117
2243, 67.53, 51.134
2244, 67.53, 51.134
2245, 67.43, 51.15
2246, 67.33, 51.167
2247, 67.24, 51.184
2248, 67.14, 51.2
2249, 67.03, 51.217
2250, 66.92, 51.234
2251, 66.81, 51.25
2252, 66.69, 51.267
2253, 66.69, 51.267
2254, 66.57, 51.284
2255, 66.45, 51.3
2256, 66.32, 51.317
2257, 66.21, 51.334
2258, 66.09, 51.35
2259, 65.96, 51.367
2260, 65.83, 51.384
2261, 65.7, 51.4
2262, 65.57, 51.417
2263, 65.44, 51.434
2264, 65.44, 51.434
2265, 65.3, 51.45
2266, 65.17, 51.467
2267, 65.03, 51.484
2268, 64.9, 51.5
2269, 64.76, 51.517
2270, 64.62, 51.534
2271, 64.47, 51.55
2272, 64.33, 51.567
2273, 64.19, 51.584
2274, 64.06, 51.6
2275, 63.93, 51.617
2276, 63.79, 51.634
2277, 63.66, 51.65
2278, 63.52, 51.667
2279, 63.52, 51.667
2280, 63.38, 51.684
2281, 63.25, 51.7
2282, 63.13, 51.717
2283, 63, 51.734
2284, 62.89, 51.75
2285, 62.78, 51.767
2286, 62.68, 51.784
2287, 62.58, 51.8
2288, 62.49, 51.817
2289, 62.4, 51.834
2290, 62.31, 51.85
2291, 62.24, 51.867
2292, 62.16, 51.884
2293, 62.1, 51.9
2294, 62.03, 51.917
2295, 61.97, 51.934
2296, 61.9, 51.95
2297, 61.82, 51.967
2298, 61.75, 51.984
2299, 61.69, 52
2300, 61.63, 52.017
2301, 61.57, 52.034
2302, 61.51, 52.05
2303, 61.45, 52.067
2304, 61.38, 52.084
2305, 61.32, 52.1
2306, 61.25, 52.117
2307, 61.18, 52.134
2308, 61.11, 52.15
2309, 61.05, 52.167
2310, 60.99, 52.184
2311, 60.93, 52.2
2312, 60.87, 52.217
2313, 60.81, 52.234
2314, 60.74, 52.25
2315, 60.74, 52.25
2316, 60.68, 52.267
2317, 60.61, 52.284
2318, 60.53, 52.3
2319, 60.47, 52.317
2320, 60.4, 52.334
2321, 60.34, 52.35
2322, 60.28, 52.367
2323, 60.21, 52.384
2324, 60.15, 52.4
2325, 60.08, 52.417
2326, 60.02, 52.434
2327, 59.95, 52.45
2328, 59.89, 52.467
2329, 59.83, 52.484
2330, 59.77, 52.5
2331, 59.72, 52.517
2332, 59.66, 52.534
2333, 59.59, 52.55
2334, 59.53, 52.567
2335, 59.39, 52.6
2336, 59.32, 52.617
2337, 59.26, 52.634
2338, 59.19, 52.65
2339, 59.13, 52.667
2340, 59.06, 52.684
2341, 58.98, 52.7
2342, 58.91, 52.717
2343, 58.85, 52.734
2344, 58.8, 52.75
2345, 58.73, 52.767
2346, 58.67, 52.784
2347, 58.61, 52.8
2348, 58.53, 52.817
2349, 58.45, 52.834
2350, 58.38, 52.85
2351, 58.31, 52.867
2352, 58.25, 52.884
2353, 58.18, 52.9
2354, 58.12, 52.917
2355, 58.06, 52.934
2356, 58, 52.95
2357, 57.94, 52.967
2358, 57.87, 52.984
2359, 57.8, 53
2360, 57.73, 53.017
2361, 57.67, 53.034
2362, 57.62, 53.05
2363, 57.55, 53.067
2364, 57.39, 53.084
2365, 57.28, 53.1
2366, 57.25, 53.117
2367, 57.18, 53.134
2368, 57.13, 53.15
2369, 57.03, 53.167
2370, 56.84, 53.2
2371, 56.79, 53.217
2372, 56.72, 53.234
2373, 56.63, 53.25
2374, 56.56, 53.267
2375, 56.48, 53.284
2376, 56.41, 53.3
2377, 56.32, 53.317
2378, 56.24, 53.334
2379, 56.16, 53.35
2380, 56.07, 53.367
2381, 55.98, 53.384
2382, 55.88, 53.4
2383, 55.78, 53.417
2384, 55.68, 53.434
2385, 55.57, 53.45
2386, 55.34, 53.484
2387, 55.22, 53.5
2388, 55.1, 53.517
2389, 54.97, 53.534
2390, 54.84, 53.55
2391, 54.7, 53.567
2392, 54.57, 53.584
2393, 54.44, 53.6
2394, 54.31, 53.617
2395, 54.16, 53.634
2396, 53.89, 53.667
2397, 53.76, 53.684
2398, 53.63, 53.7
2399, 53.5, 53.717
2400, 53.37, 53.734
2401, 53.27, 53.75
2402, 53.17, 53.767
2403, 53.06, 53.784
2404, 52.88, 53.817
2405, 52.8, 53.834
2406, 52.72, 53.85
2407, 52.64, 53.867
2408, 52.57, 53.884
2409, 52.51, 53.9
2410, 52.44, 53.917
2411, 52.32, 53.95
2412, 52.26, 53.967
2413, 52.2, 53.984
2414, 52.15, 54
2415, 52.09, 54.017
2416, 52.03, 54.034
2417, 51.92, 54.067
2418, 51.86, 54.084
2419, 51.8, 54.1
2420, 51.74, 54.117
2421, 51.68, 54.134
2422, 51.62, 54.15
2423, 51.49, 54.184
2424, 51.43, 54.2
2425, 51.37, 54.217
2426, 51.31, 54.234
2427, 51.24, 54.25
2428, 51.19, 54.267
2429, 51.06, 54.3
2430, 50.99, 54.317
2431, 50.93, 54.334
2432, 50.87, 54.35
2433, 50.82, 54.367
2434, 50.74, 54.4
2435, 50.71, 54.417
2436, 50.76, 54.434
2437, 50.79, 54.45
2438, 50.76, 54.467
2439, 50.78, 54.484
2440, 50.85, 54.517
2441, 50.87, 54.534
2442, 50.91, 54.55
2443, 50.96, 54.567
2444, 51.01, 54.584
2445, 51.05, 54.6
2446, 51.15, 54.634
2447, 51.2, 54.65
2448, 51.25, 54.667
2449, 51.29, 54.684
2450, 51.33, 54.7
2451, 51.38, 54.717
2452, 51.47, 54.75
2453, 51.51, 54.767
2454, 51.55, 54.784
2455, 51.57, 54.8
2456, 51.58, 54.817
2457, 51.57, 54.834
2458, 51.49, 54.867
2459, 51.44, 54.884
2460, 51.39, 54.9
2461, 51.34, 54.917
2462, 51.24, 54.934
2463, 51.13, 54.95
2464, 51.04, 54.984
2465, 50.99, 55
2466, 50.91, 55.017
2467, 50.84, 55.034
2468, 50.78, 55.05
2469, 50.72, 55.067
2470, 50.57, 55.1
2471, 50.5, 55.117
2472, 50.43, 55.134
2473, 50.35, 55.15
2474, 50.27, 55.167
2475, 50.19, 55.184
2476, 50.02, 55.217
2477, 49.93, 55.234
2478, 49.83, 55.25
2479, 49.73, 55.267
2480, 49.63, 55.284
2481, 49.38, 55.317
2482, 49.25, 55.334
2483, 49.12, 55.35
2484, 48.99, 55.367
2485, 48.84, 55.384
2486, 48.53, 55.417
2487, 48.37, 55.434
2488, 48.21, 55.45
2489, 48.05, 55.467
2490, 47.7, 55.5
2491, 47.53, 55.517
2492, 47.29, 55.534
2493, 47.02, 55.55
2494, 46.61, 55.584
2495, 46.4, 55.6
2496, 46.18, 55.617
2497, 45.75, 55.65
2498, 45.53, 55.667
2499, 45.3, 55.684
2500, 44.88, 55.717
2501, 44.67, 55.734
2502, 44.45, 55.75
2503, 44.03, 55.784
2504, 43.83, 55.8
2505, 43.62, 55.817
2506, 43.21, 55.85
2507, 43, 55.867
2508, 42.81, 55.884
2509, 42.4, 55.917
2510, 42.21, 55.934
2511, 41.81, 55.967
2512, 41.63, 55.984
2513, 41.29, 56.017
2514, 41.12, 56.034
2515, 40.79, 56.067
2516, 40.57, 56.084
2517, 40.42, 56.1
2518, 40.08, 56.134
2519, 39.91, 56.15
2520, 39.57, 56.184
2521, 39.42, 56.2
2522, 39.15, 56.234
2523, 38.87, 56.267
2524, 38.72, 56.284
2525, 38.44, 56.317
2526, 38.33, 56.334
2527, 38.11, 56.367
2528, 38.01, 56.384
2529, 37.81, 56.417
2530, 37.64, 56.45
2531, 37.55, 56.467
2532, 37.37, 56.5
2533, 37.21, 56.534
2534, 37.13, 56.55
2535, 36.96, 56.584
2536, 36.88, 56.6
2537, 36.72, 56.634
2538, 36.55, 56.667
2539, 36.47, 56.684
2540, 36.29, 56.717
2541, 36.13, 56.75
2542, 36.05, 56.767
2543, 35.9, 56.8
2544, 35.76, 56.834
2545, 35.69, 56.85
2546, 35.55, 56.884
2547, 35.4, 56.917
2548, 35.25, 56.95
2549, 35.18, 56.967
2550, 35.02, 57
2551, 34.84, 57.034
2552, 34.75, 57.05
2553, 34.58, 57.084
2554, 34.41, 57.117
2555, 34.22, 57.15
2556, 34.04, 57.184
2557, 33.97, 57.2
2558, 33.82, 57.234
2559, 33.68, 57.267
2560, 33.55, 57.3
2561, 33.44, 57.334
2562, 33.38, 57.35
2563, 33.25, 57.384
2564, 33.13, 57.417
2565, 33.01, 57.45
2566, 32.88, 57.484
2567, 32.76, 57.517
2568, 32.7, 57.534
2569, 32.58, 57.567
2570, 32.47, 57.6
2571, 32.36, 57.634
2572, 32.25, 57.667
2573, 32.14, 57.7
2574, 32.03, 57.734
2575, 31.94, 57.767
2576, 31.84, 57.8
2577, 31.79, 57.817
2578, 31.69, 57.85
2579, 31.62, 57.884
2580, 31.56, 57.917
2581, 31.51, 57.95
2582, 31.57, 57.984
2583, 31.53, 58.017
2584, 31.49, 58.05
2585, 31.49, 58.084
2586, 31.47, 58.117
2587, 31.45, 58.15
2588, 31.46, 58.184
2589, 31.46, 58.217
2590, 31.46, 58.25
2591, 31.46, 58.284
2592, 31.48, 58.317
2593, 31.48, 58.35
2594, 31.51, 58.384
2595, 31.53, 58.4
2596, 31.6, 58.434
2597, 31.66, 58.467
2598, 31.74, 58.5
2599, 31.85, 58.534
2600, 31.96, 58.567
2601, 32.09, 58.6
2602, 32.26, 58.634
2603, 32.42, 58.667
2604, 32.59, 58.7
2605, 32.77, 58.734
2606, 32.92, 58.767
2607, 32.99, 58.784
2608, 33.16, 58.817
2609, 33.32, 58.85
2610, 33.47, 58.884
2611, 33.63, 58.917
2612, 33.77, 58.95
2613, 33.85, 58.967
2614, 34.02, 59
2615, 34.16, 59.034
2616, 34.3, 59.067
2617, 34.48, 59.1
2618, 34.57, 59.117
2619, 34.76, 59.15
2620, 34.96, 59.184
2621, 35.12, 59.217
2622, 35.28, 59.25
2623, 35.4, 59.267
2624, 35.64, 59.3
2625, 35.77, 59.334
2626, 35.83, 59.35
2627, 36.03, 59.384
2628, 36.3, 59.417
2629, 36.45, 59.45
2630, 36.49, 59.467
2631, 36.58, 59.5
2632, 36.78, 59.534
2633, 36.91, 59.55
2634, 37.16, 59.584
2635, 37.21, 59.6
2636, 37.33, 59.634
2637, 37.53, 59.667
2638, 37.63, 59.684
2639, 37.86, 59.717
2640, 38.06, 59.75
2641, 38.16, 59.767
2642, 38.36, 59.8
2643, 38.45, 59.817
2644, 38.64, 59.85
2645, 38.84, 59.884
2646, 38.92, 59.9
2647, 39.11, 59.934
2648, 39.22, 59.95
2649, 39.41, 59.984
2650, 39.49, 60
2651, 39.45, 60.034
2652, 39.58, 60.05
2653, 39.82, 60.084
2654, 40, 60.117
2655, 40.11, 60.134
2656, 40.26, 60.167
2657, 40.34, 60.184
2658, 40.51, 60.217
2659, 40.59, 60.234
2660, 40.76, 60.267
2661, 40.84, 60.284
2662, 41, 60.317
2663, 41.09, 60.334
2664, 41.27, 60.367
2665, 41.35, 60.384
2666, 41.43, 60.4
2667, 41.6, 60.434
2668, 41.68, 60.45
2669, 41.84, 60.484
2670, 41.93, 60.5
2671, 42.1, 60.534
2672, 42.18, 60.55
2673, 42.34, 60.584
2674, 42.43, 60.6
2675, 42.51, 60.617
2676, 42.67, 60.65
2677, 42.75, 60.667
2678, 42.9, 60.7
2679, 42.98, 60.717
2680, 43.06, 60.734
2681, 43.23, 60.767
2682, 43.31, 60.784
2683, 43.47, 60.817
2684, 43.56, 60.834
2685, 43.64, 60.85
2686, 43.8, 60.884
2687, 43.88, 60.9
2688, 44.03, 60.934
2689, 44.12, 60.95
2690, 44.2, 60.967
2691, 44.37, 61
2692, 44.45, 61.017
2693, 44.52, 61.034
2694, 44.68, 61.067
2695, 44.76, 61.084
2696, 44.84, 61.1
2697, 45.01, 61.134
2698, 45.08, 61.15
2699, 45.16, 61.167
2700, 45.32, 61.2
2701, 45.4, 61.217
2702, 45.48, 61.234
2703, 45.63, 61.267
2704, 45.71, 61.284
2705, 45.79, 61.3
2706, 45.94, 61.334
2707, 46.02, 61.35
2708, 46.1, 61.367
2709, 46.25, 61.4
2710, 46.32, 61.417
2711, 46.4, 61.434
2712, 46.55, 61.467
2713, 46.63, 61.484
2714, 46.71, 61.5
2715, 46.78, 61.517
2716, 46.93, 61.55
2717, 47.01, 61.567
2718, 47.08, 61.584
2719, 47.23, 61.617
2720, 47.3, 61.634
2721, 47.38, 61.65
2722, 47.45, 61.667
2723, 47.59, 61.7
2724, 47.66, 61.717
2725, 47.74, 61.734
2726, 47.81, 61.75
2727, 47.95, 61.784
2728, 48.02, 61.8
2729, 48.09, 61.817
2730, 48.16, 61.834
2731, 48.29, 61.867
2732, 48.36, 61.884
2733, 48.43, 61.9
2734, 48.5, 61.917
2735, 48.65, 61.95
2736, 48.72, 61.967
2737, 48.79, 61.984
2738, 48.86, 62
2739, 48.99, 62.034
2740, 49.06, 62.05
2741, 49.12, 62.067
2742, 49.19, 62.084
2743, 49.34, 62.117
2744, 49.4, 62.134
2745, 49.47, 62.15
2746, 49.53, 62.167
2747, 49.59, 62.184
2748, 49.73, 62.217
2749, 49.79, 62.234
2750, 49.85, 62.25
2751, 49.9, 62.267
2752, 49.89, 62.284
2753, 49.98, 62.317
2754, 50.1, 62.334
2755, 50.13, 62.35
2756, 50.17, 62.367
2757, 50.25, 62.384
2758, 50.37, 62.417
2759, 50.42, 62.434
2760, 50.49, 62.45
2761, 50.55, 62.467
2762, 50.6, 62.484
2763, 50.71, 62.517
2764, 50.77, 62.534
2765, 50.83, 62.55
2766, 50.89, 62.567
2767, 50.95, 62.584
2768, 51.02, 62.6
2769, 51.13, 62.634
2770, 51.19, 62.65
2771, 51.25, 62.667
2772, 51.31, 62.684
2773, 51.36, 62.7
2774, 51.42, 62.717
2775, 51.53, 62.75
2776, 51.59, 62.767
2777, 51.65, 62.784
2778, 51.71, 62.8
2779, 51.77, 62.817
2780, 51.82, 62.834
2781, 51.94, 62.867
2782, 52, 62.884
2783, 52.05, 62.9
2784, 52.11, 62.917
2785, 52.16, 62.934
2786, 52.22, 62.95
2787, 52.33, 62.984
2788, 52.38, 63
2789, 52.44, 63.017
2790, 52.5, 63.034
2791, 52.56, 63.05
2792, 52.62, 63.067
2793, 52.67, 63.084
2794, 52.79, 63.117
2795, 52.85, 63.134
2796, 52.9, 63.15
2797, 52.96, 63.167
2798, 53.02, 63.184
2799, 53.08, 63.2
2800, 53.13, 63.217
2801, 53.19, 63.234
2802, 53.29, 63.267
2803, 53.34, 63.284
2804, 53.4, 63.3
2805, 53.45, 63.317
2806, 53.5, 63.334
2807, 53.56, 63.35
2808, 53.61, 63.367
2809, 53.67, 63.384
2810, 53.78, 63.417
2811, 53.83, 63.434
2812, 53.89, 63.45
2813, 53.94, 63.467
2814, 54, 63.484
2815, 54.05, 63.5
2816, 54.11, 63.517
2817, 54.17, 63.534
2818, 54.21, 63.55
2819, 54.32, 63.584
2820, 54.38, 63.6
2821, 54.43, 63.617
2822, 54.48, 63.634
2823, 54.53, 63.65
2824, 54.58, 63.667
2825, 54.64, 63.684
2826, 54.69, 63.7
2827, 54.75, 63.717
2828, 54.81, 63.734
2829, 54.92, 63.767
2830, 54.97, 63.784
2831, 55.03, 63.8
2832, 55.08, 63.817
2833, 55.13, 63.834
2834, 55.18, 63.85
2835, 55.23, 63.867
2836, 55.28, 63.884
2837, 55.33, 63.9
2838, 55.38, 63.917
2839, 55.43, 63.934
2840, 55.48, 63.95
2841, 55.59, 63.984
2842, 55.64, 64
2843, 55.7, 64.017
2844, 55.75, 64.034
2845, 55.8, 64.05
2846, 55.85, 64.067
2847, 55.9, 64.084
2848, 55.95, 64.1
2849, 56, 64.117
2850, 56.05, 64.134
2851, 56.1, 64.15
2852, 56.15, 64.167
2853, 56.2, 64.184
2854, 56.3, 64.217
2855, 56.35, 64.234
2856, 56.4, 64.25
2857, 56.45, 64.267
2858, 56.5, 64.284
2859, 56.55, 64.3
2860, 56.6, 64.317
2861, 56.65, 64.334
2862, 56.7, 64.35
2863, 56.75, 64.367
2864, 56.8, 64.384
2865, 56.85, 64.4
2866, 56.9, 64.417
2867, 56.95, 64.434
2868, 56.99, 64.45
2869, 57.05, 64.467
2870, 57.09, 64.484
2871, 57.19, 64.517
2872, 57.24, 64.534
2873, 57.29, 64.55
2874, 57.33, 64.567
2875, 57.38, 64.584
2876, 57.43, 64.6
2877, 57.47, 64.617
2878, 57.52, 64.634
2879, 57.56, 64.65
2880, 57.61, 64.667
2881, 57.66, 64.684
2882, 57.7, 64.7
2883, 57.75, 64.717
2884, 57.8, 64.734
2885, 57.84, 64.75
2886, 57.89, 64.767
2887, 57.94, 64.784
2888, 57.98, 64.8
2889, 58.03, 64.817
2890, 58.07, 64.834
2891, 58.12, 64.85
2892, 58.16, 64.867
2893, 58.21, 64.884
2894, 58.25, 64.9
2895, 58.29, 64.917
2896, 58.34, 64.934
2897, 58.43, 64.967
2898, 58.47, 64.984
2899, 58.51, 65
2900, 58.56, 65.017
2901, 58.61, 65.034
2902, 58.65, 65.05
2903, 58.68, 65.067
2904, 58.73, 65.084
2905, 58.77, 65.1
2906, 58.82, 65.117
2907, 58.86, 65.134
2908, 58.9, 65.15
2909, 58.95, 65.167
2910, 58.99, 65.184
2911, 59.03, 65.2
2912, 59.07, 65.217
2913, 59.11, 65.234
2914, 59.15, 65.25
2915, 59.19, 65.267
2916, 59.23, 65.284
2917, 59.27, 65.3
2918, 59.31, 65.317
2919, 59.35, 65.334
2920, 59.39, 65.35
2921, 59.44, 65.367
2922, 59.48, 65.384
2923, 59.52, 65.4
2924, 59.56, 65.417
2925, 59.6, 65.434
2926, 59.64, 65.45
2927, 59.68, 65.467
2928, 59.72, 65.484
2929, 59.76, 65.5
2930, 59.8, 65.517
2931, 59.84, 65.534
2932, 59.88, 65.55
2933, 59.91, 65.567
2934, 59.95, 65.584
2935, 59.99, 65.6
2936, 60.02, 65.617
2937, 60.06, 65.634
2938, 60.1, 65.65
2939, 60.14, 65.667
2940, 60.18, 65.684
2941, 60.21, 65.7
2942, 60.24, 65.717
2943, 60.27, 65.734
2944, 60.3, 65.75
2945, 60.33, 65.767
2946, 60.36, 65.784
2947, 60.39, 65.8
2948, 60.41, 65.817
2949, 60.38, 65.834
2950, 60.33, 65.85
2951, 60.44, 65.867
2952, 60.5, 65.884
2953, 60.48, 65.9
2954, 60.53, 65.917
2955, 60.58, 65.934
2956, 60.61, 65.95
2957, 60.63, 65.967
2958, 60.67, 65.984
2959, 60.71, 66
2960, 60.74, 66.017
2961, 60.77, 66.034
2962, 60.81, 66.05
2963, 60.85, 66.067
2964, 60.88, 66.084
2965, 60.92, 66.1
2966, 60.95, 66.117
2967, 60.98, 66.134
2968, 61.02, 66.15
2969, 61.05, 66.167
2970, 61.08, 66.184
2971, 61.11, 66.2
2972, 61.15, 66.217
2973, 61.18, 66.234
2974, 61.21, 66.25
2975, 61.24, 66.267
2976, 61.28, 66.284
2977, 61.31, 66.3
2978, 61.34, 66.317
2979, 61.37, 66.334
2980, 61.4, 66.35
2981, 61.43, 66.367
2982, 61.47, 66.384
2983, 61.5, 66.4
2984, 61.5, 66.4
2985, 61.52, 66.417
2986, 61.55, 66.434
2987, 61.58, 66.45
2988, 61.61, 66.467
2989, 61.64, 66.484
2990, 61.67, 66.5
2991, 61.71, 66.517
2992, 61.74, 66.534
2993, 61.77, 66.55
2994, 61.8, 66.567
2995, 61.83, 66.584
2996, 61.86, 66.6
2997, 61.89, 66.617
2998, 61.92, 66.634
2999, 61.95, 66.65
3000, 61.98, 66.667
3001, 62.01, 66.684
3002, 62.04, 66.7
3003, 62.07, 66.717
3004, 62.1, 66.734
3005, 62.13, 66.75
3006, 62.16, 66.767
3007, 62.19, 66.784
3008, 62.22, 66.8
3009, 62.25, 66.817
3010, 62.28, 66.834
3011, 62.31, 66.85
3012, 62.34, 66.867
3013, 62.37, 66.884
3014, 62.4, 66.9
3015, 62.4, 66.9
3016, 62.43, 66.917
3017, 62.45, 66.934
3018, 62.48, 66.95
3019, 62.51, 66.967
3020, 62.54, 66.984
3021, 62.58, 67
3022, 62.61, 67.017
3023, 62.63, 67.034
3024, 62.66, 67.05
3025, 62.69, 67.067
3026, 62.72, 67.084
3027, 62.74, 67.1
3028, 62.77, 67.117
3029, 62.8, 67.134
3030, 62.83, 67.15
3031, 62.85, 67.167
3032, 62.88, 67.184
3033, 62.9, 67.2
3034, 62.93, 67.217
3035, 62.96, 67.234
3036, 62.99, 67.25
3037, 63.02, 67.267
3038, 63.02, 67.267
3039, 63.04, 67.284
3040, 63.07, 67.3
3041, 63.1, 67.317
3042, 63.13, 67.334
3043, 63.16, 67.35
3044, 63.18, 67.367
3045, 63.21, 67.384
3046, 63.24, 67.4
3047, 63.26, 67.417
3048, 63.29, 67.434
3049, 63.31, 67.45
3050, 63.34, 67.467
3051, 63.37, 67.484
3052, 63.4, 67.5
3053, 63.43, 67.517
3054, 63.45, 67.534
3055, 63.48, 67.55
3056, 63.51, 67.567
3057, 63.51, 67.567
3058, 63.53, 67.584
3059, 63.56, 67.6
3060, 63.59, 67.617
3061, 63.62, 67.634
3062, 63.64, 67.65
3063, 63.67, 67.667
3064, 63.7, 67.684
3065, 63.72, 67.7
3066, 63.75, 67.717
3067, 63.78, 67.734
3068, 63.8, 67.75
3069, 63.83, 67.767
3070, 63.86, 67.784
3071, 63.88, 67.8
3072, 63.91, 67.817
3073, 63.93, 67.834
3074, 63.93, 67.834
3075, 63.96, 67.85
3076, 63.98, 67.867
3077, 64.01, 67.884
3078, 64.03, 67.9
3079, 64.06, 67.917
3080, 64.09, 67.934
3081, 64.11, 67.95
3082, 64.14, 67.967
3083, 64.17, 67.984
3084, 64.19, 68
3085, 64.22, 68.017
3086, 64.25, 68.034
3087, 64.27, 68.05
3088, 64.29, 68.067
3089, 64.32, 68.084
3090, 64.32, 68.084
3091, 64.35, 68.1
3092, 64.37, 68.117
3093, 64.4, 68.134
3094, 64.42, 68.15
3095, 64.45, 68.167
3096, 64.47, 68.184
3097, 64.5, 68.2
3098, 64.53, 68.217
3099, 64.55, 68.234
3100, 64.58, 68.25
3101, 64.6, 68.267
3102, 64.63, 68.284
3103, 64.65, 68.3
3104, 64.65, 68.3
3105, 64.68, 68.317
3106, 64.7, 68.334
3107, 64.73, 68.35
3108, 64.75, 68.367
3109, 64.78, 68.384
3110, 64.8, 68.4
3111, 64.83, 68.417
3112, 64.86, 68.434
3113, 64.88, 68.45
3114, 64.9, 68.467
3115, 64.93, 68.484
3116, 64.95, 68.5
3117, 64.98, 68.517
3118, 64.98, 68.517
3119, 65, 68.534
3120, 65.03, 68.55
3121, 65.05, 68.567
3122, 65.08, 68.584
3123, 65.1, 68.6
3124, 65.13, 68.617
3125, 65.15, 68.634
3126, 65.17, 68.65
3127, 65.19, 68.667
3128, 65.19, 68.667
