0, 66.71, 101.465
1, 66.73, 101.481
2, 66.75, 101.498
3, 66.75, 101.498
4, 66.77, 101.515
5, 66.8, 101.531
6, 66.82, 101.548
7, 66.84, 101.565
8, 66.86, 101.581
9, 66.88, 101.598
10, 66.91, 101.615
11, 66.93, 101.631
12, 66.93, 101.631
13, 66.95, 101.648
14, 66.97, 101.665
15, 66.99, 101.681
16, 67, 101.698
17, 67.03, 101.715
18, 67.05, 101.731
19, 67.07, 101.748
20, 67.09, 101.765
21, 67.09, 101.765
22, 67.11, 101.781
23, 67.13, 101.798
24, 67.15, 101.815
25, 67.16, 101.831
26, 67.18, 101.848
27, 67.2, 101.865
28, 67.21, 101.881
29, 67.24, 101.898
30, 67.24, 101.898
31, 67.25, 101.915
32, 67.27, 101.931
33, 67.29, 101.948
34, 67.31, 101.965
35, 67.32, 101.981
36, 67.33, 101.998
37, 67.35, 102.015
38, 67.37, 102.031
39, 67.37, 102.031
40, 67.39, 102.048
41, 67.41, 102.065
42, 67.43, 102.081
43, 67.44, 102.098
44, 67.45, 102.115
45, 67.47, 102.131
46, 67.48, 102.148
47, 67.5, 102.165
48, 67.5, 102.165
49, 67.52, 102.181
50, 67.53, 102.198
51, 67.55, 102.215
52, 67.56, 102.231
53, 67.58, 102.248
54, 67.6, 102.265
55, 67.61, 102.281
56, 67.63, 102.298
57, 67.63, 102.298
58, 67.65, 102.315
59, 67.67, 102.331
60, 67.69, 102.348
61, 67.71, 102.365
62, 67.72, 102.381
63, 67.74, 102.398
64, 67.75, 102.415
65, 67.77, 102.431
66, 67.77, 102.431
67, 67.78, 102.448
68, 67.8, 102.465
69, 67.81, 102.481
70, 67.83, 102.498
71, 67.86, 102.515
72, 67.88, 102.531
73, 67.89, 102.548
74, 67.89, 102.548
75, 67.9, 102.565
76, 67.92, 102.581
77, 67.93, 102.598
78, 67.95, 102.615
79, 67.97, 102.631
80, 67.99, 102.648
81, 68, 102.665
82, 68.02, 102.681
83, 68.02, 102.681
84, 68.04, 102.698
85, 68.06, 102.715
86, 68.07, 102.731
87, 68.09, 102.748
88, 68.1, 102.765
89, 68.12, 102.781
90, 68.13, 102.798
91, 68.13, 102.798
92, 68.14, 102.815
93, 68.16, 102.831
94, 68.18, 102.848
95, 68.2, 102.865
96, 68.21, 102.881
97, 68.23, 102.898
98, 68.25, 102.915
99, 68.25, 102.915
100, 68.26, 102.931
101, 68.28, 102.948
102, 68.3, 102.965
103, 68.31, 102.981
104, 68.32, 102.998
105, 68.33, 103.015
106, 68.34, 103.031
107, 68.36, 103.048
108, 68.36, 103.048
109, 68.37, 103.065
110, 68.39, 103.081
111, 68.42, 103.098
112, 68.44, 103.115
113, 68.45, 103.131
114, 68.47, 1.706
115, 68.48, 1.723
116, 68.48, 1.723
117, 68.49, 1.74
118, 68.5, 1.756
119, 68.51, 1.773
120, 68.52, 1.79
121, 68.54, 1.806
122, 68.55, 1.823
123, 68.57, 1.84
124, 68.57, 1.84
125, 68.59, 1.856
126, 68.61, 1.873
127, 68.63, 1.89
128, 68.64, 1.906
129, 68.66, 1.923
130, 68.68, 1.94
131, 68.69, 1.956
132, 68.69, 1.956
133, 68.71, 1.973
134, 68.71, 1.99
135, 68.72, 2.006
136, 68.73, 2.023
137, 68.74, 2.04
138, 68.76, 2.056
139, 68.77, 2.073
140, 68.77, 2.073
141, 68.79, 2.09
142, 68.81, 2.106
143, 68.83, 2.123
144, 68.85, 2.14
145, 68.86, 2.156
146, 68.87, 2.173
147, 68.87, 2.173
148, 68.88, 2.19
149, 68.9, 2.206
150, 68.91, 2.223
151, 68.93, 2.24
152, 68.94, 2.256
153, 68.95, 2.273
154, 68.96, 2.29
155, 68.96, 2.29
156, 68.98, 2.306
157, 69, 2.323
158, 69.01, 2.34
159, 69.03, 2.356
160, 69.04, 2.373
161, 69.05, 2.39
162, 69.06, 2.406
163, 69.06, 2.406
164, 69.08, 2.423
165, 69.09, 2.44
166, 69.11, 2.456
167, 69.13, 2.473
168, 69.14, 2.49
169, 69.15, 2.506
170, 69.15, 2.506
171, 69.17, 2.523
172, 69.18, 2.54
173, 69.19, 2.556
174, 69.2, 2.573
175, 69.21, 2.59
176, 69.23, 2.606
177, 69.24, 2.623
178, 69.24, 2.623
179, 69.25, 2.64
180, 69.26, 2.656
181, 69.28, 2.673
182, 69.29, 2.69
183, 69.3, 2.706
184, 69.31, 2.723
185, 69.32, 2.74
186, 69.32, 2.74
187, 69.34, 2.756
188, 69.35, 2.773
189, 69.36, 2.79
190, 69.37, 2.806
191, 69.39, 2.823
192, 69.4, 2.84
193, 69.4, 2.84
194, 69.36, 2.856
195, 69.31, 2.873
196, 69.39, 2.89
197, 69.39, 2.906
198, 69.4, 2.923
199, 69.41, 2.94
200, 69.41, 2.94
201, 69.42, 2.956
202, 69.42, 2.973
203, 69.42, 2.99
204, 69.43, 3.006
205, 69.44, 3.023
206, 69.45, 3.04
207, 69.46, 3.056
208, 69.46, 3.056
209, 69.47, 3.073
210, 69.48, 3.09
211, 69.49, 3.106
212, 69.5, 3.123
213, 69.51, 3.14
214, 69.52, 3.156
215, 69.52, 3.156
216, 69.53, 3.173
217, 69.54, 3.19
218, 69.55, 3.206
219, 69.56, 3.223
220, 69.56, 3.24
221, 69.57, 3.256
222, 69.57, 3.256
223, 69.58, 3.273
224, 69.59, 3.29
225, 69.6, 3.306
226, 69.6, 3.323
227, 69.61, 3.34
228, 69.62, 3.356
229, 69.62, 3.373
230, 69.62, 3.373
231, 69.62, 3.39
232, 69.63, 3.406
233, 69.64, 3.423
234, 69.66, 3.44
235, 69.67, 3.456
236, 69.69, 3.473
237, 69.69, 3.473
238, 69.7, 3.49
239, 69.71, 3.506
240, 69.71, 3.523
241, 69.7, 3.54
242, 69.7, 3.556
243, 69.7, 3.573
244, 69.7, 3.573
245, 69.71, 3.59
246, 69.74, 3.606
247, 69.78, 3.623
248, 69.79, 3.64
249, 69.8, 3.656
250, 69.8, 3.673
251, 69.8, 3.673
252, 69.8, 3.69
253, 69.81, 3.706
254, 69.82, 3.723
255, 69.82, 3.74
256, 69.82, 3.756
257, 69.83, 3.773
258, 69.84, 3.79
259, 69.84, 3.79
260, 69.84, 3.806
261, 69.85, 3.823
262, 69.86, 3.84
263, 69.88, 3.856
264, 69.89, 3.873
265, 69.9, 3.89
266, 69.9, 3.89
267, 69.91, 3.906
268, 69.92, 3.923
269, 69.93, 3.94
270, 69.94, 3.956
271, 69.95, 3.973
272, 69.95, 3.99
273, 69.95, 3.99
274, 69.95, 4.006
275, 69.96, 4.023
276, 69.97, 4.04
277, 69.97, 4.056
278, 69.98, 4.073
279, 69.99, 4.09
280, 69.99, 4.09
281, 70, 4.106
282, 70.01, 4.123
283, 70.02, 4.14
284, 70.03, 4.156
285, 70.04, 4.173
286, 70.05, 4.19
287, 70.05, 4.19
288, 70.06, 4.206
289, 70.07, 4.223
290, 70.07, 4.24
291, 70.08, 4.256
292, 70.08, 4.273
293, 70.09, 4.29
294, 70.09, 4.29
295, 70.1, 4.306
296, 70.11, 4.323
297, 70.12, 4.34
298, 70.13, 4.356
299, 70.13, 4.373
300, 70.14, 4.39
301, 70.14, 4.39
302, 70.15, 4.406
303, 70.15, 4.423
304, 70.16, 4.44
305, 70.17, 4.456
306, 70.17, 4.473
307, 70.18, 4.49
308, 70.18, 4.49
309, 70.19, 4.506
310, 70.19, 4.523
311, 70.2, 4.54
312, 70.21, 4.556
313, 70.22, 4.573
314, 70.23, 4.59
315, 70.23, 4.59
316, 70.24, 4.606
317, 70.25, 4.623
318, 70.26, 4.64
319, 70.26, 4.656
320, 70.26, 4.673
321, 70.26, 4.673
322, 70.27, 4.69
323, 70.28, 4.706
324, 70.29, 4.723
325, 70.3, 4.74
326, 70.3, 4.756
327, 70.31, 4.773
328, 70.31, 4.773
329, 70.32, 4.79
330, 70.33, 4.806
331, 70.34, 4.823
332, 70.35, 4.84
333, 70.36, 4.856
334, 70.37, 4.873
335, 70.37, 4.873
336, 70.38, 4.89
337, 70.39, 4.906
338, 70.4, 4.923
339, 70.4, 4.94
340, 70.41, 4.956
341, 70.42, 4.973
342, 70.42, 4.973
343, 70.43, 4.99
344, 70.43, 5.006
345, 70.44, 5.023
346, 70.45, 5.04
347, 70.45, 5.056
348, 70.46, 5.073
349, 70.46, 5.073
350, 70.47, 5.09
351, 70.47, 5.106
352, 70.48, 5.123
353, 70.48, 5.14
354, 70.49, 5.156
355, 70.49, 5.156
356, 70.5, 5.173
357, 70.51, 5.19
358, 70.52, 5.206
359, 70.53, 5.223
360, 70.54, 5.24
361, 70.55, 5.256
362, 70.55, 5.256
363, 70.56, 5.273
364, 70.56, 5.29
365, 70.57, 5.306
366, 70.57, 5.323
367, 70.58, 5.34
368, 70.59, 5.356
369, 70.59, 5.356
370, 70.6, 5.373
371, 70.61, 5.39
372, 70.61, 5.406
373, 70.62, 5.423
374, 70.63, 5.44
375, 70.63, 5.44
376, 70.64, 5.456
377, 70.64, 5.473
378, 70.65, 5.49
379, 70.66, 5.506
380, 70.67, 5.523
381, 70.68, 5.54
382, 70.68, 5.54
383, 70.69, 5.556
384, 70.69, 5.573
385, 70.7, 5.59
386, 70.71, 5.606
387, 70.71, 5.623
388, 70.72, 5.64
389, 70.72, 5.64
390, 70.73, 5.656
391, 70.73, 5.673
392, 70.74, 5.69
393, 70.75, 5.706
394, 70.76, 5.723
395, 70.76, 5.723
396, 70.76, 5.74
397, 70.77, 5.756
398, 70.78, 5.773
399, 70.8, 5.79
400, 70.81, 5.806
401, 70.82, 5.823
402, 70.82, 5.823
403, 70.82, 5.84
404, 70.82, 5.856
405, 70.83, 5.873
406, 70.83, 5.89
407, 70.84, 5.906
408, 70.84, 5.906
409, 70.85, 5.923
410, 70.85, 5.94
411, 70.86, 5.956
412, 70.87, 5.973
413, 70.88, 5.99
414, 70.89, 6.006
415, 70.89, 6.006
416, 70.9, 6.023
417, 70.91, 6.04
418, 70.92, 6.056
419, 70.92, 6.073
420, 70.93, 6.09
421, 70.93, 6.09
422, 70.94, 6.106
423, 70.94, 6.123
424, 70.95, 6.14
425, 70.96, 6.156
426, 70.97, 6.173
427, 70.98, 6.19
428, 70.98, 6.19
429, 70.98, 6.206
430, 70.99, 6.223
431, 71, 6.24
432, 71, 6.256
433, 71.01, 6.273
434, 71.01, 6.273
435, 71.02, 6.29
436, 71.03, 6.306
437, 71.04, 6.323
438, 71.04, 6.34
439, 71.05, 6.356
440, 71.05, 6.373
441, 71.05, 6.373
442, 71.05, 6.39
443, 71.06, 6.406
444, 71.07, 6.423
445, 71.08, 6.44
446, 71.08, 6.456
447, 71.08, 6.456
448, 71.09, 6.473
449, 71.1, 6.49
450, 71.11, 6.506
451, 71.12, 6.523
452, 71.12, 6.54
453, 71.12, 6.54
454, 71.13, 6.556
455, 71.13, 6.573
456, 71.13, 6.59
457, 71.14, 6.606
458, 71.15, 6.623
459, 71.16, 6.64
460, 71.16, 6.64
461, 71.17, 6.656
462, 71.18, 6.673
463, 71.19, 6.69
464, 71.2, 6.706
465, 71.21, 6.723
466, 71.21, 6.723
467, 71.21, 6.74
468, 71.22, 6.756
469, 71.22, 6.773
470, 71.23, 6.79
471, 71.23, 6.806
472, 71.24, 6.823
473, 71.24, 6.823
474, 71.25, 6.84
475, 71.26, 6.856
476, 71.26, 6.873
477, 71.26, 6.89
478, 71.26, 6.906
479, 71.26, 6.906
480, 71.27, 6.923
481, 71.27, 6.94
482, 71.28, 6.956
483, 71.29, 6.973
484, 71.29, 6.99
485, 71.29, 6.99
486, 71.3, 7.006
487, 71.31, 7.023
488, 71.32, 7.04
489, 71.33, 7.056
490, 71.33, 7.073
491, 71.34, 7.09
492, 71.34, 7.09
493, 71.34, 7.106
494, 71.35, 7.123
495, 71.35, 7.14
496, 71.36, 7.156
497, 71.37, 7.173
498, 71.37, 7.173
499, 71.38, 7.19
500, 71.39, 7.206
501, 71.4, 7.223
502, 71.41, 7.24
503, 71.41, 7.256
504, 71.41, 7.256
505, 71.41, 7.273
506, 71.42, 7.29
507, 71.42, 7.306
508, 71.43, 7.323
509, 71.43, 7.34
510, 71.44, 7.356
511, 71.44, 7.356
512, 71.45, 7.373
513, 71.46, 7.39
514, 71.46, 7.406
515, 71.47, 7.423
516, 71.47, 7.44
517, 71.47, 7.44
518, 71.48, 7.456
519, 71.48, 7.473
520, 71.49, 7.49
521, 71.5, 7.506
522, 71.5, 7.523
523, 71.5, 7.523
524, 71.51, 7.54
525, 71.52, 7.556
526, 71.53, 7.573
527, 71.53, 7.59
528, 71.54, 7.606
529, 71.54, 7.606
530, 71.54, 7.623
531, 71.54, 7.64
532, 71.55, 7.656
533, 71.56, 7.673
534, 71.56, 7.69
535, 71.57, 7.706
536, 71.57, 7.706
537, 71.57, 7.723
538, 71.58, 7.74
539, 71.59, 7.756
540, 71.59, 7.773
541, 71.59, 7.79
542, 71.59, 7.79
543, 71.58, 7.806
544, 71.57, 7.823
545, 71.55, 7.84
546, 71.53, 7.856
547, 71.49, 7.873
548, 71.49, 7.873
549, 71.44, 7.89
550, 71.37, 7.906
551, 71.29, 7.923
552, 71.2, 7.94
553, 71.08, 7.956
554, 70.97, 7.973
555, 70.97, 7.973
556, 70.83, 7.99
557, 70.64, 8.006
558, 70.48, 8.023
559, 70.33, 8.04
560, 70.14, 8.056
561, 69.94, 8.073
562, 69.94, 8.073
563, 69.71, 8.09
564, 69.49, 8.106
565, 69.25, 8.123
566, 68.98, 8.14
567, 68.71, 8.156
568, 68.41, 8.173
569, 68.41, 8.173
570, 68.11, 8.19
571, 67.8, 8.206
572, 67.47, 8.223
573, 67.13, 8.24
574, 66.79, 8.256
575, 66.44, 8.273
576, 66.08, 8.29
577, 65.72, 8.306
578, 65.35, 8.323
579, 65.35, 8.323
580, 64.97, 8.34
581, 64.6, 8.356
582, 64.24, 8.373
583, 63.88, 8.39
584, 63.52, 8.406
585, 63.12, 8.423
586, 62.75, 8.44
587, 62.39, 8.456
588, 62.04, 8.473
589, 61.69, 8.49
590, 61.35, 8.506
591, 61, 8.523
592, 60.64, 8.54
593, 60.28, 8.556
594, 59.91, 8.573
595, 59.56, 8.59
596, 59.2, 8.606
597, 58.82, 8.623
598, 58.48, 8.64
599, 58.15, 8.656
600, 57.83, 8.673
601, 57.52, 8.69
602, 57.2, 8.706
603, 56.87, 8.723
604, 56.54, 8.74
605, 56.21, 8.756
606, 55.88, 8.773
607, 55.49, 8.79
608, 54.8, 8.823
609, 54.49, 8.84
610, 54.2, 8.856
611, 53.89, 8.873
612, 53.56, 8.89
613, 53.23, 8.906
614, 52.91, 8.923
615, 52.59, 8.94
616, 52.28, 8.956
617, 51.66, 8.99
618, 51.32, 9.006
619, 51, 9.023
620, 50.69, 9.04
621, 50.39, 9.056
622, 49.77, 9.09
623, 49.45, 9.106
624, 49.14, 9.123
625, 48.83, 9.14
626, 48.5, 9.156
627, 47.87, 9.19
628, 47.56, 9.206
629, 47.27, 9.223
630, 46.98, 9.24
631, 46.42, 9.273
632, 46.11, 9.29
633, 45.81, 9.306
634, 45.23, 9.34
635, 44.96, 9.356
636, 44.69, 9.373
637, 44.1, 9.406
638, 43.84, 9.423
639, 43.58, 9.44
640, 43.06, 9.473
641, 42.8, 9.49
642, 42.29, 9.523
643, 42.03, 9.54
644, 41.49, 9.573
645, 41.23, 9.59
646, 40.97, 9.606
647, 40.49, 9.64
648, 40.28, 9.656
649, 39.85, 9.69
650, 39.65, 9.706
651, 39.25, 9.74
652, 38.83, 9.773
653, 38.65, 9.79
654, 38.31, 9.823
655, 38.16, 9.84
656, 37.87, 9.873
657, 37.61, 9.906
658, 37.48, 9.923
659, 37.24, 9.956
660, 37.12, 9.973
661, 36.9, 10.006
662, 36.67, 10.04
663, 36.56, 10.056
664, 36.35, 10.09
665, 36.15, 10.123
666, 36.05, 10.14
667, 35.87, 10.173
668, 35.7, 10.206
669, 35.63, 10.223
670, 35.48, 10.256
671, 35.34, 10.29
672, 35.2, 10.323
673, 35.13, 10.34
674, 35.01, 10.373
675, 34.88, 10.406
676, 34.76, 10.44
677, 34.7, 10.456
678, 34.6, 10.49
679, 34.51, 10.523
680, 34.43, 10.556
681, 34.39, 10.573
682, 34.3, 10.606
683, 34.22, 10.64
684, 34.13, 10.673
685, 34.08, 10.69
686, 33.98, 10.723
687, 33.9, 10.756
688, 33.83, 10.79
689, 33.76, 10.823
690, 33.73, 10.84
691, 33.66, 10.873
692, 33.57, 10.906
693, 33.46, 10.94
694, 33.41, 10.956
695, 33.33, 10.99
696, 33.27, 11.023
697, 33.29, 11.056
698, 33.27, 11.073
699, 33.24, 11.106
700, 33.26, 11.14
701, 33.25, 11.173
702, 33.41, 11.206
703, 33.52, 11.24
704, 33.49, 11.256
705, 33.53, 11.29
706, 33.59, 11.323
707, 33.7, 11.356
708, 33.86, 11.39
709, 33.94, 11.406
710, 34.09, 11.44
711, 34.17, 11.473
712, 34.28, 11.506
713, 34.36, 11.54
714, 34.41, 11.556
715, 34.54, 11.59
716, 34.74, 11.623
717, 34.96, 11.656
718, 35.04, 11.673
719, 35.16, 11.706
720, 35.32, 11.74
721, 35.39, 11.756
722, 35.57, 11.79
723, 35.75, 11.823
724, 35.83, 11.84
725, 35.98, 11.873
726, 36.11, 11.906
727, 36.17, 11.923
728, 36.29, 11.956
729, 36.4, 11.99
730, 36.45, 12.006
731, 36.55, 12.04
732, 36.61, 12.056
733, 36.71, 12.09
734, 36.8, 12.123
735, 36.84, 12.14
736, 36.93, 12.173
737, 37.02, 12.206
738, 37.07, 12.223
739, 37.15, 12.256
740, 37.18, 12.273
741, 37.2, 12.306
742, 37.2, 12.34
743, 37.21, 12.356
744, 37.33, 12.39
745, 37.41, 12.406
746, 37.47, 12.44
747, 37.5, 12.473
748, 37.53, 12.49
749, 37.63, 12.523
750, 37.78, 12.54
751, 38.07, 12.573
752, 38.06, 12.59
753, 38.03, 12.623
754, 38.11, 12.656
755, 38.11, 12.673
756, 38.12, 12.706
757, 38.13, 12.723
758, 38.21, 12.756
759, 38.26, 12.773
760, 38.36, 12.806
761, 38.39, 12.823
762, 38.58, 12.856
763, 38.99, 12.89
764, 39.14, 12.906
765, 39.16, 12.94
766, 39.16, 12.956
767, 39.24, 12.99
768, 39.23, 13.006
769, 39.22, 13.04
770, 39.23, 13.056
771, 39.48, 13.09
772, 39.68, 13.106
773, 39.96, 13.14
774, 39.99, 13.156
775, 39.99, 13.19
776, 40.01, 13.206
777, 40.16, 13.24
778, 40.23, 13.256
779, 40.31, 13.29
780, 40.36, 13.306
781, 40.49, 13.34
782, 40.56, 13.356
783, 40.71, 13.39
784, 40.78, 13.406
785, 40.93, 13.44
786, 41.01, 13.456
787, 41.15, 13.49
788, 41.22, 13.506
789, 41.39, 13.54
790, 41.48, 13.556
791, 41.65, 13.59
792, 41.72, 13.606
793, 41.8, 13.623
794, 41.95, 13.656
795, 42.02, 13.673
796, 42.17, 13.706
797, 42.25, 13.723
798, 42.41, 13.756
799, 42.49, 13.773
800, 42.56, 13.79
801, 42.71, 13.823
802, 42.79, 13.84
803, 42.94, 13.873
804, 43.01, 13.89
805, 43.08, 13.906
806, 43.23, 13.94
807, 43.31, 13.956
808, 43.46, 13.99
809, 43.53, 14.006
810, 43.61, 14.023
811, 43.76, 14.056
812, 43.83, 14.073
813, 43.91, 14.09
814, 44.06, 14.123
815, 44.14, 14.14
816, 44.29, 14.173
817, 44.36, 14.19
818, 44.43, 14.206
819, 44.58, 14.24
820, 44.66, 14.256
821, 44.74, 14.273
822, 44.89, 14.306
823, 44.97, 14.323
824, 45.04, 14.34
825, 45.19, 14.373
826, 45.27, 14.39
827, 45.34, 14.406
828, 45.49, 14.44
829, 45.56, 14.456
830, 45.64, 14.473
831, 45.78, 14.506
832, 45.85, 14.523
833, 45.92, 14.54
834, 46.06, 14.573
835, 46.13, 14.59
836, 46.2, 14.606
837, 46.27, 14.623
838, 46.41, 14.656
839, 46.48, 14.673
840, 46.54, 14.69
841, 46.67, 14.723
842, 46.74, 14.74
843, 46.8, 14.756
844, 46.87, 14.773
845, 47, 14.806
846, 47, 14.823
847, 46.96, 14.84
848, 47.15, 14.873
849, 47.2, 14.89
850, 47.26, 14.906
851, 47.32, 14.923
852, 47.42, 14.956
853, 47.47, 14.973
854, 47.53, 14.99
855, 47.58, 15.006
856, 47.69, 15.04
857, 47.74, 15.056
858, 47.8, 15.073
859, 47.85, 15.09
860, 47.9, 15.106
861, 48.01, 15.14
862, 48.07, 15.156
863, 48.13, 15.173
864, 48.18, 15.19
865, 48.3, 15.223
866, 48.35, 15.24
867, 48.41, 15.256
868, 48.47, 15.273
869, 48.52, 15.29
870, 48.63, 15.323
871, 48.68, 15.34
872, 48.73, 15.356
873, 48.79, 15.373
874, 48.84, 15.39
875, 48.94, 15.423
876, 48.99, 15.44
877, 49.04, 15.456
878, 49.08, 15.473
879, 49.18, 15.506
880, 49.23, 15.523
881, 49.28, 15.54
882, 49.32, 15.556
883, 49.36, 15.573
884, 49.46, 15.606
885, 49.52, 15.623
886, 49.57, 15.64
887, 49.62, 15.656
888, 49.66, 15.673
889, 49.75, 15.706
890, 49.79, 15.723
891, 49.84, 15.74
892, 49.89, 15.756
893, 49.93, 15.773
894, 50.03, 15.806
895, 50.07, 15.823
896, 50.11, 15.84
897, 50.16, 15.856
898, 50.21, 15.873
899, 50.3, 15.906
900, 50.35, 15.923
901, 50.4, 15.94
902, 50.44, 15.956
903, 50.48, 15.973
904, 50.57, 16.006
905, 50.62, 16.023
906, 50.67, 16.04
907, 50.72, 16.056
908, 50.76, 16.073
909, 50.84, 16.106
910, 50.89, 16.123
911, 50.93, 16.14
912, 50.98, 16.156
913, 51.02, 16.173
914, 51.1, 16.206
915, 51.15, 16.223
916, 51.19, 16.24
917, 51.23, 16.256
918, 51.27, 16.273
919, 51.31, 16.29
920, 51.39, 16.323
921, 51.42, 16.34
922, 51.46, 16.356
923, 51.51, 16.373
924, 51.56, 16.39
925, 51.65, 16.423
926, 51.68, 16.44
927, 51.71, 16.456
928, 51.74, 16.473
929, 51.77, 16.49
930, 51.81, 16.506
931, 51.92, 16.54
932, 51.97, 16.556
933, 52.01, 16.573
934, 52.05, 16.59
935, 52.08, 16.606
936, 52.13, 16.623
937, 52.22, 16.656
938, 52.26, 16.673
939, 52.31, 16.69
940, 52.35, 16.706
941, 52.4, 16.723
942, 52.45, 16.74
943, 52.54, 16.773
944, 52.59, 16.79
945, 52.64, 16.806
946, 52.68, 16.823
947, 52.73, 16.84
948, 52.78, 16.856
949, 52.83, 16.873
950, 52.94, 16.906
951, 52.99, 16.923
952, 53.04, 16.94
953, 53.09, 16.956
954, 53.14, 16.973
955, 53.18, 16.99
956, 53.23, 17.006
957, 53.28, 17.023
958, 53.38, 17.056
959, 53.42, 17.073
960, 53.47, 17.09
961, 53.52, 17.106
962, 53.57, 17.123
963, 53.62, 17.14
964, 53.67, 17.156
965, 53.71, 17.173
966, 53.81, 17.206
967, 53.86, 17.223
968, 53.91, 17.24
969, 53.96, 17.256
970, 54.01, 17.273
971, 54.06, 17.29
972, 54.11, 17.306
973, 54.16, 17.323
974, 54.21, 17.34
975, 54.31, 17.373
976, 54.35, 17.39
977, 54.4, 17.406
978, 54.45, 17.423
979, 54.5, 17.44
980, 54.55, 17.456
981, 54.6, 17.473
982, 54.66, 17.49
983, 54.71, 17.506
984, 54.81, 17.54
985, 54.85, 17.556
986, 54.9, 17.573
987, 54.94, 17.59
988, 54.99, 17.606
989, 55.04, 17.623
990, 55.09, 17.64
991, 55.14, 17.656
992, 55.2, 17.673
993, 55.24, 17.69
994, 55.29, 17.706
995, 55.38, 17.74
996, 55.42, 17.756
997, 55.47, 17.773
998, 55.51, 17.79
999, 55.56, 17.806
1000, 55.62, 17.823
1001, 55.67, 17.84
1002, 55.71, 17.856
1003, 55.76, 17.873
1004, 55.8, 17.89
1005, 55.85, 17.906
1006, 55.9, 17.923
1007, 55.94, 17.94
1008, 56.04, 17.973
1009, 56.08, 17.99
1010, 56.13, 18.006
1011, 56.17, 18.023
1012, 56.22, 18.04
1013, 56.27, 18.056
1014, 56.31, 18.073
1015, 56.36, 18.09
1016, 56.41, 18.106
1017, 56.45, 18.123
1018, 56.5, 18.14
1019, 56.54, 18.156
1020, 56.59, 18.173
1021, 56.63, 18.19
1022, 56.67, 18.206
1023, 56.77, 18.24
1024, 56.81, 18.256
1025, 56.86, 18.273
1026, 56.9, 18.29
1027, 56.95, 18.306
1028, 57, 18.323
1029, 57.04, 18.34
1030, 57.09, 18.356
1031, 57.14, 18.373
1032, 57.18, 18.39
1033, 57.22, 18.406
1034, 57.26, 18.423
1035, 57.31, 18.44
1036, 57.35, 18.456
1037, 57.39, 18.473
1038, 57.44, 18.49
1039, 57.48, 18.506
1040, 57.52, 18.523
1041, 57.56, 18.54
1042, 57.61, 18.556
1043, 57.7, 18.59
1044, 57.74, 18.606
1045, 57.78, 18.623
1046, 57.83, 18.64
1047, 57.87, 18.656
1048, 57.91, 18.673
1049, 57.95, 18.69
1050, 57.99, 18.706
1051, 58.03, 18.723
1052, 58.07, 18.74
1053, 58.12, 18.756
1054, 58.16, 18.773
1055, 58.2, 18.79
1056, 58.25, 18.806
1057, 58.29, 18.823
1058, 58.33, 18.84
1059, 58.37, 18.856
1060, 58.41, 18.873
1061, 58.45, 18.89
1062, 58.49, 18.906
1063, 58.53, 18.923
1064, 58.57, 18.94
1065, 58.61, 18.956
1066, 58.65, 18.973
1067, 58.69, 18.99
1068, 58.73, 19.006
1069, 58.78, 19.023
1070, 58.82, 19.04
1071, 58.86, 19.056
1072, 58.9, 19.073
1073, 58.93, 19.09
1074, 58.97, 19.106
1075, 59.01, 19.123
1076, 59.04, 19.14
1077, 59.08, 19.156
1078, 59.12, 19.173
1079, 59.16, 19.19
1080, 59.24, 19.223
1081, 59.27, 19.24
1082, 59.31, 19.256
1083, 59.35, 19.273
1084, 59.39, 19.29
1085, 59.37, 19.306
1086, 59.32, 19.323
1087, 59.43, 19.34
1088, 59.48, 19.356
1089, 59.47, 19.373
1090, 59.51, 19.39
1091, 59.56, 19.406
1092, 59.59, 19.423
1093, 59.62, 19.44
1094, 59.66, 19.456
1095, 59.7, 19.473
1096, 59.73, 19.49
1097, 59.76, 19.506
1098, 59.8, 19.523
1099, 59.82, 19.54
1100, 59.85, 19.556
1101, 59.88, 19.573
1102, 59.92, 19.59
1103, 59.95, 19.606
1104, 59.99, 19.623
1105, 60.03, 19.64
1106, 60.06, 19.656
1107, 60.1, 19.673
1108, 60.13, 19.69
1109, 60.16, 19.706
1110, 60.19, 19.723
1111, 60.22, 19.74
1112, 60.25, 19.756
1113, 60.28, 19.773
1114, 60.31, 19.79
1115, 60.34, 19.806
1116, 60.38, 19.823
1117, 60.41, 19.84
1118, 60.45, 19.856
1119, 60.49, 19.873
1120, 60.52, 19.89
1121, 60.55, 19.906
1122, 60.58, 19.923
1123, 60.61, 19.94
1124, 60.64, 19.956
1125, 60.67, 19.973
1126, 60.7, 19.99
1127, 60.73, 20.006
1128, 60.77, 20.023
1129, 60.8, 20.04
1130, 60.8, 20.04
1131, 60.84, 20.056
1132, 60.87, 20.073
1133, 60.9, 20.09
1134, 60.93, 20.106
1135, 60.96, 20.123
1136, 60.99, 20.14
1137, 61.01, 20.156
1138, 61.04, 20.173
1139, 61.07, 20.19
1140, 61.1, 20.206
1141, 61.13, 20.223
1142, 61.17, 20.24
1143, 61.21, 20.256
1144, 61.24, 20.273
1145, 61.27, 20.29
1146, 61.3, 20.306
1147, 61.33, 20.323
1148, 61.36, 20.34
1149, 61.39, 20.356
1150, 61.42, 20.373
1151, 61.45, 20.39
1152, 61.47, 20.406
1153, 61.5, 20.423
1154, 61.54, 20.44
1155, 61.57, 20.456
1156, 61.6, 20.473
1157, 61.63, 20.49
1158, 61.66, 20.506
1159, 61.69, 20.523
1160, 61.72, 20.54
1161, 61.75, 20.556
1162, 61.78, 20.573
1163, 61.81, 20.59
1164, 61.83, 20.606
1165, 61.86, 20.623
1166, 61.89, 20.64
1167, 61.91, 20.656
1168, 61.94, 20.673
1169, 61.98, 20.69
1170, 62.01, 20.706
1171, 62.05, 20.723
1172, 62.05, 20.723
1173, 62.08, 20.74
1174, 62.11, 20.756
1175, 62.14, 20.773
1176, 62.17, 20.79
1177, 62.19, 20.806
1178, 62.22, 20.823
1179, 62.25, 20.84
1180, 62.28, 20.856
1181, 62.31, 20.873
1182, 62.34, 20.89
1183, 62.37, 20.906
1184, 62.4, 20.923
1185, 62.42, 20.94
1186, 62.45, 20.956
1187, 62.47, 20.973
1188, 62.5, 20.99
1189, 62.52, 21.006
1190, 62.55, 21.023
1191, 62.58, 21.04
1192, 62.61, 21.056
1193, 62.65, 21.073
1194, 62.69, 21.09
1195, 62.72, 21.106
1196, 62.74, 21.123
1197, 62.77, 21.14
1198, 62.77, 21.14
1199, 62.79, 21.156
1200, 62.82, 21.173
1201, 62.84, 21.19
1202, 62.86, 21.206
1203, 62.89, 21.223
1204, 62.92, 21.24
1205, 62.95, 21.256
1206, 62.99, 21.273
1207, 63.02, 21.29
1208, 63.04, 21.306
1209, 63.07, 21.323
1210, 63.1, 21.34
1211, 63.12, 21.356
1212, 63.15, 21.373
1213, 63.18, 21.39
1214, 63.2, 21.406
1215, 63.23, 21.423
1216, 63.26, 21.44
1217, 63.29, 21.456
1218, 63.32, 21.473
1219, 63.32, 21.473
1220, 63.35, 21.49
1221, 63.37, 21.506
1222, 63.4, 21.523
1223, 63.42, 21.54
1224, 63.44, 21.556
1225, 63.46, 21.573
1226, 63.48, 21.59
1227, 63.51, 21.606
1228, 63.53, 21.623
1229, 63.55, 21.64
1230, 63.57, 21.656
1231, 63.58, 21.673
1232, 63.58, 21.69
1233, 63.58, 21.706
1234, 63.58, 21.723
1235, 63.58, 21.74
1236, 63.58, 21.756
1237, 63.58, 21.756
1238, 63.58, 21.773
1239, 63.58, 21.79
1240, 63.58, 21.806
1241, 63.57, 21.823
1242, 63.55, 21.84
1243, 63.53, 21.856
1244, 63.49, 21.873
1245, 63.44, 21.89
1246, 63.38, 21.906
1247, 63.3, 21.923
1248, 63.2, 21.94
1249, 63.1, 21.956
1250, 62.99, 21.973
1251, 62.87, 21.99
1252, 62.73, 22.006
1253, 62.54, 22.023
1254, 62.39, 22.04
1255, 62.24, 22.056
1256, 62.09, 22.073
1257, 61.9, 22.09
1258, 61.9, 22.09
1259, 61.72, 22.106
1260, 61.55, 22.123
1261, 61.37, 22.14
1262, 61.18, 22.156
1263, 60.99, 22.173
1264, 60.78, 22.19
1265, 60.58, 22.206
1266, 60.37, 22.223
1267, 60.15, 22.24
1268, 59.93, 22.256
1269, 59.71, 22.273
1270, 59.49, 22.29
1271, 59.27, 22.306
1272, 59.04, 22.323
1273, 58.81, 22.34
1274, 58.59, 22.356
1275, 58.36, 22.373
1276, 57.88, 22.406
1277, 57.63, 22.423
1278, 57.4, 22.44
1279, 57.17, 22.456
1280, 56.86, 22.473
1281, 56.59, 22.49
1282, 56.37, 22.506
1283, 56.16, 22.523
1284, 55.95, 22.54
1285, 55.73, 22.556
1286, 55.51, 22.573
1287, 55.25, 22.59
1288, 54.99, 22.606
1289, 54.77, 22.623
1290, 54.55, 22.64
1291, 54.1, 22.673
1292, 53.9, 22.69
1293, 53.71, 22.706
1294, 53.51, 22.723
1295, 53.31, 22.74
1296, 53.11, 22.756
1297, 52.91, 22.773
1298, 52.72, 22.79
1299, 52.35, 22.823
1300, 52.17, 22.84
1301, 51.99, 22.856
1302, 51.81, 22.873
1303, 51.63, 22.89
1304, 51.45, 22.906
1305, 51.1, 22.94
1306, 50.93, 22.956
1307, 50.76, 22.973
1308, 50.59, 22.99
1309, 50.43, 23.006
1310, 50.27, 23.023
1311, 49.97, 23.056
1312, 49.82, 23.073
1313, 49.67, 23.09
1314, 49.52, 23.106
1315, 49.38, 23.123
1316, 49.09, 23.156
1317, 48.98, 23.173
1318, 48.82, 23.19
1319, 48.69, 23.206
1320, 48.5, 23.24
1321, 48.41, 23.256
1322, 48.33, 23.273
1323, 48.25, 23.29
1324, 48.11, 23.323
1325, 47.96, 23.34
1326, 47.79, 23.356
1327, 47.65, 23.373
1328, 47.47, 23.406
1329, 47.37, 23.423
1330, 47.26, 23.44
1331, 47.17, 23.456
1332, 46.97, 23.49
1333, 46.79, 23.506
1334, 46.58, 23.523
1335, 46.33, 23.556
1336, 46.21, 23.573
1337, 46.1, 23.59
1338, 45.78, 23.623
1339, 45.63, 23.64
1340, 45.49, 23.656
1341, 45.17, 23.69
1342, 45, 23.706
1343, 44.83, 23.723
1344, 44.49, 23.756
1345, 44.31, 23.773
1346, 44.13, 23.79
1347, 43.76, 23.823
1348, 43.56, 23.84
1349, 43.36, 23.856
1350, 42.97, 23.89
1351, 42.76, 23.906
1352, 42.33, 23.94
1353, 42.12, 23.956
1354, 41.91, 23.973
1355, 41.48, 24.006
1356, 41.26, 24.023
1357, 40.86, 24.056
1358, 40.65, 24.073
1359, 40.24, 24.106
1360, 40.05, 24.123
1361, 39.73, 24.156
1362, 39.57, 24.173
1363, 39.31, 24.206
1364, 39.19, 24.223
1365, 38.85, 24.256
1366, 38.66, 24.273
1367, 38.43, 24.306
1368, 38.32, 24.323
1369, 38.07, 24.356
1370, 37.82, 24.39
1371, 37.7, 24.406
1372, 37.46, 24.44
1373, 37.34, 24.456
1374, 37.1, 24.49
1375, 36.88, 24.523
1376, 36.77, 24.54
1377, 36.56, 24.573
1378, 36.45, 24.59
1379, 36.23, 24.623
1380, 36.03, 24.656
1381, 35.93, 24.673
1382, 35.73, 24.706
1383, 35.64, 24.723
1384, 35.47, 24.756
1385, 35.29, 24.79
1386, 35.21, 24.806
1387, 35.05, 24.84
1388, 34.89, 24.873
1389, 34.81, 24.89
1390, 34.69, 24.923
1391, 34.57, 24.956
1392, 34.51, 24.973
1393, 34.39, 25.006
1394, 34.26, 25.04
1395, 34.13, 25.073
1396, 34.05, 25.09
1397, 33.93, 25.123
1398, 33.85, 25.156
1399, 33.78, 25.19
1400, 33.74, 25.206
1401, 33.64, 25.24
1402, 33.52, 25.273
1403, 33.42, 25.306
1404, 33.35, 25.34
1405, 33.29, 25.356
1406, 33.29, 25.39
1407, 33.26, 25.423
1408, 33.24, 25.456
1409, 33.3, 25.49
1410, 33.3, 25.523
1411, 33.31, 25.54
1412, 33.34, 25.573
1413, 33.57, 25.606
1414, 33.8, 25.64
1415, 33.71, 25.673
1416, 33.72, 25.706
1417, 33.77, 25.723
1418, 33.8, 25.756
1419, 33.9, 25.79
1420, 34.15, 25.823
1421, 34.34, 25.856
1422, 34.38, 25.873
1423, 34.43, 25.906
1424, 34.5, 25.94
1425, 34.55, 25.973
1426, 34.61, 25.99
1427, 34.77, 26.023
1428, 35.04, 26.056
1429, 35.33, 26.09
1430, 35.42, 26.106
1431, 35.52, 26.14
1432, 35.61, 26.173
1433, 35.69, 26.206
1434, 35.75, 26.223
1435, 35.9, 26.256
1436, 36.19, 26.29
1437, 36.33, 26.306
1438, 36.53, 26.34
1439, 36.68, 26.373
1440, 36.75, 26.39
1441, 36.89, 26.423
1442, 37.06, 26.456
1443, 37.19, 26.473
1444, 37.37, 26.506
1445, 37.5, 26.54
1446, 37.66, 26.556
1447, 37.82, 26.59
1448, 37.88, 26.606
1449, 38.05, 26.64
1450, 38.23, 26.673
1451, 38.32, 26.69
1452, 38.48, 26.723
1453, 38.56, 26.74
1454, 38.72, 26.773
1455, 38.79, 26.79
1456, 38.91, 26.823
1457, 39.09, 26.856
1458, 39.2, 26.873
1459, 39.37, 26.906
1460, 39.44, 26.923
1461, 39.6, 26.956
1462, 39.68, 26.973
1463, 39.83, 27.006
1464, 39.91, 27.023
1465, 40.07, 27.056
1466, 40.15, 27.073
1467, 40.33, 27.106
1468, 40.41, 27.123
1469, 40.56, 27.156
1470, 40.64, 27.173
1471, 40.79, 27.206
1472, 40.86, 27.223
1473, 41.04, 27.256
1474, 41.14, 27.273
1475, 41.29, 27.306
1476, 41.36, 27.323
1477, 41.52, 27.356
1478, 41.6, 27.373
1479, 41.75, 27.406
1480, 41.83, 27.423
1481, 41.92, 27.44
1482, 42.08, 27.473
1483, 42.15, 27.49
1484, 42.31, 27.523
1485, 42.39, 27.54
1486, 42.55, 27.573
1487, 42.62, 27.59
1488, 42.7, 27.606
1489, 42.85, 27.64
1490, 42.93, 27.656
1491, 43.08, 27.69
1492, 43.16, 27.706
1493, 43.24, 27.723
1494, 43.39, 27.756
1495, 43.46, 27.773
1496, 43.62, 27.806
1497, 43.69, 27.823
1498, 43.77, 27.84
1499, 43.92, 27.873
1500, 43.99, 27.89
1501, 44.07, 27.906
1502, 44.22, 27.94
1503, 44.29, 27.956
1504, 44.37, 27.973
1505, 44.52, 28.006
1506, 44.59, 28.023
1507, 44.75, 28.056
1508, 44.82, 28.073
1509, 44.89, 28.09
1510, 45.04, 28.123
1511, 45.11, 28.14
1512, 45.18, 28.156
1513, 45.33, 28.19
1514, 45.4, 28.206
1515, 45.48, 28.223
1516, 45.55, 28.24
1517, 45.69, 28.273
1518, 45.76, 28.29
1519, 45.83, 28.306
1520, 45.96, 28.34
1521, 46.03, 28.356
1522, 46.1, 28.373
1523, 46.24, 28.406
1524, 46.32, 28.423
1525, 46.4, 28.44
1526, 46.54, 28.473
1527, 46.61, 28.49
1528, 46.68, 28.506
1529, 46.75, 28.523
1530, 46.88, 28.556
1531, 46.95, 28.573
1532, 47.02, 28.59
1533, 47.16, 28.623
1534, 47.23, 28.64
1535, 47.29, 28.656
1536, 47.36, 28.673
1537, 47.49, 28.706
1538, 47.5, 28.723
1539, 47.46, 28.74
1540, 47.58, 28.756
1541, 47.75, 28.79
1542, 47.8, 28.806
1543, 47.85, 28.823
1544, 47.9, 28.84
1545, 48.03, 28.873
1546, 48.08, 28.89
1547, 48.14, 28.906
1548, 48.2, 28.923
1549, 48.32, 28.956
1550, 48.37, 28.973
1551, 48.43, 28.99
1552, 48.49, 29.006
1553, 48.6, 29.04
1554, 48.65, 29.056
1555, 48.71, 29.073
1556, 48.76, 29.09
1557, 48.87, 29.123
1558, 48.93, 29.14
1559, 48.99, 29.156
1560, 49.04, 29.173
1561, 49.15, 29.206
1562, 49.21, 29.223
1563, 49.26, 29.24
1564, 49.32, 29.256
1565, 49.38, 29.273
1566, 49.49, 29.306
1567, 49.54, 29.323
1568, 49.6, 29.34
1569, 49.65, 29.356
1570, 49.7, 29.373
1571, 49.81, 29.406
1572, 49.86, 29.423
1573, 49.92, 29.44
1574, 49.97, 29.456
1575, 50.08, 29.49
1576, 50.13, 29.506
1577, 50.18, 29.523
1578, 50.24, 29.54
1579, 50.29, 29.556
1580, 50.35, 29.573
1581, 50.45, 29.606
1582, 50.49, 29.623
1583, 50.53, 29.64
1584, 50.57, 29.656
1585, 50.6, 29.673
1586, 50.65, 29.706
1587, 50.66, 29.723
1588, 50.65, 29.74
1589, 50.63, 29.756
1590, 50.59, 29.773
1591, 50.45, 29.806
1592, 50.35, 29.823
1593, 50.23, 29.84
1594, 50.1, 29.856
1595, 49.96, 29.873
1596, 49.58, 29.906
1597, 49.39, 29.923
1598, 49.2, 29.94
1599, 48.99, 29.956
1600, 48.76, 29.973
1601, 48.27, 30.006
1602, 48.01, 30.023
1603, 47.73, 30.04
1604, 47.45, 30.056
1605, 46.89, 30.09
1606, 46.61, 30.106
1607, 46.33, 30.123
1608, 45.78, 30.156
1609, 45.51, 30.173
1610, 45.19, 30.19
1611, 44.58, 30.223
1612, 44.27, 30.24
1613, 43.95, 30.256
1614, 43.34, 30.29
1615, 43.05, 30.306
1616, 42.77, 30.323
1617, 42.24, 30.356
1618, 41.97, 30.373
1619, 41.41, 30.406
1620, 41.16, 30.423
1621, 40.66, 30.456
1622, 40.42, 30.473
1623, 39.95, 30.506
1624, 39.72, 30.523
1625, 39.27, 30.556
1626, 39.05, 30.573
1627, 38.63, 30.606
1628, 38.43, 30.623
1629, 37.95, 30.656
1630, 37.7, 30.673
1631, 37.31, 30.706
1632, 36.9, 30.74
1633, 36.7, 30.756
1634, 36.37, 30.79
1635, 36.06, 30.823
1636, 35.9, 30.84
1637, 35.6, 30.873
1638, 35.32, 30.906
1639, 35.18, 30.923
1640, 34.87, 30.956
1641, 34.58, 30.99
1642, 34.3, 31.023
1643, 34.15, 31.04
1644, 33.86, 31.073
1645, 33.57, 31.106
1646, 33.31, 31.14
1647, 33.07, 31.173
1648, 32.85, 31.206
1649, 32.74, 31.223
1650, 32.54, 31.256
1651, 32.35, 31.29
1652, 32.15, 31.323
1653, 31.95, 31.356
1654, 31.75, 31.39
1655, 31.55, 31.423
1656, 31.37, 31.456
1657, 31.19, 31.49
1658, 31.02, 31.523
1659, 30.87, 31.556
1660, 30.72, 31.59
1661, 30.59, 31.623
1662, 30.47, 31.656
1663, 30.36, 31.69
1664, 30.25, 31.723
1665, 30.14, 31.756
1666, 30.04, 31.79
1667, 29.94, 31.823
1668, 29.83, 31.856
1669, 29.72, 31.89
1670, 29.61, 31.923
1671, 29.51, 31.956
1672, 29.41, 31.99
1673, 29.3, 32.023
1674, 29.15, 32.073
1675, 29.04, 32.106
1676, 28.94, 32.14
1677, 28.84, 32.173
1678, 28.73, 32.206
1679, 28.63, 32.24
1680, 28.53, 32.273
1681, 28.42, 32.306
1682, 28.24, 32.356
1683, 28.11, 32.39
1684, 27.98, 32.423
1685, 27.85, 32.456
1686, 27.72, 32.49
1687, 27.54, 32.54
1688, 27.43, 32.573
1689, 27.33, 32.606
1690, 27.24, 32.64
1691, 27.08, 32.69
1692, 26.78, 32.723
1693, 26.62, 32.756
1694, 26.43, 32.806
1695, 26.25, 32.84
1696, 26.08, 32.873
1697, 25.85, 32.923
1698, 25.69, 32.956
1699, 25.47, 33.006
1700, 25.34, 33.04
1701, 25.21, 33.073
1702, 25.02, 33.123
1703, 24.9, 33.156
1704, 24.72, 33.206
1705, 24.61, 33.24
1706, 24.44, 33.29
1707, 24.27, 33.34
1708, 24.16, 33.373
1709, 23.99, 33.423
1710, 23.82, 33.473
1711, 23.71, 33.506
1712, 23.55, 33.556
1713, 23.39, 33.606
1714, 23.29, 33.64
1715, 23.18, 33.69
1716, 23.07, 33.74
1717, 23.12, 33.79
1718, 23.17, 33.823
1719, 23.22, 33.873
1720, 23.3, 33.923
1721, 23.42, 33.973
1722, 23.53, 34.006
1723, 23.7, 34.056
1724, 23.85, 34.106
1725, 23.96, 34.14
1726, 24.14, 34.19
1727, 24.32, 34.24
1728, 24.44, 34.273
1729, 24.69, 34.323
1730, 24.89, 34.356
1731, 25.24, 34.406
1732, 25.49, 34.44
1733, 25.85, 34.49
1734, 26.09, 34.523
1735, 26.35, 34.556
1736, 26.74, 34.606
1737, 27.01, 34.64
1738, 27.26, 34.673
1739, 27.64, 34.723
1740, 27.88, 34.756
1741, 28.12, 34.79
1742, 28.37, 34.823
1743, 28.61, 34.856
1744, 28.98, 34.906
1745, 29.22, 34.94
1746, 29.44, 34.973
1747, 29.64, 35.006
1748, 29.87, 35.04
1749, 30.03, 35.073
1750, 30.1, 35.106
1751, 30.38, 35.14
1752, 30.63, 35.173
1753, 30.89, 35.206
1754, 31.08, 35.24
1755, 31.29, 35.273
1756, 31.49, 35.306
1757, 31.71, 35.34
1758, 31.91, 35.373
1759, 32.11, 35.406
1760, 32.21, 35.423
1761, 32.42, 35.456
1762, 32.64, 35.49
1763, 32.85, 35.523
1764, 33.04, 35.556
1765, 33.25, 35.59
1766, 33.45, 35.623
1767, 33.54, 35.64
1768, 33.74, 35.673
1769, 33.94, 35.706
1770, 34.14, 35.74
1771, 34.34, 35.773
1772, 34.43, 35.79
1773, 34.63, 35.823
1774, 34.84, 35.856
1775, 35.03, 35.89
1776, 35.12, 35.906
1777, 35.31, 35.94
1778, 35.5, 35.973
1779, 35.59, 35.99
1780, 35.79, 36.023
1781, 35.98, 36.056
1782, 36.08, 36.073
1783, 36.27, 36.106
1784, 36.44, 36.14
1785, 36.53, 36.156
1786, 36.73, 36.19
1787, 36.93, 36.223
1788, 37.03, 36.24
1789, 37.22, 36.273
1790, 37.32, 36.29
1791, 37.5, 36.323
1792, 37.67, 36.356
1793, 37.76, 36.373
1794, 37.94, 36.406
1795, 38.03, 36.423
1796, 38.21, 36.456
1797, 38.41, 36.49
1798, 38.5, 36.506
1799, 38.66, 36.54
1800, 38.75, 36.556
1801, 38.91, 36.59
1802, 38.99, 36.606
1803, 39.16, 36.64
1804, 39.25, 36.656
1805, 39.34, 36.69
1806, 39.43, 36.723
1807, 39.59, 36.74
1808, 39.73, 36.773
1809, 39.82, 36.79
1810, 39.97, 36.823
1811, 40.04, 36.84
1812, 40.19, 36.873
1813, 40.26, 36.89
1814, 40.41, 36.923
1815, 40.49, 36.94
1816, 40.64, 36.973
1817, 40.72, 36.99
1818, 40.87, 37.023
1819, 40.94, 37.04
1820, 41.02, 37.056
1821, 41.16, 37.09
1822, 41.23, 37.106
1823, 41.38, 37.14
1824, 41.45, 37.156
1825, 41.59, 37.19
1826, 41.66, 37.206
1827, 41.81, 37.24
1828, 41.88, 37.256
1829, 41.96, 37.273
1830, 42.1, 37.306
1831, 42.18, 37.323
1832, 42.32, 37.356
1833, 42.39, 37.373
1834, 42.52, 37.406
1835, 42.59, 37.423
1836, 42.66, 37.44
1837, 42.81, 37.473
1838, 42.89, 37.49
1839, 43.03, 37.523
1840, 43.1, 37.54
1841, 43.17, 37.556
1842, 43.3, 37.59
1843, 43.37, 37.606
1844, 43.51, 37.64
1845, 43.58, 37.656
1846, 43.65, 37.673
1847, 43.79, 37.706
1848, 43.86, 37.723
1849, 43.93, 37.74
1850, 44.07, 37.773
1851, 44.13, 37.79
1852, 44.27, 37.823
1853, 44.33, 37.84
1854, 44.4, 37.856
1855, 44.54, 37.89
1856, 44.61, 37.906
1857, 44.68, 37.923
1858, 44.82, 37.956
1859, 44.88, 37.973
1860, 44.95, 37.99
1861, 45.08, 38.023
1862, 45.15, 38.04
1863, 45.22, 38.056
1864, 45.36, 38.09
1865, 45.43, 38.106
1866, 45.5, 38.123
1867, 45.63, 38.156
1868, 45.7, 38.173
1869, 45.76, 38.19
1870, 45.83, 38.206
1871, 45.96, 38.24
1872, 46.03, 38.256
1873, 46.09, 38.273
1874, 46.23, 38.306
1875, 46.29, 38.323
1876, 46.36, 38.34
1877, 46.49, 38.373
1878, 46.56, 38.39
1879, 46.62, 38.406
1880, 46.69, 38.423
1881, 46.81, 38.456
1882, 46.88, 38.473
1883, 46.94, 38.49
1884, 47.07, 38.523
1885, 47.13, 38.54
1886, 47.2, 38.556
1887, 47.26, 38.573
1888, 47.39, 38.606
1889, 47.46, 38.623
1890, 47.52, 38.64
1891, 47.58, 38.656
1892, 47.7, 38.69
1893, 47.76, 38.706
1894, 47.82, 38.723
1895, 47.88, 38.74
1896, 48, 38.773
1897, 48.06, 38.79
1898, 48.12, 38.806
1899, 48.18, 38.823
1900, 48.3, 38.856
1901, 48.36, 38.873
1902, 48.42, 38.89
1903, 48.47, 38.906
1904, 48.59, 38.94
1905, 48.65, 38.956
1906, 48.71, 38.973
1907, 48.71, 38.99
1908, 48.79, 39.023
1909, 48.9, 39.04
1910, 48.92, 39.056
1911, 48.96, 39.073
1912, 49.01, 39.09
1913, 49.13, 39.123
1914, 49.17, 39.14
1915, 49.22, 39.156
1916, 49.28, 39.173
1917, 49.38, 39.206
1918, 49.43, 39.223
1919, 49.49, 39.24
1920, 49.54, 39.256
1921, 49.58, 39.273
1922, 49.68, 39.306
1923, 49.73, 39.323
1924, 49.78, 39.34
1925, 49.83, 39.356
1926, 49.88, 39.373
1927, 49.98, 39.406
1928, 50.03, 39.423
1929, 50.08, 39.44
1930, 50.13, 39.456
1931, 50.18, 39.473
1932, 50.28, 39.506
1933, 50.33, 39.523
1934, 50.37, 39.54
1935, 50.42, 39.556
1936, 50.47, 39.573
1937, 50.57, 39.606
1938, 50.62, 39.623
1939, 50.67, 39.64
1940, 50.72, 39.656
1941, 50.77, 39.673
1942, 50.87, 39.706
1943, 50.92, 39.723
1944, 50.96, 39.74
1945, 51.01, 39.756
1946, 51.05, 39.773
1947, 51.1, 39.79
1948, 51.2, 39.823
1949, 51.25, 39.84
1950, 51.29, 39.856
1951, 51.34, 39.873
1952, 51.39, 39.89
1953, 51.44, 39.906
1954, 51.52, 39.94
1955, 51.57, 39.956
1956, 51.61, 39.973
1957, 51.65, 39.99
1958, 51.7, 40.006
1959, 51.74, 40.023
1960, 51.84, 40.056
1961, 51.89, 40.073
1962, 51.93, 40.09
1963, 51.98, 40.106
1964, 52.02, 40.123
1965, 52.06, 40.14
1966, 52.1, 40.156
1967, 52.18, 40.19
1968, 52.23, 40.206
1969, 52.28, 40.223
1970, 52.33, 40.24
1971, 52.37, 40.256
1972, 52.41, 40.273
1973, 52.45, 40.29
1974, 52.52, 40.323
1975, 52.55, 40.34
1976, 52.59, 40.356
1977, 52.63, 40.373
1978, 52.68, 40.39
1979, 52.72, 40.406
1980, 52.76, 40.423
1981, 52.84, 40.456
1982, 52.88, 40.473
1983, 52.92, 40.49
1984, 52.96, 40.506
1985, 53, 40.523
1986, 53.04, 40.54
1987, 53.07, 40.556
1988, 53.11, 40.573
1989, 53.19, 40.606
1990, 53.23, 40.623
1991, 53.28, 40.64
1992, 53.31, 40.656
1993, 53.35, 40.673
1994, 53.38, 40.69
1995, 53.42, 40.706
1996, 53.46, 40.723
1997, 53.54, 40.756
1998, 53.58, 40.773
1999, 53.62, 40.79
2000, 53.66, 40.806
2001, 53.69, 40.823
2002, 53.73, 40.84
2003, 53.77, 40.856
2004, 53.8, 40.873
2005, 53.88, 40.906
2006, 53.92, 40.923
2007, 53.95, 40.94
2008, 53.99, 40.956
2009, 54.03, 40.973
2010, 54.07, 40.99
2011, 54.1, 41.006
2012, 54.14, 41.023
2013, 54.18, 41.04
2014, 54.21, 41.056
2015, 54.28, 41.09
2016, 54.32, 41.106
2017, 54.36, 41.123
2018, 54.4, 41.14
2019, 54.43, 41.156
2020, 54.47, 41.173
2021, 54.51, 41.19
2022, 54.54, 41.206
2023, 54.58, 41.223
2024, 54.66, 41.256
2025, 54.69, 41.273
2026, 54.72, 41.29
2027, 54.76, 41.306
2028, 54.79, 41.323
2029, 54.82, 41.34
2030, 54.86, 41.356
2031, 54.9, 41.373
2032, 54.94, 41.39
2033, 54.97, 41.406
2034, 55.01, 41.423
2035, 55.08, 41.456
2036, 55.12, 41.473
2037, 55.16, 41.49
2038, 55.19, 41.506
2039, 55.23, 41.523
2040, 55.26, 41.54
2041, 55.3, 41.556
2042, 55.34, 41.573
2043, 55.37, 41.59
2044, 55.41, 41.606
2045, 55.44, 41.623
2046, 55.51, 41.656
2047, 55.54, 41.673
2048, 55.57, 41.69
2049, 55.61, 41.706
2050, 55.64, 41.723
2051, 55.67, 41.74
2052, 55.71, 41.756
2053, 55.74, 41.773
2054, 55.78, 41.79
2055, 55.81, 41.806
2056, 55.85, 41.823
2057, 55.88, 41.84
2058, 55.91, 41.856
2059, 55.97, 41.89
2060, 56, 41.906
2061, 56.04, 41.923
2062, 56.07, 41.94
2063, 56.11, 41.956
2064, 56.15, 41.973
2065, 56.19, 41.99
2066, 56.22, 42.006
2067, 56.25, 42.023
2068, 56.28, 42.04
2069, 56.31, 42.056
2070, 56.34, 42.073
2071, 56.38, 42.09
2072, 56.41, 42.106
2073, 56.48, 42.14
2074, 56.51, 42.156
2075, 56.55, 42.173
2076, 56.58, 42.19
2077, 56.61, 42.206
2078, 56.64, 42.223
2079, 56.68, 42.24
2080, 56.71, 42.256
2081, 56.74, 42.273
2082, 56.78, 42.29
2083, 56.81, 42.306
2084, 56.84, 42.323
2085, 56.87, 42.34
2086, 56.91, 42.356
2087, 56.94, 42.373
2088, 56.97, 42.39
2089, 57, 42.406
2090, 57.06, 42.44
2091, 57.09, 42.456
2092, 57.13, 42.473
2093, 57.16, 42.49
2094, 57.19, 42.506
2095, 57.22, 42.523
2096, 57.25, 42.54
2097, 57.29, 42.556
2098, 57.32, 42.573
2099, 57.35, 42.59
2100, 57.38, 42.606
2101, 57.41, 42.623
2102, 57.45, 42.64
2103, 57.48, 42.656
2104, 57.51, 42.673
2105, 57.54, 42.69
2106, 57.57, 42.706
2107, 57.61, 42.723
2108, 57.64, 42.74
2109, 57.67, 42.756
2110, 57.69, 42.773
2111, 57.72, 42.79
2112, 57.78, 42.823
2113, 57.81, 42.84
2114, 57.84, 42.856
2115, 57.83, 42.873
2116, 57.77, 42.89
2117, 57.85, 42.906
2118, 57.9, 42.923
2119, 57.92, 42.94
2120, 57.96, 42.956
2121, 57.97, 42.973
2122, 57.99, 42.99
2123, 58.02, 43.006
2124, 58.04, 43.023
2125, 58.07, 43.04
2126, 58.1, 43.056
2127, 58.13, 43.073
2128, 58.16, 43.09
2129, 58.19, 43.106
2130, 58.22, 43.123
2131, 58.24, 43.14
2132, 58.28, 43.156
2133, 58.31, 43.173
2134, 58.34, 43.19
2135, 58.37, 43.206
2136, 58.4, 43.223
2137, 58.42, 43.24
2138, 58.45, 43.256
2139, 58.47, 43.273
2140, 58.5, 43.29
2141, 58.53, 43.306
2142, 58.59, 43.34
2143, 58.63, 43.356
2144, 58.67, 43.373
2145, 58.71, 43.39
2146, 58.74, 43.406
2147, 58.76, 43.423
2148, 58.78, 43.44
2149, 58.81, 43.456
2150, 58.83, 43.473
2151, 58.85, 43.49
2152, 58.87, 43.506
2153, 58.9, 43.523
2154, 58.95, 43.54
2155, 59, 43.556
2156, 59.04, 43.573
2157, 59.07, 43.59
2158, 59.1, 43.606
2159, 59.12, 43.623
2160, 59.15, 43.64
2161, 59.18, 43.656
2162, 59.2, 43.673
2163, 59.23, 43.69
2164, 59.26, 43.706
2165, 59.29, 43.723
2166, 59.33, 43.74
2167, 59.37, 43.756
2168, 59.41, 43.773
2169, 59.45, 43.79
2170, 59.49, 43.806
2171, 59.52, 43.823
2172, 59.55, 43.84
2173, 59.57, 43.856
2174, 59.59, 43.873
2175, 59.62, 43.89
2176, 59.65, 43.906
2177, 59.68, 43.923
2178, 59.72, 43.94
2179, 59.75, 43.956
2180, 59.79, 43.973
2181, 59.82, 43.99
2182, 59.85, 44.006
2183, 59.88, 44.023
2184, 59.91, 44.04
2185, 59.94, 44.056
2186, 59.97, 44.073
2187, 60, 44.09
2188, 60.03, 44.106
2189, 60.06, 44.123
2190, 60.07, 44.14
2191, 60.05, 44.156
2192, 60.02, 44.173
2193, 59.96, 44.19
2194, 59.89, 44.206
2195, 59.82, 44.223
2196, 59.74, 44.24
2197, 59.59, 44.256
2198, 59.5, 44.273
2199, 59.42, 44.29
2200, 59.32, 44.306
2201, 59.2, 44.323
2202, 59.06, 44.34
2203, 58.92, 44.356
2204, 58.78, 44.373
2205, 58.61, 44.39
2206, 58.43, 44.406
2207, 58.26, 44.423
2208, 58.06, 44.44
2209, 57.84, 44.456
2210, 57.61, 44.473
2211, 57.38, 44.49
2212, 57.15, 44.506
2213, 56.91, 44.523
2214, 56.4, 44.556
2215, 56.13, 44.573
2216, 55.86, 44.59
2217, 55.57, 44.606
2218, 55.22, 44.623
2219, 54.89, 44.64
2220, 54.62, 44.656
2221, 54.34, 44.673
2222, 54.07, 44.69
2223, 53.8, 44.706
2224, 53.52, 44.723
2225, 52.95, 44.756
2226, 52.68, 44.773
2227, 52.39, 44.79
2228, 52.11, 44.806
2229, 51.83, 44.823
2230, 51.55, 44.84
2231, 51.27, 44.856
2232, 50.74, 44.89
2233, 50.48, 44.906
2234, 50.22, 44.923
2235, 49.97, 44.94
2236, 49.72, 44.956
2237, 49.23, 44.99
2238, 48.99, 45.006
2239, 48.76, 45.023
2240, 48.53, 45.04
2241, 47.96, 45.073
2242, 47.71, 45.09
2243, 47.51, 45.106
2244, 47.33, 45.123
2245, 46.93, 45.156
2246, 46.74, 45.173
2247, 46.57, 45.19
2248, 46.41, 45.206
2249, 46.08, 45.24
2250, 45.91, 45.256
2251, 45.75, 45.273
2252, 45.45, 45.306
2253, 45.3, 45.323
2254, 45.16, 45.34
2255, 44.89, 45.373
2256, 44.76, 45.39
2257, 44.64, 45.406
2258, 44.39, 45.44
2259, 44.29, 45.456
2260, 44.19, 45.473
2261, 44.01, 45.506
2262, 43.93, 45.523
2263, 43.79, 45.556
2264, 43.73, 45.573
2265, 43.66, 45.59
2266, 43.52, 45.623
2267, 43.46, 45.64
2268, 43.39, 45.656
2269, 43.27, 45.69
2270, 43.2, 45.706
2271, 43.08, 45.74
2272, 43.02, 45.756
2273, 42.96, 45.773
2274, 42.84, 45.806
2275, 42.78, 45.823
2276, 42.66, 45.856
2277, 42.6, 45.873
2278, 42.54, 45.89
2279, 42.42, 45.923
2280, 42.36, 45.94
2281, 42.24, 45.973
2282, 42.18, 45.99
2283, 42.12, 46.006
2284, 42, 46.04
2285, 41.95, 46.056
2286, 41.86, 46.09
2287, 41.82, 46.106
2288, 41.78, 46.14
2289, 41.81, 46.156
2290, 41.79, 46.173
2291, 41.73, 46.206
2292, 41.72, 46.223
2293, 41.69, 46.256
2294, 41.67, 46.273
2295, 41.66, 46.29
2296, 41.65, 46.323
2297, 41.65, 46.34
2298, 41.67, 46.373
2299, 41.68, 46.39
2300, 41.7, 46.406
2301, 41.74, 46.44
2302, 41.76, 46.456
2303, 41.77, 46.49
2304, 41.8, 46.506
2305, 41.88, 46.523
2306, 41.98, 46.556
2307, 41.96, 46.573
2308, 41.96, 46.59
2309, 42.08, 46.623
2310, 42.15, 46.64
2311, 42.28, 46.673
2312, 42.32, 46.69
2313, 42.36, 46.706
2314, 42.43, 46.74
2315, 42.48, 46.756
2316, 42.57, 46.79
2317, 42.63, 46.806
2318, 42.76, 46.84
2319, 42.78, 46.856
2320, 42.81, 46.873
2321, 42.9, 46.906
2322, 42.93, 46.923
2323, 43.04, 46.956
2324, 43.11, 46.973
2325, 43.18, 46.99
2326, 43.34, 47.023
2327, 43.42, 47.04
2328, 43.52, 47.073
2329, 43.58, 47.09
2330, 43.65, 47.106
2331, 43.78, 47.14
2332, 43.85, 47.156
2333, 43.98, 47.19
2334, 44.05, 47.206
2335, 44.13, 47.223
2336, 44.27, 47.256
2337, 44.34, 47.273
2338, 44.4, 47.29
2339, 44.54, 47.323
2340, 44.61, 47.34
2341, 44.74, 47.373
2342, 44.81, 47.39
2343, 44.87, 47.406
2344, 45.01, 47.44
2345, 45.08, 47.456
2346, 45.15, 47.473
2347, 45.28, 47.506
2348, 45.35, 47.523
2349, 45.41, 47.54
2350, 45.54, 47.573
2351, 45.61, 47.59
2352, 45.68, 47.606
2353, 45.81, 47.64
2354, 45.88, 47.656
2355, 45.94, 47.673
2356, 46.07, 47.706
2357, 46.13, 47.723
2358, 46.19, 47.74
2359, 46.31, 47.773
2360, 46.37, 47.79
2361, 46.44, 47.806
2362, 46.57, 47.84
2363, 46.63, 47.856
2364, 46.69, 47.873
2365, 46.82, 47.906
2366, 46.88, 47.923
2367, 46.94, 47.94
2368, 47.01, 47.956
2369, 47.14, 47.99
2370, 47.2, 48.006
2371, 47.26, 48.023
2372, 47.39, 48.056
2373, 47.46, 48.073
2374, 47.51, 48.09
2375, 47.57, 48.106
2376, 47.7, 48.14
2377, 47.76, 48.156
2378, 47.83, 48.173
2379, 47.96, 48.206
2380, 48.02, 48.223
2381, 48.08, 48.24
2382, 48.13, 48.256
2383, 48.25, 48.29
2384, 48.31, 48.306
2385, 48.38, 48.323
2386, 48.44, 48.34
2387, 48.51, 48.373
2388, 48.47, 48.39
2389, 48.61, 48.406
2390, 48.71, 48.423
2391, 48.78, 48.456
2392, 48.83, 48.473
2393, 48.89, 48.49
2394, 48.95, 48.506
2395, 49.09, 48.54
2396, 49.15, 48.556
2397, 49.21, 48.573
2398, 49.26, 48.59
2399, 49.32, 48.606
2400, 49.44, 48.64
2401, 49.5, 48.656
2402, 49.56, 48.673
2403, 49.62, 48.69
2404, 49.73, 48.723
2405, 49.79, 48.74
2406, 49.85, 48.756
2407, 49.91, 48.773
2408, 49.97, 48.79
2409, 50.09, 48.823
2410, 50.14, 48.84
2411, 50.19, 48.856
2412, 50.24, 48.873
2413, 50.3, 48.89
2414, 50.4, 48.923
2415, 50.46, 48.94
2416, 50.51, 48.956
2417, 50.57, 48.973
2418, 50.62, 48.99
2419, 50.73, 49.023
2420, 50.79, 49.04
2421, 50.84, 49.056
2422, 50.89, 49.073
2423, 50.95, 49.09
2424, 51.06, 49.123
2425, 51.11, 49.14
2426, 51.16, 49.156
2427, 51.21, 49.173
2428, 51.26, 49.19
2429, 51.32, 49.206
2430, 51.42, 49.24
2431, 51.48, 49.256
2432, 51.53, 49.273
2433, 51.58, 49.29
2434, 51.64, 49.306
2435, 51.69, 49.323
2436, 51.79, 49.356
2437, 51.84, 49.373
2438, 51.89, 49.39
2439, 51.95, 49.406
2440, 52, 49.423
2441, 52.06, 49.44
2442, 52.17, 49.473
2443, 52.22, 49.49
2444, 52.28, 49.506
2445, 52.33, 49.523
2446, 52.38, 49.54
2447, 52.44, 49.556
2448, 52.49, 49.573
2449, 52.6, 49.606
2450, 52.65, 49.623
2451, 52.71, 49.64
2452, 52.76, 49.656
2453, 52.82, 49.673
2454, 52.88, 49.69
2455, 52.94, 49.706
2456, 53.05, 49.74
2457, 53.11, 49.756
2458, 53.16, 49.773
2459, 53.22, 49.79
2460, 53.27, 49.806
2461, 53.33, 49.823
2462, 53.39, 49.84
2463, 53.44, 49.856
2464, 53.56, 49.89
2465, 53.61, 49.906
2466, 53.67, 49.923
2467, 53.72, 49.94
2468, 53.78, 49.956
2469, 53.83, 49.973
2470, 53.89, 49.99
2471, 53.94, 50.006
2472, 54, 50.023
2473, 54.1, 50.056
2474, 54.16, 50.073
2475, 54.22, 50.09
2476, 54.28, 50.106
2477, 54.33, 50.123
2478, 54.38, 50.14
2479, 54.44, 50.156
2480, 54.49, 50.173
2481, 54.54, 50.19
2482, 54.6, 50.206
2483, 54.65, 50.223
2484, 54.76, 50.256
2485, 54.82, 50.273
2486, 54.87, 50.29
2487, 54.92, 50.306
2488, 54.98, 50.323
2489, 55.04, 50.34
2490, 55.09, 50.356
2491, 55.15, 50.373
2492, 55.2, 50.39
2493, 55.26, 50.406
2494, 55.31, 50.423
2495, 55.37, 50.44
2496, 55.48, 50.473
2497, 55.54, 50.49
2498, 55.6, 50.506
2499, 55.65, 50.523
2500, 55.71, 50.54
2501, 55.77, 50.556
2502, 55.82, 50.573
2503, 55.88, 50.59
2504, 55.93, 50.606
2505, 55.99, 50.623
2506, 56.04, 50.64
2507, 56.1, 50.656
2508, 56.15, 50.673
2509, 56.22, 50.69
2510, 56.28, 50.706
2511, 56.33, 50.723
2512, 56.39, 50.74
2513, 56.49, 50.773
2514, 56.53, 50.79
2515, 56.57, 50.806
2516, 56.63, 50.823
2517, 56.7, 50.84
2518, 56.77, 50.856
2519, 56.83, 50.873
2520, 56.88, 50.89
2521, 56.93, 50.906
2522, 56.99, 50.923
2523, 57.04, 50.94
2524, 57.1, 50.956
2525, 57.15, 50.973
2526, 57.21, 50.99
2527, 57.26, 51.006
2528, 57.31, 51.023
2529, 57.37, 51.04
2530, 57.42, 51.056
2531, 57.48, 51.073
2532, 57.53, 51.09
2533, 57.58, 51.106
2534, 57.64, 51.123
2535, 57.7, 51.14
2536, 57.75, 51.156
2537, 57.81, 51.173
2538, 57.91, 51.206
2539, 57.97, 51.223
2540, 58.02, 51.24
2541, 58.07, 51.256
2542, 58.13, 51.273
2543, 58.18, 51.29
2544, 58.23, 51.306
2545, 58.29, 51.323
2546, 58.33, 51.34
2547, 58.38, 51.356
2548, 58.43, 51.373
2549, 58.48, 51.39
2550, 58.53, 51.406
2551, 58.58, 51.423
2552, 58.63, 51.44
2553, 58.68, 51.456
2554, 58.73, 51.473
2555, 58.77, 51.49
2556, 58.82, 51.506
2557, 58.81, 51.523
2558, 58.78, 51.54
2559, 58.91, 51.556
2560, 58.96, 51.573
2561, 58.96, 51.59
2562, 59.01, 51.606
2563, 59.07, 51.623
2564, 59.1, 51.64
2565, 59.14, 51.656
2566, 59.19, 51.673
2567, 59.24, 51.69
2568, 59.27, 51.706
2569, 59.32, 51.723
2570, 59.37, 51.74
2571, 59.41, 51.756
2572, 59.46, 51.773
2573, 59.5, 51.79
2574, 59.54, 51.806
2575, 59.59, 51.823
2576, 59.63, 51.84
2577, 59.67, 51.856
2578, 59.71, 51.873
2579, 59.75, 51.89
2580, 59.79, 51.906
2581, 59.83, 51.923
2582, 59.87, 51.94
2583, 59.92, 51.956
2584, 59.96, 51.973
2585, 60, 51.99
2586, 60.04, 52.006
2587, 60.08, 52.023
2588, 60.12, 52.04
2589, 60.16, 52.056
2590, 60.2, 52.073
2591, 60.24, 52.09
2592, 60.28, 52.106
2593, 60.32, 52.123
2594, 60.36, 52.14
2595, 60.4, 52.156
2596, 60.44, 52.173
2597, 60.48, 52.19
2598, 60.52, 52.206
2599, 60.56, 52.223
2600, 60.59, 52.24
2601, 60.63, 52.256
2602, 60.67, 52.273
2603, 60.71, 52.29
2604, 60.75, 52.306
2605, 60.78, 52.323
2606, 60.81, 52.34
2607, 60.85, 52.356
2608, 60.87, 52.373
2609, 60.9, 52.39
2610, 60.93, 52.406
2611, 60.95, 52.423
2612, 60.97, 52.44
2613, 60.99, 52.456
2614, 61.01, 52.473
2615, 61.03, 52.49
2616, 61.05, 52.506
2617, 61.06, 52.523
2618, 61.08, 52.54
2619, 61.09, 52.556
2620, 61.1, 52.573
2621, 61.1, 52.59
2622, 61.11, 52.606
2623, 61.11, 52.623
2624, 61.11, 52.64
2625, 61.1, 52.656
2626, 61.09, 52.673
2627, 61.08, 52.69
2628, 61.08, 52.706
2629, 61.07, 52.723
2630, 61.06, 52.74
2631, 61.05, 52.756
2632, 61.03, 52.773
2633, 60.99, 52.79
2634, 60.95, 52.806
2635, 60.89, 52.823
2636, 60.81, 52.84
2637, 60.71, 52.856
2638, 60.6, 52.873
2639, 60.48, 52.89
2640, 60.37, 52.906
2641, 60.22, 52.923
2642, 60.05, 52.94
2643, 59.91, 52.956
2644, 59.77, 52.973
2645, 59.62, 52.99
2646, 59.44, 53.006
2647, 59.26, 53.023
2648, 59.1, 53.04
2649, 58.93, 53.056
2650, 58.75, 53.073
2651, 58.58, 53.09
2652, 58.41, 53.106
2653, 58.23, 53.123
2654, 58.03, 53.14
2655, 57.83, 53.156
2656, 57.63, 53.173
2657, 57.43, 53.19
2658, 57.23, 53.206
2659, 57.02, 53.223
2660, 56.83, 53.24
2661, 56.62, 53.256
2662, 56.42, 53.273
2663, 56.22, 53.29
2664, 56.02, 53.306
2665, 55.62, 53.34
2666, 55.44, 53.356
2667, 55.24, 53.373
2668, 54.96, 53.39
2669, 54.74, 53.406
2670, 54.58, 53.423
2671, 54.42, 53.44
2672, 54.26, 53.456
2673, 54.11, 53.473
2674, 53.92, 53.49
2675, 53.58, 53.523
2676, 53.43, 53.54
2677, 53.28, 53.556
2678, 53.13, 53.573
2679, 52.99, 53.59
2680, 52.85, 53.606
2681, 52.72, 53.623
2682, 52.59, 53.64
2683, 52.35, 53.673
2684, 52.23, 53.69
2685, 52.1, 53.706
2686, 51.98, 53.723
2687, 51.86, 53.74
2688, 51.75, 53.756
2689, 51.51, 53.79
2690, 51.39, 53.806
2691, 51.27, 53.823
2692, 51.15, 53.84
2693, 51.03, 53.856
2694, 50.92, 53.873
2695, 50.69, 53.906
2696, 50.58, 53.923
2697, 50.47, 53.94
2698, 50.36, 53.956
2699, 50.25, 53.973
2700, 50.06, 54.006
2701, 49.98, 54.023
2702, 49.89, 54.04
2703, 49.8, 54.056
2704, 49.71, 54.073
2705, 49.5, 54.106
2706, 49.39, 54.123
2707, 49.29, 54.14
2708, 49.19, 54.156
2709, 49.03, 54.173
2710, 48.64, 54.206
2711, 48.59, 54.223
2712, 48.5, 54.24
2713, 48.45, 54.256
2714, 48.34, 54.273
2715, 48.01, 54.306
2716, 47.83, 54.323
2717, 47.69, 54.34
2718, 47.56, 54.356
2719, 47.42, 54.373
2720, 47.13, 54.406
2721, 47.01, 54.423
2722, 46.89, 54.44
2723, 46.75, 54.456
2724, 46.44, 54.49
2725, 46.29, 54.506
2726, 46.15, 54.523
2727, 46.01, 54.54
2728, 45.74, 54.573
2729, 45.59, 54.59
2730, 45.46, 54.606
2731, 45.2, 54.64
2732, 45.06, 54.656
2733, 44.92, 54.673
2734, 44.79, 54.69
2735, 44.53, 54.723
2736, 44.39, 54.74
2737, 44.25, 54.756
2738, 43.98, 54.79
2739, 43.85, 54.806
2740, 43.71, 54.823
2741, 43.44, 54.856
2742, 43.3, 54.873
2743, 43.02, 54.906
2744, 42.88, 54.923
2745, 42.73, 54.94
2746, 42.45, 54.973
2747, 42.31, 54.99
2748, 42.05, 55.023
2749, 41.92, 55.04
2750, 41.8, 55.056
2751, 41.58, 55.09
2752, 41.48, 55.106
2753, 41.28, 55.14
2754, 41.18, 55.156
2755, 40.99, 55.19
2756, 40.89, 55.206
2757, 40.7, 55.24
2758, 40.6, 55.256
2759, 40.5, 55.273
2760, 40.3, 55.306
2761, 40.2, 55.323
2762, 39.99, 55.356
2763, 39.9, 55.373
2764, 39.72, 55.406
2765, 39.6, 55.423
2766, 39.21, 55.456
2767, 39.02, 55.49
2768, 38.93, 55.506
2769, 38.71, 55.54
2770, 38.59, 55.556
2771, 38.4, 55.59
2772, 38.32, 55.606
2773, 38.14, 55.64
2774, 38.05, 55.656
2775, 37.89, 55.69
2776, 37.74, 55.723
2777, 37.66, 55.74
2778, 37.5, 55.773
2779, 37.42, 55.79
2780, 37.25, 55.823
2781, 37.06, 55.856
2782, 36.96, 55.873
2783, 36.76, 55.906
2784, 36.66, 55.923
2785, 36.48, 55.956
2786, 36.28, 55.99
2787, 36.18, 56.006
2788, 36, 56.04
2789, 35.83, 56.073
2790, 35.75, 56.09
2791, 35.59, 56.123
2792, 35.43, 56.156
2793, 35.27, 56.19
2794, 35.19, 56.206
2795, 35.03, 56.24
2796, 34.87, 56.273
2797, 34.79, 56.29
2798, 34.63, 56.323
2799, 34.47, 56.356
2800, 34.31, 56.39
2801, 34.23, 56.406
2802, 34.08, 56.44
2803, 33.93, 56.473
2804, 33.78, 56.506
2805, 33.71, 56.523
2806, 33.55, 56.556
2807, 33.39, 56.59
2808, 33.32, 56.606
2809, 33.16, 56.64
2810, 32.99, 56.673
2811, 32.9, 56.69
2812, 32.72, 56.723
2813, 32.56, 56.756
2814, 32.48, 56.773
2815, 32.32, 56.806
2816, 32.17, 56.84
2817, 31.98, 56.873
2818, 31.88, 56.89
2819, 31.69, 56.923
2820, 31.5, 56.956
2821, 31.37, 56.99
2822, 31.26, 57.023
2823, 31.13, 57.056
2824, 31.01, 57.09
2825, 30.89, 57.123
2826, 30.83, 57.14
2827, 30.72, 57.173
2828, 30.61, 57.206
2829, 30.5, 57.24
2830, 30.4, 57.273
2831, 30.24, 57.323
2832, 30.14, 57.356
2833, 30.05, 57.39
2834, 29.97, 57.423
2835, 30.01, 57.456
2836, 29.97, 57.49
2837, 30.01, 57.523
2838, 30.16, 57.556
2839, 30.33, 57.59
2840, 30.43, 57.623
2841, 30.47, 57.656
2842, 30.58, 57.69
2843, 30.72, 57.723
2844, 30.86, 57.756
2845, 31.02, 57.79
2846, 31.2, 57.823
2847, 31.48, 57.873
2848, 31.57, 57.89
2849, 31.76, 57.923
2850, 31.96, 57.956
2851, 32.17, 57.99
2852, 32.36, 58.023
2853, 32.56, 58.056
2854, 32.75, 58.09
2855, 32.94, 58.123
2856, 33.13, 58.156
2857, 33.23, 58.173
2858, 33.42, 58.206
2859, 33.61, 58.24
2860, 33.79, 58.273
2861, 33.86, 58.29
2862, 33.91, 58.323
2863, 34.11, 58.356
2864, 34.45, 58.39
2865, 34.55, 58.406
2866, 34.68, 58.44
2867, 34.84, 58.473
2868, 34.94, 58.49
2869, 35.12, 58.523
2870, 35.3, 58.556
2871, 35.48, 58.59
2872, 35.56, 58.606
2873, 35.73, 58.64
2874, 35.88, 58.673
2875, 35.96, 58.69
2876, 36.14, 58.723
2877, 36.25, 58.74
2878, 36.43, 58.773
2879, 36.58, 58.806
2880, 36.68, 58.823
2881, 36.87, 58.856
2882, 37.02, 58.89
2883, 37.1, 58.906
2884, 37.26, 58.94
2885, 37.34, 58.956
2886, 37.48, 58.99
2887, 37.64, 59.023
2888, 37.71, 59.04
2889, 37.82, 59.073
2890, 37.84, 59.09
2891, 37.82, 59.123
2892, 37.81, 59.156
2893, 37.79, 59.173
2894, 37.78, 59.206
2895, 37.86, 59.223
2896, 38.05, 59.256
2897, 38.25, 59.29
2898, 38.26, 59.306
2899, 38.22, 59.34
2900, 38.24, 59.356
2901, 38.36, 59.39
2902, 38.47, 59.406
2903, 38.75, 59.44
2904, 38.91, 59.473
2905, 38.97, 59.49
2906, 39.08, 59.523
2907, 39.15, 59.54
2908, 39.29, 59.573
2909, 39.36, 59.59
2910, 39.51, 59.623
2911, 39.58, 59.64
2912, 39.72, 59.673
2913, 39.78, 59.69
2914, 39.9, 59.723
2915, 39.96, 59.74
2916, 40.09, 59.773
2917, 40.16, 59.79
2918, 40.33, 59.823
2919, 40.4, 59.84
2920, 40.51, 59.873
2921, 40.57, 59.89
2922, 40.71, 59.923
2923, 40.78, 59.94
2924, 40.92, 59.973
2925, 41, 59.99
2926, 41.13, 60.023
2927, 41.19, 60.04
2928, 41.33, 60.073
2929, 41.4, 60.09
2930, 41.54, 60.123
2931, 41.61, 60.14
2932, 41.67, 60.156
2933, 41.8, 60.19
2934, 41.87, 60.206
2935, 42.01, 60.24
2936, 42.07, 60.256
2937, 42.2, 60.29
2938, 42.27, 60.306
2939, 42.41, 60.34
2940, 42.48, 60.356
2941, 42.55, 60.373
2942, 42.69, 60.406
2943, 42.76, 60.423
2944, 42.89, 60.456
2945, 42.96, 60.473
2946, 43.02, 60.49
2947, 43.16, 60.523
2948, 43.22, 60.54
2949, 43.36, 60.573
2950, 43.42, 60.59
2951, 43.49, 60.606
2952, 43.62, 60.64
2953, 43.68, 60.656
2954, 43.75, 60.673
2955, 43.89, 60.706
2956, 43.95, 60.723
2957, 44.09, 60.756
2958, 44.15, 60.773
2959, 44.21, 60.79
2960, 44.35, 60.823
2961, 44.42, 60.84
2962, 44.48, 60.856
2963, 44.63, 60.89
2964, 44.7, 60.906
2965, 44.76, 60.923
2966, 44.89, 60.956
2967, 44.95, 60.973
2968, 45.02, 60.99
2969, 45.14, 61.023
2970, 45.21, 61.04
2971, 45.27, 61.056
2972, 45.41, 61.09
2973, 45.48, 61.106
2974, 45.54, 61.123
2975, 45.68, 61.156
2976, 45.74, 61.173
2977, 45.8, 61.19
2978, 45.93, 61.223
2979, 45.99, 61.24
2980, 46.06, 61.256
2981, 46.19, 61.29
2982, 46.25, 61.306
2983, 46.32, 61.323
2984, 46.39, 61.34
2985, 46.52, 61.373
2986, 46.59, 61.39
2987, 46.65, 61.406
2988, 46.77, 61.44
2989, 46.84, 61.456
2990, 46.89, 61.473
2991, 46.96, 61.49
2992, 47.08, 61.523
2993, 47.15, 61.54
2994, 47.22, 61.556
2995, 47.35, 61.59
2996, 47.4, 61.606
2997, 47.46, 61.623
2998, 47.53, 61.64
2999, 47.65, 61.673
3000, 47.71, 61.69
3001, 47.77, 61.706
3002, 47.84, 61.723
3003, 47.95, 61.756
3004, 48.02, 61.773
3005, 48.08, 61.79
3006, 48.14, 61.806
3007, 48.25, 61.84
3008, 48.32, 61.856
3009, 48.32, 61.873
3010, 48.27, 61.89
3011, 48.52, 61.923
3012, 48.54, 61.94
3013, 48.57, 61.956
3014, 48.61, 61.973
3015, 48.74, 62.006
3016, 48.78, 62.023
3017, 48.84, 62.04
3018, 48.9, 62.056
3019, 48.95, 62.073
3020, 49.05, 62.106
3021, 49.11, 62.123
3022, 49.16, 62.14
3023, 49.22, 62.156
3024, 49.32, 62.19
3025, 49.37, 62.206
3026, 49.42, 62.223
3027, 49.47, 62.24
3028, 49.52, 62.256
3029, 49.62, 62.29
3030, 49.67, 62.306
3031, 49.72, 62.323
3032, 49.78, 62.34
3033, 49.83, 62.356
3034, 49.93, 62.39
3035, 49.98, 62.406
3036, 50.03, 62.423
3037, 50.08, 62.44
3038, 50.13, 62.456
3039, 50.22, 62.49
3040, 50.27, 62.506
3041, 50.31, 62.523
3042, 50.36, 62.54
3043, 50.4, 62.556
3044, 50.51, 62.59
3045, 50.56, 62.606
3046, 50.61, 62.623
3047, 50.66, 62.64
3048, 50.71, 62.656
3049, 50.81, 62.69
3050, 50.86, 62.706
3051, 50.92, 62.723
3052, 50.96, 62.74
3053, 51.01, 62.756
3054, 51.06, 62.773
3055, 51.16, 62.806
3056, 51.21, 62.823
3057, 51.26, 62.84
3058, 51.31, 62.856
3059, 51.35, 62.873
3060, 51.45, 62.906
3061, 51.5, 62.923
3062, 51.54, 62.94
3063, 51.59, 62.956
3064, 51.64, 62.973
3065, 51.69, 62.99
3066, 51.73, 63.006
3067, 51.82, 63.04
3068, 51.87, 63.056
3069, 51.92, 63.073
3070, 51.97, 63.09
3071, 52.02, 63.106
3072, 52.07, 63.123
3073, 52.16, 63.156
3074, 52.21, 63.173
3075, 52.25, 63.19
3076, 52.29, 63.206
3077, 52.34, 63.223
3078, 52.38, 63.24
3079, 52.43, 63.256
3080, 52.52, 63.29
3081, 52.57, 63.306
3082, 52.62, 63.323
3083, 52.66, 63.34
3084, 52.7, 63.356
3085, 52.75, 63.373
3086, 52.79, 63.39
3087, 52.89, 63.423
3088, 52.93, 63.44
3089, 52.98, 63.456
3090, 53.02, 63.473
3091, 53.06, 63.49
3092, 53.11, 63.506
3093, 53.15, 63.523
3094, 53.25, 63.556
3095, 53.29, 63.573
3096, 53.33, 63.59
3097, 53.37, 63.606
3098, 53.42, 63.623
3099, 53.46, 63.64
3100, 53.51, 63.656
3101, 53.55, 63.673
3102, 53.63, 63.706
3103, 53.67, 63.723
3104, 53.71, 63.74
3105, 53.76, 63.756
3106, 53.81, 63.773
3107, 53.86, 63.79
3108, 53.91, 63.806
3109, 53.96, 63.823
3110, 54.01, 63.84
3111, 54.08, 63.873
3112, 54.12, 63.89
3113, 54.16, 63.906
3114, 54.2, 63.923
3115, 54.25, 63.94
3116, 54.29, 63.956
3117, 54.34, 63.973
3118, 54.38, 63.99
3119, 54.43, 64.006
3120, 54.51, 64.04
3121, 54.56, 64.056
3122, 54.6, 64.073
3123, 54.64, 64.09
3124, 54.68, 64.106
3125, 54.72, 64.123
3126, 54.77, 64.14
3127, 54.81, 64.156
3128, 54.85, 64.173
3129, 54.89, 64.19
3130, 54.93, 64.206
3131, 55.02, 64.24
3132, 55.06, 64.256
3133, 55.1, 64.273
3134, 55.15, 64.29
3135, 55.2, 64.306
3136, 55.24, 64.323
3137, 55.28, 64.34
3138, 55.31, 64.356
3139, 55.35, 64.373
3140, 55.39, 64.39
3141, 55.43, 64.406
3142, 55.5, 64.44
3143, 55.55, 64.456
3144, 55.59, 64.473
3145, 55.63, 64.49
3146, 55.68, 64.506
3147, 55.72, 64.523
3148, 55.77, 64.54
3149, 55.81, 64.556
3150, 55.84, 64.573
3151, 55.88, 64.59
3152, 55.92, 64.606
3153, 55.96, 64.623
3154, 56, 64.64
3155, 56.08, 64.673
3156, 56.12, 64.69
3157, 56.16, 64.706
3158, 56.19, 64.723
3159, 56.23, 64.74
3160, 56.27, 64.756
3161, 56.31, 64.773
3162, 56.35, 64.79
3163, 56.39, 64.806
3164, 56.43, 64.823
3165, 56.48, 64.84
3166, 56.52, 64.856
3167, 56.56, 64.873
3168, 56.61, 64.89
3169, 56.65, 64.906
3170, 56.72, 64.94
3171, 56.75, 64.956
3172, 56.79, 64.973
3173, 56.83, 64.99
3174, 56.87, 65.006
3175, 56.92, 65.023
3176, 56.97, 65.04
3177, 57.01, 65.056
3178, 57.04, 65.073
3179, 57.08, 65.09
3180, 57.12, 65.106
3181, 57.15, 65.123
3182, 57.19, 65.14
3183, 57.23, 65.156
3184, 57.27, 65.173
3185, 57.31, 65.19
3186, 57.34, 65.206
3187, 57.38, 65.223
3188, 57.41, 65.24
3189, 57.49, 65.273
3190, 57.53, 65.29
3191, 57.57, 65.306
3192, 57.6, 65.323
3193, 57.63, 65.34
3194, 57.66, 65.356
3195, 57.7, 65.373
3196, 57.73, 65.39
3197, 57.77, 65.406
3198, 57.81, 65.423
3199, 57.84, 65.44
3200, 57.88, 65.456
3201, 57.92, 65.473
3202, 57.96, 65.49
3203, 57.99, 65.506
3204, 58.03, 65.523
3205, 58.06, 65.54
3206, 58.1, 65.556
3207, 58.14, 65.573
3208, 58.18, 65.59
3209, 58.21, 65.606
3210, 58.24, 65.623
3211, 58.27, 65.64
3212, 58.29, 65.656
3213, 58.31, 65.673
3214, 58.33, 65.69
3215, 58.34, 65.706
3216, 58.35, 65.723
3217, 58.32, 65.756
3218, 58.28, 65.773
3219, 58.2, 65.79
3220, 58.11, 65.806
3221, 58.01, 65.823
3222, 57.9, 65.84
3223, 57.71, 65.856
3224, 57.54, 65.873
3225, 57.41, 65.89
3226, 57.25, 65.906
3227, 57.06, 65.923
3228, 56.86, 65.94
3229, 56.66, 65.956
3230, 56.44, 65.973
3231, 56.22, 65.99
3232, 55.97, 66.006
3233, 55.73, 66.023
3234, 55.46, 66.04
3235, 55.17, 66.056
3236, 54.87, 66.073
3237, 54.25, 66.106
3238, 53.92, 66.123
3239, 53.59, 66.14
3240, 53.27, 66.156
3241, 52.93, 66.173
3242, 52.6, 66.19
3243, 52.26, 66.206
3244, 51.91, 66.223
3245, 51.24, 66.256
3246, 50.91, 66.273
3247, 50.58, 66.29
3248, 50.26, 66.306
3249, 49.94, 66.323
3250, 49.25, 66.356
3251, 48.91, 66.373
3252, 48.58, 66.39
3253, 48.28, 66.406
3254, 47.97, 66.423
3255, 47.34, 66.456
3256, 47.03, 66.473
3257, 46.7, 66.49
3258, 46.06, 66.523
3259, 45.73, 66.54
3260, 45.38, 66.556
3261, 45.05, 66.573
3262, 44.43, 66.606
3263, 44.16, 66.623
3264, 43.58, 66.656
3265, 43.3, 66.673
3266, 43.02, 66.69
3267, 42.38, 66.723
3268, 42.05, 66.74
3269, 41.47, 66.773
3270, 41.21, 66.79
3271, 40.94, 66.806
3272, 40.39, 66.84
3273, 40.14, 66.856
3274, 39.6, 66.89
3275, 39.31, 66.906
3276, 38.77, 66.94
3277, 38.27, 66.973
3278, 37.98, 66.99
3279, 37.47, 67.023
3280, 37.28, 67.04
3281, 36.87, 67.073
3282, 36.46, 67.106
3283, 36.26, 67.123
3284, 35.85, 67.156
3285, 35.45, 67.19
3286, 35.26, 67.206
3287, 34.87, 67.24
3288, 34.46, 67.273
3289, 34.27, 67.29
3290, 33.94, 67.323
3291, 33.57, 67.356
3292, 33.18, 67.39
3293, 32.83, 67.423
3294, 32.66, 67.44
3295, 32.3, 67.473
3296, 31.94, 67.506
3297, 31.61, 67.54
3298, 31.29, 67.573
3299, 31.01, 67.606
3300, 30.77, 67.64
3301, 30.53, 67.673
3302, 30.3, 67.706
3303, 30.1, 67.74
3304, 29.9, 67.773
3305, 29.71, 67.806
3306, 29.51, 67.84
3307, 29.34, 67.873
3308, 29.18, 67.906
3309, 29.02, 67.94
3310, 28.86, 67.973
3311, 28.72, 68.006
3312, 28.57, 68.04
3313, 28.44, 68.073
3314, 28.32, 68.106
3315, 28.2, 68.14
3316, 28.1, 68.173
3317, 27.96, 68.223
3318, 27.87, 68.256
3319, 27.78, 68.29
3320, 27.67, 68.323
3321, 27.59, 68.356
3322, 27.53, 68.39
3323, 27.41, 68.44
3324, 27.31, 68.473
3325, 27.26, 68.506
3326, 27.21, 68.54
3327, 27.13, 68.573
3328, 27.03, 68.623
3329, 26.98, 68.656
3330, 26.91, 68.69
3331, 26.84, 68.723
3332, 26.79, 68.773
3333, 26.76, 68.806
3334, 26.69, 68.84
3335, 26.62, 68.873
3336, 26.53, 68.923
3337, 26.46, 68.956
3338, 26.39, 68.99
3339, 26.31, 69.023
3340, 25.88, 69.073
3341, 25.71, 69.106
3342, 25.62, 69.14
3343, 25.46, 69.19
3344, 25.32, 69.223
3345, 25.12, 69.256
3346, 24.93, 69.29
3347, 24.73, 69.34
3348, 24.53, 69.373
3349, 24.37, 69.423
3350, 24.27, 69.456
3351, 24.2, 69.49
3352, 24.09, 69.54
3353, 24.01, 69.573
3354, 23.87, 69.623
3355, 23.76, 69.656
3356, 23.58, 69.706
3357, 23.44, 69.756
3358, 23.4, 69.79
3359, 23.36, 69.84
3360, 23.35, 69.873
3361, 23.35, 69.923
3362, 23.39, 69.956
3363, 23.43, 70.006
3364, 23.43, 70.056
3365, 23.48, 70.09
3366, 23.51, 70.14
3367, 23.66, 70.173
3368, 23.98, 70.223
3369, 24.04, 70.273
3370, 24.09, 70.306
3371, 24.28, 70.356
3372, 24.47, 70.39
3373, 24.72, 70.44
3374, 24.87, 70.473
3375, 25.12, 70.523
3376, 25.32, 70.556
3377, 25.56, 70.59
3378, 25.91, 70.64
3379, 26.13, 70.673
3380, 26.46, 70.723
3381, 26.7, 70.756
3382, 26.98, 70.79
3383, 27.29, 70.823
3384, 27.73, 70.873
3385, 27.99, 70.906
3386, 28.23, 70.94
3387, 28.49, 70.973
3388, 28.76, 71.006
3389, 29.07, 71.04
3390, 29.5, 71.09
3391, 29.75, 71.123
3392, 29.99, 71.156
3393, 30.22, 71.19
3394, 30.46, 71.223
3395, 30.72, 71.256
3396, 30.89, 71.29
3397, 30.98, 71.323
3398, 31.16, 71.34
3399, 31.45, 71.373
3400, 31.7, 71.406
3401, 31.91, 71.44
3402, 32.14, 71.473
3403, 32.39, 71.506
3404, 32.62, 71.54
3405, 32.81, 71.573
3406, 33.01, 71.606
3407, 33.13, 71.623
3408, 33.38, 71.656
3409, 33.6, 71.69
3410, 33.81, 71.723
3411, 34.03, 71.756
3412, 34.14, 71.773
3413, 34.35, 71.806
3414, 34.57, 71.84
3415, 34.79, 71.873
3416, 34.9, 71.89
3417, 35.1, 71.923
3418, 35.31, 71.956
3419, 35.41, 71.973
3420, 35.62, 72.006
3421, 35.82, 72.04
3422, 36.02, 72.073
3423, 36.13, 72.09
3424, 36.33, 72.123
3425, 36.54, 72.156
3426, 36.65, 72.173
3427, 36.85, 72.206
3428, 36.96, 72.223
3429, 37.16, 72.256
3430, 37.37, 72.29
3431, 37.47, 72.306
3432, 37.67, 72.34
3433, 37.77, 72.356
3434, 37.98, 72.39
3435, 38.18, 72.423
3436, 38.29, 72.44
3437, 38.49, 72.473
3438, 38.59, 72.49
3439, 38.78, 72.523
3440, 38.88, 72.54
3441, 39.08, 72.573
3442, 39.27, 72.606
3443, 39.37, 72.623
3444, 39.54, 72.656
3445, 39.63, 72.673
3446, 39.82, 72.706
3447, 39.92, 72.723
3448, 40.1, 72.756
3449, 40.18, 72.773
3450, 40.36, 72.806
3451, 40.44, 72.823
3452, 40.59, 72.856
3453, 40.65, 72.873
3454, 40.7, 72.906
3455, 40.67, 72.923
3456, 40.8, 72.94
3457, 41.07, 72.973
3458, 41.1, 72.99
3459, 41.23, 73.023
3460, 41.32, 73.04
3461, 41.52, 73.073
3462, 41.61, 73.09
3463, 41.76, 73.123
3464, 41.84, 73.14
3465, 42.01, 73.173
3466, 42.09, 73.19
3467, 42.17, 73.206
3468, 42.33, 73.24
3469, 42.41, 73.256
3470, 42.56, 73.29
3471, 42.64, 73.306
3472, 42.72, 73.323
3473, 42.88, 73.356
3474, 42.95, 73.373
3475, 43.11, 73.406
3476, 43.19, 73.423
3477, 43.26, 73.44
3478, 43.43, 73.473
3479, 43.51, 73.49
3480, 43.66, 73.523
3481, 43.74, 73.54
3482, 43.82, 73.556
3483, 43.97, 73.59
3484, 44.05, 73.606
3485, 44.12, 73.623
3486, 44.28, 73.656
3487, 44.35, 73.673
3488, 44.51, 73.706
3489, 44.59, 73.723
3490, 44.66, 73.74
3491, 44.82, 73.773
3492, 44.89, 73.79
3493, 44.97, 73.806
3494, 45.11, 73.84
3495, 45.19, 73.856
3496, 45.26, 73.873
3497, 45.42, 73.906
3498, 45.49, 73.923
3499, 45.57, 73.94
3500, 45.73, 73.973
3501, 45.81, 73.99
3502, 45.88, 74.006
3503, 45.95, 74.023
3504, 46.09, 74.056
3505, 46.17, 74.073
3506, 46.24, 74.09
3507, 46.38, 74.123
3508, 46.45, 74.14
3509, 46.52, 74.156
3510, 46.59, 74.173
3511, 46.74, 74.206
3512, 46.81, 74.223
3513, 46.89, 74.24
3514, 47.03, 74.273
3515, 47.11, 74.29
3516, 47.18, 74.306
3517, 47.25, 74.323
3518, 47.39, 74.356
3519, 47.46, 74.373
3520, 47.52, 74.39
3521, 47.59, 74.406
3522, 47.73, 74.44
3523, 47.8, 74.456
3524, 47.87, 74.473
3525, 47.94, 74.49
3526, 48.08, 74.523
3527, 48.15, 74.54
3528, 48.21, 74.556
3529, 48.28, 74.573
3530, 48.41, 74.606
3531, 48.48, 74.623
3532, 48.55, 74.64
3533, 48.62, 74.656
3534, 48.75, 74.69
3535, 48.82, 74.706
3536, 48.88, 74.723
3537, 48.95, 74.74
3538, 49.07, 74.773
3539, 49.14, 74.79
3540, 49.2, 74.806
3541, 49.2, 74.823
3542, 49.16, 74.84
3543, 49.41, 74.873
3544, 49.44, 74.89
3545, 49.5, 74.906
3546, 49.56, 74.923
3547, 49.62, 74.94
3548, 49.74, 74.973
3549, 49.8, 74.99
3550, 49.85, 75.006
3551, 49.91, 75.023
3552, 49.96, 75.04
3553, 50.07, 75.073
3554, 50.13, 75.09
3555, 50.18, 75.106
3556, 50.24, 75.123
3557, 50.3, 75.14
3558, 50.41, 75.173
3559, 50.46, 75.19
3560, 50.52, 75.206
3561, 50.58, 75.223
3562, 50.63, 75.24
3563, 50.75, 75.273
3564, 50.8, 75.29
3565, 50.86, 75.306
3566, 50.91, 75.323
3567, 50.97, 75.34
3568, 51.02, 75.356
3569, 51.13, 75.39
3570, 51.18, 75.406
3571, 51.24, 75.423
3572, 51.29, 75.44
3573, 51.35, 75.456
3574, 51.4, 75.473
3575, 51.52, 75.506
3576, 51.57, 75.523
3577, 51.62, 75.54
3578, 51.68, 75.556
3579, 51.73, 75.573
3580, 51.79, 75.59
3581, 51.9, 75.623
3582, 51.96, 75.64
3583, 52.01, 75.656
3584, 52.07, 75.673
3585, 52.12, 75.69
3586, 52.17, 75.706
3587, 52.23, 75.723
3588, 52.34, 75.756
3589, 52.39, 75.773
3590, 52.45, 75.79
3591, 52.5, 75.806
3592, 52.55, 75.823
3593, 52.6, 75.84
3594, 52.65, 75.856
3595, 52.76, 75.89
3596, 52.81, 75.906
3597, 52.87, 75.923
3598, 52.92, 75.94
3599, 52.98, 75.956
3600, 53.03, 75.973
3601, 53.08, 75.99
3602, 53.19, 76.023
3603, 53.24, 76.04
3604, 53.29, 76.056
3605, 53.35, 76.073
3606, 53.4, 76.09
3607, 53.45, 76.106
3608, 53.51, 76.123
3609, 53.56, 76.14
3610, 53.66, 76.173
3611, 53.71, 76.19
3612, 53.77, 76.206
3613, 53.82, 76.223
3614, 53.87, 76.24
3615, 53.92, 76.256
3616, 53.98, 76.273
3617, 54.03, 76.29
3618, 54.08, 76.306
3619, 54.18, 76.34
3620, 54.23, 76.356
3621, 54.28, 76.373
3622, 54.33, 76.39
3623, 54.38, 76.406
3624, 54.44, 76.423
3625, 54.49, 76.44
3626, 54.54, 76.456
3627, 54.59, 76.473
3628, 54.64, 76.49
3629, 54.74, 76.523
3630, 54.79, 76.54
3631, 54.84, 76.556
3632, 54.88, 76.573
3633, 54.93, 76.59
3634, 54.98, 76.606
3635, 55.03, 76.623
3636, 55.08, 76.64
3637, 55.13, 76.656
3638, 55.18, 76.673
3639, 55.23, 76.69
3640, 55.33, 76.723
3641, 55.37, 76.74
3642, 55.42, 76.756
3643, 55.47, 76.773
3644, 55.51, 76.79
3645, 55.56, 76.806
3646, 55.6, 76.823
3647, 55.65, 76.84
3648, 55.7, 76.856
3649, 55.75, 76.873
3650, 55.8, 76.89
3651, 55.86, 76.906
3652, 55.91, 76.923
3653, 56, 76.956
3654, 56.05, 76.973
3655, 56.09, 76.99
3656, 56.14, 77.006
3657, 56.19, 77.023
3658, 56.24, 77.04
3659, 56.28, 77.056
3660, 56.33, 77.073
3661, 56.37, 77.09
3662, 56.42, 77.106
3663, 56.46, 77.123
3664, 56.51, 77.14
3665, 56.55, 77.156
3666, 56.59, 77.173
3667, 56.63, 77.19
3668, 56.68, 77.206
3669, 56.73, 77.223
3670, 56.82, 77.256
3671, 56.87, 77.273
3672, 56.91, 77.29
3673, 56.96, 77.306
3674, 57, 77.323
3675, 57.05, 77.34
3676, 57.09, 77.356
3677, 57.13, 77.373
3678, 57.17, 77.39
3679, 57.21, 77.406
3680, 57.25, 77.423
3681, 57.29, 77.44
3682, 57.34, 77.456
3683, 57.38, 77.473
3684, 57.42, 77.49
3685, 57.46, 77.506
3686, 57.51, 77.523
3687, 57.55, 77.54
3688, 57.59, 77.556
3689, 57.63, 77.573
3690, 57.67, 77.59
3691, 57.75, 77.623
3692, 57.79, 77.64
3693, 57.84, 77.656
3694, 57.88, 77.673
3695, 57.92, 77.69
3696, 57.96, 77.706
3697, 58, 77.723
3698, 58.04, 77.74
3699, 58.08, 77.756
3700, 58.13, 77.773
3701, 58.17, 77.79
3702, 58.21, 77.806
3703, 58.25, 77.823
3704, 58.3, 77.84
3705, 58.34, 77.856
3706, 58.37, 77.873
3707, 58.41, 77.89
3708, 58.45, 77.906
3709, 58.49, 77.923
3710, 58.53, 77.94
3711, 58.57, 77.956
3712, 58.61, 77.973
3713, 58.65, 77.99
3714, 58.69, 78.006
3715, 58.73, 78.023
3716, 58.77, 78.04
3717, 58.81, 78.056
3718, 58.85, 78.073
3719, 58.89, 78.09
3720, 58.93, 78.106
3721, 58.97, 78.123
3722, 59.01, 78.14
3723, 59.05, 78.156
3724, 59.09, 78.173
3725, 59.12, 78.19
3726, 59.16, 78.206
3727, 59.2, 78.223
3728, 59.24, 78.24
3729, 59.28, 78.256
3730, 59.31, 78.273
3731, 59.36, 78.29
3732, 59.4, 78.306
3733, 59.47, 78.34
3734, 59.51, 78.356
3735, 59.55, 78.373
3736, 59.52, 78.39
3737, 59.48, 78.406
3738, 59.59, 78.423
3739, 59.65, 78.44
3740, 59.63, 78.456
3741, 59.68, 78.473
3742, 59.73, 78.49
3743, 59.76, 78.506
3744, 59.78, 78.523
3745, 59.82, 78.54
3746, 59.86, 78.556
3747, 59.88, 78.573
3748, 59.92, 78.59
3749, 59.95, 78.606
3750, 59.99, 78.623
3751, 60.02, 78.64
3752, 60.05, 78.656
3753, 60.09, 78.673
3754, 60.12, 78.69
3755, 60.16, 78.706
3756, 60.2, 78.723
3757, 60.24, 78.74
3758, 60.27, 78.756
3759, 60.31, 78.773
3760, 60.34, 78.79
3761, 60.37, 78.806
3762, 60.41, 78.823
3763, 60.44, 78.84
3764, 60.48, 78.856
3765, 60.52, 78.873
3766, 60.56, 78.89
3767, 60.59, 78.906
3768, 60.63, 78.923
3769, 60.66, 78.94
3770, 60.69, 78.956
3771, 60.69, 78.956
3772, 60.73, 78.973
3773, 60.76, 78.99
3774, 60.8, 79.006
3775, 60.83, 79.023
3776, 60.86, 79.04
3777, 60.89, 79.056
3778, 60.93, 79.073
3779, 60.96, 79.09
3780, 60.99, 79.106
3781, 61.02, 79.123
3782, 61.06, 79.14
3783, 61.09, 79.156
3784, 61.13, 79.173
3785, 61.16, 79.19
3786, 61.2, 79.206
3787, 61.23, 79.223
3788, 61.26, 79.24
3789, 61.29, 79.256
3790, 61.32, 79.273
3791, 61.36, 79.29
3792, 61.39, 79.306
3793, 61.43, 79.323
3794, 61.46, 79.34
3795, 61.49, 79.356
3796, 61.53, 79.373
3797, 61.56, 79.39
3798, 61.59, 79.406
3799, 61.62, 79.423
3800, 61.66, 79.44
3801, 61.69, 79.456
3802, 61.73, 79.473
3803, 61.77, 79.49
3804, 61.8, 79.506
3805, 61.83, 79.523
3806, 61.87, 79.54
3807, 61.9, 79.556
3808, 61.94, 79.573
3809, 61.98, 79.59
3810, 62.01, 79.606
3811, 62.04, 79.623
3812, 62.08, 79.64
3813, 62.11, 79.656
3814, 62.14, 79.673
3815, 62.14, 79.673
3816, 62.18, 79.69
3817, 62.21, 79.706
3818, 62.24, 79.723
3819, 62.28, 79.74
3820, 62.31, 79.756
3821, 62.34, 79.773
3822, 62.38, 79.79
3823, 62.41, 79.806
3824, 62.45, 79.823
3825, 62.48, 79.84
3826, 62.51, 79.856
3827, 62.55, 79.873
3828, 62.58, 79.89
3829, 62.61, 79.906
3830, 62.65, 79.923
3831, 62.68, 79.94
3832, 62.72, 79.956
3833, 62.75, 79.973
3834, 62.79, 79.99
3835, 62.82, 80.006
3836, 62.85, 80.023
3837, 62.88, 80.04
3838, 62.91, 80.056
3839, 62.95, 80.073
3840, 62.98, 80.09
3841, 62.98, 80.09
3842, 63.02, 80.106
3843, 63.05, 80.123
3844, 63.08, 80.14
3845, 63.11, 80.156
3846, 63.15, 80.173
3847, 63.18, 80.19
3848, 63.21, 80.206
3849, 63.24, 80.223
3850, 63.28, 80.24
3851, 63.31, 80.256
3852, 63.35, 80.273
3853, 63.38, 80.29
3854, 63.42, 80.306
3855, 63.45, 80.323
3856, 63.48, 80.34
3857, 63.5, 80.356
3858, 63.54, 80.373
3859, 63.57, 80.39
3860, 63.57, 80.39
3861, 63.6, 80.406
3862, 63.64, 80.423
3863, 63.67, 80.44
3864, 63.71, 80.456
3865, 63.74, 80.473
3866, 63.77, 80.49
3867, 63.8, 80.506
3868, 63.83, 80.523
3869, 63.86, 80.54
3870, 63.89, 80.556
3871, 63.92, 80.573
3872, 63.96, 80.59
3873, 63.99, 80.606
3874, 64.02, 80.623
3875, 64.06, 80.64
3876, 64.1, 80.656
3877, 64.14, 80.673
3878, 64.14, 80.673
3879, 64.17, 80.69
3880, 64.21, 80.706
3881, 64.24, 80.723
3882, 64.26, 80.74
3883, 64.29, 80.756
3884, 64.32, 80.773
3885, 64.35, 80.79
3886, 64.38, 80.806
3887, 64.41, 80.823
3888, 64.44, 80.84
3889, 64.47, 80.856
3890, 64.51, 80.873
3891, 64.54, 80.89
3892, 64.57, 80.906
3893, 64.6, 80.923
3894, 64.6, 80.923
3895, 64.63, 80.94
3896, 64.66, 80.956
3897, 64.69, 80.973
3898, 64.72, 80.99
3899, 64.75, 81.006
3900, 64.78, 81.023
3901, 64.8, 81.04
3902, 64.83, 81.056
3903, 64.85, 81.073
3904, 64.87, 81.09
3905, 64.9, 81.106
3906, 64.93, 81.123
3907, 64.96, 81.14
3908, 64.96, 81.14
3909, 64.99, 81.156
3910, 65.02, 81.173
3911, 65.05, 81.19
3912, 65.08, 81.206
3913, 65.11, 81.223
3914, 65.14, 81.24
3915, 65.16, 81.256
3916, 65.19, 81.273
3917, 65.21, 81.29
3918, 65.23, 81.306
3919, 65.26, 81.323
3920, 65.29, 81.34
3921, 65.29, 81.34
3922, 65.32, 81.356
3923, 65.35, 81.373
3924, 65.38, 81.39
3925, 65.4, 81.406
3926, 65.43, 81.423
3927, 65.45, 81.44
3928, 65.48, 81.456
3929, 65.5, 81.473
3930, 65.53, 81.49
3931, 65.56, 81.506
3932, 65.58, 81.523
3933, 65.58, 81.523
3934, 65.61, 81.54
3935, 65.64, 81.556
3936, 65.66, 81.573
3937, 65.68, 81.59
3938, 65.7, 81.606
3939, 65.72, 81.623
3940, 65.73, 81.64
3941, 65.74, 81.656
3942, 65.74, 81.673
3943, 65.73, 81.69
3944, 65.7, 81.706
3945, 65.7, 81.706
3946, 65.66, 81.723
3947, 65.59, 81.74
3948, 65.51, 81.756
3949, 65.42, 81.773
3950, 65.33, 81.79
3951, 65.16, 81.806
3952, 65.02, 81.823
3953, 64.92, 81.84
3954, 64.79, 81.856
3955, 64.63, 81.873
3956, 64.45, 81.89
3957, 64.45, 81.89
3958, 64.28, 81.906
3959, 64.09, 81.923
3960, 63.88, 81.94
3961, 63.67, 81.956
3962, 63.45, 81.973
3963, 63.21, 81.99
3964, 62.95, 82.006
3965, 62.68, 82.023
3966, 62.39, 82.04
3967, 62.1, 82.056
3968, 61.8, 82.073
3969, 61.5, 82.09
3970, 61.19, 82.106
3971, 60.88, 82.123
3972, 60.57, 82.14
3973, 60.27, 82.156
3974, 59.96, 82.173
3975, 59.66, 82.19
3976, 59.35, 82.206
3977, 59.06, 82.223
3978, 58.77, 82.24
3979, 58.49, 82.256
3980, 58.22, 82.273
3981, 57.97, 82.29
3982, 57.73, 82.306
3983, 57.48, 82.323
3984, 57.16, 82.34
3985, 56.85, 82.356
3986, 56.6, 82.373
3987, 56.35, 82.39
3988, 56.08, 82.406
3989, 55.79, 82.423
3990, 55.53, 82.44
3991, 55.02, 82.473
3992, 54.75, 82.49
3993, 54.5, 82.506
3994, 54.25, 82.523
3995, 53.99, 82.54
3996, 53.73, 82.556
3997, 53.48, 82.573
3998, 53.24, 82.59
3999, 53, 82.606
4000, 52.56, 82.64
4001, 52.34, 82.656
4002, 52.12, 82.673
4003, 51.89, 82.69
4004, 51.66, 82.706
4005, 51.42, 82.723
4006, 51.18, 82.74
4007, 50.71, 82.773
4008, 50.47, 82.79
4009, 50.24, 82.806
4010, 50.01, 82.823
4011, 49.74, 82.84
4012, 49.17, 82.873
4013, 48.92, 82.89
4014, 48.66, 82.906
4015, 48.37, 82.923
4016, 47.87, 82.956
4017, 47.62, 82.973
4018, 47.37, 82.99
4019, 47.13, 83.006
4020, 46.64, 83.04
4021, 46.4, 83.056
4022, 46.16, 83.073
4023, 45.71, 83.106
4024, 45.49, 83.123
4025, 45.28, 83.14
4026, 44.85, 83.173
4027, 44.64, 83.19
4028, 44.43, 83.206
4029, 44.01, 83.24
4030, 43.79, 83.256
4031, 43.58, 83.273
4032, 43.15, 83.306
4033, 42.93, 83.323
4034, 42.71, 83.34
4035, 42.27, 83.373
4036, 42.05, 83.39
4037, 41.6, 83.423
4038, 41.38, 83.44
4039, 40.96, 83.473
4040, 40.75, 83.49
4041, 40.25, 83.523
4042, 39.99, 83.54
4043, 39.51, 83.573
4044, 39.26, 83.59
4045, 38.76, 83.623
4046, 38.54, 83.64
4047, 38.1, 83.673
4048, 37.87, 83.69
4049, 37.42, 83.723
4050, 37, 83.756
4051, 36.78, 83.773
4052, 36.36, 83.806
4053, 36, 83.84
4054, 35.83, 83.856
4055, 35.49, 83.89
4056, 35.15, 83.923
4057, 34.99, 83.94
4058, 34.69, 83.973
4059, 34.38, 84.006
4060, 34.07, 84.04
4061, 33.93, 84.056
4062, 33.68, 84.09
4063, 33.42, 84.123
4064, 33.18, 84.156
4065, 32.96, 84.19
4066, 32.76, 84.223
4067, 32.67, 84.24
4068, 32.49, 84.273
4069, 32.33, 84.306
4070, 32.19, 84.34
4071, 32.08, 84.373
4072, 31.97, 84.406
4073, 31.87, 84.44
4074, 31.78, 84.473
4075, 31.69, 84.506
4076, 31.59, 84.54
4077, 31.5, 84.573
4078, 31.41, 84.606
4079, 31.31, 84.64
4080, 31.26, 84.656
4081, 31.17, 84.69
4082, 31.08, 84.723
4083, 31, 84.756
4084, 30.92, 84.79
4085, 30.82, 84.823
4086, 30.74, 84.856
4087, 30.66, 84.89
4088, 30.62, 84.906
4089, 30.53, 84.94
4090, 30.43, 84.973
4091, 30.32, 85.006
4092, 30.21, 85.04
4093, 30.13, 85.073
4094, 30.09, 85.09
4095, 30.03, 85.123
4096, 29.95, 85.156
4097, 29.86, 85.19
4098, 29.78, 85.223
4099, 29.69, 85.256
4100, 29.6, 85.29
4101, 29.5, 85.323
4102, 29.39, 85.356
4103, 29.26, 85.406
4104, 29.28, 85.44
4105, 29.37, 85.473
4106, 29.4, 85.506
4107, 29.53, 85.54
4108, 29.61, 85.573
4109, 29.67, 85.606
4110, 29.72, 85.64
4111, 29.77, 85.673
4112, 29.84, 85.706
4113, 29.93, 85.74
4114, 30.05, 85.773
4115, 30.18, 85.806
4116, 30.3, 85.84
4117, 30.42, 85.873
4118, 30.54, 85.906
4119, 30.68, 85.94
4120, 30.83, 85.973
4121, 30.97, 86.006
4122, 31.1, 86.04
4123, 31.22, 86.073
4124, 31.33, 86.106
4125, 31.44, 86.14
4126, 31.57, 86.173
4127, 31.68, 86.206
4128, 31.8, 86.24
4129, 31.9, 86.273
4130, 32.02, 86.306
4131, 32.15, 86.34
4132, 32.29, 86.373
4133, 32.42, 86.406
4134, 32.53, 86.44
4135, 32.57, 86.456
4136, 32.64, 86.49
4137, 32.81, 86.523
4138, 33.05, 86.556
4139, 33.21, 86.59
4140, 33.34, 86.623
4141, 33.52, 86.656
4142, 33.61, 86.673
4143, 33.79, 86.706
4144, 33.98, 86.74
4145, 34.17, 86.773
4146, 34.36, 86.806
4147, 34.46, 86.823
4148, 34.65, 86.856
4149, 34.86, 86.89
4150, 35.11, 86.923
4151, 35.23, 86.94
4152, 35.42, 86.973
4153, 35.62, 87.006
4154, 35.73, 87.023
4155, 35.94, 87.056
4156, 36.16, 87.09
4157, 36.27, 87.106
4158, 36.47, 87.14
4159, 36.58, 87.173
4160, 36.58, 87.19
4161, 36.56, 87.223
4162, 36.48, 87.256
4163, 36.37, 87.273
4164, 36.29, 87.306
4165, 36.25, 87.34
4166, 36.21, 87.356
4167, 36.09, 87.39
4168, 36.02, 87.423
4169, 35.99, 87.44
4170, 35.9, 87.473
4171, 35.82, 87.506
4172, 35.78, 87.523
4173, 35.67, 87.556
4174, 35.56, 87.59
4175, 35.5, 87.606
4176, 35.4, 87.64
4177, 35.28, 87.673
4178, 35.17, 87.706
4179, 35.12, 87.723
4180, 35.01, 87.756
4181, 34.89, 87.79
4182, 34.78, 87.823
4183, 34.73, 87.84
4184, 34.62, 87.873
4185, 34.52, 87.906
4186, 34.43, 87.94
4187, 34.39, 87.956
4188, 34.31, 87.99
4189, 34.23, 88.023
4190, 34.13, 88.056
4191, 34.09, 88.073
4192, 33.99, 88.106
4193, 33.9, 88.14
4194, 33.81, 88.173
4195, 33.73, 88.206
4196, 33.68, 88.223
4197, 33.59, 88.256
4198, 33.49, 88.29
4199, 33.4, 88.323
4200, 33.35, 88.34
4201, 33.26, 88.373
4202, 33.15, 88.406
4203, 33.04, 88.44
4204, 32.92, 88.473
4205, 32.81, 88.506
4206, 32.75, 88.523
4207, 32.66, 88.556
4208, 32.56, 88.59
4209, 32.47, 88.623
4210, 32.37, 88.656
4211, 32.33, 88.673
4212, 32.23, 88.706
4213, 32.14, 88.74
4214, 32.05, 88.773
4215, 31.95, 88.806
4216, 31.89, 88.84
4217, 31.86, 88.856
4218, 31.87, 88.89
4219, 31.93, 88.923
4220, 31.94, 88.956
4221, 32.15, 88.99
4222, 32.2, 89.023
4223, 32.24, 89.056
4224, 32.31, 89.073
4225, 32.47, 89.106
4226, 32.61, 89.14
4227, 32.73, 89.173
4228, 32.86, 89.206
4229, 32.94, 89.24
4230, 32.99, 89.256
4231, 33.09, 89.29
4232, 33.17, 89.323
4233, 33.24, 89.356
4234, 33.32, 89.39
4235, 33.42, 89.406
4236, 33.65, 89.44
4237, 33.72, 89.473
4238, 33.76, 89.506
4239, 33.84, 89.54
4240, 33.89, 89.556
4241, 34.04, 89.59
4242, 34.25, 89.623
4243, 34.38, 89.656
4244, 34.41, 89.673
4245, 34.51, 89.706
4246, 34.63, 89.74
4247, 34.77, 89.773
4248, 34.85, 89.79
4249, 35.03, 89.823
4250, 35.18, 89.856
4251, 35.32, 89.89
4252, 35.39, 89.906
4253, 35.5, 89.94
4254, 35.64, 89.973
4255, 35.82, 90.006
4256, 35.9, 90.023
4257, 36.06, 90.056
4258, 36.19, 90.09
4259, 36.26, 90.106
4260, 36.39, 90.14
4261, 36.54, 90.173
4262, 36.61, 90.19
4263, 36.76, 90.223
4264, 36.9, 90.256
4265, 36.97, 90.273
4266, 37.14, 90.306
4267, 37.28, 90.34
4268, 37.33, 90.356
4269, 37.55, 90.39
4270, 37.73, 90.423
4271, 37.75, 90.44
4272, 37.74, 90.473
4273, 37.75, 90.49
4274, 37.88, 90.523
4275, 38.13, 90.556
4276, 38.22, 90.573
4277, 38.34, 90.606
4278, 38.37, 90.623
4279, 38.36, 90.656
4280, 38.59, 90.69
4281, 38.77, 90.706
4282, 38.94, 90.74
4283, 38.98, 90.756
4284, 39.09, 90.79
4285, 39.16, 90.806
4286, 39.32, 90.84
4287, 39.57, 90.873
4288, 39.68, 90.89
4289, 39.82, 90.923
4290, 39.9, 90.94
4291, 40.07, 90.973
4292, 40.15, 90.99
4293, 40.31, 91.023
4294, 40.39, 91.04
4295, 40.54, 91.073
4296, 40.63, 91.09
4297, 40.79, 91.123
4298, 40.87, 91.14
4299, 41.04, 91.173
4300, 41.12, 91.19
4301, 41.19, 91.206
4302, 41.35, 91.24
4303, 41.45, 91.256
4304, 41.64, 91.29
4305, 41.71, 91.306
4306, 41.84, 91.34
4307, 41.91, 91.356
4308, 42.09, 91.39
4309, 42.19, 91.406
4310, 42.28, 91.423
4311, 42.42, 91.456
4312, 42.49, 91.473
4313, 42.63, 91.506
4314, 42.69, 91.523
4315, 42.78, 91.556
4316, 42.87, 91.573
4317, 43, 91.59
4318, 43.29, 91.623
4319, 43.36, 91.64
4320, 43.45, 91.673
4321, 43.54, 91.69
4322, 43.63, 91.706
4323, 43.77, 91.74
4324, 43.84, 91.756
4325, 43.92, 91.773
4326, 44.09, 91.806
4327, 44.17, 91.823
4328, 44.32, 91.856
4329, 44.4, 91.873
4330, 44.47, 91.89
4331, 44.62, 91.923
4332, 44.69, 91.94
4333, 44.76, 91.956
4334, 44.93, 91.99
4335, 45.02, 92.006
4336, 45.1, 92.023
4337, 45.23, 92.056
4338, 45.3, 92.073
4339, 45.38, 92.09
4340, 45.53, 92.123
4341, 45.6, 92.14
4342, 45.69, 92.156
4343, 45.84, 92.19
4344, 45.91, 92.206
4345, 45.99, 92.223
4346, 46.06, 92.24
4347, 46.2, 92.273
4348, 46.28, 92.29
4349, 46.35, 92.306
4350, 46.5, 92.34
4351, 46.57, 92.356
4352, 46.65, 92.373
4353, 46.8, 92.406
4354, 46.88, 92.423
4355, 46.95, 92.44
4356, 47.03, 92.456
4357, 47.17, 92.49
4358, 47.24, 92.506
4359, 47.31, 92.523
4360, 47.38, 92.54
4361, 47.53, 92.573
4362, 47.6, 92.59
4363, 47.67, 92.606
4364, 47.74, 92.623
4365, 47.87, 92.656
4366, 47.94, 92.673
4367, 48.01, 92.69
4368, 48.08, 92.706
4369, 48.22, 92.74
4370, 48.29, 92.756
4371, 48.36, 92.773
4372, 48.43, 92.79
4373, 48.56, 92.823
4374, 48.63, 92.84
4375, 48.69, 92.856
4376, 48.75, 92.873
4377, 48.88, 92.906
4378, 48.95, 92.923
4379, 49.02, 92.94
4380, 49.09, 92.956
4381, 49.21, 92.99
4382, 49.27, 93.006
4383, 49.33, 93.023
4384, 49.39, 93.04
4385, 49.46, 93.056
4386, 49.59, 93.09
4387, 49.66, 93.106
4388, 49.72, 93.123
4389, 49.78, 93.14
4390, 49.77, 93.156
4391, 49.86, 93.19
4392, 49.98, 93.206
4393, 50, 93.223
4394, 50.03, 93.24
4395, 50.11, 93.256
4396, 50.23, 93.29
4397, 50.29, 93.306
4398, 50.35, 93.323
4399, 50.41, 93.34
4400, 50.46, 93.356
4401, 50.57, 93.39
4402, 50.63, 93.406
4403, 50.68, 93.423
4404, 50.73, 93.44
4405, 50.79, 93.456
4406, 50.9, 93.49
4407, 50.96, 93.506
4408, 51.03, 93.523
4409, 51.09, 93.54
4410, 51.14, 93.556
4411, 51.19, 93.573
4412, 51.29, 93.606
4413, 51.34, 93.623
4414, 51.39, 93.64
4415, 51.43, 93.656
4416, 51.48, 93.673
4417, 51.55, 93.69
4418, 51.69, 93.723
4419, 51.75, 93.74
4420, 51.81, 93.756
4421, 51.87, 93.773
4422, 51.91, 93.79
4423, 51.95, 93.806
4424, 52.05, 93.84
4425, 52.1, 93.856
4426, 52.15, 93.873
4427, 52.2, 93.89
4428, 52.27, 93.906
4429, 52.33, 93.923
4430, 52.39, 93.94
4431, 52.5, 93.973
4432, 52.55, 93.99
4433, 52.6, 94.006
4434, 52.65, 94.023
4435, 52.7, 94.04
4436, 52.75, 94.056
4437, 52.81, 94.073
4438, 52.91, 94.106
4439, 52.97, 94.123
4440, 53.02, 94.14
4441, 53.07, 94.156
4442, 53.12, 94.173
4443, 53.18, 94.19
4444, 53.23, 94.206
4445, 53.28, 94.223
4446, 53.38, 94.256
4447, 53.43, 94.273
4448, 53.48, 94.29
4449, 53.53, 94.306
4450, 53.59, 94.323
4451, 53.64, 94.34
4452, 53.69, 94.356
4453, 53.74, 94.373
4454, 53.84, 94.406
4455, 53.89, 94.423
4456, 53.95, 94.44
4457, 54, 94.456
4458, 54.05, 94.473
4459, 54.1, 94.49
4460, 54.16, 94.506
4461, 54.21, 94.523
4462, 54.26, 94.54
4463, 54.36, 94.573
4464, 54.41, 94.59
4465, 54.46, 94.606
4466, 54.51, 94.623
4467, 54.56, 94.64
4468, 54.61, 94.656
4469, 54.66, 94.673
4470, 54.71, 94.69
4471, 54.76, 94.706
4472, 54.81, 94.723
4473, 54.91, 94.756
4474, 54.96, 94.773
4475, 55.01, 94.79
4476, 55.06, 94.806
4477, 55.11, 94.823
4478, 55.15, 94.84
4479, 55.21, 94.856
4480, 55.26, 94.873
4481, 55.3, 94.89
4482, 55.35, 94.906
4483, 55.4, 94.923
4484, 55.45, 94.94
4485, 55.54, 94.973
4486, 55.59, 94.99
4487, 55.64, 95.006
4488, 55.69, 95.023
4489, 55.74, 95.04
4490, 55.79, 95.056
4491, 55.84, 95.073
4492, 55.89, 95.09
4493, 55.94, 95.106
4494, 55.98, 95.123
4495, 56.03, 95.14
4496, 56.07, 95.156
4497, 56.12, 95.173
4498, 56.21, 95.206
4499, 56.26, 95.223
4500, 56.31, 95.24
4501, 56.36, 95.256
4502, 56.41, 95.273
4503, 56.46, 95.29
4504, 56.51, 95.306
4505, 56.55, 95.323
4506, 56.59, 95.34
4507, 56.64, 95.356
4508, 56.68, 95.373
4509, 56.73, 95.39
4510, 56.77, 95.406
4511, 56.82, 95.423
4512, 56.87, 95.44
4513, 56.91, 95.456
4514, 56.96, 95.473
4515, 57.05, 95.506
4516, 57.1, 95.523
4517, 57.15, 95.54
4518, 57.19, 95.556
4519, 57.24, 95.573
4520, 57.28, 95.59
4521, 57.33, 95.606
4522, 57.37, 95.623
4523, 57.41, 95.64
4524, 57.46, 95.656
4525, 57.5, 95.673
4526, 57.55, 95.69
4527, 57.6, 95.706
4528, 57.64, 95.723
4529, 57.68, 95.74
4530, 57.72, 95.756
4531, 57.76, 95.773
4532, 57.8, 95.79
4533, 57.84, 95.806
4534, 57.89, 95.823
4535, 57.93, 95.84
4536, 57.98, 95.856
4537, 58.02, 95.873
4538, 58.06, 95.89
4539, 58.14, 95.923
4540, 58.18, 95.94
4541, 58.22, 95.956
4542, 58.27, 95.973
4543, 58.31, 95.99
4544, 58.35, 96.006
4545, 58.39, 96.023
4546, 58.43, 96.04
4547, 58.47, 96.056
4548, 58.51, 96.073
4549, 58.55, 96.09
4550, 58.59, 96.106
4551, 58.63, 96.123
4552, 58.68, 96.14
4553, 58.72, 96.156
4554, 58.76, 96.173
4555, 58.8, 96.19
4556, 58.83, 96.206
4557, 58.87, 96.223
4558, 58.91, 96.24
4559, 58.95, 96.256
4560, 58.93, 96.273
4561, 58.88, 96.29
4562, 58.99, 96.306
4563, 59.04, 96.323
4564, 59.03, 96.34
4565, 59.06, 96.356
4566, 59.11, 96.373
4567, 59.14, 96.39
4568, 59.17, 96.406
4569, 59.21, 96.423
4570, 59.24, 96.44
4571, 59.27, 96.456
4572, 59.31, 96.473
4573, 59.34, 96.49
4574, 59.37, 96.506
4575, 59.4, 96.523
4576, 59.43, 96.54
4577, 59.46, 96.556
4578, 59.49, 96.573
4579, 59.52, 96.59
4580, 59.55, 96.606
4581, 59.58, 96.623
4582, 59.61, 96.64
4583, 59.65, 96.656
4584, 59.69, 96.673
4585, 59.72, 96.69
4586, 59.75, 96.706
4587, 59.78, 96.723
4588, 59.81, 96.74
4589, 59.84, 96.756
4590, 59.87, 96.773
4591, 59.9, 96.79
4592, 59.93, 96.806
4593, 59.96, 96.823
4594, 59.99, 96.84
4595, 60.02, 96.856
4596, 60.04, 96.873
4597, 60.07, 96.89
4598, 60.1, 96.906
4599, 60.13, 96.923
4600, 60.17, 96.94
4601, 60.2, 96.956
4602, 60.23, 96.973
4603, 60.26, 96.99
4604, 60.28, 97.006
4605, 60.32, 97.023
4606, 60.35, 97.04
4607, 60.38, 97.056
4608, 60.42, 97.073
4609, 60.45, 97.09
4610, 60.48, 97.106
4611, 60.5, 97.123
4612, 60.53, 97.14
4613, 60.56, 97.156
4614, 60.59, 97.173
4615, 60.62, 97.19
4616, 60.65, 97.206
4617, 60.68, 97.223
4618, 60.71, 97.24
4619, 60.75, 97.256
4620, 60.78, 97.273
4621, 60.81, 97.29
4622, 60.84, 97.306
4623, 60.87, 97.323
4624, 60.9, 97.34
4625, 60.92, 97.356
4626, 60.95, 97.373
4627, 60.98, 97.39
4628, 61.01, 97.406
4629, 61.04, 97.423
4630, 61.07, 97.44
4631, 61.1, 97.456
4632, 61.14, 97.473
4633, 61.17, 97.49
4634, 61.2, 97.506
4635, 61.23, 97.523
4636, 61.26, 97.54
4637, 61.29, 97.556
4638, 61.32, 97.573
4639, 61.35, 97.59
4640, 61.38, 97.606
4641, 61.41, 97.623
4642, 61.44, 97.64
4643, 61.48, 97.656
4644, 61.51, 97.673
4645, 61.54, 97.69
4646, 61.57, 97.706
4647, 61.6, 97.723
4648, 61.63, 97.74
4649, 61.66, 97.756
4650, 61.69, 97.773
4651, 61.72, 97.79
4652, 61.74, 97.806
4653, 61.74, 97.806
4654, 61.77, 97.823
4655, 61.8, 97.84
4656, 61.83, 97.856
4657, 61.86, 97.873
4658, 61.89, 97.89
4659, 61.92, 97.906
4660, 61.95, 97.923
4661, 61.98, 97.94
4662, 62.01, 97.956
4663, 62.04, 97.973
4664, 62.07, 97.99
4665, 62.09, 98.006
4666, 62.12, 98.023
4667, 62.15, 98.04
4668, 62.18, 98.056
4669, 62.22, 98.073
4670, 62.25, 98.09
4671, 62.28, 98.106
4672, 62.3, 98.123
4673, 62.33, 98.14
4674, 62.36, 98.156
4675, 62.39, 98.173
4676, 62.42, 98.19
4677, 62.45, 98.206
4678, 62.48, 98.223
4679, 62.51, 98.24
4680, 62.51, 98.24
4681, 62.53, 98.256
4682, 62.56, 98.273
4683, 62.58, 98.29
4684, 62.61, 98.306
4685, 62.65, 98.323
4686, 62.68, 98.34
4687, 62.71, 98.356
4688, 62.74, 98.373
4689, 62.77, 98.39
4690, 62.79, 98.406
4691, 62.82, 98.423
4692, 62.84, 98.44
4693, 62.87, 98.456
4694, 62.9, 98.473
4695, 62.94, 98.49
4696, 62.96, 98.506
4697, 62.99, 98.523
4698, 63.02, 98.54
4699, 63.04, 98.556
4700, 63.07, 98.573
4701, 63.09, 98.59
4702, 63.09, 98.59
4703, 63.12, 98.606
4704, 63.15, 98.623
4705, 63.18, 98.64
4706, 63.2, 98.656
4707, 63.24, 98.673
4708, 63.27, 98.69
4709, 63.3, 98.706
4710, 63.33, 98.723
4711, 63.35, 98.74
4712, 63.37, 98.756
4713, 63.39, 98.773
4714, 63.41, 98.79
4715, 63.44, 98.806
4716, 63.46, 98.823
4717, 63.49, 98.84
4718, 63.53, 98.856
4719, 63.56, 98.873
4720, 63.56, 98.873
4721, 63.58, 98.89
4722, 63.61, 98.906
4723, 63.64, 98.923
4724, 63.67, 98.94
4725, 63.7, 98.956
4726, 63.73, 98.973
4727, 63.76, 98.99
4728, 63.79, 99.006
4729, 63.82, 99.023
4730, 63.84, 99.04
4731, 63.86, 99.056
4732, 63.89, 99.073
4733, 63.91, 99.09
4734, 63.94, 99.106
4735, 63.96, 99.123
4736, 63.99, 99.14
4737, 63.99, 99.14
4738, 64.02, 99.156
4739, 64.05, 99.173
4740, 64.07, 99.19
4741, 64.1, 99.206
4742, 64.13, 99.223
4743, 64.15, 99.24
4744, 64.18, 99.256
4745, 64.2, 99.273
4746, 64.23, 99.29
4747, 64.25, 99.306
4748, 64.27, 99.323
4749, 64.3, 99.34
4750, 64.33, 99.356
4751, 64.35, 99.373
4752, 64.35, 99.373
4753, 64.39, 99.39
4754, 64.42, 99.406
4755, 64.44, 99.423
4756, 64.46, 99.44
4757, 64.49, 99.456
4758, 64.52, 99.473
4759, 64.54, 99.49
4760, 64.57, 99.506
4761, 64.59, 99.523
4762, 64.62, 99.54
4763, 64.64, 99.556
4764, 64.67, 99.573
4765, 64.69, 99.59
4766, 64.69, 99.59
4767, 64.72, 99.606
4768, 64.75, 99.623
4769, 64.76, 99.64
4770, 64.78, 99.656
4771, 64.8, 99.673
4772, 64.83, 99.69
4773, 64.85, 99.706
4774, 64.88, 99.723
4775, 64.92, 99.74
4776, 64.94, 99.756
4777, 64.96, 99.773
4778, 64.98, 99.79
4779, 64.98, 99.79
4780, 65.01, 99.806
4781, 65.04, 99.823
4782, 65.07, 99.84
4783, 65.09, 99.856
4784, 65.12, 99.873
4785, 65.14, 99.89
4786, 65.16, 99.906
4787, 65.19, 99.923
4788, 65.21, 99.94
4789, 65.23, 99.956
4790, 65.26, 99.973
4791, 65.29, 99.99
4792, 65.29, 99.99
4793, 65.32, 100.006
4794, 65.34, 100.023
4795, 65.36, 100.04
4796, 65.38, 100.056
4797, 65.4, 100.073
4798, 65.43, 100.09
4799, 65.45, 100.106
4800, 65.47, 100.123
4801, 65.49, 100.14
4802, 65.52, 100.156
4803, 65.52, 100.156
4804, 65.54, 100.173
4805, 65.56, 100.19
4806, 65.59, 100.206
4807, 65.61, 100.223
4808, 65.64, 100.24
4809, 65.67, 100.256
4810, 65.69, 100.273
4811, 65.71, 100.29
4812, 65.73, 100.306
4813, 65.76, 100.323
4814, 65.78, 100.34
4815, 65.78, 100.34
4816, 65.8, 100.356
4817, 65.83, 100.373
4818, 65.85, 100.39
4819, 65.88, 100.406
4820, 65.9, 100.423
4821, 65.92, 100.44
4822, 65.94, 100.456
4823, 65.97, 100.473
4824, 65.99, 100.49
4825, 66.01, 100.506
4826, 66.01, 100.506
4827, 66.03, 100.523
4828, 66.06, 100.54
4829, 66.08, 100.556
4830, 66.1, 100.573
4831, 66.12, 100.59
4832, 66.14, 100.606
4833, 66.17, 100.623
4834, 66.2, 100.64
4835, 66.22, 100.656
4836, 66.22, 100.656
4837, 66.24, 100.673
4838, 66.26, 100.69
4839, 66.28, 100.706
4840, 66.3, 100.723
4841, 66.33, 100.74
4842, 66.35, 100.756
4843, 66.37, 100.773
4844, 66.39, 100.79
4845, 66.41, 100.806
4846, 66.41, 100.806
4847, 66.44, 100.823
4848, 66.46, 100.84
4849, 66.48, 100.856
4850, 66.5, 100.873
4851, 66.52, 100.89
4852, 66.54, 100.906
4853, 66.56, 100.923
4854, 66.57, 100.94
4855, 66.6, 100.956
4856, 66.6, 100.956
4857, 66.62, 100.973
4858, 66.64, 100.99
4859, 66.67, 101.006
4860, 66.69, 101.023
4861, 66.71, 101.04
