0, 68.3468, 84.0627
1, 68.3765, 84.0794
2, 68.411, 84.096
3, 68.4449, 84.1127
4, 68.476, 84.1294
5, 68.476, 84.1294
6, 68.5015, 84.146
7, 68.532, 84.1627
8, 68.5687, 84.1794
9, 68.5971, 84.196
10, 68.6216, 84.2127
11, 68.6504, 84.2294
12, 68.6856, 84.246
13, 68.6856, 84.246
14, 68.7226, 84.2627
15, 68.7538, 84.2794
16, 68.7819, 84.296
17, 68.8129, 84.3127
18, 68.8446, 84.3294
19, 68.8735, 84.346
20, 68.9031, 84.3627
21, 68.9031, 84.3627
22, 68.9333, 84.3794
23, 68.9631, 84.396
24, 68.9889, 84.4127
25, 69.0157, 84.4294
26, 69.0507, 84.446
27, 69.0839, 84.4627
28, 69.1109, 84.4794
29, 69.1109, 84.4794
30, 69.136, 84.496
31, 69.1702, 84.5127
32, 69.21, 84.5294
33, 69.2478, 84.546
34, 69.2729, 84.5627
35, 69.2787, 84.5794
36, 69.2787, 84.5794
37, 69.2772, 84.596
38, 69.2743, 84.6127
39, 69.2535, 84.6294
40, 69.1924, 84.646
41, 69.1057, 84.6627
42, 69.0171, 84.6794
43, 68.8788, 84.696
44, 68.8788, 84.696
45, 68.6961, 84.7127
46, 68.5634, 84.7294
47, 68.4258, 84.746
48, 68.2796, 84.7627
49, 68.1176, 84.7794
50, 67.894, 84.796
51, 67.6816, 84.8127
52, 67.6816, 84.8127
53, 67.4654, 0.7885
54, 67.2272, 0.8051
55, 66.9484, 0.8218
56, 66.6521, 0.8385
57, 66.349, 0.8551
58, 66.0332, 0.8718
59, 65.6999, 0.8885
60, 65.3701, 0.9051
61, 65.0384, 0.9218
62, 64.6822, 0.9385
63, 64.6822, 0.9385
64, 64.3419, 0.9551
65, 63.9998, 0.9718
66, 63.6592, 0.9885
67, 63.2907, 1.0051
68, 62.9089, 1.0218
69, 62.5236, 1.0385
70, 62.1237, 1.0551
71, 61.6775, 1.0718
72, 61.2076, 1.0885
73, 60.8437, 1.1051
74, 60.5071, 1.1218
75, 60.1566, 1.1385
76, 59.7758, 1.1551
77, 59.4066, 1.1718
78, 59.0504, 1.1885
79, 58.6812, 1.2051
80, 58.3049, 1.2218
81, 57.9497, 1.2385
82, 57.6105, 1.2551
83, 57.2693, 1.2718
84, 56.951, 1.2885
85, 56.6258, 1.3051
86, 56.2831, 1.3218
87, 55.9329, 1.3385
88, 55.269, 1.3718
89, 54.9445, 1.3885
90, 54.5805, 1.4051
91, 54.1704, 1.4218
92, 53.8157, 1.4385
93, 53.5137, 1.4551
94, 53.2302, 1.4718
95, 52.9527, 1.4885
96, 52.6986, 1.5051
97, 52.1891, 1.5385
98, 51.9782, 1.5551
99, 51.8192, 1.5718
100, 51.6865, 1.5885
101, 51.5479, 1.6051
102, 51.4229, 1.6218
103, 51.242, 1.6551
104, 51.1577, 1.6718
105, 51.0828, 1.6885
106, 51.0184, 1.7051
107, 50.9589, 1.7218
108, 50.8203, 1.7551
109, 50.7461, 1.7718
110, 50.6775, 1.7885
111, 50.6097, 1.8051
112, 50.5409, 1.8218
113, 50.4065, 1.8551
114, 50.347, 1.8718
115, 50.2905, 1.8885
116, 50.2295, 1.9051
117, 50.1664, 1.9218
118, 50.0419, 1.9551
119, 49.978, 1.9718
120, 49.9117, 1.9885
121, 49.8457, 2.0051
122, 49.7802, 2.0218
123, 49.6497, 2.0551
124, 49.5829, 2.0718
125, 49.5162, 2.0885
126, 49.4498, 2.1051
127, 49.317, 2.1385
128, 49.2525, 2.1551
129, 49.1866, 2.1718
130, 49.1174, 2.1885
131, 49.0469, 2.2051
132, 49.0469, 2.2051
133, 49.0469, 2.2051
134, 49.0469, 2.2051
135, 48.701, 2.2885
136, 48.5669, 2.3218
137, 48.5044, 2.3385
138, 48.4402, 2.3551
139, 48.3746, 2.3718
140, 48.2476, 2.4051
141, 48.1836, 2.4218
142, 48.1176, 2.4385
143, 48.0496, 2.4551
144, 47.9182, 2.4885
145, 47.8531, 2.5051
146, 47.7866, 2.5218
147, 47.719, 2.5385
148, 47.5823, 2.5718
149, 47.5104, 2.5885
150, 47.4357, 2.6051
151, 47.3599, 2.6218
152, 47.2127, 2.6551
153, 47.1348, 2.6718
154, 47.0585, 2.6885
155, 46.9889, 2.7051
156, 46.8694, 2.7385
157, 46.8154, 2.7551
158, 46.7628, 2.7718
159, 46.6789, 2.8051
160, 46.6811, 2.8218
161, 46.657, 2.8385
162, 46.6105, 2.8551
163, 46.5624, 2.8885
164, 46.5446, 2.9051
165, 46.5178, 2.9218
166, 46.4863, 2.9551
167, 46.4874, 2.9718
168, 46.4923, 2.9885
169, 46.4965, 3.0051
170, 46.496, 3.0385
171, 46.4944, 3.0551
172, 46.5015, 3.0718
173, 46.5256, 3.1051
174, 46.5311, 3.1218
175, 46.5358, 3.1385
176, 46.5434, 3.1551
177, 46.5431, 3.1885
178, 46.5378, 3.2051
179, 46.5382, 3.2218
180, 46.5203, 3.2551
181, 46.4863, 3.2718
182, 46.4555, 3.2885
183, 46.4425, 3.3051
184, 46.439, 3.3385
185, 46.4321, 3.3551
186, 46.4263, 3.3718
187, 46.4071, 3.4051
188, 46.3936, 3.4218
189, 46.3838, 3.4385
190, 46.3779, 3.4718
191, 46.3736, 3.4885
192, 46.3702, 3.5051
193, 46.3682, 3.5218
194, 46.354, 3.5551
195, 46.3506, 3.5718
196, 46.3557, 3.5885
197, 46.3684, 3.6218
198, 46.3752, 3.6385
199, 46.3888, 3.6551
200, 46.4165, 3.6885
201, 46.4263, 3.7051
202, 46.4371, 3.7218
203, 46.4642, 3.7551
204, 46.4772, 3.7718
205, 46.4916, 3.7885
206, 46.514, 3.8051
207, 46.5721, 3.8385
208, 46.6017, 3.8551
209, 46.6339, 3.8718
210, 46.7316, 3.9051
211, 46.7884, 3.9218
212, 46.8471, 3.9385
213, 46.9575, 3.9718
214, 47.0059, 3.9885
215, 47.0493, 4.0051
216, 47.0845, 4.0218
217, 47.1496, 4.0551
218, 47.1726, 4.0718
219, 47.1875, 4.0885
220, 47.1963, 4.1051
221, 47.2118, 4.1385
222, 47.2244, 4.1551
223, 47.2092, 4.1718
224, 47.1176, 4.2051
225, 47.0559, 4.2218
226, 47.0279, 4.2385
227, 47.0152, 4.2551
228, 47.1264, 4.2885
229, 47.1489, 4.3051
230, 47.1451, 4.3218
231, 47.148, 4.3385
232, 47.2108, 4.3718
233, 47.2508, 4.3885
234, 47.2866, 4.4051
235, 47.3272, 4.4218
236, 47.39, 4.4551
237, 47.4276, 4.4718
238, 47.4826, 4.4885
239, 47.5614, 4.5051
240, 47.7404, 4.5385
241, 47.8065, 4.5551
242, 47.8501, 4.5718
243, 47.8684, 4.5885
244, 47.8663, 4.6218
245, 47.881, 4.6385
246, 47.8738, 4.6551
247, 47.9056, 4.6718
248, 48.0876, 4.7051
249, 48.168, 4.7218
250, 48.2095, 4.7385
251, 48.2372, 4.7551
252, 48.2973, 4.7885
253, 48.3187, 4.8051
254, 48.3289, 4.8218
255, 48.3279, 4.8385
256, 48.3012, 4.8718
257, 48.2723, 4.8885
258, 48.2453, 4.9051
259, 48.2201, 4.9218
260, 48.1882, 4.9385
261, 48.1261, 4.9718
262, 48.1015, 4.9885
263, 48.0742, 5.0051
264, 48.0369, 5.0218
265, 47.9683, 5.0551
266, 47.926, 5.0718
267, 47.8681, 5.0885
268, 47.815, 5.1051
269, 47.7461, 5.1385
270, 47.7269, 5.1551
271, 47.7134, 5.1718
272, 47.695, 5.1885
273, 47.667, 5.2218
274, 47.6682, 5.2385
275, 47.6739, 5.2551
276, 47.6853, 5.2718
277, 47.7094, 5.3051
278, 47.7178, 5.3218
279, 47.7223, 5.3385
280, 47.7254, 5.3551
281, 47.7289, 5.3885
282, 47.7367, 5.4051
283, 47.7542, 5.4218
284, 47.7745, 5.4385
285, 47.7831, 5.4718
286, 47.7746, 5.4885
287, 47.7731, 5.5051
288, 47.7912, 5.5385
289, 47.8039, 5.5551
290, 47.8208, 5.5718
291, 47.8303, 5.5885
292, 47.8453, 5.6218
293, 47.8615, 5.6385
294, 47.8847, 5.6551
295, 47.9099, 5.6718
296, 47.9215, 5.7051
297, 47.9232, 5.7218
298, 47.937, 5.7385
299, 47.9748, 5.7551
300, 48.0682, 5.7885
301, 48.1158, 5.8051
302, 48.093, 5.8218
303, 48.0525, 5.8385
304, 48.14, 5.8551
305, 48.2692, 5.8885
306, 48.2675, 5.9051
307, 48.3193, 5.9218
308, 48.3793, 5.9385
309, 48.4506, 5.9718
310, 48.4935, 5.9885
311, 48.5268, 6.0051
312, 48.5426, 6.0218
313, 48.5837, 6.0551
314, 48.6302, 6.0718
315, 48.6832, 6.0885
316, 48.7261, 6.1051
317, 48.789, 6.1385
318, 48.8155, 6.1551
319, 48.827, 6.1718
320, 48.8282, 6.1885
321, 48.8917, 6.2218
322, 48.9472, 6.2385
323, 48.9888, 6.2551
324, 49.0162, 6.2718
325, 49.0424, 6.2885
326, 49.0963, 6.3218
327, 49.1117, 6.3385
328, 49.1338, 6.3551
329, 49.1676, 6.3718
330, 49.2446, 6.4051
331, 49.2682, 6.4218
332, 49.2967, 6.4385
333, 49.3373, 6.4551
334, 49.3774, 6.4718
335, 49.431, 6.5051
336, 49.4706, 6.5218
337, 49.5214, 6.5385
338, 49.5828, 6.5551
339, 49.6695, 6.5885
340, 49.6658, 6.6051
341, 49.6471, 6.6218
342, 49.6226, 6.6385
343, 49.6199, 6.6551
344, 49.8123, 6.6885
345, 49.941, 6.7051
346, 50.0106, 6.7218
347, 50.0334, 6.7385
348, 50.0632, 6.7551
349, 50.1604, 6.7885
350, 50.1959, 6.8051
351, 50.2394, 6.8218
352, 50.2947, 6.8385
353, 50.3396, 6.8551
354, 50.3125, 6.8885
355, 50.2845, 6.9051
356, 50.2383, 6.9218
357, 50.1999, 6.9385
358, 50.2726, 6.9551
359, 50.5236, 6.9885
360, 50.6685, 7.0051
361, 50.6993, 7.0218
362, 50.7113, 7.0385
363, 50.763, 7.0551
364, 50.8703, 7.0885
365, 50.9179, 7.1051
366, 50.9769, 7.1218
367, 51.0399, 7.1385
368, 51.0883, 7.1551
369, 51.1493, 7.1718
370, 51.3095, 7.2051
371, 51.3712, 7.2218
372, 51.4106, 7.2385
373, 51.4454, 7.2551
374, 51.4751, 7.2718
375, 51.5192, 7.2885
376, 51.6719, 7.3218
377, 51.7713, 7.3385
378, 51.854, 7.3551
379, 51.9195, 7.3718
380, 51.9839, 7.3885
381, 52.06, 7.4051
382, 52.2011, 7.4385
383, 52.249, 7.4551
384, 52.3005, 7.4718
385, 52.3623, 7.4885
386, 52.4339, 7.5051
387, 52.5043, 7.5218
388, 52.5777, 7.5385
389, 52.744, 7.5718
390, 52.8279, 7.5885
391, 52.8994, 7.6051
392, 52.9609, 7.6218
393, 53.0177, 7.6385
394, 53.0765, 7.6551
395, 53.1353, 7.6718
396, 53.2684, 7.7051
397, 53.3485, 7.7218
398, 53.4318, 7.7385
399, 53.5077, 7.7551
400, 53.5747, 7.7718
401, 53.6409, 7.7885
402, 53.7087, 7.8051
403, 53.7765, 7.8218
404, 53.8391, 7.8385
405, 53.9768, 7.8718
406, 54.0501, 7.8885
407, 54.117, 7.9051
408, 54.1613, 7.9218
409, 54.2144, 7.9385
410, 54.2986, 7.9551
411, 54.3934, 7.9718
412, 54.4743, 7.9885
413, 54.5281, 8.0051
414, 54.6583, 8.0385
415, 54.7361, 8.0551
416, 54.7941, 8.0718
417, 54.8459, 8.0885
418, 54.9112, 8.1051
419, 54.9872, 8.1218
420, 55.0603, 8.1385
421, 55.1248, 8.1551
422, 55.1888, 8.1718
423, 55.2575, 8.1885
424, 55.3267, 8.2051
425, 55.455, 8.2385
426, 55.5257, 8.2551
427, 55.5966, 8.2718
428, 55.6645, 8.2885
429, 55.7241, 8.3051
430, 55.7795, 8.3218
431, 55.8399, 8.3385
432, 55.9108, 8.3551
433, 55.9803, 8.3718
434, 56.0443, 8.3885
435, 56.1009, 8.4051
436, 56.1618, 8.4218
437, 56.2303, 8.4385
438, 56.3593, 8.4718
439, 56.4186, 8.4885
440, 56.4071, 8.5051
441, 56.3818, 8.5218
442, 56.4781, 8.5385
443, 56.5873, 8.5551
444, 56.6159, 8.5718
445, 56.6384, 8.5885
446, 56.7097, 8.6051
447, 56.7866, 8.6218
448, 56.8312, 8.6385
449, 56.8764, 8.6551
450, 56.9414, 8.6718
451, 57.005, 8.6885
452, 57.0513, 8.7051
453, 57.098, 8.7218
454, 57.1565, 8.7385
455, 57.265, 8.7718
456, 57.314, 8.7885
457, 57.3697, 8.8051
458, 57.4294, 8.8218
459, 57.4854, 8.8385
460, 57.5373, 8.8551
461, 57.5895, 8.8718
462, 57.6434, 8.8885
463, 57.6957, 8.9051
464, 57.7485, 8.9218
465, 57.8012, 8.9385
466, 57.8576, 8.9551
467, 57.9158, 8.9718
468, 57.9711, 8.9885
469, 58.0225, 9.0051
470, 58.0712, 9.0218
471, 58.1204, 9.0385
472, 58.1733, 9.0551
473, 58.2225, 9.0718
474, 58.2779, 9.0885
475, 58.3322, 9.1051
476, 58.3883, 9.1218
477, 58.4431, 9.1385
478, 58.495, 9.1551
479, 58.546, 9.1718
480, 58.597, 9.1885
481, 58.6501, 9.2051
482, 58.7041, 9.2218
483, 58.8184, 9.2551
484, 58.8586, 9.2718
485, 58.8748, 9.2885
486, 58.9083, 9.3051
487, 58.974, 9.3218
488, 59.0568, 9.3385
489, 59.1187, 9.3551
490, 59.1583, 9.3718
491, 59.2122, 9.3885
492, 59.2813, 9.4051
493, 59.3376, 9.4218
494, 59.3731, 9.4385
495, 59.4135, 9.4551
496, 59.4642, 9.4718
497, 59.5186, 9.4885
498, 59.5664, 9.5051
499, 59.6134, 9.5218
500, 59.6608, 9.5385
501, 59.7131, 9.5551
502, 59.769, 9.5718
503, 59.8209, 9.5885
504, 59.8749, 9.6051
505, 59.9164, 9.6218
506, 59.9611, 9.6385
507, 60.0135, 9.6551
508, 60.07, 9.6718
509, 60.1254, 9.6885
510, 60.1791, 9.7051
511, 60.2142, 9.7218
512, 60.2109, 9.7385
513, 60.1992, 9.7551
514, 60.2281, 9.7718
515, 60.3374, 9.7885
516, 60.4534, 9.8051
517, 60.5184, 9.8218
518, 60.5408, 9.8385
519, 60.5825, 9.8551
520, 60.6561, 9.8718
521, 60.7132, 9.8885
522, 60.746, 9.9051
523, 60.7817, 9.9218
524, 60.8336, 9.9385
525, 60.8812, 9.9551
526, 60.9137, 9.9718
527, 60.9599, 9.9885
528, 61.0186, 10.0051
529, 61.0186, 10.0051
530, 61.0732, 10.0218
531, 61.1194, 10.0385
532, 61.1629, 10.0551
533, 61.2188, 10.0718
534, 61.2731, 10.0885
535, 61.3202, 10.1051
536, 61.3697, 10.1218
537, 61.4143, 10.1385
538, 61.4552, 10.1551
539, 61.4956, 10.1718
540, 61.5432, 10.1885
541, 61.5989, 10.2051
542, 61.6512, 10.2218
543, 61.6998, 10.2385
544, 61.7477, 10.2551
545, 61.7993, 10.2718
546, 61.8483, 10.2885
547, 61.8964, 10.3051
548, 61.9438, 10.3218
549, 61.9896, 10.3385
550, 62.0338, 10.3551
551, 62.0788, 10.3718
552, 62.1249, 10.3885
553, 62.1659, 10.4051
554, 62.2061, 10.4218
555, 62.2536, 10.4385
556, 62.3103, 10.4551
557, 62.3697, 10.4718
558, 62.4179, 10.4885
559, 62.4602, 10.5051
560, 62.5067, 10.5218
561, 62.5067, 10.5218
562, 62.5519, 10.5385
563, 62.587, 10.5551
564, 62.622, 10.5718
565, 62.6712, 10.5885
566, 62.7258, 10.6051
567, 62.7759, 10.6218
568, 62.8143, 10.6385
569, 62.8522, 10.6551
570, 62.8956, 10.6718
571, 62.9366, 10.6885
572, 62.9732, 10.7051
573, 63.0168, 10.7218
574, 63.0762, 10.7385
575, 63.126, 10.7551
576, 63.1665, 10.7718
577, 63.2036, 10.7885
578, 63.2477, 10.8051
579, 63.2889, 10.8218
580, 63.3361, 10.8385
581, 63.3361, 10.8385
582, 63.3768, 10.8551
583, 63.4245, 10.8718
584, 63.4694, 10.8885
585, 63.5103, 10.9051
586, 63.5515, 10.9218
587, 63.5972, 10.9385
588, 63.6463, 10.9551
589, 63.6906, 10.9718
590, 63.7357, 10.9885
591, 63.7822, 11.0051
592, 63.8247, 11.0218
593, 63.7968, 11.0385
594, 63.7612, 11.0551
595, 63.828, 11.0718
596, 63.8988, 11.0885
597, 63.9065, 11.1051
598, 63.9065, 11.1051
599, 63.9283, 11.1218
600, 63.992, 11.1385
601, 64.0332, 11.1551
602, 64.0553, 11.1718
603, 64.0941, 11.1885
604, 64.1419, 11.2051
605, 64.1744, 11.2218
606, 64.2066, 11.2385
607, 64.2494, 11.2551
608, 64.2878, 11.2718
609, 64.3222, 11.2885
610, 64.3616, 11.3051
611, 64.3989, 11.3218
612, 64.4337, 11.3385
613, 64.4337, 11.3385
614, 64.4676, 11.3551
615, 64.5061, 11.3718
616, 64.5427, 11.3885
617, 64.5769, 11.4051
618, 64.6143, 11.4218
619, 64.651, 11.4385
620, 64.6857, 11.4551
621, 64.7178, 11.4718
622, 64.7575, 11.4885
623, 64.7956, 11.5051
624, 64.8314, 11.5218
625, 64.8644, 11.5385
626, 64.8992, 11.5551
627, 64.8992, 11.5551
628, 64.9373, 11.5718
629, 64.9732, 11.5885
630, 65.0092, 11.6051
631, 65.0456, 11.6218
632, 65.0777, 11.6385
633, 65.1114, 11.6551
634, 65.1483, 11.6718
635, 65.1877, 11.6885
636, 65.2195, 11.7051
637, 65.2524, 11.7218
638, 65.2892, 11.7385
639, 65.3316, 11.7551
640, 65.3316, 11.7551
641, 65.3671, 11.7718
642, 65.3983, 11.7885
643, 65.4265, 11.8051
644, 65.4667, 11.8218
645, 65.5054, 11.8385
646, 65.5395, 11.8551
647, 65.573, 11.8718
648, 65.6045, 11.8885
649, 65.6455, 11.9051
650, 65.6832, 11.9218
651, 65.7183, 11.9385
652, 65.7183, 11.9385
653, 65.7564, 11.9551
654, 65.7943, 11.9718
655, 65.829, 11.9885
656, 65.8616, 12.0051
657, 65.8923, 12.0218
658, 65.928, 12.0385
659, 65.9622, 12.0551
660, 65.9978, 12.0718
661, 66.0343, 12.0885
662, 66.0723, 12.1051
663, 66.0723, 12.1051
664, 66.1089, 12.1218
665, 66.142, 12.1385
666, 66.176, 12.1551
667, 66.2105, 12.1718
668, 66.2438, 12.1885
669, 66.2744, 12.2051
670, 66.3074, 12.2218
671, 66.3453, 12.2385
672, 66.3827, 12.2551
673, 66.4195, 12.2718
674, 66.4195, 12.2718
675, 66.4548, 12.2885
676, 66.4876, 12.3051
677, 66.5156, 12.3218
678, 66.5493, 12.3385
679, 66.5854, 12.3551
680, 66.6211, 12.3718
681, 66.6521, 12.3885
682, 66.6851, 12.4051
683, 66.723, 12.4218
684, 66.723, 12.4218
685, 66.7567, 12.4385
686, 66.7851, 12.4551
687, 66.8154, 12.4718
688, 66.8512, 12.4885
689, 66.8884, 12.5051
690, 66.9247, 12.5218
691, 66.9636, 12.5385
692, 66.9912, 12.5551
693, 67.0149, 12.5718
694, 67.0149, 12.5718
695, 67.0416, 12.5885
696, 67.0806, 12.6051
697, 67.1229, 12.6218
698, 67.1609, 12.6385
699, 67.1918, 12.6551
700, 67.2229, 12.6718
701, 67.2579, 12.6885
702, 67.2953, 12.7051
703, 67.2953, 12.7051
704, 67.3321, 12.7218
705, 67.3606, 12.7385
706, 67.3893, 12.7551
707, 67.423, 12.7718
708, 67.4596, 12.7885
709, 67.4918, 12.8051
710, 67.5188, 12.8218
711, 67.5462, 12.8385
712, 67.5462, 12.8385
713, 67.5761, 12.8551
714, 67.609, 12.8718
715, 67.6467, 12.8885
716, 67.6865, 12.9051
717, 67.7237, 12.9218
718, 67.7532, 12.9385
719, 67.7783, 12.9551
720, 67.8029, 12.9718
721, 67.8029, 12.9718
722, 67.8327, 12.9885
723, 67.8634, 13.0051
724, 67.8931, 13.0218
725, 67.925, 13.0385
726, 67.9613, 13.0551
727, 67.9952, 13.0718
728, 68.0273, 13.0885
729, 68.0273, 13.0885
730, 68.0549, 13.1051
731, 68.0874, 13.1218
732, 68.1183, 13.1385
733, 68.1451, 13.1551
734, 68.1765, 13.1718
735, 68.2065, 13.1885
736, 68.2396, 13.2051
737, 68.2717, 13.2218
738, 68.2717, 13.2218
739, 68.3036, 13.2385
740, 68.336, 13.2551
741, 68.3632, 13.2718
742, 68.3911, 13.2885
743, 68.4255, 13.3051
744, 68.4594, 13.3218
745, 68.4919, 13.3385
746, 68.4919, 13.3385
747, 68.5181, 13.3551
748, 68.5489, 13.3718
749, 68.581, 13.3885
750, 68.6136, 13.4051
751, 68.645, 13.4218
752, 68.673, 13.4385
753, 68.7008, 13.4551
754, 68.7008, 13.4551
755, 68.7313, 13.4718
756, 68.7595, 13.4885
757, 68.7903, 13.5051
758, 68.8219, 13.5218
759, 68.8545, 13.5385
760, 68.8865, 13.5551
761, 68.9177, 13.5718
762, 68.9177, 13.5718
763, 68.943, 13.5885
764, 68.9619, 13.6051
765, 68.9897, 13.6218
766, 69.0211, 13.6385
767, 69.0555, 13.6551
768, 69.0827, 13.6718
769, 69.0827, 13.6718
770, 69.1106, 13.6885
771, 69.1411, 13.7051
772, 69.1742, 13.7218
773, 69.2051, 13.7385
774, 69.2308, 13.7551
775, 69.2535, 13.7718
776, 69.2875, 13.7885
777, 69.2875, 13.7885
778, 69.33, 13.8051
779, 69.3581, 13.8218
780, 69.3661, 13.8385
781, 69.3815, 13.8551
782, 69.4115, 13.8718
783, 69.4486, 13.8885
784, 69.4486, 13.8885
785, 69.4777, 13.9051
786, 69.5073, 13.9218
787, 69.5437, 13.9385
788, 69.5746, 13.9551
789, 69.6025, 13.9718
790, 69.6275, 13.9885
791, 69.6548, 14.0051
792, 69.6548, 14.0051
793, 69.6878, 14.0218
794, 69.717, 14.0385
795, 69.7402, 14.0551
796, 69.7088, 14.0718
797, 69.6651, 14.0885
798, 69.7237, 14.1051
799, 69.7237, 14.1051
800, 69.7559, 14.1218
801, 69.7447, 14.1385
802, 69.7836, 14.1551
803, 69.821, 14.1718
804, 69.8274, 14.1885
805, 69.8529, 14.2051
806, 69.8529, 14.2051
807, 69.8808, 14.2218
808, 69.8892, 14.2385
809, 69.9155, 14.2551
810, 69.9538, 14.2718
811, 69.9695, 14.2885
812, 69.9767, 14.3051
813, 69.9767, 14.3051
814, 69.997, 14.3218
815, 70.0202, 14.3385
816, 70.0402, 14.3551
817, 70.0664, 14.3718
818, 70.0916, 14.3885
819, 70.1117, 14.4051
820, 70.1117, 14.4051
821, 70.1347, 14.4218
822, 70.1596, 14.4385
823, 70.1807, 14.4551
824, 70.199, 14.4718
825, 70.2199, 14.4885
826, 70.2421, 14.5051
827, 70.2421, 14.5051
828, 70.2634, 14.5218
829, 70.2836, 14.5385
830, 70.305, 14.5551
831, 70.3263, 14.5718
832, 70.3475, 14.5885
833, 70.3696, 14.6051
834, 70.3696, 14.6051
835, 70.3914, 14.6218
836, 70.4133, 14.6385
837, 70.4366, 14.6551
838, 70.4607, 14.6718
839, 70.4809, 14.6885
840, 70.4809, 14.6885
841, 70.5014, 14.7051
842, 70.5227, 14.7218
843, 70.5447, 14.7385
844, 70.5644, 14.7551
845, 70.5809, 14.7718
846, 70.6019, 14.7885
847, 70.6019, 14.7885
848, 70.6249, 14.8051
849, 70.6488, 14.8218
850, 70.6719, 14.8385
851, 70.6909, 14.8551
852, 70.7127, 14.8718
853, 70.738, 14.8885
854, 70.738, 14.8885
855, 70.7649, 14.9051
856, 70.7818, 14.9218
857, 70.7955, 14.9385
858, 70.8124, 14.9551
859, 70.8346, 14.9718
860, 70.8346, 14.9718
861, 70.861, 14.9885
862, 70.887, 15.0051
863, 70.9005, 15.0218
864, 70.9187, 15.0385
865, 70.9447, 15.0551
866, 70.9706, 15.0718
867, 70.9706, 15.0718
868, 70.9893, 15.0885
869, 71.0108, 15.1051
870, 71.035, 15.1218
871, 71.0549, 15.1385
872, 71.0706, 15.1551
873, 71.0706, 15.1551
874, 71.089, 15.1718
875, 71.1101, 15.1885
876, 71.1267, 15.2051
877, 71.1394, 15.2218
878, 71.1482, 15.2385
879, 71.1482, 15.2385
880, 71.148, 15.2551
881, 71.1379, 15.2718
882, 71.1203, 15.2885
883, 71.0962, 15.3051
884, 71.0482, 15.3218
885, 70.9687, 15.3385
886, 70.9687, 15.3385
887, 70.8567, 15.3551
888, 70.723, 15.3718
889, 70.574, 15.3885
890, 70.3683, 15.4051
891, 70.1571, 15.4218
892, 69.9531, 15.4385
893, 69.9531, 15.4385
894, 69.7242, 15.4551
895, 69.4759, 15.4718
896, 69.1699, 15.4885
897, 68.8431, 15.5051
898, 68.5235, 15.5218
899, 68.1853, 15.5385
900, 68.1853, 15.5385
901, 67.8062, 15.5551
902, 67.4281, 15.5718
903, 67.0408, 15.5885
904, 66.6231, 15.6051
905, 66.1997, 15.6218
906, 65.7651, 15.6385
907, 65.3091, 15.6551
908, 64.8479, 15.6718
909, 64.3748, 15.6885
910, 63.8807, 15.7051
911, 63.4065, 15.7218
912, 63.4065, 15.7218
913, 62.9462, 15.7385
914, 62.494, 15.7551
915, 62.0382, 15.7718
916, 61.6096, 15.7885
917, 61.1991, 15.8051
918, 60.7688, 15.8218
919, 60.3557, 15.8385
920, 59.9288, 15.8551
921, 59.4759, 15.8718
922, 59.0386, 15.8885
923, 58.6283, 15.9051
924, 58.2266, 15.9218
925, 57.8174, 15.9385
926, 57.4445, 15.9551
927, 56.692, 15.9885
928, 56.3268, 16.0051
929, 55.9799, 16.0218
930, 55.6154, 16.0385
931, 55.2433, 16.0551
932, 54.8909, 16.0718
933, 54.5355, 16.0885
934, 54.19, 16.1051
935, 53.8501, 16.1218
936, 53.4773, 16.1385
937, 53.0966, 16.1551
938, 52.3661, 16.1885
939, 52.0099, 16.2051
940, 51.66, 16.2218
941, 51.2849, 16.2385
942, 50.922, 16.2551
943, 50.5686, 16.2718
944, 49.8711, 16.3051
945, 49.5209, 16.3218
946, 49.1619, 16.3385
947, 48.797, 16.3551
948, 48.4638, 16.3718
949, 47.8218, 16.4051
950, 47.4144, 16.4218
951, 47, 16.4385
952, 46.6475, 16.4551
953, 45.9846, 16.4885
954, 45.6121, 16.5051
955, 45.2555, 16.5218
956, 44.5139, 16.5551
957, 44.2145, 16.5718
958, 43.9409, 16.5885
959, 43.4033, 16.6218
960, 43.1612, 16.6385
961, 42.9408, 16.6551
962, 42.4809, 16.6885
963, 42.2422, 16.7051
964, 41.8165, 16.7385
965, 41.61, 16.7551
966, 41.0113, 16.7885
967, 40.7457, 16.8051
968, 40.3108, 16.8385
969, 40.0873, 16.8551
970, 39.6399, 16.8885
971, 39.404, 16.9051
972, 38.8581, 16.9385
973, 38.6186, 16.9551
974, 38.1552, 16.9885
975, 37.91, 17.0051
976, 37.4185, 17.0385
977, 37.1798, 17.0551
978, 36.6913, 17.0885
979, 36.208, 17.1218
980, 35.9774, 17.1385
981, 35.5071, 17.1718
982, 35.0329, 17.2051
983, 34.7994, 17.2218
984, 34.2057, 17.2551
985, 33.6534, 17.2885
986, 33.1796, 17.3218
987, 32.6514, 17.3551
988, 32.4124, 17.3718
989, 32.0004, 17.4051
990, 31.6499, 17.4385
991, 31.3033, 17.4718
992, 30.9613, 17.5051
993, 30.7249, 17.5385
994, 30.5567, 17.5718
995, 30.3868, 17.6051
996, 30.2376, 17.6385
997, 30.1275, 17.6718
998, 30.0233, 17.7051
999, 29.9054, 17.7385
1000, 29.778, 17.7718
1001, 29.6568, 17.8051
1002, 29.551, 17.8385
1003, 29.3777, 17.8885
1004, 29.2423, 17.9218
1005, 29.1258, 17.9551
1006, 29.015, 17.9885
1007, 28.8795, 18.0218
1008, 28.7402, 18.0551
1009, 28.6331, 18.0885
1010, 28.5416, 18.1218
1011, 28.3205, 18.1718
1012, 28.1759, 18.2051
1013, 28.0666, 18.2385
1014, 27.9528, 18.2718
1015, 27.8188, 18.3051
1016, 27.7074, 18.3385
1017, 27.5472, 18.3885
1018, 27.3991, 18.4218
1019, 27.2614, 18.4551
1020, 27.0854, 18.5051
1021, 26.9661, 18.5385
1022, 26.8114, 18.5718
1023, 26.6575, 18.6051
1024, 26.4969, 18.6551
1025, 26.4231, 18.6885
1026, 26.5305, 18.7385
1027, 26.5314, 18.7718
1028, 26.5463, 18.8051
1029, 26.5965, 18.8551
1030, 26.6736, 18.8885
1031, 26.8072, 18.9218
1032, 26.9623, 18.9718
1033, 27.0398, 19.0051
1034, 27.1154, 19.0385
1035, 27.225, 19.0718
1036, 27.4873, 19.1218
1037, 27.6262, 19.1551
1038, 27.7405, 19.1885
1039, 27.8833, 19.2218
1040, 28.0628, 19.2551
1041, 28.3216, 19.3051
1042, 28.4856, 19.3385
1043, 28.6257, 19.3718
1044, 28.7865, 19.4051
1045, 28.9832, 19.4385
1046, 29.1825, 19.4718
1047, 29.3807, 19.5051
1048, 29.5684, 19.5385
1049, 29.8586, 19.5885
1050, 30.0493, 19.6218
1051, 30.225, 19.6551
1052, 30.411, 19.6885
1053, 30.6285, 19.7218
1054, 30.8538, 19.7551
1055, 31.0669, 19.7885
1056, 31.2594, 19.8218
1057, 31.4687, 19.8551
1058, 31.5841, 19.8718
1059, 31.8039, 19.9051
1060, 32.0124, 19.9385
1061, 32.2048, 19.9718
1062, 32.4247, 20.0051
1063, 32.6485, 20.0385
1064, 32.8422, 20.0718
1065, 33.0693, 20.1051
1066, 33.2018, 20.1218
1067, 33.4608, 20.1551
1068, 33.7066, 20.1885
1069, 33.9608, 20.2218
1070, 34.2196, 20.2551
1071, 34.3578, 20.2718
1072, 34.627, 20.3051
1073, 34.8759, 20.3385
1074, 35.1066, 20.3718
1075, 35.2303, 20.3885
1076, 35.4818, 20.4218
1077, 35.7393, 20.4551
1078, 35.8624, 20.4718
1079, 36.1161, 20.5051
1080, 36.3715, 20.5385
1081, 36.5048, 20.5551
1082, 36.754, 20.5885
1083, 37.0093, 20.6218
1084, 37.1353, 20.6385
1085, 37.4065, 20.6718
1086, 37.6544, 20.7051
1087, 37.7749, 20.7218
1088, 37.9856, 20.7551
1089, 38.08, 20.7718
1090, 38.0864, 20.8051
1091, 38.2272, 20.8218
1092, 38.5504, 20.8551
1093, 38.7641, 20.8885
1094, 38.8708, 20.9051
1095, 39.0379, 20.9385
1096, 39.126, 20.9551
1097, 39.3494, 20.9885
1098, 39.4555, 21.0051
1099, 39.6485, 21.0385
1100, 39.741, 21.0551
1101, 39.9286, 21.0885
1102, 40.0264, 21.1051
1103, 40.2326, 21.1385
1104, 40.3361, 21.1551
1105, 40.5191, 21.1885
1106, 40.5965, 21.2051
1107, 40.7649, 21.2385
1108, 40.8614, 21.2551
1109, 41.0868, 21.2885
1110, 41.2003, 21.3051
1111, 41.4047, 21.3385
1112, 41.4986, 21.3551
1113, 41.5913, 21.3718
1114, 41.7742, 21.4051
1115, 41.8646, 21.4218
1116, 42.053, 21.4551
1117, 42.1478, 21.4718
1118, 42.3359, 21.5051
1119, 42.4282, 21.5218
1120, 42.5236, 21.5385
1121, 42.7249, 21.5718
1122, 42.8234, 21.5885
1123, 43.0003, 21.6218
1124, 43.0827, 21.6385
1125, 43.1704, 21.6551
1126, 43.3604, 21.6885
1127, 43.4563, 21.7051
1128, 43.6477, 21.7385
1129, 43.7515, 21.7551
1130, 43.86, 21.7718
1131, 44.0461, 21.8051
1132, 44.1154, 21.8218
1133, 44.177, 21.8385
1134, 44.3431, 21.8718
1135, 44.4511, 21.8885
1136, 44.6682, 21.9218
1137, 44.7612, 21.9385
1138, 44.8521, 21.9551
1139, 45.037, 21.9885
1140, 45.1275, 22.0051
1141, 45.2162, 22.0218
1142, 45.3955, 22.0551
1143, 45.4874, 22.0718
1144, 45.5801, 22.0885
1145, 45.6731, 22.1051
1146, 45.8444, 22.1385
1147, 45.9265, 22.1551
1148, 46.0128, 22.1718
1149, 46.1992, 22.2051
1150, 46.2907, 22.2218
1151, 46.379, 22.2385
1152, 46.5367, 22.2718
1153, 46.6026, 22.2885
1154, 46.6478, 22.3051
1155, 46.6592, 22.3218
1156, 46.5541, 22.3551
1157, 46.469, 22.3718
1158, 46.3616, 22.3885
1159, 45.9737, 22.4218
1160, 45.8116, 22.4385
1161, 45.6607, 22.4551
1162, 45.2954, 22.4885
1163, 45.0535, 22.5051
1164, 44.7964, 22.5218
1165, 44.2677, 22.5551
1166, 43.9846, 22.5718
1167, 43.6902, 22.5885
1168, 43.0164, 22.6218
1169, 42.6371, 22.6385
1170, 42.2797, 22.6551
1171, 41.6003, 22.6885
1172, 41.2505, 22.7051
1173, 40.568, 22.7385
1174, 40.2281, 22.7551
1175, 39.4178, 22.7885
1176, 39.0644, 22.8051
1177, 38.4535, 22.8385
1178, 38.1612, 22.8551
1179, 37.5759, 22.8885
1180, 36.9329, 22.9218
1181, 36.6714, 22.9385
1182, 36.206, 22.9718
1183, 36.0236, 22.9885
1184, 35.7424, 23.0218
1185, 35.4701, 23.0551
1186, 35.3471, 23.0718
1187, 35.1381, 23.1051
1188, 34.9392, 23.1385
1189, 34.774, 23.1718
1190, 34.7142, 23.1885
1191, 34.6105, 23.2218
1192, 34.4936, 23.2551
1193, 34.4318, 23.2718
1194, 34.3172, 23.3051
1195, 34.2068, 23.3385
1196, 34.1064, 23.3718
1197, 34.0675, 23.3885
1198, 34.0084, 23.4218
1199, 33.9545, 23.4551
1200, 33.9003, 23.4885
1201, 33.8749, 23.5051
1202, 33.9106, 23.5385
1203, 33.9163, 23.5718
1204, 33.8683, 23.6051
1205, 33.8572, 23.6218
1206, 33.8521, 23.6551
1207, 33.8367, 23.6885
1208, 33.8275, 23.7218
1209, 33.8374, 23.7385
1210, 33.8763, 23.7718
1211, 33.9217, 23.8051
1212, 33.972, 23.8385
1213, 34.0092, 23.8551
1214, 34.1145, 23.8885
1215, 34.2299, 23.9218
1216, 34.283, 23.9385
1217, 34.3647, 23.9718
1218, 34.4527, 24.0051
1219, 34.5641, 24.0385
1220, 34.6153, 24.0551
1221, 34.6996, 24.0885
1222, 34.7892, 24.1218
1223, 34.8435, 24.1385
1224, 34.9465, 24.1718
1225, 35.0284, 24.2051
1226, 35.071, 24.2218
1227, 35.1726, 24.2551
1228, 35.2721, 24.2885
1229, 35.3238, 24.3051
1230, 35.4103, 24.3385
1231, 35.4572, 24.3718
1232, 35.4667, 24.3885
1233, 35.5755, 24.4218
1234, 35.7998, 24.4551
1235, 35.8736, 24.4885
1236, 35.8625, 24.5051
1237, 35.8878, 24.5385
1238, 36.0402, 24.5718
1239, 36.1149, 24.5885
1240, 36.195, 24.6218
1241, 36.2821, 24.6551
1242, 36.3426, 24.6718
1243, 36.4578, 24.7051
1244, 36.5472, 24.7385
1245, 36.5915, 24.7551
1246, 36.7321, 24.7885
1247, 36.8911, 24.8218
1248, 36.941, 24.8385
1249, 37.0293, 24.8718
1250, 37.1595, 24.9051
1251, 37.2306, 24.9218
1252, 37.3623, 24.9551
1253, 37.4108, 24.9718
1254, 37.4898, 25.0051
1255, 37.5115, 25.0385
1256, 37.4955, 25.0551
1257, 37.7852, 25.0885
1258, 38.0179, 25.1218
1259, 38.1586, 25.1385
1260, 38.3563, 25.1718
1261, 38.404, 25.1885
1262, 38.5598, 25.2218
1263, 38.6612, 25.2385
1264, 38.8331, 25.2718
1265, 39.012, 25.3051
1266, 39.1223, 25.3218
1267, 39.3611, 25.3551
1268, 39.4693, 25.3718
1269, 39.6465, 25.4051
1270, 39.7048, 25.4218
1271, 39.7976, 25.4551
1272, 39.8714, 25.4718
1273, 40.1172, 25.5051
1274, 40.256, 25.5218
1275, 40.4666, 25.5551
1276, 40.5521, 25.5718
1277, 40.7189, 25.6051
1278, 40.7925, 25.6218
1279, 40.9409, 25.6551
1280, 41.0321, 25.6718
1281, 41.2517, 25.7051
1282, 41.364, 25.7218
1283, 41.561, 25.7551
1284, 41.6378, 25.7718
1285, 41.7273, 25.8051
1286, 41.7829, 25.8218
1287, 41.8691, 25.8385
1288, 42.1469, 25.8718
1289, 42.2747, 25.8885
1290, 42.4621, 25.9218
1291, 42.5511, 25.9385
1292, 42.7071, 25.9718
1293, 42.7637, 25.9885
1294, 42.8212, 26.0051
1295, 43.0041, 26.0385
1296, 43.134, 26.0551
1297, 43.3777, 26.0885
1298, 43.47, 26.1051
1299, 43.5554, 26.1218
1300, 43.7147, 26.1551
1301, 43.7787, 26.1718
1302, 43.9297, 26.2051
1303, 44.0435, 26.2218
1304, 44.171, 26.2385
1305, 44.3806, 26.2718
1306, 44.4637, 26.2885
1307, 44.5475, 26.3051
1308, 44.7233, 26.3385
1309, 44.8172, 26.3551
1310, 44.9158, 26.3718
1311, 45.1116, 26.4051
1312, 45.2011, 26.4218
1313, 45.2843, 26.4385
1314, 45.4497, 26.4718
1315, 45.5316, 26.4885
1316, 45.6156, 26.5051
1317, 45.8113, 26.5385
1318, 45.9226, 26.5551
1319, 46.0294, 26.5718
1320, 46.1954, 26.6051
1321, 46.2673, 26.6218
1322, 46.3513, 26.6385
1323, 46.5453, 26.6718
1324, 46.6349, 26.6885
1325, 46.7126, 26.7051
1326, 46.7847, 26.7218
1327, 46.9494, 26.7551
1328, 47.0467, 26.7718
1329, 47.1366, 26.7885
1330, 47.2721, 26.8218
1331, 47.3289, 26.8385
1332, 47.3731, 26.8551
1333, 47.3734, 26.8718
1334, 47.2356, 26.9051
1335, 47.1407, 26.9218
1336, 46.9989, 26.9385
1337, 46.8006, 26.9551
1338, 46.4973, 26.9885
1339, 46.3216, 27.0051
1340, 46.1427, 27.0218
1341, 45.7682, 27.0551
1342, 45.5055, 27.0718
1343, 45.2182, 27.0885
1344, 44.5483, 27.1218
1345, 44.273, 27.1385
1346, 44.0509, 27.1551
1347, 43.5141, 27.1885
1348, 43.2442, 27.2051
1349, 42.9927, 27.2218
1350, 42.5089, 27.2551
1351, 42.2376, 27.2718
1352, 41.5684, 27.3051
1353, 41.2675, 27.3218
1354, 40.9986, 27.3551
1355, 40.8414, 27.3718
1356, 40.6729, 27.3885
1357, 40.3901, 27.4218
1358, 40.2771, 27.4385
1359, 40.0532, 27.4718
1360, 39.8368, 27.4885
1361, 39.1283, 27.5218
1362, 38.8307, 27.5385
1363, 38.5441, 27.5718
1364, 38.3549, 27.6051
1365, 38.2307, 27.6218
1366, 37.938, 27.6551
1367, 37.8554, 27.6718
1368, 37.7054, 27.7051
1369, 37.5439, 27.7218
1370, 37.1977, 27.7551
1371, 36.9134, 27.7885
1372, 36.8768, 27.8051
1373, 36.9202, 27.8385
1374, 36.8555, 27.8718
1375, 36.7761, 27.8885
1376, 36.661, 27.9218
1377, 36.5857, 27.9551
1378, 36.5278, 27.9718
1379, 36.4572, 28.0051
1380, 36.4082, 28.0385
1381, 36.3865, 28.0551
1382, 36.2361, 28.0885
1383, 36.0735, 28.1051
1384, 35.9177, 28.1385
1385, 35.8683, 28.1718
1386, 35.74, 28.2051
1387, 35.6676, 28.2218
1388, 35.5506, 28.2551
1389, 35.4542, 28.2885
1390, 35.4047, 28.3051
1391, 35.2897, 28.3385
1392, 35.1768, 28.3718
1393, 35.1222, 28.3885
1394, 35.0095, 28.4218
1395, 34.8805, 28.4551
1396, 34.7603, 28.4885
1397, 34.7073, 28.5051
1398, 34.6112, 28.5385
1399, 34.5209, 28.5718
1400, 34.4172, 28.6051
1401, 34.3626, 28.6218
1402, 34.2538, 28.6551
1403, 34.1581, 28.6885
1404, 34.1148, 28.7051
1405, 34.0535, 28.7385
1406, 34.0002, 28.7718
1407, 33.94, 28.8051
1408, 33.9131, 28.8218
1409, 33.8942, 28.8551
1410, 33.8376, 28.8885
1411, 33.7083, 28.9218
1412, 33.5097, 28.9551
1413, 33.4573, 28.9718
1414, 33.368, 29.0051
1415, 33.2364, 29.0385
1416, 33.1072, 29.0718
1417, 33.0462, 29.0885
1418, 32.9044, 29.1218
1419, 32.762, 29.1551
1420, 32.6388, 29.1885
1421, 32.5162, 29.2218
1422, 32.4571, 29.2385
1423, 32.3581, 29.2718
1424, 32.2335, 29.3051
1425, 32.0831, 29.3385
1426, 31.9663, 29.3718
1427, 31.8445, 29.4051
1428, 31.7751, 29.4218
1429, 31.6393, 29.4551
1430, 31.4941, 29.4885
1431, 31.3996, 29.5218
1432, 31.3469, 29.5551
1433, 31.3006, 29.5885
1434, 31.2978, 29.6218
1435, 31.2586, 29.6551
1436, 31.2261, 29.6885
1437, 31.2095, 29.7218
1438, 31.249, 29.7551
1439, 31.2619, 29.7718
1440, 31.2788, 29.8051
1441, 31.2894, 29.8385
1442, 31.2694, 29.8718
1443, 31.2316, 29.9051
1444, 31.2123, 29.9385
1445, 31.2092, 29.9718
1446, 31.2885, 30.0051
1447, 31.3875, 30.0385
1448, 31.4141, 30.0718
1449, 31.4258, 30.1051
1450, 31.4493, 30.1385
1451, 31.4703, 30.1718
1452, 31.519, 30.2051
1453, 31.5647, 30.2218
1454, 31.8173, 30.2551
1455, 32.1557, 30.2885
1456, 32.3242, 30.3218
1457, 32.354, 30.3551
1458, 32.3944, 30.3885
1459, 32.4383, 30.4218
1460, 32.5092, 30.4551
1461, 32.5953, 30.4718
1462, 32.8311, 30.5051
1463, 33.0494, 30.5385
1464, 33.2103, 30.5718
1465, 33.3116, 30.6051
1466, 33.4306, 30.6385
1467, 33.5288, 30.6551
1468, 33.7504, 30.6885
1469, 33.9388, 30.7218
1470, 34.0898, 30.7551
1471, 34.253, 30.7885
1472, 34.3428, 30.8051
1473, 34.5059, 30.8385
1474, 34.6195, 30.8718
1475, 34.8337, 30.9051
1476, 34.9957, 30.9218
1477, 35.3211, 30.9551
1478, 35.5257, 30.9885
1479, 35.6132, 31.0051
1480, 35.8141, 31.0385
1481, 36.0655, 31.0718
1482, 36.2099, 31.0885
1483, 36.5382, 31.1218
1484, 36.8285, 31.1551
1485, 36.9447, 31.1718
1486, 37.1573, 31.2051
1487, 37.1716, 31.2385
1488, 37.3281, 31.2551
1489, 37.6182, 31.2885
1490, 37.7255, 31.3051
1491, 37.9423, 31.3385
1492, 38.1284, 31.3718
1493, 38.2472, 31.3885
1494, 38.4445, 31.4218
1495, 38.5137, 31.4385
1496, 38.689, 31.4718
1497, 38.8037, 31.4885
1498, 39.022, 31.5218
1499, 39.1987, 31.5551
1500, 39.2904, 31.5718
1501, 39.4944, 31.6051
1502, 39.599, 31.6218
1503, 39.7907, 31.6551
1504, 39.8912, 31.6718
1505, 40.1061, 31.7051
1506, 40.2038, 31.7218
1507, 40.3579, 31.7551
1508, 40.4175, 31.7718
1509, 40.583, 31.8051
1510, 40.7071, 31.8218
1511, 40.9553, 31.8551
1512, 41.049, 31.8718
1513, 41.2232, 31.9051
1514, 41.318, 31.9218
1515, 41.4151, 31.9385
1516, 41.6065, 31.9718
1517, 41.7005, 31.9885
1518, 41.8807, 32.0218
1519, 41.965, 32.0385
1520, 42.1425, 32.0718
1521, 42.2409, 32.0885
1522, 42.4483, 32.1218
1523, 42.5485, 32.1385
1524, 42.6414, 32.1551
1525, 42.8045, 32.1885
1526, 42.887, 32.2051
1527, 43.0676, 32.2385
1528, 43.1671, 32.2551
1529, 43.2679, 32.2718
1530, 43.4521, 32.3051
1531, 43.525, 32.3218
1532, 43.6455, 32.3551
1533, 43.7086, 32.3718
1534, 43.7819, 32.3885
1535, 43.9313, 32.4218
1536, 43.9864, 32.4385
1537, 44.0253, 32.4551
1538, 44.0793, 32.4885
1539, 44.0731, 32.5051
1540, 44.0113, 32.5218
1541, 43.7823, 32.5551
1542, 43.6439, 32.5718
1543, 43.2454, 32.6051
1544, 43.0577, 32.6218
1545, 42.8656, 32.6385
1546, 42.4549, 32.6718
1547, 42.2221, 32.6885
1548, 41.6783, 32.7218
1549, 41.384, 32.7385
1550, 40.8273, 32.7718
1551, 40.5496, 32.7885
1552, 40.006, 32.8218
1553, 39.7289, 32.8385
1554, 39.1355, 32.8718
1555, 38.8617, 32.8885
1556, 38.3282, 32.9218
1557, 38.0497, 32.9385
1558, 37.4376, 32.9718
1559, 37.1115, 32.9885
1560, 36.3488, 33.0218
1561, 35.6616, 33.0551
1562, 35.4035, 33.0718
1563, 34.9277, 33.1051
1564, 34.4944, 33.1385
1565, 34.1034, 33.1718
1566, 33.8921, 33.1885
1567, 33.4845, 33.2218
1568, 33.1897, 33.2551
1569, 32.9466, 33.2885
1570, 32.7577, 33.3218
1571, 32.685, 33.3385
1572, 32.5499, 33.3718
1573, 32.4123, 33.4051
1574, 32.3006, 33.4385
1575, 32.1976, 33.4718
1576, 32.081, 33.5051
1577, 31.9764, 33.5385
1578, 31.8868, 33.5718
1579, 31.785, 33.6051
1580, 31.7355, 33.6218
1581, 31.6459, 33.6551
1582, 31.5378, 33.6885
1583, 31.4104, 33.7218
1584, 31.2923, 33.7551
1585, 31.171, 33.7885
1586, 31.0598, 33.8218
1587, 30.9608, 33.8551
1588, 30.8415, 33.8885
1589, 30.7171, 33.9218
1590, 30.6659, 33.9385
1591, 30.5699, 33.9718
1592, 30.4566, 34.0051
1593, 30.34, 34.0385
1594, 30.2348, 34.0718
1595, 30.126, 34.1051
1596, 30.0101, 34.1385
1597, 29.9017, 34.1718
1598, 29.7861, 34.2051
1599, 29.65, 34.2385
1600, 29.5275, 34.2718
1601, 29.4297, 34.3051
1602, 29.32, 34.3385
1603, 29.2001, 34.3718
1604, 29.1011, 34.4051
1605, 29.0209, 34.4385
1606, 28.924, 34.4718
1607, 28.8025, 34.5051
1608, 28.6847, 34.5385
1609, 28.5616, 34.5885
1610, 28.5165, 34.6218
1611, 28.5202, 34.6551
1612, 28.5934, 34.6885
1613, 28.5299, 34.7218
1614, 28.4649, 34.7551
1615, 28.5046, 34.7885
1616, 28.6016, 34.8218
1617, 28.6836, 34.8551
1618, 28.7126, 34.8885
1619, 28.7361, 34.9218
1620, 28.8321, 34.9551
1621, 29.0104, 34.9885
1622, 29.1695, 35.0218
1623, 29.2567, 35.0551
1624, 29.4126, 35.1051
1625, 29.6066, 35.1385
1626, 29.8124, 35.1718
1627, 29.9742, 35.2051
1628, 30.1122, 35.2385
1629, 30.202, 35.2718
1630, 30.3462, 35.3051
1631, 30.6179, 35.3385
1632, 30.8594, 35.3718
1633, 31.0605, 35.4051
1634, 31.2707, 35.4385
1635, 31.475, 35.4718
1636, 31.6676, 35.5051
1637, 31.8709, 35.5385
1638, 32.0712, 35.5718
1639, 32.2547, 35.6051
1640, 32.3447, 35.6218
1641, 32.5552, 35.6551
1642, 32.8079, 35.6885
1643, 33.0444, 35.7218
1644, 33.253, 35.7551
1645, 33.4776, 35.7885
1646, 33.6059, 35.8051
1647, 33.8998, 35.8385
1648, 34.1972, 35.8718
1649, 34.4237, 35.9051
1650, 34.6421, 35.9385
1651, 34.7719, 35.9551
1652, 35.0472, 35.9885
1653, 35.3004, 36.0218
1654, 35.5534, 36.0551
1655, 35.6823, 36.0718
1656, 35.9376, 36.1051
1657, 36.1904, 36.1385
1658, 36.3108, 36.1551
1659, 36.54, 36.1885
1660, 36.7883, 36.2218
1661, 36.9183, 36.2385
1662, 37.1579, 36.2718
1663, 37.3197, 36.3051
1664, 37.4016, 36.3218
1665, 37.4256, 36.3551
1666, 37.644, 36.3718
1667, 37.8248, 36.4051
1668, 37.8875, 36.4385
1669, 38.049, 36.4551
1670, 38.4259, 36.4885
1671, 38.5283, 36.5218
1672, 38.5964, 36.5385
1673, 38.8123, 36.5718
1674, 38.9115, 36.5885
1675, 39.095, 36.6218
1676, 39.1867, 36.6385
1677, 39.341, 36.6718
1678, 39.4445, 36.6885
1679, 39.6976, 36.7218
1680, 39.8043, 36.7385
1681, 39.9945, 36.7718
1682, 40.2115, 36.8051
1683, 40.2943, 36.8218
1684, 40.4094, 36.8551
1685, 40.4899, 36.8718
1686, 40.75, 36.9051
1687, 40.8822, 36.9218
1688, 41.071, 36.9551
1689, 41.157, 36.9718
1690, 41.2553, 36.9885
1691, 41.4316, 37.0218
1692, 41.5079, 37.0385
1693, 41.6934, 37.0718
1694, 41.8107, 37.0885
1695, 42.0364, 37.1218
1696, 42.1318, 37.1385
1697, 42.311, 37.1718
1698, 42.4044, 37.1885
1699, 42.5025, 37.2051
1700, 42.6976, 37.2385
1701, 42.7923, 37.2551
1702, 42.9649, 37.2885
1703, 43.0388, 37.3051
1704, 43.1168, 37.3218
1705, 43.3425, 37.3551
1706, 43.4682, 37.3718
1707, 43.639, 37.4051
1708, 43.7031, 37.4218
1709, 43.7816, 37.4385
1710, 43.9821, 37.4718
1711, 44.0782, 37.4885
1712, 44.2607, 37.5218
1713, 44.3542, 37.5385
1714, 44.4514, 37.5551
1715, 44.6469, 37.5885
1716, 44.7428, 37.6051
1717, 44.8349, 37.6218
1718, 45.0008, 37.6551
1719, 45.0865, 37.6718
1720, 45.1762, 37.6885
1721, 45.3537, 37.7218
1722, 45.4399, 37.7385
1723, 45.5316, 37.7551
1724, 45.7304, 37.7885
1725, 45.8312, 37.8051
1726, 45.9268, 37.8218
1727, 46.107, 37.8551
1728, 46.1907, 37.8718
1729, 46.2697, 37.8885
1730, 46.3391, 37.9051
1731, 46.4665, 37.9385
1732, 46.5613, 37.9551
1733, 46.6759, 37.9718
1734, 46.9128, 38.0051
1735, 47.007, 38.0218
1736, 47.0937, 38.0385
1737, 47.1818, 38.0551
1738, 47.3384, 38.0885
1739, 47.4073, 38.1051
1740, 47.48, 38.1218
1741, 47.5638, 38.1385
1742, 47.7683, 38.1718
1743, 47.8735, 38.1885
1744, 47.974, 38.2051
1745, 48.1482, 38.2385
1746, 48.23, 38.2551
1747, 48.2999, 38.2718
1748, 48.367, 38.2885
1749, 48.4374, 38.3051
1750, 48.6141, 38.3385
1751, 48.7257, 38.3551
1752, 48.834, 38.3718
1753, 48.9315, 38.3885
1754, 49.0777, 38.4218
1755, 49.1445, 38.4385
1756, 49.2169, 38.4551
1757, 49.2944, 38.4718
1758, 49.269, 38.5051
1759, 49.3871, 38.5218
1760, 49.542, 38.5385
1761, 49.6032, 38.5551
1762, 49.6288, 38.5718
1763, 49.7896, 38.6051
1764, 49.8701, 38.6218
1765, 49.9342, 38.6385
1766, 50.01, 38.6551
1767, 50.0953, 38.6718
1768, 50.2249, 38.7051
1769, 50.2883, 38.7218
1770, 50.365, 38.7385
1771, 50.4464, 38.7551
1772, 50.5213, 38.7718
1773, 50.6592, 38.8051
1774, 50.7265, 38.8218
1775, 50.7926, 38.8385
1776, 50.8582, 38.8551
1777, 50.9248, 38.8718
1778, 51.0625, 38.9051
1779, 51.1365, 38.9218
1780, 51.218, 38.9385
1781, 51.3051, 38.9551
1782, 51.3888, 38.9718
1783, 51.4542, 38.9885
1784, 51.5312, 39.0218
1785, 51.5897, 39.0385
1786, 51.6918, 39.0551
1787, 51.7925, 39.0718
1788, 51.8686, 39.0885
1789, 51.9105, 39.1051
1790, 52.0463, 39.1385
1791, 52.1404, 39.1551
1792, 52.216, 39.1718
1793, 52.2717, 39.1885
1794, 52.3312, 39.2051
1795, 52.4008, 39.2218
1796, 52.4762, 39.2385
1797, 52.6112, 39.2718
1798, 52.6689, 39.2885
1799, 52.7278, 39.3051
1800, 52.7964, 39.3218
1801, 52.8793, 39.3385
1802, 52.9599, 39.3551
1803, 53.0267, 39.3718
1804, 53.1312, 39.4051
1805, 53.2008, 39.4218
1806, 53.2826, 39.4385
1807, 53.3605, 39.4551
1808, 53.4257, 39.4718
1809, 53.4747, 39.4885
1810, 53.5249, 39.5051
1811, 53.5837, 39.5218
1812, 53.7306, 39.5551
1813, 53.8014, 39.5718
1814, 53.8642, 39.5885
1815, 53.9251, 39.6051
1816, 53.9901, 39.6218
1817, 54.0601, 39.6385
1818, 54.1327, 39.6551
1819, 54.2015, 39.6718
1820, 54.2707, 39.6885
1821, 54.4031, 39.7218
1822, 54.4606, 39.7385
1823, 54.5183, 39.7551
1824, 54.5859, 39.7718
1825, 54.6574, 39.7885
1826, 54.7208, 39.8051
1827, 54.7697, 39.8218
1828, 54.8195, 39.8385
1829, 54.8943, 39.8551
1830, 55.0744, 39.8885
1831, 55.1357, 39.9051
1832, 55.1746, 39.9218
1833, 55.2157, 39.9385
1834, 55.2703, 39.9551
1835, 55.3303, 39.9718
1836, 55.4063, 39.9885
1837, 55.4811, 40.0051
1838, 55.549, 40.0218
1839, 55.6092, 40.0385
1840, 55.6645, 40.0551
1841, 55.7287, 40.0718
1842, 55.8699, 40.1051
1843, 55.9288, 40.1218
1844, 55.9868, 40.1385
1845, 56.0502, 40.1551
1846, 56.1151, 40.1718
1847, 56.1767, 40.1885
1848, 56.2331, 40.2051
1849, 56.2868, 40.2218
1850, 56.3388, 40.2385
1851, 56.3956, 40.2551
1852, 56.4611, 40.2718
1853, 56.5287, 40.2885
1854, 56.5952, 40.3051
1855, 56.7117, 40.3385
1856, 56.7713, 40.3551
1857, 56.8307, 40.3718
1858, 56.886, 40.3885
1859, 56.939, 40.4051
1860, 56.9954, 40.4218
1861, 57.0578, 40.4385
1862, 57.1218, 40.4551
1863, 57.1831, 40.4718
1864, 57.24, 40.4885
1865, 57.2945, 40.5051
1866, 57.3485, 40.5218
1867, 57.4034, 40.5385
1868, 57.4604, 40.5551
1869, 57.521, 40.5718
1870, 57.5845, 40.5885
1871, 57.6469, 40.6051
1872, 57.6336, 40.6218
1873, 57.6478, 40.6551
1874, 57.7401, 40.6718
1875, 57.7903, 40.6885
1876, 57.8187, 40.7051
1877, 57.8776, 40.7218
1878, 57.9454, 40.7385
1879, 57.992, 40.7551
1880, 58.0338, 40.7718
1881, 58.0893, 40.7885
1882, 58.1468, 40.8051
1883, 58.1927, 40.8218
1884, 58.2347, 40.8385
1885, 58.2832, 40.8551
1886, 58.3343, 40.8718
1887, 58.3811, 40.8885
1888, 58.4279, 40.9051
1889, 58.4802, 40.9218
1890, 58.5365, 40.9385
1891, 58.5886, 40.9551
1892, 58.6394, 40.9718
1893, 58.6912, 40.9885
1894, 58.7442, 41.0051
1895, 58.7935, 41.0218
1896, 58.838, 41.0385
1897, 58.8817, 41.0551
1898, 58.9287, 41.0718
1899, 58.9789, 41.0885
1900, 59.0295, 41.1051
1901, 59.0806, 41.1218
1902, 59.1849, 41.1551
1903, 59.2355, 41.1718
1904, 59.2859, 41.1885
1905, 59.3363, 41.2051
1906, 59.3857, 41.2218
1907, 59.4354, 41.2385
1908, 59.4845, 41.2551
1909, 59.5331, 41.2718
1910, 59.5833, 41.2885
1911, 59.6336, 41.3051
1912, 59.6836, 41.3218
1913, 59.732, 41.3385
1914, 59.7805, 41.3551
1915, 59.8319, 41.3718
1916, 59.8855, 41.3885
1917, 59.9389, 41.4051
1918, 59.9901, 41.4218
1919, 60.0393, 41.4385
1920, 60.0894, 41.4551
1921, 60.1399, 41.4718
1922, 60.1913, 41.4885
1923, 60.2426, 41.5051
1924, 60.2932, 41.5218
1925, 60.3421, 41.5385
1926, 60.3913, 41.5551
1927, 60.4415, 41.5718
1928, 60.4921, 41.5885
1929, 60.5422, 41.6051
1930, 60.5914, 41.6218
1931, 60.6409, 41.6385
1932, 60.6847, 41.6551
1933, 60.7249, 41.6718
1934, 60.7693, 41.6885
1935, 60.824, 41.7051
1936, 60.8795, 41.7218
1937, 60.9312, 41.7385
1938, 60.9773, 41.7551
1939, 61.0266, 41.7718
1940, 61.079, 41.7885
1941, 61.1272, 41.8051
1942, 61.1679, 41.8218
1943, 61.2096, 41.8385
1944, 61.2541, 41.8551
1945, 61.3021, 41.8718
1946, 61.3021, 41.8718
1947, 61.3491, 41.8885
1948, 61.3978, 41.9051
1949, 61.4471, 41.9218
1950, 61.4961, 41.9385
1951, 61.5437, 41.9551
1952, 61.5895, 41.9718
1953, 61.6356, 41.9885
1954, 61.6818, 42.0051
1955, 61.7294, 42.0218
1956, 61.7752, 42.0385
1957, 61.8204, 42.0551
1958, 61.8661, 42.0718
1959, 61.9125, 42.0885
1960, 61.9571, 42.1051
1961, 61.9994, 42.1218
1962, 62.0409, 42.1385
1963, 62.085, 42.1551
1964, 62.1293, 42.1718
1965, 62.1731, 42.1885
1966, 62.2172, 42.2051
1967, 62.2616, 42.2218
1968, 62.3061, 42.2385
1969, 62.3497, 42.2551
1970, 62.3931, 42.2718
1971, 62.436, 42.2885
1972, 62.4772, 42.3051
1973, 62.5174, 42.3218
1974, 62.5588, 42.3385
1975, 62.6024, 42.3551
1976, 62.6468, 42.3718
1977, 62.6894, 42.3885
1978, 62.7291, 42.4051
1979, 62.7291, 42.4051
1980, 62.7707, 42.4218
1981, 62.8136, 42.4385
1982, 62.8579, 42.4551
1983, 62.9019, 42.4718
1984, 62.9474, 42.4885
1985, 62.993, 42.5051
1986, 63.038, 42.5218
1987, 63.0825, 42.5385
1988, 63.1273, 42.5551
1989, 63.1721, 42.5718
1990, 63.2157, 42.5885
1991, 63.2564, 42.6051
1992, 63.299, 42.6218
1993, 63.3447, 42.6385
1994, 63.3922, 42.6551
1995, 63.4377, 42.6718
1996, 63.4801, 42.6885
1997, 63.5209, 42.7051
1998, 63.5615, 42.7218
1999, 63.6029, 42.7385
2000, 63.6029, 42.7385
2001, 63.6452, 42.7551
2002, 63.6887, 42.7718
2003, 63.7345, 42.7885
2004, 63.7823, 42.8051
2005, 63.8296, 42.8218
2006, 63.874, 42.8385
2007, 63.9159, 42.8551
2008, 63.9585, 42.8718
2009, 64.0034, 42.8885
2010, 64.0482, 42.9051
2011, 64.0913, 42.9218
2012, 64.1329, 42.9385
2013, 64.1739, 42.9551
2014, 64.2137, 42.9718
2015, 64.2567, 42.9885
2016, 64.3038, 43.0051
2017, 64.3038, 43.0051
2018, 64.3509, 43.0218
2019, 64.3964, 43.0385
2020, 64.4384, 43.0551
2021, 64.4788, 43.0718
2022, 64.5194, 43.0885
2023, 64.5614, 43.1051
2024, 64.601, 43.1218
2025, 64.5695, 43.1385
2026, 64.5282, 43.1551
2027, 64.5833, 43.1718
2028, 64.6642, 43.1885
2029, 64.6794, 43.2051
2030, 64.6908, 43.2218
2031, 64.6908, 43.2218
2032, 64.7482, 43.2385
2033, 64.7983, 43.2551
2034, 64.8165, 43.2718
2035, 64.8439, 43.2885
2036, 64.8891, 43.3051
2037, 64.9233, 43.3218
2038, 64.9482, 43.3385
2039, 64.9852, 43.3551
2040, 65.0271, 43.3718
2041, 65.0599, 43.3885
2042, 65.0922, 43.4051
2043, 65.1301, 43.4218
2044, 65.1658, 43.4385
2045, 65.1658, 43.4385
2046, 65.1964, 43.4551
2047, 65.23, 43.4718
2048, 65.2692, 43.4885
2049, 65.307, 43.5051
2050, 65.3429, 43.5218
2051, 65.3782, 43.5385
2052, 65.4118, 43.5551
2053, 65.4431, 43.5718
2054, 65.4772, 43.5885
2055, 65.516, 43.6051
2056, 65.5558, 43.6218
2057, 65.5939, 43.6385
2058, 65.5939, 43.6385
2059, 65.6302, 43.6551
2060, 65.6635, 43.6718
2061, 65.6932, 43.6885
2062, 65.7279, 43.7051
2063, 65.7682, 43.7218
2064, 65.81, 43.7385
2065, 65.8462, 43.7551
2066, 65.8757, 43.7718
2067, 65.9052, 43.7885
2068, 65.9375, 43.8051
2069, 65.9375, 43.8051
2070, 65.9708, 43.8218
2071, 66.0056, 43.8385
2072, 66.0408, 43.8551
2073, 66.0753, 43.8718
2074, 66.111, 43.8885
2075, 66.1459, 43.9051
2076, 66.1793, 43.9218
2077, 66.2124, 43.9385
2078, 66.2451, 43.9551
2079, 66.2772, 43.9718
2080, 66.3083, 43.9885
2081, 66.3083, 43.9885
2082, 66.3404, 44.0051
2083, 66.3717, 44.0218
2084, 66.4028, 44.0385
2085, 66.4354, 44.0551
2086, 66.4695, 44.0718
2087, 66.5034, 44.0885
2088, 66.5349, 44.1051
2089, 66.5662, 44.1218
2090, 66.6003, 44.1385
2091, 66.6351, 44.1551
2092, 66.6351, 44.1551
2093, 66.668, 44.1718
2094, 66.7002, 44.1885
2095, 66.7332, 44.2051
2096, 66.7653, 44.2218
2097, 66.7951, 44.2385
2098, 66.8249, 44.2551
2099, 66.858, 44.2718
2100, 66.8943, 44.2885
2101, 66.8943, 44.2885
2102, 66.9314, 44.3051
2103, 66.9666, 44.3218
2104, 67.0001, 44.3385
2105, 67.0349, 44.3551
2106, 67.0707, 44.3718
2107, 67.1031, 44.3885
2108, 67.1343, 44.4051
2109, 67.1676, 44.4218
2110, 67.2024, 44.4385
2111, 67.2024, 44.4385
2112, 67.2367, 44.4551
2113, 67.2688, 44.4718
2114, 67.3014, 44.4885
2115, 67.335, 44.5051
2116, 67.3686, 44.5218
2117, 67.4019, 44.5385
2118, 67.4354, 44.5551
2119, 67.4686, 44.5718
2120, 67.4686, 44.5718
2121, 67.5026, 44.5885
2122, 67.5371, 44.6051
2123, 67.5688, 44.6218
2124, 67.5955, 44.6385
2125, 67.6217, 44.6551
2126, 67.6529, 44.6718
2127, 67.6883, 44.6885
2128, 67.7207, 44.7051
2129, 67.7207, 44.7051
2130, 67.7511, 44.7218
2131, 67.7833, 44.7385
2132, 67.8164, 44.7551
2133, 67.8491, 44.7718
2134, 67.8801, 44.7885
2135, 67.9122, 44.8051
2136, 67.9448, 44.8218
2137, 67.9752, 44.8385
2138, 67.9752, 44.8385
2139, 68.0019, 44.8551
2140, 68.0266, 44.8718
2141, 68.0543, 44.8885
2142, 68.0831, 44.9051
2143, 68.1102, 44.9218
2144, 68.1386, 44.9385
2145, 68.1682, 44.9551
2146, 68.1988, 44.9718
2147, 68.1988, 44.9718
2148, 68.2283, 44.9885
2149, 68.2555, 45.0051
2150, 68.2824, 45.0218
2151, 68.3107, 45.0385
2152, 68.3397, 45.0551
2153, 68.3672, 45.0718
2154, 68.394, 45.0885
2155, 68.4194, 45.1051
2156, 68.4194, 45.1051
2157, 68.4452, 45.1218
2158, 68.4737, 45.1385
2159, 68.5028, 45.1551
2160, 68.5319, 45.1718
2161, 68.5549, 45.1885
2162, 68.5728, 45.2051
2163, 68.5961, 45.2218
2164, 68.6281, 45.2385
2165, 68.6281, 45.2385
2166, 68.6599, 45.2551
2167, 68.6877, 45.2718
2168, 68.7166, 45.2885
2169, 68.7483, 45.3051
2170, 68.7788, 45.3218
2171, 68.8048, 45.3385
2172, 68.8291, 45.3551
2173, 68.8291, 45.3551
2174, 68.855, 45.3718
2175, 68.8837, 45.3885
2176, 68.9107, 45.4051
2177, 68.9381, 45.4218
2178, 68.9702, 45.4385
2179, 69.0035, 45.4551
2180, 69.036, 45.4718
2181, 69.036, 45.4718
2182, 69.0649, 45.4885
2183, 69.0903, 45.5051
2184, 69.1158, 45.5218
2185, 69.1428, 45.5385
2186, 69.1713, 45.5551
2187, 69.2008, 45.5718
2188, 69.2305, 45.5885
2189, 69.2305, 45.5885
2190, 69.2578, 45.6051
2191, 69.2827, 45.6218
2192, 69.309, 45.6385
2193, 69.338, 45.6551
2194, 69.3668, 45.6718
2195, 69.394, 45.6885
2196, 69.394, 45.6885
2197, 69.4197, 45.7051
2198, 69.4449, 45.7218
2199, 69.472, 45.7385
2200, 69.4979, 45.7551
2201, 69.5259, 45.7718
2202, 69.5524, 45.7885
2203, 69.577, 45.8051
2204, 69.577, 45.8051
2205, 69.6046, 45.8218
2206, 69.6333, 45.8385
2207, 69.6596, 45.8551
2208, 69.6866, 45.8718
2209, 69.7156, 45.8885
2210, 69.7459, 45.9051
2211, 69.772, 45.9218
2212, 69.772, 45.9218
2213, 69.794, 45.9385
2214, 69.8153, 45.9551
2215, 69.8408, 45.9718
2216, 69.8673, 45.9885
2217, 69.8954, 46.0051
2218, 69.9249, 46.0218
2219, 69.9249, 46.0218
2220, 69.9535, 46.0385
2221, 69.9798, 46.0551
2222, 70.0062, 46.0718
2223, 70.0335, 46.0885
2224, 70.0603, 46.1051
2225, 70.0832, 46.1218
2226, 70.1045, 46.1385
2227, 70.1045, 46.1385
2228, 70.1292, 46.1551
2229, 70.155, 46.1718
2230, 70.1779, 46.1885
2231, 70.2048, 46.2051
2232, 70.2353, 46.2218
2233, 70.2646, 46.2385
2234, 70.2646, 46.2385
2235, 70.2912, 46.2551
2236, 70.3176, 46.2718
2237, 70.3461, 46.2885
2238, 70.3734, 46.3051
2239, 70.3981, 46.3218
2240, 70.4238, 46.3385
2241, 70.4238, 46.3385
2242, 70.4503, 46.3551
2243, 70.4731, 46.3718
2244, 70.4917, 46.3885
2245, 70.5071, 46.4051
2246, 70.517, 46.4218
2247, 70.5194, 46.4385
2248, 70.5194, 46.4385
2249, 70.5184, 46.4551
2250, 70.5101, 46.4718
2251, 70.4865, 46.4885
2252, 70.4365, 46.5051
2253, 70.358, 46.5218
2254, 70.2455, 46.5385
2255, 70.2455, 46.5385
2256, 70.1166, 46.5551
2257, 69.9732, 46.5718
2258, 69.7578, 46.5885
2259, 69.5411, 46.6051
2260, 69.3542, 46.6218
2261, 69.15, 46.6385
2262, 69.15, 46.6385
2263, 68.9218, 46.6551
2264, 68.6415, 46.6718
2265, 68.3606, 46.6885
2266, 68.0866, 46.7051
2267, 67.7881, 46.7218
2268, 67.4569, 46.7385
2269, 67.1126, 46.7551
2270, 66.7584, 46.7718
2271, 66.7584, 46.7718
2272, 66.3829, 46.7885
2273, 65.9884, 46.8051
2274, 65.5805, 46.8218
2275, 65.1636, 46.8385
2276, 64.741, 46.8551
2277, 64.3191, 46.8718
2278, 63.8969, 46.8885
2279, 63.4797, 46.9051
2280, 63.0661, 46.9218
2281, 62.6457, 46.9385
2282, 62.2271, 46.9551
2283, 61.8223, 46.9718
2284, 61.4296, 46.9885
2285, 61.0369, 47.0051
2286, 60.5939, 47.0218
2287, 60.1525, 47.0385
2288, 59.7469, 47.0551
2289, 59.3454, 47.0718
2290, 58.9469, 47.0885
2291, 58.5479, 47.1051
2292, 58.1463, 47.1218
2293, 57.7215, 47.1385
2294, 57.2758, 47.1551
2295, 56.853, 47.1718
2296, 56.448, 47.1885
2297, 56.0353, 47.2051
2298, 55.6116, 47.2218
2299, 55.2048, 47.2385
2300, 54.8106, 47.2551
2301, 54.4143, 47.2718
2302, 54.017, 47.2885
2303, 53.6073, 47.3051
2304, 52.7784, 47.3385
2305, 52.3809, 47.3551
2306, 51.995, 47.3718
2307, 51.6192, 47.3885
2308, 51.2375, 47.4051
2309, 50.8458, 47.4218
2310, 50.4597, 47.4385
2311, 49.7007, 47.4718
2312, 49.3139, 47.4885
2313, 48.919, 47.5051
2314, 48.5282, 47.5218
2315, 47.7429, 47.5551
2316, 47.3513, 47.5718
2317, 46.9705, 47.5885
2318, 46.5762, 47.6051
2319, 45.7551, 47.6385
2320, 45.3555, 47.6551
2321, 44.9683, 47.6718
2322, 44.2445, 47.7051
2323, 43.886, 47.7218
2324, 43.5063, 47.7385
2325, 42.7499, 47.7718
2326, 42.3833, 47.7885
2327, 41.6474, 47.8218
2328, 41.2662, 47.8385
2329, 40.8845, 47.8551
2330, 40.148, 47.8885
2331, 39.7808, 47.9051
2332, 39.0679, 47.9385
2333, 38.7291, 47.9551
2334, 38.0677, 47.9885
2335, 37.3954, 48.0218
2336, 37.0809, 48.0385
2337, 36.4867, 48.0718
2338, 35.9667, 48.1051
2339, 35.7, 48.1218
2340, 35.2373, 48.1551
2341, 34.8465, 48.1885
2342, 34.6359, 48.2051
2343, 34.2827, 48.2385
2344, 33.9805, 48.2718
2345, 33.6777, 48.3051
2346, 33.5311, 48.3218
2347, 33.2489, 48.3551
2348, 32.992, 48.3885
2349, 32.7734, 48.4218
2350, 32.5886, 48.4551
2351, 32.4361, 48.4885
2352, 32.3698, 48.5051
2353, 32.2471, 48.5385
2354, 32.1371, 48.5718
2355, 32.024, 48.6051
2356, 31.9082, 48.6385
2357, 31.8024, 48.6718
2358, 31.6999, 48.7051
2359, 31.647, 48.7218
2360, 31.5411, 48.7551
2361, 31.4375, 48.7885
2362, 31.3278, 48.8218
2363, 31.2142, 48.8551
2364, 31.1019, 48.8885
2365, 30.9924, 48.9218
2366, 30.8927, 48.9551
2367, 30.8107, 48.9885
2368, 30.7736, 49.0051
2369, 30.6976, 49.0385
2370, 30.5737, 49.0718
2371, 30.4073, 49.1051
2372, 30.2661, 49.1385
2373, 30.1553, 49.1718
2374, 30.0509, 49.2051
2375, 29.9466, 49.2385
2376, 29.8254, 49.2718
2377, 29.7369, 49.3051
2378, 29.6602, 49.3385
2379, 29.5239, 49.3718
2380, 29.3561, 49.4051
2381, 29.24, 49.4385
2382, 29.0917, 49.4718
2383, 28.8927, 49.5051
2384, 28.7906, 49.5385
2385, 28.7133, 49.5718
2386, 28.6442, 49.6051
2387, 28.5989, 49.6385
2388, 28.5761, 49.6718
2389, 28.7051, 49.7218
2390, 28.7473, 49.7551
2391, 28.8645, 49.7885
2392, 28.9803, 49.8218
2393, 29.1028, 49.8551
2394, 29.2414, 49.8885
2395, 29.3812, 49.9218
2396, 29.5071, 49.9551
2397, 29.6511, 49.9885
2398, 29.9047, 50.0385
2399, 30.0191, 50.0718
2400, 30.1192, 50.1051
2401, 30.3392, 50.1385
2402, 30.591, 50.1718
2403, 30.7128, 50.2051
2404, 30.8401, 50.2385
2405, 31.0351, 50.2718
2406, 31.1889, 50.3051
2407, 31.32, 50.3385
2408, 31.5047, 50.3718
2409, 31.6903, 50.4051
2410, 31.8163, 50.4385
2411, 31.9274, 50.4718
2412, 31.9962, 50.4885
2413, 32.1625, 50.5218
2414, 32.3471, 50.5551
2415, 32.5258, 50.5885
2416, 32.6617, 50.6218
2417, 32.7582, 50.6551
2418, 32.8679, 50.6885
2419, 33.0296, 50.7218
2420, 33.2062, 50.7551
2421, 33.3466, 50.7885
2422, 33.4104, 50.8051
2423, 33.556, 50.8385
2424, 33.7054, 50.8718
2425, 33.8279, 50.9051
2426, 33.9529, 50.9385
2427, 34.0263, 50.9551
2428, 34.1775, 50.9885
2429, 34.3157, 51.0218
2430, 34.4413, 51.0551
2431, 34.5818, 51.0885
2432, 34.6571, 51.1051
2433, 34.7994, 51.1385
2434, 34.9465, 51.1718
2435, 35.1058, 51.2051
2436, 35.1955, 51.2218
2437, 35.4033, 51.2551
2438, 35.6103, 51.2885
2439, 35.7145, 51.3051
2440, 35.9406, 51.3385
2441, 36.1833, 51.3718
2442, 36.3057, 51.4051
2443, 36.2934, 51.4218
2444, 36.5565, 51.4551
2445, 36.842, 51.4885
2446, 37.0039, 51.5051
2447, 37.1516, 51.5385
2448, 37.2784, 51.5718
2449, 37.3941, 51.5885
2450, 37.5849, 51.6218
2451, 37.6616, 51.6385
2452, 37.8523, 51.6718
2453, 38.0318, 51.7051
2454, 38.1012, 51.7218
2455, 38.2701, 51.7551
2456, 38.3934, 51.7718
2457, 38.6259, 51.8051
2458, 38.7776, 51.8385
2459, 38.8609, 51.8551
2460, 39.0284, 51.8885
2461, 39.1158, 51.9051
2462, 39.3006, 51.9385
2463, 39.3616, 51.9551
2464, 39.3417, 51.9885
2465, 39.3037, 52.0051
2466, 39.1191, 52.0385
2467, 38.9207, 52.0718
2468, 38.8444, 52.0885
2469, 38.6487, 52.1218
2470, 38.5103, 52.1385
2471, 38.2444, 52.1718
2472, 38.1011, 52.1885
2473, 37.7465, 52.2218
2474, 37.3547, 52.2551
2475, 37.1431, 52.2718
2476, 36.6548, 52.3051
2477, 36.4079, 52.3218
2478, 35.9218, 52.3551
2479, 35.44, 52.3885
2480, 35.2136, 52.4051
2481, 34.7312, 52.4385
2482, 34.202, 52.4718
2483, 33.7934, 52.5051
2484, 33.6201, 52.5218
2485, 33.3977, 52.5551
2486, 33.2027, 52.5885
2487, 32.954, 52.6218
2488, 32.7428, 52.6551
2489, 32.6504, 52.6718
2490, 32.4667, 52.7051
2491, 32.2835, 52.7385
2492, 32.1125, 52.7718
2493, 31.944, 52.8051
2494, 31.7821, 52.8385
2495, 31.6487, 52.8718
2496, 31.5941, 52.8885
2497, 31.5013, 52.9218
2498, 31.4202, 52.9551
2499, 31.3331, 52.9885
2500, 31.2386, 53.0218
2501, 31.1581, 53.0551
2502, 31.0606, 53.0885
2503, 30.9414, 53.1218
2504, 30.8393, 53.1551
2505, 30.7522, 53.1885
2506, 30.656, 53.2218
2507, 30.5604, 53.2551
2508, 30.4664, 53.2885
2509, 30.3565, 53.3218
2510, 30.2352, 53.3551
2511, 30.1221, 53.3885
2512, 30.0088, 53.4218
2513, 29.8609, 53.4551
2514, 29.6995, 53.4885
2515, 29.5732, 53.5218
2516, 29.4478, 53.5551
2517, 29.2714, 53.5885
2518, 29.0619, 53.6218
2519, 28.863, 53.6551
2520, 28.6136, 53.6885
2521, 28.3358, 53.7218
2522, 28.0125, 53.7718
2523, 27.8335, 53.8051
2524, 27.6612, 53.8385
2525, 27.5027, 53.8718
2526, 27.3502, 53.9051
2527, 27.2261, 53.9385
2528, 27.034, 53.9885
2529, 26.8357, 54.0218
2530, 26.6725, 54.0551
2531, 26.4504, 54.1051
2532, 26.2627, 54.1385
2533, 26.1359, 54.1718
2534, 25.9881, 54.2218
2535, 25.9708, 54.2551
2536, 26.0001, 54.2885
2537, 25.9748, 54.3385
2538, 25.9939, 54.3718
2539, 26.0472, 54.4051
2540, 26.1442, 54.4551
2541, 26.1855, 54.4885
2542, 26.2015, 54.5218
2543, 26.3165, 54.5718
2544, 26.5208, 54.6051
2545, 26.6713, 54.6385
2546, 26.7927, 54.6885
2547, 26.853, 54.7218
2548, 26.9891, 54.7551
2549, 27.1871, 54.7885
2550, 27.4063, 54.8385
2551, 27.4777, 54.8718
2552, 27.5046, 54.9051
2553, 27.5811, 54.9385
2554, 27.6773, 54.9718
2555, 27.8641, 55.0218
2556, 28.0018, 55.0551
2557, 28.0441, 55.0885
2558, 28.0451, 55.1218
2559, 28.073, 55.1551
2560, 28.1653, 55.1885
2561, 28.3992, 55.2385
2562, 28.5924, 55.2718
2563, 28.8537, 55.3051
2564, 29.085, 55.3385
2565, 29.2563, 55.3718
2566, 29.4602, 55.4051
2567, 29.8002, 55.4385
2568, 30.1779, 55.4718
2569, 30.4811, 55.5051
2570, 30.7297, 55.5385
2571, 31.0027, 55.5718
2572, 31.3068, 55.6051
2573, 31.6059, 55.6385
2574, 31.888, 55.6718
2575, 32.1516, 55.7051
2576, 32.2688, 55.7218
2577, 32.4604, 55.7551
2578, 32.6737, 55.7885
2579, 32.9583, 55.8218
2580, 33.2355, 55.8551
2581, 33.5155, 55.8885
2582, 33.6592, 55.9051
2583, 33.9367, 55.9385
2584, 34.1831, 55.9718
2585, 34.4176, 56.0051
2586, 34.5271, 56.0218
2587, 34.7738, 56.0551
2588, 35.0816, 56.0885
2589, 35.3794, 56.1218
2590, 35.4884, 56.1385
2591, 35.6825, 56.1718
2592, 35.931, 56.2051
2593, 36.0764, 56.2218
2594, 36.3111, 56.2551
2595, 36.5223, 56.2885
2596, 36.6372, 56.3051
2597, 36.8958, 56.3385
2598, 36.9239, 56.3551
2599, 37.1454, 56.3885
2600, 37.4454, 56.4218
2601, 37.5418, 56.4385
2602, 37.6989, 56.4718
2603, 37.7848, 56.4885
2604, 37.9714, 56.5218
2605, 38.1754, 56.5551
2606, 38.2769, 56.5718
2607, 38.456, 56.6051
2608, 38.5349, 56.6218
2609, 38.726, 56.6551
2610, 38.8351, 56.6718
2611, 39.0373, 56.7051
2612, 39.121, 56.7218
2613, 39.2762, 56.7551
2614, 39.4255, 56.7885
2615, 39.4671, 56.8051
2616, 39.4386, 56.8385
2617, 39.4051, 56.8551
2618, 39.2168, 56.8885
2619, 39.1398, 56.9051
2620, 39.0795, 56.9385
2621, 39.0323, 56.9551
2622, 38.914, 56.9885
2623, 38.8684, 57.0051
2624, 38.7799, 57.0385
2625, 38.7257, 57.0551
2626, 38.61, 57.0885
2627, 38.5129, 57.1218
2628, 38.4661, 57.1385
2629, 38.3604, 57.1718
2630, 38.3044, 57.1885
2631, 38.2047, 57.2218
2632, 38.1516, 57.2385
2633, 38.0369, 57.2718
2634, 37.9316, 57.3051
2635, 37.8786, 57.3218
2636, 37.7778, 57.3551
2637, 37.7313, 57.3718
2638, 37.6369, 57.4051
2639, 37.5859, 57.4218
2640, 37.4483, 57.4551
2641, 37.3114, 57.4885
2642, 37.249, 57.5051
2643, 37.1211, 57.5385
2644, 36.9993, 57.5718
2645, 36.9438, 57.5885
2646, 36.8274, 57.6218
2647, 36.7742, 57.6385
2648, 36.6911, 57.6718
2649, 36.6098, 57.7051
2650, 36.5964, 57.7218
2651, 36.6249, 57.7551
2652, 36.5886, 57.7885
2653, 36.5958, 57.8051
2654, 36.6201, 57.8385
2655, 36.6229, 57.8551
2656, 36.6456, 57.8885
2657, 36.6789, 57.9218
2658, 36.7039, 57.9385
2659, 36.7621, 57.9718
2660, 36.8102, 58.0051
2661, 36.8305, 58.0218
2662, 36.9027, 58.0551
2663, 37.003, 58.0885
2664, 37.0345, 58.1051
2665, 37.0837, 58.1385
2666, 37.121, 58.1551
2667, 37.1912, 58.1885
2668, 37.2218, 58.2218
2669, 37.2391, 58.2385
2670, 37.2494, 58.2718
2671, 37.2506, 58.2885
2672, 37.3332, 58.3218
2673, 37.5119, 58.3551
2674, 37.565, 58.3718
2675, 37.576, 58.4051
2676, 37.5544, 58.4218
2677, 37.4914, 58.4551
2678, 37.4622, 58.4718
2679, 37.4659, 58.5051
2680, 37.5749, 58.5218
2681, 37.823, 58.5551
2682, 37.8469, 58.5885
2683, 37.841, 58.6051
2684, 37.948, 58.6385
2685, 37.9873, 58.6551
2686, 37.9917, 58.6885
2687, 38.0142, 58.7051
2688, 38.0823, 58.7385
2689, 38.1312, 58.7718
2690, 38.1705, 58.7885
2691, 38.2794, 58.8218
2692, 38.3337, 58.8385
2693, 38.4388, 58.8718
2694, 38.486, 58.8885
2695, 38.5873, 58.9218
2696, 38.6534, 58.9385
2697, 38.7966, 58.9718
2698, 38.8485, 58.9885
2699, 38.9221, 59.0218
2700, 38.973, 59.0385
2701, 39.1452, 59.0718
2702, 39.3098, 59.1051
2703, 39.3591, 59.1218
2704, 39.4568, 59.1551
2705, 39.5132, 59.1718
2706, 39.54, 59.2051
2707, 39.5206, 59.2218
2708, 39.3989, 59.2551
2709, 39.3113, 59.2718
2710, 39.226, 59.3051
2711, 39.1863, 59.3218
2712, 39.0662, 59.3551
2713, 39.0177, 59.3718
2714, 38.9295, 59.4051
2715, 38.8802, 59.4218
2716, 38.8263, 59.4551
2717, 38.797, 59.4718
2718, 38.4957, 59.5051
2719, 38.3693, 59.5218
2720, 38.2775, 59.5551
2721, 38.1458, 59.5885
2722, 38.0572, 59.6051
2723, 37.9101, 59.6385
2724, 37.8426, 59.6551
2725, 37.6943, 59.6885
2726, 37.5525, 59.7218
2727, 37.4936, 59.7385
2728, 37.3924, 59.7718
2729, 37.3371, 59.7885
2730, 37.1769, 59.8218
2731, 36.9935, 59.8551
2732, 36.9217, 59.8718
2733, 36.7887, 59.9051
2734, 36.6462, 59.9385
2735, 36.5748, 59.9551
2736, 36.4517, 59.9885
2737, 36.3409, 60.0218
2738, 36.2759, 60.0385
2739, 36.1281, 60.0718
2740, 36.0581, 60.0885
2741, 35.9283, 60.1218
2742, 35.7812, 60.1551
2743, 35.6439, 60.1885
2744, 35.5869, 60.2051
2745, 35.4758, 60.2385
2746, 35.3439, 60.2718
2747, 35.2749, 60.2885
2748, 35.1473, 60.3218
2749, 35.0184, 60.3551
2750, 34.9522, 60.3718
2751, 34.8289, 60.4051
2752, 34.7084, 60.4385
2753, 34.6104, 60.4718
2754, 34.5657, 60.4885
2755, 34.4856, 60.5218
2756, 34.4211, 60.5551
2757, 34.3797, 60.5885
2758, 34.3554, 60.6051
2759, 34.2477, 60.6385
2760, 34.095, 60.6718
2761, 34.0016, 60.7051
2762, 33.9658, 60.7218
2763, 33.8773, 60.7551
2764, 33.7465, 60.7885
2765, 33.6038, 60.8218
2766, 33.5324, 60.8385
2767, 33.4268, 60.8718
2768, 33.3138, 60.9051
2769, 33.1971, 60.9385
2770, 33.0989, 60.9718
2771, 32.9921, 61.0051
2772, 32.9372, 61.0218
2773, 32.8329, 61.0551
2774, 32.7262, 61.0885
2775, 32.6277, 61.1218
2776, 32.5292, 61.1551
2777, 32.4093, 61.1885
2778, 32.3461, 61.2051
2779, 32.2112, 61.2385
2780, 32.0443, 61.2718
2781, 31.8749, 61.3051
2782, 31.6778, 61.3385
2783, 31.3933, 61.3718
2784, 31.0822, 61.4051
2785, 30.777, 61.4385
2786, 30.4104, 61.4718
2787, 30.0413, 61.5051
2788, 29.6968, 61.5385
2789, 29.2123, 61.5718
2790, 28.6805, 61.6051
2791, 28.2282, 61.6385
2792, 27.814, 61.6718
2793, 27.3969, 61.7051
2794, 26.8377, 61.7385
2795, 26.4536, 61.7718
2796, 26.178, 61.8218
2797, 26.0158, 61.8551
2798, 25.8838, 61.8885
2799, 25.7961, 61.9385
2800, 25.712, 61.9718
2801, 25.6292, 62.0051
2802, 25.5193, 62.0551
2803, 25.4362, 62.0885
2804, 25.3367, 62.1218
2805, 25.2345, 62.1718
2806, 25.2055, 62.2051
2807, 25.3844, 62.2551
2808, 25.3898, 62.2885
2809, 25.3448, 62.3218
2810, 25.3657, 62.3718
2811, 25.4172, 62.4051
2812, 25.4927, 62.4551
2813, 25.491, 62.4885
2814, 25.4958, 62.5218
2815, 25.5229, 62.5718
2816, 25.4976, 62.6051
2817, 25.427, 62.6385
2818, 25.1563, 62.6885
2819, 25.0731, 62.7218
2820, 24.9316, 62.7718
2821, 24.8437, 62.8051
2822, 24.708, 62.8551
2823, 24.5979, 62.8885
2824, 24.497, 62.9218
2825, 24.3593, 62.9718
2826, 24.2485, 63.0051
2827, 24.0587, 63.0551
2828, 23.9415, 63.0885
2829, 23.81, 63.1385
2830, 23.7295, 63.1718
2831, 23.4972, 63.2218
2832, 23.3082, 63.2718
2833, 23.2086, 63.3051
2834, 23.0324, 63.3551
2835, 22.9006, 63.3885
2836, 22.7528, 63.4385
2837, 22.6852, 63.4718
2838, 22.5974, 63.5218
2839, 22.5242, 63.5718
2840, 22.5208, 63.6051
2841, 22.472, 63.6551
2842, 22.4484, 63.7051
2843, 22.5118, 63.7385
2844, 22.6255, 63.7885
2845, 22.6076, 63.8385
2846, 22.6423, 63.8718
2847, 22.8655, 63.9218
2848, 22.9783, 63.9551
2849, 22.9865, 64.0051
2850, 23.078, 64.0551
2851, 23.2065, 64.0885
2852, 23.4622, 64.1385
2853, 23.5212, 64.1718
2854, 23.6486, 64.2218
2855, 23.7202, 64.2551
2856, 23.888, 64.3051
2857, 24.0031, 64.3385
2858, 24.1502, 64.3885
2859, 24.2982, 64.4218
2860, 24.6344, 64.4718
2861, 24.7925, 64.5051
2862, 25.0248, 64.5551
2863, 25.2352, 64.5885
2864, 25.5092, 64.6218
2865, 25.7314, 64.6718
2866, 25.7527, 64.7051
2867, 25.9888, 64.7385
2868, 26.4915, 64.7885
2869, 26.6582, 64.8218
2870, 26.802, 64.8551
2871, 27.0734, 64.9051
2872, 27.1507, 64.9385
2873, 27.3849, 64.9718
2874, 27.8794, 65.0051
2875, 28.2661, 65.0385
2876, 28.4758, 65.0885
2877, 28.5857, 65.1218
2878, 28.725, 65.1551
2879, 29.0425, 65.1885
2880, 29.4983, 65.2218
2881, 29.8907, 65.2551
2882, 30.1343, 65.2885
2883, 30.2433, 65.3218
2884, 30.3471, 65.3551
2885, 30.6506, 65.3885
2886, 31.0914, 65.4218
2887, 31.4233, 65.4551
2888, 31.6725, 65.4885
2889, 31.9101, 65.5218
2890, 32.0268, 65.5385
2891, 32.2333, 65.5718
2892, 32.4686, 65.6051
2893, 32.7603, 65.6385
2894, 33.0868, 65.6718
2895, 33.3759, 65.7051
2896, 33.4969, 65.7218
2897, 33.728, 65.7551
2898, 33.9662, 65.7885
2899, 34.217, 65.8218
2900, 34.4915, 65.8551
2901, 34.6256, 65.8718
2902, 34.8729, 65.9051
2903, 35.1303, 65.9385
2904, 35.2694, 65.9551
2905, 35.5345, 65.9885
2906, 35.7674, 66.0218
2907, 35.9951, 66.0551
2908, 36.1261, 66.0718
2909, 36.4293, 66.1051
2910, 36.5814, 66.1218
2911, 36.8245, 66.1551
2912, 36.9906, 66.1885
2913, 37.0479, 66.2051
2914, 37.1308, 66.2385
2915, 37.1957, 66.2718
2916, 37.2505, 66.2885
2917, 37.4212, 66.3218
2918, 37.5385, 66.3385
2919, 37.8183, 66.3718
2920, 37.8229, 66.4051
2921, 37.9305, 66.4218
2922, 38.1267, 66.4551
2923, 38.22, 66.4718
2924, 38.531, 66.5051
2925, 38.807, 66.5385
2926, 38.9436, 66.5551
2927, 39.0986, 66.5885
2928, 39.1627, 66.6051
2929, 39.364, 66.6385
2930, 39.4704, 66.6551
2931, 39.6567, 66.6885
2932, 39.7536, 66.7051
2933, 39.9801, 66.7385
2934, 40.0928, 66.7551
2935, 40.29, 66.7885
2936, 40.3775, 66.8051
2937, 40.556, 66.8385
2938, 40.6549, 66.8551
2939, 40.8726, 66.8885
2940, 40.9759, 66.9051
2941, 41.1576, 66.9385
2942, 41.2505, 66.9551
2943, 41.3489, 66.9718
2944, 41.5585, 67.0051
2945, 41.6581, 67.0218
2946, 41.8459, 67.0551
2947, 41.9389, 67.0718
2948, 42.1336, 67.1051
2949, 42.244, 67.1218
2950, 42.4458, 67.1551
2951, 42.5083, 67.1718
2952, 42.5446, 67.1885
2953, 42.7003, 67.2218
2954, 42.8602, 67.2385
2955, 43.1362, 67.2718
2956, 43.2021, 67.2885
2957, 43.264, 67.3051
2958, 43.4729, 67.3385
2959, 43.5886, 67.3551
2960, 43.6787, 67.3718
2961, 43.8022, 67.4051
2962, 43.8612, 67.4218
2963, 44.0731, 67.4551
2964, 44.2125, 67.4718
2965, 44.3378, 67.4885
2966, 44.5057, 67.5218
2967, 44.5835, 67.5385
2968, 44.6686, 67.5551
2969, 44.8363, 67.5885
2970, 44.9187, 67.6051
2971, 45.012, 67.6218
2972, 45.1919, 67.6551
2973, 45.2687, 67.6718
2974, 45.3519, 67.6885
2975, 45.5704, 67.7218
2976, 45.6724, 67.7385
2977, 45.755, 67.7551
2978, 45.9155, 67.7885
2979, 46.02, 67.8051
2980, 46.1211, 67.8218
2981, 46.2657, 67.8551
2982, 46.3326, 67.8718
2983, 46.4221, 67.8885
2984, 46.5321, 67.9051
2985, 46.7415, 67.9385
2986, 46.8263, 67.9551
2987, 46.9063, 67.9718
2988, 47.0794, 68.0051
2989, 47.1676, 68.0218
2990, 47.2491, 68.0385
2991, 47.3278, 68.0551
2992, 47.5074, 68.0885
2993, 47.6083, 68.1051
2994, 47.7032, 68.1218
2995, 47.7902, 68.1385
2996, 47.9585, 68.1718
2997, 48.0415, 68.1885
2998, 48.1205, 68.2051
2999, 48.2002, 68.2218
3000, 48.3856, 68.2551
3001, 48.4818, 68.2718
3002, 48.5634, 68.2885
3003, 48.6294, 68.3051
3004, 48.7507, 68.3385
3005, 48.812, 68.3551
3006, 48.8679, 68.3718
3007, 48.9295, 68.3885
3008, 49.0894, 68.4218
3009, 49.187, 68.4385
3010, 49.281, 68.4551
3011, 49.3568, 68.4718
3012, 49.3527, 68.4885
3013, 49.4423, 68.5218
3014, 49.5983, 68.5385
3015, 49.6642, 68.5551
3016, 49.693, 68.5718
3017, 49.762, 68.5885
3018, 49.9438, 68.6218
3019, 49.9988, 68.6385
3020, 50.0654, 68.6551
3021, 50.1519, 68.6718
3022, 50.2334, 68.6885
3023, 50.3565, 68.7218
3024, 50.4262, 68.7385
3025, 50.5075, 68.7551
3026, 50.5825, 68.7718
3027, 50.6465, 68.7885
3028, 50.7784, 68.8218
3029, 50.8592, 68.8385
3030, 50.9411, 68.8551
3031, 51.0176, 68.8718
3032, 51.0842, 68.8885
3033, 51.1535, 68.9051
3034, 51.284, 68.9385
3035, 51.3524, 68.9551
3036, 51.4234, 68.9718
3037, 51.4962, 68.9885
3038, 51.5704, 69.0051
3039, 51.6407, 69.0218
3040, 51.7581, 69.0551
3041, 51.8185, 69.0718
3042, 51.894, 69.0885
3043, 51.9822, 69.1051
3044, 52.063, 69.1218
3045, 52.1323, 69.1385
3046, 52.2796, 69.1718
3047, 52.3523, 69.1885
3048, 52.4135, 69.2051
3049, 52.4686, 69.2218
3050, 52.5305, 69.2385
3051, 52.5872, 69.2551
3052, 52.6464, 69.2718
3053, 52.7834, 69.3051
3054, 52.8661, 69.3218
3055, 52.9426, 69.3385
3056, 53.0116, 69.3551
3057, 53.0804, 69.3718
3058, 53.1571, 69.3885
3059, 53.2325, 69.4051
3060, 53.3084, 69.4385
3061, 53.2775, 69.4551
3062, 53.2159, 69.4718
3063, 53.1628, 69.4885
3064, 53.2271, 69.5051
3065, 53.348, 69.5218
3066, 53.4468, 69.5385
3067, 53.3975, 69.5551
3068, 53.0905, 69.5885
3069, 52.8764, 69.6051
3070, 52.7278, 69.6218
3071, 52.5688, 69.6385
3072, 52.3925, 69.6551
3073, 52.2046, 69.6718
3074, 52.0401, 69.6885
3075, 51.7027, 69.7218
3076, 51.452, 69.7385
3077, 51.1687, 69.7551
3078, 50.8475, 69.7718
3079, 50.631, 69.7885
3080, 50.348, 69.8051
3081, 49.5353, 69.8385
3082, 49.0962, 69.8551
3083, 48.7866, 69.8718
3084, 48.5019, 69.8885
3085, 48.2301, 69.9051
3086, 47.702, 69.9385
3087, 47.453, 69.9551
3088, 47.2312, 69.9718
3089, 46.717, 70.0051
3090, 46.458, 70.0218
3091, 46.2463, 70.0385
3092, 46.0536, 70.0551
3093, 45.59, 70.0885
3094, 45.3797, 70.1051
3095, 45.1915, 70.1218
3096, 44.795, 70.1551
3097, 44.5601, 70.1718
3098, 44.3297, 70.1885
3099, 43.9121, 70.2218
3100, 43.6887, 70.2385
3101, 43.4394, 70.2551
3102, 42.9132, 70.2885
3103, 42.6624, 70.3051
3104, 42.1648, 70.3385
3105, 41.9161, 70.3551
3106, 41.4173, 70.3885
3107, 41.1668, 70.4051
3108, 40.9229, 70.4218
3109, 40.497, 70.4551
3110, 40.3201, 70.4718
3111, 39.974, 70.5051
3112, 39.8014, 70.5218
3113, 39.4795, 70.5551
3114, 39.3429, 70.5718
3115, 39.1046, 70.6051
3116, 38.9774, 70.6218
3117, 38.4712, 70.6551
3118, 38.1091, 70.6885
3119, 37.9721, 70.7051
3120, 37.6965, 70.7385
3121, 37.536, 70.7551
3122, 37.1708, 70.7885
3123, 36.853, 70.8218
3124, 36.6996, 70.8385
3125, 36.4091, 70.8718
3126, 36.1534, 70.9051
3127, 36.0325, 70.9218
3128, 35.8424, 70.9551
3129, 35.6958, 70.9885
3130, 35.6034, 71.0051
3131, 35.4316, 71.0385
3132, 35.2936, 71.0718
3133, 35.2148, 71.0885
3134, 35.0412, 71.1218
3135, 34.8954, 71.1551
3136, 34.7926, 71.1885
3137, 34.7418, 71.2051
3138, 34.6099, 71.2385
3139, 34.4057, 71.2718
3140, 34.2838, 71.2885
3141, 34.0564, 71.3218
3142, 33.8931, 71.3551
3143, 33.7536, 71.3885
3144, 33.6945, 71.4051
3145, 33.6028, 71.4385
3146, 33.5071, 71.4718
3147, 33.3185, 71.5051
3148, 33.0544, 71.5385
3149, 32.8489, 71.5718
3150, 32.7738, 71.5885
3151, 32.6226, 71.6218
3152, 32.4757, 71.6551
3153, 32.3844, 71.6885
3154, 32.3207, 71.7218
3155, 32.2444, 71.7551
3156, 32.222, 71.7885
3157, 32.1786, 71.8218
3158, 32.2024, 71.8551
3159, 32.2802, 71.8885
3160, 32.3272, 71.9218
3161, 32.3347, 71.9385
3162, 32.3423, 71.9718
3163, 32.4339, 72.0051
3164, 32.5891, 72.0385
3165, 32.7198, 72.0718
3166, 32.8166, 72.1051
3167, 32.9685, 72.1385
3168, 33.1124, 72.1718
3169, 33.2188, 72.2051
3170, 33.2706, 72.2218
3171, 33.3931, 72.2551
3172, 33.5573, 72.2885
3173, 33.7729, 72.3218
3174, 33.9501, 72.3551
3175, 33.9864, 72.3718
3176, 33.9889, 72.4051
3177, 34.1056, 72.4385
3178, 34.4327, 72.4718
3179, 34.7837, 72.5051
3180, 34.9053, 72.5218
3181, 35.0569, 72.5551
3182, 35.1892, 72.5885
3183, 35.3726, 72.6218
3184, 35.5014, 72.6385
3185, 35.8282, 72.6718
3186, 36.1427, 72.7051
3187, 36.2638, 72.7218
3188, 36.473, 72.7551
3189, 36.7092, 72.7885
3190, 36.8384, 72.8051
3191, 37.0947, 72.8385
3192, 37.3411, 72.8718
3193, 37.4627, 72.8885
3194, 37.6984, 72.9218
3195, 37.9179, 72.9551
3196, 38.0158, 72.9718
3197, 38.1805, 73.0051
3198, 38.1792, 73.0218
3199, 38.2695, 73.0551
3200, 38.4044, 73.0718
3201, 38.6502, 73.1051
3202, 38.9735, 73.1385
3203, 39.0431, 73.1551
3204, 39.1504, 73.1885
3205, 39.2529, 73.2051
3206, 39.4608, 73.2385
3207, 39.549, 73.2551
3208, 39.7301, 73.2885
3209, 39.8253, 73.3051
3210, 40.0205, 73.3385
3211, 40.1124, 73.3551
3212, 40.2757, 73.3885
3213, 40.345, 73.4051
3214, 40.4635, 73.4385
3215, 40.5411, 73.4551
3216, 40.7091, 73.4885
3217, 40.7817, 73.5051
3218, 40.8976, 73.5385
3219, 40.947, 73.5551
3220, 41.0128, 73.5885
3221, 41.0499, 73.6051
3222, 41.149, 73.6385
3223, 41.1819, 73.6551
3224, 41.2153, 73.6885
3225, 41.2349, 73.7051
3226, 41.2886, 73.7385
3227, 41.3114, 73.7551
3228, 41.3513, 73.7885
3229, 41.369, 73.8051
3230, 41.4088, 73.8385
3231, 41.4305, 73.8551
3232, 41.4548, 73.8885
3233, 41.4677, 73.9051
3234, 41.5124, 73.9385
3235, 41.5392, 73.9551
3236, 41.566, 73.9718
3237, 41.6094, 74.0051
3238, 41.627, 74.0218
3239, 41.6369, 74.0551
3240, 41.6327, 74.0718
3241, 41.702, 74.1051
3242, 41.7626, 74.1218
3243, 41.8295, 74.1551
3244, 41.8451, 74.1718
3245, 41.9035, 74.2051
3246, 41.9515, 74.2218
3247, 42.0044, 74.2385
3248, 42.0942, 74.2718
3249, 42.1179, 74.2885
3250, 42.1858, 74.3218
3251, 42.2368, 74.3385
3252, 42.3426, 74.3718
3253, 42.3895, 74.3885
3254, 42.4441, 74.4051
3255, 42.5252, 74.4385
3256, 42.519, 74.4551
3257, 42.461, 74.4885
3258, 42.4682, 74.5051
3259, 42.7201, 74.5385
3260, 42.8599, 74.5551
3261, 42.9251, 74.5718
3262, 42.9427, 74.6051
3263, 42.995, 74.6218
3264, 43.0597, 74.6385
3265, 43.1048, 74.6718
3266, 43.1062, 74.6885
3267, 43.0863, 74.7218
3268, 43.0553, 74.7385
3269, 43.1002, 74.7551
3270, 43.386, 74.7885
3271, 43.5286, 74.8051
3272, 43.5598, 74.8218
3273, 43.5635, 74.8551
3274, 43.6192, 74.8718
3275, 43.6401, 74.9051
3276, 43.6588, 74.9218
3277, 43.7278, 74.9385
3278, 43.9341, 74.9718
3279, 43.9702, 74.9885
3280, 43.9849, 75.0051
3281, 44.0426, 75.0385
3282, 44.0646, 75.0551
3283, 44.07, 75.0718
3284, 44.1138, 75.1051
3285, 44.1664, 75.1218
3286, 44.2614, 75.1551
3287, 44.2767, 75.1718
3288, 44.2964, 75.1885
3289, 44.3678, 75.2218
3290, 44.3935, 75.2385
3291, 44.4016, 75.2551
3292, 44.4731, 75.2885
3293, 44.5301, 75.3051
3294, 44.572, 75.3218
3295, 44.6342, 75.3551
3296, 44.6786, 75.3718
3297, 44.7351, 75.3885
3298, 44.8403, 75.4218
3299, 44.8923, 75.4385
3300, 44.9432, 75.4551
3301, 45.0441, 75.4885
3302, 45.0865, 75.5051
3303, 45.1315, 75.5218
3304, 45.2316, 75.5551
3305, 45.2873, 75.5718
3306, 45.3417, 75.5885
3307, 45.4327, 75.6218
3308, 45.4737, 75.6385
3309, 45.5145, 75.6551
3310, 45.6048, 75.6885
3311, 45.6535, 75.7051
3312, 45.7032, 75.7218
3313, 45.8067, 75.7551
3314, 45.8538, 75.7718
3315, 45.9068, 75.7885
3316, 46.0385, 75.8218
3317, 46.1046, 75.8385
3318, 46.1692, 75.8551
3319, 46.3087, 75.8885
3320, 46.3816, 75.9051
3321, 46.4557, 75.9218
3322, 46.5325, 75.9385
3323, 46.6915, 75.9718
3324, 46.7695, 75.9885
3325, 46.8452, 76.0051
3326, 46.9964, 76.0385
3327, 47.0757, 76.0551
3328, 47.158, 76.0718
3329, 47.3208, 76.1051
3330, 47.399, 76.1218
3331, 47.476, 76.1385
3332, 47.5533, 76.1551
3333, 47.7194, 76.1885
3334, 47.8067, 76.2051
3335, 47.8944, 76.2218
3336, 47.9787, 76.2385
3337, 48.1456, 76.2718
3338, 48.2314, 76.2885
3339, 48.3163, 76.3051
3340, 48.3989, 76.3218
3341, 48.3872, 76.3551
3342, 48.4884, 76.3718
3343, 48.6242, 76.3885
3344, 48.6906, 76.4051
3345, 48.8491, 76.4385
3346, 48.9456, 76.4551
3347, 49.0077, 76.4718
3348, 49.0698, 76.4885
3349, 49.2332, 76.5218
3350, 49.3083, 76.5385
3351, 49.3752, 76.5551
3352, 49.446, 76.5718
3353, 49.5214, 76.5885
3354, 49.6726, 76.6218
3355, 49.7455, 76.6385
3356, 49.8175, 76.6551
3357, 49.8922, 76.6718
3358, 49.9671, 76.6885
3359, 50.1124, 76.7218
3360, 50.1855, 76.7385
3361, 50.2594, 76.7551
3362, 50.3323, 76.7718
3363, 50.403, 76.7885
3364, 50.5464, 76.8218
3365, 50.6203, 76.8385
3366, 50.6924, 76.8551
3367, 50.763, 76.8718
3368, 50.835, 76.8885
3369, 50.9778, 76.9218
3370, 51.0386, 76.9385
3371, 51.095, 76.9551
3372, 51.16, 76.9718
3373, 51.2414, 76.9885
3374, 51.328, 77.0051
3375, 51.4795, 77.0385
3376, 51.5464, 77.0551
3377, 51.6142, 77.0718
3378, 51.6768, 77.0885
3379, 51.7297, 77.1051
3380, 51.7783, 77.1218
3381, 51.9029, 77.1551
3382, 51.9867, 77.1718
3383, 52.0703, 77.1885
3384, 52.1456, 77.2051
3385, 52.2129, 77.2218
3386, 52.281, 77.2385
3387, 52.3515, 77.2551
3388, 52.4888, 77.2885
3389, 52.5543, 77.3051
3390, 52.6192, 77.3218
3391, 52.6806, 77.3385
3392, 52.7444, 77.3551
3393, 52.8136, 77.3718
3394, 52.8881, 77.3885
3395, 53.0196, 77.4218
3396, 53.0785, 77.4385
3397, 53.142, 77.4551
3398, 53.2129, 77.4718
3399, 53.2863, 77.4885
3400, 53.3551, 77.5051
3401, 53.4206, 77.5218
3402, 53.4843, 77.5385
3403, 53.6214, 77.5718
3404, 53.6875, 77.5885
3405, 53.7475, 77.6051
3406, 53.8082, 77.6218
3407, 53.875, 77.6385
3408, 53.9462, 77.6551
3409, 54.0132, 77.6718
3410, 54.0752, 77.6885
3411, 54.1365, 77.7051
3412, 54.276, 77.7385
3413, 54.3428, 77.7551
3414, 54.4041, 77.7718
3415, 54.465, 77.7885
3416, 54.531, 77.8051
3417, 54.6022, 77.8218
3418, 54.6732, 77.8385
3419, 54.7399, 77.8551
3420, 54.8026, 77.8718
3421, 54.8632, 77.8885
3422, 54.9844, 77.9218
3423, 55.049, 77.9385
3424, 55.1158, 77.9551
3425, 55.1839, 77.9718
3426, 55.2532, 77.9885
3427, 55.3218, 78.0051
3428, 55.3926, 78.0218
3429, 55.4584, 78.0385
3430, 55.5223, 78.0551
3431, 55.5836, 78.0718
3432, 55.6506, 78.0885
3433, 55.7793, 78.1218
3434, 55.8359, 78.1385
3435, 55.9014, 78.1551
3436, 55.9748, 78.1718
3437, 56.0518, 78.1885
3438, 56.1169, 78.2051
3439, 56.171, 78.2218
3440, 56.226, 78.2385
3441, 56.2893, 78.2551
3442, 56.3565, 78.2718
3443, 56.4207, 78.2885
3444, 56.4812, 78.3051
3445, 56.5412, 78.3218
3446, 56.6024, 78.3385
3447, 56.6649, 78.3551
3448, 56.7961, 78.3885
3449, 56.8655, 78.4051
3450, 56.9322, 78.4218
3451, 56.9927, 78.4385
3452, 57.0482, 78.4551
3453, 57.106, 78.4718
3454, 57.1684, 78.4885
3455, 57.2342, 78.5051
3456, 57.2938, 78.5218
3457, 57.3504, 78.5385
3458, 57.4076, 78.5551
3459, 57.4667, 78.5718
3460, 57.523, 78.5885
3461, 57.5774, 78.6051
3462, 57.6397, 78.6218
3463, 57.7061, 78.6385
3464, 57.7738, 78.6551
3465, 57.8374, 78.6718
3466, 57.8973, 78.6885
3467, 57.9571, 78.7051
3468, 58.012, 78.7218
3469, 58.0631, 78.7385
3470, 58.1705, 78.7718
3471, 58.226, 78.7885
3472, 58.2765, 78.8051
3473, 58.3192, 78.8218
3474, 58.345, 78.8385
3475, 58.3546, 78.8551
3476, 58.3276, 78.8718
3477, 58.293, 78.8885
3478, 58.3292, 78.9051
3479, 58.4268, 78.9218
3480, 58.487, 78.9385
3481, 58.5038, 78.9551
3482, 58.5495, 78.9718
3483, 58.6299, 78.9885
3484, 58.6905, 79.0051
3485, 58.7249, 79.0218
3486, 58.7639, 79.0385
3487, 58.8165, 79.0551
3488, 58.8682, 79.0718
3489, 58.9121, 79.0885
3490, 58.9625, 79.1051
3491, 59.02, 79.1218
3492, 59.0781, 79.1385
3493, 59.1294, 79.1551
3494, 59.1794, 79.1718
3495, 59.2259, 79.1885
3496, 59.2751, 79.2051
3497, 59.3261, 79.2218
3498, 59.3808, 79.2385
3499, 59.4345, 79.2551
3500, 59.4861, 79.2718
3501, 59.536, 79.2885
3502, 59.5844, 79.3051
3503, 59.6327, 79.3218
3504, 59.679, 79.3385
3505, 59.7268, 79.3551
3506, 59.7743, 79.3718
3507, 59.8205, 79.3885
3508, 59.8662, 79.4051
3509, 59.9151, 79.4218
3510, 59.9718, 79.4385
3511, 60.0293, 79.4551
3512, 60.0825, 79.4718
3513, 60.1333, 79.4885
3514, 60.184, 79.5051
3515, 60.2341, 79.5218
3516, 60.2869, 79.5385
3517, 60.3355, 79.5551
3518, 60.3878, 79.5718
3519, 60.4387, 79.5885
3520, 60.4909, 79.6051
3521, 60.5402, 79.6218
3522, 60.5872, 79.6385
3523, 60.6353, 79.6551
3524, 60.6849, 79.6718
3525, 60.7376, 79.6885
3526, 60.7851, 79.7051
3527, 60.8335, 79.7218
3528, 60.8809, 79.7385
3529, 60.9316, 79.7551
3530, 60.9836, 79.7718
3531, 61.0356, 79.7885
3532, 61.0867, 79.8051
3533, 61.1326, 79.8218
3534, 61.1785, 79.8385
3535, 61.2285, 79.8551
3536, 61.2824, 79.8718
3537, 61.3298, 79.8885
3538, 61.3728, 79.9051
3539, 61.4157, 79.9218
3540, 61.4648, 79.9385
3541, 61.5174, 79.9551
3542, 61.568, 79.9718
3543, 61.6152, 79.9885
3544, 61.6581, 80.0051
3545, 61.6981, 80.0218
3546, 61.7457, 80.0385
3547, 61.7956, 80.0551
3548, 61.83, 80.0718
3549, 61.8359, 80.0885
3550, 61.8606, 80.1051
3551, 61.906, 80.1218
3552, 61.9661, 80.1385
3553, 62.0127, 80.1551
3554, 62.0544, 80.1718
3555, 62.109, 80.1885
3556, 62.1609, 80.2051
3557, 62.1609, 80.2051
3558, 62.1891, 80.2218
3559, 62.1977, 80.2385
3560, 62.1986, 80.2551
3561, 62.2161, 80.2718
3562, 62.269, 80.2885
3563, 62.3383, 80.3051
3564, 62.4002, 80.3218
3565, 62.4365, 80.3385
3566, 62.4702, 80.3551
3567, 62.5147, 80.3718
3568, 62.556, 80.3885
3569, 62.584, 80.4051
3570, 62.6102, 80.4218
3571, 62.6427, 80.4385
3572, 62.6779, 80.4551
3573, 62.7106, 80.4718
3574, 62.7439, 80.4885
3575, 62.7803, 80.5051
3576, 62.8154, 80.5218
3577, 62.8478, 80.5385
3578, 62.8805, 80.5551
3579, 62.9141, 80.5718
3580, 62.9471, 80.5885
3581, 62.9789, 80.6051
3582, 63.0149, 80.6218
3583, 63.0542, 80.6385
3584, 63.0542, 80.6385
3585, 63.0926, 80.6551
3586, 63.1273, 80.6718
3587, 63.1624, 80.6885
3588, 63.2011, 80.7051
3589, 63.2392, 80.7218
3590, 63.2749, 80.7385
3591, 63.3112, 80.7551
3592, 63.3505, 80.7718
3593, 63.3928, 80.7885
3594, 63.4336, 80.8051
3595, 63.4711, 80.8218
3596, 63.509, 80.8385
3597, 63.5496, 80.8551
3598, 63.5903, 80.8718
3599, 63.6283, 80.8885
3600, 63.6641, 80.9051
3601, 63.7013, 80.9218
3602, 63.7422, 80.9385
3603, 63.787, 80.9551
3604, 63.8306, 80.9718
3605, 63.8306, 80.9718
3606, 63.8705, 80.9885
3607, 63.9057, 81.0051
3608, 63.9405, 81.0218
3609, 63.9786, 81.0385
3610, 64.0187, 81.0551
3611, 64.0038, 81.0718
3612, 63.961, 81.0885
3613, 63.9998, 81.1051
3614, 64.0637, 81.1218
3615, 64.0813, 81.1385
3616, 64.1089, 81.1551
3617, 64.1609, 81.1718
3618, 64.1974, 81.1885
3619, 64.2208, 81.2051
3620, 64.2563, 81.2218
3621, 64.2967, 81.2385
3622, 64.2967, 81.2385
3623, 64.3268, 81.2551
3624, 64.3572, 81.2718
3625, 64.3946, 81.2885
3626, 64.4263, 81.3051
3627, 64.4602, 81.3218
3628, 64.4927, 81.3385
3629, 64.5223, 81.3551
3630, 64.5493, 81.3718
3631, 64.5851, 81.3885
3632, 64.6267, 81.4051
3633, 64.6655, 81.4218
3634, 64.6977, 81.4385
3635, 64.7316, 81.4551
3636, 64.7316, 81.4551
3637, 64.7661, 81.4718
3638, 64.7967, 81.4885
3639, 64.8247, 81.5051
3640, 64.8575, 81.5218
3641, 64.8938, 81.5385
3642, 64.9299, 81.5551
3643, 64.9653, 81.5718
3644, 65.0015, 81.5885
3645, 65.0366, 81.6051
3646, 65.068, 81.6218
3647, 65.0996, 81.6385
3648, 65.1348, 81.6551
3649, 65.1348, 81.6551
3650, 65.1705, 81.6718
3651, 65.2001, 81.6885
3652, 65.2303, 81.7051
3653, 65.2645, 81.7218
3654, 65.2961, 81.7385
3655, 65.332, 81.7551
3656, 65.37, 81.7718
3657, 65.4033, 81.7885
3658, 65.4306, 81.8051
3659, 65.4577, 81.8218
3660, 65.496, 81.8385
3661, 65.537, 81.8551
3662, 65.537, 81.8551
3663, 65.5687, 81.8718
3664, 65.5946, 81.8885
3665, 65.6291, 81.9051
3666, 65.6644, 81.9218
3667, 65.7, 81.9385
3668, 65.7383, 81.9551
3669, 65.7753, 81.9718
3670, 65.8, 81.9885
3671, 65.8201, 82.0051
3672, 65.8555, 82.0218
3673, 65.8555, 82.0218
3674, 65.9047, 82.0385
3675, 65.9394, 82.0551
3676, 65.9601, 82.0718
3677, 65.9897, 82.0885
3678, 66.0336, 82.1051
3679, 66.0752, 82.1218
3680, 66.1071, 82.1385
3681, 66.1399, 82.1551
3682, 66.1751, 82.1718
3683, 66.205, 82.1885
3684, 66.2234, 82.2051
3685, 66.2234, 82.2051
3686, 66.246, 82.2218
3687, 66.2819, 82.2385
3688, 66.329, 82.2551
3689, 66.3727, 82.2718
3690, 66.4104, 82.2885
3691, 66.4432, 82.3051
3692, 66.4758, 82.3218
3693, 66.5065, 82.3385
3694, 66.5327, 82.3551
3695, 66.5327, 82.3551
3696, 66.5604, 82.3718
3697, 66.5987, 82.3885
3698, 66.6381, 82.4051
3699, 66.6719, 82.4218
3700, 66.7059, 82.4385
3701, 66.7373, 82.4551
3702, 66.772, 82.4718
3703, 66.8101, 82.4885
3704, 66.8472, 82.5051
3705, 66.8472, 82.5051
3706, 66.8862, 82.5218
3707, 66.9198, 82.5385
3708, 66.9343, 82.5551
3709, 66.9499, 82.5718
3710, 66.9865, 82.5885
3711, 67.0351, 82.6051
3712, 67.0813, 82.6218
3713, 67.1106, 82.6385
3714, 67.1463, 82.6551
3715, 67.1463, 82.6551
3716, 67.1828, 82.6718
3717, 67.2147, 82.6885
3718, 67.2477, 82.7051
3719, 67.2843, 82.7218
3720, 67.315, 82.7385
3721, 67.3434, 82.7551
3722, 67.3765, 82.7718
3723, 67.4143, 82.7885
3724, 67.4143, 82.7885
3725, 67.4527, 82.8051
3726, 67.4886, 82.8218
3727, 67.5191, 82.8385
3728, 67.5471, 82.8551
3729, 67.5794, 82.8718
3730, 67.6143, 82.8885
3731, 67.6477, 82.9051
3732, 67.6806, 82.9218
3733, 67.6806, 82.9218
3734, 67.7142, 82.9385
3735, 67.7497, 82.9551
3736, 67.7787, 82.9718
3737, 67.8064, 82.9885
3738, 67.8455, 83.0051
3739, 67.8839, 83.0218
3740, 67.9081, 83.0385
3741, 67.9338, 83.0551
3742, 67.9338, 83.0551
3743, 67.9743, 83.0718
3744, 68.0135, 83.0885
3745, 68.0445, 83.1051
3746, 68.071, 83.1218
3747, 68.107, 83.1385
3748, 68.1394, 83.1551
3749, 68.1667, 83.1718
3750, 68.1667, 83.1718
3751, 68.1966, 83.1885
3752, 68.2305, 83.2051
3753, 68.2641, 83.2218
3754, 68.2977, 83.2385
3755, 68.3335, 83.2551
3756, 68.3335, 83.2551
3757, 68.3335, 83.2551
3758, 68.3335, 83.2551
3759, 68.3335, 83.2551
3760, 68.3335, 83.2551
3761, 68.3335, 83.2551
