0, 70.5336, 88.7347
1, 70.5477, 88.7514
2, 70.5583, 88.768
3, 70.5693, 88.7847
4, 70.5843, 88.8014
5, 70.5843, 88.8014
6, 70.597, 88.818
7, 70.6106, 88.8347
8, 70.6217, 88.8514
9, 70.6346, 88.868
10, 70.6475, 88.8847
11, 70.6596, 88.9014
12, 70.6596, 88.9014
13, 70.6704, 88.918
14, 70.6817, 88.9347
15, 70.6924, 88.9514
16, 70.7036, 88.968
17, 70.7158, 88.9847
18, 70.7158, 88.9847
19, 70.7266, 89.0014
20, 70.7367, 89.018
21, 70.7461, 89.0347
22, 70.7778, 89.0514
23, 70.8006, 89.068
24, 70.8167, 89.0847
25, 70.8167, 89.0847
26, 70.8238, 89.1014
27, 70.832, 89.118
28, 70.8466, 89.1347
29, 70.8627, 89.1514
30, 70.8763, 89.168
31, 70.8763, 89.168
32, 70.8881, 89.1847
33, 70.901, 89.2014
34, 70.9147, 89.218
35, 70.9313, 89.2347
36, 70.949, 89.2514
37, 70.964, 89.268
38, 70.964, 89.268
39, 70.9766, 89.2847
40, 70.9886, 89.3014
41, 71.0007, 89.318
42, 71.0141, 89.3347
43, 71.0272, 89.3514
44, 71.0272, 89.3514
45, 71.0395, 89.368
46, 71.0522, 89.3847
47, 71.0649, 89.4014
48, 71.0786, 89.418
49, 71.094, 89.4347
50, 71.1097, 89.4514
51, 71.1097, 89.4514
52, 71.1251, 89.468
53, 71.1407, 89.4847
54, 71.1543, 89.5014
55, 71.1671, 89.518
56, 71.1785, 89.5347
57, 71.1785, 89.5347
58, 71.1924, 89.5514
59, 71.2064, 89.568
60, 71.2196, 89.5847
61, 71.2317, 89.6014
62, 71.2431, 89.618
63, 71.2561, 89.6347
64, 71.2561, 89.6347
65, 71.2717, 89.6514
66, 71.2873, 89.668
67, 71.3031, 89.6847
68, 71.3215, 89.7014
69, 71.3353, 89.718
70, 71.3353, 89.718
71, 71.3491, 89.7347
72, 71.3633, 89.7514
73, 71.3756, 89.768
74, 71.3889, 89.7847
75, 71.4011, 89.8014
76, 71.4011, 89.8014
77, 71.4126, 89.818
78, 71.4241, 89.8347
79, 71.4359, 89.8514
80, 71.4498, 89.868
81, 71.4644, 89.8847
82, 71.4644, 89.8847
83, 71.479, 89.9014
84, 71.4902, 89.918
85, 71.4995, 89.9347
86, 71.5115, 89.9514
87, 71.5264, 89.968
88, 71.5418, 89.9847
89, 71.5418, 89.9847
90, 71.5559, 90.0014
91, 71.5703, 90.018
92, 71.5835, 90.0347
93, 71.5969, 90.0514
94, 71.6121, 90.068
95, 71.6121, 90.068
96, 71.6269, 90.0847
97, 71.6405, 90.1014
98, 71.6524, 90.118
99, 71.6647, 90.1347
100, 71.676, 90.1514
101, 71.676, 90.1514
102, 71.6874, 90.168
103, 71.6998, 90.1847
104, 71.7137, 90.2014
105, 71.7272, 90.218
106, 71.7399, 90.2347
107, 71.7399, 90.2347
108, 71.7519, 90.2514
109, 71.7639, 90.268
110, 71.7778, 90.2847
111, 71.7921, 90.3014
112, 71.8061, 90.318
113, 71.8061, 90.318
114, 71.8191, 90.3347
115, 71.8335, 90.3514
116, 71.8473, 90.368
117, 71.8604, 90.3847
118, 71.8733, 90.4014
119, 71.8733, 90.4014
120, 71.8871, 90.418
121, 71.9008, 90.4347
122, 71.9129, 90.4514
123, 71.9249, 90.468
124, 71.9371, 90.4847
125, 71.9371, 90.4847
126, 71.9499, 90.5014
127, 71.9639, 90.518
128, 71.9788, 90.5347
129, 71.9937, 90.5514
130, 72.0101, 90.568
131, 72.0101, 90.568
132, 72.0244, 90.5847
133, 72.0377, 90.6014
134, 72.0509, 90.618
135, 72.0638, 90.6347
136, 72.0776, 90.6514
137, 72.0776, 90.6514
138, 72.0898, 90.668
139, 72.1013, 90.6847
140, 72.1109, 90.7014
141, 72.1226, 90.718
142, 72.1364, 90.7347
143, 72.1364, 90.7347
144, 72.1494, 90.7514
145, 72.1626, 2.0525
146, 72.1776, 2.0692
147, 72.1933, 2.0859
148, 72.2093, 2.1025
149, 72.2093, 2.1025
150, 72.2237, 2.1192
151, 72.2381, 2.1359
152, 72.2533, 2.1525
153, 72.2666, 2.1692
154, 72.2789, 2.1859
155, 72.2789, 2.1859
156, 72.2923, 2.2025
157, 72.3031, 2.2192
158, 72.3165, 2.2359
159, 72.3323, 2.2525
160, 72.3472, 2.2692
161, 72.3472, 2.2692
162, 72.3591, 2.2859
163, 72.3714, 2.3025
164, 72.3814, 2.3192
165, 72.3938, 2.3359
166, 72.4069, 2.3525
167, 72.4069, 2.3525
168, 72.4186, 2.3692
169, 72.4294, 2.3859
170, 72.4413, 2.4025
171, 72.4544, 2.4192
172, 72.4544, 2.4192
173, 72.469, 2.4359
174, 72.4825, 2.4525
175, 72.4967, 2.4692
176, 72.5092, 2.4859
177, 72.5203, 2.5025
178, 72.5203, 2.5025
179, 72.5314, 2.5192
180, 72.5443, 2.5359
181, 72.5581, 2.5525
182, 72.5703, 2.5692
183, 72.5827, 2.5859
184, 72.5827, 2.5859
185, 72.5954, 2.6025
186, 72.6081, 2.6192
187, 72.6215, 2.6359
188, 72.6351, 2.6525
189, 72.6475, 2.6692
190, 72.6475, 2.6692
191, 72.6589, 2.6859
192, 72.6707, 2.7025
193, 72.6817, 2.7192
194, 72.6932, 2.7359
195, 72.7042, 2.7525
196, 72.7042, 2.7525
197, 72.7163, 2.7692
198, 72.7285, 2.7859
199, 72.7385, 2.8025
200, 72.7493, 2.8192
201, 72.7493, 2.8192
202, 72.761, 2.8359
203, 72.7748, 2.8525
204, 72.7888, 2.8692
205, 72.8025, 2.8859
206, 72.7813, 2.9025
207, 72.7813, 2.9025
208, 72.7221, 2.9192
209, 72.6862, 2.9359
210, 72.6623, 2.9525
211, 72.6937, 2.9692
212, 72.7189, 2.9859
213, 72.7189, 2.9859
214, 72.7198, 3.0025
215, 72.7187, 3.0192
216, 72.733, 3.0359
217, 72.7482, 3.0525
218, 72.7482, 3.0525
219, 72.7582, 3.0692
220, 72.7673, 3.0859
221, 72.7802, 3.1025
222, 72.7957, 3.1192
223, 72.8112, 3.1359
224, 72.8112, 3.1359
225, 72.8274, 3.1525
226, 72.8435, 3.1692
227, 72.8435, 3.1692
228, 72.8435, 3.1692
229, 72.8435, 3.1692
230, 72.8435, 3.1692
231, 72.8435, 3.1692
232, 72.9071, 3.2525
233, 72.9191, 3.2692
234, 72.9317, 3.2859
235, 72.9317, 3.2859
236, 72.9437, 3.3025
237, 72.9556, 3.3192
238, 72.9686, 3.3359
239, 72.9812, 3.3525
240, 72.9957, 3.3692
241, 72.9957, 3.3692
242, 73.0115, 3.3859
243, 73.0278, 3.4025
244, 73.0415, 3.4192
245, 73.0533, 3.4359
246, 73.0644, 3.4525
247, 73.0644, 3.4525
248, 73.0757, 3.4692
249, 73.0854, 3.4859
250, 73.0953, 3.5025
251, 73.1039, 3.5192
252, 73.1039, 3.5192
253, 73.1116, 3.5359
254, 73.1197, 3.5525
255, 73.13, 3.5692
256, 73.1417, 3.5859
257, 73.1534, 3.6025
258, 73.1534, 3.6025
259, 73.165, 3.6192
260, 73.1764, 3.6359
261, 73.1898, 3.6525
262, 73.2018, 3.6692
263, 73.2018, 3.6692
264, 73.2122, 3.6859
265, 73.2216, 3.7025
266, 73.2316, 3.7192
267, 73.2431, 3.7359
268, 73.252, 3.7525
269, 73.252, 3.7525
270, 73.261, 3.7692
271, 73.2717, 3.7859
272, 73.2864, 3.8025
273, 73.2969, 3.8192
274, 73.3062, 3.8359
275, 73.3062, 3.8359
276, 73.3143, 3.8525
277, 73.3254, 3.8692
278, 73.3382, 3.8859
279, 73.3517, 3.9025
280, 73.3517, 3.9025
281, 73.3638, 3.9192
282, 73.3771, 3.9359
283, 73.3906, 3.9525
284, 73.4037, 3.9692
285, 73.4168, 3.9859
286, 73.4168, 3.9859
287, 73.431, 4.0025
288, 73.4444, 4.0192
289, 73.4594, 4.0359
290, 73.4742, 4.0525
291, 73.4742, 4.0525
292, 73.4882, 4.0692
293, 73.5021, 4.0859
294, 73.5149, 4.1025
295, 73.5286, 4.1192
296, 73.5286, 4.1192
297, 73.5421, 4.1359
298, 73.5551, 4.1525
299, 73.5686, 4.1692
300, 73.5803, 4.1859
301, 73.5927, 4.2025
302, 73.5927, 4.2025
303, 73.605, 4.2192
304, 73.6171, 4.2359
305, 73.6294, 4.2525
306, 73.6417, 4.2692
307, 73.6417, 4.2692
308, 73.6545, 4.2859
309, 73.6682, 4.3025
310, 73.6826, 4.3192
311, 73.6967, 4.3359
312, 73.7109, 4.3525
313, 73.7109, 4.3525
314, 73.7254, 4.3692
315, 73.7381, 4.3859
316, 73.7513, 4.4025
317, 73.7655, 4.4192
318, 73.7655, 4.4192
319, 73.7786, 4.4359
320, 73.7924, 4.4525
321, 73.8052, 4.4692
322, 73.8175, 4.4859
323, 73.8175, 4.4859
324, 73.832, 4.5025
325, 73.8442, 4.5192
326, 73.8591, 4.5359
327, 73.8726, 4.5525
328, 73.8843, 4.5692
329, 73.8843, 4.5692
330, 73.8967, 4.5859
331, 73.9056, 4.6025
332, 73.9173, 4.6192
333, 73.9289, 4.6359
334, 73.9289, 4.6359
335, 73.9403, 4.6525
336, 73.9557, 4.6692
337, 73.9645, 4.6859
338, 73.975, 4.7025
339, 73.975, 4.7025
340, 73.9881, 4.7192
341, 73.999, 4.7359
342, 74.0127, 4.7525
343, 74.0233, 4.7692
344, 74.0328, 4.7859
345, 74.0328, 4.7859
346, 74.0445, 4.8025
347, 74.053, 4.8192
348, 74.0649, 4.8359
349, 74.0746, 4.8525
350, 74.0746, 4.8525
351, 74.0836, 4.8692
352, 74.0944, 4.8859
353, 74.104, 4.9025
354, 74.1128, 4.9192
355, 74.1128, 4.9192
356, 74.1228, 4.9359
357, 74.1295, 4.9525
358, 74.1395, 4.9692
359, 74.1494, 4.9859
360, 74.158, 5.0025
361, 74.158, 5.0025
362, 74.1703, 5.0192
363, 74.1771, 5.0359
364, 74.1896, 5.0525
365, 74.2022, 5.0692
366, 74.2022, 5.0692
367, 74.2117, 5.0859
368, 74.2264, 5.1025
369, 74.2363, 5.1192
370, 74.2477, 5.1359
371, 74.2477, 5.1359
372, 74.2615, 5.1525
373, 74.2726, 5.1692
374, 74.2861, 5.1859
375, 74.2962, 5.2025
376, 74.2962, 5.2025
377, 74.305, 5.2192
378, 74.3178, 5.2359
379, 74.3303, 5.2525
380, 74.3447, 5.2692
381, 74.3447, 5.2692
382, 74.3568, 5.2859
383, 74.3669, 5.3025
384, 74.3806, 5.3192
385, 74.3922, 5.3359
386, 74.4032, 5.3525
387, 74.4032, 5.3525
388, 74.4197, 5.3692
389, 74.4315, 5.3859
390, 74.4448, 5.4025
391, 74.4556, 5.4192
392, 74.4556, 5.4192
393, 74.4656, 5.4359
394, 74.4783, 5.4525
395, 74.4875, 5.4692
396, 74.4961, 5.4859
397, 74.4961, 5.4859
398, 74.5053, 5.5025
399, 74.5121, 5.5192
400, 74.5214, 5.5359
401, 74.529, 5.5525
402, 74.529, 5.5525
403, 74.5386, 5.5692
404, 74.5511, 5.5859
405, 74.5623, 5.6025
406, 74.574, 5.6192
407, 74.574, 5.6192
408, 74.5852, 5.6359
409, 74.5964, 5.6525
410, 74.6008, 5.6692
411, 74.5953, 5.6859
412, 74.5953, 5.6859
413, 74.5805, 5.7025
414, 74.5472, 5.7192
415, 74.5079, 5.7359
416, 74.4666, 5.7525
417, 74.4227, 5.7692
418, 74.4227, 5.7692
419, 74.3589, 5.7859
420, 74.2851, 5.8025
421, 74.2342, 5.8192
422, 74.1911, 5.8359
423, 74.1911, 5.8359
424, 74.1321, 5.8525
425, 74.0714, 5.8692
426, 74.0125, 5.8859
427, 73.9574, 5.9025
428, 73.9574, 5.9025
429, 73.8978, 5.9192
430, 73.8359, 5.9359
431, 73.7753, 5.9525
432, 73.714, 5.9692
433, 73.6538, 5.9859
434, 73.6538, 5.9859
435, 73.5942, 6.0025
436, 73.5364, 6.0192
437, 73.4802, 6.0359
438, 73.4285, 6.0525
439, 73.4285, 6.0525
440, 73.3765, 6.0692
441, 73.3224, 6.0859
442, 73.2666, 6.1025
443, 73.2094, 6.1192
444, 73.1525, 6.1359
445, 73.1525, 6.1359
446, 73.0923, 6.1525
447, 73.0322, 6.1692
448, 72.9737, 6.1859
449, 72.9134, 6.2025
450, 72.8548, 6.2192
451, 72.8548, 6.2192
452, 72.7972, 6.2359
453, 72.7371, 6.2525
454, 72.677, 6.2692
455, 72.6174, 6.2859
456, 72.6174, 6.2859
457, 72.5533, 6.3025
458, 72.4887, 6.3192
459, 72.4203, 6.3359
460, 72.3489, 6.3525
461, 72.2795, 6.3692
462, 72.2795, 6.3692
463, 72.2112, 6.3859
464, 72.1435, 6.4025
465, 72.0751, 6.4192
466, 72.0094, 6.4359
467, 71.9453, 6.4525
468, 71.9453, 6.4525
469, 71.8819, 6.4692
470, 71.8195, 6.4859
471, 71.758, 6.5025
472, 71.6973, 6.5192
473, 71.6379, 6.5359
474, 71.6379, 6.5359
475, 71.5776, 6.5525
476, 71.517, 6.5692
477, 71.4562, 6.5859
478, 71.3949, 6.6025
479, 71.3318, 6.6192
480, 71.2692, 6.6359
481, 71.2692, 6.6359
482, 71.207, 6.6525
483, 71.1429, 6.6692
484, 71.0791, 6.6859
485, 71.0163, 6.7025
486, 70.9506, 6.7192
487, 70.9506, 6.7192
488, 70.8872, 6.7359
489, 70.8216, 6.7525
490, 70.7559, 6.7692
491, 70.6902, 6.7859
492, 70.6238, 6.8025
493, 70.5585, 6.8192
494, 70.5585, 6.8192
495, 70.4937, 6.8359
496, 70.4298, 6.8525
497, 70.3658, 6.8692
498, 70.3023, 6.8859
499, 70.238, 6.9025
500, 70.238, 6.9025
501, 70.1705, 6.9192
502, 70.1031, 6.9359
503, 70.0327, 6.9525
504, 69.9651, 6.9692
505, 69.8974, 6.9859
506, 69.8302, 7.0025
507, 69.8302, 7.0025
508, 69.7643, 7.0192
509, 69.6979, 7.0359
510, 69.6346, 7.0525
511, 69.5714, 7.0692
512, 69.5115, 7.0859
513, 69.4537, 7.1025
514, 69.4537, 7.1025
515, 69.3985, 7.1192
516, 69.3419, 7.1359
517, 69.2868, 7.1525
518, 69.2317, 7.1692
519, 69.1757, 7.1859
520, 69.1199, 7.2025
521, 69.1199, 7.2025
522, 69.0648, 7.2192
523, 69.0097, 7.2359
524, 68.9544, 7.2525
525, 68.8992, 7.2692
526, 68.8445, 7.2859
527, 68.7902, 7.3025
528, 68.7346, 7.3192
529, 68.7346, 7.3192
530, 68.6794, 7.3359
531, 68.6239, 7.3525
532, 68.5684, 7.3692
533, 68.512, 7.3859
534, 68.4544, 7.4025
535, 68.3959, 7.4192
536, 68.3959, 7.4192
537, 68.3328, 7.4359
538, 68.2701, 7.4525
539, 68.2054, 7.4692
540, 68.139, 7.4859
541, 68.0749, 7.5025
542, 68.0098, 7.5192
543, 67.9461, 7.5359
544, 67.9461, 7.5359
545, 67.8816, 7.5525
546, 67.8212, 7.5692
547, 67.7593, 7.5859
548, 67.7006, 7.6025
549, 67.6419, 7.6192
550, 67.5829, 7.6359
551, 67.5274, 7.6525
552, 67.5274, 7.6525
553, 67.4705, 7.6692
554, 67.414, 7.6859
555, 67.3575, 7.7025
556, 67.3014, 7.7192
557, 67.2453, 7.7359
558, 67.1874, 7.7525
559, 67.131, 7.7692
560, 67.0712, 7.7859
561, 67.0712, 7.7859
562, 67.0129, 7.8025
563, 66.9509, 7.8192
564, 66.8877, 7.8359
565, 66.823, 7.8525
566, 66.7568, 7.8692
567, 66.6931, 7.8859
568, 66.6244, 7.9025
569, 66.5591, 7.9192
570, 66.5591, 7.9192
571, 66.4881, 7.9359
572, 66.4208, 7.9525
573, 66.3533, 7.9692
574, 66.2846, 7.9859
575, 66.2196, 8.0025
576, 66.152, 8.0192
577, 66.0894, 8.0359
578, 66.0223, 8.0525
579, 65.9592, 8.0692
580, 65.9592, 8.0692
581, 65.8899, 8.0859
582, 65.8203, 8.1025
583, 65.7461, 8.1192
584, 65.6724, 8.1359
585, 65.6017, 8.1525
586, 65.5316, 8.1692
587, 65.4651, 8.1859
588, 65.3993, 8.2025
589, 65.3341, 8.2192
590, 65.2711, 8.2359
591, 65.2091, 8.2525
592, 65.2091, 8.2525
593, 65.1456, 8.2692
594, 65.0823, 8.2859
595, 65.0198, 8.3025
596, 64.9591, 8.3192
597, 64.8971, 8.3359
598, 64.8333, 8.3525
599, 64.7696, 8.3692
600, 64.7061, 8.3859
601, 64.6393, 8.4025
602, 64.5708, 8.4192
603, 64.5017, 8.4359
604, 64.4293, 8.4525
605, 64.4293, 8.4525
606, 64.3545, 8.4692
607, 64.2803, 8.4859
608, 64.2056, 8.5025
609, 64.1311, 8.5192
610, 64.0565, 8.5359
611, 63.9825, 8.5525
612, 63.9107, 8.5692
613, 63.84, 8.5859
614, 63.7726, 8.6025
615, 63.707, 8.6192
616, 63.6412, 8.6359
617, 63.5748, 8.6525
618, 63.5098, 8.6692
619, 63.4448, 8.6859
620, 63.3801, 8.7025
621, 63.3155, 8.7192
622, 63.2496, 8.7359
623, 63.1833, 8.7525
624, 63.1833, 8.7525
625, 63.1186, 8.7692
626, 63.0585, 8.7859
627, 63.0003, 8.8025
628, 62.9417, 8.8192
629, 62.9126, 8.8359
630, 62.8789, 8.8525
631, 62.8232, 8.8692
632, 62.7727, 8.8859
633, 62.7316, 8.9025
634, 62.6891, 8.9192
635, 62.6424, 8.9359
636, 62.597, 8.9525
637, 62.5502, 8.9692
638, 62.5025, 8.9859
639, 62.4557, 9.0025
640, 62.4098, 9.0192
641, 62.3674, 9.0359
642, 62.3279, 9.0525
643, 62.2876, 9.0692
644, 62.2484, 9.0859
645, 62.2107, 9.1025
646, 62.1724, 9.1192
647, 62.13, 9.1359
648, 62.0837, 9.1525
649, 62.0343, 9.1692
650, 61.9862, 9.1859
651, 61.9393, 9.2025
652, 61.8911, 9.2192
653, 61.8436, 9.2359
654, 61.795, 9.2525
655, 61.7481, 9.2692
656, 61.7017, 9.2859
657, 61.6557, 9.3025
658, 61.6101, 9.3192
659, 61.5631, 9.3359
660, 61.5159, 9.3525
661, 61.4678, 9.3692
662, 61.4174, 9.3859
663, 61.3663, 9.4025
664, 61.3188, 9.4192
665, 61.2722, 9.4359
666, 61.2273, 9.4525
667, 61.1849, 9.4692
668, 61.1439, 9.4859
669, 61.1053, 9.5025
670, 61.0696, 9.5192
671, 61.0358, 9.5359
672, 61.0046, 9.5525
673, 60.9758, 9.5692
674, 60.9478, 9.5859
675, 60.9214, 9.6025
676, 60.8963, 9.6192
677, 60.8754, 9.6359
678, 60.857, 9.6525
679, 60.8415, 9.6692
680, 60.8279, 9.6859
681, 60.8181, 9.7025
682, 60.8107, 9.7192
683, 60.8064, 9.7359
684, 60.8021, 9.7525
685, 60.7986, 9.7692
686, 60.7963, 9.7859
687, 60.795, 9.8025
688, 60.7924, 9.8192
689, 60.7898, 9.8359
690, 60.7884, 9.8525
691, 60.788, 9.8692
692, 60.786, 9.8859
693, 60.7859, 9.9025
694, 60.787, 9.9192
695, 60.7877, 9.9359
696, 60.7891, 9.9525
697, 60.7904, 9.9692
698, 60.7934, 9.9859
699, 60.7975, 10.0025
700, 60.8045, 10.0192
701, 60.8135, 10.0359
702, 60.8225, 10.0525
703, 60.8311, 10.0692
704, 60.8393, 10.0859
705, 60.8471, 10.1025
706, 60.855, 10.1192
707, 60.8627, 10.1359
708, 60.8708, 10.1525
709, 60.881, 10.1692
710, 60.8929, 10.1859
711, 60.9051, 10.2025
712, 60.9166, 10.2192
713, 60.9272, 10.2359
714, 60.9392, 10.2525
715, 60.9537, 10.2692
716, 60.9537, 10.2692
717, 60.9676, 10.2859
718, 60.9817, 10.3025
719, 60.9949, 10.3192
720, 61.01, 10.3359
721, 61.0254, 10.3525
722, 61.0424, 10.3692
723, 61.0597, 10.3859
724, 61.0777, 10.4025
725, 61.0956, 10.4192
726, 61.1135, 10.4359
727, 61.1325, 10.4525
728, 61.151, 10.4692
729, 61.1695, 10.4859
730, 61.1875, 10.5025
731, 61.2062, 10.5192
732, 61.2248, 10.5359
733, 61.2439, 10.5525
734, 61.2619, 10.5692
735, 61.2796, 10.5859
736, 61.2988, 10.6025
737, 61.3176, 10.6192
738, 61.3372, 10.6359
739, 61.3569, 10.6525
740, 61.378, 10.6692
741, 61.3986, 10.6859
742, 61.4201, 10.7025
743, 61.4435, 10.7192
744, 61.4675, 10.7359
745, 61.4902, 10.7525
746, 61.5128, 10.7692
747, 61.537, 10.7859
748, 61.562, 10.8025
749, 61.5859, 10.8192
750, 61.6092, 10.8359
751, 61.6318, 10.8525
752, 61.6542, 10.8692
753, 61.6766, 10.8859
754, 61.6993, 10.9025
755, 61.7205, 10.9192
756, 61.7407, 10.9359
757, 61.7614, 10.9525
758, 61.7809, 10.9692
759, 61.7995, 10.9859
760, 61.8181, 11.0025
761, 61.8363, 11.0192
762, 61.8542, 11.0359
763, 61.8716, 11.0525
764, 61.8895, 11.0692
765, 61.906, 11.0859
766, 61.9224, 11.1025
767, 61.9408, 11.1192
768, 61.9604, 11.1359
769, 61.9781, 11.1525
770, 61.9781, 11.1525
771, 61.9945, 11.1692
772, 62.0107, 11.1859
773, 62.0303, 11.2025
774, 62.049, 11.2192
775, 62.0667, 11.2359
776, 62.0806, 11.2525
777, 62.0965, 11.2692
778, 62.1129, 11.2859
779, 62.1311, 11.3025
780, 62.1494, 11.3192
781, 62.1667, 11.3359
782, 62.1828, 11.3525
783, 62.1969, 11.3692
784, 62.2135, 11.3859
785, 62.2319, 11.4025
786, 62.2507, 11.4192
787, 62.2676, 11.4359
788, 62.2802, 11.4525
789, 62.2854, 11.4692
790, 62.2823, 11.4859
791, 62.2718, 11.5025
792, 62.251, 11.5192
793, 62.2175, 11.5359
794, 62.1655, 11.5525
795, 62.1057, 11.5692
796, 62.1057, 11.5692
797, 62.0459, 11.5859
798, 61.9663, 11.6025
799, 61.8607, 11.6192
800, 61.7724, 11.6359
801, 61.6906, 11.6525
802, 61.5907, 11.6692
803, 61.4766, 11.6859
804, 61.3535, 11.7025
805, 61.2245, 11.7192
806, 61.0851, 11.7359
807, 60.934, 11.7525
808, 60.7742, 11.7692
809, 60.6042, 11.7859
810, 60.4241, 11.8025
811, 60.2346, 11.8192
812, 60.0312, 11.8359
813, 59.8201, 11.8525
814, 59.5975, 11.8692
815, 59.3652, 11.8859
816, 59.1269, 11.9025
817, 58.8822, 11.9192
818, 58.6331, 11.9359
819, 58.3817, 11.9525
820, 58.125, 11.9692
821, 57.8655, 11.9859
822, 57.6066, 12.0025
823, 57.346, 12.0192
824, 57.0853, 12.0359
825, 56.8339, 12.0525
826, 56.5885, 12.0692
827, 56.3458, 12.0859
828, 56.1117, 12.1025
829, 55.881, 12.1192
830, 55.6487, 12.1359
831, 55.4158, 12.1525
832, 54.9623, 12.1859
833, 54.7601, 12.2025
834, 54.5506, 12.2192
835, 54.3284, 12.2359
836, 54.1017, 12.2525
837, 53.8551, 12.2692
838, 53.6304, 12.2859
839, 53.4264, 12.3025
840, 53.2265, 12.3192
841, 53.0215, 12.3359
842, 52.8099, 12.3525
843, 52.4038, 12.3859
844, 52.215, 12.4025
845, 52.0207, 12.4192
846, 51.827, 12.4359
847, 51.6405, 12.4525
848, 51.4583, 12.4692
849, 51.2745, 12.4859
850, 51.0822, 12.5025
851, 50.6851, 12.5359
852, 50.4847, 12.5525
853, 50.2887, 12.5692
854, 50.0907, 12.5859
855, 49.8925, 12.6025
856, 49.5001, 12.6359
857, 49.3032, 12.6525
858, 49.1084, 12.6692
859, 48.9145, 12.6859
860, 48.7206, 12.7025
861, 48.3428, 12.7359
862, 48.1577, 12.7525
863, 47.9811, 12.7692
864, 47.8169, 12.7859
865, 47.6385, 12.8025
866, 47.259, 12.8359
867, 47.0355, 12.8525
868, 46.8273, 12.8692
869, 46.6367, 12.8859
870, 46.2633, 12.9192
871, 46.0742, 12.9359
872, 45.8805, 12.9525
873, 45.5066, 12.9859
874, 45.325, 13.0025
875, 45.1435, 13.0192
876, 44.9616, 13.0359
877, 44.5938, 13.0692
878, 44.4194, 13.0859
879, 44.2518, 13.1025
880, 43.9297, 13.1359
881, 43.7684, 13.1525
882, 43.6058, 13.1692
883, 43.2964, 13.2025
884, 43.1421, 13.2192
885, 42.825, 13.2525
886, 42.6741, 13.2692
887, 42.5257, 13.2859
888, 42.2262, 13.3192
889, 42.0808, 13.3359
890, 41.7955, 13.3692
891, 41.6533, 13.3859
892, 41.3648, 13.4192
893, 41.2267, 13.4359
894, 40.9566, 13.4692
895, 40.8259, 13.4859
896, 40.7026, 13.5025
897, 40.4668, 13.5359
898, 40.3531, 13.5525
899, 40.1438, 13.5859
900, 39.9564, 13.6192
901, 39.8665, 13.6359
902, 39.677, 13.6692
903, 39.5801, 13.6859
904, 39.3088, 13.7192
905, 39.1777, 13.7359
906, 38.9684, 13.7692
907, 38.8693, 13.7859
908, 38.6465, 13.8192
909, 38.4149, 13.8525
910, 38.305, 13.8692
911, 38.0981, 13.9025
912, 37.9897, 13.9192
913, 37.7786, 13.9525
914, 37.5809, 13.9859
915, 37.4904, 14.0025
916, 37.3254, 14.0359
917, 37.1761, 14.0692
918, 37.1095, 14.0859
919, 36.9932, 14.1192
920, 36.8925, 14.1525
921, 36.8445, 14.1692
922, 36.7485, 14.2025
923, 36.653, 14.2359
924, 36.6092, 14.2525
925, 36.5331, 14.2859
926, 36.4638, 14.3192
927, 36.3963, 14.3525
928, 36.3618, 14.3692
929, 36.2924, 14.4025
930, 36.2232, 14.4359
931, 36.1628, 14.4692
932, 36.1376, 14.4859
933, 36.0805, 14.5192
934, 36.0215, 14.5525
935, 35.9753, 14.5859
936, 35.9594, 14.6025
937, 35.9357, 14.6359
938, 35.916, 14.6692
939, 35.9006, 14.7025
940, 35.8962, 14.7192
941, 35.8938, 14.7525
942, 35.8989, 14.7859
943, 35.9076, 14.8192
944, 35.9124, 14.8359
945, 35.9264, 14.8692
946, 35.9464, 14.9025
947, 35.9734, 14.9359
948, 35.9888, 14.9525
949, 36.0187, 14.9859
950, 36.0429, 15.0192
951, 36.0486, 15.0525
952, 36.0452, 15.0692
953, 36.0282, 15.1025
954, 35.9791, 15.1359
955, 35.9201, 15.1692
956, 35.8617, 15.1859
957, 35.7343, 15.2192
958, 35.6703, 15.2525
959, 35.608, 15.2859
960, 35.5643, 15.3025
961, 35.4738, 15.3359
962, 35.3976, 15.3692
963, 35.3215, 15.4025
964, 35.2389, 15.4359
965, 35.1982, 15.4525
966, 35.119, 15.4859
967, 35.0396, 15.5192
968, 34.9602, 15.5525
969, 34.8803, 15.5859
970, 34.8406, 15.6025
971, 34.762, 15.6359
972, 34.6821, 15.6692
973, 34.6016, 15.7025
974, 34.523, 15.7359
975, 34.446, 15.7692
976, 34.4081, 15.7859
977, 34.3331, 15.8192
978, 34.2684, 15.8525
979, 34.22, 15.8859
980, 34.183, 15.9192
981, 34.2194, 15.9525
982, 34.2265, 15.9859
983, 34.2247, 16.0025
984, 34.2375, 16.0359
985, 34.2712, 16.0692
986, 34.2995, 16.1025
987, 34.3258, 16.1359
988, 34.343, 16.1525
989, 34.3814, 16.1859
990, 34.4198, 16.2192
991, 34.4632, 16.2525
992, 34.5107, 16.2859
993, 34.5598, 16.3192
994, 34.5855, 16.3359
995, 34.6395, 16.3692
996, 34.7003, 16.4025
997, 34.7722, 16.4359
998, 34.8539, 16.4692
999, 34.8993, 16.4859
1000, 34.9979, 16.5192
1001, 35.1062, 16.5525
1002, 35.2196, 16.5859
1003, 35.3407, 16.6192
1004, 35.4016, 16.6359
1005, 35.5266, 16.6692
1006, 35.6518, 16.7025
1007, 35.7806, 16.7359
1008, 35.8446, 16.7525
1009, 35.9668, 16.7859
1010, 36.0833, 16.8192
1011, 36.1402, 16.8359
1012, 36.256, 16.8692
1013, 36.3666, 16.9025
1014, 36.4681, 16.9359
1015, 36.5166, 16.9525
1016, 36.6105, 16.9859
1017, 36.7016, 17.0192
1018, 36.7459, 17.0359
1019, 36.8308, 17.0692
1020, 36.9124, 17.1025
1021, 36.9527, 17.1192
1022, 37.033, 17.1525
1023, 37.0719, 17.1692
1024, 37.1477, 17.2025
1025, 37.2237, 17.2359
1026, 37.2621, 17.2525
1027, 37.3404, 17.2859
1028, 37.417, 17.3192
1029, 37.4538, 17.3359
1030, 37.5254, 17.3692
1031, 37.6011, 17.4025
1032, 37.643, 17.4192
1033, 37.7313, 17.4525
1034, 37.7777, 17.4692
1035, 37.871, 17.5025
1036, 37.9638, 17.5359
1037, 38.0108, 17.5525
1038, 38.1041, 17.5859
1039, 38.1497, 17.6025
1040, 38.2423, 17.6359
1041, 38.2877, 17.6525
1042, 38.3758, 17.6859
1043, 38.4639, 17.7192
1044, 38.509, 17.7359
1045, 38.6001, 17.7692
1046, 38.6478, 17.7859
1047, 38.7523, 17.8192
1048, 38.8117, 17.8359
1049, 38.9449, 17.8692
1050, 39.0163, 17.8859
1051, 39.1623, 17.9192
1052, 39.2354, 17.9359
1053, 39.383, 17.9692
1054, 39.4579, 17.9859
1055, 39.6061, 18.0192
1056, 39.6791, 18.0359
1057, 39.8247, 18.0692
1058, 39.898, 18.0859
1059, 40.0465, 18.1192
1060, 40.1218, 18.1359
1061, 40.2717, 18.1692
1062, 40.3458, 18.1859
1063, 40.492, 18.2192
1064, 40.5663, 18.2359
1065, 40.7157, 18.2692
1066, 40.7891, 18.2859
1067, 40.8631, 18.3025
1068, 41.0089, 18.3359
1069, 41.0807, 18.3525
1070, 41.2257, 18.3859
1071, 41.3013, 18.4025
1072, 41.4527, 18.4359
1073, 41.5282, 18.4525
1074, 41.6745, 18.4859
1075, 41.7476, 18.5025
1076, 41.8222, 18.5192
1077, 41.9749, 18.5525
1078, 42.0514, 18.5692
1079, 42.0514, 18.5692
1080, 42.0514, 18.5692
1081, 42.0514, 18.5692
1082, 42.5054, 18.6692
1083, 42.5828, 18.6859
1084, 42.7373, 18.7192
1085, 42.8134, 18.7359
1086, 42.8896, 18.7525
1087, 43.042, 18.7859
1088, 43.1178, 18.8025
1089, 43.1932, 18.8192
1090, 43.3428, 18.8525
1091, 43.4175, 18.8692
1092, 43.5656, 18.9025
1093, 43.6405, 18.9192
1094, 43.7149, 18.9359
1095, 43.8641, 18.9692
1096, 43.9372, 18.9859
1097, 44.0095, 19.0025
1098, 44.1528, 19.0359
1099, 44.2249, 19.0525
1100, 44.297, 19.0692
1101, 44.4386, 19.1025
1102, 44.5074, 19.1192
1103, 44.5749, 19.1359
1104, 44.7105, 19.1692
1105, 44.7793, 19.1859
1106, 44.8479, 19.2025
1107, 44.985, 19.2359
1108, 45.0513, 19.2525
1109, 45.1183, 19.2692
1110, 45.2481, 19.3025
1111, 45.3134, 19.3192
1112, 45.3792, 19.3359
1113, 45.4452, 19.3525
1114, 45.5748, 19.3859
1115, 45.6387, 19.4025
1116, 45.7016, 19.4192
1117, 45.8298, 19.4525
1118, 45.8946, 19.4692
1119, 45.959, 19.4859
1120, 46.0859, 19.5192
1121, 46.1502, 19.5359
1122, 46.2136, 19.5525
1123, 46.2762, 19.5692
1124, 46.4014, 19.6025
1125, 46.4663, 19.6192
1126, 46.5321, 19.6359
1127, 46.6604, 19.6692
1128, 46.7215, 19.6859
1129, 46.7775, 19.7025
1130, 46.8348, 19.7192
1131, 46.9579, 19.7525
1132, 47.0226, 19.7692
1133, 47.087, 19.7859
1134, 47.1482, 19.8025
1135, 47.2618, 19.8359
1136, 47.3185, 19.8525
1137, 47.3785, 19.8692
1138, 47.4409, 19.8859
1139, 47.5689, 19.9192
1140, 47.6297, 19.9359
1141, 47.6916, 19.9525
1142, 47.7516, 19.9692
1143, 47.8737, 20.0025
1144, 47.9353, 20.0192
1145, 47.9958, 20.0359
1146, 48.056, 20.0525
1147, 48.1788, 20.0859
1148, 48.2405, 20.1025
1149, 48.3019, 20.1192
1150, 48.3623, 20.1359
1151, 48.4839, 20.1692
1152, 48.5444, 20.1859
1153, 48.6036, 20.2025
1154, 48.662, 20.2192
1155, 48.7786, 20.2525
1156, 48.8378, 20.2692
1157, 48.8979, 20.2859
1158, 48.9579, 20.3025
1159, 49.0173, 20.3192
1160, 49.1346, 20.3525
1161, 49.193, 20.3692
1162, 49.2519, 20.3859
1163, 49.3106, 20.4025
1164, 49.3686, 20.4192
1165, 49.4812, 20.4525
1166, 49.5346, 20.4692
1167, 49.5583, 20.4859
1168, 49.5105, 20.5025
1169, 49.4985, 20.5192
1170, 49.553, 20.5525
1171, 49.6234, 20.5692
1172, 49.6897, 20.5859
1173, 49.7363, 20.6025
1174, 49.7739, 20.6192
1175, 49.8717, 20.6525
1176, 49.9304, 20.6692
1177, 49.9851, 20.6859
1178, 50.0349, 20.7025
1179, 50.0837, 20.7192
1180, 50.1868, 20.7525
1181, 50.2401, 20.7692
1182, 50.2934, 20.7859
1183, 50.3468, 20.8025
1184, 50.4, 20.8192
1185, 50.5046, 20.8525
1186, 50.5564, 20.8692
1187, 50.6118, 20.8859
1188, 50.6666, 20.9025
1189, 50.7206, 20.9192
1190, 50.8195, 20.9525
1191, 50.8679, 20.9692
1192, 50.9171, 20.9859
1193, 50.9687, 21.0025
1194, 51.0211, 21.0192
1195, 51.073, 21.0359
1196, 51.1774, 21.0692
1197, 51.2287, 21.0859
1198, 51.2788, 21.1025
1199, 51.3287, 21.1192
1200, 51.3796, 21.1359
1201, 51.431, 21.1525
1202, 51.5322, 21.1859
1203, 51.5813, 21.2025
1204, 51.6313, 21.2192
1205, 51.6313, 21.2192
1206, 51.6313, 21.2192
1207, 51.6313, 21.2192
1208, 51.6313, 21.2192
1209, 51.9314, 21.3192
1210, 51.9815, 21.3359
1211, 52.0326, 21.3525
1212, 52.0844, 21.3692
1213, 52.1362, 21.3859
1214, 52.2345, 21.4192
1215, 52.2838, 21.4359
1216, 52.3331, 21.4525
1217, 52.3849, 21.4692
1218, 52.4369, 21.4859
1219, 52.4883, 21.5025
1220, 52.5377, 21.5192
1221, 52.6374, 21.5525
1222, 52.6875, 21.5692
1223, 52.7364, 21.5859
1224, 52.7855, 21.6025
1225, 52.8337, 21.6192
1226, 52.8832, 21.6359
1227, 52.9329, 21.6525
1228, 52.9823, 21.6692
1229, 53.0829, 21.7025
1230, 53.1335, 21.7192
1231, 53.1847, 21.7359
1232, 53.2371, 21.7525
1233, 53.2888, 21.7692
1234, 53.3388, 21.7859
1235, 53.3871, 21.8025
1236, 53.4818, 21.8359
1237, 53.5284, 21.8525
1238, 53.575, 21.8692
1239, 53.6213, 21.8859
1240, 53.6674, 21.9025
1241, 53.7133, 21.9192
1242, 53.7599, 21.9359
1243, 53.808, 21.9525
1244, 53.8557, 21.9692
1245, 53.9527, 22.0025
1246, 54.0017, 22.0192
1247, 54.0508, 22.0359
1248, 54.0995, 22.0525
1249, 54.1465, 22.0692
1250, 54.1927, 22.0859
1251, 54.2385, 22.1025
1252, 54.2847, 22.1192
1253, 54.3309, 22.1359
1254, 54.4214, 22.1692
1255, 54.4654, 22.1859
1256, 54.5091, 22.2025
1257, 54.5537, 22.2192
1258, 54.5974, 22.2359
1259, 54.6392, 22.2525
1260, 54.6826, 22.2692
1261, 54.7295, 22.2859
1262, 54.7801, 22.3025
1263, 54.831, 22.3192
1264, 54.9207, 22.3525
1265, 54.9626, 22.3692
1266, 55.006, 22.3859
1267, 55.0513, 22.4025
1268, 55.0962, 22.4192
1269, 55.1391, 22.4359
1270, 55.1813, 22.4525
1271, 55.2236, 22.4692
1272, 55.2671, 22.4859
1273, 55.3118, 22.5025
1274, 55.3564, 22.5192
1275, 55.4409, 22.5525
1276, 55.4838, 22.5692
1277, 55.5257, 22.5859
1278, 55.5687, 22.6025
1279, 55.6119, 22.6192
1280, 55.6546, 22.6359
1281, 55.6953, 22.6525
1282, 55.7376, 22.6692
1283, 55.7835, 22.6859
1284, 55.8282, 22.7025
1285, 55.8706, 22.7192
1286, 55.9091, 22.7359
1287, 55.9476, 22.7525
1288, 56.0279, 22.7859
1289, 56.0702, 22.8025
1290, 56.111, 22.8192
1291, 56.1507, 22.8359
1292, 56.1904, 22.8525
1293, 56.2295, 22.8692
1294, 56.2696, 22.8859
1295, 56.3109, 22.9025
1296, 56.3538, 22.9192
1297, 56.3972, 22.9359
1298, 56.4396, 22.9525
1299, 56.4822, 22.9692
1300, 56.5231, 22.9859
1301, 56.5624, 23.0025
1302, 56.6008, 23.0192
1303, 56.6379, 23.0359
1304, 56.7105, 23.0692
1305, 56.7501, 23.0859
1306, 56.7937, 23.1025
1307, 56.8386, 23.1192
1308, 56.8814, 23.1359
1309, 56.9208, 23.1525
1310, 56.9566, 23.1692
1311, 56.995, 23.1859
1312, 57.0349, 23.2025
1313, 57.0741, 23.2192
1314, 57.1134, 23.2359
1315, 57.1506, 23.2525
1316, 57.1882, 23.2692
1317, 57.227, 23.2859
1318, 57.267, 23.3025
1319, 57.3046, 23.3192
1320, 57.3414, 23.3359
1321, 57.3781, 23.3525
1322, 57.4167, 23.3692
1323, 57.4981, 23.4025
1324, 57.5372, 23.4192
1325, 57.575, 23.4359
1326, 57.6125, 23.4525
1327, 57.651, 23.4692
1328, 57.6902, 23.4859
1329, 57.7292, 23.5025
1330, 57.7678, 23.5192
1331, 57.8057, 23.5359
1332, 57.845, 23.5525
1333, 57.8853, 23.5692
1334, 57.925, 23.5859
1335, 57.964, 23.6025
1336, 58.0017, 23.6192
1337, 58.0389, 23.6359
1338, 58.077, 23.6525
1339, 58.1162, 23.6692
1340, 58.1552, 23.6859
1341, 58.1939, 23.7025
1342, 58.233, 23.7192
1343, 58.2711, 23.7359
1344, 58.3081, 23.7525
1345, 58.3452, 23.7692
1346, 58.3815, 23.7859
1347, 58.4169, 23.8025
1348, 58.4535, 23.8192
1349, 58.4919, 23.8359
1350, 58.5307, 23.8525
1351, 58.5701, 23.8692
1352, 58.654, 23.9025
1353, 58.6964, 23.9192
1354, 58.7377, 23.9359
1355, 58.7744, 23.9525
1356, 58.8102, 23.9692
1357, 58.8485, 23.9859
1358, 58.8881, 24.0025
1359, 58.9311, 24.0192
1360, 58.9713, 24.0359
1361, 59.0074, 24.0525
1362, 59.0462, 24.0692
1363, 59.0838, 24.0859
1364, 59.1194, 24.1025
1365, 59.1511, 24.1192
1366, 59.1847, 24.1359
1367, 59.2282, 24.1525
1368, 59.2716, 24.1692
1369, 59.313, 24.1859
1370, 59.3561, 24.2025
1371, 59.3944, 24.2192
1372, 59.4304, 24.2359
1373, 59.4726, 24.2525
1374, 59.5094, 24.2692
1375, 59.5479, 24.2859
1376, 59.588, 24.3025
1377, 59.6247, 24.3192
1378, 59.6612, 24.3359
1379, 59.6972, 24.3525
1380, 59.7349, 24.3692
1381, 59.7748, 24.3859
1382, 59.8153, 24.4025
1383, 59.8555, 24.4192
1384, 59.8951, 24.4359
1385, 59.9359, 24.4525
1386, 59.9775, 24.4692
1387, 60.0164, 24.4859
1388, 60.0201, 24.5025
1389, 59.9711, 24.5192
1390, 59.957, 24.5359
1391, 59.967, 24.5525
1392, 60.0076, 24.5692
1393, 60.0566, 24.5859
1394, 60.0933, 24.6025
1395, 60.1216, 24.6192
1396, 60.1548, 24.6359
1397, 60.1937, 24.6525
1398, 60.2303, 24.6692
1399, 60.2634, 24.6859
1400, 60.2958, 24.7025
1401, 60.3302, 24.7192
1402, 60.3665, 24.7359
1403, 60.4022, 24.7525
1404, 60.4371, 24.7692
1405, 60.4718, 24.7859
1406, 60.5063, 24.8025
1407, 60.541, 24.8192
1408, 60.5752, 24.8359
1409, 60.6084, 24.8525
1410, 60.6432, 24.8692
1411, 60.6785, 24.8859
1412, 60.7137, 24.9025
1413, 60.7471, 24.9192
1414, 60.7793, 24.9359
1415, 60.8113, 24.9525
1416, 60.8439, 24.9692
1417, 60.8766, 24.9859
1418, 60.9095, 25.0025
1419, 60.9417, 25.0192
1420, 60.9736, 25.0359
1421, 61.0056, 25.0525
1422, 61.0364, 25.0692
1423, 61.067, 25.0859
1424, 61.0976, 25.1025
1425, 61.1298, 25.1192
1426, 61.1626, 25.1359
1427, 61.1945, 25.1525
1428, 61.2238, 25.1692
1429, 61.2536, 25.1859
1430, 61.2847, 25.2025
1431, 61.3171, 25.2192
1432, 61.3481, 25.2359
1433, 61.3792, 25.2525
1434, 61.4094, 25.2692
1435, 61.4094, 25.2692
1436, 61.4392, 25.2859
1437, 61.4692, 25.3025
1438, 61.5002, 25.3192
1439, 61.5315, 25.3359
1440, 61.5629, 25.3525
1441, 61.5926, 25.3692
1442, 61.6223, 25.3859
1443, 61.6523, 25.4025
1444, 61.682, 25.4192
1445, 61.7113, 25.4359
1446, 61.7403, 25.4525
1447, 61.7691, 25.4692
1448, 61.7972, 25.4859
1449, 61.8257, 25.5025
1450, 61.8561, 25.5192
1451, 61.8899, 25.5359
1452, 61.9239, 25.5525
1453, 61.9548, 25.5692
1454, 61.9822, 25.5859
1455, 62.0088, 25.6025
1456, 62.0378, 25.6192
1457, 62.069, 25.6359
1458, 62.0981, 25.6525
1459, 62.125, 25.6692
1460, 62.125, 25.6692
1461, 62.125, 25.6692
1462, 62.125, 25.6692
1463, 62.125, 25.6692
1464, 62.2627, 25.7525
1465, 62.2899, 25.7692
1466, 62.316, 25.7859
1467, 62.316, 25.7859
1468, 62.3399, 25.8025
1469, 62.3643, 25.8192
1470, 62.3899, 25.8359
1471, 62.4165, 25.8525
1472, 62.4422, 25.8692
1473, 62.467, 25.8859
1474, 62.4917, 25.9025
1475, 62.5173, 25.9192
1476, 62.5431, 25.9359
1477, 62.5676, 25.9525
1478, 62.5921, 25.9692
1479, 62.6162, 25.9859
1480, 62.6411, 26.0025
1481, 62.6666, 26.0192
1482, 62.6923, 26.0359
1483, 62.7176, 26.0525
1484, 62.7427, 26.0692
1485, 62.769, 26.0859
1486, 62.7951, 26.1025
1487, 62.8207, 26.1192
1488, 62.8455, 26.1359
1489, 62.8693, 26.1525
1490, 62.8693, 26.1525
1491, 62.8937, 26.1692
1492, 62.9177, 26.1859
1493, 62.9438, 26.2025
1494, 62.9687, 26.2192
1495, 62.995, 26.2359
1496, 63.0194, 26.2525
1497, 63.043, 26.2692
1498, 63.0681, 26.2859
1499, 63.095, 26.3025
1500, 63.1221, 26.3192
1501, 63.1478, 26.3359
1502, 63.1708, 26.3525
1503, 63.1947, 26.3692
1504, 63.2182, 26.3859
1505, 63.2417, 26.4025
1506, 63.2659, 26.4192
1507, 63.29, 26.4359
1508, 63.3143, 26.4525
1509, 63.3143, 26.4525
1510, 63.337, 26.4692
1511, 63.36, 26.4859
1512, 63.3831, 26.5025
1513, 63.4065, 26.5192
1514, 63.4292, 26.5359
1515, 63.451, 26.5525
1516, 63.4726, 26.5692
1517, 63.4955, 26.5859
1518, 63.5182, 26.6025
1519, 63.5421, 26.6192
1520, 63.5661, 26.6359
1521, 63.5879, 26.6525
1522, 63.6092, 26.6692
1523, 63.6298, 26.6859
1524, 63.6522, 26.7025
1525, 63.6732, 26.7192
1526, 63.6732, 26.7192
1527, 63.6939, 26.7359
1528, 63.7149, 26.7525
1529, 63.7388, 26.7692
1530, 63.7604, 26.7859
1531, 63.782, 26.8025
1532, 63.8024, 26.8192
1533, 63.8235, 26.8359
1534, 63.8441, 26.8525
1535, 63.8612, 26.8692
1536, 63.8824, 26.8859
1537, 63.9058, 26.9025
1538, 63.931, 26.9192
1539, 63.9528, 26.9359
1540, 63.9702, 26.9525
1541, 63.9904, 26.9692
1542, 63.9904, 26.9692
1543, 64.0125, 26.9859
1544, 64.0326, 27.0025
1545, 64.051, 27.0192
1546, 64.0691, 27.0359
1547, 64.0876, 27.0525
1548, 64.1072, 27.0692
1549, 64.126, 27.0859
1550, 64.1437, 27.1025
1551, 64.1614, 27.1192
1552, 64.183, 27.1359
1553, 64.2058, 27.1525
1554, 64.2266, 27.1692
1555, 64.246, 27.1859
1556, 64.2654, 27.2025
1557, 64.2654, 27.2025
1558, 64.2864, 27.2192
1559, 64.3046, 27.2359
1560, 64.3262, 27.2525
1561, 64.3399, 27.2692
1562, 64.3618, 27.2859
1563, 64.3771, 27.3025
1564, 64.4004, 27.3192
1565, 64.4186, 27.3359
1566, 64.4379, 27.3525
1567, 64.4587, 27.3692
1568, 64.4775, 27.3859
1569, 64.4976, 27.4025
1570, 64.5157, 27.4192
1571, 64.5157, 27.4192
1572, 64.538, 27.4359
1573, 64.5568, 27.4525
1574, 64.5789, 27.4692
1575, 64.5963, 27.4859
1576, 64.6127, 27.5025
1577, 64.6329, 27.5192
1578, 64.6491, 27.5359
1579, 64.669, 27.5525
1580, 64.6849, 27.5692
1581, 64.7053, 27.5859
1582, 64.7215, 27.6025
1583, 64.7403, 27.6192
1584, 64.7403, 27.6192
1585, 64.7567, 27.6359
1586, 64.7785, 27.6525
1587, 64.7983, 27.6692
1588, 64.8194, 27.6859
1589, 64.8194, 27.6859
1590, 64.8194, 27.6859
1591, 64.8194, 27.6859
1592, 64.8194, 27.6859
1593, 64.8194, 27.6859
1594, 64.9254, 27.7859
1595, 64.9413, 27.8025
1596, 64.9579, 27.8192
1597, 64.9579, 27.8192
1598, 64.9746, 27.8359
1599, 64.9924, 27.8525
1600, 65.0105, 27.8692
1601, 65.0292, 27.8859
1602, 65.0475, 27.9025
1603, 65.0642, 27.9192
1604, 65.0814, 27.9359
1605, 65.0972, 27.9525
1606, 65.1148, 27.9692
1607, 65.1343, 27.9859
1608, 65.1516, 28.0025
1609, 65.1683, 28.0192
1610, 65.1683, 28.0192
1611, 65.1849, 28.0359
1612, 65.2017, 28.0525
1613, 65.2202, 28.0692
1614, 65.2383, 28.0859
1615, 65.2556, 28.1025
1616, 65.2714, 28.1192
1617, 65.2881, 28.1359
1618, 65.3047, 28.1525
1619, 65.3222, 28.1692
1620, 65.3394, 28.1859
1621, 65.3394, 28.1859
1622, 65.3564, 28.2025
1623, 65.3727, 28.2192
1624, 65.3883, 28.2359
1625, 65.4044, 28.2525
1626, 65.4209, 28.2692
1627, 65.438, 28.2859
1628, 65.4542, 28.3025
1629, 65.469, 28.3192
1630, 65.4833, 28.3359
1631, 65.4972, 28.3525
1632, 65.5114, 28.3692
1633, 65.5114, 28.3692
1634, 65.5256, 28.3859
1635, 65.5397, 28.4025
1636, 65.5539, 28.4192
1637, 65.5677, 28.4359
1638, 65.5812, 28.4525
1639, 65.5955, 28.4692
1640, 65.6098, 28.4859
1641, 65.6235, 28.5025
1642, 65.6382, 28.5192
1643, 65.6529, 28.5359
1644, 65.6529, 28.5359
1645, 65.6679, 28.5525
1646, 65.6824, 28.5692
1647, 65.6972, 28.5859
1648, 65.71, 28.6025
1649, 65.7209, 28.6192
1650, 65.7325, 28.6359
1651, 65.7471, 28.6525
1652, 65.7636, 28.6692
1653, 65.7791, 28.6859
1654, 65.7922, 28.7025
1655, 65.7922, 28.7025
1656, 65.8034, 28.7192
1657, 65.8159, 28.7359
1658, 65.8302, 28.7525
1659, 65.8459, 28.7692
1660, 65.8615, 28.7859
1661, 65.8758, 28.8025
1662, 65.8906, 28.8192
1663, 65.9058, 28.8359
1664, 65.9215, 28.8525
1665, 65.9374, 28.8692
1666, 65.9374, 28.8692
1667, 65.9527, 28.8859
1668, 65.9683, 28.9025
1669, 65.9835, 28.9192
1670, 65.9989, 28.9359
1671, 66.0149, 28.9525
1672, 66.0305, 28.9692
1673, 66.0456, 28.9859
1674, 66.0603, 29.0025
1675, 66.0752, 29.0192
1676, 66.0901, 29.0359
1677, 66.0901, 29.0359
1678, 66.1053, 29.0525
1679, 66.1205, 29.0692
1680, 66.1358, 29.0859
1681, 66.1509, 29.1025
1682, 66.1654, 29.1192
1683, 66.1797, 29.1359
1684, 66.1944, 29.1525
1685, 66.2082, 29.1692
1686, 66.2216, 29.1859
1687, 66.2216, 29.1859
1688, 66.2354, 29.2025
1689, 66.2498, 29.2192
1690, 66.2643, 29.2359
1691, 66.2787, 29.2525
1692, 66.2934, 29.2692
1693, 66.3071, 29.2859
1694, 66.3209, 29.3025
1695, 66.3352, 29.3192
1696, 66.3509, 29.3359
1697, 66.3509, 29.3359
1698, 66.366, 29.3525
1699, 66.3791, 29.3692
1700, 66.3921, 29.3859
1701, 66.4059, 29.4025
1702, 66.4197, 29.4192
1703, 66.4341, 29.4359
1704, 66.4499, 29.4525
1705, 66.4669, 29.4692
1706, 66.4839, 29.4859
1707, 66.4989, 29.5025
1708, 66.4989, 29.5025
1709, 66.5129, 29.5192
1710, 66.5267, 29.5359
1711, 66.5399, 29.5525
1712, 66.5533, 29.5692
1713, 66.5669, 29.5859
1714, 66.5809, 29.6025
1715, 66.5948, 29.6192
1716, 66.6085, 29.6359
1717, 66.6226, 29.6525
1718, 66.6226, 29.6525
1719, 66.6372, 29.6692
1720, 66.6511, 29.6859
1721, 66.6645, 29.7025
1722, 66.6772, 29.7192
1723, 66.6886, 29.7359
1724, 66.6979, 29.7525
1725, 66.7023, 29.7692
1726, 66.7047, 29.7859
1727, 66.7032, 29.8025
1728, 66.7032, 29.8025
1729, 66.6977, 29.8192
1730, 66.6865, 29.8359
1731, 66.6691, 29.8525
1732, 66.6416, 29.8692
1733, 66.5968, 29.8859
1734, 66.5195, 29.9025
1735, 66.4126, 29.9192
1736, 66.2863, 29.9359
1737, 66.1455, 29.9525
1738, 66.1455, 29.9525
1739, 65.9832, 29.9692
1740, 65.7696, 29.9859
1741, 65.5508, 30.0025
1742, 65.3377, 30.0192
1743, 65.1042, 30.0359
1744, 64.8433, 30.0525
1745, 64.5513, 30.0692
1746, 64.2502, 30.0859
1747, 63.9331, 30.1025
1748, 63.6023, 30.1192
1749, 63.2605, 30.1359
1750, 62.9069, 30.1525
1751, 62.5577, 30.1692
1752, 62.2162, 30.1859
1753, 62.2162, 30.1859
1754, 61.8809, 30.2025
1755, 61.5448, 30.2192
1756, 61.2182, 30.2359
1757, 60.9115, 30.2525
1758, 60.5958, 30.2692
1759, 60.2685, 30.2859
1760, 59.9424, 30.3025
1761, 59.6132, 30.3192
1762, 59.2596, 30.3359
1763, 58.9052, 30.3525
1764, 58.5563, 30.3692
1765, 58.188, 30.3859
1766, 57.4525, 30.4192
1767, 57.1058, 30.4359
1768, 56.7684, 30.4525
1769, 56.444, 30.4692
1770, 56.1269, 30.4859
1771, 55.8125, 30.5025
1772, 55.5028, 30.5192
1773, 55.2011, 30.5359
1774, 54.9014, 30.5525
1775, 54.5935, 30.5692
1776, 54.2988, 30.5859
1777, 53.9929, 30.6025
1778, 53.6889, 30.6192
1779, 53.1573, 30.6525
1780, 52.9117, 30.6692
1781, 52.6655, 30.6859
1782, 52.4206, 30.7025
1783, 52.1764, 30.7192
1784, 51.9357, 30.7359
1785, 51.6967, 30.7525
1786, 51.217, 30.7859
1787, 50.9706, 30.8025
1788, 50.7245, 30.8192
1789, 50.4805, 30.8359
1790, 50.2447, 30.8525
1791, 50.0049, 30.8692
1792, 49.4996, 30.9025
1793, 49.2407, 30.9192
1794, 48.9738, 30.9359
1795, 48.6948, 30.9525
1796, 48.1382, 30.9859
1797, 47.8493, 31.0025
1798, 47.5528, 31.0192
1799, 47.2515, 31.0359
1800, 46.5923, 31.0692
1801, 46.2632, 31.0859
1802, 45.9419, 31.1025
1803, 45.6233, 31.1192
1804, 44.9853, 31.1525
1805, 44.6695, 31.1692
1806, 44.3605, 31.1859
1807, 43.7491, 31.2192
1808, 43.4423, 31.2359
1809, 42.8305, 31.2692
1810, 42.5228, 31.2859
1811, 42.2102, 31.3025
1812, 41.5929, 31.3359
1813, 41.2913, 31.3525
1814, 40.6867, 31.3859
1815, 40.3837, 31.4025
1816, 39.7869, 31.4359
1817, 39.4871, 31.4525
1818, 38.8783, 31.4859
1819, 38.5803, 31.5025
1820, 38.0033, 31.5359
1821, 37.7187, 31.5525
1822, 37.153, 31.5859
1823, 36.5957, 31.6192
1824, 36.3121, 31.6359
1825, 35.7584, 31.6692
1826, 35.2154, 31.7025
1827, 34.9445, 31.7192
1828, 34.4057, 31.7525
1829, 33.8495, 31.7859
1830, 33.3113, 31.8192
1831, 33.0524, 31.8359
1832, 32.5475, 31.8692
1833, 32.0533, 31.9025
1834, 31.5617, 31.9359
1835, 31.0834, 31.9692
1836, 30.6174, 32.0025
1837, 30.1614, 32.0359
1838, 29.6992, 32.0692
1839, 29.2391, 32.1025
1840, 28.8183, 32.1359
1841, 28.4459, 32.1692
1842, 28.1138, 32.2025
1843, 27.8223, 32.2359
1844, 27.5707, 32.2692
1845, 27.2531, 32.3192
1846, 27.06, 32.3525
1847, 26.8687, 32.3859
1848, 26.682, 32.4192
1849, 26.5036, 32.4525
1850, 26.2521, 32.5025
1851, 26.0986, 32.5359
1852, 25.9584, 32.5692
1853, 25.7602, 32.6192
1854, 25.6299, 32.6525
1855, 25.5024, 32.6859
1856, 25.3072, 32.7359
1857, 25.1754, 32.7692
1858, 25.0481, 32.8025
1859, 24.839, 32.8525
1860, 24.6908, 32.8859
1861, 24.4649, 32.9359
1862, 24.3055, 32.9692
1863, 24.0682, 33.0192
1864, 23.9251, 33.0525
1865, 23.7342, 33.1025
1866, 23.6236, 33.1359
1867, 23.4842, 33.1859
1868, 23.4053, 33.2192
1869, 23.2941, 33.2692
1870, 23.2189, 33.3025
1871, 23.1061, 33.3525
1872, 22.9884, 33.4025
1873, 22.9107, 33.4359
1874, 22.7945, 33.4859
1875, 22.7167, 33.5192
1876, 22.6036, 33.5692
1877, 22.4964, 33.6192
1878, 22.4273, 33.6525
1879, 22.3185, 33.7025
1880, 22.2044, 33.7525
1881, 22.1264, 33.7859
1882, 22.0128, 33.8359
1883, 21.9006, 33.8859
1884, 21.7757, 33.9359
1885, 21.6825, 33.9692
1886, 21.536, 34.0192
1887, 21.3853, 34.0692
1888, 21.2405, 34.1192
1889, 21.1184, 34.1692
1890, 21.0438, 34.2025
1891, 20.9331, 34.2525
1892, 20.8241, 34.3025
1893, 20.7121, 34.3525
1894, 20.6046, 34.4025
1895, 20.5341, 34.4359
1896, 20.4311, 34.4859
1897, 20.328, 34.5359
1898, 20.2257, 34.5859
1899, 20.129, 34.6359
1900, 20.0462, 34.6859
1901, 19.9861, 34.7359
1902, 20.0366, 34.7859
1903, 20.0733, 34.8192
1904, 20.0905, 34.8692
1905, 20.1791, 34.9192
1906, 20.3088, 34.9692
1907, 20.4472, 35.0192
1908, 20.6071, 35.0692
1909, 20.7754, 35.1192
1910, 20.9493, 35.1692
1911, 21.0764, 35.2025
1912, 21.2867, 35.2525
1913, 21.5088, 35.3025
1914, 21.7316, 35.3525
1915, 21.8902, 35.3859
1916, 22.1374, 35.4359
1917, 22.3113, 35.4692
1918, 22.5741, 35.5192
1919, 22.7532, 35.5525
1920, 23.0467, 35.6025
1921, 23.3328, 35.6525
1922, 23.5427, 35.6859
1923, 23.8538, 35.7359
1924, 24.077, 35.7692
1925, 24.4233, 35.8192
1926, 24.6475, 35.8525
1927, 24.8746, 35.8859
1928, 25.2081, 35.9359
1929, 25.4316, 35.9692
1930, 25.7661, 36.0192
1931, 25.9761, 36.0525
1932, 26.1888, 36.0859
1933, 26.5019, 36.1359
1934, 26.7217, 36.1692
1935, 26.9633, 36.2025
1936, 27.3087, 36.2525
1937, 27.5349, 36.2859
1938, 27.7726, 36.3192
1939, 28.0164, 36.3525
1940, 28.258, 36.3859
1941, 28.6182, 36.4359
1942, 28.8502, 36.4692
1943, 29.0751, 36.5025
1944, 29.3019, 36.5359
1945, 29.5304, 36.5692
1946, 29.7527, 36.6025
1947, 29.9706, 36.6359
1948, 30.1869, 36.6692
1949, 30.4126, 36.7025
1950, 30.6404, 36.7359
1951, 30.8666, 36.7692
1952, 31.0842, 36.8025
1953, 31.303, 36.8359
1954, 31.519, 36.8692
1955, 31.7343, 36.9025
1956, 31.9501, 36.9359
1957, 32.1588, 36.9692
1958, 32.3755, 37.0025
1959, 32.4792, 37.0192
1960, 32.691, 37.0525
1961, 32.9102, 37.0859
1962, 33.1174, 37.1192
1963, 33.274, 37.1525
1964, 33.4084, 37.1859
1965, 33.4601, 37.2025
1966, 33.5645, 37.2359
1967, 33.6087, 37.2692
1968, 33.6468, 37.3025
1969, 33.7692, 37.3359
1970, 33.8843, 37.3525
1971, 34.0794, 37.3859
1972, 34.2328, 37.4192
1973, 34.3584, 37.4525
1974, 34.4294, 37.4692
1975, 34.5802, 37.5025
1976, 34.7102, 37.5359
1977, 34.8892, 37.5692
1978, 34.9752, 37.5859
1979, 35.1312, 37.6192
1980, 35.2862, 37.6525
1981, 35.432, 37.6859
1982, 35.5075, 37.7025
1983, 35.6602, 37.7359
1984, 35.8267, 37.7692
1985, 35.9048, 37.7859
1986, 36.0528, 37.8192
1987, 36.2133, 37.8525
1988, 36.382, 37.8859
1989, 36.4636, 37.9025
1990, 36.6365, 37.9359
1991, 36.8204, 37.9692
1992, 36.914, 37.9859
1993, 37.1046, 38.0192
1994, 37.2004, 38.0359
1995, 37.3931, 38.0692
1996, 37.5836, 38.1025
1997, 37.6775, 38.1192
1998, 37.8629, 38.1525
1999, 38.0461, 38.1859
2000, 38.1386, 38.2025
2001, 38.3201, 38.2359
2002, 38.4106, 38.2525
2003, 38.5944, 38.2859
2004, 38.6904, 38.3025
2005, 38.8869, 38.3359
2006, 38.9845, 38.3525
2007, 39.1442, 38.3859
2008, 39.113, 38.4192
2009, 39.1126, 38.4359
2010, 39.239, 38.4692
2011, 39.3393, 38.4859
2012, 39.5356, 38.5192
2013, 39.6108, 38.5359
2014, 39.767, 38.5692
2015, 39.8508, 38.5859
2016, 40.0166, 38.6192
2017, 40.0947, 38.6359
2018, 40.2483, 38.6692
2019, 40.3293, 38.6859
2020, 40.497, 38.7192
2021, 40.58, 38.7359
2022, 40.7446, 38.7692
2023, 40.8269, 38.7859
2024, 40.9932, 38.8192
2025, 41.0767, 38.8359
2026, 41.2458, 38.8692
2027, 41.3299, 38.8859
2028, 41.4127, 38.9025
2029, 41.5741, 38.9359
2030, 41.6537, 38.9525
2031, 41.8135, 38.9859
2032, 41.8943, 39.0025
2033, 42.0558, 39.0359
2034, 42.1338, 39.0525
2035, 42.2111, 39.0692
2036, 42.3708, 39.1025
2037, 42.4524, 39.1192
2038, 42.6153, 39.1525
2039, 42.6946, 39.1692
2040, 42.8543, 39.2025
2041, 42.9315, 39.2192
2042, 43.0104, 39.2359
2043, 43.1594, 39.2692
2044, 43.2379, 39.2859
2045, 43.3864, 39.3192
2046, 43.4655, 39.3359
2047, 43.5387, 39.3525
2048, 43.6981, 39.3859
2049, 43.7743, 39.4025
2050, 43.8458, 39.4192
2051, 43.9849, 39.4525
2052, 44.0559, 39.4692
2053, 44.1273, 39.4859
2054, 44.2726, 39.5192
2055, 44.3432, 39.5359
2056, 44.4891, 39.5692
2057, 44.5609, 39.5859
2058, 44.6331, 39.6025
2059, 44.7722, 39.6359
2060, 44.8409, 39.6525
2061, 44.91, 39.6692
2062, 45.0524, 39.7025
2063, 45.1223, 39.7192
2064, 45.1926, 39.7359
2065, 45.3308, 39.7692
2066, 45.4, 39.7859
2067, 45.4682, 39.8025
2068, 45.6074, 39.8359
2069, 45.6787, 39.8525
2070, 45.7526, 39.8692
2071, 45.8955, 39.9025
2072, 45.9644, 39.9192
2073, 46.0318, 39.9359
2074, 46.0978, 39.9525
2075, 46.2096, 39.9859
2076, 46.2608, 40.0025
2077, 46.3044, 40.0192
2078, 46.3442, 40.0525
2079, 46.3171, 40.0692
2080, 46.2649, 40.0859
2081, 46.1277, 40.1192
2082, 46.0098, 40.1359
2083, 45.8662, 40.1525
2084, 45.725, 40.1692
2085, 45.4662, 40.2025
2086, 45.325, 40.2192
2087, 45.1645, 40.2359
2088, 44.783, 40.2692
2089, 44.5773, 40.2859
2090, 44.3659, 40.3025
2091, 43.9236, 40.3359
2092, 43.6868, 40.3525
2093, 43.1917, 40.3859
2094, 42.9449, 40.4025
2095, 42.7021, 40.4192
2096, 42.2239, 40.4525
2097, 41.985, 40.4692
2098, 41.4973, 40.5025
2099, 41.2505, 40.5192
2100, 40.7621, 40.5525
2101, 40.5168, 40.5692
2102, 40.0474, 40.6025
2103, 39.8281, 40.6192
2104, 39.3971, 40.6525
2105, 39.1787, 40.6692
2106, 38.7382, 40.7025
2107, 38.5305, 40.7192
2108, 38.1455, 40.7525
2109, 37.7919, 40.7859
2110, 37.6253, 40.8025
2111, 37.3129, 40.8359
2112, 37.17, 40.8525
2113, 36.9122, 40.8859
2114, 36.6995, 40.9192
2115, 36.6076, 40.9359
2116, 36.4402, 40.9692
2117, 36.292, 41.0025
2118, 36.2203, 41.0192
2119, 36.082, 41.0525
2120, 35.9468, 41.0859
2121, 35.8106, 41.1192
2122, 35.7419, 41.1359
2123, 35.6, 41.1692
2124, 35.4553, 41.2025
2125, 35.3817, 41.2192
2126, 35.2333, 41.2525
2127, 35.0873, 41.2859
2128, 34.9437, 41.3192
2129, 34.8045, 41.3525
2130, 34.7399, 41.3692
2131, 34.6119, 41.4025
2132, 34.4899, 41.4359
2133, 34.373, 41.4692
2134, 34.3164, 41.4859
2135, 34.2091, 41.5192
2136, 34.1065, 41.5525
2137, 34.0038, 41.5859
2138, 33.9, 41.6192
2139, 33.7976, 41.6525
2140, 33.745, 41.6692
2141, 33.6379, 41.7025
2142, 33.5289, 41.7359
2143, 33.4186, 41.7692
2144, 33.3112, 41.8025
2145, 33.2134, 41.8359
2146, 33.1268, 41.8692
2147, 33.0441, 41.9025
2148, 33.0039, 41.9192
2149, 32.9253, 41.9525
2150, 32.8473, 41.9859
2151, 32.7681, 42.0192
2152, 32.6885, 42.0525
2153, 32.6095, 42.0859
2154, 32.5292, 42.1192
2155, 32.4504, 42.1525
2156, 32.3738, 42.1859
2157, 32.3012, 42.2192
2158, 32.2663, 42.2359
2159, 32.1995, 42.2692
2160, 32.1344, 42.3025
2161, 32.0696, 42.3359
2162, 32.0036, 42.3692
2163, 31.9318, 42.4025
2164, 31.8537, 42.4359
2165, 31.7783, 42.4692
2166, 31.7039, 42.5025
2167, 31.6271, 42.5359
2168, 31.5524, 42.5692
2169, 31.4776, 42.6025
2170, 31.4002, 42.6359
2171, 31.3232, 42.6692
2172, 31.2437, 42.7025
2173, 31.1641, 42.7359
2174, 31.0829, 42.7692
2175, 30.999, 42.8025
2176, 30.9155, 42.8359
2177, 30.831, 42.8692
2178, 30.7452, 42.9025
2179, 30.6615, 42.9359
2180, 30.5798, 42.9692
2181, 30.4987, 43.0025
2182, 30.4161, 43.0359
2183, 30.3341, 43.0692
2184, 30.2542, 43.1025
2185, 30.1721, 43.1359
2186, 30.0931, 43.1692
2187, 30.0135, 43.2025
2188, 29.9386, 43.2359
2189, 29.8739, 43.2692
2190, 29.8106, 43.3025
2191, 29.7449, 43.3359
2192, 29.6815, 43.3692
2193, 29.622, 43.4025
2194, 29.5638, 43.4359
2195, 29.505, 43.4692
2196, 29.4449, 43.5025
2197, 29.3851, 43.5359
2198, 29.3258, 43.5692
2199, 29.2662, 43.6025
2200, 29.2059, 43.6359
2201, 29.1581, 43.6692
2202, 29.1935, 43.7025
2203, 29.2142, 43.7359
2204, 29.2271, 43.7692
2205, 29.2672, 43.8025
2206, 29.3185, 43.8359
2207, 29.3672, 43.8692
2208, 29.4185, 43.9025
2209, 29.4824, 43.9359
2210, 29.5568, 43.9692
2211, 29.6383, 44.0025
2212, 29.7293, 44.0359
2213, 29.8306, 44.0692
2214, 29.936, 44.1025
2215, 30.0447, 44.1359
2216, 30.1585, 44.1692
2217, 30.2743, 44.2025
2218, 30.395, 44.2359
2219, 30.5197, 44.2692
2220, 30.6502, 44.3025
2221, 30.794, 44.3359
2222, 30.9492, 44.3692
2223, 31.1061, 44.4025
2224, 31.2617, 44.4359
2225, 31.4203, 44.4692
2226, 31.5814, 44.5025
2227, 31.7416, 44.5359
2228, 31.905, 44.5692
2229, 32.0694, 44.6025
2230, 32.2279, 44.6359
2231, 32.3862, 44.6692
2232, 32.4671, 44.6859
2233, 32.6298, 44.7192
2234, 32.7894, 44.7525
2235, 32.9492, 44.7859
2236, 33.1085, 44.8192
2237, 33.267, 44.8525
2238, 33.3458, 44.8692
2239, 33.5021, 44.9025
2240, 33.6576, 44.9359
2241, 33.8118, 44.9692
2242, 33.9662, 45.0025
2243, 34.0432, 45.0192
2244, 34.1964, 45.0525
2245, 34.3504, 45.0859
2246, 34.5043, 45.1192
2247, 34.6591, 45.1525
2248, 34.7365, 45.1692
2249, 34.8885, 45.2025
2250, 35.0373, 45.2359
2251, 35.1862, 45.2692
2252, 35.2609, 45.2859
2253, 35.4104, 45.3192
2254, 35.5581, 45.3525
2255, 35.7041, 45.3859
2256, 35.7773, 45.4025
2257, 35.9231, 45.4359
2258, 36.064, 45.4692
2259, 36.1345, 45.4859
2260, 36.2787, 45.5192
2261, 36.4255, 45.5525
2262, 36.4987, 45.5692
2263, 36.6381, 45.6025
2264, 36.7776, 45.6359
2265, 36.8481, 45.6525
2266, 36.9943, 45.6859
2267, 37.1377, 45.7192
2268, 37.2061, 45.7359
2269, 37.3439, 45.7692
2270, 37.4947, 45.8025
2271, 37.5718, 45.8192
2272, 37.7137, 45.8525
2273, 37.8467, 45.8859
2274, 37.918, 45.9025
2275, 38.0747, 45.9359
2276, 38.1524, 45.9525
2277, 38.2861, 45.9859
2278, 38.4074, 46.0192
2279, 38.4733, 46.0359
2280, 38.6285, 46.0692
2281, 38.7088, 46.0859
2282, 38.8542, 46.1192
2283, 38.9179, 46.1359
2284, 39.0428, 46.1692
2285, 39.1841, 46.2025
2286, 39.2555, 46.2192
2287, 39.3962, 46.2525
2288, 39.4594, 46.2692
2289, 39.5861, 46.3025
2290, 39.6492, 46.3192
2291, 39.7984, 46.3525
2292, 39.8723, 46.3692
2293, 40.005, 46.4025
2294, 40.0678, 46.4192
2295, 40.2048, 46.4525
2296, 40.2769, 46.4692
2297, 40.4202, 46.5025
2298, 40.4893, 46.5192
2299, 40.6266, 46.5525
2300, 40.6942, 46.5692
2301, 40.8299, 46.6025
2302, 40.8987, 46.6192
2303, 41.0393, 46.6525
2304, 41.1131, 46.6692
2305, 41.2563, 46.7025
2306, 41.326, 46.7192
2307, 41.4555, 46.7525
2308, 41.5236, 46.7692
2309, 41.6631, 46.8025
2310, 41.7354, 46.8192
2311, 41.8735, 46.8525
2312, 41.942, 46.8692
2313, 42.0102, 46.8859
2314, 42.1495, 46.9192
2315, 42.2177, 46.9359
2316, 42.3561, 46.9692
2317, 42.4234, 46.9859
2318, 42.5576, 47.0192
2319, 42.624, 47.0359
2320, 42.6923, 47.0525
2321, 42.8313, 47.0859
2322, 42.8986, 47.1025
2323, 43.0293, 47.1359
2324, 43.0942, 47.1525
2325, 43.1582, 47.1692
2326, 43.2867, 47.2025
2327, 43.3515, 47.2192
2328, 43.4807, 47.2525
2329, 43.5479, 47.2692
2330, 43.6154, 47.2859
2331, 43.7525, 47.3192
2332, 43.8206, 47.3359
2333, 43.9532, 47.3692
2334, 44.0195, 47.3859
2335, 44.0824, 47.4025
2336, 44.2099, 47.4359
2337, 44.2709, 47.4525
2338, 44.3377, 47.4692
2339, 44.4751, 47.5025
2340, 44.5432, 47.5192
2341, 44.6097, 47.5359
2342, 44.7332, 47.5692
2343, 44.7962, 47.5859
2344, 44.8607, 47.6025
2345, 44.9947, 47.6359
2346, 45.0602, 47.6525
2347, 45.1249, 47.6692
2348, 45.251, 47.7025
2349, 45.3145, 47.7192
2350, 45.377, 47.7359
2351, 45.4993, 47.7692
2352, 45.5597, 47.7859
2353, 45.6214, 47.8025
2354, 45.7526, 47.8359
2355, 45.8186, 47.8525
2356, 45.8831, 47.8692
2357, 46.0031, 47.9025
2358, 46.0605, 47.9192
2359, 46.1178, 47.9359
2360, 46.2397, 47.9692
2361, 46.3038, 47.9859
2362, 46.3678, 48.0025
2363, 46.4305, 48.0192
2364, 46.5534, 48.0525
2365, 46.6149, 48.0692
2366, 46.6764, 48.0859
2367, 46.7991, 48.1192
2368, 46.859, 48.1359
2369, 46.9183, 48.1525
2370, 46.9755, 48.1692
2371, 47.0936, 48.2025
2372, 47.1553, 48.2192
2373, 47.2172, 48.2359
2374, 47.3344, 48.2692
2375, 47.3872, 48.2859
2376, 47.4389, 48.3025
2377, 47.4935, 48.3192
2378, 47.6176, 48.3525
2379, 47.6828, 48.3692
2380, 47.7456, 48.3859
2381, 47.8037, 48.4025
2382, 47.9117, 48.4359
2383, 47.9661, 48.4525
2384, 48.0226, 48.4692
2385, 48.0808, 48.4859
2386, 48.1961, 48.5192
2387, 48.2513, 48.5359
2388, 48.3051, 48.5525
2389, 48.359, 48.5692
2390, 48.4711, 48.6025
2391, 48.5291, 48.6192
2392, 48.5869, 48.6359
2393, 48.6428, 48.6525
2394, 48.6972, 48.6692
2395, 48.8061, 48.7025
2396, 48.8618, 48.7192
2397, 48.9179, 48.7359
2398, 48.973, 48.7525
2399, 49.0804, 48.7859
2400, 49.1323, 48.8025
2401, 49.1836, 48.8192
2402, 49.2343, 48.8359
2403, 49.2865, 48.8525
2404, 49.3923, 48.8859
2405, 49.4425, 48.9025
2406, 49.4924, 48.9192
2407, 49.5426, 48.9359
2408, 49.5946, 48.9525
2409, 49.7063, 48.9859
2410, 49.7625, 49.0025
2411, 49.818, 49.0192
2412, 49.871, 49.0359
2413, 49.9219, 49.0525
2414, 50.0202, 49.0859
2415, 50.0688, 49.1025
2416, 50.1178, 49.1192
2417, 50.1677, 49.1359
2418, 50.219, 49.1525
2419, 50.2711, 49.1692
2420, 50.3385, 49.2025
2421, 50.2818, 49.2192
2422, 50.2655, 49.2359
2423, 50.2649, 49.2525
2424, 50.3071, 49.2692
2425, 50.4287, 49.3025
2426, 50.4715, 49.3192
2427, 50.5055, 49.3359
2428, 50.5453, 49.3525
2429, 50.5938, 49.3692
2430, 50.6445, 49.3859
2431, 50.7312, 49.4192
2432, 50.7715, 49.4359
2433, 50.8148, 49.4525
2434, 50.8611, 49.4692
2435, 50.9075, 49.4859
2436, 50.9967, 49.5192
2437, 51.0408, 49.5359
2438, 51.0858, 49.5525
2439, 51.1311, 49.5692
2440, 51.1759, 49.5859
2441, 51.2201, 49.6025
2442, 51.3096, 49.6359
2443, 51.3541, 49.6525
2444, 51.3992, 49.6692
2445, 51.4425, 49.6859
2446, 51.4877, 49.7025
2447, 51.5325, 49.7192
2448, 51.5769, 49.7359
2449, 51.6651, 49.7692
2450, 51.7105, 49.7859
2451, 51.7548, 49.8025
2452, 51.7979, 49.8192
2453, 51.8403, 49.8359
2454, 51.8829, 49.8525
2455, 51.9669, 49.8859
2456, 52.0081, 49.9025
2457, 52.0502, 49.9192
2458, 52.0896, 49.9359
2459, 52.1301, 49.9525
2460, 52.1731, 49.9692
2461, 52.2187, 49.9859
2462, 52.3051, 50.0192
2463, 52.3446, 50.0359
2464, 52.3851, 50.0525
2465, 52.4268, 50.0692
2466, 52.4686, 50.0859
2467, 52.509, 50.1025
2468, 52.549, 50.1192
2469, 52.6281, 50.1525
2470, 52.6705, 50.1692
2471, 52.7145, 50.1859
2472, 52.7595, 50.2025
2473, 52.803, 50.2192
2474, 52.8448, 50.2359
2475, 52.8849, 50.2525
2476, 52.9654, 50.2859
2477, 53.0054, 50.3025
2478, 53.0452, 50.3192
2479, 53.0843, 50.3359
2480, 53.1237, 50.3525
2481, 53.1636, 50.3692
2482, 53.2026, 50.3859
2483, 53.2828, 50.4192
2484, 53.329, 50.4359
2485, 53.3744, 50.4525
2486, 53.4184, 50.4692
2487, 53.4577, 50.4859
2488, 53.4912, 50.5025
2489, 53.5276, 50.5192
2490, 53.5691, 50.5359
2491, 53.6621, 50.5692
2492, 53.7073, 50.5859
2493, 53.7499, 50.6025
2494, 53.7917, 50.6192
2495, 53.8339, 50.6359
2496, 53.8762, 50.6525
2497, 53.9182, 50.6692
2498, 53.9593, 50.6859
2499, 54.0001, 50.7025
2500, 54.0821, 50.7359
2501, 54.1231, 50.7525
2502, 54.1633, 50.7692
2503, 54.2029, 50.7859
2504, 54.243, 50.8025
2505, 54.2833, 50.8192
2506, 54.3241, 50.8359
2507, 54.3654, 50.8525
2508, 54.4067, 50.8692
2509, 54.4894, 50.9025
2510, 54.5303, 50.9192
2511, 54.5705, 50.9359
2512, 54.6106, 50.9525
2513, 54.6504, 50.9692
2514, 54.6898, 50.9859
2515, 54.7285, 51.0025
2516, 54.7669, 51.0192
2517, 54.8059, 51.0359
2518, 54.8451, 51.0525
2519, 54.9204, 51.0859
2520, 54.9577, 51.1025
2521, 54.9964, 51.1192
2522, 55.0364, 51.1359
2523, 55.0772, 51.1525
2524, 55.1184, 51.1692
2525, 55.1602, 51.1859
2526, 55.2021, 51.2025
2527, 55.2422, 51.2192
2528, 55.2806, 51.2359
2529, 55.3181, 51.2525
2530, 55.3951, 51.2859
2531, 55.4354, 51.3025
2532, 55.4757, 51.3192
2533, 55.5152, 51.3359
2534, 55.5536, 51.3525
2535, 55.5916, 51.3692
2536, 55.6297, 51.3859
2537, 55.6681, 51.4025
2538, 55.7064, 51.4192
2539, 55.7447, 51.4359
2540, 55.7829, 51.4525
2541, 55.82, 51.4692
2542, 55.8572, 51.4859
2543, 55.9363, 51.5192
2544, 55.9769, 51.5359
2545, 56.0156, 51.5525
2546, 56.0524, 51.5692
2547, 56.0893, 51.5859
2548, 56.1272, 51.6025
2549, 56.1665, 51.6192
2550, 56.2065, 51.6359
2551, 56.2458, 51.6525
2552, 56.2837, 51.6692
2553, 56.3207, 51.6859
2554, 56.3574, 51.7025
2555, 56.3939, 51.7192
2556, 56.4306, 51.7359
2557, 56.4686, 51.7525
2558, 56.5449, 51.7859
2559, 56.5826, 51.8025
2560, 56.621, 51.8192
2561, 56.6591, 51.8359
2562, 56.6969, 51.8525
2563, 56.7338, 51.8692
2564, 56.7701, 51.8859
2565, 56.8052, 51.9025
2566, 56.8423, 51.9192
2567, 56.8787, 51.9359
2568, 56.9162, 51.9525
2569, 56.9523, 51.9692
2570, 56.9877, 51.9859
2571, 57.0229, 52.0025
2572, 57.0578, 52.0192
2573, 57.0927, 52.0359
2574, 57.127, 52.0525
2575, 57.1606, 52.0692
2576, 57.1946, 52.0859
2577, 57.2637, 52.1192
2578, 57.298, 52.1359
2579, 57.3315, 52.1525
2580, 57.3651, 52.1692
2581, 57.3995, 52.1859
2582, 57.4342, 52.2025
2583, 57.4692, 52.2192
2584, 57.5039, 52.2359
2585, 57.5381, 52.2525
2586, 57.5723, 52.2692
2587, 57.6058, 52.2859
2588, 57.6398, 52.3025
2589, 57.6736, 52.3192
2590, 57.7085, 52.3359
2591, 57.7421, 52.3525
2592, 57.7759, 52.3692
2593, 57.8089, 52.3859
2594, 57.8416, 52.4025
2595, 57.8742, 52.4192
2596, 57.9072, 52.4359
2597, 57.941, 52.4525
2598, 57.9754, 52.4692
2599, 58.0102, 52.4859
2600, 58.0443, 52.5025
2601, 58.0779, 52.5192
2602, 58.1106, 52.5359
2603, 58.1448, 52.5525
2604, 58.1795, 52.5692
2605, 58.2142, 52.5859
2606, 58.249, 52.6025
2607, 58.2828, 52.6192
2608, 58.3151, 52.6359
2609, 58.3469, 52.6525
2610, 58.3795, 52.6692
2611, 58.413, 52.6859
2612, 58.4797, 52.7192
2613, 58.5114, 52.7359
2614, 58.543, 52.7525
2615, 58.5749, 52.7692
2616, 58.6078, 52.7859
2617, 58.6416, 52.8025
2618, 58.6761, 52.8192
2619, 58.7097, 52.8359
2620, 58.7423, 52.8525
2621, 58.774, 52.8692
2622, 58.8058, 52.8859
2623, 58.838, 52.9025
2624, 58.871, 52.9192
2625, 58.902, 52.9359
2626, 58.9325, 52.9525
2627, 58.9628, 52.9692
2628, 58.9956, 52.9859
2629, 59.0302, 53.0025
2630, 59.0646, 53.0192
2631, 59.0989, 53.0359
2632, 59.1325, 53.0525
2633, 59.1651, 53.0692
2634, 59.1969, 53.0859
2635, 59.2275, 53.1025
2636, 59.2576, 53.1192
2637, 59.2881, 53.1359
2638, 59.3199, 53.1525
2639, 59.3527, 53.1692
2640, 59.3851, 53.1859
2641, 59.4167, 53.2025
2642, 59.4476, 53.2192
2643, 59.4791, 53.2359
2644, 59.5114, 53.2525
2645, 59.5434, 53.2692
2646, 59.5753, 53.2859
2647, 59.6053, 53.3025
2648, 59.6341, 53.3192
2649, 59.6633, 53.3359
2650, 59.6938, 53.3525
2651, 59.7242, 53.3692
2652, 59.7548, 53.3859
2653, 59.7832, 53.4025
2654, 59.8102, 53.4192
2655, 59.8363, 53.4359
2656, 59.8629, 53.4525
2657, 59.8896, 53.4692
2658, 59.9165, 53.4859
2659, 59.9429, 53.5025
2660, 59.9673, 53.5192
2661, 59.9924, 53.5359
2662, 60.0178, 53.5525
2663, 60.0427, 53.5692
2664, 60.0659, 53.5859
2665, 60.0888, 53.6025
2666, 60.1108, 53.6192
2667, 60.1355, 53.6359
2668, 60.1595, 53.6525
2669, 60.1825, 53.6692
2670, 60.2023, 53.6859
2671, 60.2214, 53.7025
2672, 60.2407, 53.7192
2673, 60.2606, 53.7359
2674, 60.2808, 53.7525
2675, 60.299, 53.7692
2676, 60.3151, 53.7859
2677, 60.3277, 53.8025
2678, 60.3409, 53.8192
2679, 60.3588, 53.8359
2680, 60.3794, 53.8525
2681, 60.3996, 53.8692
2682, 60.4153, 53.8859
2683, 60.4285, 53.9025
2684, 60.4424, 53.9192
2685, 60.4593, 53.9359
2686, 60.4775, 53.9525
2687, 60.496, 53.9692
2688, 60.5148, 53.9859
2689, 60.5319, 54.0025
2690, 60.5507, 54.0192
2691, 60.5713, 54.0359
2692, 60.592, 54.0525
2693, 60.6106, 54.0692
2694, 60.6284, 54.0859
2695, 60.642, 54.1025
2696, 60.6283, 54.1192
2697, 60.5642, 54.1359
2698, 60.5246, 54.1525
2699, 60.5204, 54.1692
2700, 60.5204, 54.1692
2701, 60.5339, 54.1859
2702, 60.5576, 54.2025
2703, 60.577, 54.2192
2704, 60.5886, 54.2359
2705, 60.6032, 54.2525
2706, 60.6229, 54.2692
2707, 60.6437, 54.2859
2708, 60.6624, 54.3025
2709, 60.6791, 54.3192
2710, 60.696, 54.3359
2711, 60.7147, 54.3525
2712, 60.7332, 54.3692
2713, 60.7505, 54.3859
2714, 60.7665, 54.4025
2715, 60.7843, 54.4192
2716, 60.8026, 54.4359
2717, 60.8205, 54.4525
2718, 60.837, 54.4692
2719, 60.8541, 54.4859
2720, 60.8729, 54.5025
2721, 60.8927, 54.5192
2722, 60.9134, 54.5359
2723, 60.9343, 54.5525
2724, 60.9548, 54.5692
2725, 60.9749, 54.5859
2726, 60.9938, 54.6025
2727, 61.0119, 54.6192
2728, 61.0301, 54.6359
2729, 61.048, 54.6525
2730, 61.0657, 54.6692
2731, 61.0832, 54.6859
2732, 61.1012, 54.7025
2733, 61.1206, 54.7192
2734, 61.1416, 54.7359
2735, 61.1627, 54.7525
2736, 61.1838, 54.7692
2737, 61.2035, 54.7859
2738, 61.2222, 54.8025
2739, 61.2416, 54.8192
2740, 61.2632, 54.8359
2741, 61.2858, 54.8525
2742, 61.3077, 54.8692
2743, 61.3291, 54.8859
2744, 61.3474, 54.9025
2745, 61.3672, 54.9192
2746, 61.3857, 54.9359
2747, 61.4053, 54.9525
2748, 61.4245, 54.9692
2749, 61.4431, 54.9859
2750, 61.463, 55.0025
2751, 61.4845, 55.0192
2752, 61.5068, 55.0359
2753, 61.5297, 55.0525
2754, 61.5534, 55.0692
2755, 61.5776, 55.0859
2756, 61.6009, 55.1025
2757, 61.6009, 55.1025
2758, 61.6242, 55.1192
2759, 61.6479, 55.1359
2760, 61.6709, 55.1525
2761, 61.6937, 55.1692
2762, 61.7158, 55.1859
2763, 61.74, 55.2025
2764, 61.7662, 55.2192
2765, 61.7924, 55.2359
2766, 61.8164, 55.2525
2767, 61.839, 55.2692
2768, 61.8613, 55.2859
2769, 61.8842, 55.3025
2770, 61.9064, 55.3192
2771, 61.9306, 55.3359
2772, 61.9572, 55.3525
2773, 61.9856, 55.3692
2774, 62.0122, 55.3859
2775, 62.037, 55.4025
2776, 62.0609, 55.4192
2777, 62.0851, 55.4359
2778, 62.1099, 55.4525
2779, 62.1352, 55.4692
2780, 62.1593, 55.4859
2781, 62.1824, 55.5025
2782, 62.2081, 55.5192
2783, 62.2368, 55.5359
2784, 62.2656, 55.5525
2785, 62.2656, 55.5525
2786, 62.2936, 55.5692
2787, 62.3195, 55.5859
2788, 62.3432, 55.6025
2789, 62.3666, 55.6192
2790, 62.3904, 55.6359
2791, 62.4158, 55.6525
2792, 62.4424, 55.6692
2793, 62.469, 55.6859
2794, 62.4949, 55.7025
2795, 62.5192, 55.7192
2796, 62.5421, 55.7359
2797, 62.5651, 55.7525
2798, 62.5893, 55.7692
2799, 62.6139, 55.7859
2800, 62.6377, 55.8025
2801, 62.6619, 55.8192
2802, 62.6876, 55.8359
2803, 62.7144, 55.8525
2804, 62.7442, 55.8692
2805, 62.771, 55.8859
2806, 62.7943, 55.9025
2807, 62.8154, 55.9192
2808, 62.8154, 55.9192
2809, 62.8369, 55.9359
2810, 62.8601, 55.9525
2811, 62.8847, 55.9692
2812, 62.9086, 55.9859
2813, 62.9315, 56.0025
2814, 62.9552, 56.0192
2815, 62.9796, 56.0359
2816, 63.0036, 56.0525
2817, 63.0262, 56.0692
2818, 63.0476, 56.0859
2819, 63.0697, 56.1025
2820, 63.0932, 56.1192
2821, 63.1156, 56.1359
2822, 63.1371, 56.1525
2823, 63.1586, 56.1692
2824, 63.1796, 56.1859
2825, 63.2006, 56.2025
2826, 63.2215, 56.2192
2827, 63.2432, 56.2359
2828, 63.2653, 56.2525
2829, 63.2653, 56.2525
2830, 63.2848, 56.2692
2831, 63.3032, 56.2859
2832, 63.3216, 56.3025
2833, 63.3407, 56.3192
2834, 63.3605, 56.3359
2835, 63.3786, 56.3525
2836, 63.3945, 56.3692
2837, 63.4102, 56.3859
2838, 63.4276, 56.4025
2839, 63.4462, 56.4192
2840, 63.4643, 56.4359
2841, 63.4826, 56.4525
2842, 63.5005, 56.4692
2843, 63.5175, 56.4859
2844, 63.5336, 56.5025
2845, 63.5487, 56.5192
2846, 63.5635, 56.5359
2847, 63.5793, 56.5525
2848, 63.5963, 56.5692
2849, 63.5963, 56.5692
2850, 63.614, 56.5859
2851, 63.6314, 56.6025
2852, 63.6473, 56.6192
2853, 63.6631, 56.6359
2854, 63.6793, 56.6525
2855, 63.6969, 56.6692
2856, 63.7143, 56.6859
2857, 63.7315, 56.7025
2858, 63.7479, 56.7192
2859, 63.7635, 56.7359
2860, 63.7791, 56.7525
2861, 63.7947, 56.7692
2862, 63.811, 56.7859
2863, 63.8272, 56.8025
2864, 63.8424, 56.8192
2865, 63.857, 56.8359
2866, 63.8728, 56.8525
2867, 63.8897, 56.8692
2868, 63.8897, 56.8692
2869, 63.906, 56.8859
2870, 63.9223, 56.9025
2871, 63.9382, 56.9192
2872, 63.9535, 56.9359
2873, 63.9699, 56.9525
2874, 63.9863, 56.9692
2875, 64.0002, 56.9859
2876, 64.0095, 57.0025
2877, 64.0166, 57.0192
2878, 64.022, 57.0359
2879, 64.0258, 57.0525
2880, 64.0244, 57.0692
2881, 64.0185, 57.0859
2882, 64.0073, 57.1025
2883, 63.9875, 57.1192
2884, 63.9542, 57.1359
2885, 63.9542, 57.1359
2886, 63.9025, 57.1525
2887, 63.8268, 57.1692
2888, 63.733, 57.1859
2889, 63.6221, 57.2025
2890, 63.5003, 57.2192
2891, 63.3668, 57.2359
2892, 63.1966, 57.2525
2893, 63.0119, 57.2692
2894, 62.8373, 57.2859
2895, 62.6563, 57.3025
2896, 62.4501, 57.3192
2897, 62.2254, 57.3359
2898, 61.9877, 57.3525
2899, 61.7379, 57.3692
2900, 61.4776, 57.3859
2901, 61.1986, 57.4025
2902, 60.9109, 57.4192
2903, 60.62, 57.4359
2904, 60.328, 57.4525
2905, 60.0348, 57.4692
2906, 59.7378, 57.4859
2907, 59.4345, 57.5025
2908, 59.1372, 57.5192
2909, 58.8471, 57.5359
2910, 58.5601, 57.5525
2911, 58.2805, 57.5692
2912, 58.0013, 57.5859
2913, 57.7131, 57.6025
2914, 57.4239, 57.6192
2915, 57.1397, 57.6359
2916, 56.8547, 57.6525
2917, 56.5732, 57.6692
2918, 56.3085, 57.6859
2919, 56.0489, 57.7025
2920, 55.7951, 57.7192
2921, 55.5654, 57.7359
2922, 55.3274, 57.7525
2923, 55.0789, 57.7692
2924, 54.5199, 57.8025
2925, 54.2448, 57.8192
2926, 53.9875, 57.8359
2927, 53.7447, 57.8525
2928, 53.506, 57.8692
2929, 53.2694, 57.8859
2930, 53.0464, 57.9025
2931, 52.8405, 57.9192
2932, 52.6396, 57.9359
2933, 52.2562, 57.9692
2934, 52.0748, 57.9859
2935, 51.9061, 58.0025
2936, 51.752, 58.0192
2937, 51.6013, 58.0359
2938, 51.4554, 58.0525
2939, 51.1868, 58.0859
2940, 51.0593, 58.1025
2941, 50.9324, 58.1192
2942, 50.8044, 58.1359
2943, 50.6834, 58.1525
2944, 50.5633, 58.1692
2945, 50.3236, 58.2025
2946, 50.2102, 58.2192
2947, 50.0988, 58.2359
2948, 49.9908, 58.2525
2949, 49.8855, 58.2692
2950, 49.6808, 58.3025
2951, 49.5815, 58.3192
2952, 49.485, 58.3359
2953, 49.3907, 58.3525
2954, 49.2916, 58.3692
2955, 49.0992, 58.4025
2956, 49.0033, 58.4192
2957, 48.906, 58.4359
2958, 48.8093, 58.4525
2959, 48.7098, 58.4692
2960, 48.5124, 58.5025
2961, 48.4162, 58.5192
2962, 48.3198, 58.5359
2963, 48.2242, 58.5525
2964, 48.0429, 58.5859
2965, 47.9576, 58.6025
2966, 47.8723, 58.6192
2967, 47.7906, 58.6359
2968, 47.6364, 58.6692
2969, 47.5593, 58.6859
2970, 47.4861, 58.7025
2971, 47.359, 58.7359
2972, 47.2993, 58.7525
2973, 47.2396, 58.7692
2974, 47.1798, 58.7859
2975, 47.0596, 58.8192
2976, 46.998, 58.8359
2977, 46.935, 58.8525
2978, 46.8735, 58.8692
2979, 46.7463, 58.9025
2980, 46.6813, 58.9192
2981, 46.6163, 58.9359
2982, 46.4863, 58.9692
2983, 46.4225, 58.9859
2984, 46.3626, 59.0025
2985, 46.2629, 59.0359
2986, 46.2173, 59.0525
2987, 46.1985, 59.0692
2988, 46.1977, 59.1025
2989, 46.1818, 59.1192
2990, 46.1647, 59.1359
2991, 46.155, 59.1525
2992, 46.1462, 59.1859
2993, 46.1389, 59.2025
2994, 46.1311, 59.2192
2995, 46.1212, 59.2525
2996, 46.1189, 59.2692
2997, 46.1167, 59.2859
2998, 46.1149, 59.3192
2999, 46.1161, 59.3359
3000, 46.1191, 59.3525
3001, 46.1279, 59.3859
3002, 46.133, 59.4025
3003, 46.139, 59.4192
3004, 46.1558, 59.4525
3005, 46.1659, 59.4692
3006, 46.1772, 59.4859
3007, 46.1893, 59.5025
3008, 46.2162, 59.5359
3009, 46.2322, 59.5525
3010, 46.2504, 59.5692
3011, 46.2902, 59.6025
3012, 46.3125, 59.6192
3013, 46.3361, 59.6359
3014, 46.3904, 59.6692
3015, 46.4209, 59.6859
3016, 46.4526, 59.7025
3017, 46.5173, 59.7359
3018, 46.5515, 59.7525
3019, 46.5882, 59.7692
3020, 46.6246, 59.7859
3021, 46.6959, 59.8192
3022, 46.7323, 59.8359
3023, 46.7727, 59.8525
3024, 46.8489, 59.8859
3025, 46.8855, 59.9025
3026, 46.9221, 59.9192
3027, 46.9616, 59.9359
3028, 47.0436, 59.9692
3029, 47.0819, 59.9859
3030, 47.1173, 60.0025
3031, 47.1927, 60.0359
3032, 47.232, 60.0525
3033, 47.2694, 60.0692
3034, 47.3048, 60.0859
3035, 47.3738, 60.1192
3036, 47.4105, 60.1359
3037, 47.448, 60.1525
3038, 47.4863, 60.1692
3039, 47.5603, 60.2025
3040, 47.5973, 60.2192
3041, 47.6342, 60.2359
3042, 47.7111, 60.2692
3043, 47.7494, 60.2859
3044, 47.7879, 60.3025
3045, 47.8247, 60.3192
3046, 47.8978, 60.3525
3047, 47.9353, 60.3692
3048, 47.9729, 60.3859
3049, 48.0101, 60.4025
3050, 48.0807, 60.4359
3051, 48.1141, 60.4525
3052, 48.1463, 60.4692
3053, 48.1804, 60.4859
3054, 48.2509, 60.5192
3055, 48.2885, 60.5359
3056, 48.325, 60.5525
3057, 48.3605, 60.5692
3058, 48.4334, 60.6025
3059, 48.4734, 60.6192
3060, 48.5129, 60.6359
3061, 48.5503, 60.6525
3062, 48.6181, 60.6859
3063, 48.6523, 60.7025
3064, 48.6897, 60.7192
3065, 48.7293, 60.7359
3066, 48.7688, 60.7525
3067, 48.844, 60.7859
3068, 48.8794, 60.8025
3069, 48.9148, 60.8192
3070, 48.9498, 60.8359
3071, 49.0129, 60.8692
3072, 49.0385, 60.8859
3073, 49.0597, 60.9025
3074, 49.0796, 60.9192
3075, 49.0957, 60.9359
3076, 49.1184, 60.9692
3077, 49.1286, 60.9859
3078, 49.1348, 61.0025
3079, 49.1431, 61.0192
3080, 49.15, 61.0359
3081, 49.1596, 61.0692
3082, 49.1596, 61.0859
3083, 49.1583, 61.1025
3084, 49.1571, 61.1192
3085, 49.1502, 61.1525
3086, 49.1433, 61.1692
3087, 49.1365, 61.1859
3088, 49.1296, 61.2025
3089, 49.1251, 61.2192
3090, 49.1135, 61.2525
3091, 49.1094, 61.2692
3092, 49.1053, 61.2859
3093, 49.1008, 61.3025
3094, 49.0944, 61.3192
3095, 49.0764, 61.3525
3096, 49.066, 61.3692
3097, 49.055, 61.3859
3098, 49.043, 61.4025
3099, 49.0309, 61.4192
3100, 49.006, 61.4525
3101, 48.9934, 61.4692
3102, 48.9803, 61.4859
3103, 48.9668, 61.5025
3104, 48.942, 61.5359
3105, 48.9308, 61.5525
3106, 48.9197, 61.5692
3107, 48.9078, 61.5859
3108, 48.8952, 61.6025
3109, 48.8645, 61.6359
3110, 48.8453, 61.6525
3111, 48.8225, 61.6692
3112, 48.7947, 61.6859
3113, 48.7618, 61.7025
3114, 48.6818, 61.7359
3115, 48.6377, 61.7525
3116, 48.5945, 61.7692
3117, 48.5514, 61.7859
3118, 48.4662, 61.8192
3119, 48.4163, 61.8359
3120, 48.3574, 61.8525
3121, 48.3054, 61.8692
3122, 48.2203, 61.9025
3123, 48.177, 61.9192
3124, 48.1313, 61.9359
3125, 48.0864, 61.9525
3126, 48.0435, 61.9692
3127, 47.9596, 62.0025
3128, 47.9176, 62.0192
3129, 47.8759, 62.0359
3130, 47.7932, 62.0692
3131, 47.7528, 62.0859
3132, 47.7125, 62.1025
3133, 47.6724, 62.1192
3134, 47.5943, 62.1525
3135, 47.5663, 62.1692
3136, 47.5492, 62.1859
3137, 47.5299, 62.2025
3138, 47.4876, 62.2359
3139, 47.4731, 62.2525
3140, 47.4646, 62.2692
3141, 47.4592, 62.2859
3142, 47.4535, 62.3192
3143, 47.4544, 62.3359
3144, 47.4578, 62.3525
3145, 47.4645, 62.3692
3146, 47.486, 62.4025
3147, 47.5009, 62.4192
3148, 47.5172, 62.4359
3149, 47.5556, 62.4692
3150, 47.5784, 62.4859
3151, 47.6028, 62.5025
3152, 47.6278, 62.5192
3153, 47.6778, 62.5525
3154, 47.7053, 62.5692
3155, 47.7337, 62.5859
3156, 47.7639, 62.6025
3157, 47.8257, 62.6359
3158, 47.8579, 62.6525
3159, 47.8928, 62.6692
3160, 47.931, 62.6859
3161, 48.0118, 62.7192
3162, 48.0535, 62.7359
3163, 48.0939, 62.7525
3164, 48.1781, 62.7859
3165, 48.221, 62.8025
3166, 48.2652, 62.8192
3167, 48.3077, 62.8359
3168, 48.397, 62.8692
3169, 48.4423, 62.8859
3170, 48.49, 62.9025
3171, 48.5357, 62.9192
3172, 48.6251, 62.9525
3173, 48.671, 62.9692
3174, 48.7186, 62.9859
3175, 48.7666, 63.0025
3176, 48.8625, 63.0359
3177, 48.9093, 63.0525
3178, 48.9568, 63.0692
3179, 49.0059, 63.0859
3180, 49.0556, 63.1025
3181, 49.1545, 63.1359
3182, 49.2047, 63.1525
3183, 49.2549, 63.1692
3184, 49.3056, 63.1859
3185, 49.4093, 63.2192
3186, 49.4621, 63.2359
3187, 49.5144, 63.2525
3188, 49.5665, 63.2692
3189, 49.6184, 63.2859
3190, 49.7229, 63.3192
3191, 49.7771, 63.3359
3192, 49.8316, 63.3525
3193, 49.8855, 63.3692
3194, 49.9907, 63.4025
3195, 50.0441, 63.4192
3196, 50.0988, 63.4359
3197, 50.1546, 63.4525
3198, 50.2106, 63.4692
3199, 50.3219, 63.5025
3200, 50.3783, 63.5192
3201, 50.4336, 63.5359
3202, 50.487, 63.5525
3203, 50.5363, 63.5692
3204, 50.6027, 63.6025
3205, 50.607, 63.6192
3206, 50.5912, 63.6359
3207, 50.5504, 63.6525
3208, 50.4918, 63.6692
3209, 50.4213, 63.6859
3210, 50.2462, 63.7192
3211, 50.1063, 63.7359
3212, 49.9637, 63.7525
3213, 49.8288, 63.7692
3214, 49.6862, 63.7859
3215, 49.3513, 63.8192
3216, 49.1564, 63.8359
3217, 48.9547, 63.8525
3218, 48.7474, 63.8692
3219, 48.3158, 63.9025
3220, 48.0959, 63.9192
3221, 47.8722, 63.9359
3222, 47.6616, 63.9525
3223, 47.2234, 63.9859
3224, 47.0131, 64.0025
3225, 46.821, 64.0192
3226, 46.6251, 64.0359
3227, 46.2159, 64.0692
3228, 45.9973, 64.0859
3229, 45.7751, 64.1025
3230, 45.3237, 64.1359
3231, 45.0898, 64.1525
3232, 44.8463, 64.1692
3233, 44.3313, 64.2025
3234, 44.0514, 64.2192
3235, 43.7628, 64.2359
3236, 43.2106, 64.2692
3237, 42.9354, 64.2859
3238, 42.3603, 64.3192
3239, 42.0761, 64.3359
3240, 41.8061, 64.3525
3241, 41.2942, 64.3859
3242, 41.0587, 64.4025
3243, 40.6103, 64.4359
3244, 40.3855, 64.4525
3245, 39.944, 64.4859
3246, 39.6951, 64.5025
3247, 39.1699, 64.5359
3248, 38.9008, 64.5525
3249, 38.3497, 64.5859
3250, 37.8121, 64.6192
3251, 37.56, 64.6359
3252, 37.0759, 64.6692
3253, 36.8275, 64.6859
3254, 36.3539, 64.7192
3255, 35.8782, 64.7525
3256, 35.6303, 64.7692
3257, 35.1895, 64.8025
3258, 34.7488, 64.8359
3259, 34.3212, 64.8692
3260, 34.1089, 64.8859
3261, 33.6732, 64.9192
3262, 33.2614, 64.9525
3263, 32.8636, 64.9859
3264, 32.4995, 65.0192
3265, 32.3275, 65.0359
3266, 31.9829, 65.0692
3267, 31.6277, 65.1025
3268, 31.2745, 65.1359
3269, 30.931, 65.1692
3270, 30.5849, 65.2025
3271, 30.22, 65.2359
3272, 29.8478, 65.2692
3273, 29.4736, 65.3025
3274, 29.084, 65.3359
3275, 28.7047, 65.3692
3276, 28.3783, 65.4025
3277, 28.1218, 65.4359
3278, 27.826, 65.4859
3279, 27.6521, 65.5192
3280, 27.4976, 65.5525
3281, 27.3643, 65.5859
3282, 27.2314, 65.6192
3283, 27.0324, 65.6692
3284, 26.9163, 65.7025
3285, 26.8039, 65.7359
3286, 26.6573, 65.7859
3287, 26.5605, 65.8192
3288, 26.485, 65.8525
3289, 26.4164, 65.8859
3290, 26.3124, 65.9359
3291, 26.2539, 65.9692
3292, 26.1942, 66.0025
3293, 26.1032, 66.0525
3294, 26.0404, 66.0859
3295, 25.9774, 66.1192
3296, 25.8767, 66.1692
3297, 25.7933, 66.2025
3298, 25.6933, 66.2359
3299, 25.5301, 66.2859
3300, 25.4107, 66.3192
3301, 25.2784, 66.3525
3302, 25.061, 66.4025
3303, 24.914, 66.4359
3304, 24.7014, 66.4859
3305, 24.5545, 66.5192
3306, 24.3975, 66.5525
3307, 24.1536, 66.6025
3308, 23.9861, 66.6359
3309, 23.7308, 66.6859
3310, 23.5556, 66.7192
3311, 23.2969, 66.7692
3312, 23.1445, 66.8025
3313, 22.9536, 66.8525
3314, 22.8544, 66.8859
3315, 22.719, 66.9359
3316, 22.6316, 66.9692
3317, 22.4975, 67.0192
3318, 22.3738, 67.0692
3319, 22.2908, 67.1025
3320, 22.1637, 67.1525
3321, 22.0762, 67.1859
3322, 21.9459, 67.2359
3323, 21.8205, 67.2859
3324, 21.6929, 67.3359
3325, 21.6075, 67.3692
3326, 21.5052, 67.4192
3327, 21.446, 67.4692
3328, 21.5, 67.5192
3329, 21.5071, 67.5692
3330, 21.527, 67.6025
3331, 21.6184, 67.6525
3332, 21.7249, 67.7025
3333, 21.8405, 67.7525
3334, 21.9778, 67.8025
3335, 22.076, 67.8359
3336, 22.2328, 67.8859
3337, 22.4039, 67.9359
3338, 22.5287, 67.9692
3339, 22.7294, 68.0192
3340, 22.941, 68.0692
3341, 23.0888, 68.1025
3342, 23.3339, 68.1525
3343, 23.6069, 68.2025
3344, 23.7922, 68.2359
3345, 24.0647, 68.2859
3346, 24.248, 68.3192
3347, 24.5272, 68.3692
3348, 24.7111, 68.4025
3349, 24.9928, 68.4525
3350, 25.1882, 68.4859
3351, 25.4962, 68.5359
3352, 25.708, 68.5692
3353, 25.9182, 68.6025
3354, 26.2277, 68.6525
3355, 26.4364, 68.6859
3356, 26.6406, 68.7192
3357, 26.9553, 68.7692
3358, 27.1733, 68.8025
3359, 27.3962, 68.8359
3360, 27.6145, 68.8692
3361, 27.9281, 68.9192
3362, 28.1356, 68.9525
3363, 28.3432, 68.9859
3364, 28.5542, 69.0192
3365, 28.7645, 69.0525
3366, 28.9669, 69.0859
3367, 29.1667, 69.1192
3368, 29.3826, 69.1525
3369, 29.6089, 69.1859
3370, 29.8237, 69.2192
3371, 30.0257, 69.2525
3372, 30.0257, 69.2525
3373, 30.0257, 69.2525
3374, 30.6444, 69.3525
3375, 30.8499, 69.3859
3376, 31.0541, 69.4192
3377, 31.2573, 69.4525
3378, 31.4636, 69.4859
3379, 31.6696, 69.5192
3380, 31.8753, 69.5525
3381, 32.0779, 69.5859
3382, 32.2811, 69.6192
3383, 32.4841, 69.6525
3384, 32.682, 69.6859
3385, 32.7811, 69.7025
3386, 32.9876, 69.7359
3387, 33.2021, 69.7692
3388, 33.4116, 69.8025
3389, 33.6076, 69.8359
3390, 33.6973, 69.8525
3391, 33.8566, 69.8859
3392, 33.9803, 69.9192
3393, 34.0626, 69.9525
3394, 34.0924, 69.9692
3395, 34.1424, 70.0025
3396, 34.1907, 70.0359
3397, 34.2394, 70.0692
3398, 34.263, 70.0859
3399, 34.3079, 70.1192
3400, 34.3495, 70.1525
3401, 34.3894, 70.1859
3402, 34.4078, 70.2025
3403, 34.4299, 70.2359
3404, 34.4214, 70.2692
3405, 34.3709, 70.3025
3406, 34.341, 70.3192
3407, 34.2386, 70.3525
3408, 34.0686, 70.3859
3409, 33.9457, 70.4192
3410, 33.9067, 70.4359
3411, 33.8251, 70.4692
3412, 33.7085, 70.5025
3413, 33.5756, 70.5359
3414, 33.514, 70.5525
3415, 33.4055, 70.5859
3416, 33.3022, 70.6192
3417, 33.194, 70.6525
3418, 33.1394, 70.6692
3419, 33.0318, 70.7025
3420, 32.9255, 70.7359
3421, 32.817, 70.7692
3422, 32.7049, 70.8025
3423, 32.5958, 70.8359
3424, 32.5466, 70.8525
3425, 32.4689, 70.8859
3426, 32.402, 70.9192
3427, 32.3713, 70.9525
3428, 32.4066, 70.9859
3429, 32.4272, 71.0192
3430, 32.4333, 71.0525
3431, 32.4423, 71.0692
3432, 32.4801, 71.1025
3433, 32.5383, 71.1359
3434, 32.5984, 71.1692
3435, 32.6692, 71.2025
3436, 32.7562, 71.2359
3437, 32.8009, 71.2525
3438, 32.8888, 71.2859
3439, 32.9818, 71.3192
3440, 33.0806, 71.3525
3441, 33.1818, 71.3859
3442, 33.2349, 71.4025
3443, 33.3493, 71.4359
3444, 33.4695, 71.4692
3445, 33.5913, 71.5025
3446, 33.7149, 71.5359
3447, 33.7791, 71.5525
3448, 33.9042, 71.5859
3449, 34.0234, 71.6192
3450, 34.1423, 71.6525
3451, 34.2051, 71.6692
3452, 34.328, 71.7025
3453, 34.4433, 71.7359
3454, 34.5684, 71.7692
3455, 34.6215, 71.7859
3456, 34.7429, 71.8192
3457, 34.8648, 71.8525
3458, 34.9259, 71.8692
3459, 35.0374, 71.9025
3460, 35.13, 71.9359
3461, 35.2411, 71.9692
3462, 35.2976, 71.9859
3463, 35.3984, 72.0192
3464, 35.507, 72.0525
3465, 35.5624, 72.0692
3466, 35.6517, 72.1025
3467, 35.7272, 72.1359
3468, 35.7667, 72.1525
3469, 35.8852, 72.1859
3470, 35.9883, 72.2192
3471, 36.0354, 72.2359
3472, 36.1169, 72.2692
3473, 36.2306, 72.3025
3474, 36.2884, 72.3192
3475, 36.3882, 72.3525
3476, 36.4696, 72.3859
3477, 36.511, 72.4025
3478, 36.6038, 72.4359
3479, 36.7029, 72.4692
3480, 36.7521, 72.4859
3481, 36.8456, 72.5192
3482, 36.9356, 72.5525
3483, 36.9822, 72.5692
3484, 37.0772, 72.6025
3485, 37.1743, 72.6359
3486, 37.2226, 72.6525
3487, 37.3214, 72.6859
3488, 37.3742, 72.7025
3489, 37.4894, 72.7359
3490, 37.6178, 72.7692
3491, 37.6887, 72.7859
3492, 37.8371, 72.8192
3493, 37.911, 72.8359
3494, 38.0519, 72.8692
3495, 38.1893, 72.9025
3496, 38.2593, 72.9192
3497, 38.4041, 72.9525
3498, 38.4749, 72.9692
3499, 38.6143, 73.0025
3500, 38.7521, 73.0359
3501, 38.8196, 73.0525
3502, 38.9487, 73.0859
3503, 39.0119, 73.1025
3504, 39.109, 73.1359
3505, 39.0905, 73.1525
3506, 39.049, 73.1859
3507, 39.094, 73.2025
3508, 39.2506, 73.2359
3509, 39.3281, 73.2525
3510, 39.4472, 73.2859
3511, 39.5725, 73.3192
3512, 39.6446, 73.3359
3513, 39.7862, 73.3692
3514, 39.8517, 73.3859
3515, 39.9803, 73.4192
3516, 40.0464, 73.4359
3517, 40.1817, 73.4692
3518, 40.2482, 73.4859
3519, 40.3791, 73.5192
3520, 40.4437, 73.5359
3521, 40.5753, 73.5692
3522, 40.64, 73.5859
3523, 40.7707, 73.6192
3524, 40.8354, 73.6359
3525, 40.9014, 73.6525
3526, 41.0309, 73.6859
3527, 41.0949, 73.7025
3528, 41.2231, 73.7359
3529, 41.2879, 73.7525
3530, 41.4206, 73.7859
3531, 41.4856, 73.8025
3532, 41.612, 73.8359
3533, 41.6752, 73.8525
3534, 41.8068, 73.8859
3535, 41.8717, 73.9025
3536, 41.9962, 73.9359
3537, 42.0586, 73.9525
3538, 42.1226, 73.9692
3539, 42.2522, 74.0025
3540, 42.3141, 74.0192
3541, 42.4333, 74.0525
3542, 42.4936, 74.0692
3543, 42.6201, 74.1025
3544, 42.683, 74.1192
3545, 42.7449, 74.1359
3546, 42.8667, 74.1692
3547, 42.927, 74.1859
3548, 43.0496, 74.2192
3549, 43.1081, 74.2359
3550, 43.1683, 74.2525
3551, 43.1683, 74.2525
3552, 43.1683, 74.2525
3553, 43.1683, 74.2525
3554, 43.1683, 74.2525
3555, 43.6184, 74.3692
3556, 43.7362, 74.4025
3557, 43.7974, 74.4192
3558, 43.8594, 74.4359
3559, 43.9912, 74.4692
3560, 44.0571, 74.4859
3561, 44.1224, 74.5025
3562, 44.2466, 74.5359
3563, 44.3088, 74.5525
3564, 44.4352, 74.5859
3565, 44.5, 74.6025
3566, 44.565, 74.6192
3567, 44.693, 74.6525
3568, 44.7574, 74.6692
3569, 44.8226, 74.6859
3570, 44.9532, 74.7192
3571, 45.0177, 74.7359
3572, 45.0822, 74.7525
3573, 45.2102, 74.7859
3574, 45.2751, 74.8025
3575, 45.34, 74.8192
3576, 45.4686, 74.8525
3577, 45.5313, 74.8692
3578, 45.5938, 74.8859
3579, 45.7198, 74.9192
3580, 45.7842, 74.9359
3581, 45.848, 74.9525
3582, 45.9756, 74.9859
3583, 46.039, 75.0025
3584, 46.1031, 75.0192
3585, 46.2301, 75.0525
3586, 46.2934, 75.0692
3587, 46.3569, 75.0859
3588, 46.421, 75.1025
3589, 46.5473, 75.1359
3590, 46.6092, 75.1525
3591, 46.6708, 75.1692
3592, 46.7962, 75.2025
3593, 46.8604, 75.2192
3594, 46.9241, 75.2359
3595, 46.9859, 75.2525
3596, 47.1137, 75.2859
3597, 47.1775, 75.3025
3598, 47.2417, 75.3192
3599, 47.3641, 75.3525
3600, 47.4218, 75.3692
3601, 47.4779, 75.3859
3602, 47.534, 75.4025
3603, 47.659, 75.4359
3604, 47.7265, 75.4525
3605, 47.7937, 75.4692
3606, 47.8575, 75.4859
3607, 47.976, 75.5192
3608, 48.0347, 75.5359
3609, 48.0944, 75.5525
3610, 48.1558, 75.5692
3611, 48.2752, 75.6025
3612, 48.3325, 75.6192
3613, 48.3891, 75.6359
3614, 48.4467, 75.6525
3615, 48.563, 75.6859
3616, 48.6219, 75.7025
3617, 48.6808, 75.7192
3618, 48.7388, 75.7359
3619, 48.8517, 75.7692
3620, 48.9073, 75.7859
3621, 48.9626, 75.8025
3622, 49.0193, 75.8192
3623, 49.0772, 75.8359
3624, 49.1915, 75.8692
3625, 49.2476, 75.8859
3626, 49.3028, 75.9025
3627, 49.3585, 75.9192
3628, 49.4683, 75.9525
3629, 49.5225, 75.9692
3630, 49.5761, 75.9859
3631, 49.6287, 76.0025
3632, 49.682, 76.0192
3633, 49.7915, 76.0525
3634, 49.8194, 76.0692
3635, 49.7704, 76.0859
3636, 49.7556, 76.1025
3637, 49.8074, 76.1359
3638, 49.8766, 76.1525
3639, 49.942, 76.1692
3640, 49.9892, 76.1859
3641, 50.0268, 76.2025
3642, 50.1206, 76.2359
3643, 50.1743, 76.2525
3644, 50.2241, 76.2692
3645, 50.2759, 76.2859
3646, 50.3183, 76.3025
3647, 50.4301, 76.3359
3648, 50.4839, 76.3525
3649, 50.5366, 76.3692
3650, 50.5825, 76.3859
3651, 50.6326, 76.4025
3652, 50.6824, 76.4192
3653, 50.7859, 76.4525
3654, 50.8359, 76.4692
3655, 50.883, 76.4859
3656, 50.9308, 76.5025
3657, 50.981, 76.5192
3658, 51.082, 76.5525
3659, 51.1328, 76.5692
3660, 51.1792, 76.5859
3661, 51.2287, 76.6025
3662, 51.2754, 76.6192
3663, 51.3255, 76.6359
3664, 51.4214, 76.6692
3665, 51.4678, 76.6859
3666, 51.5152, 76.7025
3667, 51.5636, 76.7192
3668, 51.6112, 76.7359
3669, 51.6579, 76.7525
3670, 51.7473, 76.7859
3671, 51.7913, 76.8025
3672, 51.8362, 76.8192
3673, 51.8792, 76.8359
3674, 51.9247, 76.8525
3675, 51.9667, 76.8692
3676, 52.052, 76.9025
3677, 52.0946, 76.9192
3678, 52.1384, 76.9359
3679, 52.1807, 76.9525
3680, 52.2252, 76.9692
3681, 52.2664, 76.9859
3682, 52.3541, 77.0192
3683, 52.3994, 77.0359
3684, 52.4426, 77.0525
3685, 52.4877, 77.0692
3686, 52.5329, 77.0859
3687, 52.5759, 77.1025
3688, 52.6184, 77.1192
3689, 52.7048, 77.1525
3690, 52.7527, 77.1692
3691, 52.7998, 77.1859
3692, 52.8451, 77.2025
3693, 52.8897, 77.2192
3694, 52.9332, 77.2359
3695, 52.9772, 77.2525
3696, 53.0646, 77.2859
3697, 53.1094, 77.3025
3698, 53.1541, 77.3192
3699, 53.1947, 77.3359
3700, 53.23, 77.3525
3701, 53.2717, 77.3692
3702, 53.3088, 77.3859
3703, 53.4099, 77.4192
3704, 53.4626, 77.4359
3705, 53.5119, 77.4525
3706, 53.5557, 77.4692
3707, 53.5983, 77.4859
3708, 53.6409, 77.5025
3709, 53.6815, 77.5192
3710, 53.7251, 77.5359
3711, 53.8101, 77.5692
3712, 53.8526, 77.5859
3713, 53.896, 77.6025
3714, 53.9393, 77.6192
3715, 53.9824, 77.6359
3716, 54.0254, 77.6525
3717, 54.0685, 77.6692
3718, 54.1116, 77.6859
3719, 54.155, 77.7025
3720, 54.2384, 77.7359
3721, 54.2789, 77.7525
3722, 54.319, 77.7692
3723, 54.3596, 77.7859
3724, 54.4005, 77.8025
3725, 54.4413, 77.8192
3726, 54.4818, 77.8359
3727, 54.5216, 77.8525
3728, 54.5608, 77.8692
3729, 54.6386, 77.9025
3730, 54.6772, 77.9192
3731, 54.7138, 77.9359
3732, 54.7514, 77.9525
3733, 54.7895, 77.9692
3734, 54.8292, 77.9859
3735, 54.8701, 78.0025
3736, 54.9102, 78.0192
3737, 54.9485, 78.0359
3738, 54.9852, 78.0525
3739, 55.0557, 78.0859
3740, 55.0902, 78.1025
3741, 55.1285, 78.1192
3742, 55.1661, 78.1359
3743, 55.2047, 78.1525
3744, 55.2416, 78.1692
3745, 55.2762, 78.1859
3746, 55.3102, 78.2025
3747, 55.3443, 78.2192
3748, 55.3821, 78.2359
3749, 55.4214, 78.2525
3750, 55.4975, 78.2859
3751, 55.5331, 78.3025
3752, 55.5674, 78.3192
3753, 55.6019, 78.3359
3754, 55.6389, 78.3525
3755, 55.6777, 78.3692
3756, 55.7162, 78.3859
3757, 55.7543, 78.4025
3758, 55.792, 78.4192
3759, 55.8288, 78.4359
3760, 55.864, 78.4525
3761, 55.9011, 78.4692
3762, 55.9417, 78.4859
3763, 56.0233, 78.5192
3764, 56.063, 78.5359
3765, 56.1006, 78.5525
3766, 56.1372, 78.5692
3767, 56.1736, 78.5859
3768, 56.21, 78.6025
3769, 56.2461, 78.6192
3770, 56.2829, 78.6359
3771, 56.3196, 78.6525
3772, 56.3565, 78.6692
3773, 56.3923, 78.6859
3774, 56.4282, 78.7025
3775, 56.4645, 78.7192
3776, 56.5017, 78.7359
3777, 56.5734, 78.7692
3778, 56.6094, 78.7859
3779, 56.6456, 78.8025
3780, 56.6816, 78.8192
3781, 56.7181, 78.8359
3782, 56.7548, 78.8525
3783, 56.7933, 78.8692
3784, 56.8306, 78.8859
3785, 56.8675, 78.9025
3786, 56.9043, 78.9192
3787, 56.9405, 78.9359
3788, 56.9789, 78.9525
3789, 57.0169, 78.9692
3790, 57.0555, 78.9859
3791, 57.0932, 79.0025
3792, 57.1312, 79.0192
3793, 57.1689, 79.0359
3794, 57.2425, 79.0692
3795, 57.2766, 79.0859
3796, 57.3112, 79.1025
3797, 57.3466, 79.1192
3798, 57.3828, 79.1359
3799, 57.4187, 79.1525
3800, 57.4539, 79.1692
3801, 57.4891, 79.1859
3802, 57.5243, 79.2025
3803, 57.5589, 79.2192
3804, 57.5928, 79.2359
3805, 57.6258, 79.2525
3806, 57.6597, 79.2692
3807, 57.6935, 79.2859
3808, 57.7263, 79.3025
3809, 57.7584, 79.3192
3810, 57.7899, 79.3359
3811, 57.8205, 79.3525
3812, 57.8518, 79.3692
3813, 57.8824, 79.3859
3814, 57.9129, 79.4025
3815, 57.9429, 79.4192
3816, 58.0056, 79.4525
3817, 58.0368, 79.4692
3818, 58.0664, 79.4859
3819, 58.0939, 79.5025
3820, 58.1201, 79.5192
3821, 58.1463, 79.5359
3822, 58.173, 79.5525
3823, 58.2008, 79.5692
3824, 58.2285, 79.5859
3825, 58.2557, 79.6025
3826, 58.2834, 79.6192
3827, 58.3113, 79.6359
3828, 58.3398, 79.6525
3829, 58.3683, 79.6692
3830, 58.397, 79.6859
3831, 58.4227, 79.7025
3832, 58.4489, 79.7192
3833, 58.4747, 79.7359
3834, 58.501, 79.7525
3835, 58.5272, 79.7692
3836, 58.5543, 79.7859
3837, 58.5807, 79.8025
3838, 58.6059, 79.8192
3839, 58.6306, 79.8359
3840, 58.6552, 79.8525
3841, 58.68, 79.8692
3842, 58.705, 79.8859
3843, 58.7299, 79.9025
3844, 58.7506, 79.9192
3845, 58.7695, 79.9359
3846, 58.8065, 79.9692
3847, 58.8264, 79.9859
3848, 58.8459, 80.0025
3849, 58.8655, 80.0192
3850, 58.8852, 80.0359
3851, 58.9057, 80.0525
3852, 58.9273, 80.0692
3853, 58.9498, 80.0859
3854, 58.9724, 80.1025
3855, 58.9957, 80.1192
3856, 59.0187, 80.1359
3857, 59.0421, 80.1525
3858, 59.0652, 80.1692
3859, 59.0883, 80.1859
3860, 59.1105, 80.2025
3861, 59.1306, 80.2192
3862, 59.1501, 80.2359
3863, 59.1694, 80.2525
3864, 59.1892, 80.2692
3865, 59.2078, 80.2859
3866, 59.2257, 80.3025
3867, 59.2436, 80.3192
3868, 59.261, 80.3359
3869, 59.281, 80.3525
3870, 59.3013, 80.3692
3871, 59.3224, 80.3859
3872, 59.344, 80.4025
3873, 59.3647, 80.4192
3874, 59.3869, 80.4359
3875, 59.4092, 80.4525
3876, 59.4317, 80.4692
3877, 59.4541, 80.4859
3878, 59.4761, 80.5025
3879, 59.4988, 80.5192
3880, 59.522, 80.5359
3881, 59.5473, 80.5525
3882, 59.5726, 80.5692
3883, 59.5984, 80.5859
3884, 59.6233, 80.6025
3885, 59.6481, 80.6192
3886, 59.6735, 80.6359
3887, 59.6984, 80.6525
3888, 59.7244, 80.6692
3889, 59.7499, 80.6859
3890, 59.7721, 80.7025
3891, 59.7939, 80.7192
3892, 59.8151, 80.7359
3893, 59.8377, 80.7525
3894, 59.8611, 80.7692
3895, 59.8856, 80.7859
3896, 59.9105, 80.8025
3897, 59.9351, 80.8192
3898, 59.9596, 80.8359
3899, 59.9853, 80.8525
3900, 60.0111, 80.8692
3901, 60.0364, 80.8859
3902, 60.0616, 80.9025
3903, 60.0863, 80.9192
3904, 60.1099, 80.9359
3905, 60.1336, 80.9525
3906, 60.1576, 80.9692
3907, 60.182, 80.9859
3908, 60.2041, 81.0025
3909, 60.2248, 81.0192
3910, 60.2464, 81.0359
3911, 60.2709, 81.0525
3912, 60.2975, 81.0692
3913, 60.3234, 81.0859
3914, 60.3476, 81.1025
3915, 60.3698, 81.1192
3916, 60.393, 81.1359
3917, 60.4153, 81.1525
3918, 60.4394, 81.1692
3919, 60.4627, 81.1859
3920, 60.4868, 81.2025
3921, 60.512, 81.2192
3922, 60.5388, 81.2359
3923, 60.5617, 81.2525
3924, 60.5828, 81.2692
3925, 60.6022, 81.2859
3926, 60.6188, 81.3025
3927, 60.6412, 81.3192
3928, 60.6659, 81.3359
3929, 60.6931, 81.3525
3930, 60.7172, 81.3692
3931, 60.7393, 81.3859
3932, 60.7604, 81.4025
3933, 60.7841, 81.4192
3934, 60.8103, 81.4359
3935, 60.8376, 81.4525
3936, 60.8623, 81.4692
3937, 60.8877, 81.4859
3938, 60.9124, 81.5025
3939, 60.937, 81.5192
3940, 60.9612, 81.5359
3941, 60.9852, 81.5525
3942, 61.0092, 81.5692
3943, 61.0336, 81.5859
3944, 61.059, 81.6025
3945, 61.0849, 81.6192
3946, 61.1091, 81.6359
3947, 61.1341, 81.6525
3948, 61.1593, 81.6692
3949, 61.1844, 81.6859
3950, 61.2091, 81.7025
3951, 61.2339, 81.7192
3952, 61.2584, 81.7359
3953, 61.2834, 81.7525
3954, 61.3088, 81.7692
3955, 61.3344, 81.7859
3956, 61.3589, 81.8025
3957, 61.3831, 81.8192
3958, 61.4067, 81.8359
3959, 61.3999, 81.8525
3960, 61.3396, 81.8692
3961, 61.3091, 81.8859
3962, 61.3091, 81.8859
3963, 61.3137, 81.9025
3964, 61.3366, 81.9192
3965, 61.3662, 81.9359
3966, 61.3858, 81.9525
3967, 61.4011, 81.9692
3968, 61.4213, 81.9859
3969, 61.4456, 82.0025
3970, 61.4696, 82.0192
3971, 61.4915, 82.0359
3972, 61.5132, 82.0525
3973, 61.5364, 82.0692
3974, 61.5603, 82.0859
3975, 61.5833, 82.1025
3976, 61.6063, 82.1192
3977, 61.6301, 82.1359
3978, 61.6548, 82.1525
3979, 61.6783, 82.1692
3980, 61.7007, 82.1859
3981, 61.7235, 82.2025
3982, 61.7471, 82.2192
3983, 61.7728, 82.2359
3984, 61.7971, 82.2525
3985, 61.8221, 82.2692
3986, 61.8455, 82.2859
3987, 61.8742, 82.3025
3988, 61.8987, 82.3192
3989, 61.9232, 82.3359
3990, 61.9464, 82.3525
3991, 61.9706, 82.3692
3992, 61.9968, 82.3859
3993, 62.0222, 82.4025
3994, 62.0474, 82.4192
3995, 62.0727, 82.4359
3996, 62.1007, 82.4525
3997, 62.1281, 82.4692
3998, 62.1549, 82.4859
3999, 62.1802, 82.5025
4000, 62.1802, 82.5025
4001, 62.2055, 82.5192
4002, 62.2318, 82.5359
4003, 62.2585, 82.5525
4004, 62.2845, 82.5692
4005, 62.3102, 82.5859
4006, 62.3358, 82.6025
4007, 62.3615, 82.6192
4008, 62.3873, 82.6359
4009, 62.4135, 82.6525
4010, 62.4396, 82.6692
4011, 62.4656, 82.6859
4012, 62.4925, 82.7025
4013, 62.5197, 82.7192
4014, 62.5469, 82.7359
4015, 62.5736, 82.7525
4016, 62.6009, 82.7692
4017, 62.6281, 82.7859
4018, 62.6561, 82.8025
4019, 62.6842, 82.8192
4020, 62.7105, 82.8359
4021, 62.7355, 82.8525
4022, 62.7605, 82.8692
4023, 62.7856, 82.8859
4024, 62.8121, 82.9025
4025, 62.8393, 82.9192
4026, 62.8673, 82.9359
4027, 62.8673, 82.9359
4028, 62.8947, 82.9525
4029, 62.9194, 82.9692
4030, 62.9451, 82.9859
4031, 62.9683, 83.0025
4032, 62.9909, 83.0192
4033, 63.0126, 83.0359
4034, 63.0327, 83.0525
4035, 63.0522, 83.0692
4036, 63.0725, 83.0859
4037, 63.0918, 83.1025
4038, 63.1118, 83.1192
4039, 63.1335, 83.1359
4040, 63.1582, 83.1525
4041, 63.181, 83.1692
4042, 63.2051, 83.1859
4043, 63.225, 83.2025
4044, 63.2578, 83.2192
4045, 63.2947, 83.2359
4046, 63.3287, 83.2525
4047, 63.3569, 83.2692
4048, 63.3569, 83.2692
4049, 63.3805, 83.2859
4050, 63.4023, 83.3025
4051, 63.428, 83.3192
4052, 63.4498, 83.3359
4053, 63.4741, 83.3525
4054, 63.4959, 83.3692
4055, 63.5234, 83.3859
4056, 63.5472, 83.4025
4057, 63.5752, 83.4192
4058, 63.5969, 83.4359
4059, 63.6227, 83.4525
4060, 63.6414, 83.4692
4061, 63.6674, 83.4859
4062, 63.6918, 83.5025
4063, 63.7162, 83.5192
4064, 63.7321, 83.5359
4065, 63.752, 83.5525
4066, 63.7757, 83.5692
4067, 63.7757, 83.5692
4068, 63.8025, 83.5859
4069, 63.8282, 83.6025
4070, 63.8478, 83.6192
4071, 63.8658, 83.6359
4072, 63.8784, 83.6525
4073, 63.9006, 83.6692
4074, 63.9229, 83.6859
4075, 63.941, 83.7025
4076, 63.9578, 83.7192
4077, 63.9758, 83.7359
4078, 63.9995, 83.7525
4079, 64.0251, 83.7692
4080, 64.0486, 83.7859
4081, 64.0583, 83.8025
4082, 64.0624, 83.8192
4083, 64.0783, 83.8359
4084, 64.0783, 83.8359
4085, 64.1107, 83.8525
4086, 64.1481, 83.8692
4087, 64.1765, 83.8859
4088, 64.2008, 83.9025
4089, 64.2441, 83.9192
4090, 64.2861, 83.9359
4091, 64.3249, 83.9525
4092, 64.3516, 83.9692
4093, 64.3741, 83.9859
4094, 64.4026, 84.0025
4095, 64.4317, 84.0192
4096, 64.4537, 84.0359
4097, 64.4732, 84.0525
4098, 64.4943, 84.0692
4099, 64.4943, 84.0692
4100, 64.5195, 84.0859
4101, 64.5458, 84.1025
4102, 64.5703, 84.1192
4103, 64.5959, 84.1359
4104, 64.6221, 84.1525
4105, 64.65, 84.1692
4106, 64.674, 84.1859
4107, 64.7001, 84.2025
4108, 64.7267, 84.2192
4109, 64.7537, 84.2359
4110, 64.7805, 84.2525
4111, 64.8049, 84.2692
4112, 64.8301, 84.2859
4113, 64.8301, 84.2859
4114, 64.8543, 84.3025
4115, 64.8796, 84.3192
4116, 64.9048, 84.3359
4117, 64.9309, 84.3525
4118, 64.9578, 84.3692
4119, 64.9851, 84.3859
4120, 65.0115, 84.4025
4121, 65.0377, 84.4192
4122, 65.0641, 84.4359
4123, 65.0899, 84.4525
4124, 65.1189, 84.4692
4125, 65.1505, 84.4859
4126, 65.1839, 84.5025
4127, 65.1839, 84.5025
4128, 65.215, 84.5192
4129, 65.2456, 84.5359
4130, 65.2797, 84.5525
4131, 65.3101, 84.5692
4132, 65.3395, 84.5859
4133, 65.3651, 84.6025
4134, 65.3905, 84.6192
4135, 65.417, 84.6359
4136, 65.4432, 84.6525
4137, 65.4712, 84.6692
4138, 65.5006, 84.6859
4139, 65.5006, 84.6859
4140, 65.5297, 84.7025
4141, 65.5592, 84.7192
4142, 65.587, 84.7359
4143, 65.6103, 84.7525
4144, 65.6335, 84.7692
4145, 65.6669, 84.7859
4146, 65.6997, 84.8025
4147, 65.7304, 84.8192
4148, 65.7573, 84.8359
4149, 65.7834, 84.8525
4150, 65.8117, 84.8692
4151, 65.8117, 84.8692
4152, 65.8409, 84.8859
4153, 65.8676, 84.9025
4154, 65.8928, 84.9192
4155, 65.9189, 84.9359
4156, 65.9446, 84.9525
4157, 65.9717, 84.9692
4158, 66.0005, 84.9859
4159, 66.0299, 85.0025
4160, 66.0585, 85.0192
4161, 66.0848, 85.0359
4162, 66.111, 85.0525
4163, 66.111, 85.0525
4164, 66.138, 85.0692
4165, 66.1664, 85.0859
4166, 66.1949, 85.1025
4167, 66.2226, 85.1192
4168, 66.2486, 85.1359
4169, 66.2746, 85.1525
4170, 66.3004, 85.1692
4171, 66.326, 85.1859
4172, 66.3524, 85.2025
4173, 66.3524, 85.2025
4174, 66.3793, 85.2192
4175, 66.407, 85.2359
4176, 66.4351, 85.2525
4177, 66.4625, 85.2692
4178, 66.4878, 85.2859
4179, 66.5123, 85.3025
4180, 66.5367, 85.3192
4181, 66.5611, 85.3359
4182, 66.5858, 85.3525
4183, 66.6114, 85.3692
4184, 66.6114, 85.3692
4185, 66.6367, 85.3859
4186, 66.6619, 85.4025
4187, 66.6876, 85.4192
4188, 66.7134, 85.4359
4189, 66.7384, 85.4525
4190, 66.763, 85.4692
4191, 66.787, 85.4859
4192, 66.811, 85.5025
4193, 66.8346, 85.5192
4194, 66.8346, 85.5192
4195, 66.8591, 85.5359
4196, 66.8845, 85.5525
4197, 66.9095, 85.5692
4198, 66.9335, 85.5859
4199, 66.9573, 85.6025
4200, 66.9804, 85.6192
4201, 67.0036, 85.6359
4202, 67.0275, 85.6525
4203, 67.0275, 85.6525
4204, 67.0522, 85.6692
4205, 67.077, 85.6859
4206, 67.1014, 85.7025
4207, 67.1261, 85.7192
4208, 67.1496, 85.7359
4209, 67.1725, 85.7525
4210, 67.1945, 85.7692
4211, 67.216, 85.7859
4212, 67.2384, 85.8025
4213, 67.2384, 85.8025
4214, 67.2618, 85.8192
4215, 67.2857, 85.8359
4216, 67.3099, 85.8525
4217, 67.3337, 85.8692
4218, 67.3583, 85.8859
4219, 67.383, 85.9025
4220, 67.4076, 85.9192
4221, 67.4317, 85.9359
4222, 67.4317, 85.9359
4223, 67.4559, 85.9525
4224, 67.4798, 85.9692
4225, 67.5027, 85.9859
4226, 67.5252, 86.0025
4227, 67.5479, 86.0192
4228, 67.5704, 86.0359
4229, 67.593, 86.0525
4230, 67.6153, 86.0692
4231, 67.6153, 86.0692
4232, 67.6385, 86.0859
4233, 67.662, 86.1025
4234, 67.685, 86.1192
4235, 67.7082, 86.1359
4236, 67.7319, 86.1525
4237, 67.7561, 86.1692
4238, 67.7799, 86.1859
4239, 67.8032, 86.2025
4240, 67.8032, 86.2025
4241, 67.8262, 86.2192
4242, 67.849, 86.2359
4243, 67.8708, 86.2525
4244, 67.8924, 86.2692
4245, 67.9147, 86.2859
4246, 67.9371, 86.3025
4247, 67.9591, 86.3192
4248, 67.9591, 86.3192
4249, 67.9805, 86.3359
4250, 68.0015, 86.3525
4251, 68.0234, 86.3692
4252, 68.0452, 86.3859
4253, 68.0673, 86.4025
4254, 68.0895, 86.4192
4255, 68.1119, 86.4359
4256, 68.1342, 86.4525
4257, 68.1342, 86.4525
4258, 68.1559, 86.4692
4259, 68.177, 86.4859
4260, 68.1977, 86.5025
4261, 68.2186, 86.5192
4262, 68.2389, 86.5359
4263, 68.2592, 86.5525
4264, 68.2798, 86.5692
4265, 68.2798, 86.5692
4266, 68.2999, 86.5859
4267, 68.3198, 86.6025
4268, 68.3394, 86.6192
4269, 68.3588, 86.6359
4270, 68.378, 86.6525
4271, 68.3972, 86.6692
4272, 68.4171, 86.6859
4273, 68.4171, 86.6859
4274, 68.4366, 86.7025
4275, 68.4563, 86.7192
4276, 68.4752, 86.7359
4277, 68.4941, 86.7525
4278, 68.5131, 86.7692
4279, 68.5317, 86.7859
4280, 68.5501, 86.8025
4281, 68.5501, 86.8025
4282, 68.5682, 86.8192
4283, 68.5867, 86.8359
4284, 68.6062, 86.8525
4285, 68.6263, 86.8692
4286, 68.6457, 86.8859
4287, 68.6643, 86.9025
4288, 68.6823, 86.9192
4289, 68.6823, 86.9192
4290, 68.7, 86.9359
4291, 68.7184, 86.9525
4292, 68.7372, 86.9692
4293, 68.7562, 86.9859
4294, 68.7746, 87.0025
4295, 68.7925, 87.0192
4296, 68.8105, 87.0359
4297, 68.8105, 87.0359
4298, 68.8285, 87.0525
4299, 68.8462, 87.0692
4300, 68.864, 87.0859
4301, 68.8817, 87.1025
4302, 68.9005, 87.1192
4303, 68.9191, 87.1359
4304, 68.937, 87.1525
4305, 68.937, 87.1525
4306, 68.9545, 87.1692
4307, 68.9716, 87.1859
4308, 68.9889, 87.2025
4309, 69.0068, 87.2192
4310, 69.025, 87.2359
4311, 69.0428, 87.2525
4312, 69.0428, 87.2525
4313, 69.0611, 87.2692
4314, 69.0798, 87.2859
4315, 69.0982, 87.3025
4316, 69.1154, 87.3192
4317, 69.133, 87.3359
4318, 69.1507, 87.3525
4319, 69.1672, 87.3692
4320, 69.1672, 87.3692
4321, 69.1843, 87.3859
4322, 69.2012, 87.4025
4323, 69.2186, 87.4192
4324, 69.2356, 87.4359
4325, 69.2523, 87.4525
4326, 69.2699, 87.4692
4327, 69.2699, 87.4692
4328, 69.2876, 87.4859
4329, 69.3035, 87.5025
4330, 69.3192, 87.5192
4331, 69.3346, 87.5359
4332, 69.3503, 87.5525
4333, 69.3664, 87.5692
4334, 69.3825, 87.5859
4335, 69.3825, 87.5859
4336, 69.3992, 87.6025
4337, 69.4161, 87.6192
4338, 69.4328, 87.6359
4339, 69.4487, 87.6525
4340, 69.464, 87.6692
4341, 69.4789, 87.6859
4342, 69.4789, 87.6859
4343, 69.4922, 87.7025
4344, 69.5068, 87.7192
4345, 69.5219, 87.7359
4346, 69.5361, 87.7525
4347, 69.5513, 87.7692
4348, 69.5652, 87.7859
4349, 69.5652, 87.7859
4350, 69.5811, 87.8025
4351, 69.597, 87.8192
4352, 69.6137, 87.8359
4353, 69.6308, 87.8525
4354, 69.6469, 87.8692
4355, 69.6631, 87.8859
4356, 69.6788, 87.9025
4357, 69.6788, 87.9025
4358, 69.6941, 87.9192
4359, 69.7089, 87.9359
4360, 69.724, 87.9525
4361, 69.7378, 87.9692
4362, 69.7516, 87.9859
4363, 69.7673, 88.0025
4364, 69.7673, 88.0025
4365, 69.7829, 88.0192
4366, 69.7981, 88.0359
4367, 69.8134, 88.0525
4368, 69.8266, 88.0692
4369, 69.8396, 88.0859
4370, 69.8555, 88.1025
4371, 69.8555, 88.1025
4372, 69.8711, 88.1192
4373, 69.8905, 88.1359
4374, 69.9068, 88.1525
4375, 69.9213, 88.1692
4376, 69.9356, 88.1859
4377, 69.9492, 88.2025
4378, 69.9492, 88.2025
4379, 69.9668, 88.2192
4380, 69.9836, 88.2359
4381, 69.9981, 88.2525
4382, 70.0085, 88.2692
4383, 70.0198, 88.2859
4384, 70.0312, 88.3025
4385, 70.0312, 88.3025
4386, 70.0415, 88.3192
4387, 70.0542, 88.3359
4388, 70.0658, 88.3525
4389, 70.0785, 88.3692
4390, 70.0948, 88.3859
4391, 70.1141, 88.4025
4392, 70.1141, 88.4025
4393, 70.1352, 88.4192
4394, 70.1526, 88.4359
4395, 70.1682, 88.4525
4396, 70.1813, 88.4692
4397, 70.1956, 88.4859
4398, 70.2108, 88.5025
4399, 70.2108, 88.5025
4400, 70.2211, 88.5192
4401, 70.2334, 88.5359
4402, 70.2459, 88.5525
4403, 70.2585, 88.5692
4404, 70.2731, 88.5859
4405, 70.2884, 88.6025
4406, 70.2884, 88.6025
4407, 70.2884, 88.6025
4408, 70.2884, 88.6025
4409, 70.2884, 88.6025
4410, 70.2884, 88.6025
