0, 73.7281, 68.8098
1, 73.7736, 68.8265
2, 73.7736, 68.8265
3, 73.805, 68.8432
4, 73.8304, 68.8598
5, 73.8653, 68.8765
6, 73.8997, 68.8932
7, 73.9302, 68.9098
8, 73.9302, 68.9098
9, 73.9638, 68.9265
10, 73.9982, 68.9432
11, 74.0321, 68.9598
12, 74.0667, 68.9765
13, 74.0667, 68.9765
14, 74.1014, 68.9932
15, 74.1348, 69.0098
16, 74.1705, 69.0265
17, 74.2061, 69.0432
18, 74.2061, 69.0432
19, 74.2405, 69.0598
20, 74.2726, 69.0765
21, 74.305, 69.0932
22, 74.3364, 69.1098
23, 74.3364, 69.1098
24, 74.3753, 69.1265
25, 74.4158, 69.1432
26, 74.4474, 69.1598
27, 74.4737, 69.1765
28, 74.5031, 69.1932
29, 74.5031, 69.1932
30, 74.5404, 69.2098
31, 74.5765, 69.2265
32, 74.6055, 69.2432
33, 74.634, 69.2598
34, 74.634, 69.2598
35, 74.668, 69.2765
36, 74.709, 69.2932
37, 74.7508, 69.3098
38, 74.785, 69.3265
39, 74.785, 69.3265
40, 74.8135, 69.3432
41, 74.8397, 69.3598
42, 74.8646, 69.3765
43, 74.8937, 69.3932
44, 74.8937, 69.3932
45, 74.93, 69.4098
46, 74.9703, 69.4265
47, 75.0107, 69.4432
48, 75.0451, 69.4598
49, 75.0451, 69.4598
50, 75.0759, 69.4765
51, 75.1024, 69.4932
52, 75.1278, 69.5098
53, 75.1547, 69.5265
54, 75.1547, 69.5265
55, 75.187, 69.5432
56, 75.2211, 69.5598
57, 75.2552, 69.5765
58, 75.2891, 69.5932
59, 75.2891, 69.5932
60, 75.3225, 69.6098
61, 75.3536, 69.6265
62, 75.3828, 69.6432
63, 75.4084, 69.6598
64, 75.4084, 69.6598
65, 75.4359, 69.6765
66, 75.4633, 69.6932
67, 75.4963, 69.7098
68, 75.5377, 69.7265
69, 75.5377, 69.7265
70, 75.579, 69.7432
71, 75.6106, 69.7598
72, 75.6345, 69.7765
73, 75.6345, 69.7765
74, 75.6593, 69.7932
75, 75.6865, 69.8098
76, 75.7133, 69.8265
77, 75.744, 69.8432
78, 75.744, 69.8432
79, 75.7796, 69.8598
80, 75.8118, 69.8765
81, 75.8374, 69.8932
82, 75.8603, 69.9098
83, 75.8603, 69.9098
84, 75.8909, 69.9265
85, 75.9268, 69.9432
86, 75.9604, 69.9598
87, 75.9906, 69.9765
88, 75.9906, 69.9765
89, 76.0224, 69.9932
90, 76.0524, 70.0098
91, 76.0779, 70.0265
92, 76.1031, 70.0432
93, 76.1031, 70.0432
94, 76.132, 70.0598
95, 76.162, 70.0765
96, 76.1928, 70.0932
97, 76.1928, 70.0932
98, 76.2223, 70.1098
99, 76.2502, 70.1265
100, 76.2771, 70.1432
101, 76.3042, 70.1598
102, 76.3042, 70.1598
103, 76.3335, 70.1765
104, 76.3624, 70.1932
105, 76.3886, 70.2098
106, 76.4146, 70.2265
107, 76.4146, 70.2265
108, 76.4438, 70.2432
109, 76.4748, 70.2598
110, 76.5034, 70.2765
111, 76.5034, 70.2765
112, 76.528, 70.2932
113, 76.5539, 70.3098
114, 76.5833, 70.3265
115, 76.6115, 70.3432
116, 76.6115, 70.3432
117, 76.6344, 70.3598
118, 76.6514, 70.3765
119, 76.6796, 70.3932
120, 76.6796, 70.3932
121, 76.7153, 70.4098
122, 76.7412, 70.4265
123, 76.7647, 70.4432
124, 76.7954, 70.4598
125, 76.7954, 70.4598
126, 76.8306, 70.4765
127, 76.8575, 70.4932
128, 76.8767, 70.5098
129, 76.8876, 70.5265
130, 76.8876, 70.5265
131, 76.8939, 70.5432
132, 76.9238, 70.5598
133, 76.9783, 70.5765
134, 76.9783, 70.5765
135, 77.0244, 70.5932
136, 77.0413, 70.6098
137, 77.0563, 70.6265
138, 77.0823, 70.6432
139, 77.0823, 70.6432
140, 77.1044, 70.6598
141, 77.1238, 70.6765
142, 77.1527, 70.6932
143, 77.1527, 70.6932
144, 77.1855, 70.7098
145, 77.2106, 70.7265
146, 77.232, 70.7432
147, 77.2573, 70.7598
148, 77.2573, 70.7598
149, 77.2825, 70.7765
150, 77.3032, 2.0078
151, 77.3253, 2.0244
152, 77.3253, 2.0244
153, 77.3504, 2.0411
154, 77.3768, 2.0578
155, 77.4028, 2.0744
156, 77.4278, 2.0911
157, 77.4278, 2.0911
158, 77.4503, 2.1078
159, 77.4744, 2.1244
160, 77.5027, 2.1411
161, 77.5027, 2.1411
162, 77.53, 2.1578
163, 77.5525, 2.1744
164, 77.5751, 2.1911
165, 77.5751, 2.1911
166, 77.6011, 2.2078
167, 77.6268, 2.2244
168, 77.6505, 2.2411
169, 77.6752, 2.2578
170, 77.6752, 2.2578
171, 77.6988, 2.2744
172, 77.7214, 2.2911
173, 77.7453, 2.3078
174, 77.7453, 2.3078
175, 77.7077, 2.3244
176, 77.8143, 2.3411
177, 77.7913, 2.3578
178, 77.7836, 2.3744
179, 77.7836, 2.3744
180, 77.8557, 2.3911
181, 77.8566, 2.4078
182, 77.8581, 2.4244
183, 77.8581, 2.4244
184, 77.899, 2.4411
185, 77.906, 2.4578
186, 77.9221, 2.4744
187, 77.9221, 2.4744
188, 77.9579, 2.4911
189, 77.9691, 2.5078
190, 77.9815, 2.5244
191, 78.0065, 2.5411
192, 78.0065, 2.5411
193, 78.0262, 2.5578
194, 78.049, 2.5744
195, 78.0734, 2.5911
196, 78.0734, 2.5911
197, 78.0932, 2.6078
198, 78.1121, 2.6244
199, 78.1279, 2.6411
200, 78.1279, 2.6411
201, 78.1425, 2.6578
202, 78.1635, 2.6744
203, 78.1858, 2.6911
204, 78.2065, 2.7078
205, 78.2065, 2.7078
206, 78.2276, 2.7244
207, 78.2494, 2.7411
208, 78.2684, 2.7578
209, 78.2684, 2.7578
210, 78.287, 2.7744
211, 78.3074, 2.7911
212, 78.3297, 2.8078
213, 78.3297, 2.8078
214, 78.3526, 2.8244
215, 78.3738, 2.8411
216, 78.3948, 2.8578
217, 78.3948, 2.8578
218, 78.418, 2.8744
219, 78.4404, 2.8911
220, 78.4582, 2.9078
221, 78.4757, 2.9244
222, 78.4757, 2.9244
223, 78.499, 2.9411
224, 78.5227, 2.9578
225, 78.5409, 2.9744
226, 78.5409, 2.9744
227, 78.5566, 2.9911
228, 78.575, 3.0078
229, 78.5952, 3.0244
230, 78.5952, 3.0244
231, 78.6168, 3.0411
232, 78.6356, 3.0578
233, 78.6525, 3.0744
234, 78.6525, 3.0744
235, 78.6714, 3.0911
236, 78.6912, 3.1078
237, 78.7089, 3.1244
238, 78.7289, 3.1411
239, 78.7289, 3.1411
240, 78.749, 3.1578
241, 78.7658, 3.1744
242, 78.7851, 3.1911
243, 78.7851, 3.1911
244, 78.8086, 3.2078
245, 78.8297, 3.2244
246, 78.848, 3.2411
247, 78.848, 3.2411
248, 78.8677, 3.2578
249, 78.888, 3.2744
250, 78.9063, 3.2911
251, 78.9063, 3.2911
252, 78.9259, 3.3078
253, 78.9433, 3.3244
254, 78.9586, 3.3411
255, 78.9586, 3.3411
256, 78.975, 3.3578
257, 78.9936, 3.3744
258, 79.0107, 3.3911
259, 79.0273, 3.4078
260, 79.0273, 3.4078
261, 79.0397, 3.4244
262, 79.0462, 3.4411
263, 79.0482, 3.4578
264, 79.0482, 3.4578
265, 79.0486, 3.4744
266, 79.0437, 3.4911
267, 79.0325, 3.5078
268, 79.0325, 3.5078
269, 79.014, 3.5244
270, 78.9831, 3.5411
271, 78.9396, 3.5578
272, 78.9396, 3.5578
273, 78.8843, 3.5744
274, 78.8113, 3.5911
275, 78.7248, 3.6078
276, 78.7248, 3.6078
277, 78.6232, 3.6244
278, 78.5029, 3.6411
279, 78.3678, 3.6578
280, 78.1313, 3.6744
281, 78.1313, 3.6744
282, 77.9422, 3.6911
283, 77.7922, 3.7078
284, 77.5693, 3.7244
285, 77.5693, 3.7244
286, 77.3405, 3.7411
287, 77.1274, 3.7578
288, 76.8736, 3.7744
289, 76.8736, 3.7744
290, 76.6106, 3.7911
291, 76.3498, 3.8078
292, 76.0682, 3.8244
293, 75.7774, 3.8411
294, 75.7774, 3.8411
295, 75.4897, 3.8578
296, 75.1942, 3.8744
297, 74.8943, 3.8911
298, 74.5984, 3.9078
299, 74.5984, 3.9078
300, 74.2883, 3.9244
301, 73.9753, 3.9411
302, 73.6641, 3.9578
303, 73.3231, 3.9744
304, 73.0409, 3.9911
305, 73.0409, 3.9911
306, 72.7372, 4.0078
307, 72.4232, 4.0244
308, 72.1385, 4.0411
309, 71.7945, 4.0578
310, 71.4676, 4.0744
311, 71.4676, 4.0744
312, 71.2039, 4.0911
313, 70.9261, 4.1078
314, 70.6545, 4.1244
315, 70.4052, 4.1411
316, 70.1482, 4.1578
317, 69.8582, 4.1744
318, 69.8582, 4.1744
319, 69.5741, 4.1911
320, 69.3202, 4.2078
321, 69.0876, 4.2244
322, 68.8638, 4.2411
323, 68.6507, 4.2578
324, 68.4985, 4.2744
325, 68.4985, 4.2744
326, 68.3477, 4.2911
327, 68.208, 4.3078
328, 68.0922, 4.3244
329, 67.9578, 4.3411
330, 67.796, 4.3578
331, 67.6739, 4.3744
332, 67.5684, 4.3911
333, 67.444, 4.4078
334, 67.444, 4.4078
335, 67.3436, 4.4244
336, 67.2733, 4.4411
337, 67.2083, 4.4578
338, 67.1426, 4.4744
339, 67.0893, 4.4911
340, 67.0477, 4.5078
341, 67.0052, 4.5244
342, 66.9616, 4.5411
343, 66.9191, 4.5578
344, 66.9191, 4.5578
345, 66.8734, 4.5744
346, 66.8243, 4.5911
347, 66.7712, 4.6078
348, 66.7192, 4.6244
349, 66.6698, 4.6411
350, 66.6162, 4.6578
351, 66.5517, 4.6744
352, 66.4903, 4.6911
353, 66.4291, 4.7078
354, 66.3663, 4.7244
355, 66.3663, 4.7244
356, 66.2936, 4.7411
357, 66.2241, 4.7578
358, 66.1614, 4.7744
359, 66.1044, 4.7911
360, 66.0465, 4.8078
361, 65.9879, 4.8244
362, 65.9281, 4.8411
363, 65.8678, 4.8578
364, 65.849, 4.8744
365, 65.8084, 4.8911
366, 65.7533, 4.9078
367, 65.7533, 4.9078
368, 65.7178, 4.9244
369, 65.6764, 4.9411
370, 65.6365, 4.9578
371, 65.5999, 4.9744
372, 65.5944, 4.9911
373, 65.597, 5.0078
374, 65.5907, 5.0244
375, 65.5762, 5.0411
376, 65.5634, 5.0578
377, 65.5558, 5.0744
378, 65.557, 5.0911
379, 65.5653, 5.1078
380, 65.5717, 5.1244
381, 65.5717, 5.1244
382, 65.5686, 5.1411
383, 65.5654, 5.1578
384, 65.5656, 5.1744
385, 65.5711, 5.1911
386, 65.5761, 5.2078
387, 65.5857, 5.2244
388, 65.5945, 5.2411
389, 65.5981, 5.2578
390, 65.5977, 5.2744
391, 65.5927, 5.2911
392, 65.595, 5.3078
393, 65.595, 5.3078
394, 65.6015, 5.3244
395, 65.6063, 5.3411
396, 65.6097, 5.3578
397, 65.6117, 5.3744
398, 65.6157, 5.3911
399, 65.623, 5.4078
400, 65.6297, 5.4244
401, 65.6336, 5.4411
402, 65.6338, 5.4578
403, 65.6393, 5.4744
404, 65.6494, 5.4911
405, 65.6619, 5.5078
406, 65.6619, 5.5078
407, 65.6653, 5.5244
408, 65.6659, 5.5411
409, 65.6694, 5.5578
410, 65.6756, 5.5744
411, 65.6847, 5.5911
412, 65.7002, 5.6078
413, 65.7245, 5.6244
414, 65.7563, 5.6411
415, 65.7941, 5.6578
416, 65.8379, 5.6744
417, 65.8379, 5.6744
418, 65.886, 5.6911
419, 65.9238, 5.7078
420, 65.948, 5.7244
421, 65.9814, 5.7411
422, 66.0108, 5.7578
423, 66.0426, 5.7744
424, 66.0614, 5.7911
425, 66.1061, 5.8078
426, 66.1557, 5.8244
427, 66.1887, 5.8411
428, 66.1887, 5.8411
429, 66.198, 5.8578
430, 66.2159, 5.8744
431, 66.2464, 5.8911
432, 66.276, 5.9078
433, 66.3033, 5.9244
434, 66.3331, 5.9411
435, 66.347, 5.9578
436, 66.3565, 5.9744
437, 66.3711, 5.9911
438, 66.3711, 5.9911
439, 66.3958, 6.0078
440, 66.4231, 6.0244
441, 66.4457, 6.0411
442, 66.4537, 6.0578
443, 66.4579, 6.0744
444, 66.4716, 6.0911
445, 66.4993, 6.1078
446, 66.5282, 6.1244
447, 66.5282, 6.1244
448, 66.5423, 6.1411
449, 66.5538, 6.1578
450, 66.5637, 6.1744
451, 66.5903, 6.1911
452, 66.6203, 6.2078
453, 66.6381, 6.2244
454, 66.6409, 6.2411
455, 66.6571, 6.2578
456, 66.6571, 6.2578
457, 66.6891, 6.2744
458, 66.7015, 6.2911
459, 66.6899, 6.3078
460, 66.6679, 6.3244
461, 66.6551, 6.3411
462, 66.6593, 6.3578
463, 66.6644, 6.3744
464, 66.6644, 6.3744
465, 66.6749, 6.3911
466, 66.6901, 6.4078
467, 66.7025, 6.4244
468, 66.709, 6.4411
469, 66.7222, 6.4578
470, 66.7409, 6.4744
471, 66.7502, 6.4911
472, 66.7502, 6.4911
473, 66.7454, 6.5078
474, 66.7352, 6.5244
475, 66.7335, 6.5411
476, 66.7389, 6.5578
477, 66.7563, 6.5744
478, 66.7788, 6.5911
479, 66.797, 6.6078
480, 66.797, 6.6078
481, 66.788, 6.6244
482, 66.7606, 6.6411
483, 66.77, 6.6578
484, 66.8179, 6.6744
485, 66.8552, 6.6911
486, 66.8499, 6.7078
487, 66.8208, 6.7244
488, 66.8041, 6.7411
489, 66.8041, 6.7411
490, 66.8011, 6.7578
491, 66.7994, 6.7744
492, 66.8044, 6.7911
493, 66.8158, 6.8078
494, 66.8232, 6.8244
495, 66.8268, 6.8411
496, 66.8364, 6.8578
497, 66.8364, 6.8578
498, 66.8494, 6.8744
499, 66.8593, 6.8911
500, 66.7975, 6.9078
501, 66.8914, 6.9244
502, 66.8765, 6.9411
503, 66.8113, 6.9578
504, 66.8417, 6.9744
505, 66.8417, 6.9744
506, 66.858, 6.9911
507, 66.8211, 7.0078
508, 66.8134, 7.0244
509, 66.8249, 7.0411
510, 66.807, 7.0578
511, 66.8018, 7.0744
512, 66.8059, 7.0911
513, 66.7937, 7.1078
514, 66.7937, 7.1078
515, 66.783, 7.1244
516, 66.7809, 7.1411
517, 66.782, 7.1578
518, 66.7803, 7.1744
519, 66.7852, 7.1911
520, 66.7889, 7.2078
521, 66.7939, 7.2244
522, 66.7939, 7.2244
523, 66.7997, 7.2411
524, 66.8077, 7.2578
525, 66.8149, 7.2744
526, 66.8237, 7.2911
527, 66.824, 7.3078
528, 66.8178, 7.3244
529, 66.8197, 7.3411
530, 66.8197, 7.3411
531, 66.836, 7.3578
532, 66.8479, 7.3744
533, 66.8456, 7.3911
534, 66.846, 7.4078
535, 66.8568, 7.4244
536, 66.8648, 7.4411
537, 66.8683, 7.4578
538, 66.8683, 7.4578
539, 66.8749, 7.4744
540, 66.8843, 7.4911
541, 66.8916, 7.5078
542, 66.9066, 7.5244
543, 66.9276, 7.5411
544, 66.9415, 7.5578
545, 66.9425, 7.5744
546, 66.9425, 7.5744
547, 66.9386, 7.5911
548, 66.9424, 7.6078
549, 66.9628, 7.6244
550, 66.988, 7.6411
551, 67.0047, 7.6578
552, 67.0181, 7.6744
553, 67.0181, 7.6744
554, 67.0308, 7.6911
555, 67.0411, 7.7078
556, 67.0527, 7.7244
557, 67.0701, 7.7411
558, 67.088, 7.7578
559, 67.1085, 7.7744
560, 67.1271, 7.7911
561, 67.1271, 7.7911
562, 67.1461, 7.8078
563, 67.1639, 7.8244
564, 67.18, 7.8411
565, 67.1944, 7.8578
566, 67.2103, 7.8744
567, 67.2348, 7.8911
568, 67.2348, 7.8911
569, 67.2589, 7.9078
570, 67.2741, 7.9244
571, 67.2819, 7.9411
572, 67.2895, 7.9578
573, 67.3132, 7.9744
574, 67.3441, 7.9911
575, 67.3441, 7.9911
576, 67.3735, 8.0078
577, 67.3957, 8.0244
578, 67.4131, 8.0411
579, 67.4302, 8.0578
580, 67.4498, 8.0744
581, 67.474, 8.0911
582, 67.474, 8.0911
583, 67.5007, 8.1078
584, 67.5251, 8.1244
585, 67.5467, 8.1411
586, 67.5688, 8.1578
587, 67.5928, 8.1744
588, 67.5928, 8.1744
589, 67.6181, 8.1911
590, 67.6415, 8.2078
591, 67.664, 8.2244
592, 67.6838, 8.2411
593, 67.7069, 8.2578
594, 67.7368, 8.2744
595, 67.7368, 8.2744
596, 67.7692, 8.2911
597, 67.7973, 8.3078
598, 67.8199, 8.3244
599, 67.8418, 8.3411
600, 67.8636, 8.3578
601, 67.8636, 8.3578
602, 67.885, 8.3744
603, 67.9094, 8.3911
604, 67.9358, 8.4078
605, 67.958, 8.4244
606, 67.9791, 8.4411
607, 67.9791, 8.4411
608, 68.0034, 8.4578
609, 68.0324, 8.4744
610, 68.0594, 8.4911
611, 68.0779, 8.5078
612, 68.101, 8.5244
613, 68.101, 8.5244
614, 68.1309, 8.5411
615, 68.1566, 8.5578
616, 68.1739, 8.5744
617, 68.1873, 8.5911
618, 68.2068, 8.6078
619, 68.232, 8.6244
620, 68.232, 8.6244
621, 68.2618, 8.6411
622, 68.2905, 8.6578
623, 68.3234, 8.6744
624, 68.3494, 8.6911
625, 68.3639, 8.7078
626, 68.3639, 8.7078
627, 68.3546, 8.7244
628, 68.3798, 8.7411
629, 68.4351, 8.7578
630, 68.4786, 8.7744
631, 68.4858, 8.7911
632, 68.5014, 8.8078
633, 68.5321, 8.8244
634, 68.5321, 8.8244
635, 68.5521, 8.8411
636, 68.5746, 8.8578
637, 68.6035, 8.8744
638, 68.6271, 8.8911
639, 68.6462, 8.9078
640, 68.6712, 8.9244
641, 68.6957, 8.9411
642, 68.6957, 8.9411
643, 68.7206, 8.9578
644, 68.7475, 8.9744
645, 68.7756, 8.9911
646, 68.8001, 9.0078
647, 68.8298, 9.0244
648, 68.8633, 9.0411
649, 68.8916, 9.0578
650, 68.9048, 9.0744
651, 68.9004, 9.0911
652, 68.9004, 9.0911
653, 68.9122, 9.1078
654, 68.966, 9.1244
655, 69.0224, 9.1411
656, 69.045, 9.1578
657, 69.0609, 9.1744
658, 69.0905, 9.1911
659, 69.1161, 9.2078
660, 69.1353, 9.2244
661, 69.1353, 9.2244
662, 69.1619, 9.2411
663, 69.1902, 9.2578
664, 69.2139, 9.2744
665, 69.2364, 9.2911
666, 69.2618, 9.3078
667, 69.2831, 9.3244
668, 69.3062, 9.3411
669, 69.3062, 9.3411
670, 69.3274, 9.3578
671, 69.3456, 9.3744
672, 69.3628, 9.3911
673, 69.3858, 9.4078
674, 69.4123, 9.4244
675, 69.4337, 9.4411
676, 69.4481, 9.4578
677, 69.4481, 9.4578
678, 69.4597, 9.4744
679, 69.4756, 9.4911
680, 69.4912, 9.5078
681, 69.506, 9.5244
682, 69.5221, 9.5411
683, 69.5374, 9.5578
684, 69.5507, 9.5744
685, 69.5507, 9.5744
686, 69.5541, 9.5911
687, 69.5503, 9.6078
688, 69.5333, 9.6244
689, 69.4971, 9.6411
690, 69.45, 9.6578
691, 69.3982, 9.6744
692, 69.3396, 9.6911
693, 69.3396, 9.6911
694, 69.2776, 9.7078
695, 69.2145, 9.7244
696, 69.1426, 9.7411
697, 69.0457, 9.7578
698, 68.9743, 9.7744
699, 68.9049, 9.7911
700, 68.8223, 9.8078
701, 68.8223, 9.8078
702, 68.7344, 9.8244
703, 68.6484, 9.8411
704, 68.5508, 9.8578
705, 68.4481, 9.8744
706, 68.3447, 9.8911
707, 68.2332, 9.9078
708, 68.1189, 9.9244
709, 68.0026, 9.9411
710, 68.0026, 9.9411
711, 67.8835, 9.9578
712, 67.7606, 9.9744
713, 67.6344, 9.9911
714, 67.5051, 10.0078
715, 67.3707, 10.0244
716, 67.2306, 10.0411
717, 67.0834, 10.0578
718, 66.929, 10.0744
719, 66.929, 10.0744
720, 66.7736, 10.0911
721, 66.6126, 10.1078
722, 66.4394, 10.1244
723, 66.2573, 10.1411
724, 66.0711, 10.1578
725, 65.8735, 10.1744
726, 65.6669, 10.1911
727, 65.446, 10.2078
728, 65.2194, 10.2244
729, 64.992, 10.2411
730, 64.7629, 10.2578
731, 64.7629, 10.2578
732, 64.5243, 10.2744
733, 64.284, 10.2911
734, 64.0502, 10.3078
735, 63.8182, 10.3244
736, 63.5969, 10.3411
737, 63.3691, 10.3578
738, 63.1303, 10.3744
739, 62.8939, 10.3911
740, 62.5951, 10.4078
741, 62.2572, 10.4244
742, 61.9462, 10.4411
743, 61.6194, 10.4578
744, 61.2926, 10.4744
745, 60.991, 10.4911
746, 60.6937, 10.5078
747, 60.3981, 10.5244
748, 60.1221, 10.5411
749, 59.8552, 10.5578
750, 59.5819, 10.5744
751, 59.3311, 10.5911
752, 59.0838, 10.6078
753, 58.8043, 10.6244
754, 58.5528, 10.6411
755, 58.2124, 10.6578
756, 57.8754, 10.6744
757, 57.5829, 10.6911
758, 57.347, 10.7078
759, 57.0572, 10.7244
760, 56.785, 10.7411
761, 56.5061, 10.7578
762, 56.2624, 10.7744
763, 55.9828, 10.7911
764, 55.7132, 10.8078
765, 55.1718, 10.8411
766, 54.931, 10.8578
767, 54.6895, 10.8744
768, 54.4301, 10.8911
769, 54.193, 10.9078
770, 53.9342, 10.9244
771, 53.6919, 10.9411
772, 53.4412, 10.9578
773, 53.1916, 10.9744
774, 52.9855, 10.9911
775, 52.5103, 11.0244
776, 52.2421, 11.0411
777, 52.0349, 11.0578
778, 51.8084, 11.0744
779, 51.6239, 11.0911
780, 51.3783, 11.1078
781, 50.9709, 11.1411
782, 50.7612, 11.1578
783, 50.4715, 11.1744
784, 50.2335, 11.1911
785, 49.9922, 11.2078
786, 49.6204, 11.2244
787, 48.9234, 11.2578
788, 48.713, 11.2744
789, 48.5203, 11.2911
790, 48.3469, 11.3078
791, 47.9404, 11.3411
792, 47.6923, 11.3578
793, 47.4193, 11.3744
794, 47.1349, 11.3911
795, 46.5968, 11.4244
796, 46.345, 11.4411
797, 46.0988, 11.4578
798, 45.7006, 11.4911
799, 45.5297, 11.5078
800, 45.3699, 11.5244
801, 45.042, 11.5578
802, 44.891, 11.5744
803, 44.762, 11.5911
804, 44.5449, 11.6244
805, 44.4598, 11.6411
806, 44.3917, 11.6578
807, 44.2651, 11.6911
808, 44.1902, 11.7078
809, 44.1174, 11.7244
810, 43.9795, 11.7578
811, 43.9224, 11.7744
812, 43.8043, 11.8078
813, 43.7438, 11.8244
814, 43.683, 11.8411
815, 43.5677, 11.8744
816, 43.511, 11.8911
817, 43.4031, 11.9244
818, 43.3527, 11.9411
819, 43.3055, 11.9578
820, 43.2132, 11.9911
821, 43.1631, 12.0078
822, 43.11, 12.0244
823, 42.9967, 12.0578
824, 42.9416, 12.0744
825, 42.8316, 12.1078
826, 42.7783, 12.1244
827, 42.6887, 12.1578
828, 42.7211, 12.1744
829, 42.7823, 12.1911
830, 42.8195, 12.2244
831, 42.8375, 12.2411
832, 42.9189, 12.2744
833, 42.9632, 12.2911
834, 43.0001, 12.3078
835, 43.062, 12.3411
836, 43.0984, 12.3578
837, 43.1654, 12.3911
838, 43.1904, 12.4078
839, 43.2143, 12.4244
840, 43.2684, 12.4578
841, 43.2965, 12.4744
842, 43.3502, 12.5078
843, 43.3711, 12.5244
844, 43.3828, 12.5411
845, 43.3948, 12.5744
846, 43.3991, 12.5911
847, 43.4403, 12.6244
848, 43.4604, 12.6411
849, 43.4791, 12.6744
850, 43.4781, 12.6911
851, 43.491, 12.7078
852, 43.5125, 12.7411
853, 43.5403, 12.7578
854, 43.631, 12.7911
855, 43.6645, 12.8078
856, 43.7432, 12.8411
857, 43.791, 12.8578
858, 43.8481, 12.8744
859, 43.9735, 12.9078
860, 44.036, 12.9244
861, 44.1269, 12.9578
862, 44.172, 12.9744
863, 44.2172, 12.9911
864, 44.3247, 13.0244
865, 44.3862, 13.0411
866, 44.5089, 13.0744
867, 44.572, 13.0911
868, 44.6442, 13.1078
869, 44.7798, 13.1411
870, 44.841, 13.1578
871, 44.9014, 13.1744
872, 45.0334, 13.2078
873, 45.1355, 13.2244
874, 45.2721, 13.2411
875, 45.4103, 13.2578
876, 45.6591, 13.2911
877, 45.7427, 13.3078
878, 45.7655, 13.3244
879, 45.8241, 13.3578
880, 45.853, 13.3744
881, 45.9237, 13.3911
882, 46.0636, 13.4078
883, 46.5122, 13.4411
884, 46.6366, 13.4578
885, 46.6799, 13.4744
886, 46.8031, 13.5078
887, 46.919, 13.5244
888, 47.0298, 13.5411
889, 47.1473, 13.5578
890, 47.2344, 13.5744
891, 47.4299, 13.6078
892, 47.5008, 13.6244
893, 47.6015, 13.6411
894, 47.6837, 13.6578
895, 47.8711, 13.6911
896, 47.9613, 13.7078
897, 48.0527, 13.7244
898, 48.123, 13.7411
899, 48.2407, 13.7744
900, 48.3237, 13.7911
901, 48.4197, 13.8078
902, 48.4922, 13.8244
903, 48.5661, 13.8411
904, 48.6369, 13.8744
905, 48.7051, 13.8911
906, 48.8343, 13.9078
907, 48.9226, 13.9244
908, 49.0691, 13.9578
909, 49.1004, 13.9744
910, 49.167, 13.9911
911, 49.2471, 14.0078
912, 49.3593, 14.0244
913, 49.5088, 14.0578
914, 49.5695, 14.0744
915, 49.6303, 14.0911
916, 49.7543, 14.1078
917, 49.8663, 14.1244
918, 49.9918, 14.1411
919, 50.111, 14.1744
920, 50.1457, 14.1911
921, 50.24, 14.2078
922, 50.3476, 14.2244
923, 50.4657, 14.2411
924, 50.5717, 14.2744
925, 50.6571, 14.2911
926, 50.7317, 14.3078
927, 50.8562, 14.3244
928, 50.9335, 14.3411
929, 50.9974, 14.3578
930, 51.0936, 14.3911
931, 51.1798, 14.4078
932, 51.2238, 14.4244
933, 51.2627, 14.4411
934, 51.356, 14.4578
935, 51.5282, 14.4744
936, 51.6114, 14.5078
937, 51.6819, 14.5244
938, 51.7273, 14.5411
939, 51.7703, 14.5578
940, 51.8127, 14.5744
941, 51.9042, 14.5911
942, 52.0404, 14.6244
943, 52.1141, 14.6411
944, 52.2046, 14.6578
945, 52.278, 14.6744
946, 52.3323, 14.6911
947, 52.3851, 14.7078
948, 52.5114, 14.7411
949, 52.5748, 14.7578
950, 52.6406, 14.7744
951, 52.7109, 14.7911
952, 52.7799, 14.8078
953, 52.8471, 14.8244
954, 52.9137, 14.8411
955, 52.9819, 14.8578
956, 53.1134, 14.8911
957, 53.1741, 14.9078
958, 53.2319, 14.9244
959, 53.2951, 14.9411
960, 53.3633, 14.9578
961, 53.4335, 14.9744
962, 53.4956, 14.9911
963, 53.6183, 15.0244
964, 53.6832, 15.0411
965, 53.7459, 15.0578
966, 53.8079, 15.0744
967, 53.8715, 15.0911
968, 53.9368, 15.1078
969, 54.0015, 15.1244
970, 54.0678, 15.1411
971, 54.1347, 15.1578
972, 54.2695, 15.1911
973, 54.337, 15.2078
974, 54.4, 15.2244
975, 54.4614, 15.2411
976, 54.5266, 15.2578
977, 54.5945, 15.2744
978, 54.663, 15.2911
979, 54.7338, 15.3078
980, 54.8054, 15.3244
981, 54.876, 15.3411
982, 55.0065, 15.3744
983, 55.0727, 15.3911
984, 55.1427, 15.4078
985, 55.2159, 15.4244
986, 55.2846, 15.4411
987, 55.352, 15.4578
988, 55.4184, 15.4744
989, 55.4816, 15.4911
990, 55.5492, 15.5078
991, 55.6095, 15.5244
992, 55.6749, 15.5411
993, 55.8104, 15.5744
994, 55.8807, 15.5911
995, 55.9496, 15.6078
996, 56.0174, 15.6244
997, 56.0825, 15.6411
998, 56.1436, 15.6578
999, 56.2091, 15.6744
1000, 56.2808, 15.6911
1001, 56.3575, 15.7078
1002, 56.4345, 15.7244
1003, 56.5066, 15.7411
1004, 56.5742, 15.7578
1005, 56.6377, 15.7744
1006, 56.7041, 15.7911
1007, 56.773, 15.8078
1008, 56.8521, 15.8244
1009, 57.013, 15.8578
1010, 57.0853, 15.8744
1011, 57.1523, 15.8911
1012, 57.2216, 15.9078
1013, 57.2944, 15.9244
1014, 57.3688, 15.9411
1015, 57.4484, 15.9578
1016, 57.5297, 15.9744
1017, 57.6054, 15.9911
1018, 57.6789, 16.0078
1019, 57.7504, 16.0244
1020, 57.8246, 16.0411
1021, 57.9027, 16.0578
1022, 57.977, 16.0744
1023, 58.0512, 16.0911
1024, 58.1299, 16.1078
1025, 58.2111, 16.1244
1026, 58.2876, 16.1411
1027, 58.3616, 16.1578
1028, 58.4288, 16.1744
1029, 58.5056, 16.1911
1030, 58.5889, 16.2078
1031, 58.6726, 16.2244
1032, 58.7461, 16.2411
1033, 58.8139, 16.2578
1034, 58.8811, 16.2744
1035, 58.9541, 16.2911
1036, 59.0341, 16.3078
1037, 59.1181, 16.3244
1038, 59.2004, 16.3411
1039, 59.2723, 16.3578
1040, 59.2702, 16.3744
1041, 59.3811, 16.3911
1042, 59.501, 16.4078
1043, 59.5027, 16.4244
1044, 59.5835, 16.4411
1045, 59.6892, 16.4578
1046, 59.7394, 16.4744
1047, 59.7709, 16.4911
1048, 59.8065, 16.5078
1049, 59.8498, 16.5244
1050, 59.9106, 16.5411
1051, 60.0064, 16.5578
1052, 60.112, 16.5744
1053, 60.1811, 16.5911
1054, 60.2188, 16.6078
1055, 60.2517, 16.6244
1056, 60.2789, 16.6411
1057, 60.3222, 16.6578
1058, 60.3745, 16.6744
1059, 60.4436, 16.6911
1060, 60.5074, 16.7078
1061, 60.564, 16.7244
1062, 60.6156, 16.7411
1063, 60.6613, 16.7578
1064, 60.7071, 16.7744
1065, 60.7582, 16.7911
1066, 60.8145, 16.8078
1067, 60.876, 16.8244
1068, 60.9406, 16.8411
1069, 61.006, 16.8578
1070, 61.0636, 16.8744
1071, 61.1136, 16.8911
1072, 61.1669, 16.9078
1073, 61.2281, 16.9244
1074, 61.293, 16.9411
1075, 61.3575, 16.9578
1076, 61.4201, 16.9744
1077, 61.4798, 16.9911
1078, 61.5383, 17.0078
1079, 61.5954, 17.0244
1080, 61.654, 17.0411
1081, 61.7104, 17.0578
1082, 61.7671, 17.0744
1083, 61.8254, 17.0911
1084, 61.8875, 17.1078
1085, 61.9462, 17.1244
1086, 61.9988, 17.1411
1087, 62.0538, 17.1578
1088, 62.114, 17.1744
1089, 62.1759, 17.1911
1090, 62.2233, 17.2078
1091, 62.2605, 17.2244
1092, 62.3092, 17.2411
1093, 62.3789, 17.2578
1094, 62.449, 17.2744
1095, 62.5002, 17.2911
1096, 62.5444, 17.3078
1097, 62.5973, 17.3244
1098, 62.6557, 17.3411
1099, 62.7065, 17.3578
1100, 62.7518, 17.3744
1101, 62.7949, 17.3911
1102, 62.8412, 17.4078
1103, 62.8909, 17.4244
1104, 62.8909, 17.4244
1105, 62.9427, 17.4411
1106, 62.9902, 17.4578
1107, 63.0378, 17.4744
1108, 63.0869, 17.4911
1109, 63.1279, 17.5078
1110, 63.1669, 17.5244
1111, 63.2067, 17.5411
1112, 63.2539, 17.5578
1113, 63.3081, 17.5744
1114, 63.3616, 17.5911
1115, 63.4089, 17.6078
1116, 63.4484, 17.6244
1117, 63.4877, 17.6411
1118, 63.5349, 17.6578
1119, 63.5832, 17.6744
1120, 63.6394, 17.6911
1121, 63.7015, 17.7078
1122, 63.7687, 17.7244
1123, 63.8239, 17.7411
1124, 63.8409, 17.7578
1125, 63.8242, 17.7744
1126, 63.8242, 17.7744
1127, 63.8422, 17.7911
1128, 63.9338, 17.8078
1129, 64.0466, 17.8244
1130, 64.1006, 17.8411
1131, 64.1071, 17.8578
1132, 64.1263, 17.8744
1133, 64.1689, 17.8911
1134, 64.2102, 17.9078
1135, 64.2514, 17.9244
1136, 64.3025, 17.9411
1137, 64.3588, 17.9578
1138, 64.4091, 17.9744
1139, 64.4574, 17.9911
1140, 64.5109, 18.0078
1141, 64.5672, 18.0244
1142, 64.5672, 18.0244
1143, 64.6208, 18.0411
1144, 64.6682, 18.0578
1145, 64.7126, 18.0744
1146, 64.7562, 18.0911
1147, 64.8027, 18.1078
1148, 64.8507, 18.1244
1149, 64.9005, 18.1411
1150, 64.9495, 18.1578
1151, 65.0003, 18.1744
1152, 65.0523, 18.1911
1153, 65.1017, 18.2078
1154, 65.1383, 18.2244
1155, 65.1724, 18.2411
1156, 65.1724, 18.2411
1157, 65.218, 18.2578
1158, 65.2729, 18.2744
1159, 65.3268, 18.2911
1160, 65.3749, 18.3078
1161, 65.4212, 18.3244
1162, 65.4721, 18.3411
1163, 65.5245, 18.3578
1164, 65.5773, 18.3744
1165, 65.629, 18.3911
1166, 65.6815, 18.4078
1167, 65.7368, 18.4244
1168, 65.7368, 18.4244
1169, 65.793, 18.4411
1170, 65.8504, 18.4578
1171, 65.9083, 18.4744
1172, 65.9676, 18.4911
1173, 66.0274, 18.5078
1174, 66.0833, 18.5244
1175, 66.1402, 18.5411
1176, 66.1994, 18.5578
1177, 66.2604, 18.5744
1178, 66.3167, 18.5911
1179, 66.3167, 18.5911
1180, 66.3742, 18.6078
1181, 66.4321, 18.6244
1182, 66.4933, 18.6411
1183, 66.5528, 18.6578
1184, 66.6096, 18.6744
1185, 66.6642, 18.6911
1186, 66.7192, 18.7078
1187, 66.7757, 18.7244
1188, 66.8319, 18.7411
1189, 66.8319, 18.7411
1190, 66.8851, 18.7578
1191, 66.9394, 18.7744
1192, 66.9938, 18.7911
1193, 67.0497, 18.8078
1194, 67.1041, 18.8244
1195, 67.1572, 18.8411
1196, 67.2092, 18.8578
1197, 67.261, 18.8744
1198, 67.261, 18.8744
1199, 67.3116, 18.8911
1200, 67.3618, 18.9078
1201, 67.4133, 18.9244
1202, 67.4653, 18.9411
1203, 67.5176, 18.9578
1204, 67.5692, 18.9744
1205, 67.6197, 18.9911
1206, 67.6685, 19.0078
1207, 67.6685, 19.0078
1208, 67.7144, 19.0244
1209, 67.7592, 19.0411
1210, 67.8081, 19.0578
1211, 67.7832, 19.0744
1212, 67.945, 19.0911
1213, 67.9631, 19.1078
1214, 67.9247, 19.1244
1215, 67.9938, 19.1411
1216, 67.9938, 19.1411
1217, 68.0822, 19.1578
1218, 68.0653, 19.1744
1219, 68.0815, 19.1911
1220, 68.1531, 19.2078
1221, 68.1852, 19.2244
1222, 68.1969, 19.2411
1223, 68.2497, 19.2578
1224, 68.2943, 19.2744
1225, 68.2943, 19.2744
1226, 68.3127, 19.2911
1227, 68.349, 19.3078
1228, 68.3943, 19.3244
1229, 68.4104, 19.3411
1230, 68.4304, 19.3578
1231, 68.4655, 19.3744
1232, 68.487, 19.3911
1233, 68.487, 19.3911
1234, 68.5169, 19.4078
1235, 68.5727, 19.4244
1236, 68.6156, 19.4411
1237, 68.6039, 19.4578
1238, 68.565, 19.4744
1239, 68.5202, 19.4911
1240, 68.519, 19.5078
1241, 68.519, 19.5078
1242, 68.6922, 19.5244
1243, 68.8308, 19.5411
1244, 68.8195, 19.5578
1245, 68.78, 19.5744
1246, 68.8333, 19.5911
1247, 68.887, 19.6078
1248, 68.887, 19.6078
1249, 68.8714, 19.6244
1250, 68.9075, 19.6411
1251, 68.9641, 19.6578
1252, 68.9741, 19.6744
1253, 68.9823, 19.6911
1254, 68.9963, 19.7078
1255, 69.0005, 19.7244
1256, 69.0005, 19.7244
1257, 68.9823, 19.7411
1258, 68.9624, 19.7578
1259, 68.975, 19.7744
1260, 68.9729, 19.7911
1261, 68.967, 19.8078
1262, 68.9524, 19.8244
1263, 68.9524, 19.8244
1264, 68.9156, 19.8411
1265, 68.8799, 19.8578
1266, 68.9111, 19.8744
1267, 69.0053, 19.8911
1268, 69.0774, 19.9078
1269, 69.0924, 19.9244
1270, 69.103, 19.9411
1271, 69.103, 19.9411
1272, 69.1391, 19.9578
1273, 69.1617, 19.9744
1274, 69.1748, 19.9911
1275, 69.2007, 20.0078
1276, 69.2272, 20.0244
1277, 69.2457, 20.0411
1278, 69.271, 20.0578
1279, 69.271, 20.0578
1280, 69.3013, 20.0744
1281, 69.3277, 20.0911
1282, 69.351, 20.1078
1283, 69.376, 20.1244
1284, 69.3965, 20.1411
1285, 69.411, 20.1578
1286, 69.411, 20.1578
1287, 69.4238, 20.1744
1288, 69.4382, 20.1911
1289, 69.4489, 20.2078
1290, 69.4577, 20.2244
1291, 69.4601, 20.2411
1292, 69.4533, 20.2578
1293, 69.428, 20.2744
1294, 69.428, 20.2744
1295, 69.3849, 20.2911
1296, 69.3258, 20.3078
1297, 69.2486, 20.3244
1298, 69.1514, 20.3411
1299, 69.0395, 20.3578
1300, 68.9043, 20.3744
1301, 68.6744, 20.3911
1302, 68.6744, 20.3911
1303, 68.5048, 20.4078
1304, 68.3628, 20.4244
1305, 68.1601, 20.4411
1306, 67.9367, 20.4578
1307, 67.7257, 20.4744
1308, 67.4789, 20.4911
1309, 67.2115, 20.5078
1310, 66.9482, 20.5244
1311, 66.9482, 20.5244
1312, 66.6738, 20.5411
1313, 66.3757, 20.5578
1314, 66.0829, 20.5744
1315, 65.7886, 20.5911
1316, 65.4814, 20.6078
1317, 65.1608, 20.6244
1318, 64.8512, 20.6411
1319, 64.5358, 20.6578
1320, 64.2113, 20.6744
1321, 63.8948, 20.6911
1322, 63.5755, 20.7078
1323, 63.2814, 20.7244
1324, 63.2814, 20.7244
1325, 62.9834, 20.7411
1326, 62.7022, 20.7578
1327, 62.3775, 20.7744
1328, 62.0155, 20.7911
1329, 61.6315, 20.8078
1330, 61.3248, 20.8244
1331, 61.0138, 20.8411
1332, 60.6961, 20.8578
1333, 60.3637, 20.8744
1334, 59.9824, 20.8911
1335, 59.6494, 20.9078
1336, 59.3569, 20.9244
1337, 59.0322, 20.9411
1338, 58.699, 20.9578
1339, 58.3843, 20.9744
1340, 58.0969, 20.9911
1341, 57.7818, 21.0078
1342, 57.4755, 21.0244
1343, 57.1741, 21.0411
1344, 56.5789, 21.0744
1345, 56.256, 21.0911
1346, 55.9582, 21.1078
1347, 55.6929, 21.1244
1348, 55.4549, 21.1411
1349, 55.2464, 21.1578
1350, 55.1004, 21.1744
1351, 54.9607, 21.1911
1352, 54.7922, 21.2078
1353, 54.5308, 21.2244
1354, 54.3002, 21.2411
1355, 54.0234, 21.2578
1356, 53.0762, 21.2911
1357, 52.6946, 21.3078
1358, 52.5403, 21.3244
1359, 52.433, 21.3411
1360, 52.3211, 21.3578
1361, 52.1323, 21.3744
1362, 51.8683, 21.3911
1363, 51.5629, 21.4244
1364, 51.412, 21.4411
1365, 51.2448, 21.4578
1366, 51.1068, 21.4744
1367, 50.9924, 21.4911
1368, 50.7701, 21.5244
1369, 50.6728, 21.5411
1370, 50.58, 21.5578
1371, 50.4864, 21.5744
1372, 50.3848, 21.5911
1373, 50.2798, 21.6078
1374, 50.0508, 21.6411
1375, 49.9342, 21.6578
1376, 49.8259, 21.6744
1377, 49.7183, 21.6911
1378, 49.6067, 21.7078
1379, 49.4033, 21.7411
1380, 49.3332, 21.7578
1381, 49.2757, 21.7744
1382, 49.2242, 21.7911
1383, 49.1158, 21.8244
1384, 49.0307, 21.8411
1385, 48.9409, 21.8578
1386, 48.8775, 21.8744
1387, 48.8259, 21.8911
1388, 48.6795, 21.9244
1389, 48.5959, 21.9411
1390, 48.5203, 21.9578
1391, 48.4492, 21.9744
1392, 48.316, 22.0078
1393, 48.2388, 22.0244
1394, 48.1338, 22.0411
1395, 48.0189, 22.0578
1396, 47.8393, 22.0911
1397, 47.7674, 22.1078
1398, 47.7107, 22.1244
1399, 47.6429, 22.1411
1400, 47.5255, 22.1744
1401, 47.472, 22.1911
1402, 47.4103, 22.2078
1403, 47.3331, 22.2244
1404, 47.1546, 22.2578
1405, 47.0716, 22.2744
1406, 47.0057, 22.2911
1407, 46.8815, 22.3244
1408, 46.8555, 22.3411
1409, 46.8428, 22.3578
1410, 46.7847, 22.3744
1411, 46.6719, 22.4078
1412, 46.662, 22.4244
1413, 46.6694, 22.4411
1414, 46.6866, 22.4578
1415, 46.6329, 22.4911
1416, 46.5836, 22.5078
1417, 46.5436, 22.5244
1418, 46.5506, 22.5411
1419, 46.5803, 22.5744
1420, 46.5521, 22.5911
1421, 46.4907, 22.6078
1422, 46.4881, 22.6244
1423, 46.6376, 22.6578
1424, 46.6632, 22.6744
1425, 46.6329, 22.6911
1426, 46.607, 22.7078
1427, 46.7115, 22.7411
1428, 46.8067, 22.7578
1429, 46.8905, 22.7744
1430, 47.0021, 22.8078
1431, 47.0543, 22.8244
1432, 47.1052, 22.8411
1433, 47.1633, 22.8578
1434, 47.2389, 22.8744
1435, 47.4122, 22.9078
1436, 47.5099, 22.9244
1437, 47.6037, 22.9411
1438, 47.6965, 22.9578
1439, 47.8547, 22.9911
1440, 47.9347, 23.0078
1441, 48.0228, 23.0244
1442, 48.1116, 23.0411
1443, 48.2496, 23.0744
1444, 48.3021, 23.0911
1445, 48.3518, 23.1078
1446, 48.3957, 23.1244
1447, 48.5012, 23.1578
1448, 48.5732, 23.1744
1449, 48.6715, 23.1911
1450, 48.797, 23.2078
1451, 48.94, 23.2244
1452, 49.1116, 23.2578
1453, 49.1703, 23.2744
1454, 49.2516, 23.2911
1455, 49.3463, 23.3078
1456, 49.5252, 23.3411
1457, 49.6071, 23.3578
1458, 49.6927, 23.3744
1459, 49.7803, 23.3911
1460, 49.8683, 23.4078
1461, 50.0383, 23.4411
1462, 50.1132, 23.4578
1463, 50.1868, 23.4744
1464, 50.2663, 23.4911
1465, 50.3562, 23.5078
1466, 50.5551, 23.5411
1467, 50.6424, 23.5578
1468, 50.7266, 23.5744
1469, 50.7689, 23.5911
1470, 50.7503, 23.6078
1471, 50.7033, 23.6411
1472, 50.6829, 23.6578
1473, 50.6665, 23.6744
1474, 50.7161, 23.6911
1475, 50.8223, 23.7078
1476, 51.06, 23.7411
1477, 51.1114, 23.7578
1478, 51.1609, 23.7744
1479, 51.2242, 23.7911
1480, 51.3174, 23.8078
1481, 51.401, 23.8244
1482, 51.544, 23.8578
1483, 51.536, 23.8744
1484, 51.6436, 23.8911
1485, 51.755, 23.9078
1486, 51.807, 23.9244
1487, 51.9581, 23.9578
1488, 52.0682, 23.9744
1489, 52.0941, 23.9911
1490, 52.1983, 24.0078
1491, 52.2241, 24.0244
1492, 52.2461, 24.0411
1493, 52.2903, 24.0578
1494, 52.4429, 24.0911
1495, 52.555, 24.1078
1496, 52.7359, 24.1244
1497, 52.8329, 24.1411
1498, 52.9035, 24.1578
1499, 52.94, 24.1744
1500, 52.9696, 24.1911
1501, 53.0187, 24.2244
1502, 53.0467, 24.2411
1503, 53.0517, 24.2578
1504, 53.14, 24.2744
1505, 53.3871, 24.2911
1506, 53.6575, 24.3078
1507, 53.766, 24.3244
1508, 53.7574, 24.3411
1509, 53.6782, 24.3744
1510, 53.6494, 24.3911
1511, 53.6233, 24.4078
1512, 53.5996, 24.4244
1513, 53.576, 24.4411
1514, 53.5858, 24.4578
1515, 53.7339, 24.4744
1516, 53.8961, 24.4911
1517, 54.1399, 24.5244
1518, 54.1648, 24.5411
1519, 54.239, 24.5578
1520, 54.3477, 24.5744
1521, 54.4349, 24.5911
1522, 54.4978, 24.6078
1523, 54.5612, 24.6244
1524, 54.621, 24.6411
1525, 54.6833, 24.6578
1526, 54.7398, 24.6744
1527, 54.921, 24.7078
1528, 55.0074, 24.7244
1529, 55.0687, 24.7411
1530, 55.1265, 24.7578
1531, 55.207, 24.7744
1532, 55.3056, 24.7911
1533, 55.4, 24.8078
1534, 55.481, 24.8244
1535, 55.5508, 24.8411
1536, 55.6143, 24.8578
1537, 55.6755, 24.8744
1538, 55.7625, 24.8911
1539, 55.9856, 24.9244
1540, 56.0796, 24.9411
1541, 56.153, 24.9578
1542, 56.2175, 24.9744
1543, 56.2856, 24.9911
1544, 56.3667, 25.0078
1545, 56.4567, 25.0244
1546, 56.5428, 25.0411
1547, 56.6104, 25.0578
1548, 56.6705, 25.0744
1549, 56.7383, 25.0911
1550, 56.8258, 25.1078
1551, 56.9205, 25.1244
1552, 57.0133, 25.1411
1553, 57.101, 25.1578
1554, 57.1818, 25.1744
1555, 57.263, 25.1911
1556, 57.4473, 25.2244
1557, 57.5464, 25.2411
1558, 57.6351, 25.2578
1559, 57.7152, 25.2744
1560, 57.7898, 25.2911
1561, 57.8633, 25.3078
1562, 57.9423, 25.3244
1563, 58.0258, 25.3411
1564, 58.1092, 25.3578
1565, 58.1795, 25.3744
1566, 58.2439, 25.3911
1567, 58.328, 25.4078
1568, 58.4258, 25.4244
1569, 58.5298, 25.4411
1570, 58.6174, 25.4578
1571, 58.6896, 25.4744
1572, 58.7621, 25.4911
1573, 58.851, 25.5078
1574, 58.9522, 25.5244
1575, 59.0522, 25.5411
1576, 59.1392, 25.5578
1577, 59.2209, 25.5744
1578, 59.301, 25.5911
1579, 59.3747, 25.6078
1580, 59.4472, 25.6244
1581, 59.5346, 25.6411
1582, 59.6343, 25.6578
1583, 59.7304, 25.6744
1584, 59.8063, 25.6911
1585, 59.8755, 25.7078
1586, 59.9523, 25.7244
1587, 60.0379, 25.7411
1588, 60.124, 25.7578
1589, 60.208, 25.7744
1590, 60.2899, 25.7911
1591, 60.3711, 25.8078
1592, 60.4474, 25.8244
1593, 60.4418, 25.8411
1594, 60.5585, 25.8578
1595, 60.6834, 25.8744
1596, 60.7022, 25.8911
1597, 60.7801, 25.9078
1598, 60.8921, 25.9244
1599, 60.9623, 25.9411
1600, 61.0161, 25.9578
1601, 61.094, 25.9744
1602, 61.1825, 25.9911
1603, 61.2583, 26.0078
1604, 61.3226, 26.0244
1605, 61.3873, 26.0411
1606, 61.4561, 26.0578
1607, 61.5215, 26.0744
1608, 61.5871, 26.0911
1609, 61.6544, 26.1078
1610, 61.7228, 26.1244
1611, 61.7867, 26.1411
1612, 61.8479, 26.1578
1613, 61.908, 26.1744
1614, 61.9759, 26.1911
1615, 62.0435, 26.2078
1616, 62.109, 26.2244
1617, 62.1702, 26.2411
1618, 62.2309, 26.2578
1619, 62.2929, 26.2744
1620, 62.3565, 26.2911
1621, 62.4204, 26.3078
1622, 62.4849, 26.3244
1623, 62.5475, 26.3411
1624, 62.5475, 26.3411
1625, 62.607, 26.3578
1626, 62.6673, 26.3744
1627, 62.7304, 26.3911
1628, 62.7951, 26.4078
1629, 62.8558, 26.4244
1630, 62.9136, 26.4411
1631, 62.9704, 26.4578
1632, 63.0301, 26.4744
1633, 63.0916, 26.4911
1634, 63.1546, 26.5078
1635, 63.2162, 26.5244
1636, 63.276, 26.5411
1637, 63.3358, 26.5578
1638, 63.3963, 26.5744
1639, 63.4554, 26.5911
1640, 63.5118, 26.6078
1641, 63.568, 26.6244
1642, 63.6258, 26.6411
1643, 63.6855, 26.6578
1644, 63.6855, 26.6578
1645, 63.7458, 26.6744
1646, 63.8047, 26.6911
1647, 63.8615, 26.7078
1648, 63.9163, 26.7244
1649, 63.9716, 26.7411
1650, 64.0276, 26.7578
1651, 64.087, 26.7744
1652, 64.1475, 26.7911
1653, 64.208, 26.8078
1654, 64.2649, 26.8244
1655, 64.3173, 26.8411
1656, 64.3713, 26.8578
1657, 64.4275, 26.8744
1658, 64.4862, 26.8911
1659, 64.5429, 26.9078
1660, 64.5429, 26.9078
1661, 64.6011, 26.9244
1662, 64.66, 26.9411
1663, 64.7172, 26.9578
1664, 64.7728, 26.9744
1665, 64.8275, 26.9911
1666, 64.883, 27.0078
1667, 64.9381, 27.0244
1668, 64.9927, 27.0411
1669, 65.0495, 27.0578
1670, 65.1068, 27.0744
1671, 65.1612, 27.0911
1672, 65.2131, 27.1078
1673, 65.2131, 27.1078
1674, 65.2655, 27.1244
1675, 65.3201, 27.1411
1676, 65.3747, 27.1578
1677, 65.4281, 27.1744
1678, 65.484, 27.1911
1679, 65.54, 27.2078
1680, 65.5946, 27.2244
1681, 65.648, 27.2411
1682, 65.7054, 27.2578
1683, 65.7591, 27.2744
1684, 65.812, 27.2911
1685, 65.812, 27.2911
1686, 65.867, 27.3078
1687, 65.9283, 27.3244
1688, 65.9804, 27.3411
1689, 66.0224, 27.3578
1690, 66.066, 27.3744
1691, 66.1253, 27.3911
1692, 66.1896, 27.4078
1693, 66.2443, 27.4244
1694, 66.2947, 27.4411
1695, 66.3507, 27.4578
1696, 66.3507, 27.4578
1697, 66.408, 27.4744
1698, 66.4606, 27.4911
1699, 66.5111, 27.5078
1700, 66.5604, 27.5244
1701, 66.6088, 27.5411
1702, 66.6606, 27.5578
1703, 66.7187, 27.5744
1704, 66.7779, 27.5911
1705, 66.8334, 27.6078
1706, 66.8334, 27.6078
1707, 66.8867, 27.6244
1708, 66.9418, 27.6411
1709, 66.9938, 27.6578
1710, 67.0424, 27.6744
1711, 67.0911, 27.6911
1712, 67.1456, 27.7078
1713, 67.2038, 27.7244
1714, 67.261, 27.7411
1715, 67.261, 27.7411
1716, 67.3153, 27.7578
1717, 67.3671, 27.7744
1718, 67.4177, 27.7911
1719, 67.4659, 27.8078
1720, 67.5134, 27.8244
1721, 67.5626, 27.8411
1722, 67.6111, 27.8578
1723, 67.6634, 27.8744
1724, 67.6634, 27.8744
1725, 67.7148, 27.8911
1726, 67.7627, 27.9078
1727, 67.8034, 27.9244
1728, 67.8439, 27.9411
1729, 67.8915, 27.9578
1730, 67.9498, 27.9744
1731, 68.0098, 27.9911
1732, 68.0658, 28.0078
1733, 68.0658, 28.0078
1734, 68.1179, 28.0244
1735, 68.168, 28.0411
1736, 68.2195, 28.0578
1737, 68.2718, 28.0744
1738, 68.3251, 28.0911
1739, 68.3735, 28.1078
1740, 68.4239, 28.1244
1741, 68.4239, 28.1244
1742, 68.4774, 28.1411
1743, 68.5385, 28.1578
1744, 68.5901, 28.1744
1745, 68.6321, 28.1911
1746, 68.6759, 28.2078
1747, 68.7314, 28.2244
1748, 68.7937, 28.2411
1749, 68.7937, 28.2411
1750, 68.8463, 28.2578
1751, 68.8884, 28.2744
1752, 68.9368, 28.2911
1753, 68.9179, 28.3078
1754, 69.0731, 28.3244
1755, 69.11, 28.3411
1756, 69.0705, 28.3578
1757, 69.0705, 28.3578
1758, 69.0837, 28.3744
1759, 69.1722, 28.3911
1760, 69.238, 28.4078
1761, 69.3168, 28.4244
1762, 69.3643, 28.4411
1763, 69.3963, 28.4578
1764, 69.4476, 28.4744
1765, 69.4476, 28.4744
1766, 69.4936, 28.4911
1767, 69.5302, 28.5078
1768, 69.5809, 28.5244
1769, 69.6356, 28.5411
1770, 69.6777, 28.5578
1771, 69.7192, 28.5744
1772, 69.7192, 28.5744
1773, 69.7672, 28.5911
1774, 69.8148, 28.6078
1775, 69.8622, 28.6244
1776, 69.9157, 28.6411
1777, 69.967, 28.6578
1778, 70.0146, 28.6744
1779, 70.0146, 28.6744
1780, 70.0595, 28.6911
1781, 70.107, 28.7078
1782, 70.1596, 28.7244
1783, 70.2125, 28.7411
1784, 70.2575, 28.7578
1785, 70.2973, 28.7744
1786, 70.2973, 28.7744
1787, 70.3429, 28.7911
1788, 70.3946, 28.8078
1789, 70.4484, 28.8244
1790, 70.5017, 28.8411
1791, 70.5522, 28.8578
1792, 70.5974, 28.8744
1793, 70.5974, 28.8744
1794, 70.6413, 28.8911
1795, 70.6871, 28.9078
1796, 70.7323, 28.9244
1797, 70.7782, 28.9411
1798, 70.8244, 28.9578
1799, 70.8687, 28.9744
1800, 70.8687, 28.9744
1801, 70.9123, 28.9911
1802, 70.9631, 29.0078
1803, 71.0161, 29.0244
1804, 71.0634, 29.0411
1805, 71.1042, 29.0578
1806, 71.1042, 29.0578
1807, 71.148, 29.0744
1808, 71.1917, 29.0911
1809, 71.2336, 29.1078
1810, 71.2756, 29.1244
1811, 71.3211, 29.1411
1812, 71.3657, 29.1578
1813, 71.3657, 29.1578
1814, 71.4082, 29.1744
1815, 71.4519, 29.1911
1816, 71.4953, 29.2078
1817, 71.5371, 29.2244
1818, 71.5785, 29.2411
1819, 71.5785, 29.2411
1820, 71.6206, 29.2578
1821, 71.6607, 29.2744
1822, 71.6998, 29.2911
1823, 71.7412, 29.3078
1824, 71.7819, 29.3244
1825, 71.7819, 29.3244
1826, 71.8217, 29.3411
1827, 71.8623, 29.3578
1828, 71.9032, 29.3744
1829, 71.9408, 29.3911
1830, 71.9758, 29.4078
1831, 71.9758, 29.4078
1832, 72.011, 29.4244
1833, 72.0422, 29.4411
1834, 72.0659, 29.4578
1835, 72.089, 29.4744
1836, 72.1092, 29.4911
1837, 72.1092, 29.4911
1838, 72.1258, 29.5078
1839, 72.1379, 29.5244
1840, 72.1449, 29.5411
1841, 72.1379, 29.5578
1842, 72.1094, 29.5744
1843, 72.1094, 29.5744
1844, 72.0647, 29.5911
1845, 72.0021, 29.6078
1846, 71.9203, 29.6244
1847, 71.8148, 29.6411
1848, 71.6943, 29.6578
1849, 71.6943, 29.6578
1850, 71.4756, 29.6744
1851, 71.227, 29.6911
1852, 71.067, 29.7078
1853, 70.8823, 29.7244
1854, 70.6102, 29.7411
1855, 70.3427, 29.7578
1856, 70.3427, 29.7578
1857, 70.1163, 29.7744
1858, 69.8453, 29.7911
1859, 69.5359, 29.8078
1860, 69.2491, 29.8244
1861, 68.9483, 29.8411
1862, 68.6103, 29.8578
1863, 68.6103, 29.8578
1864, 68.2534, 29.8744
1865, 67.8857, 29.8911
1866, 67.5061, 29.9078
1867, 67.1214, 29.9244
1868, 66.74, 29.9411
1869, 66.3558, 29.9578
1870, 65.9685, 29.9744
1871, 65.6206, 29.9911
1872, 65.2561, 30.0078
1873, 65.2561, 30.0078
1874, 64.8823, 30.0244
1875, 64.5202, 30.0411
1876, 64.0954, 30.0578
1877, 63.6877, 30.0744
1878, 63.3306, 30.0911
1879, 62.9554, 30.1078
1880, 62.5616, 30.1244
1881, 62.1835, 30.1411
1882, 61.8199, 30.1578
1883, 61.4553, 30.1744
1884, 61.094, 30.1911
1885, 60.7427, 30.2078
1886, 60.3925, 30.2244
1887, 60.0409, 30.2411
1888, 59.686, 30.2578
1889, 59.3628, 30.2744
1890, 59.044, 30.2911
1891, 58.7193, 30.3078
1892, 58.4135, 30.3244
1893, 58.0316, 30.3411
1894, 57.6697, 30.3578
1895, 57.3907, 30.3744
1896, 57.1342, 30.3911
1897, 56.8513, 30.4078
1898, 56.5671, 30.4244
1899, 56.3301, 30.4411
1900, 56.1008, 30.4578
1901, 55.8726, 30.4744
1902, 55.4847, 30.5078
1903, 55.3049, 30.5244
1904, 55.1247, 30.5411
1905, 54.9597, 30.5578
1906, 54.8283, 30.5744
1907, 54.7004, 30.5911
1908, 54.5678, 30.6078
1909, 54.4374, 30.6244
1910, 54.3167, 30.6411
1911, 54.2005, 30.6578
1912, 54.0822, 30.6744
1913, 53.8411, 30.7078
1914, 53.7174, 30.7244
1915, 53.5914, 30.7411
1916, 53.4669, 30.7578
1917, 53.3411, 30.7744
1918, 53.2126, 30.7911
1919, 53.0866, 30.8078
1920, 52.9514, 30.8244
1921, 52.6744, 30.8578
1922, 52.5313, 30.8744
1923, 52.386, 30.8911
1924, 52.2412, 30.9078
1925, 52.0948, 30.9244
1926, 51.9501, 30.9411
1927, 51.8346, 30.9578
1928, 51.5921, 30.9911
1929, 51.4618, 31.0078
1930, 51.3269, 31.0244
1931, 51.1386, 31.0411
1932, 50.9372, 31.0578
1933, 50.7804, 31.0744
1934, 50.5004, 31.1078
1935, 50.3533, 31.1244
1936, 50.2126, 31.1411
1937, 50.0908, 31.1578
1938, 49.9731, 31.1744
1939, 49.7459, 31.2078
1940, 49.6396, 31.2244
1941, 49.5361, 31.2411
1942, 49.4456, 31.2578
1943, 49.3617, 31.2744
1944, 49.1958, 31.3078
1945, 49.1112, 31.3244
1946, 49.0266, 31.3411
1947, 48.9464, 31.3578
1948, 48.8661, 31.3744
1949, 48.7146, 31.4078
1950, 48.648, 31.4244
1951, 48.5883, 31.4411
1952, 48.5316, 31.4578
1953, 48.5176, 31.4911
1954, 48.5424, 31.5078
1955, 48.5354, 31.5244
1956, 48.5282, 31.5411
1957, 48.539, 31.5578
1958, 48.5891, 31.5911
1959, 48.6151, 31.6078
1960, 48.6437, 31.6244
1961, 48.6736, 31.6411
1962, 48.7386, 31.6744
1963, 48.7732, 31.6911
1964, 48.8155, 31.7078
1965, 48.8644, 31.7244
1966, 48.9636, 31.7578
1967, 49.0053, 31.7744
1968, 49.0373, 31.7911
1969, 49.0652, 31.8078
1970, 49.0957, 31.8244
1971, 49.1751, 31.8578
1972, 49.2128, 31.8744
1973, 49.2451, 31.8911
1974, 49.2664, 31.9078
1975, 49.2946, 31.9244
1976, 49.2997, 31.9578
1977, 49.3383, 31.9744
1978, 49.404, 31.9911
1979, 49.4698, 32.0078
1980, 49.5192, 32.0244
1981, 49.5879, 32.0578
1982, 49.6459, 32.0744
1983, 49.684, 32.0911
1984, 49.7597, 32.1078
1985, 49.8144, 32.1244
1986, 49.9243, 32.1578
1987, 49.9832, 32.1744
1988, 50.0488, 32.1911
1989, 50.1094, 32.2078
1990, 50.1673, 32.2244
1991, 50.215, 32.2411
1992, 50.2979, 32.2744
1993, 50.3471, 32.2911
1994, 50.4028, 32.3078
1995, 50.4706, 32.3244
1996, 50.5357, 32.3411
1997, 50.5927, 32.3578
1998, 50.6898, 32.3911
1999, 50.7408, 32.4078
2000, 50.799, 32.4244
2001, 50.8654, 32.4411
2002, 50.9364, 32.4578
2003, 51.0044, 32.4744
2004, 51.1257, 32.5078
2005, 51.179, 32.5244
2006, 51.2322, 32.5411
2007, 51.2835, 32.5578
2008, 51.3413, 32.5744
2009, 51.4037, 32.5911
2010, 51.4735, 32.6078
2011, 51.607, 32.6411
2012, 51.6602, 32.6578
2013, 51.7133, 32.6744
2014, 51.7579, 32.6911
2015, 51.8178, 32.7078
2016, 51.8804, 32.7244
2017, 51.9485, 32.7411
2018, 52.0152, 32.7578
2019, 52.1308, 32.7911
2020, 52.1807, 32.8078
2021, 52.2265, 32.8244
2022, 52.2721, 32.8411
2023, 52.3076, 32.8578
2024, 52.3334, 32.8744
2025, 52.3461, 32.8911
2026, 52.3285, 32.9244
2027, 52.2974, 32.9411
2028, 52.2328, 32.9578
2029, 52.1513, 32.9744
2030, 52.0445, 32.9911
2031, 51.8544, 33.0078
2032, 51.6651, 33.0244
2033, 51.5145, 33.0411
2034, 51.1873, 33.0744
2035, 50.9842, 33.0911
2036, 50.7813, 33.1078
2037, 50.5842, 33.1244
2038, 50.3828, 33.1411
2039, 49.9509, 33.1744
2040, 49.7192, 33.1911
2041, 49.4717, 33.2078
2042, 49.2171, 33.2244
2043, 48.9496, 33.2411
2044, 48.3585, 33.2744
2045, 48.0341, 33.2911
2046, 47.7079, 33.3078
2047, 47.3867, 33.3244
2048, 46.744, 33.3578
2049, 46.4251, 33.3744
2050, 46.1034, 33.3911
2051, 45.7708, 33.4078
2052, 45.1014, 33.4411
2053, 44.7794, 33.4578
2054, 44.4624, 33.4744
2055, 43.8331, 33.5078
2056, 43.5302, 33.5244
2057, 42.9334, 33.5578
2058, 42.638, 33.5744
2059, 42.3408, 33.5911
2060, 41.7619, 33.6244
2061, 41.4794, 33.6411
2062, 41.0015, 33.6744
2063, 40.7901, 33.6911
2064, 40.3982, 33.7244
2065, 40.1852, 33.7411
2066, 39.6475, 33.7744
2067, 39.4408, 33.7911
2068, 39.0687, 33.8244
2069, 38.8619, 33.8411
2070, 38.4548, 33.8744
2071, 38.268, 33.8911
2072, 37.8945, 33.9244
2073, 37.6968, 33.9411
2074, 37.3036, 33.9744
2075, 36.9048, 34.0078
2076, 36.7071, 34.0244
2077, 36.314, 34.0578
2078, 35.9063, 34.0911
2079, 35.6931, 34.1078
2080, 35.2789, 34.1411
2081, 34.8726, 34.1744
2082, 34.6618, 34.1911
2083, 34.3412, 34.2244
2084, 33.9709, 34.2578
2085, 33.6564, 34.2911
2086, 33.4572, 34.3078
2087, 33.0171, 34.3411
2088, 32.6606, 34.3744
2089, 32.308, 34.4078
2090, 32.043, 34.4411
2091, 31.8291, 34.4744
2092, 31.6394, 34.5078
2093, 31.5498, 34.5244
2094, 31.3854, 34.5578
2095, 31.22, 34.5911
2096, 31.0506, 34.6244
2097, 30.879, 34.6578
2098, 30.7028, 34.6911
2099, 30.5035, 34.7244
2100, 30.3002, 34.7578
2101, 30.1229, 34.7911
2102, 29.9504, 34.8244
2103, 29.774, 34.8578
2104, 29.6454, 34.8911
2105, 29.5603, 34.9244
2106, 29.4751, 34.9578
2107, 29.3776, 34.9911
2108, 29.2839, 35.0244
2109, 29.1988, 35.0578
2110, 29.0642, 35.1078
2111, 28.9693, 35.1411
2112, 28.8776, 35.1744
2113, 28.7884, 35.2078
2114, 28.6943, 35.2411
2115, 28.5936, 35.2744
2116, 28.4948, 35.3078
2117, 28.3995, 35.3411
2118, 28.3003, 35.3744
2119, 28.1527, 35.4244
2120, 28.0743, 35.4578
2121, 28.0069, 35.4911
2122, 28.0501, 35.5244
2123, 28.1544, 35.5578
2124, 28.2227, 35.5911
2125, 28.2773, 35.6244
2126, 28.344, 35.6578
2127, 28.4801, 35.7078
2128, 28.5197, 35.7411
2129, 28.6007, 35.7744
2130, 28.6942, 35.8078
2131, 28.7259, 35.8411
2132, 28.7054, 35.8744
2133, 28.7021, 35.9078
2134, 28.685, 35.9411
2135, 28.8, 35.9744
2136, 28.9638, 36.0078
2137, 28.9755, 36.0411
2138, 29.0329, 36.0744
2139, 29.0437, 36.1078
2140, 29.0875, 36.1411
2141, 29.1641, 36.1744
2142, 29.1982, 36.2078
2143, 29.3078, 36.2411
2144, 29.4502, 36.2744
2145, 29.5257, 36.3078
2146, 29.6278, 36.3411
2147, 29.7708, 36.3744
2148, 29.9105, 36.4078
2149, 30.0299, 36.4411
2150, 30.104, 36.4744
2151, 30.2247, 36.5078
2152, 30.3937, 36.5411
2153, 30.5432, 36.5744
2154, 30.6697, 36.6078
2155, 30.7806, 36.6411
2156, 30.8882, 36.6744
2157, 31.019, 36.7078
2158, 31.1861, 36.7411
2159, 31.3113, 36.7744
2160, 31.399, 36.8078
2161, 31.4757, 36.8244
2162, 31.6529, 36.8578
2163, 31.7804, 36.8911
2164, 31.8809, 36.9244
2165, 32.0254, 36.9578
2166, 32.2251, 36.9911
2167, 32.4242, 37.0244
2168, 32.5163, 37.0411
2169, 32.6873, 37.0744
2170, 32.8566, 37.1078
2171, 33.0306, 37.1411
2172, 33.2225, 37.1744
2173, 33.3871, 37.2078
2174, 33.4666, 37.2244
2175, 33.652, 37.2578
2176, 33.8393, 37.2911
2177, 34.0088, 37.3244
2178, 34.0972, 37.3411
2179, 34.2533, 37.3744
2180, 34.3431, 37.4078
2181, 34.788, 37.4411
2182, 34.9622, 37.4578
2183, 34.9825, 37.4911
2184, 34.924, 37.5244
2185, 34.8871, 37.5578
2186, 34.9654, 37.5744
2187, 35.3915, 37.6078
2188, 35.7421, 37.6411
2189, 35.748, 37.6578
2190, 35.7621, 37.6911
2191, 36.034, 37.7244
2192, 36.1687, 37.7411
2193, 36.4503, 37.7744
2194, 36.6803, 37.8078
2195, 36.8163, 37.8244
2196, 37.0982, 37.8578
2197, 37.4015, 37.8911
2198, 37.5289, 37.9078
2199, 37.8089, 37.9411
2200, 37.9423, 37.9578
2201, 38.2358, 37.9911
2202, 38.5014, 38.0244
2203, 38.6415, 38.0411
2204, 38.9028, 38.0744
2205, 39.0533, 38.0911
2206, 39.3217, 38.1244
2207, 39.4691, 38.1411
2208, 39.7383, 38.1744
2209, 39.8863, 38.1911
2210, 40.1268, 38.2244
2211, 40.2712, 38.2411
2212, 40.5574, 38.2744
2213, 40.7139, 38.2911
2214, 40.9492, 38.3244
2215, 41.0222, 38.3411
2216, 41.1319, 38.3744
2217, 41.2804, 38.3911
2218, 41.6246, 38.4244
2219, 41.7779, 38.4411
2220, 41.903, 38.4578
2221, 42.1648, 38.4911
2222, 42.311, 38.5078
2223, 42.5919, 38.5411
2224, 42.7116, 38.5578
2225, 42.9493, 38.5911
2226, 43.0744, 38.6078
2227, 43.2056, 38.6244
2228, 43.4659, 38.6578
2229, 43.5858, 38.6744
2230, 43.8169, 38.7078
2231, 43.9296, 38.7244
2232, 44.0472, 38.7411
2233, 44.2695, 38.7744
2234, 44.3754, 38.7911
2235, 44.4802, 38.8078
2236, 44.6831, 38.8411
2237, 44.7836, 38.8578
2238, 44.8763, 38.8744
2239, 44.9673, 38.9078
2240, 45.0982, 38.9244
2241, 45.3072, 38.9411
2242, 45.5094, 38.9744
2243, 45.5998, 38.9911
2244, 45.7229, 39.0078
2245, 45.966, 39.0411
2246, 46.0704, 39.0578
2247, 46.1754, 39.0744
2248, 46.4039, 39.1078
2249, 46.5138, 39.1244
2250, 46.6196, 39.1411
2251, 46.7263, 39.1578
2252, 46.9467, 39.1911
2253, 47.056, 39.2078
2254, 47.1639, 39.2244
2255, 47.381, 39.2578
2256, 47.4908, 39.2744
2257, 47.6013, 39.2911
2258, 47.7107, 39.3078
2259, 47.927, 39.3411
2260, 48.0331, 39.3578
2261, 48.1389, 39.3744
2262, 48.2438, 39.3911
2263, 48.4524, 39.4244
2264, 48.5574, 39.4411
2265, 48.6636, 39.4578
2266, 48.7701, 39.4744
2267, 48.876, 39.4911
2268, 49.0846, 39.5244
2269, 49.1886, 39.5411
2270, 49.2917, 39.5578
2271, 49.3944, 39.5744
2272, 49.5989, 39.6078
2273, 49.7034, 39.6244
2274, 49.8077, 39.6411
2275, 49.9108, 39.6578
2276, 50.0137, 39.6744
2277, 50.2132, 39.7078
2278, 50.3145, 39.7244
2279, 50.4147, 39.7411
2280, 50.517, 39.7578
2281, 50.6189, 39.7744
2282, 50.8164, 39.8078
2283, 50.9117, 39.8244
2284, 51.0049, 39.8411
2285, 51.103, 39.8578
2286, 51.2065, 39.8744
2287, 51.3096, 39.8911
2288, 51.5044, 39.9244
2289, 51.597, 39.9411
2290, 51.6915, 39.9578
2291, 51.7892, 39.9744
2292, 51.8888, 39.9911
2293, 51.9822, 40.0078
2294, 52.163, 40.0411
2295, 52.2469, 40.0578
2296, 52.326, 40.0744
2297, 52.3983, 40.0911
2298, 52.4677, 40.1078
2299, 52.5365, 40.1244
2300, 52.6045, 40.1411
2301, 52.7359, 40.1744
2302, 52.7987, 40.1911
2303, 52.8583, 40.2078
2304, 52.9157, 40.2244
2305, 52.9699, 40.2411
2306, 53.0188, 40.2578
2307, 53.0045, 40.2744
2308, 53.2791, 40.3078
2309, 53.3304, 40.3244
2310, 53.3798, 40.3411
2311, 53.4823, 40.3578
2312, 53.5912, 40.3744
2313, 53.669, 40.3911
2314, 53.7385, 40.4078
2315, 53.8236, 40.4244
2316, 53.9171, 40.4411
2317, 54.0789, 40.4744
2318, 54.1614, 40.4911
2319, 54.2477, 40.5078
2320, 54.3331, 40.5244
2321, 54.4133, 40.5411
2322, 54.4945, 40.5578
2323, 54.5782, 40.5744
2324, 54.6611, 40.5911
2325, 54.7431, 40.6078
2326, 54.9064, 40.6411
2327, 54.9852, 40.6578
2328, 55.0645, 40.6744
2329, 55.1485, 40.6911
2330, 55.2329, 40.7078
2331, 55.314, 40.7244
2332, 55.3913, 40.7411
2333, 55.4696, 40.7578
2334, 55.5492, 40.7744
2335, 55.6329, 40.7911
2336, 55.7163, 40.8078
2337, 55.7967, 40.8244
2338, 55.8727, 40.8411
2339, 56.0298, 40.8744
2340, 56.1106, 40.8911
2341, 56.1929, 40.9078
2342, 56.2734, 40.9244
2343, 56.3516, 40.9411
2344, 56.4274, 40.9578
2345, 56.5043, 40.9744
2346, 56.582, 40.9911
2347, 56.6601, 41.0078
2348, 56.7379, 41.0244
2349, 56.8158, 41.0411
2350, 56.8938, 41.0578
2351, 56.9708, 41.0744
2352, 57.0478, 41.0911
2353, 57.1258, 41.1078
2354, 57.2051, 41.1244
2355, 57.2831, 41.1411
2356, 57.4338, 41.1744
2357, 57.5101, 41.1911
2358, 57.5872, 41.2078
2359, 57.6653, 41.2244
2360, 57.7419, 41.2411
2361, 57.817, 41.2578
2362, 57.8895, 41.2744
2363, 57.9649, 41.2911
2364, 58.0424, 41.3078
2365, 58.1192, 41.3244
2366, 58.1932, 41.3411
2367, 58.2658, 41.3578
2368, 58.3358, 41.3744
2369, 58.4071, 41.3911
2370, 58.4777, 41.4078
2371, 58.5516, 41.4244
2372, 58.6265, 41.4411
2373, 58.7013, 41.4578
2374, 58.7753, 41.4744
2375, 58.8468, 41.4911
2376, 58.9159, 41.5078
2377, 58.9863, 41.5244
2378, 59.0581, 41.5411
2379, 59.1316, 41.5578
2380, 59.1099, 41.5744
2381, 59.2537, 41.5911
2382, 59.3688, 41.6078
2383, 59.3558, 41.6244
2384, 59.4011, 41.6411
2385, 59.5059, 41.6578
2386, 59.5751, 41.6744
2387, 59.6114, 41.6911
2388, 59.6797, 41.7078
2389, 59.7625, 41.7244
2390, 59.8176, 41.7411
2391, 59.8565, 41.7578
2392, 59.9115, 41.7744
2393, 59.9812, 41.7911
2394, 60.0469, 41.8078
2395, 60.1104, 41.8244
2396, 60.1727, 41.8411
2397, 60.2312, 41.8578
2398, 60.2857, 41.8744
2399, 60.3424, 41.8911
2400, 60.4022, 41.9078
2401, 60.4624, 41.9244
2402, 60.5203, 41.9411
2403, 60.577, 41.9578
2404, 60.6277, 41.9744
2405, 60.6823, 41.9911
2406, 60.7465, 42.0078
2407, 60.8167, 42.0244
2408, 60.8805, 42.0411
2409, 60.934, 42.0578
2410, 60.9868, 42.0744
2411, 61.041, 42.0911
2412, 61.0948, 42.1078
2413, 61.1504, 42.1244
2414, 61.206, 42.1411
2415, 61.2609, 42.1578
2416, 61.3141, 42.1744
2417, 61.3716, 42.1911
2418, 61.434, 42.2078
2419, 61.4939, 42.2244
2420, 61.5518, 42.2411
2421, 61.6059, 42.2578
2422, 61.6608, 42.2744
2423, 61.7152, 42.2911
2424, 61.7718, 42.3078
2425, 61.8311, 42.3244
2426, 61.8885, 42.3411
2427, 61.9416, 42.3578
2428, 61.9923, 42.3744
2429, 62.0481, 42.3911
2430, 62.1093, 42.4078
2431, 62.1673, 42.4244
2432, 62.1673, 42.4244
2433, 62.2154, 42.4411
2434, 62.2558, 42.4578
2435, 62.3053, 42.4744
2436, 62.3662, 42.4911
2437, 62.4316, 42.5078
2438, 62.4901, 42.5244
2439, 62.5454, 42.5411
2440, 62.6001, 42.5578
2441, 62.6516, 42.5744
2442, 62.6977, 42.5911
2443, 62.7451, 42.6078
2444, 62.7937, 42.6244
2445, 62.8373, 42.6411
2446, 62.8754, 42.6578
2447, 62.9233, 42.6744
2448, 62.985, 42.6911
2449, 63.0503, 42.7078
2450, 63.1111, 42.7244
2451, 63.1721, 42.7411
2452, 63.2332, 42.7578
2453, 63.2899, 42.7744
2454, 63.2899, 42.7744
2455, 63.3415, 42.7911
2456, 63.3948, 42.8078
2457, 63.4464, 42.8244
2458, 63.4941, 42.8411
2459, 63.5438, 42.8578
2460, 63.5984, 42.8744
2461, 63.6512, 42.8911
2462, 63.7008, 42.9078
2463, 63.7494, 42.9244
2464, 63.7991, 42.9411
2465, 63.8545, 42.9578
2466, 63.916, 42.9744
2467, 63.9773, 42.9911
2468, 64.0307, 43.0078
2469, 64.0782, 43.0244
2470, 64.0782, 43.0244
2471, 64.1217, 43.0411
2472, 64.1708, 43.0578
2473, 64.2251, 43.0744
2474, 64.2823, 43.0911
2475, 64.3317, 43.1078
2476, 64.3804, 43.1244
2477, 64.4335, 43.1411
2478, 64.4943, 43.1578
2479, 64.5487, 43.1744
2480, 64.5965, 43.1911
2481, 64.6423, 43.2078
2482, 64.6932, 43.2244
2483, 64.7485, 43.2411
2484, 64.7485, 43.2411
2485, 64.8081, 43.2578
2486, 64.8654, 43.2744
2487, 64.9138, 43.2911
2488, 64.9564, 43.3078
2489, 65.0041, 43.3244
2490, 65.0597, 43.3411
2491, 65.1131, 43.3578
2492, 65.1627, 43.3744
2493, 65.2163, 43.3911
2494, 65.2732, 43.4078
2495, 65.3288, 43.4244
2496, 65.3288, 43.4244
2497, 65.3793, 43.4411
2498, 65.4292, 43.4578
2499, 65.4785, 43.4744
2500, 65.5311, 43.4911
2501, 65.5897, 43.5078
2502, 65.6468, 43.5244
2503, 65.6926, 43.5411
2504, 65.7309, 43.5578
2505, 65.7749, 43.5744
2506, 65.8271, 43.5911
2507, 65.8866, 43.6078
2508, 65.8866, 43.6078
2509, 65.9478, 43.6244
2510, 66.0056, 43.6411
2511, 66.0562, 43.6578
2512, 66.1042, 43.6744
2513, 66.1568, 43.6911
2514, 66.2089, 43.7078
2515, 66.2615, 43.7244
2516, 66.3111, 43.7411
2517, 66.3615, 43.7578
2518, 66.3615, 43.7578
2519, 66.4056, 43.7744
2520, 66.4553, 43.7911
2521, 66.5132, 43.8078
2522, 66.5762, 43.8244
2523, 66.6338, 43.8411
2524, 66.6838, 43.8578
2525, 66.7303, 43.8744
2526, 66.7769, 43.8911
2527, 66.8245, 43.9078
2528, 66.8245, 43.9078
2529, 66.8753, 43.9244
2530, 66.9263, 43.9411
2531, 66.9774, 43.9578
2532, 67.032, 43.9744
2533, 67.091, 43.9911
2534, 67.1486, 44.0078
2535, 67.1999, 44.0244
2536, 67.2506, 44.0411
2537, 67.3032, 44.0578
2538, 67.3032, 44.0578
2539, 67.3556, 44.0744
2540, 67.4045, 44.0911
2541, 67.4563, 44.1078
2542, 67.5106, 44.1244
2543, 67.5619, 44.1411
2544, 67.6077, 44.1578
2545, 67.6535, 44.1744
2546, 67.7057, 44.1911
2547, 67.7057, 44.1911
2548, 67.7619, 44.2078
2549, 67.8139, 44.2244
2550, 67.866, 44.2411
2551, 67.918, 44.2578
2552, 67.8979, 44.2744
2553, 68.0171, 44.2911
2554, 68.0718, 44.3078
2555, 68.0718, 44.3078
2556, 68.0634, 44.3244
2557, 68.1347, 44.3411
2558, 68.1936, 44.3578
2559, 68.2178, 44.3744
2560, 68.2704, 44.3911
2561, 68.3299, 44.4078
2562, 68.3682, 44.4244
2563, 68.3682, 44.4244
2564, 68.4109, 44.4411
2565, 68.4644, 44.4578
2566, 68.5134, 44.4744
2567, 68.5571, 44.4911
2568, 68.6004, 44.5078
2569, 68.6443, 44.5244
2570, 68.6967, 44.5411
2571, 68.6967, 44.5411
2572, 68.7515, 44.5578
2573, 68.8013, 44.5744
2574, 68.8481, 44.5911
2575, 68.8958, 44.6078
2576, 68.9426, 44.6244
2577, 68.988, 44.6411
2578, 69.0329, 44.6578
2579, 69.0329, 44.6578
2580, 69.0801, 44.6744
2581, 69.1313, 44.6911
2582, 69.1871, 44.7078
2583, 69.2412, 44.7244
2584, 69.2889, 44.7411
2585, 69.3318, 44.7578
2586, 69.3318, 44.7578
2587, 69.3715, 44.7744
2588, 69.4121, 44.7911
2589, 69.4561, 44.8078
2590, 69.5105, 44.8244
2591, 69.5711, 44.8411
2592, 69.626, 44.8578
2593, 69.6741, 44.8744
2594, 69.6741, 44.8744
2595, 69.7137, 44.8911
2596, 69.7525, 44.9078
2597, 69.7924, 44.9244
2598, 69.8445, 44.9411
2599, 69.8975, 44.9578
2600, 69.9443, 44.9744
2601, 69.9443, 44.9744
2602, 69.9915, 44.9911
2603, 70.045, 45.0078
2604, 70.0966, 45.0244
2605, 70.1418, 45.0411
2606, 70.1882, 45.0578
2607, 70.2355, 45.0744
2608, 70.2355, 45.0744
2609, 70.2805, 45.0911
2610, 70.3235, 45.1078
2611, 70.3676, 45.1244
2612, 70.4144, 45.1411
2613, 70.4653, 45.1578
2614, 70.4653, 45.1578
2615, 70.5154, 45.1744
2616, 70.5622, 45.1911
2617, 70.6062, 45.2078
2618, 70.6523, 45.2244
2619, 70.7006, 45.2411
2620, 70.7468, 45.2578
2621, 70.7468, 45.2578
2622, 70.7889, 45.2744
2623, 70.83, 45.2911
2624, 70.8745, 45.3078
2625, 70.9224, 45.3244
2626, 70.9683, 45.3411
2627, 70.9683, 45.3411
2628, 71.0067, 45.3578
2629, 71.0424, 45.3744
2630, 71.0827, 45.3911
2631, 71.1271, 45.4078
2632, 71.1705, 45.4244
2633, 71.2135, 45.4411
2634, 71.2135, 45.4411
2635, 71.2601, 45.4578
2636, 71.307, 45.4744
2637, 71.3549, 45.4911
2638, 71.404, 45.5078
2639, 71.4494, 45.5244
2640, 71.4494, 45.5244
2641, 71.4843, 45.5411
2642, 71.5197, 45.5578
2643, 71.5592, 45.5744
2644, 71.5965, 45.5911
2645, 71.6364, 45.6078
2646, 71.6364, 45.6078
2647, 71.6838, 45.6244
2648, 71.7327, 45.6411
2649, 71.7714, 45.6578
2650, 71.8061, 45.6744
2651, 71.8396, 45.6911
2652, 71.8396, 45.6911
2653, 71.8733, 45.7078
2654, 71.9105, 45.7244
2655, 71.9564, 45.7411
2656, 72.0009, 45.7578
2657, 72.039, 45.7744
2658, 72.039, 45.7744
2659, 72.0772, 45.7911
2660, 72.1185, 45.8078
2661, 72.1596, 45.8244
2662, 72.1939, 45.8411
2663, 72.229, 45.8578
2664, 72.229, 45.8578
2665, 72.269, 45.8744
2666, 72.3116, 45.8911
2667, 72.351, 45.9078
2668, 72.3854, 45.9244
2669, 72.4211, 45.9411
2670, 72.4211, 45.9411
2671, 72.457, 45.9578
2672, 72.492, 45.9744
2673, 72.5286, 45.9911
2674, 72.5686, 46.0078
2675, 72.6073, 46.0244
2676, 72.6073, 46.0244
2677, 72.6435, 46.0411
2678, 72.6799, 46.0578
2679, 72.7174, 46.0744
2680, 72.754, 46.0911
2681, 72.7884, 46.1078
2682, 72.7884, 46.1078
2683, 72.8201, 46.1244
2684, 72.8516, 46.1411
2685, 72.8864, 46.1578
2686, 72.9296, 46.1744
2687, 72.9296, 46.1744
2688, 72.9723, 46.1911
2689, 73.0087, 46.2078
2690, 73.0409, 46.2244
2691, 73.075, 46.2411
2692, 73.1087, 46.2578
2693, 73.1087, 46.2578
2694, 73.1434, 46.2744
2695, 73.1802, 46.2911
2696, 73.2168, 46.3078
2697, 73.2498, 46.3244
2698, 73.2821, 46.3411
2699, 73.2821, 46.3411
2700, 73.3199, 46.3578
2701, 73.3562, 46.3744
2702, 73.3925, 46.3911
2703, 73.4288, 46.4078
2704, 73.4288, 46.4078
2705, 73.461, 46.4244
2706, 73.4929, 46.4411
2707, 73.5341, 46.4578
2708, 73.576, 46.4744
2709, 73.6046, 46.4911
2710, 73.6046, 46.4911
2711, 73.6296, 46.5078
2712, 73.6647, 46.5244
2713, 73.7027, 46.5411
2714, 73.7358, 46.5578
2715, 73.7358, 46.5578
2716, 73.7668, 46.5744
2717, 73.8034, 46.5911
2718, 73.8414, 46.6078
2719, 73.8742, 46.6244
2720, 73.8742, 46.6244
2721, 73.9045, 46.6411
2722, 73.9379, 46.6578
2723, 73.9732, 46.6744
2724, 74.0048, 46.6911
2725, 74.0366, 46.7078
2726, 74.0366, 46.7078
2727, 74.0694, 46.7244
2728, 74.1065, 46.7411
2729, 74.1443, 46.7578
2730, 74.1783, 46.7744
2731, 74.1783, 46.7744
2732, 74.2122, 46.7911
2733, 74.2442, 46.8078
2734, 74.2734, 46.8244
2735, 74.3031, 46.8411
2736, 74.3031, 46.8411
2737, 74.3343, 46.8578
2738, 74.3635, 46.8744
2739, 74.3934, 46.8911
2740, 74.4302, 46.9078
2741, 74.4302, 46.9078
2742, 74.4692, 46.9244
2743, 74.5049, 46.9411
2744, 74.5373, 46.9578
2745, 74.5674, 46.9744
2746, 74.5674, 46.9744
2747, 74.5957, 46.9911
2748, 74.6249, 47.0078
2749, 74.6587, 47.0244
2750, 74.691, 47.0411
2751, 74.7206, 47.0578
2752, 74.7206, 47.0578
2753, 74.7497, 47.0744
2754, 74.784, 47.0911
2755, 74.8203, 47.1078
2756, 74.8567, 47.1244
2757, 74.8567, 47.1244
2758, 74.8906, 47.1411
2759, 74.9185, 47.1578
2760, 74.9432, 47.1744
2761, 74.9767, 47.1911
2762, 74.9767, 47.1911
2763, 75.0107, 47.2078
2764, 75.0412, 47.2244
2765, 75.072, 47.2411
2766, 75.1085, 47.2578
2767, 75.1085, 47.2578
2768, 75.143, 47.2744
2769, 75.1675, 47.2911
2770, 75.1939, 47.3078
2771, 75.2281, 47.3244
2772, 75.2281, 47.3244
2773, 75.2643, 47.3411
2774, 75.2947, 47.3578
2775, 75.3245, 47.3744
2776, 75.3556, 47.3911
2777, 75.3556, 47.3911
2778, 75.386, 47.4078
2779, 75.4151, 47.4244
2780, 75.4468, 47.4411
2781, 75.4468, 47.4411
2782, 75.4754, 47.4578
2783, 75.5011, 47.4744
2784, 75.5281, 47.4911
2785, 75.5595, 47.5078
2786, 75.5595, 47.5078
2787, 75.5935, 47.5244
2788, 75.6281, 47.5411
2789, 75.6606, 47.5578
2790, 75.6902, 47.5744
2791, 75.6902, 47.5744
2792, 75.7194, 47.5911
2793, 75.751, 47.6078
2794, 75.7773, 47.6244
2795, 75.8008, 47.6411
2796, 75.8008, 47.6411
2797, 75.8306, 47.6578
2798, 75.8671, 47.6744
2799, 75.8994, 47.6911
2800, 75.9256, 47.7078
2801, 75.9256, 47.7078
2802, 75.9522, 47.7244
2803, 75.9781, 47.7411
2804, 76.0033, 47.7578
2805, 76.0033, 47.7578
2806, 76.0279, 47.7744
2807, 76.0543, 47.7911
2808, 76.0877, 47.8078
2809, 76.1248, 47.8244
2810, 76.1248, 47.8244
2811, 76.1554, 47.8411
2812, 76.1801, 47.8578
2813, 76.2083, 47.8744
2814, 76.2386, 47.8911
2815, 76.2386, 47.8911
2816, 76.2608, 47.9078
2817, 76.2849, 47.9244
2818, 76.3185, 47.9411
2819, 76.3499, 47.9578
2820, 76.3499, 47.9578
2821, 76.3748, 47.9744
2822, 76.3991, 47.9911
2823, 76.4272, 48.0078
2824, 76.4272, 48.0078
2825, 76.4554, 48.0244
2826, 76.4812, 48.0411
2827, 76.5086, 48.0578
2828, 76.5388, 48.0744
2829, 76.5388, 48.0744
2830, 76.5664, 48.0911
2831, 76.5891, 48.1078
2832, 76.6119, 48.1244
2833, 76.644, 48.1411
2834, 76.644, 48.1411
2835, 76.6739, 48.1578
2836, 76.6973, 48.1744
2837, 76.722, 48.1911
2838, 76.722, 48.1911
2839, 76.753, 48.2078
2840, 76.7835, 48.2244
2841, 76.8153, 48.2411
2842, 76.8482, 48.2578
2843, 76.8482, 48.2578
2844, 76.8728, 48.2744
2845, 76.8919, 48.2911
2846, 76.9144, 48.3078
2847, 76.9144, 48.3078
2848, 76.8683, 48.3244
2849, 76.9781, 48.3411
2850, 76.9679, 48.3578
2851, 76.9694, 48.3744
2852, 76.9694, 48.3744
2853, 77.0203, 48.3911
2854, 77.0273, 48.4078
2855, 77.0475, 48.4244
2856, 77.0475, 48.4244
2857, 77.0892, 48.4411
2858, 77.1022, 48.4578
2859, 77.1225, 48.4744
2860, 77.1492, 48.4911
2861, 77.1492, 48.4911
2862, 77.1582, 48.5078
2863, 77.1796, 48.5244
2864, 77.2135, 48.5411
2865, 77.2135, 48.5411
2866, 77.2363, 48.5578
2867, 77.2559, 48.5744
2868, 77.2759, 48.5911
2869, 77.294, 48.6078
2870, 77.294, 48.6078
2871, 77.3152, 48.6244
2872, 77.3394, 48.6411
2873, 77.361, 48.6578
2874, 77.361, 48.6578
2875, 77.3826, 48.6744
2876, 77.4048, 48.6911
2877, 77.4271, 48.7078
2878, 77.4492, 48.7244
2879, 77.4492, 48.7244
2880, 77.4715, 48.7411
2881, 77.4957, 48.7578
2882, 77.5214, 48.7744
2883, 77.5214, 48.7744
2884, 77.543, 48.7911
2885, 77.5615, 48.8078
2886, 77.5822, 48.8244
2887, 77.6028, 48.8411
2888, 77.6028, 48.8411
2889, 77.6211, 48.8578
2890, 77.6445, 48.8744
2891, 77.6707, 48.8911
2892, 77.6707, 48.8911
2893, 77.6909, 48.9078
2894, 77.7055, 48.9244
2895, 77.7244, 48.9411
2896, 77.7244, 48.9411
2897, 77.7476, 48.9578
2898, 77.7681, 48.9744
2899, 77.7872, 48.9911
2900, 77.8057, 49.0078
2901, 77.8057, 49.0078
2902, 77.8251, 49.0244
2903, 77.8443, 49.0411
2904, 77.865, 49.0578
2905, 77.865, 49.0578
2906, 77.8868, 49.0744
2907, 77.9062, 49.0911
2908, 77.9252, 49.1078
2909, 77.9502, 49.1244
2910, 77.9502, 49.1244
2911, 77.9739, 49.1411
2912, 77.9889, 49.1578
2913, 78.0064, 49.1744
2914, 78.0064, 49.1744
2915, 78.0288, 49.1911
2916, 78.0499, 49.2078
2917, 78.074, 49.2244
2918, 78.074, 49.2244
2919, 78.0955, 49.2411
2920, 78.1117, 49.2578
2921, 78.1335, 49.2744
2922, 78.1606, 49.2911
2923, 78.1606, 49.2911
2924, 78.1803, 49.3078
2925, 78.1951, 49.3244
2926, 78.2121, 49.3411
2927, 78.2121, 49.3411
2928, 78.2313, 49.3578
2929, 78.2518, 49.3744
2930, 78.2748, 49.3911
2931, 78.2748, 49.3911
2932, 78.2971, 49.4078
2933, 78.3167, 49.4244
2934, 78.3355, 49.4411
2935, 78.356, 49.4578
2936, 78.356, 49.4578
2937, 78.3775, 49.4744
2938, 78.3963, 49.4911
2939, 78.4104, 49.5078
2940, 78.4104, 49.5078
2941, 78.4246, 49.5244
2942, 78.4486, 49.5411
2943, 78.4766, 49.5578
2944, 78.4766, 49.5578
2945, 78.4997, 49.5744
2946, 78.5186, 49.5911
2947, 78.5357, 49.6078
2948, 78.5357, 49.6078
2949, 78.5522, 49.6244
2950, 78.5723, 49.6411
2951, 78.5919, 49.6578
2952, 78.6066, 49.6744
2953, 78.6066, 49.6744
2954, 78.6255, 49.6911
2955, 78.6489, 49.7078
2956, 78.6696, 49.7244
2957, 78.6696, 49.7244
2958, 78.6852, 49.7411
2959, 78.7057, 49.7578
2960, 78.7275, 49.7744
2961, 78.7275, 49.7744
2962, 78.7479, 49.7911
2963, 78.765, 49.8078
2964, 78.7851, 49.8244
2965, 78.7851, 49.8244
2966, 78.8084, 49.8411
2967, 78.8303, 49.8578
2968, 78.8508, 49.8744
2969, 78.871, 49.8911
2970, 78.871, 49.8911
2971, 78.8892, 49.9078
2972, 78.9073, 49.9244
2973, 78.9283, 49.9411
2974, 78.9283, 49.9411
2975, 78.9515, 49.9578
2976, 78.9719, 49.9744
2977, 78.9939, 49.9911
2978, 78.9939, 49.9911
2979, 79.0178, 50.0078
2980, 79.0379, 50.0244
2981, 79.0562, 50.0411
2982, 79.0562, 50.0411
2983, 79.076, 50.0578
2984, 79.0976, 50.0744
2985, 79.1149, 50.0911
2986, 79.1149, 50.0911
2987, 79.1367, 50.1078
2988, 79.1606, 50.1244
2989, 79.1784, 50.1411
2990, 79.1784, 50.1411
2991, 79.1939, 50.1578
2992, 79.2182, 50.1744
2993, 79.2401, 50.1911
2994, 79.2546, 50.2078
2995, 79.2546, 50.2078
2996, 79.2704, 50.2244
2997, 79.2897, 50.2411
2998, 79.3065, 50.2578
2999, 79.3065, 50.2578
3000, 79.3272, 50.2744
3001, 79.3549, 50.2911
3002, 79.381, 50.3078
3003, 79.381, 50.3078
3004, 79.4019, 50.3244
3005, 79.4196, 50.3411
3006, 79.4385, 50.3578
3007, 79.4385, 50.3578
3008, 79.4607, 50.3744
3009, 79.4844, 50.3911
3010, 79.5071, 50.4078
3011, 79.5071, 50.4078
3012, 79.5249, 50.4244
3013, 79.542, 50.4411
3014, 79.561, 50.4578
3015, 79.561, 50.4578
3016, 79.5827, 50.4744
3017, 79.6046, 50.4911
3018, 79.6261, 50.5078
3019, 79.6261, 50.5078
3020, 79.6444, 50.5244
3021, 79.6645, 50.5411
3022, 79.6915, 50.5578
3023, 79.6915, 50.5578
3024, 79.7156, 50.5744
3025, 79.7322, 50.5911
3026, 79.7513, 50.6078
3027, 79.7513, 50.6078
3028, 79.7703, 50.6244
3029, 79.7889, 50.6411
3030, 79.8183, 50.6578
3031, 79.8183, 50.6578
3032, 79.846, 50.6744
3033, 79.8553, 50.6911
3034, 79.8589, 50.7078
3035, 79.8589, 50.7078
3036, 79.8803, 50.7244
3037, 79.9145, 50.7411
3038, 79.9454, 50.7578
3039, 79.9454, 50.7578
3040, 79.9667, 50.7744
3041, 79.9854, 50.7911
3042, 80.0051, 50.8078
3043, 80.0051, 50.8078
3044, 80.0278, 50.8244
3045, 80.0493, 50.8411
3046, 80.0679, 50.8578
3047, 80.0679, 50.8578
3048, 80.0872, 50.8744
3049, 80.1093, 50.8911
3050, 80.131, 50.9078
3051, 80.131, 50.9078
3052, 80.1549, 50.9244
3053, 80.1748, 50.9411
3054, 80.1864, 50.9578
3055, 80.1864, 50.9578
3056, 80.2081, 50.9744
3057, 80.2387, 50.9911
3058, 80.2631, 51.0078
3059, 80.2631, 51.0078
3060, 80.2817, 51.0244
3061, 80.3018, 51.0411
3062, 80.3199, 51.0578
3063, 80.3199, 51.0578
3064, 80.3363, 51.0744
3065, 80.3579, 51.0911
3066, 80.3802, 51.1078
3067, 80.3802, 51.1078
3068, 80.4023, 51.1244
3069, 80.4278, 51.1411
3070, 80.4489, 51.1578
3071, 80.4489, 51.1578
3072, 80.4647, 51.1744
3073, 80.4844, 51.1911
3074, 80.508, 51.2078
3075, 80.508, 51.2078
3076, 80.5293, 51.2244
3077, 80.5506, 51.2411
3078, 80.5716, 51.2578
3079, 80.5716, 51.2578
3080, 80.5902, 51.2744
3081, 80.6105, 51.2911
3082, 80.6304, 51.3078
3083, 80.6304, 51.3078
3084, 80.65, 51.3244
3085, 80.6709, 51.3411
3086, 80.6933, 51.3578
3087, 80.6933, 51.3578
3088, 80.7095, 51.3744
3089, 80.7283, 51.3911
3090, 80.7538, 51.4078
3091, 80.7538, 51.4078
3092, 80.7816, 51.4244
3093, 80.8019, 51.4411
3094, 80.8221, 51.4578
3095, 80.8221, 51.4578
3096, 80.8435, 51.4744
3097, 80.8576, 51.4911
3098, 80.8576, 51.4911
3099, 80.8701, 51.5078
3100, 80.892, 51.5244
3101, 80.9176, 51.5411
3102, 80.9176, 51.5411
3103, 80.9374, 51.5578
3104, 80.9578, 51.5744
3105, 80.9792, 51.5911
3106, 80.9792, 51.5911
3107, 80.9984, 51.6078
3108, 81.0176, 51.6244
3109, 81.0352, 51.6411
3110, 81.0352, 51.6411
3111, 81.0491, 51.6578
3112, 81.0662, 51.6744
3113, 81.0915, 51.6911
3114, 81.0915, 51.6911
3115, 81.1167, 51.7078
3116, 81.1387, 51.7244
3117, 81.1595, 51.7411
3118, 81.1595, 51.7411
3119, 81.1756, 51.7578
3120, 81.1937, 51.7744
3121, 81.2176, 51.7911
3122, 81.2176, 51.7911
3123, 81.237, 51.8078
3124, 81.2521, 51.8244
3125, 81.2521, 51.8244
3126, 81.2738, 51.8411
3127, 81.2961, 51.8578
3128, 81.3109, 51.8744
3129, 81.3109, 51.8744
3130, 81.3273, 51.8911
3131, 81.3479, 51.9078
3132, 81.3691, 51.9244
3133, 81.3691, 51.9244
3134, 81.3902, 51.9411
3135, 81.4108, 51.9578
3136, 81.4301, 51.9744
3137, 81.4301, 51.9744
3138, 81.4487, 51.9911
3139, 81.4651, 52.0078
3140, 81.4827, 52.0244
3141, 81.4827, 52.0244
3142, 81.5044, 52.0411
3143, 81.5244, 52.0578
3144, 81.542, 52.0744
3145, 81.542, 52.0744
3146, 81.5625, 52.0911
3147, 81.5839, 52.1078
3148, 81.5839, 52.1078
3149, 81.6017, 52.1244
3150, 81.6204, 52.1411
3151, 81.6402, 52.1578
3152, 81.6402, 52.1578
3153, 81.657, 52.1744
3154, 81.674, 52.1911
3155, 81.6967, 52.2078
3156, 81.6967, 52.2078
3157, 81.7231, 52.2244
3158, 81.7468, 52.2411
3159, 81.765, 52.2578
3160, 81.765, 52.2578
3161, 81.782, 52.2744
3162, 81.8027, 52.2911
3163, 81.8027, 52.2911
3164, 81.8225, 52.3078
3165, 81.8429, 52.3244
3166, 81.8595, 52.3411
3167, 81.8595, 52.3411
3168, 81.8753, 52.3578
3169, 81.9003, 52.3744
3170, 81.9314, 52.3911
3171, 81.9314, 52.3911
3172, 81.9564, 52.4078
3173, 81.9712, 52.4244
3174, 81.9863, 52.4411
3175, 81.9863, 52.4411
3176, 82.005, 52.4578
3177, 82.025, 52.4744
3178, 82.025, 52.4744
3179, 82.0492, 52.4911
3180, 82.0714, 52.5078
3181, 82.0899, 52.5244
3182, 82.0899, 52.5244
3183, 82.1131, 52.5411
3184, 82.1415, 52.5578
3185, 82.1644, 52.5744
3186, 82.1644, 52.5744
3187, 82.1832, 52.5911
3188, 82.2025, 52.6078
3189, 82.2214, 52.6244
3190, 82.2214, 52.6244
3191, 82.2391, 52.6411
3192, 82.258, 52.6578
3193, 82.258, 52.6578
3194, 82.2837, 52.6744
3195, 82.3084, 52.6911
3196, 82.3266, 52.7078
3197, 82.3266, 52.7078
3198, 82.347, 52.7244
3199, 82.3713, 52.7411
3200, 82.3928, 52.7578
3201, 82.3928, 52.7578
3202, 82.412, 52.7744
3203, 82.435, 52.7911
3204, 82.435, 52.7911
3205, 82.4602, 52.8078
3206, 82.4825, 52.8244
3207, 82.5021, 52.8411
3208, 82.5021, 52.8411
3209, 82.5213, 52.8578
3210, 82.541, 52.8744
3211, 82.563, 52.8911
3212, 82.563, 52.8911
3213, 82.5855, 52.9078
3214, 82.6082, 52.9244
3215, 82.6082, 52.9244
3216, 82.6343, 52.9411
3217, 82.6597, 52.9578
3218, 82.677, 52.9744
3219, 82.677, 52.9744
3220, 82.6932, 52.9911
3221, 82.7197, 53.0078
3222, 82.7456, 53.0244
3223, 82.7456, 53.0244
3224, 82.7609, 53.0411
3225, 82.7806, 53.0578
3226, 82.7806, 53.0578
3227, 82.8162, 53.0744
3228, 82.8464, 53.0911
3229, 82.8622, 53.1078
3230, 82.8622, 53.1078
3231, 82.8751, 53.1244
3232, 82.889, 53.1411
3233, 82.9097, 53.1578
3234, 82.9097, 53.1578
3235, 82.9412, 53.1744
3236, 82.9677, 53.1911
3237, 82.9677, 53.1911
3238, 82.9861, 53.2078
3239, 83.0056, 53.2244
3240, 83.0271, 53.2411
3241, 83.0271, 53.2411
3242, 83.0454, 53.2578
3243, 83.0697, 53.2744
3244, 83.0697, 53.2744
3245, 83.1007, 53.2911
3246, 83.1302, 53.3078
3247, 83.1549, 53.3244
3248, 83.1549, 53.3244
3249, 83.177, 53.3411
3250, 83.1992, 53.3578
3251, 83.2219, 53.3744
3252, 83.2219, 53.3744
3253, 83.2451, 53.3911
3254, 83.2695, 53.4078
3255, 83.2695, 53.4078
3256, 83.2954, 53.4244
3257, 83.3228, 53.4411
3258, 83.3478, 53.4578
3259, 83.3478, 53.4578
3260, 83.3713, 53.4744
3261, 83.3961, 53.4911
3262, 83.3961, 53.4911
3263, 83.4199, 53.5078
3264, 83.4406, 53.5244
3265, 83.4611, 53.5411
3266, 83.4611, 53.5411
3267, 83.4871, 53.5578
3268, 83.5142, 53.5744
3269, 83.5142, 53.5744
3270, 83.5425, 53.5911
3271, 83.5689, 53.6078
3272, 83.5905, 53.6244
3273, 83.5905, 53.6244
3274, 83.6112, 53.6411
3275, 83.6335, 53.6578
3276, 83.6571, 53.6744
3277, 83.6571, 53.6744
3278, 83.6826, 53.6911
3279, 83.7094, 53.7078
3280, 83.7094, 53.7078
3281, 83.7316, 53.7244
3282, 83.7531, 53.7411
3283, 83.7711, 53.7578
3284, 83.7711, 53.7578
3285, 83.7888, 53.7744
3286, 83.8168, 53.7911
3287, 83.8168, 53.7911
3288, 83.8537, 53.8078
3289, 83.888, 53.8244
3290, 83.9149, 53.8411
3291, 83.9149, 53.8411
3292, 83.9355, 53.8578
3293, 83.9529, 53.8744
3294, 83.9529, 53.8744
3295, 83.9744, 53.8911
3296, 83.9975, 53.9078
3297, 84.017, 53.9244
3298, 84.017, 53.9244
3299, 84.0387, 53.9411
3300, 84.0602, 53.9578
3301, 84.0602, 53.9578
3302, 84.0779, 53.9744
3303, 84.0926, 53.9911
3304, 84.1079, 54.0078
3305, 84.1079, 54.0078
3306, 84.123, 54.0244
3307, 84.1344, 54.0411
3308, 84.1344, 54.0411
3309, 84.1407, 54.0578
3310, 84.1452, 54.0744
3311, 84.1463, 54.0911
3312, 84.1463, 54.0911
3313, 84.1458, 54.1078
3314, 84.1448, 54.1244
3315, 84.1448, 54.1244
3316, 84.1379, 54.1411
3317, 84.1169, 54.1578
3318, 84.0783, 54.1744
3319, 84.0783, 54.1744
3320, 84.0249, 54.1911
3321, 83.955, 54.2078
3322, 83.955, 54.2078
3323, 83.8585, 54.2244
3324, 83.7413, 54.2411
3325, 83.606, 54.2578
3326, 83.606, 54.2578
3327, 83.4235, 54.2744
3328, 83.1501, 54.2911
3329, 82.9602, 54.3078
3330, 82.9602, 54.3078
3331, 82.7591, 54.3244
3332, 82.4625, 54.3411
3333, 82.4625, 54.3411
3334, 82.1817, 54.3578
3335, 81.9091, 54.3744
3336, 81.5695, 54.3911
3337, 81.5695, 54.3911
3338, 81.2239, 54.4078
3339, 80.8781, 54.4244
3340, 80.4892, 54.4411
3341, 80.4892, 54.4411
3342, 80.0865, 54.4578
3343, 79.679, 54.4744
3344, 79.244, 54.4911
3345, 79.244, 54.4911
3346, 78.8082, 54.5078
3347, 78.3735, 54.5244
3348, 77.9312, 54.5411
3349, 77.9312, 54.5411
3350, 77.494, 54.5578
3351, 77.0637, 54.5744
3352, 76.6216, 54.5911
3353, 76.1819, 54.6078
3354, 76.1819, 54.6078
3355, 75.747, 54.6244
3356, 75.3095, 54.6411
3357, 74.864, 54.6578
3358, 74.4223, 54.6744
3359, 74.4223, 54.6744
3360, 73.9837, 54.6911
3361, 73.5426, 54.7078
3362, 73.0981, 54.7244
3363, 72.6578, 54.7411
3364, 72.6578, 54.7411
3365, 72.2173, 54.7578
3366, 71.8134, 54.7744
3367, 71.3873, 54.7911
3368, 70.9563, 54.8078
3369, 70.5512, 54.8244
3370, 70.0726, 54.8411
3371, 70.0726, 54.8411
3372, 69.6105, 54.8578
3373, 69.2157, 54.8744
3374, 68.7853, 54.8911
3375, 68.3312, 54.9078
3376, 67.9082, 54.9244
3377, 67.4905, 54.9411
3378, 67.0559, 54.9578
3379, 67.0559, 54.9578
3380, 66.6317, 54.9744
3381, 66.2223, 54.9911
3382, 65.8045, 55.0078
3383, 65.42, 55.0244
3384, 65.0238, 55.0411
3385, 64.6168, 55.0578
3386, 64.2287, 55.0744
3387, 63.7686, 55.0911
3388, 63.3241, 55.1078
3389, 62.9426, 55.1244
3390, 62.5463, 55.1411
3391, 62.12, 55.1578
3392, 61.7113, 55.1744
3393, 61.3285, 55.1911
3394, 60.9372, 55.2078
3395, 60.5416, 55.2244
3396, 60.5416, 55.2244
3397, 60.1514, 55.2411
3398, 59.7616, 55.2578
3399, 58.9709, 55.2911
3400, 58.6255, 55.3078
3401, 58.2778, 55.3244
3402, 57.926, 55.3411
3403, 57.6065, 55.3578
3404, 57.2534, 55.3744
3405, 56.8606, 55.3911
3406, 56.523, 55.4078
3407, 56.2203, 55.4244
3408, 55.9027, 55.4411
3409, 55.5712, 55.4578
3410, 55.2459, 55.4744
3411, 54.9346, 55.4911
3412, 54.6186, 55.5078
3413, 54.2968, 55.5244
3414, 53.9798, 55.5411
3415, 53.382, 55.5744
3416, 53.0832, 55.5911
3417, 52.7653, 55.6078
3418, 52.4466, 55.6244
3419, 52.154, 55.6411
3420, 51.8706, 55.6578
3421, 51.5809, 55.6744
3422, 50.9635, 55.7078
3423, 50.679, 55.7244
3424, 50.3229, 55.7411
3425, 49.9637, 55.7578
3426, 49.6541, 55.7744
3427, 49.3703, 55.7911
3428, 48.7419, 55.8244
3429, 48.426, 55.8411
3430, 48.1127, 55.8578
3431, 47.8092, 55.8744
3432, 47.1931, 55.9078
3433, 46.8901, 55.9244
3434, 46.5858, 55.9411
3435, 45.9857, 55.9744
3436, 45.691, 55.9911
3437, 45.4022, 56.0078
3438, 45.1231, 56.0244
3439, 44.5815, 56.0578
3440, 44.3259, 56.0744
3441, 44.0939, 56.0911
3442, 43.7113, 56.1244
3443, 43.561, 56.1411
3444, 43.2575, 56.1744
3445, 43.1444, 56.1911
3446, 42.9674, 56.2078
3447, 42.6325, 56.2411
3448, 42.5268, 56.2578
3449, 42.314, 56.2911
3450, 42.1929, 56.3078
3451, 41.9625, 56.3411
3452, 41.8555, 56.3578
3453, 41.7435, 56.3744
3454, 41.5117, 56.4078
3455, 41.3941, 56.4244
3456, 41.1606, 56.4578
3457, 41.0445, 56.4744
3458, 40.8134, 56.5078
3459, 40.6929, 56.5244
3460, 40.4457, 56.5578
3461, 40.3259, 56.5744
3462, 40.0836, 56.6078
3463, 39.9624, 56.6244
3464, 39.7067, 56.6578
3465, 39.5758, 56.6744
3466, 39.3241, 56.7078
3467, 39.2043, 56.7244
3468, 38.9807, 56.7578
3469, 38.8556, 56.7744
3470, 38.6358, 56.8078
3471, 38.5341, 56.8244
3472, 38.3686, 56.8578
3473, 38.3038, 56.8744
3474, 38.1614, 56.9078
3475, 38.0777, 56.9244
3476, 37.9249, 56.9578
3477, 37.8496, 56.9744
3478, 37.702, 57.0078
3479, 37.6216, 57.0244
3480, 37.4649, 57.0578
3481, 37.3861, 57.0744
3482, 37.2111, 57.1078
3483, 37.1271, 57.1244
3484, 36.9715, 57.1578
3485, 36.8957, 57.1744
3486, 36.7407, 57.2078
3487, 36.6745, 57.2244
3488, 36.5557, 57.2578
3489, 36.4931, 57.2744
3490, 36.3355, 57.3078
3491, 36.2167, 57.3411
3492, 36.1713, 57.3578
3493, 36.0905, 57.3911
3494, 36.0196, 57.4078
3495, 35.9465, 57.4411
3496, 35.8717, 57.4744
3497, 35.8376, 57.4911
3498, 35.8683, 57.5244
3499, 35.8816, 57.5578
3500, 35.8427, 57.5744
3501, 35.835, 57.6078
3502, 35.8243, 57.6411
3503, 35.8077, 57.6578
3504, 35.8295, 57.6911
3505, 35.8638, 57.7244
3506, 35.8615, 57.7411
3507, 35.8504, 57.7744
3508, 35.8494, 57.7911
3509, 35.8399, 57.8244
3510, 35.8343, 57.8578
3511, 35.8374, 57.8744
3512, 35.8472, 57.9078
3513, 35.8772, 57.9411
3514, 35.9002, 57.9578
3515, 35.9847, 57.9911
3516, 36.1033, 58.0244
3517, 36.1683, 58.0411
3518, 36.3253, 58.0744
3519, 36.4987, 58.1078
3520, 36.5862, 58.1244
3521, 36.7564, 58.1578
3522, 36.9175, 58.1911
3523, 36.9952, 58.2078
3524, 37.1563, 58.2411
3525, 37.3278, 58.2744
3526, 37.4129, 58.2911
3527, 37.5863, 58.3244
3528, 37.6691, 58.3411
3529, 37.8176, 58.3744
3530, 37.9606, 58.4078
3531, 38.0272, 58.4244
3532, 38.1608, 58.4578
3533, 38.2238, 58.4744
3534, 38.3698, 58.5078
3535, 38.4403, 58.5244
3536, 38.5339, 58.5578
3537, 38.6293, 58.5911
3538, 38.6953, 58.6078
3539, 38.8046, 58.6411
3540, 38.841, 58.6578
3541, 38.9082, 58.6911
3542, 38.9484, 58.7078
3543, 39.0271, 58.7411
3544, 39.06, 58.7578
3545, 39.0894, 58.7911
3546, 39.0883, 58.8078
3547, 39.1241, 58.8411
3548, 39.1682, 58.8578
3549, 39.36, 58.8911
3550, 39.4086, 58.9078
3551, 39.3495, 58.9411
3552, 39.3335, 58.9578
3553, 39.4677, 58.9911
3554, 39.5449, 59.0078
3555, 39.555, 59.0411
3556, 39.5266, 59.0578
3557, 39.4996, 59.0911
3558, 39.4993, 59.1078
3559, 39.4926, 59.1411
3560, 39.4832, 59.1578
3561, 39.501, 59.1911
3562, 39.5365, 59.2078
3563, 39.5252, 59.2411
3564, 39.4864, 59.2578
3565, 39.4813, 59.2911
3566, 39.4877, 59.3078
3567, 39.6113, 59.3411
3568, 39.6228, 59.3578
3569, 39.5261, 59.3911
3570, 39.5561, 59.4078
3571, 39.7773, 59.4411
3572, 39.807, 59.4578
3573, 39.7503, 59.4911
3574, 39.7575, 59.5078
3575, 39.7931, 59.5244
3576, 39.8889, 59.5578
3577, 39.9451, 59.5744
3578, 40.0291, 59.6078
3579, 40.0717, 59.6244
3580, 40.1546, 59.6578
3581, 40.1929, 59.6744
3582, 40.2689, 59.7078
3583, 40.3057, 59.7244
3584, 40.4123, 59.7578
3585, 40.4846, 59.7744
3586, 40.5665, 59.7911
3587, 40.7114, 59.8244
3588, 40.7842, 59.8411
3589, 40.9535, 59.8744
3590, 41.0555, 59.8911
3591, 41.2626, 59.9244
3592, 41.3591, 59.9411
3593, 41.443, 59.9578
3594, 41.6072, 59.9911
3595, 41.6969, 60.0078
3596, 41.8885, 60.0411
3597, 41.98, 60.0578
3598, 42.0631, 60.0744
3599, 42.2283, 60.1078
3600, 42.3169, 60.1244
3601, 42.5043, 60.1578
3602, 42.6003, 60.1744
3603, 42.6962, 60.1911
3604, 42.8829, 60.2244
3605, 42.9789, 60.2411
3606, 43.1709, 60.2744
3607, 43.266, 60.2911
3608, 43.3678, 60.3078
3609, 43.5705, 60.3411
3610, 43.682, 60.3578
3611, 43.793, 60.3744
3612, 44.0121, 60.4078
3613, 44.013, 60.4244
3614, 44.28, 60.4578
3615, 44.3979, 60.4744
3616, 44.4757, 60.4911
3617, 44.7046, 60.5244
3618, 44.7904, 60.5411
3619, 44.8713, 60.5578
3620, 45.0579, 60.5911
3621, 45.1584, 60.6078
3622, 45.2593, 60.6244
3623, 45.4616, 60.6578
3624, 45.5556, 60.6744
3625, 45.6461, 60.6911
3626, 45.825, 60.7244
3627, 45.9173, 60.7411
3628, 46.0061, 60.7578
3629, 46.0936, 60.7744
3630, 46.2751, 60.8078
3631, 46.3748, 60.8244
3632, 46.476, 60.8411
3633, 46.6579, 60.8744
3634, 46.7379, 60.8911
3635, 46.8066, 60.9078
3636, 46.9658, 60.9411
3637, 47.0669, 60.9578
3638, 47.1737, 60.9744
3639, 47.2753, 60.9911
3640, 47.4653, 61.0244
3641, 47.5585, 61.0411
3642, 47.6495, 61.0578
3643, 47.7365, 61.0744
3644, 47.8527, 61.1078
3645, 47.902, 61.1244
3646, 47.9702, 61.1411
3647, 48.0743, 61.1578
3648, 48.3378, 61.1911
3649, 48.4558, 61.2078
3650, 48.5508, 61.2244
3651, 48.6307, 61.2411
3652, 48.8018, 61.2744
3653, 48.8881, 61.2911
3654, 48.9698, 61.3078
3655, 49.052, 61.3244
3656, 49.2377, 61.3578
3657, 49.3328, 61.3744
3658, 49.4202, 61.3911
3659, 49.4941, 61.4078
3660, 49.5576, 61.4244
3661, 49.6751, 61.4578
3662, 49.7266, 61.4744
3663, 49.7884, 61.4911
3664, 49.8664, 61.5078
3665, 49.9538, 61.5244
3666, 50.1612, 61.5578
3667, 50.2605, 61.5744
3668, 50.3442, 61.5911
3669, 50.4091, 61.6078
3670, 50.4653, 61.6244
3671, 50.5948, 61.6578
3672, 50.6795, 61.6744
3673, 50.7795, 61.6911
3674, 50.8828, 61.7078
3675, 50.904, 61.7244
3676, 51.148, 61.7578
3677, 51.1741, 61.7744
3678, 51.168, 61.7911
3679, 51.1796, 61.8078
3680, 51.2207, 61.8244
3681, 51.2694, 61.8411
3682, 51.4872, 61.8744
3683, 51.6792, 61.8911
3684, 51.8886, 61.9078
3685, 52.0235, 61.9244
3686, 52.077, 61.9411
3687, 52.1315, 61.9578
3688, 52.1948, 61.9744
3689, 52.3476, 62.0078
3690, 52.445, 62.0244
3691, 52.5492, 62.0411
3692, 52.6564, 62.0578
3693, 52.76, 62.0744
3694, 52.8574, 62.0911
3695, 52.9501, 62.1078
3696, 53.1293, 62.1411
3697, 53.2161, 62.1578
3698, 53.3065, 62.1744
3699, 53.3969, 62.1911
3700, 53.4804, 62.2078
3701, 53.5608, 62.2244
3702, 53.6507, 62.2411
3703, 53.7554, 62.2578
3704, 53.9597, 62.2911
3705, 54.0413, 62.3078
3706, 54.1198, 62.3244
3707, 54.2004, 62.3411
3708, 54.2916, 62.3578
3709, 54.3885, 62.3744
3710, 54.4757, 62.3911
3711, 54.5409, 62.4078
3712, 54.6071, 62.4244
3713, 54.7076, 62.4411
3714, 54.9821, 62.4744
3715, 55.0816, 62.4911
3716, 55.1475, 62.5078
3717, 55.2066, 62.5244
3718, 55.2705, 62.5411
3719, 55.3584, 62.5578
3720, 55.4731, 62.5744
3721, 55.6048, 62.5911
3722, 55.7209, 62.6078
3723, 55.7919, 62.6244
3724, 55.7763, 62.6411
3725, 55.7523, 62.6578
3726, 55.8207, 62.6744
3727, 56.0017, 62.6911
3728, 56.3406, 62.7244
3729, 56.3688, 62.7411
3730, 56.3909, 62.7578
3731, 56.424, 62.7744
3732, 56.4943, 62.7911
3733, 56.5937, 62.8078
3734, 56.7272, 62.8244
3735, 56.862, 62.8411
3736, 56.9708, 62.8578
3737, 57.0646, 62.8744
3738, 57.1552, 62.8911
3739, 57.2482, 62.9078
3740, 57.345, 62.9244
3741, 57.442, 62.9411
3742, 57.5353, 62.9578
3743, 57.6276, 62.9744
3744, 57.7237, 62.9911
3745, 57.8161, 63.0078
3746, 57.9099, 63.0244
3747, 58.0026, 63.0411
3748, 58.1003, 63.0578
3749, 58.2972, 63.0911
3750, 58.3938, 63.1078
3751, 58.4922, 63.1244
3752, 58.584, 63.1411
3753, 58.6605, 63.1578
3754, 58.7264, 63.1744
3755, 58.8022, 63.1911
3756, 58.8869, 63.2078
3757, 58.9703, 63.2244
3758, 59.0526, 63.2411
3759, 59.1382, 63.2578
3760, 59.2226, 63.2744
3761, 59.3102, 63.2911
3762, 59.4026, 63.3078
3763, 59.5, 63.3244
3764, 59.5999, 63.3411
3765, 59.6976, 63.3578
3766, 59.7908, 63.3744
3767, 59.8815, 63.3911
3768, 59.969, 63.4078
3769, 60.0535, 63.4244
3770, 60.1339, 63.4411
3771, 60.2196, 63.4578
3772, 60.243, 63.4744
3773, 60.3734, 63.4911
3774, 60.5098, 63.5078
3775, 60.5374, 63.5244
3776, 60.6288, 63.5411
3777, 60.7636, 63.5578
3778, 60.8544, 63.5744
3779, 60.9313, 63.5911
3780, 61.0293, 63.6078
3781, 61.1307, 63.6244
3782, 61.2176, 63.6411
3783, 61.3015, 63.6578
3784, 61.3889, 63.6744
3785, 61.4715, 63.6911
3786, 61.5566, 63.7078
3787, 61.6581, 63.7244
3788, 61.77, 63.7411
3789, 61.8708, 63.7578
3790, 61.9539, 63.7744
3791, 62.0293, 63.7911
3792, 62.0962, 63.8078
3793, 62.1666, 63.8244
3794, 62.2539, 63.8411
3795, 62.3576, 63.8578
3796, 62.4508, 63.8744
3797, 62.5365, 63.8911
3798, 62.6156, 63.9078
3799, 62.7059, 63.9244
3800, 62.7837, 63.9411
3801, 62.8672, 63.9578
3802, 62.9467, 63.9744
3803, 63.038, 63.9911
3804, 63.1101, 64.0078
3805, 63.1914, 64.0244
3806, 63.2366, 64.0411
3807, 63.3164, 64.0578
3808, 63.3935, 64.0744
3809, 63.3935, 64.0744
3810, 63.5094, 64.0911
3811, 63.6077, 64.1078
3812, 63.6911, 64.1244
3813, 63.7517, 64.1411
3814, 63.8167, 64.1578
3815, 63.8885, 64.1744
3816, 63.9705, 64.1911
3817, 64.0443, 64.2078
3818, 64.1189, 64.2244
3819, 64.1964, 64.2411
3820, 64.2757, 64.2578
3821, 64.3457, 64.2744
3822, 64.4198, 64.2911
3823, 64.508, 64.3078
3824, 64.6055, 64.3244
3825, 64.6952, 64.3411
3826, 64.7605, 64.3578
3827, 64.8306, 64.3744
3828, 64.8306, 64.3744
3829, 64.9078, 64.3911
3830, 64.997, 64.4078
3831, 65.0659, 64.4244
3832, 65.1101, 64.4411
3833, 65.1605, 64.4578
3834, 65.2274, 64.4744
3835, 65.3027, 64.4911
3836, 65.3825, 64.5078
3837, 65.4628, 64.5244
3838, 65.5343, 64.5411
3839, 65.5961, 64.5578
3840, 65.6561, 64.5744
3841, 65.7243, 64.5911
3842, 65.7243, 64.5911
3843, 65.8055, 64.6078
3844, 65.8916, 64.6244
3845, 65.9684, 64.6411
3846, 66.033, 64.6578
3847, 66.0888, 64.6744
3848, 66.1435, 64.6911
3849, 66.2161, 64.7078
3850, 66.3054, 64.7244
3851, 66.3819, 64.7411
3852, 66.4376, 64.7578
3853, 66.4933, 64.7744
3854, 66.4933, 64.7744
3855, 66.5588, 64.7911
3856, 66.6255, 64.8078
3857, 66.685, 64.8244
3858, 66.746, 64.8411
3859, 66.8111, 64.8578
3860, 66.8748, 64.8744
3861, 66.9336, 64.8911
3862, 66.9874, 64.9078
3863, 67.0359, 64.9244
3864, 67.0359, 64.9244
3865, 67.0901, 64.9411
3866, 67.1579, 64.9578
3867, 67.2344, 64.9744
3868, 67.2976, 64.9911
3869, 67.3439, 65.0078
3870, 67.388, 65.0244
3871, 67.4376, 65.0411
3872, 67.5019, 65.0578
3873, 67.5647, 65.0744
3874, 67.5647, 65.0744
3875, 67.6247, 65.0911
3876, 67.6737, 65.1078
3877, 67.7257, 65.1244
3878, 67.7893, 65.1411
3879, 67.8484, 65.1578
3880, 67.8998, 65.1744
3881, 67.9471, 65.1911
3882, 67.9987, 65.2078
3883, 67.9987, 65.2078
3884, 68.0513, 65.2244
3885, 68.1014, 65.2411
3886, 68.1527, 65.2578
3887, 68.2097, 65.2744
3888, 68.2662, 65.2911
3889, 68.3209, 65.3078
3890, 68.3747, 65.3244
3891, 68.3747, 65.3244
3892, 68.4268, 65.3411
3893, 68.4733, 65.3578
3894, 68.5202, 65.3744
3895, 68.5658, 65.3911
3896, 68.6109, 65.4078
3897, 68.6517, 65.4244
3898, 68.6894, 65.4411
3899, 68.6894, 65.4411
3900, 68.7218, 65.4578
3901, 68.7482, 65.4744
3902, 68.7738, 65.4911
3903, 68.8013, 65.5078
3904, 68.832, 65.5244
3905, 68.8643, 65.5411
3906, 68.8902, 65.5578
3907, 68.8902, 65.5578
3908, 68.9132, 65.5744
3909, 68.9343, 65.5911
3910, 68.9571, 65.6078
3911, 68.9803, 65.6244
3912, 68.9994, 65.6411
3913, 69.0146, 65.6578
3914, 69.0311, 65.6744
3915, 69.0311, 65.6744
3916, 69.0464, 65.6911
3917, 69.0569, 65.7078
3918, 69.065, 65.7244
3919, 69.0191, 65.7411
3920, 69.1219, 65.7578
3921, 69.1548, 65.7744
3922, 69.112, 65.7911
3923, 69.112, 65.7911
3924, 69.1729, 65.8078
3925, 69.2286, 65.8244
3926, 69.2272, 65.8411
3927, 69.2589, 65.8578
3928, 69.309, 65.8744
3929, 69.333, 65.8911
3930, 69.333, 65.8911
3931, 69.3647, 65.9078
3932, 69.4135, 65.9244
3933, 69.4454, 65.9411
3934, 69.4713, 65.9578
3935, 69.5073, 65.9744
3936, 69.5502, 65.9911
3937, 69.589, 66.0078
3938, 69.589, 66.0078
3939, 69.6287, 66.0244
3940, 69.6652, 66.0411
3941, 69.7011, 66.0578
3942, 69.7346, 66.0744
3943, 69.7686, 66.0911
3944, 69.8037, 66.1078
3945, 69.8037, 66.1078
3946, 69.8424, 66.1244
3947, 69.885, 66.1411
3948, 69.9259, 66.1578
3949, 69.9611, 66.1744
3950, 69.9954, 66.1911
3951, 70.031, 66.2078
3952, 70.031, 66.2078
3953, 70.0685, 66.2244
3954, 70.1069, 66.2411
3955, 70.1448, 66.2578
3956, 70.1809, 66.2744
3957, 70.2169, 66.2911
3958, 70.2544, 66.3078
3959, 70.2544, 66.3078
3960, 70.2952, 66.3244
3961, 70.3325, 66.3411
3962, 70.368, 66.3578
3963, 70.4132, 66.3744
3964, 70.4575, 66.3911
3965, 70.4575, 66.3911
3966, 70.4987, 66.4078
3967, 70.529, 66.4244
3968, 70.579, 66.4411
3969, 70.6327, 66.4578
3970, 70.6713, 66.4744
3971, 70.6809, 66.4911
3972, 70.6809, 66.4911
3973, 70.7004, 66.5078
3974, 70.7606, 66.5244
3975, 70.8326, 66.5411
3976, 70.8817, 66.5578
3977, 70.9057, 66.5744
3978, 70.9057, 66.5744
3979, 70.9375, 66.5911
3980, 70.981, 66.6078
3981, 71.0205, 66.6244
3982, 71.0554, 66.6411
3983, 71.1016, 66.6578
3984, 71.1016, 66.6578
3985, 71.143, 66.6744
3986, 71.1762, 66.6911
3987, 71.2134, 66.7078
3988, 71.2687, 66.7244
3989, 71.319, 66.7411
3990, 71.319, 66.7411
3991, 71.3566, 66.7578
3992, 71.3929, 66.7744
3993, 71.4338, 66.7911
3994, 71.472, 66.8078
3995, 71.5098, 66.8244
3996, 71.5098, 66.8244
3997, 71.5515, 66.8411
3998, 71.5899, 66.8578
3999, 71.6281, 66.8744
4000, 71.6689, 66.8911
4001, 71.7111, 66.9078
4002, 71.7111, 66.9078
4003, 71.7529, 66.9244
4004, 71.7979, 66.9411
4005, 71.8425, 66.9578
4006, 71.8864, 66.9744
4007, 71.9278, 66.9911
4008, 71.9278, 66.9911
4009, 71.9695, 67.0078
4010, 72.0108, 67.0244
4011, 72.0541, 67.0411
4012, 72.0972, 67.0578
4013, 72.0972, 67.0578
4014, 72.1436, 67.0744
4015, 72.1877, 67.0911
4016, 72.2257, 67.1078
4017, 72.2648, 67.1244
4018, 72.3092, 67.1411
4019, 72.3092, 67.1411
4020, 72.3581, 67.1578
4021, 72.4045, 67.1744
4022, 72.4461, 67.1911
4023, 72.4879, 67.2078
4024, 72.5341, 67.2244
4025, 72.5341, 67.2244
4026, 72.5796, 67.2411
4027, 72.6185, 67.2578
4028, 72.6499, 67.2744
4029, 72.6803, 67.2911
4030, 72.6803, 67.2911
4031, 72.7281, 67.3078
4032, 72.7882, 67.3244
4033, 72.8422, 67.3411
4034, 72.8913, 67.3578
4035, 72.9378, 67.3744
4036, 72.9378, 67.3744
4037, 72.9797, 67.3911
4038, 73.015, 67.4078
4039, 73.0523, 67.4244
4040, 73.0947, 67.4411
4041, 73.0947, 67.4411
4042, 73.1383, 67.4578
4043, 73.1829, 67.4744
4044, 73.2272, 67.4911
4045, 73.2686, 67.5078
4046, 73.3099, 67.5244
4047, 73.3099, 67.5244
4048, 73.3541, 67.5411
4049, 73.4006, 67.5578
4050, 73.4448, 67.5744
4051, 73.4859, 67.5911
4052, 73.4859, 67.5911
4053, 73.5285, 67.6078
4054, 73.5715, 67.6244
4055, 73.6122, 67.6411
4056, 73.6535, 67.6578
4057, 73.6535, 67.6578
4058, 73.6535, 67.6578
4059, 73.6535, 67.6578
