0, 64.9905, 77.9208
1, 65.0302, 77.9374
2, 65.068, 77.9541
3, 65.0987, 77.9708
4, 65.1286, 77.9874
5, 65.1664, 78.0041
6, 65.2049, 78.0208
7, 65.2411, 78.0374
8, 65.2745, 78.0541
9, 65.3067, 78.0708
10, 65.3399, 0.1848
11, 65.3399, 0.1848
12, 65.3753, 0.2015
13, 65.4123, 0.2182
14, 65.4484, 0.2348
15, 65.4836, 0.2515
16, 65.5208, 0.2682
17, 65.5557, 0.2848
18, 65.5875, 0.3015
19, 65.6186, 0.3182
20, 65.6525, 0.3348
21, 65.6893, 0.3515
22, 65.7231, 0.3682
23, 65.7231, 0.3682
24, 65.7601, 0.3848
25, 65.7992, 0.4015
26, 65.8356, 0.4182
27, 65.8706, 0.4348
28, 65.907, 0.4515
29, 65.9435, 0.4682
30, 65.9753, 0.4848
31, 66.0032, 0.5015
32, 66.0322, 0.5182
33, 66.0658, 0.5348
34, 66.0658, 0.5348
35, 66.1022, 0.5515
36, 66.1396, 0.5682
37, 66.178, 0.5848
38, 66.217, 0.6015
39, 66.2524, 0.6182
40, 66.2837, 0.6348
41, 66.3143, 0.6515
42, 66.3475, 0.6682
43, 66.3785, 0.6848
44, 66.408, 0.7015
45, 66.408, 0.7015
46, 66.4397, 0.7182
47, 66.4767, 0.7348
48, 66.5162, 0.7515
49, 66.5525, 0.7682
50, 66.5861, 0.7848
51, 66.6178, 0.8015
52, 66.6488, 0.8182
53, 66.6803, 0.8348
54, 66.7113, 0.8515
55, 66.7113, 0.8515
56, 66.7416, 0.8682
57, 66.7737, 0.8848
58, 66.8075, 0.9015
59, 66.8425, 0.9182
60, 66.8773, 0.9348
61, 66.9102, 0.9515
62, 66.9417, 0.9682
63, 66.9713, 0.9848
64, 67.0022, 1.0015
65, 67.0022, 1.0015
66, 67.0337, 1.0182
67, 67.0642, 1.0348
68, 67.094, 1.0515
69, 67.1286, 1.0682
70, 67.164, 1.0848
71, 67.1968, 1.1015
72, 67.2258, 1.1182
73, 67.2557, 1.1348
74, 67.2557, 1.1348
75, 67.2876, 1.1515
76, 67.319, 1.1682
77, 67.3496, 1.1848
78, 67.3818, 1.2015
79, 67.4157, 1.2182
80, 67.4459, 1.2348
81, 67.4738, 1.2515
82, 67.5027, 1.2682
83, 67.5027, 1.2682
84, 67.5341, 1.2848
85, 67.5652, 1.3015
86, 67.5954, 1.3182
87, 67.6272, 1.3348
88, 67.6598, 1.3515
89, 67.6923, 1.3682
90, 67.7239, 1.3848
91, 67.7542, 1.4015
92, 67.7542, 1.4015
93, 67.7832, 1.4182
94, 67.8127, 1.4348
95, 67.8434, 1.4515
96, 67.8743, 1.4682
97, 67.9044, 1.4848
98, 67.9353, 1.5015
99, 67.9657, 1.5182
100, 67.9953, 1.5348
101, 67.9953, 1.5348
102, 68.0237, 1.5515
103, 68.053, 1.5682
104, 68.083, 1.5848
105, 68.1114, 1.6015
106, 68.1389, 1.6182
107, 68.168, 1.6348
108, 68.1988, 1.6515
109, 68.1988, 1.6515
110, 68.2298, 1.6682
111, 68.2587, 1.6848
112, 68.2855, 1.7015
113, 68.3131, 1.7182
114, 68.345, 1.7348
115, 68.377, 1.7515
116, 68.4048, 1.7682
117, 68.4048, 1.7682
118, 68.4266, 1.7848
119, 68.4564, 1.8015
120, 68.4865, 1.8182
121, 68.5146, 1.8348
122, 68.5396, 1.8515
123, 68.5671, 1.8682
124, 68.5977, 1.8848
125, 68.5977, 1.8848
126, 68.6313, 1.9015
127, 68.6655, 1.9182
128, 68.6951, 1.9348
129, 68.7194, 1.9515
130, 68.7407, 1.9682
131, 68.7624, 1.9848
132, 68.7927, 2.0015
133, 68.7927, 2.0015
134, 68.8267, 2.0182
135, 68.8593, 2.0348
136, 68.8857, 2.0515
137, 68.9098, 2.0682
138, 68.9375, 2.0848
139, 68.9663, 2.1015
140, 68.9913, 2.1182
141, 68.9913, 2.1182
142, 69.0152, 2.1348
143, 69.0442, 2.1515
144, 69.0741, 2.1682
145, 69.0998, 2.1848
146, 69.1243, 2.2015
147, 69.1527, 2.2182
148, 69.1811, 2.2348
149, 69.1811, 2.2348
150, 69.2061, 2.2515
151, 69.2303, 2.2682
152, 69.2563, 2.2848
153, 69.2827, 2.3015
154, 69.3091, 2.3182
155, 69.3357, 2.3348
156, 69.3357, 2.3348
157, 69.362, 2.3515
158, 69.3865, 2.3682
159, 69.412, 2.3848
160, 69.4407, 2.4015
161, 69.469, 2.4182
162, 69.4946, 2.4348
163, 69.5194, 2.4515
164, 69.5194, 2.4515
165, 69.546, 2.4682
166, 69.5731, 2.4848
167, 69.5998, 2.5015
168, 69.6263, 2.5182
169, 69.6533, 2.5348
170, 69.6792, 2.5515
171, 69.6792, 2.5515
172, 69.7042, 2.5682
173, 69.7299, 2.5848
174, 69.7564, 2.6015
175, 69.7821, 2.6182
176, 69.8073, 2.6348
177, 69.8335, 2.6515
178, 69.8335, 2.6515
179, 69.8595, 2.6682
180, 69.8861, 2.6848
181, 69.9132, 2.7015
182, 69.939, 2.7182
183, 69.9632, 2.7348
184, 69.9872, 2.7515
185, 69.9872, 2.7515
186, 70.014, 2.7682
187, 70.0409, 2.7848
188, 70.0671, 2.8015
189, 70.0909, 2.8182
190, 70.1136, 2.8348
191, 70.1379, 2.8515
192, 70.1379, 2.8515
193, 70.1626, 2.8682
194, 70.1863, 2.8848
195, 70.2109, 2.9015
196, 70.2369, 2.9182
197, 70.2632, 2.9348
198, 70.2872, 2.9515
199, 70.2872, 2.9515
200, 70.3086, 2.9682
201, 70.3318, 2.9848
202, 70.3574, 3.0015
203, 70.3818, 3.0182
204, 70.4052, 3.0348
205, 70.4293, 3.0515
206, 70.4293, 3.0515
207, 70.4537, 3.0682
208, 70.4771, 3.0848
209, 70.5002, 3.1015
210, 70.524, 3.1182
211, 70.5483, 3.1348
212, 70.5483, 3.1348
213, 70.572, 3.1515
214, 70.5966, 3.1682
215, 70.6215, 3.1848
216, 70.6465, 3.2015
217, 70.6277, 3.2182
218, 70.5689, 3.2348
219, 70.5689, 3.2348
220, 70.6082, 3.2515
221, 70.6283, 3.2682
222, 70.6432, 3.2848
223, 70.6679, 3.3015
224, 70.6877, 3.3182
225, 70.7037, 3.3348
226, 70.7037, 3.3348
227, 70.7203, 3.3515
228, 70.7385, 3.3682
229, 70.7577, 3.3848
230, 70.7774, 3.4015
231, 70.7976, 3.4182
232, 70.7976, 3.4182
233, 70.8167, 3.4348
234, 70.835, 3.4515
235, 70.8546, 3.4682
236, 70.8741, 3.4848
237, 70.8911, 3.5015
238, 70.9103, 3.5182
239, 70.9103, 3.5182
240, 70.9291, 3.5348
241, 70.9464, 3.5515
242, 70.9646, 3.5682
243, 70.9847, 3.5848
244, 71.0041, 3.6015
245, 71.0041, 3.6015
246, 71.0214, 3.6182
247, 71.0398, 3.6348
248, 71.0594, 3.6515
249, 71.0782, 3.6682
250, 71.0969, 3.6848
251, 71.1171, 3.7015
252, 71.1171, 3.7015
253, 71.1362, 3.7182
254, 71.1537, 3.7348
255, 71.1709, 3.7515
256, 71.1883, 3.7682
257, 71.2061, 3.7848
258, 71.2061, 3.7848
259, 71.2238, 3.8015
260, 71.2427, 3.8182
261, 71.2614, 3.8348
262, 71.2785, 3.8515
263, 71.2964, 3.8682
264, 71.315, 3.8848
265, 71.315, 3.8848
266, 71.3314, 3.9015
267, 71.3453, 3.9182
268, 71.3554, 3.9348
269, 71.3641, 3.9515
270, 71.3716, 3.9682
271, 71.3716, 3.9682
272, 71.3738, 3.9848
273, 71.3742, 4.0015
274, 71.371, 4.0182
275, 71.3689, 4.0348
276, 71.3642, 4.0515
277, 71.3642, 4.0515
278, 71.3577, 4.0682
279, 71.3483, 4.0848
280, 71.3367, 4.1015
281, 71.3225, 4.1182
282, 71.3065, 4.1348
283, 71.2892, 4.1515
284, 71.2892, 4.1515
285, 71.2704, 4.1682
286, 71.2445, 4.1848
287, 71.2153, 4.2015
288, 71.1874, 4.2182
289, 71.1553, 4.2348
290, 71.1553, 4.2348
291, 71.1121, 4.2515
292, 71.0552, 4.2682
293, 70.985, 4.2848
294, 70.8928, 4.3015
295, 70.7803, 4.3182
296, 70.6563, 4.3348
297, 70.6563, 4.3348
298, 70.5323, 4.3515
299, 70.4063, 4.3682
300, 70.2363, 4.3848
301, 70.0656, 4.4015
302, 69.9254, 4.4182
303, 69.7677, 4.4348
304, 69.7677, 4.4348
305, 69.6077, 4.4515
306, 69.445, 4.4682
307, 69.2701, 4.4848
308, 69.0932, 4.5015
309, 68.9167, 4.5182
310, 68.7448, 4.5348
311, 68.7448, 4.5348
312, 68.5724, 4.5515
313, 68.405, 4.5682
314, 68.2364, 4.5848
315, 68.0641, 4.6015
316, 67.8857, 4.6182
317, 67.6761, 4.6348
318, 67.4629, 4.6515
319, 67.2662, 4.6682
320, 67.2662, 4.6682
321, 67.0628, 4.6848
322, 66.8612, 4.7015
323, 66.6597, 4.7182
324, 66.4585, 4.7348
325, 66.2626, 4.7515
326, 66.0722, 4.7682
327, 65.8904, 4.7848
328, 65.7043, 4.8015
329, 65.5143, 4.8182
330, 65.3258, 4.8348
331, 65.3258, 4.8348
332, 65.1338, 4.8515
333, 64.9376, 4.8682
334, 64.742, 4.8848
335, 64.5565, 4.9015
336, 64.3796, 4.9182
337, 64.2094, 4.9348
338, 64.0451, 4.9515
339, 63.892, 4.9682
340, 63.7429, 4.9848
341, 63.5979, 5.0015
342, 63.4719, 5.0182
343, 63.3529, 5.0348
344, 63.2325, 5.0515
345, 63.1064, 5.0682
346, 62.9402, 5.0848
347, 62.7878, 5.1015
348, 62.7878, 5.1015
349, 62.6581, 5.1182
350, 62.5241, 5.1348
351, 62.3811, 5.1515
352, 62.2364, 5.1682
353, 62.0963, 5.1848
354, 61.9589, 5.2015
355, 61.8231, 5.2182
356, 61.6861, 5.2348
357, 61.5519, 5.2515
358, 61.4189, 5.2682
359, 61.2887, 5.2848
360, 61.1573, 5.3015
361, 61.0247, 5.3182
362, 60.8946, 5.3348
363, 60.7674, 5.3515
364, 60.6424, 5.3682
365, 60.5218, 5.3848
366, 60.4094, 5.4015
367, 60.3064, 5.4182
368, 60.2089, 5.4348
369, 60.1149, 5.4515
370, 60.0259, 5.4682
371, 59.9432, 5.4848
372, 59.8658, 5.5015
373, 59.7941, 5.5182
374, 59.7269, 5.5348
375, 59.6623, 5.5515
376, 59.5989, 5.5682
377, 59.5341, 5.5848
378, 59.4687, 5.6015
379, 59.4038, 5.6182
380, 59.3385, 5.6348
381, 59.2724, 5.6515
382, 59.2067, 5.6682
383, 59.1405, 5.6848
384, 59.0755, 5.7015
385, 59.0106, 5.7182
386, 58.9461, 5.7348
387, 58.8821, 5.7515
388, 58.8204, 5.7682
389, 58.7576, 5.7848
390, 58.6946, 5.8015
391, 58.6312, 5.8182
392, 58.5691, 5.8348
393, 58.5055, 5.8515
394, 58.4415, 5.8682
395, 58.3774, 5.8848
396, 58.3147, 5.9015
397, 58.2533, 5.9182
398, 58.1308, 5.9515
399, 58.0709, 5.9682
400, 58.0113, 5.9848
401, 57.9519, 6.0015
402, 57.8918, 6.0182
403, 57.8308, 6.0348
404, 57.7689, 6.0515
405, 57.7061, 6.0682
406, 57.642, 6.0848
407, 57.5782, 6.1015
408, 57.5145, 6.1182
409, 57.4505, 6.1348
410, 57.3856, 6.1515
411, 57.3209, 6.1682
412, 57.258, 6.1848
413, 57.1961, 6.2015
414, 57.134, 6.2182
415, 57.072, 6.2348
416, 57.0115, 6.2515
417, 56.9528, 6.2682
418, 56.8932, 6.2848
419, 56.8295, 6.3015
420, 56.7646, 6.3182
421, 56.7075, 6.3348
422, 56.6412, 6.3515
423, 56.5065, 6.3848
424, 56.4377, 6.4015
425, 56.3687, 6.4182
426, 56.2978, 6.4348
427, 56.2259, 6.4515
428, 56.155, 6.4682
429, 56.0804, 6.4848
430, 56.0054, 6.5015
431, 55.9298, 6.5182
432, 55.8576, 6.5348
433, 55.7845, 6.5515
434, 55.7106, 6.5682
435, 55.6364, 6.5848
436, 55.5698, 6.6015
437, 55.5065, 6.6182
438, 55.4432, 6.6348
439, 55.4498, 6.6682
440, 55.435, 6.6848
441, 55.4131, 6.7015
442, 55.4031, 6.7182
443, 55.3947, 6.7348
444, 55.385, 6.7515
445, 55.3788, 6.7682
446, 55.3773, 6.7848
447, 55.3762, 6.8015
448, 55.3719, 6.8182
449, 55.37, 6.8348
450, 55.3677, 6.8515
451, 55.3696, 6.8682
452, 55.3737, 6.8848
453, 55.3941, 6.9182
454, 55.4076, 6.9348
455, 55.4216, 6.9515
456, 55.4383, 6.9682
457, 55.4504, 6.9848
458, 55.4604, 7.0015
459, 55.4726, 7.0182
460, 55.4896, 7.0348
461, 55.5104, 7.0515
462, 55.5311, 7.0682
463, 55.5528, 7.0848
464, 55.5754, 7.1015
465, 55.5976, 7.1182
466, 55.6206, 7.1348
467, 55.6427, 7.1515
468, 55.6901, 7.1848
469, 55.7172, 7.2015
470, 55.7488, 7.2182
471, 55.7758, 7.2348
472, 55.799, 7.2515
473, 55.8205, 7.2682
474, 55.8472, 7.2848
475, 55.8777, 7.3015
476, 55.9059, 7.3182
477, 55.9351, 7.3348
478, 55.968, 7.3515
479, 56.005, 7.3682
480, 56.0368, 7.3848
481, 56.0606, 7.4015
482, 56.0787, 7.4182
483, 56.1026, 7.4348
484, 56.1704, 7.4682
485, 56.198, 7.4848
486, 56.2194, 7.5015
487, 56.241, 7.5182
488, 56.2612, 7.5348
489, 56.2805, 7.5515
490, 56.2991, 7.5682
491, 56.3203, 7.5848
492, 56.3431, 7.6015
493, 56.3647, 7.6182
494, 56.3845, 7.6348
495, 56.4043, 7.6515
496, 56.4243, 7.6682
497, 56.4459, 7.6848
498, 56.4683, 7.7015
499, 56.4915, 7.7182
500, 56.5137, 7.7348
501, 56.5343, 7.7515
502, 56.5809, 7.7848
503, 56.6079, 7.8015
504, 56.6325, 7.8182
505, 56.6556, 7.8348
506, 56.6781, 7.8515
507, 56.7004, 7.8682
508, 56.7218, 7.8848
509, 56.7454, 7.9015
510, 56.7715, 7.9182
511, 56.7966, 7.9348
512, 56.8188, 7.9515
513, 56.8372, 7.9682
514, 56.8563, 7.9848
515, 56.8758, 8.0015
516, 56.8964, 8.0182
517, 56.9166, 8.0348
518, 56.9407, 8.0515
519, 56.9616, 8.0682
520, 56.9838, 8.0848
521, 57.0013, 8.1015
522, 57.0407, 8.1348
523, 57.0625, 8.1515
524, 57.0837, 8.1682
525, 57.1072, 8.1848
526, 57.1299, 8.2015
527, 57.1486, 8.2182
528, 57.1644, 8.2348
529, 57.1812, 8.2515
530, 57.1993, 8.2682
531, 57.2168, 8.2848
532, 57.2297, 8.3015
533, 57.2421, 8.3182
534, 57.257, 8.3348
535, 57.2746, 8.3515
536, 57.291, 8.3682
537, 57.3072, 8.3848
538, 57.3228, 8.4015
539, 57.3404, 8.4182
540, 57.3574, 8.4348
541, 57.3747, 8.4515
542, 57.3942, 8.4682
543, 57.415, 8.4848
544, 57.4361, 8.5015
545, 57.4556, 8.5182
546, 57.4753, 8.5348
547, 57.5214, 8.5682
548, 57.5442, 8.5848
549, 57.5625, 8.6015
550, 57.5815, 8.6182
551, 57.6031, 8.6348
552, 57.629, 8.6515
553, 57.653, 8.6682
554, 57.6764, 8.6848
555, 57.6981, 8.7015
556, 57.7196, 8.7182
557, 57.7397, 8.7348
558, 57.7604, 8.7515
559, 57.7842, 8.7682
560, 57.8085, 8.7848
561, 57.8314, 8.8015
562, 57.847, 8.8182
563, 57.8618, 8.8348
564, 57.8797, 8.8515
565, 57.9002, 8.8682
566, 57.9204, 8.8848
567, 57.9392, 8.9015
568, 57.958, 8.9182
569, 57.9766, 8.9348
570, 57.9944, 8.9515
571, 58.0121, 8.9682
572, 58.0289, 8.9848
573, 58.0466, 9.0015
574, 58.0651, 9.0182
575, 58.0854, 9.0348
576, 58.106, 9.0515
577, 58.1249, 9.0682
578, 58.1429, 9.0848
579, 58.161, 9.1015
580, 58.182, 9.1182
581, 58.2037, 9.1348
582, 58.2391, 9.1682
583, 58.2553, 9.1848
584, 58.273, 9.2015
585, 58.2929, 9.2182
586, 58.3116, 9.2348
587, 58.3302, 9.2515
588, 58.3467, 9.2682
589, 58.3625, 9.2848
590, 58.3799, 9.3015
591, 58.3995, 9.3182
592, 58.4215, 9.3348
593, 58.4424, 9.3515
594, 58.4623, 9.3682
595, 58.4819, 9.3848
596, 58.5021, 9.4015
597, 58.5239, 9.4182
598, 58.5466, 9.4348
599, 58.5705, 9.4515
600, 58.5944, 9.4682
601, 58.6161, 9.4848
602, 58.6358, 9.5015
603, 58.6555, 9.5182
604, 58.6799, 9.5348
605, 58.7084, 9.5515
606, 58.7359, 9.5682
607, 58.7586, 9.5848
608, 58.7788, 9.6015
609, 58.8, 9.6182
610, 58.8252, 9.6348
611, 58.852, 9.6515
612, 58.8784, 9.6682
613, 58.9019, 9.6848
614, 58.9245, 9.7015
615, 58.9485, 9.7182
616, 58.9748, 9.7348
617, 59.0032, 9.7515
618, 59.0299, 9.7682
619, 59.0574, 9.7848
620, 59.0849, 9.8015
621, 59.1146, 9.8182
622, 59.1461, 9.8348
623, 59.1765, 9.8515
624, 59.2064, 9.8682
625, 59.2373, 9.8848
626, 59.2714, 9.9015
627, 59.3052, 9.9182
628, 59.3367, 9.9348
629, 59.3666, 9.9515
630, 59.3993, 9.9682
631, 59.4354, 9.9848
632, 59.4714, 10.0015
633, 59.5059, 10.0182
634, 59.5387, 10.0348
635, 59.5714, 10.0515
636, 59.604, 10.0682
637, 59.6379, 10.0848
638, 59.6722, 10.1015
639, 59.7058, 10.1182
640, 59.7391, 10.1348
641, 59.7709, 10.1515
642, 59.8018, 10.1682
643, 59.8302, 10.1848
644, 59.8593, 10.2015
645, 59.8896, 10.2182
646, 59.9232, 10.2348
647, 59.9576, 10.2515
648, 59.9925, 10.2682
649, 60.0226, 10.2848
650, 60.0483, 10.3015
651, 60.0707, 10.3182
652, 60.097, 10.3348
653, 60.1275, 10.3515
654, 60.16, 10.3682
655, 60.1887, 10.3848
656, 60.2159, 10.4015
657, 60.2437, 10.4182
658, 60.2731, 10.4348
659, 60.3006, 10.4515
660, 60.3279, 10.4682
661, 60.3546, 10.4848
662, 60.382, 10.5015
663, 60.4083, 10.5182
664, 60.4352, 10.5348
665, 60.4613, 10.5515
666, 60.4873, 10.5682
667, 60.5128, 10.5848
668, 60.539, 10.6015
669, 60.5643, 10.6182
670, 60.587, 10.6348
671, 60.607, 10.6515
672, 60.6262, 10.6682
673, 60.647, 10.6848
674, 60.6697, 10.7015
675, 60.692, 10.7182
676, 60.7108, 10.7348
677, 60.7284, 10.7515
678, 60.746, 10.7682
679, 60.765, 10.7848
680, 60.7833, 10.8015
681, 60.8008, 10.8182
682, 60.8188, 10.8348
683, 60.8365, 10.8515
684, 60.8548, 10.8682
685, 60.8713, 10.8848
686, 60.8891, 10.9015
687, 60.9076, 10.9182
688, 60.924, 10.9348
689, 60.933, 10.9515
690, 60.9332, 10.9682
691, 60.9204, 10.9848
692, 60.8857, 11.0015
693, 60.8287, 11.0182
694, 60.7677, 11.0348
695, 60.7078, 11.0515
696, 60.6042, 11.0682
697, 60.5056, 11.0848
698, 60.4407, 11.1015
699, 60.3733, 11.1182
700, 60.2986, 11.1348
701, 60.2257, 11.1515
702, 60.1547, 11.1682
703, 60.0822, 11.1848
704, 60.0079, 11.2015
705, 59.9335, 11.2182
706, 59.8588, 11.2348
707, 59.7837, 11.2515
708, 59.7082, 11.2682
709, 59.6331, 11.2848
710, 59.559, 11.3015
711, 59.4852, 11.3182
712, 59.4113, 11.3348
713, 59.3379, 11.3515
714, 59.2647, 11.3682
715, 59.192, 11.3848
716, 59.1197, 11.4015
717, 59.0471, 11.4182
718, 58.9744, 11.4348
719, 58.9018, 11.4515
720, 58.83, 11.4682
721, 58.7592, 11.4848
722, 58.6886, 11.5015
723, 58.6161, 11.5182
724, 58.5423, 11.5348
725, 58.3945, 11.5682
726, 58.3203, 11.5848
727, 58.2446, 11.6015
728, 58.1684, 11.6182
729, 58.0938, 11.6348
730, 58.0219, 11.6515
731, 57.9502, 11.6682
732, 57.8786, 11.6848
733, 57.8094, 11.7015
734, 57.7425, 11.7182
735, 57.6763, 11.7348
736, 57.6084, 11.7515
737, 57.5402, 11.7682
738, 57.4719, 11.7848
739, 57.4022, 11.8015
740, 57.3295, 11.8182
741, 57.2522, 11.8348
742, 57.1702, 11.8515
743, 57.0842, 11.8682
744, 56.9934, 11.8848
745, 56.8959, 11.9015
746, 56.6896, 11.9348
747, 56.5803, 11.9515
748, 56.4685, 11.9682
749, 56.353, 11.9848
750, 56.234, 12.0015
751, 56.1133, 12.0182
752, 55.9874, 12.0348
753, 55.8551, 12.0515
754, 55.7179, 12.0682
755, 55.5746, 12.0848
756, 55.4223, 12.1015
757, 55.2613, 12.1182
758, 55.0937, 12.1348
759, 54.7325, 12.1682
760, 54.5388, 12.1848
761, 54.3402, 12.2015
762, 54.1331, 12.2182
763, 53.9209, 12.2348
764, 53.7017, 12.2515
765, 53.4843, 12.2682
766, 53.2647, 12.2848
767, 53.0414, 12.3015
768, 52.5025, 12.3348
769, 52.2274, 12.3515
770, 51.9707, 12.3682
771, 51.7139, 12.3848
772, 51.4468, 12.4015
773, 51.1741, 12.4182
774, 50.6306, 12.4515
775, 50.3553, 12.4682
776, 50.0795, 12.4848
777, 49.8006, 12.5015
778, 49.5187, 12.5182
779, 48.9751, 12.5515
780, 48.713, 12.5682
781, 48.4528, 12.5848
782, 48.1919, 12.6015
783, 47.6082, 12.6348
784, 47.3307, 12.6515
785, 47.0619, 12.6682
786, 46.8064, 12.6848
787, 46.3187, 12.7182
788, 46.0811, 12.7348
789, 45.8601, 12.7515
790, 45.4622, 12.7848
791, 45.2794, 12.8015
792, 45.1021, 12.8182
793, 44.7877, 12.8515
794, 44.6434, 12.8682
795, 44.5086, 12.8848
796, 44.261, 12.9182
797, 44.14, 12.9348
798, 44.0177, 12.9515
799, 43.7893, 12.9848
800, 43.6782, 13.0015
801, 43.5631, 13.0182
802, 43.3253, 13.0515
803, 43.2086, 13.0682
804, 42.9777, 13.1015
805, 42.8642, 13.1182
806, 42.7495, 13.1348
807, 42.5191, 13.1682
808, 42.4156, 13.1848
809, 42.2267, 13.2182
810, 42.1241, 13.2348
811, 42.025, 13.2515
812, 41.852, 13.2848
813, 41.767, 13.3015
814, 41.6019, 13.3348
815, 41.5259, 13.3515
816, 41.383, 13.3848
817, 41.3122, 13.4015
818, 41.2441, 13.4182
819, 41.1241, 13.4515
820, 41.0655, 13.4682
821, 40.9419, 13.5015
822, 40.8755, 13.5182
823, 40.7428, 13.5515
824, 40.6644, 13.5682
825, 40.52, 13.6015
826, 40.462, 13.6182
827, 40.3595, 13.6515
828, 40.3036, 13.6682
829, 40.2535, 13.6848
830, 40.1542, 13.7182
831, 40.1098, 13.7348
832, 40.0262, 13.7682
833, 39.9677, 13.7848
834, 39.8263, 13.8182
835, 39.7499, 13.8348
836, 39.5827, 13.8682
837, 39.4973, 13.8848
838, 39.341, 13.9182
839, 39.2085, 13.9515
840, 39.1479, 13.9682
841, 39.0357, 14.0015
842, 38.9861, 14.0182
843, 38.8796, 14.0515
844, 38.8153, 14.0682
845, 38.6813, 14.1015
846, 38.6074, 14.1182
847, 38.4538, 14.1515
848, 38.2874, 14.1848
849, 38.2084, 14.2015
850, 38.0536, 14.2348
851, 37.9778, 14.2515
852, 37.8509, 14.2848
853, 37.7395, 14.3182
854, 37.6857, 14.3348
855, 37.5837, 14.3682
856, 37.4832, 14.4015
857, 37.4308, 14.4182
858, 37.3456, 14.4515
859, 37.2911, 14.4848
860, 37.266, 14.5015
861, 37.3059, 14.5348
862, 37.3546, 14.5682
863, 37.366, 14.5848
864, 37.4201, 14.6182
865, 37.4576, 14.6348
866, 37.5374, 14.6682
867, 37.6478, 14.7015
868, 37.7179, 14.7182
869, 37.863, 14.7515
870, 37.9299, 14.7682
871, 38.0665, 14.8015
872, 38.2224, 14.8348
873, 38.3113, 14.8515
874, 38.5344, 14.8848
875, 38.6578, 14.9015
876, 38.8904, 14.9348
877, 38.9999, 14.9515
878, 39.1951, 14.9848
879, 39.2859, 15.0015
880, 39.4109, 15.0348
881, 39.4482, 15.0515
882, 39.5564, 15.0848
883, 39.6885, 15.1015
884, 39.9979, 15.1348
885, 40.1602, 15.1515
886, 40.4282, 15.1848
887, 40.5248, 15.2015
888, 40.7066, 15.2348
889, 40.807, 15.2515
890, 40.9031, 15.2682
891, 41.1106, 15.3015
892, 41.2099, 15.3182
893, 41.4087, 15.3515
894, 41.5023, 15.3682
895, 41.6876, 15.4015
896, 41.7861, 15.4182
897, 41.8815, 15.4348
898, 42.0493, 15.4682
899, 42.1261, 15.4848
900, 42.2912, 15.5182
901, 42.3699, 15.5348
902, 42.4544, 15.5515
903, 42.6036, 15.5848
904, 42.6784, 15.6015
905, 42.8058, 15.6348
906, 42.877, 15.6515
907, 42.9378, 15.6682
908, 43.0838, 15.7015
909, 43.1536, 15.7182
910, 43.3175, 15.7515
911, 43.4, 15.7682
912, 43.4693, 15.7848
913, 43.5916, 15.8182
914, 43.6489, 15.8348
915, 43.7679, 15.8682
916, 43.8311, 15.8848
917, 43.8975, 15.9015
918, 44.0346, 15.9348
919, 44.101, 15.9515
920, 44.1667, 15.9682
921, 44.2902, 16.0015
922, 44.3504, 16.0182
923, 44.4094, 16.0348
924, 44.5283, 16.0682
925, 44.5879, 16.0848
926, 44.7109, 16.1182
927, 44.7744, 16.1348
928, 44.8354, 16.1515
929, 44.9552, 16.1848
930, 45.0046, 16.2015
931, 45.0485, 16.2182
932, 45.1277, 16.2515
933, 45.1633, 16.2682
934, 45.2002, 16.2848
935, 45.2696, 16.3182
936, 45.3061, 16.3348
937, 45.3435, 16.3515
938, 45.3826, 16.3848
939, 45.3555, 16.4015
940, 45.4388, 16.4182
941, 45.6061, 16.4515
942, 45.6485, 16.4682
943, 45.7035, 16.4848
944, 45.8222, 16.5182
945, 45.8753, 16.5348
946, 45.9289, 16.5515
947, 45.9834, 16.5682
948, 46.0895, 16.6015
949, 46.1414, 16.6182
950, 46.1939, 16.6348
951, 46.2963, 16.6682
952, 46.3478, 16.6848
953, 46.3998, 16.7015
954, 46.5059, 16.7348
955, 46.5594, 16.7515
956, 46.6134, 16.7682
957, 46.7217, 16.8015
958, 46.7764, 16.8182
959, 46.8326, 16.8348
960, 46.8897, 16.8515
961, 47.0034, 16.8848
962, 47.0595, 16.9015
963, 47.1159, 16.9182
964, 47.2267, 16.9515
965, 47.2814, 16.9682
966, 47.3368, 16.9848
967, 47.3927, 17.0015
968, 47.5047, 17.0348
969, 47.5607, 17.0515
970, 47.6175, 17.0682
971, 47.6745, 17.0848
972, 47.7904, 17.1182
973, 47.8481, 17.1348
974, 47.9055, 17.1515
975, 48.0226, 17.1848
976, 48.082, 17.2015
977, 48.1409, 17.2182
978, 48.199, 17.2348
979, 48.3182, 17.2682
980, 48.3795, 17.2848
981, 48.4412, 17.3015
982, 48.5022, 17.3182
983, 48.619, 17.3515
984, 48.6805, 17.3682
985, 48.7468, 17.3848
986, 48.8129, 17.4015
987, 48.879, 17.4182
988, 49.0162, 17.4515
989, 49.0837, 17.4682
990, 49.1517, 17.4848
991, 49.2172, 17.5015
992, 49.3526, 17.5348
993, 49.4204, 17.5515
994, 49.4892, 17.5682
995, 49.5581, 17.5848
996, 49.6252, 17.6015
997, 49.7558, 17.6348
998, 49.8228, 17.6515
999, 49.8904, 17.6682
1000, 49.9603, 17.6848
1001, 50.1002, 17.7182
1002, 50.1712, 17.7348
1003, 50.241, 17.7515
1004, 50.3114, 17.7682
1005, 50.3778, 17.7848
1006, 50.4457, 17.8015
1007, 50.5833, 17.8348
1008, 50.6546, 17.8515
1009, 50.7288, 17.8682
1010, 50.8004, 17.8848
1011, 50.8738, 17.9015
1012, 51.0129, 17.9348
1013, 51.0808, 17.9515
1014, 51.1532, 17.9682
1015, 51.2262, 17.9848
1016, 51.3035, 18.0015
1017, 51.3766, 18.0182
1018, 51.5206, 18.0515
1019, 51.5933, 18.0682
1020, 51.668, 18.0848
1021, 51.7446, 18.1015
1022, 51.8198, 18.1182
1023, 51.896, 18.1348
1024, 51.9718, 18.1515
1025, 52.1262, 18.1848
1026, 52.2024, 18.2015
1027, 52.277, 18.2182
1028, 52.3498, 18.2348
1029, 52.4244, 18.2515
1030, 52.5019, 18.2682
1031, 52.5799, 18.2848
1032, 52.6562, 18.3015
1033, 52.7291, 18.3182
1034, 52.8754, 18.3515
1035, 52.9524, 18.3682
1036, 53.0313, 18.3848
1037, 53.1104, 18.4015
1038, 53.1865, 18.4182
1039, 53.2588, 18.4348
1040, 53.3274, 18.4515
1041, 53.3939, 18.4682
1042, 53.4467, 18.4848
1043, 53.5402, 18.5182
1044, 53.581, 18.5348
1045, 53.6185, 18.5515
1046, 53.6498, 18.5682
1047, 53.6488, 18.5848
1048, 53.6221, 18.6015
1049, 53.6717, 18.6182
1050, 53.7385, 18.6348
1051, 53.7899, 18.6515
1052, 53.904, 18.6848
1053, 53.9333, 18.7015
1054, 53.9467, 18.7182
1055, 53.9572, 18.7348
1056, 53.968, 18.7515
1057, 53.9791, 18.7682
1058, 53.9916, 18.7848
1059, 54.0028, 18.8015
1060, 54.0311, 18.8348
1061, 54.0473, 18.8515
1062, 54.0634, 18.8682
1063, 54.0801, 18.8848
1064, 54.0999, 18.9015
1065, 54.1237, 18.9182
1066, 54.149, 18.9348
1067, 54.1756, 18.9515
1068, 54.2339, 18.9848
1069, 54.2658, 19.0015
1070, 54.3011, 19.0182
1071, 54.3374, 19.0348
1072, 54.3748, 19.0515
1073, 54.4099, 19.0682
1074, 54.4464, 19.0848
1075, 54.5205, 19.1182
1076, 54.5573, 19.1348
1077, 54.5945, 19.1515
1078, 54.6332, 19.1682
1079, 54.6723, 19.1848
1080, 54.7104, 19.2015
1081, 54.7476, 19.2182
1082, 54.7841, 19.2348
1083, 54.8217, 19.2515
1084, 54.9059, 19.2848
1085, 54.9486, 19.3015
1086, 54.9896, 19.3182
1087, 55.0334, 19.3348
1088, 55.0791, 19.3515
1089, 55.1264, 19.3682
1090, 55.1692, 19.3848
1091, 55.2104, 19.4015
1092, 55.253, 19.4182
1093, 55.3594, 19.4515
1094, 55.4142, 19.4682
1095, 55.4655, 19.4848
1096, 55.5168, 19.5015
1097, 55.5704, 19.5182
1098, 55.6262, 19.5348
1099, 55.6835, 19.5515
1100, 55.7416, 19.5682
1101, 55.7991, 19.5848
1102, 55.8568, 19.6015
1103, 55.9162, 19.6182
1104, 56.0386, 19.6515
1105, 56.0983, 19.6682
1106, 56.1558, 19.6848
1107, 56.2088, 19.7015
1108, 56.2615, 19.7182
1109, 56.3132, 19.7348
1110, 56.3643, 19.7515
1111, 56.4164, 19.7682
1112, 56.4715, 19.7848
1113, 56.5306, 19.8015
1114, 56.5874, 19.8182
1115, 56.6391, 19.8348
1116, 56.687, 19.8515
1117, 56.7342, 19.8682
1118, 56.7842, 19.8848
1119, 56.836, 19.9015
1120, 56.9413, 19.9348
1121, 56.999, 19.9515
1122, 57.0579, 19.9682
1123, 57.1121, 19.9848
1124, 57.157, 20.0015
1125, 57.2002, 20.0182
1126, 57.2422, 20.0348
1127, 57.2903, 20.0515
1128, 57.3447, 20.0682
1129, 57.4013, 20.0848
1130, 57.4511, 20.1015
1131, 57.4972, 20.1182
1132, 57.5444, 20.1348
1133, 57.5955, 20.1515
1134, 57.6459, 20.1682
1135, 57.6953, 20.1848
1136, 57.7449, 20.2015
1137, 57.7956, 20.2182
1138, 57.8459, 20.2348
1139, 57.8954, 20.2515
1140, 57.9467, 20.2682
1141, 58.0614, 20.3015
1142, 58.1211, 20.3182
1143, 58.1743, 20.3348
1144, 58.2252, 20.3515
1145, 58.2747, 20.3682
1146, 58.3253, 20.3848
1147, 58.3766, 20.4015
1148, 58.4287, 20.4182
1149, 58.4783, 20.4348
1150, 58.5292, 20.4515
1151, 58.578, 20.4682
1152, 58.6297, 20.4848
1153, 58.6763, 20.5015
1154, 58.7222, 20.5182
1155, 58.7662, 20.5348
1156, 58.8091, 20.5515
1157, 58.8531, 20.5682
1158, 58.8959, 20.5848
1159, 58.9372, 20.6015
1160, 58.9773, 20.6182
1161, 59.0171, 20.6348
1162, 59.0573, 20.6515
1163, 59.0989, 20.6682
1164, 59.1409, 20.6848
1165, 59.1825, 20.7015
1166, 59.2232, 20.7182
1167, 59.2647, 20.7348
1168, 59.3098, 20.7515
1169, 59.3555, 20.7682
1170, 59.4017, 20.7848
1171, 59.4481, 20.8015
1172, 59.4962, 20.8182
1173, 59.5443, 20.8348
1174, 59.593, 20.8515
1175, 59.6411, 20.8682
1176, 59.6901, 20.8848
1177, 59.7393, 20.9015
1178, 59.7889, 20.9182
1179, 59.8365, 20.9348
1180, 59.884, 20.9515
1181, 59.9335, 20.9682
1182, 59.9864, 20.9848
1183, 60.04, 21.0015
1184, 60.0917, 21.0182
1185, 60.1433, 21.0348
1186, 60.1964, 21.0515
1187, 60.2512, 21.0682
1188, 60.3062, 21.0848
1189, 60.3612, 21.1015
1190, 60.4147, 21.1182
1191, 60.4684, 21.1348
1192, 60.5226, 21.1515
1193, 60.5774, 21.1682
1194, 60.632, 21.1848
1195, 60.6864, 21.2015
1196, 60.7398, 21.2182
1197, 60.7927, 21.2348
1198, 60.8453, 21.2515
1199, 60.8981, 21.2682
1200, 60.9497, 21.2848
1201, 61.0015, 21.3015
1202, 61.0529, 21.3182
1203, 61.1053, 21.3348
1204, 61.1568, 21.3515
1205, 61.2075, 21.3682
1206, 61.257, 21.3848
1207, 61.3055, 21.4015
1208, 61.3496, 21.4182
1209, 61.394, 21.4348
1210, 61.4402, 21.4515
1211, 61.4893, 21.4682
1212, 61.5374, 21.4848
1213, 61.5811, 21.5015
1214, 61.6235, 21.5182
1215, 61.6651, 21.5348
1216, 61.7084, 21.5515
1217, 61.7508, 21.5682
1218, 61.7929, 21.5848
1219, 61.8339, 21.6015
1220, 61.8753, 21.6182
1221, 61.9176, 21.6348
1222, 61.961, 21.6515
1223, 62.0039, 21.6682
1224, 62.0439, 21.6848
1225, 62.0832, 21.7015
1226, 62.1236, 21.7182
1227, 62.1236, 21.7182
1228, 62.1618, 21.7348
1229, 62.1914, 21.7515
1230, 62.2024, 21.7682
1231, 62.2061, 21.7848
1232, 62.2005, 21.8015
1233, 62.1911, 21.8182
1234, 62.1829, 21.8348
1235, 62.1781, 21.8515
1236, 62.1683, 21.8682
1237, 62.1487, 21.8848
1238, 62.127, 21.9015
1239, 62.1027, 21.9182
1240, 62.0837, 21.9348
1241, 62.0661, 21.9515
1242, 62.0462, 21.9682
1243, 62.0288, 21.9848
1244, 61.9861, 22.0015
1245, 61.9293, 22.0182
1246, 62.005, 22.0348
1247, 62.0391, 22.0515
1248, 62.04, 22.0682
1249, 62.0653, 22.0848
1250, 62.1007, 22.1015
1251, 62.1237, 22.1182
1252, 62.1452, 22.1348
1253, 62.1769, 22.1515
1254, 62.2053, 22.1682
1255, 62.2288, 22.1848
1256, 62.2532, 22.2015
1257, 62.2809, 22.2182
1258, 62.2809, 22.2182
1259, 62.3079, 22.2348
1260, 62.3349, 22.2515
1261, 62.3628, 22.2682
1262, 62.3873, 22.2848
1263, 62.4116, 22.3015
1264, 62.4356, 22.3182
1265, 62.4613, 22.3348
1266, 62.4853, 22.3515
1267, 62.5098, 22.3682
1268, 62.535, 22.3848
1269, 62.56, 22.4015
1270, 62.5849, 22.4182
1271, 62.607, 22.4348
1272, 62.6306, 22.4515
1273, 62.6535, 22.4682
1274, 62.6772, 22.4848
1275, 62.6997, 22.5015
1276, 62.7218, 22.5182
1277, 62.7432, 22.5348
1278, 62.7673, 22.5515
1279, 62.7906, 22.5682
1280, 62.8122, 22.5848
1281, 62.8319, 22.6015
1282, 62.8533, 22.6182
1283, 62.8533, 22.6182
1284, 62.8738, 22.6348
1285, 62.8918, 22.6515
1286, 62.909, 22.6682
1287, 62.9276, 22.6848
1288, 62.9469, 22.7015
1289, 62.9655, 22.7182
1290, 62.9812, 22.7348
1291, 62.9939, 22.7515
1292, 63.001, 22.7682
1293, 63.0032, 22.7848
1294, 63.0018, 22.8015
1295, 62.9976, 22.8182
1296, 62.988, 22.8348
1297, 62.9672, 22.8515
1298, 62.9331, 22.8682
1299, 62.8852, 22.8848
1300, 62.8222, 22.9015
1301, 62.7326, 22.9182
1302, 62.6234, 22.9348
1303, 62.5073, 22.9515
1304, 62.3863, 22.9682
1305, 62.2182, 22.9848
1306, 62.0478, 23.0015
1307, 62.0478, 23.0015
1308, 61.9043, 23.0182
1309, 61.7419, 23.0348
1310, 61.5683, 23.0515
1311, 61.3915, 23.0682
1312, 61.2095, 23.0848
1313, 61.0158, 23.1015
1314, 60.8224, 23.1182
1315, 60.6263, 23.1348
1316, 60.4224, 23.1515
1317, 60.2125, 23.1682
1318, 60.0008, 23.1848
1319, 59.7845, 23.2015
1320, 59.5621, 23.2182
1321, 59.3392, 23.2348
1322, 59.122, 23.2515
1323, 58.9022, 23.2682
1324, 58.6753, 23.2848
1325, 58.4368, 23.3015
1326, 58.1949, 23.3182
1327, 57.6906, 23.3515
1328, 57.4455, 23.3682
1329, 57.2093, 23.3848
1330, 56.9673, 23.4015
1331, 56.7117, 23.4182
1332, 56.421, 23.4348
1333, 56.1586, 23.4515
1334, 55.9148, 23.4682
1335, 55.6591, 23.4848
1336, 55.3991, 23.5015
1337, 55.1411, 23.5182
1338, 54.8945, 23.5348
1339, 54.6427, 23.5515
1340, 54.3985, 23.5682
1341, 53.912, 23.6015
1342, 53.666, 23.6182
1343, 53.4384, 23.6348
1344, 53.2089, 23.6515
1345, 52.9894, 23.6682
1346, 52.7601, 23.6848
1347, 52.5039, 23.7015
1348, 52.247, 23.7182
1349, 51.7894, 23.7515
1350, 51.5628, 23.7682
1351, 51.3356, 23.7848
1352, 51.1186, 23.8015
1353, 50.8763, 23.8182
1354, 50.6271, 23.8348
1355, 50.1124, 23.8682
1356, 49.8627, 23.8848
1357, 49.6219, 23.9015
1358, 49.3915, 23.9182
1359, 49.1604, 23.9348
1360, 48.7191, 23.9682
1361, 48.4958, 23.9848
1362, 48.2777, 24.0015
1363, 48.0697, 24.0182
1364, 47.6845, 24.0515
1365, 47.5087, 24.0682
1366, 47.3395, 24.0848
1367, 47.1275, 24.1015
1368, 46.7165, 24.1348
1369, 46.5474, 24.1515
1370, 46.3779, 24.1682
1371, 46.0452, 24.2015
1372, 45.8781, 24.2182
1373, 45.6985, 24.2348
1374, 45.3432, 24.2682
1375, 45.1699, 24.2848
1376, 45.0047, 24.3015
1377, 44.6916, 24.3348
1378, 44.5407, 24.3515
1379, 44.3971, 24.3682
1380, 44.1283, 24.4015
1381, 44.001, 24.4182
1382, 43.8762, 24.4348
1383, 43.6403, 24.4682
1384, 43.5293, 24.4848
1385, 43.4232, 24.5015
1386, 43.2343, 24.5348
1387, 43.1481, 24.5515
1388, 42.9831, 24.5848
1389, 42.9056, 24.6015
1390, 42.8312, 24.6182
1391, 42.6884, 24.6515
1392, 42.6174, 24.6682
1393, 42.4706, 24.7015
1394, 42.3933, 24.7182
1395, 42.3139, 24.7348
1396, 42.1357, 24.7682
1397, 42.0497, 24.7848
1398, 41.9002, 24.8182
1399, 41.828, 24.8348
1400, 41.6866, 24.8682
1401, 41.6156, 24.8848
1402, 41.5446, 24.9015
1403, 41.3953, 24.9348
1404, 41.3178, 24.9515
1405, 41.1655, 24.9848
1406, 41.0979, 25.0015
1407, 40.9954, 25.0348
1408, 40.9453, 25.0515
1409, 40.8517, 25.0848
1410, 40.8501, 25.1015
1411, 40.8072, 25.1348
1412, 40.758, 25.1515
1413, 40.6922, 25.1848
1414, 40.6857, 25.2015
1415, 40.6765, 25.2182
1416, 40.6403, 25.2515
1417, 40.6188, 25.2682
1418, 40.6015, 25.3015
1419, 40.6012, 25.3182
1420, 40.6004, 25.3515
1421, 40.597, 25.3682
1422, 40.6011, 25.4015
1423, 40.6096, 25.4182
1424, 40.6393, 25.4515
1425, 40.6488, 25.4682
1426, 40.6709, 25.5015
1427, 40.6887, 25.5182
1428, 40.7346, 25.5515
1429, 40.7518, 25.5682
1430, 40.7663, 25.5848
1431, 40.7885, 25.6182
1432, 40.8028, 25.6348
1433, 40.8367, 25.6682
1434, 40.8591, 25.6848
1435, 40.9072, 25.7182
1436, 40.9311, 25.7348
1437, 40.973, 25.7682
1438, 40.9903, 25.7848
1439, 41.0334, 25.8182
1440, 41.0616, 25.8348
1441, 41.1211, 25.8682
1442, 41.1483, 25.8848
1443, 41.1756, 25.9015
1444, 41.239, 25.9348
1445, 41.2785, 25.9515
1446, 41.3625, 25.9848
1447, 41.4064, 26.0015
1448, 41.5053, 26.0348
1449, 41.568, 26.0515
1450, 41.7083, 26.0848
1451, 41.7812, 26.1015
1452, 41.9127, 26.1348
1453, 41.9735, 26.1515
1454, 42.0342, 26.1682
1455, 42.1692, 26.2015
1456, 42.2497, 26.2182
1457, 42.4215, 26.2515
1458, 42.5032, 26.2682
1459, 42.5978, 26.3015
1460, 42.6427, 26.3182
1461, 42.7038, 26.3515
1462, 42.7959, 26.3682
1463, 42.8696, 26.3848
1464, 43.0876, 26.4182
1465, 43.1744, 26.4348
1466, 43.312, 26.4682
1467, 43.3669, 26.4848
1468, 43.4235, 26.5015
1469, 43.5186, 26.5348
1470, 43.5839, 26.5515
1471, 43.6958, 26.5848
1472, 43.7769, 26.6015
1473, 43.8386, 26.6182
1474, 44.0213, 26.6515
1475, 44.0363, 26.6682
1476, 43.9881, 26.6848
1477, 44.1955, 26.7182
1478, 44.2663, 26.7348
1479, 44.3524, 26.7682
1480, 44.4339, 26.7848
1481, 44.4848, 26.8015
1482, 44.6096, 26.8348
1483, 44.6493, 26.8515
1484, 44.7193, 26.8682
1485, 44.8265, 26.9015
1486, 44.9154, 26.9182
1487, 44.9806, 26.9348
1488, 45.1354, 26.9682
1489, 45.1784, 26.9848
1490, 45.255, 27.0015
1491, 45.3709, 27.0348
1492, 45.4376, 27.0515
1493, 45.4785, 27.0682
1494, 45.6102, 27.1015
1495, 45.6649, 27.1182
1496, 45.7489, 27.1348
1497, 45.8902, 27.1682
1498, 45.9745, 27.1848
1499, 46.0531, 27.2015
1500, 46.2042, 27.2348
1501, 46.2676, 27.2515
1502, 46.3205, 27.2682
1503, 46.3662, 27.2848
1504, 46.527, 27.3182
1505, 46.6213, 27.3348
1506, 46.7037, 27.3515
1507, 46.8217, 27.3848
1508, 46.8743, 27.4015
1509, 46.9286, 27.4182
1510, 46.9741, 27.4348
1511, 47.0475, 27.4682
1512, 47.106, 27.4848
1513, 47.18, 27.5015
1514, 47.3486, 27.5348
1515, 47.4418, 27.5515
1516, 47.5344, 27.5682
1517, 47.6225, 27.5848
1518, 47.779, 27.6182
1519, 47.8481, 27.6348
1520, 47.9142, 27.6515
1521, 47.9818, 27.6682
1522, 48.1226, 27.7015
1523, 48.1927, 27.7182
1524, 48.2598, 27.7348
1525, 48.3262, 27.7515
1526, 48.457, 27.7848
1527, 48.534, 27.8015
1528, 48.6074, 27.8182
1529, 48.6789, 27.8348
1530, 48.7416, 27.8515
1531, 48.8821, 27.8848
1532, 48.9677, 27.9015
1533, 49.0553, 27.9182
1534, 49.1397, 27.9348
1535, 49.2901, 27.9682
1536, 49.3541, 27.9848
1537, 49.4171, 28.0015
1538, 49.4858, 28.0182
1539, 49.5579, 28.0348
1540, 49.7031, 28.0682
1541, 49.7755, 28.0848
1542, 49.8498, 28.1015
1543, 49.9281, 28.1182
1544, 50.0076, 28.1348
1545, 50.1611, 28.1682
1546, 50.2341, 28.1848
1547, 50.3047, 28.2015
1548, 50.372, 28.2182
1549, 50.4384, 28.2348
1550, 50.5732, 28.2682
1551, 50.644, 28.2848
1552, 50.7164, 28.3015
1553, 50.788, 28.3182
1554, 50.8621, 28.3348
1555, 51.025, 28.3682
1556, 51.1111, 28.3848
1557, 51.1946, 28.4015
1558, 51.2752, 28.4182
1559, 51.3507, 28.4348
1560, 51.4245, 28.4515
1561, 51.5615, 28.4848
1562, 51.6289, 28.5015
1563, 51.699, 28.5182
1564, 51.7708, 28.5348
1565, 51.8412, 28.5515
1566, 51.9132, 28.5682
1567, 52.0602, 28.6015
1568, 52.1389, 28.6182
1569, 52.2177, 28.6348
1570, 52.293, 28.6515
1571, 52.3609, 28.6682
1572, 52.4295, 28.6848
1573, 52.5086, 28.7015
1574, 52.6748, 28.7348
1575, 52.7525, 28.7515
1576, 52.8284, 28.7682
1577, 52.9046, 28.7848
1578, 52.9783, 28.8015
1579, 53.048, 28.8182
1580, 53.068, 28.8348
1581, 53.1354, 28.8682
1582, 53.2352, 28.8848
1583, 53.2883, 28.9015
1584, 53.3421, 28.9182
1585, 53.4106, 28.9348
1586, 53.4798, 28.9515
1587, 53.5448, 28.9682
1588, 53.6085, 28.9848
1589, 53.7382, 29.0182
1590, 53.8031, 29.0348
1591, 53.8689, 29.0515
1592, 53.932, 29.0682
1593, 53.9943, 29.0848
1594, 54.0582, 29.1015
1595, 54.1241, 29.1182
1596, 54.1917, 29.1348
1597, 54.258, 29.1515
1598, 54.3866, 29.1848
1599, 54.4493, 29.2015
1600, 54.5105, 29.2182
1601, 54.5741, 29.2348
1602, 54.6388, 29.2515
1603, 54.7064, 29.2682
1604, 54.7744, 29.2848
1605, 54.84, 29.3015
1606, 54.905, 29.3182
1607, 54.97, 29.3348
1608, 55.1021, 29.3682
1609, 55.1668, 29.3848
1610, 55.2312, 29.4015
1611, 55.2955, 29.4182
1612, 55.3596, 29.4348
1613, 55.4214, 29.4515
1614, 55.4835, 29.4682
1615, 55.547, 29.4848
1616, 55.6118, 29.5015
1617, 55.676, 29.5182
1618, 55.7387, 29.5348
1619, 55.8003, 29.5515
1620, 55.9231, 29.5848
1621, 55.9855, 29.6015
1622, 56.0483, 29.6182
1623, 56.1095, 29.6348
1624, 56.1688, 29.6515
1625, 56.2277, 29.6682
1626, 56.2888, 29.6848
1627, 56.3516, 29.7015
1628, 56.4136, 29.7182
1629, 56.4728, 29.7348
1630, 56.531, 29.7515
1631, 56.5885, 29.7682
1632, 56.6465, 29.7848
1633, 56.706, 29.8015
1634, 56.7662, 29.8182
1635, 56.883, 29.8515
1636, 56.9402, 29.8682
1637, 56.9987, 29.8848
1638, 57.0572, 29.9015
1639, 57.1156, 29.9182
1640, 57.1737, 29.9348
1641, 57.2304, 29.9515
1642, 57.2853, 29.9682
1643, 57.342, 29.9848
1644, 57.3996, 30.0015
1645, 57.4575, 30.0182
1646, 57.514, 30.0348
1647, 57.5698, 30.0515
1648, 57.6255, 30.0682
1649, 57.6817, 30.0848
1650, 57.7364, 30.1015
1651, 57.7921, 30.1182
1652, 57.8488, 30.1348
1653, 57.9062, 30.1515
1654, 57.9622, 30.1682
1655, 58.0172, 30.1848
1656, 58.0715, 30.2015
1657, 58.1284, 30.2182
1658, 58.2384, 30.2515
1659, 58.2924, 30.2682
1660, 58.3482, 30.2848
1661, 58.4041, 30.3015
1662, 58.4597, 30.3182
1663, 58.5137, 30.3348
1664, 58.5681, 30.3515
1665, 58.6223, 30.3682
1666, 58.6764, 30.3848
1667, 58.7297, 30.4015
1668, 58.7836, 30.4182
1669, 58.8386, 30.4348
1670, 58.8934, 30.4515
1671, 58.9463, 30.4682
1672, 58.9983, 30.4848
1673, 59.0505, 30.5015
1674, 59.1041, 30.5182
1675, 59.1573, 30.5348
1676, 59.2092, 30.5515
1677, 59.2614, 30.5682
1678, 59.3139, 30.5848
1679, 59.3658, 30.6015
1680, 59.4179, 30.6182
1681, 59.4712, 30.6348
1682, 59.5271, 30.6515
1683, 59.5793, 30.6682
1684, 59.6287, 30.6848
1685, 59.6807, 30.7015
1686, 59.738, 30.7182
1687, 59.7949, 30.7348
1688, 59.8458, 30.7515
1689, 59.8932, 30.7682
1690, 59.9438, 30.7848
1691, 59.9981, 30.8015
1692, 60.0511, 30.8182
1693, 60.1018, 30.8348
1694, 60.154, 30.8515
1695, 60.208, 30.8682
1696, 60.2611, 30.8848
1697, 60.3132, 30.9015
1698, 60.3663, 30.9182
1699, 60.4198, 30.9348
1700, 60.4708, 30.9515
1701, 60.5203, 30.9682
1702, 60.5711, 30.9848
1703, 60.6241, 31.0015
1704, 60.6773, 31.0182
1705, 60.7298, 31.0348
1706, 60.7833, 31.0515
1707, 60.8379, 31.0682
1708, 60.8924, 31.0848
1709, 60.9442, 31.1015
1710, 60.995, 31.1182
1711, 61.045, 31.1348
1712, 61.0976, 31.1515
1713, 61.1511, 31.1682
1714, 61.207, 31.1848
1715, 61.2626, 31.2015
1716, 61.317, 31.2182
1717, 61.3684, 31.2348
1718, 61.4182, 31.2515
1719, 61.4691, 31.2682
1720, 61.5202, 31.2848
1721, 61.5722, 31.3015
1722, 61.625, 31.3182
1723, 61.6827, 31.3348
1724, 61.7403, 31.3515
1725, 61.7966, 31.3682
1726, 61.8477, 31.3848
1727, 61.8477, 31.3848
1728, 61.8961, 31.4015
1729, 61.9331, 31.4182
1730, 61.9606, 31.4348
1731, 61.9548, 31.4515
1732, 61.9218, 31.4682
1733, 61.9969, 31.4848
1734, 62.0557, 31.5015
1735, 62.0875, 31.5182
1736, 62.1349, 31.5348
1737, 62.186, 31.5515
1738, 62.2309, 31.5682
1739, 62.2729, 31.5848
1740, 62.3175, 31.6015
1741, 62.3653, 31.6182
1742, 62.4133, 31.6348
1743, 62.462, 31.6515
1744, 62.5061, 31.6682
1745, 62.5467, 31.6848
1746, 62.5897, 31.7015
1747, 62.6382, 31.7182
1748, 62.6909, 31.7348
1749, 62.7358, 31.7515
1750, 62.7779, 31.7682
1751, 62.821, 31.7848
1752, 62.8703, 31.8015
1753, 62.9221, 31.8182
1754, 62.9721, 31.8348
1755, 62.9721, 31.8348
1756, 63.0132, 31.8515
1757, 63.0526, 31.8682
1758, 63.0956, 31.8848
1759, 63.1407, 31.9015
1760, 63.1865, 31.9182
1761, 63.2329, 31.9348
1762, 63.2823, 31.9515
1763, 63.3319, 31.9682
1764, 63.3785, 31.9848
1765, 63.4221, 32.0015
1766, 63.4661, 32.0182
1767, 63.5136, 32.0348
1768, 63.5619, 32.0515
1769, 63.6081, 32.0682
1770, 63.6526, 32.0848
1771, 63.6972, 32.1015
1772, 63.7417, 32.1182
1773, 63.7864, 32.1348
1774, 63.7864, 32.1348
1775, 63.8311, 32.1515
1776, 63.8767, 32.1682
1777, 63.9228, 32.1848
1778, 63.9691, 32.2015
1779, 64.0146, 32.2182
1780, 64.0594, 32.2348
1781, 64.1065, 32.2515
1782, 64.1553, 32.2682
1783, 64.203, 32.2848
1784, 64.2479, 32.3015
1785, 64.2912, 32.3182
1786, 64.336, 32.3348
1787, 64.3817, 32.3515
1788, 64.4278, 32.3682
1789, 64.4757, 32.3848
1790, 64.4757, 32.3848
1791, 64.5242, 32.4015
1792, 64.5705, 32.4182
1793, 64.6158, 32.4348
1794, 64.6617, 32.4515
1795, 64.7081, 32.4682
1796, 64.7542, 32.4848
1797, 64.7997, 32.5015
1798, 64.8441, 32.5182
1799, 64.8864, 32.5348
1800, 64.9277, 32.5515
1801, 64.9711, 32.5682
1802, 65.0182, 32.5848
1803, 65.064, 32.6015
1804, 65.064, 32.6015
1805, 65.1078, 32.6182
1806, 65.1494, 32.6348
1807, 65.1942, 32.6515
1808, 65.2381, 32.6682
1809, 65.2799, 32.6848
1810, 65.3204, 32.7015
1811, 65.3628, 32.7182
1812, 65.4045, 32.7348
1813, 65.4464, 32.7515
1814, 65.4877, 32.7682
1815, 65.5284, 32.7848
1816, 65.5685, 32.8015
1817, 65.5685, 32.8015
1818, 65.6084, 32.8182
1819, 65.649, 32.8348
1820, 65.6897, 32.8515
1821, 65.7286, 32.8682
1822, 65.7675, 32.8848
1823, 65.8065, 32.9015
1824, 65.8449, 32.9182
1825, 65.8827, 32.9348
1826, 65.9217, 32.9515
1827, 65.9609, 32.9682
1828, 65.9609, 32.9682
1829, 65.9975, 32.9848
1830, 66.0335, 33.0015
1831, 66.0707, 33.0182
1832, 66.1085, 33.0348
1833, 66.1459, 33.0515
1834, 66.1807, 33.0682
1835, 66.2164, 33.0848
1836, 66.2514, 33.1015
1837, 66.2852, 33.1182
1838, 66.3153, 33.1348
1839, 66.3153, 33.1348
1840, 66.3415, 33.1515
1841, 66.3607, 33.1682
1842, 66.3716, 33.1848
1843, 66.3738, 33.2015
1844, 66.3653, 33.2182
1845, 66.3408, 33.2348
1846, 66.2955, 33.2515
1847, 66.2291, 33.2682
1848, 66.1347, 33.2848
1849, 66.1347, 33.2848
1850, 66.0196, 33.3015
1851, 65.896, 33.3182
1852, 65.7578, 33.3348
1853, 65.5465, 33.3515
1854, 65.366, 33.3682
1855, 65.1961, 33.3848
1856, 65.0101, 33.4015
1857, 64.7973, 33.4182
1858, 64.5782, 33.4348
1859, 64.3441, 33.4515
1860, 64.0976, 33.4682
1861, 63.8319, 33.4848
1862, 63.8319, 33.4848
1863, 63.5548, 33.5015
1864, 63.2585, 33.5182
1865, 62.9436, 33.5348
1866, 62.6189, 33.5515
1867, 62.2787, 33.5682
1868, 61.9257, 33.5848
1869, 61.5683, 33.6015
1870, 61.2072, 33.6182
1871, 60.8496, 33.6348
1872, 60.4962, 33.6515
1873, 60.1407, 33.6682
1874, 59.771, 33.6848
1875, 59.3735, 33.7015
1876, 59.0002, 33.7182
1877, 58.6358, 33.7348
1878, 58.2667, 33.7515
1879, 57.9016, 33.7682
1880, 57.5393, 33.7848
1881, 57.1799, 33.8015
1882, 56.8253, 33.8182
1883, 56.4775, 33.8348
1884, 55.7928, 33.8682
1885, 55.4611, 33.8848
1886, 55.1338, 33.9015
1887, 54.8102, 33.9182
1888, 54.4904, 33.9348
1889, 54.1816, 33.9515
1890, 53.8831, 33.9682
1891, 53.5904, 33.9848
1892, 53.298, 34.0015
1893, 52.9726, 34.0182
1894, 52.3427, 34.0515
1895, 52.0539, 34.0682
1896, 51.7625, 34.0848
1897, 51.4705, 34.1015
1898, 51.1854, 34.1182
1899, 50.9114, 34.1348
1900, 50.3495, 34.1682
1901, 50.0782, 34.1848
1902, 49.8243, 34.2015
1903, 49.5711, 34.2182
1904, 49.3194, 34.2348
1905, 48.8548, 34.2682
1906, 48.6459, 34.2848
1907, 48.442, 34.3015
1908, 48.2454, 34.3182
1909, 47.8776, 34.3515
1910, 47.7027, 34.3682
1911, 47.5286, 34.3848
1912, 47.3525, 34.4015
1913, 46.9971, 34.4348
1914, 46.8184, 34.4515
1915, 46.6394, 34.4682
1916, 46.4595, 34.4848
1917, 46.0975, 34.5182
1918, 45.918, 34.5348
1919, 45.7422, 34.5515
1920, 45.5669, 34.5682
1921, 45.1951, 34.6015
1922, 45.0173, 34.6182
1923, 44.8544, 34.6348
1924, 44.562, 34.6682
1925, 44.4271, 34.6848
1926, 44.2572, 34.7015
1927, 43.9331, 34.7348
1928, 43.8159, 34.7515
1929, 43.7063, 34.7682
1930, 43.4746, 34.8015
1931, 43.3595, 34.8182
1932, 43.2507, 34.8348
1933, 43.045, 34.8682
1934, 42.9406, 34.8848
1935, 42.7266, 34.9182
1936, 42.622, 34.9348
1937, 42.5202, 34.9515
1938, 42.3191, 34.9848
1939, 42.2168, 35.0015
1940, 42.0128, 35.0348
1941, 41.9075, 35.0515
1942, 41.803, 35.0682
1943, 41.597, 35.1015
1944, 41.4921, 35.1182
1945, 41.2768, 35.1515
1946, 41.1761, 35.1682
1947, 40.9826, 35.2015
1948, 40.8894, 35.2182
1949, 40.8012, 35.2348
1950, 40.6412, 35.2682
1951, 40.5689, 35.2848
1952, 40.4352, 35.3182
1953, 40.3718, 35.3348
1954, 40.245, 35.3682
1955, 40.1801, 35.3848
1956, 40.0708, 35.4182
1957, 40.0249, 35.4348
1958, 39.9347, 35.4682
1959, 39.8891, 35.4848
1960, 39.8282, 35.5182
1961, 39.8195, 35.5348
1962, 39.7502, 35.5682
1963, 39.7099, 35.5848
1964, 39.6428, 35.6182
1965, 39.6152, 35.6348
1966, 39.5648, 35.6682
1967, 39.5427, 35.6848
1968, 39.5066, 35.7182
1969, 39.4952, 35.7348
1970, 39.4881, 35.7682
1971, 39.4913, 35.7848
1972, 39.4996, 35.8182
1973, 39.5015, 35.8348
1974, 39.5044, 35.8682
1975, 39.5034, 35.8848
1976, 39.5075, 35.9182
1977, 39.5083, 35.9348
1978, 39.5111, 35.9682
1979, 39.5153, 35.9848
1980, 39.5313, 36.0182
1981, 39.5394, 36.0348
1982, 39.5444, 36.0682
1983, 39.5465, 36.0848
1984, 39.5498, 36.1182
1985, 39.5574, 36.1348
1986, 39.583, 36.1682
1987, 39.6076, 36.1848
1988, 39.6566, 36.2182
1989, 39.6851, 36.2348
1990, 39.7608, 36.2682
1991, 39.8055, 36.2848
1992, 39.8977, 36.3182
1993, 39.9454, 36.3348
1994, 40.0475, 36.3682
1995, 40.1039, 36.3848
1996, 40.2131, 36.4182
1997, 40.2685, 36.4348
1998, 40.3738, 36.4682
1999, 40.4249, 36.4848
2000, 40.5326, 36.5182
2001, 40.5888, 36.5348
2002, 40.7034, 36.5682
2003, 40.7597, 36.5848
2004, 40.8175, 36.6015
2005, 40.9283, 36.6348
2006, 40.9816, 36.6515
2007, 41.0881, 36.6848
2008, 41.1493, 36.7015
2009, 41.2865, 36.7348
2010, 41.3636, 36.7515
2011, 41.4434, 36.7682
2012, 41.6004, 36.8015
2013, 41.6758, 36.8182
2014, 41.8241, 36.8515
2015, 41.9011, 36.8682
2016, 41.9808, 36.8848
2017, 42.1457, 36.9182
2018, 42.2317, 36.9348
2019, 42.3933, 36.9682
2020, 42.4709, 36.9848
2021, 42.5481, 37.0015
2022, 42.7067, 37.0348
2023, 42.7862, 37.0515
2024, 42.8639, 37.0682
2025, 43.0147, 37.1015
2026, 43.0929, 37.1182
2027, 43.2503, 37.1515
2028, 43.3245, 37.1682
2029, 43.3975, 37.1848
2030, 43.5519, 37.2182
2031, 43.6332, 37.2348
2032, 43.7146, 37.2515
2033, 43.8728, 37.2848
2034, 43.9455, 37.3015
2035, 44.0094, 37.3182
2036, 44.096, 37.3515
2037, 44.1074, 37.3682
2038, 44.0922, 37.3848
2039, 43.9939, 37.4182
2040, 43.938, 37.4348
2041, 43.7466, 37.4682
2042, 43.6221, 37.4848
2043, 43.527, 37.5015
2044, 43.3584, 37.5348
2045, 43.2592, 37.5515
2046, 43.1533, 37.5682
2047, 42.9387, 37.6015
2048, 42.8278, 37.6182
2049, 42.5904, 37.6515
2050, 42.4628, 37.6682
2051, 42.3299, 37.6848
2052, 42.0461, 37.7182
2053, 41.8964, 37.7348
2054, 41.5782, 37.7682
2055, 41.41, 37.7848
2056, 41.2364, 37.8015
2057, 40.8747, 37.8348
2058, 40.6849, 37.8515
2059, 40.2949, 37.8848
2060, 40.0954, 37.9015
2061, 39.6854, 37.9348
2062, 39.4765, 37.9515
2063, 39.0634, 37.9848
2064, 38.8645, 38.0015
2065, 38.4842, 38.0348
2066, 38.1091, 38.0682
2067, 37.9254, 38.0848
2068, 37.4761, 38.1182
2069, 37.2443, 38.1348
2070, 36.8031, 38.1682
2071, 36.3641, 38.2015
2072, 36.141, 38.2182
2073, 35.7019, 38.2515
2074, 35.2609, 38.2848
2075, 35.0365, 38.3015
2076, 34.5962, 38.3348
2077, 34.1713, 38.3682
2078, 33.9614, 38.3848
2079, 33.5279, 38.4182
2080, 33.0982, 38.4515
2081, 32.6916, 38.4848
2082, 32.2817, 38.5182
2083, 31.8524, 38.5515
2084, 31.6417, 38.5682
2085, 31.2443, 38.6015
2086, 30.8801, 38.6348
2087, 30.5292, 38.6682
2088, 30.1782, 38.7015
2089, 29.8456, 38.7348
2090, 29.5406, 38.7682
2091, 29.2525, 38.8015
2092, 28.9789, 38.8348
2093, 28.7272, 38.8682
2094, 28.3796, 38.9182
2095, 28.1615, 38.9515
2096, 27.9473, 38.9848
2097, 27.7362, 39.0182
2098, 27.5139, 39.0515
2099, 27.2691, 39.0848
2100, 26.8798, 39.1348
2101, 26.6189, 39.1682
2102, 26.3497, 39.2015
2103, 26.1022, 39.2348
2104, 25.8041, 39.2848
2105, 25.6393, 39.3182
2106, 25.4793, 39.3515
2107, 25.2641, 39.4015
2108, 25.1393, 39.4348
2109, 25.0091, 39.4682
2110, 24.7846, 39.5182
2111, 24.6309, 39.5515
2112, 24.4055, 39.6015
2113, 24.2711, 39.6348
2114, 24.0988, 39.6848
2115, 23.9989, 39.7182
2116, 23.8698, 39.7682
2117, 23.7865, 39.8015
2118, 23.6555, 39.8515
2119, 23.571, 39.8848
2120, 23.457, 39.9348
2121, 23.354, 39.9848
2122, 23.297, 40.0182
2123, 23.2284, 40.0682
2124, 23.1803, 40.1015
2125, 23.1053, 40.1515
2126, 23.0901, 40.2015
2127, 23.0395, 40.2348
2128, 22.963, 40.2848
2129, 22.8904, 40.3348
2130, 22.8443, 40.3682
2131, 22.7962, 40.4182
2132, 22.7702, 40.4682
2133, 22.7512, 40.5015
2134, 22.7205, 40.5515
2135, 22.7019, 40.6015
2136, 22.6912, 40.6515
2137, 22.6947, 40.6848
2138, 22.7072, 40.7348
2139, 22.7277, 40.7848
2140, 22.7497, 40.8182
2141, 22.7967, 40.8682
2142, 22.8592, 40.9182
2143, 22.9118, 40.9515
2144, 23.0125, 41.0015
2145, 23.1277, 41.0515
2146, 23.21, 41.0848
2147, 23.3393, 41.1348
2148, 23.43, 41.1682
2149, 23.5843, 41.2182
2150, 23.7464, 41.2682
2151, 23.8623, 41.3015
2152, 24.04, 41.3515
2153, 24.1589, 41.3848
2154, 24.3385, 41.4348
2155, 24.4576, 41.4682
2156, 24.6441, 41.5182
2157, 24.7903, 41.5515
2158, 24.9439, 41.5848
2159, 25.1836, 41.6348
2160, 25.3303, 41.6682
2161, 25.612, 41.7182
2162, 25.795, 41.7515
2163, 25.9739, 41.7848
2164, 26.1627, 41.8182
2165, 26.4865, 41.8682
2166, 26.7299, 41.9015
2167, 26.9714, 41.9348
2168, 27.2295, 41.9682
2169, 27.4942, 42.0015
2170, 27.8931, 42.0515
2171, 28.151, 42.0848
2172, 28.4283, 42.1182
2173, 28.6941, 42.1515
2174, 28.9632, 42.1848
2175, 29.2405, 42.2182
2176, 29.5114, 42.2515
2177, 29.7797, 42.2848
2178, 30.0526, 42.3182
2179, 30.3306, 42.3515
2180, 30.6134, 42.3848
2181, 30.8906, 42.4182
2182, 31.0286, 42.4348
2183, 31.3055, 42.4682
2184, 31.5794, 42.5015
2185, 31.8506, 42.5348
2186, 32.1225, 42.5682
2187, 32.399, 42.6015
2188, 32.676, 42.6348
2189, 32.812, 42.6515
2190, 33.0785, 42.6848
2191, 33.3463, 42.7182
2192, 33.6153, 42.7515
2193, 33.8739, 42.7848
2194, 33.9973, 42.8015
2195, 34.2209, 42.8348
2196, 34.3686, 42.8682
2197, 34.4838, 42.9015
2198, 34.6448, 42.9182
2199, 34.8947, 42.9515
2200, 35.1307, 42.9848
2201, 35.2948, 43.0182
2202, 35.3796, 43.0348
2203, 35.5645, 43.0682
2204, 35.7438, 43.1015
2205, 35.8338, 43.1182
2206, 36.0161, 43.1515
2207, 36.1961, 43.1848
2208, 36.2847, 43.2015
2209, 36.4669, 43.2348
2210, 36.6551, 43.2682
2211, 36.7544, 43.2848
2212, 36.9488, 43.3182
2213, 37.0454, 43.3348
2214, 37.2289, 43.3682
2215, 37.3933, 43.4015
2216, 37.4888, 43.4182
2217, 37.7012, 43.4515
2218, 37.8079, 43.4682
2219, 38.0131, 43.5015
2220, 38.2107, 43.5348
2221, 38.3073, 43.5515
2222, 38.5029, 43.5848
2223, 38.5999, 43.6015
2224, 38.7972, 43.6348
2225, 38.9005, 43.6515
2226, 39.1017, 43.6848
2227, 39.298, 43.7182
2228, 39.3977, 43.7348
2229, 39.5971, 43.7682
2230, 39.696, 43.7848
2231, 39.8904, 43.8182
2232, 39.9867, 43.8348
2233, 40.1808, 43.8682
2234, 40.2779, 43.8848
2235, 40.478, 43.9182
2236, 40.582, 43.9348
2237, 40.7907, 43.9682
2238, 40.8952, 43.9848
2239, 40.9997, 44.0015
2240, 41.2041, 44.0348
2241, 41.3045, 44.0515
2242, 41.5023, 44.0848
2243, 41.5998, 44.1015
2244, 41.795, 44.1348
2245, 41.8935, 44.1515
2246, 42.089, 44.1848
2247, 42.1848, 44.2015
2248, 42.2823, 44.2182
2249, 42.4766, 44.2515
2250, 42.5718, 44.2682
2251, 42.7601, 44.3015
2252, 42.8544, 44.3182
2253, 42.9494, 44.3348
2254, 43.1388, 44.3682
2255, 43.233, 44.3848
2256, 43.4235, 44.4182
2257, 43.5179, 44.4348
2258, 43.612, 44.4515
2259, 43.8001, 44.4848
2260, 43.8939, 44.5015
2261, 44.0787, 44.5348
2262, 44.17, 44.5515
2263, 44.26, 44.5682
2264, 44.4424, 44.6015
2265, 44.5339, 44.6182
2266, 44.6257, 44.6348
2267, 44.8083, 44.6682
2268, 44.8992, 44.6848
2269, 44.9185, 44.7015
2270, 44.9942, 44.7348
2271, 45.1265, 44.7515
2272, 45.2132, 44.7682
2273, 45.3327, 44.8015
2274, 45.4142, 44.8182
2275, 45.4966, 44.8348
2276, 45.6419, 44.8682
2277, 45.714, 44.8848
2278, 45.789, 44.9015
2279, 45.9372, 44.9348
2280, 46.013, 44.9515
2281, 46.088, 44.9682
2282, 46.1636, 44.9848
2283, 46.3083, 45.0182
2284, 46.3796, 45.0348
2285, 46.4523, 45.0515
2286, 46.6055, 45.0848
2287, 46.6846, 45.1015
2288, 46.7606, 45.1182
2289, 46.8335, 45.1348
2290, 46.9798, 45.1682
2291, 47.0552, 45.1848
2292, 47.1317, 45.2015
2293, 47.2785, 45.2348
2294, 47.3508, 45.2515
2295, 47.4227, 45.2682
2296, 47.4946, 45.2848
2297, 47.6387, 45.3182
2298, 47.712, 45.3348
2299, 47.7861, 45.3515
2300, 47.8614, 45.3682
2301, 48.01, 45.4015
2302, 48.0845, 45.4182
2303, 48.1587, 45.4348
2304, 48.2335, 45.4515
2305, 48.381, 45.4848
2306, 48.4535, 45.5015
2307, 48.5246, 45.5182
2308, 48.5957, 45.5348
2309, 48.7399, 45.5682
2310, 48.8117, 45.5848
2311, 48.8837, 45.6015
2312, 48.9549, 45.6182
2313, 49.1004, 45.6515
2314, 49.173, 45.6682
2315, 49.2442, 45.6848
2316, 49.3147, 45.7015
2317, 49.3847, 45.7182
2318, 49.5258, 45.7515
2319, 49.5953, 45.7682
2320, 49.6639, 45.7848
2321, 49.7327, 45.8015
2322, 49.8012, 45.8182
2323, 49.9406, 45.8515
2324, 50.0099, 45.8682
2325, 50.0781, 45.8848
2326, 50.1461, 45.9015
2327, 50.2143, 45.9182
2328, 50.3497, 45.9515
2329, 50.4182, 45.9682
2330, 50.4861, 45.9848
2331, 50.554, 46.0015
2332, 50.6213, 46.0182
2333, 50.7541, 46.0515
2334, 50.8217, 46.0682
2335, 50.8903, 46.0848
2336, 50.9589, 46.1015
2337, 51.0266, 46.1182
2338, 51.0928, 46.1348
2339, 51.2246, 46.1682
2340, 51.2916, 46.1848
2341, 51.3597, 46.2015
2342, 51.4266, 46.2182
2343, 51.4931, 46.2348
2344, 51.6249, 46.2682
2345, 51.6909, 46.2848
2346, 51.7558, 46.3015
2347, 51.8208, 46.3182
2348, 51.8856, 46.3348
2349, 51.951, 46.3515
2350, 52.016, 46.3682
2351, 52.1448, 46.4015
2352, 52.2096, 46.4182
2353, 52.2746, 46.4348
2354, 52.3394, 46.4515
2355, 52.4036, 46.4682
2356, 52.4676, 46.4848
2357, 52.5314, 46.5015
2358, 52.6592, 46.5348
2359, 52.7245, 46.5515
2360, 52.7892, 46.5682
2361, 52.8528, 46.5848
2362, 52.9151, 46.6015
2363, 52.9789, 46.6182
2364, 53.044, 46.6348
2365, 53.1746, 46.6682
2366, 53.2378, 46.6848
2367, 53.3006, 46.7015
2368, 53.2968, 46.7182
2369, 53.2509, 46.7348
2370, 53.3437, 46.7515
2371, 53.4352, 46.7682
2372, 53.4752, 46.7848
2373, 53.5681, 46.8182
2374, 53.628, 46.8348
2375, 53.677, 46.8515
2376, 53.7234, 46.8682
2377, 53.7748, 46.8848
2378, 53.8274, 46.9015
2379, 53.8797, 46.9182
2380, 53.9309, 46.9348
2381, 53.983, 46.9515
2382, 54.0857, 46.9848
2383, 54.1346, 47.0015
2384, 54.181, 47.0182
2385, 54.2303, 47.0348
2386, 54.2815, 47.0515
2387, 54.3333, 47.0682
2388, 54.3854, 47.0848
2389, 54.4369, 47.1015
2390, 54.4867, 47.1182
2391, 54.5794, 47.1515
2392, 54.6264, 47.1682
2393, 54.676, 47.1848
2394, 54.7271, 47.2015
2395, 54.7773, 47.2182
2396, 54.8248, 47.2348
2397, 54.8716, 47.2515
2398, 54.9192, 47.2682
2399, 54.9678, 47.2848
2400, 55.0157, 47.3015
2401, 55.0626, 47.3182
2402, 55.1548, 47.3515
2403, 55.1987, 47.3682
2404, 55.2422, 47.3848
2405, 55.2877, 47.4015
2406, 55.3363, 47.4182
2407, 55.3863, 47.4348
2408, 55.4356, 47.4515
2409, 55.4834, 47.4682
2410, 55.5297, 47.4848
2411, 55.5761, 47.5015
2412, 55.622, 47.5182
2413, 55.6682, 47.5348
2414, 55.7575, 47.5682
2415, 55.8018, 47.5848
2416, 55.8457, 47.6015
2417, 55.8894, 47.6182
2418, 55.9343, 47.6348
2419, 55.9798, 47.6515
2420, 56.0258, 47.6682
2421, 56.0713, 47.6848
2422, 56.1172, 47.7015
2423, 56.1629, 47.7182
2424, 56.208, 47.7348
2425, 56.2538, 47.7515
2426, 56.2997, 47.7682
2427, 56.3459, 47.7848
2428, 56.4319, 47.8182
2429, 56.4767, 47.8348
2430, 56.5235, 47.8515
2431, 56.5691, 47.8682
2432, 56.6127, 47.8848
2433, 56.6544, 47.9015
2434, 56.6962, 47.9182
2435, 56.739, 47.9348
2436, 56.7806, 47.9515
2437, 56.8225, 47.9682
2438, 56.8665, 47.9848
2439, 56.914, 48.0015
2440, 56.9607, 48.0182
2441, 57.0051, 48.0348
2442, 57.0464, 48.0515
2443, 57.0885, 48.0682
2444, 57.1303, 48.0848
2445, 57.1709, 48.1015
2446, 57.2499, 48.1348
2447, 57.289, 48.1515
2448, 57.3272, 48.1682
2449, 57.3635, 48.1848
2450, 57.4024, 48.2015
2451, 57.4475, 48.2182
2452, 57.4965, 48.2348
2453, 57.5447, 48.2515
2454, 57.5905, 48.2682
2455, 57.6339, 48.2848
2456, 57.676, 48.3015
2457, 57.7178, 48.3182
2458, 57.7596, 48.3348
2459, 57.8019, 48.3515
2460, 57.8437, 48.3682
2461, 57.8848, 48.3848
2462, 57.925, 48.4015
2463, 57.9637, 48.4182
2464, 58.0012, 48.4348
2465, 58.0399, 48.4515
2466, 58.0821, 48.4682
2467, 58.1289, 48.4848
2468, 58.1749, 48.5015
2469, 58.2182, 48.5182
2470, 58.2584, 48.5348
2471, 58.2977, 48.5515
2472, 58.3396, 48.5682
2473, 58.3809, 48.5848
2474, 58.4225, 48.6015
2475, 58.5031, 48.6348
2476, 58.5459, 48.6515
2477, 58.5894, 48.6682
2478, 58.6314, 48.6848
2479, 58.6702, 48.7015
2480, 58.7095, 48.7182
2481, 58.7492, 48.7348
2482, 58.7901, 48.7515
2483, 58.8328, 48.7682
2484, 58.8776, 48.7848
2485, 58.9229, 48.8015
2486, 58.9629, 48.8182
2487, 59.0028, 48.8348
2488, 59.0431, 48.8515
2489, 59.0864, 48.8682
2490, 59.1279, 48.8848
2491, 59.1651, 48.9015
2492, 59.2019, 48.9182
2493, 59.2441, 48.9348
2494, 59.2891, 48.9515
2495, 59.335, 48.9682
2496, 59.3786, 48.9848
2497, 59.422, 49.0015
2498, 59.4632, 49.0182
2499, 59.5044, 49.0348
2500, 59.547, 49.0515
2501, 59.5907, 49.0682
2502, 59.6329, 49.0848
2503, 59.6725, 49.1015
2504, 59.7131, 49.1182
2505, 59.7549, 49.1348
2506, 59.7976, 49.1515
2507, 59.8405, 49.1682
2508, 59.8841, 49.1848
2509, 59.9287, 49.2015
2510, 59.9712, 49.2182
2511, 60.0135, 49.2348
2512, 60.0565, 49.2515
2513, 60.1011, 49.2682
2514, 60.1453, 49.2848
2515, 60.189, 49.3015
2516, 60.2312, 49.3182
2517, 60.2731, 49.3348
2518, 60.3128, 49.3515
2519, 60.3538, 49.3682
2520, 60.3976, 49.3848
2521, 60.4446, 49.4015
2522, 60.4914, 49.4182
2523, 60.5367, 49.4348
2524, 60.5807, 49.4515
2525, 60.625, 49.4682
2526, 60.6683, 49.4848
2527, 60.7113, 49.5015
2528, 60.7535, 49.5182
2529, 60.7944, 49.5348
2530, 60.8366, 49.5515
2531, 60.8798, 49.5682
2532, 60.9269, 49.5848
2533, 60.9743, 49.6015
2534, 61.0203, 49.6182
2535, 61.0651, 49.6348
2536, 61.1098, 49.6515
2537, 61.1562, 49.6682
2538, 61.2017, 49.6848
2539, 61.2479, 49.7015
2540, 61.2926, 49.7182
2541, 61.3377, 49.7348
2542, 61.3805, 49.7515
2543, 61.4216, 49.7682
2544, 61.4635, 49.7848
2545, 61.508, 49.8015
2546, 61.508, 49.8015
2547, 61.553, 49.8182
2548, 61.5974, 49.8348
2549, 61.6403, 49.8515
2550, 61.6856, 49.8682
2551, 61.7311, 49.8848
2552, 61.7754, 49.9015
2553, 61.8208, 49.9182
2554, 61.8675, 49.9348
2555, 61.9148, 49.9515
2556, 61.9603, 49.9682
2557, 62.0037, 49.9848
2558, 62.046, 50.0015
2559, 62.0713, 50.0182
2560, 62.0545, 50.0348
2561, 62.0119, 50.0515
2562, 62.0872, 50.0682
2563, 62.1363, 50.0848
2564, 62.1572, 50.1015
2565, 62.1967, 50.1182
2566, 62.24, 50.1348
2567, 62.2737, 50.1515
2568, 62.3075, 50.1682
2569, 62.3454, 50.1848
2570, 62.3856, 50.2015
2571, 62.4258, 50.2182
2572, 62.4648, 50.2348
2573, 62.5026, 50.2515
2574, 62.5415, 50.2682
2575, 62.5415, 50.2682
2576, 62.58, 50.2848
2577, 62.6192, 50.3015
2578, 62.6574, 50.3182
2579, 62.6936, 50.3348
2580, 62.7308, 50.3515
2581, 62.7698, 50.3682
2582, 62.8123, 50.3848
2583, 62.8539, 50.4015
2584, 62.8934, 50.4182
2585, 62.9317, 50.4348
2586, 62.969, 50.4515
2587, 63.0056, 50.4682
2588, 63.0424, 50.4848
2589, 63.0784, 50.5015
2590, 63.116, 50.5182
2591, 63.1593, 50.5348
2592, 63.2026, 50.5515
2593, 63.2441, 50.5682
2594, 63.2784, 50.5848
2595, 63.314, 50.6015
2596, 63.314, 50.6015
2597, 63.3519, 50.6182
2598, 63.3916, 50.6348
2599, 63.4308, 50.6515
2600, 63.4664, 50.6682
2601, 63.5015, 50.6848
2602, 63.5414, 50.7015
2603, 63.583, 50.7182
2604, 63.624, 50.7348
2605, 63.663, 50.7515
2606, 63.7024, 50.7682
2607, 63.7427, 50.7848
2608, 63.7819, 50.8015
2609, 63.8199, 50.8182
2610, 63.8555, 50.8348
2611, 63.8937, 50.8515
2612, 63.9329, 50.8682
2613, 63.9329, 50.8682
2614, 63.9729, 50.8848
2615, 64.0119, 50.9015
2616, 64.048, 50.9182
2617, 64.0854, 50.9348
2618, 64.1236, 50.9515
2619, 64.1624, 50.9682
2620, 64.2002, 50.9848
2621, 64.2364, 51.0015
2622, 64.2703, 51.0182
2623, 64.3049, 51.0348
2624, 64.3416, 51.0515
2625, 64.3813, 51.0682
2626, 64.4201, 51.0848
2627, 64.456, 51.1015
2628, 64.456, 51.1015
2629, 64.4907, 51.1182
2630, 64.5272, 51.1348
2631, 64.5635, 51.1515
2632, 64.5977, 51.1682
2633, 64.6307, 51.1848
2634, 64.6633, 51.2015
2635, 64.6951, 51.2182
2636, 64.7253, 51.2348
2637, 64.764, 51.2515
2638, 64.8047, 51.2682
2639, 64.8414, 51.2848
2640, 64.8744, 51.3015
2641, 64.9089, 51.3182
2642, 64.9089, 51.3182
2643, 64.9427, 51.3348
2644, 64.9736, 51.3515
2645, 65.0023, 51.3682
2646, 65.0353, 51.3848
2647, 65.0708, 51.4015
2648, 65.1059, 51.4182
2649, 65.1387, 51.4348
2650, 65.1712, 51.4515
2651, 65.2017, 51.4682
2652, 65.2309, 51.4848
2653, 65.2615, 51.5015
2654, 65.2941, 51.5182
2655, 65.2941, 51.5182
2656, 65.3266, 51.5348
2657, 65.357, 51.5515
2658, 65.3864, 51.5682
2659, 65.4179, 51.5848
2660, 65.4513, 51.6015
2661, 65.4828, 51.6182
2662, 65.5112, 51.6348
2663, 65.5406, 51.6515
2664, 65.5721, 51.6682
2665, 65.606, 51.6848
2666, 65.6374, 51.7015
2667, 65.6374, 51.7015
2668, 65.6666, 51.7182
2669, 65.696, 51.7348
2670, 65.7258, 51.7515
2671, 65.7543, 51.7682
2672, 65.7827, 51.7848
2673, 65.8112, 51.8015
2674, 65.8417, 51.8182
2675, 65.8709, 51.8348
2676, 65.9003, 51.8515
2677, 65.9288, 51.8682
2678, 65.9288, 51.8682
2679, 65.9594, 51.8848
2680, 65.9901, 51.9015
2681, 66.0192, 51.9182
2682, 66.0462, 51.9348
2683, 66.073, 51.9515
2684, 66.1002, 51.9682
2685, 66.1269, 51.9848
2686, 66.1564, 52.0015
2687, 66.1867, 52.0182
2688, 66.2156, 52.0348
2689, 66.2156, 52.0348
2690, 66.2415, 52.0515
2691, 66.2683, 52.0682
2692, 66.2945, 52.0848
2693, 66.3194, 52.1015
2694, 66.3454, 52.1182
2695, 66.3729, 52.1348
2696, 66.3974, 52.1515
2697, 66.4203, 52.1682
2698, 66.4453, 52.1848
2699, 66.4712, 52.2015
2700, 66.4712, 52.2015
2701, 66.4954, 52.2182
2702, 66.5202, 52.2348
2703, 66.5471, 52.2515
2704, 66.5721, 52.2682
2705, 66.5921, 52.2848
2706, 66.6183, 52.3015
2707, 66.6511, 52.3182
2708, 66.6796, 52.3348
2709, 66.7017, 52.3515
2710, 66.7017, 52.3515
2711, 66.7262, 52.3682
2712, 66.7551, 52.3848
2713, 66.7831, 52.4015
2714, 66.8082, 52.4182
2715, 66.8334, 52.4348
2716, 66.8595, 52.4515
2717, 66.889, 52.4682
2718, 66.9162, 52.4848
2719, 66.9417, 52.5015
2720, 66.9417, 52.5015
2721, 66.9669, 52.5182
2722, 66.9944, 52.5348
2723, 67.0214, 52.5515
2724, 67.0449, 52.5682
2725, 67.0689, 52.5848
2726, 67.0925, 52.6015
2727, 67.1184, 52.6182
2728, 67.1435, 52.6348
2729, 67.1677, 52.6515
2730, 67.1677, 52.6515
2731, 67.1919, 52.6682
2732, 67.2133, 52.6848
2733, 67.2355, 52.7015
2734, 67.2582, 52.7182
2735, 67.2814, 52.7348
2736, 67.3033, 52.7515
2737, 67.3258, 52.7682
2738, 67.3477, 52.7848
2739, 67.3477, 52.7848
2740, 67.3692, 52.8015
2741, 67.3909, 52.8182
2742, 67.413, 52.8348
2743, 67.4347, 52.8515
2744, 67.4539, 52.8682
2745, 67.4736, 52.8848
2746, 67.4926, 52.9015
2747, 67.5118, 52.9182
2748, 67.5118, 52.9182
2749, 67.5318, 52.9348
2750, 67.5524, 52.9515
2751, 67.5714, 52.9682
2752, 67.5904, 52.9848
2753, 67.6108, 53.0015
2754, 67.6308, 53.0182
2755, 67.6509, 53.0348
2756, 67.6718, 53.0515
2757, 67.6718, 53.0515
2758, 67.6934, 53.0682
2759, 67.7148, 53.0848
2760, 67.7356, 53.1015
2761, 67.7578, 53.1182
2762, 67.7814, 53.1348
2763, 67.8053, 53.1515
2764, 67.8275, 53.1682
2765, 67.8502, 53.1848
2766, 67.8502, 53.1848
2767, 67.8739, 53.2015
2768, 67.8973, 53.2182
2769, 67.9202, 53.2348
2770, 67.9427, 53.2515
2771, 67.9661, 53.2682
2772, 67.9887, 53.2848
2773, 68.0104, 53.3015
2774, 68.0104, 53.3015
2775, 68.032, 53.3182
2776, 68.055, 53.3348
2777, 68.0777, 53.3515
2778, 68.0996, 53.3682
2779, 68.1222, 53.3848
2780, 68.1438, 53.4015
2781, 68.1657, 53.4182
2782, 68.1872, 53.4348
2783, 68.1872, 53.4348
2784, 68.2095, 53.4515
2785, 68.2339, 53.4682
2786, 68.2567, 53.4848
2787, 68.2774, 53.5015
2788, 68.2984, 53.5182
2789, 68.3196, 53.5348
2790, 68.3437, 53.5515
2791, 68.3437, 53.5515
2792, 68.369, 53.5682
2793, 68.3933, 53.5848
2794, 68.414, 53.6015
2795, 68.4339, 53.6182
2796, 68.4556, 53.6348
2797, 68.4789, 53.6515
2798, 68.5017, 53.6682
2799, 68.5017, 53.6682
2800, 68.5242, 53.6848
2801, 68.5471, 53.7015
2802, 68.5687, 53.7182
2803, 68.5914, 53.7348
2804, 68.6122, 53.7515
2805, 68.6315, 53.7682
2806, 68.6509, 53.7848
2807, 68.6509, 53.7848
2808, 68.6718, 53.8015
2809, 68.6948, 53.8182
2810, 68.7169, 53.8348
2811, 68.7377, 53.8515
2812, 68.7582, 53.8682
2813, 68.7793, 53.8848
2814, 68.8017, 53.9015
2815, 68.8017, 53.9015
2816, 68.8232, 53.9182
2817, 68.844, 53.9348
2818, 68.8634, 53.9515
2819, 68.884, 53.9682
2820, 68.9052, 53.9848
2821, 68.9261, 54.0015
2822, 68.9463, 54.0182
2823, 68.9463, 54.0182
2824, 68.9649, 54.0348
2825, 68.9848, 54.0515
2826, 69.0053, 54.0682
2827, 69.0238, 54.0848
2828, 69.0441, 54.1015
2829, 69.0653, 54.1182
2830, 69.0653, 54.1182
2831, 69.0849, 54.1348
2832, 69.1045, 54.1515
2833, 69.1277, 54.1682
2834, 69.1497, 54.1848
2835, 69.168, 54.2015
2836, 69.1842, 54.2182
2837, 69.2043, 54.2348
2838, 69.2043, 54.2348
2839, 69.2294, 54.2515
2840, 69.2526, 54.2682
2841, 69.2725, 54.2848
2842, 69.2942, 54.3015
2843, 69.3134, 54.3182
2844, 69.3355, 54.3348
2845, 69.3355, 54.3348
2846, 69.3585, 54.3515
2847, 69.3807, 54.3682
2848, 69.3989, 54.3848
2849, 69.4166, 54.4015
2850, 69.4335, 54.4182
2851, 69.4529, 54.4348
2852, 69.4732, 54.4515
2853, 69.4732, 54.4515
2854, 69.4949, 54.4682
2855, 69.5154, 54.4848
2856, 69.535, 54.5015
2857, 69.5542, 54.5182
2858, 69.5743, 54.5348
2859, 69.5957, 54.5515
2860, 69.5957, 54.5515
2861, 69.6156, 54.5682
2862, 69.6335, 54.5848
2863, 69.6524, 54.6015
2864, 69.6726, 54.6182
2865, 69.6923, 54.6348
2866, 69.7121, 54.6515
2867, 69.7121, 54.6515
2868, 69.7312, 54.6682
2869, 69.7501, 54.6848
2870, 69.7693, 54.7015
2871, 69.7902, 54.7182
2872, 69.8117, 54.7348
2873, 69.8302, 54.7515
2874, 69.8302, 54.7515
2875, 69.8465, 54.7682
2876, 69.8649, 54.7848
2877, 69.8849, 54.8015
2878, 69.9059, 54.8182
2879, 69.9247, 54.8348
2880, 69.9433, 54.8515
2881, 69.9433, 54.8515
2882, 69.9632, 54.8682
2883, 69.9835, 54.8848
2884, 70.0031, 54.9015
2885, 70.0219, 54.9182
2886, 70.0388, 54.9348
2887, 70.0578, 54.9515
2888, 70.0578, 54.9515
2889, 70.0781, 54.9682
2890, 70.0983, 54.9848
2891, 70.117, 55.0015
2892, 70.134, 55.0182
2893, 70.1527, 55.0348
2894, 70.1729, 55.0515
2895, 70.1729, 55.0515
2896, 70.1916, 55.0682
2897, 70.2088, 55.0848
2898, 70.2251, 55.1015
2899, 70.2426, 55.1182
2900, 70.26, 55.1348
2901, 70.2776, 55.1515
2902, 70.2776, 55.1515
2903, 70.2973, 55.1682
2904, 70.3172, 55.1848
2905, 70.3351, 55.2015
2906, 70.3509, 55.2182
2907, 70.3682, 55.2348
2908, 70.3882, 55.2515
2909, 70.3882, 55.2515
2910, 70.4055, 55.2682
2911, 70.4214, 55.2848
2912, 70.4385, 55.3015
2913, 70.4586, 55.3182
2914, 70.4762, 55.3348
2915, 70.4928, 55.3515
2916, 70.4928, 55.3515
2917, 70.4625, 55.3682
2918, 70.3973, 55.3848
2919, 70.4428, 55.4015
2920, 70.4564, 55.4182
2921, 70.4592, 55.4348
2922, 70.4736, 55.4515
2923, 70.4736, 55.4515
2924, 70.4886, 55.4682
2925, 70.4994, 55.4848
2926, 70.5096, 55.5015
2927, 70.5194, 55.5182
2928, 70.5299, 55.5348
2929, 70.5427, 55.5515
2930, 70.5427, 55.5515
2931, 70.5564, 55.5682
2932, 70.5696, 55.5848
2933, 70.58, 55.6015
2934, 70.5892, 55.6182
2935, 70.5991, 55.6348
2936, 70.611, 55.6515
2937, 70.611, 55.6515
2938, 70.6239, 55.6682
2939, 70.6358, 55.6848
2940, 70.6478, 55.7015
2941, 70.6589, 55.7182
2942, 70.6698, 55.7348
2943, 70.6698, 55.7348
2944, 70.6806, 55.7515
2945, 70.6934, 55.7682
2946, 70.7047, 55.7848
2947, 70.7146, 55.8015
2948, 70.7266, 55.8182
2949, 70.7406, 55.8348
2950, 70.7406, 55.8348
2951, 70.752, 55.8515
2952, 70.7622, 55.8682
2953, 70.7747, 55.8848
2954, 70.7874, 55.9015
2955, 70.7972, 55.9182
2956, 70.8057, 55.9348
2957, 70.8057, 55.9348
2958, 70.8157, 55.9515
2959, 70.828, 55.9682
2960, 70.842, 55.9848
2961, 70.8542, 56.0015
2962, 70.8639, 56.0182
2963, 70.8639, 56.0182
2964, 70.873, 56.0348
2965, 70.8853, 56.0515
2966, 70.8953, 56.0682
2967, 70.9051, 56.0848
2968, 70.9159, 56.1015
2969, 70.9284, 56.1182
2970, 70.9284, 56.1182
2971, 70.9402, 56.1348
2972, 70.9514, 56.1515
2973, 70.9619, 56.1682
2974, 70.9706, 56.1848
2975, 70.9803, 56.2015
2976, 70.9905, 56.2182
2977, 70.9905, 56.2182
2978, 71.002, 56.2348
2979, 71.0122, 56.2515
2980, 71.0218, 56.2682
2981, 71.0317, 56.2848
2982, 71.0411, 56.3015
2983, 71.0411, 56.3015
2984, 71.051, 56.3182
2985, 71.0624, 56.3348
2986, 71.0729, 56.3515
2987, 71.0825, 56.3682
2988, 71.0941, 56.3848
2989, 71.1062, 56.4015
2990, 71.1062, 56.4015
2991, 71.1163, 56.4182
2992, 71.1275, 56.4348
2993, 71.1402, 56.4515
2994, 71.1508, 56.4682
2995, 71.1605, 56.4848
2996, 71.1725, 56.5015
2997, 71.1725, 56.5015
2998, 71.1866, 56.5182
2999, 71.1978, 56.5348
3000, 71.2106, 56.5515
3001, 71.2228, 56.5682
3002, 71.2337, 56.5848
3003, 71.2337, 56.5848
3004, 71.245, 56.6015
3005, 71.2585, 56.6182
3006, 71.2716, 56.6348
3007, 71.2835, 56.6515
3008, 71.2982, 56.6682
3009, 71.3105, 56.6848
3010, 71.3105, 56.6848
3011, 71.3207, 56.7015
3012, 71.3323, 56.7182
3013, 71.3491, 56.7348
3014, 71.3618, 56.7515
3015, 71.3709, 56.7682
3016, 71.3796, 56.7848
3017, 71.3796, 56.7848
3018, 71.3932, 56.8015
3019, 71.4112, 56.8182
3020, 71.4263, 56.8348
3021, 71.4364, 56.8515
3022, 71.448, 56.8682
3023, 71.448, 56.8682
3024, 71.4621, 56.8848
3025, 71.4752, 56.9015
3026, 71.4883, 56.9182
3027, 71.5034, 56.9348
3028, 71.5159, 56.9515
3029, 71.5214, 56.9682
3030, 71.5214, 56.9682
3031, 71.5285, 56.9848
3032, 71.5469, 57.0015
3033, 71.5672, 57.0182
3034, 71.5802, 57.0348
3035, 71.5908, 57.0515
3036, 71.5908, 57.0515
3037, 71.6057, 57.0682
3038, 71.6218, 57.0848
3039, 71.6342, 57.1015
3040, 71.6446, 57.1182
3041, 71.6566, 57.1348
3042, 71.672, 57.1515
3043, 71.672, 57.1515
3044, 71.6875, 57.1682
3045, 71.7, 57.1848
3046, 71.7107, 57.2015
3047, 71.723, 57.2182
3048, 71.7366, 57.2348
3049, 71.7366, 57.2348
3050, 71.7495, 57.2515
3051, 71.762, 57.2682
3052, 71.7738, 57.2848
3053, 71.7872, 57.3015
3054, 71.7989, 57.3182
3055, 71.812, 57.3348
3056, 71.812, 57.3348
3057, 71.8258, 57.3515
3058, 71.837, 57.3682
3059, 71.8457, 57.3848
3060, 71.8582, 57.4015
3061, 71.8705, 57.4182
3062, 71.8705, 57.4182
3063, 71.8786, 57.4348
3064, 71.8863, 57.4515
3065, 71.8976, 57.4682
3066, 71.9101, 57.4848
3067, 71.9209, 57.5015
3068, 71.9209, 57.5015
3069, 71.9312, 57.5182
3070, 71.9426, 57.5348
3071, 71.9515, 57.5515
3072, 71.9608, 57.5682
3073, 71.9732, 57.5848
3074, 71.9867, 57.6015
3075, 71.9867, 57.6015
3076, 71.9978, 57.6182
3077, 72.0091, 57.6348
3078, 72.0247, 57.6515
3079, 72.0395, 57.6682
3080, 72.0505, 57.6848
3081, 72.0505, 57.6848
3082, 72.0623, 57.7015
3083, 72.0743, 57.7182
3084, 72.0884, 57.7348
3085, 72.1043, 57.7515
3086, 72.1201, 57.7682
3087, 72.1201, 57.7682
3088, 72.1318, 57.7848
3089, 72.1447, 57.8015
3090, 72.1623, 57.8182
3091, 72.1801, 57.8348
3092, 72.1935, 57.8515
3093, 72.2059, 57.8682
3094, 72.2059, 57.8682
3095, 72.2207, 57.8848
3096, 72.2377, 57.9015
3097, 72.2527, 57.9182
3098, 72.2679, 57.9348
3099, 72.2839, 57.9515
3100, 72.2839, 57.9515
3101, 72.2989, 57.9682
3102, 72.3119, 57.9848
3103, 72.328, 58.0015
3104, 72.3463, 58.0182
3105, 72.3614, 58.0348
3106, 72.3614, 58.0348
3107, 72.3729, 58.0515
3108, 72.3864, 58.0682
3109, 72.4047, 58.0848
3110, 72.4228, 58.1015
3111, 72.4362, 58.1182
3112, 72.4362, 58.1182
3113, 72.4473, 58.1348
3114, 72.4621, 58.1515
3115, 72.4791, 58.1682
3116, 72.493, 58.1848
3117, 72.5031, 58.2015
3118, 72.5031, 58.2015
3119, 72.5158, 58.2182
3120, 72.533, 58.2348
3121, 72.5509, 58.2515
3122, 72.5619, 58.2682
3123, 72.5688, 58.2848
3124, 72.5688, 58.2848
3125, 72.5806, 58.3015
3126, 72.5972, 58.3182
3127, 72.6108, 58.3348
3128, 72.6223, 58.3515
3129, 72.6363, 58.3682
3130, 72.6363, 58.3682
3131, 72.6517, 58.3848
3132, 72.665, 58.4015
3133, 72.677, 58.4182
3134, 72.691, 58.4348
3135, 72.7061, 58.4515
3136, 72.7061, 58.4515
3137, 72.7206, 58.4682
3138, 72.7348, 58.4848
3139, 72.7515, 58.5015
3140, 72.7659, 58.5182
3141, 72.7784, 58.5348
3142, 72.7784, 58.5348
3143, 72.7936, 58.5515
3144, 72.8115, 58.5682
3145, 72.8274, 58.5848
3146, 72.8413, 58.6015
3147, 72.8557, 58.6182
3148, 72.8557, 58.6182
3149, 72.8695, 58.6348
3150, 72.8844, 58.6515
3151, 72.9014, 58.6682
3152, 72.9165, 58.6848
3153, 72.9301, 58.7015
3154, 72.9301, 58.7015
3155, 72.9436, 58.7182
3156, 72.9585, 58.7348
3157, 72.9747, 58.7515
3158, 72.9903, 58.7682
3159, 72.9903, 58.7682
3160, 73.0052, 58.7848
3161, 73.0206, 58.8015
3162, 73.0361, 58.8182
3163, 73.0521, 58.8348
3164, 73.0674, 58.8515
3165, 73.0674, 58.8515
3166, 73.0824, 58.8682
3167, 73.0981, 58.8848
3168, 73.1136, 58.9015
3169, 73.1286, 58.9182
3170, 73.1448, 58.9348
3171, 73.1448, 58.9348
3172, 73.161, 58.9515
3173, 73.1757, 58.9682
3174, 73.1912, 58.9848
3175, 73.207, 59.0015
3176, 73.2215, 59.0182
3177, 73.2215, 59.0182
3178, 73.2355, 59.0348
3179, 73.2496, 59.0515
3180, 73.2651, 59.0682
3181, 73.2832, 59.0848
3182, 73.2832, 59.0848
3183, 73.3011, 59.1015
3184, 73.3159, 59.1182
3185, 73.3308, 59.1348
3186, 73.3478, 59.1515
3187, 73.3625, 59.1682
3188, 73.3625, 59.1682
3189, 73.3732, 59.1848
3190, 73.3848, 59.2015
3191, 73.4031, 59.2182
3192, 73.4214, 59.2348
3193, 73.433, 59.2515
3194, 73.433, 59.2515
3195, 73.4447, 59.2682
3196, 73.4609, 59.2848
3197, 73.4776, 59.3015
3198, 73.4898, 59.3182
3199, 73.4898, 59.3182
3200, 73.5016, 59.3348
3201, 73.5167, 59.3515
3202, 73.5359, 59.3682
3203, 73.5534, 59.3848
3204, 73.5689, 59.4015
3205, 73.5689, 59.4015
3206, 73.5833, 59.4182
3207, 73.5982, 59.4348
3208, 73.6135, 59.4515
3209, 73.6318, 59.4682
3210, 73.6318, 59.4682
3211, 73.6499, 59.4848
3212, 73.6635, 59.5015
3213, 73.6768, 59.5182
3214, 73.6934, 59.5348
3215, 73.712, 59.5515
3216, 73.712, 59.5515
3217, 73.7302, 59.5682
3218, 73.7462, 59.5848
3219, 73.759, 59.6015
3220, 73.7717, 59.6182
3221, 73.7717, 59.6182
3222, 73.788, 59.6348
3223, 73.8032, 59.6515
3224, 73.8165, 59.6682
3225, 73.8354, 59.6848
3226, 73.8568, 59.7015
3227, 73.8568, 59.7015
3228, 73.8726, 59.7182
3229, 73.8852, 59.7348
3230, 73.9012, 59.7515
3231, 73.9186, 59.7682
3232, 73.9186, 59.7682
3233, 73.9344, 59.7848
3234, 73.9508, 59.8015
3235, 73.9681, 59.8182
3236, 73.9836, 59.8348
3237, 73.9956, 59.8515
3238, 73.9956, 59.8515
3239, 74.0105, 59.8682
3240, 74.0258, 59.8848
3241, 74.0442, 59.9015
3242, 74.0663, 59.9182
3243, 74.0663, 59.9182
3244, 74.0868, 59.9348
3245, 74.1064, 59.9515
3246, 74.1251, 59.9682
3247, 74.1443, 59.9848
3248, 74.1443, 59.9848
3249, 74.1637, 60.0015
3250, 74.1823, 60.0182
3251, 74.1996, 60.0348
3252, 74.2162, 60.0515
3253, 74.2162, 60.0515
3254, 74.2332, 60.0682
3255, 74.2533, 60.0848
3256, 74.2745, 60.1015
3257, 74.293, 60.1182
3258, 74.3105, 60.1348
3259, 74.3105, 60.1348
3260, 74.3288, 60.1515
3261, 74.3474, 60.1682
3262, 74.3682, 60.1848
3263, 74.3876, 60.2015
3264, 74.3876, 60.2015
3265, 74.4065, 60.2182
3266, 74.4233, 60.2348
3267, 74.4401, 60.2515
3268, 74.4597, 60.2682
3269, 74.4597, 60.2682
3270, 74.4802, 60.2848
3271, 74.5004, 60.3015
3272, 74.5206, 60.3182
3273, 74.5391, 60.3348
3274, 74.5391, 60.3348
3275, 74.5583, 60.3515
3276, 74.5775, 60.3682
3277, 74.5958, 60.3848
3278, 74.6137, 60.4015
3279, 74.6137, 60.4015
3280, 74.6337, 60.4182
3281, 74.6536, 60.4348
3282, 74.6734, 60.4515
3283, 74.6922, 60.4682
3284, 74.7099, 60.4848
3285, 74.7099, 60.4848
3286, 74.7289, 60.5015
3287, 74.7522, 60.5182
3288, 74.7724, 60.5348
3289, 74.7901, 60.5515
3290, 74.7901, 60.5515
3291, 74.8083, 60.5682
3292, 74.8279, 60.5848
3293, 74.8465, 60.6015
3294, 74.8653, 60.6182
3295, 74.8653, 60.6182
3296, 74.8824, 60.6348
3297, 74.9005, 60.6515
3298, 74.9214, 60.6682
3299, 74.9433, 60.6848
3300, 74.9433, 60.6848
3301, 74.9639, 60.7015
3302, 74.983, 60.7182
3303, 75.0017, 60.7348
3304, 75.0182, 60.7515
3305, 75.0182, 60.7515
3306, 75.0331, 60.7682
3307, 75.0504, 60.7848
3308, 75.0701, 60.8015
3309, 75.0899, 60.8182
3310, 75.0899, 60.8182
3311, 75.1093, 60.8348
3312, 75.1284, 60.8515
3313, 75.1446, 60.8682
3314, 75.1596, 60.8848
3315, 75.1596, 60.8848
3316, 75.1742, 60.9015
3317, 75.187, 60.9182
3318, 75.193, 60.9348
3319, 75.1945, 60.9515
3320, 75.1945, 60.9515
3321, 75.194, 60.9682
3322, 75.1936, 60.9848
3323, 75.1912, 61.0015
3324, 75.185, 61.0182
3325, 75.185, 61.0182
3326, 75.1742, 61.0348
3327, 75.1606, 61.0515
3328, 75.1444, 61.0682
3329, 75.1212, 61.0848
3330, 75.1212, 61.0848
3331, 75.0887, 61.1015
3332, 75.0486, 61.1182
3333, 74.9926, 61.1348
3334, 74.9084, 61.1515
3335, 74.9084, 61.1515
3336, 74.7924, 61.1682
3337, 74.6532, 61.1848
3338, 74.5011, 61.2015
3339, 74.3388, 61.2182
3340, 74.3388, 61.2182
3341, 74.1264, 61.2348
3342, 73.8983, 61.2515
3343, 73.6956, 61.2682
3344, 73.4653, 61.2848
3345, 73.2014, 61.3015
3346, 73.2014, 61.3015
3347, 72.9227, 61.3182
3348, 72.6311, 61.3348
3349, 72.3221, 61.3515
3350, 71.9968, 61.3682
3351, 71.9968, 61.3682
3352, 71.6597, 61.3848
3353, 71.3143, 61.4015
3354, 70.9553, 61.4182
3355, 70.5922, 61.4348
3356, 70.2372, 61.4515
3357, 69.888, 61.4682
3358, 69.888, 61.4682
3359, 69.5446, 61.4848
3360, 69.2145, 61.5015
3361, 68.8933, 61.5182
3362, 68.5835, 61.5348
3363, 68.2917, 61.5515
3364, 68.0103, 61.5682
3365, 67.7388, 61.5848
3366, 67.7388, 61.5848
3367, 67.4809, 61.6015
3368, 67.2322, 61.6182
3369, 66.9914, 61.6348
3370, 66.7641, 61.6515
3371, 66.5477, 61.6682
3372, 66.3328, 61.6848
3373, 66.0723, 61.7015
3374, 65.8092, 61.7182
3375, 65.594, 61.7348
3376, 65.3691, 61.7515
3377, 65.3691, 61.7515
3378, 65.1161, 61.7682
3379, 64.8583, 61.7848
3380, 64.6005, 61.8015
3381, 64.3329, 61.8182
3382, 64.0504, 61.8348
3383, 63.7561, 61.8515
3384, 63.4506, 61.8682
3385, 63.1366, 61.8848
3386, 62.818, 61.9015
3387, 62.4972, 61.9182
3388, 62.1771, 61.9348
3389, 61.8546, 61.9515
3390, 61.5366, 61.9682
3391, 61.2203, 61.9848
3392, 60.9082, 62.0015
3393, 60.6023, 62.0182
3394, 60.3031, 62.0348
3395, 60.0068, 62.0515
3396, 59.7175, 62.0682
3397, 59.4323, 62.0848
3398, 59.1496, 62.1015
3399, 58.8516, 62.1182
3400, 58.5129, 62.1348
3401, 58.1935, 62.1515
3402, 57.8824, 62.1682
3403, 57.5561, 62.1848
3404, 57.2139, 62.2015
3405, 56.8685, 62.2182
3406, 56.5189, 62.2348
3407, 56.1583, 62.2515
3408, 55.7857, 62.2682
3409, 55.4124, 62.2848
3410, 55.0363, 62.3015
3411, 54.6554, 62.3182
3412, 54.2691, 62.3348
3413, 53.5036, 62.3682
3414, 53.1242, 62.3848
3415, 52.7514, 62.4015
3416, 52.3855, 62.4182
3417, 52.026, 62.4348
3418, 51.6634, 62.4515
3419, 51.2639, 62.4682
3420, 50.5119, 62.5015
3421, 50.1474, 62.5182
3422, 49.7769, 62.5348
3423, 49.4051, 62.5515
3424, 49.0352, 62.5682
3425, 48.3086, 62.6015
3426, 47.9535, 62.6182
3427, 47.6086, 62.6348
3428, 47.2699, 62.6515
3429, 46.599, 62.6848
3430, 46.27, 62.7015
3431, 45.9427, 62.7182
3432, 45.283, 62.7515
3433, 44.9479, 62.7682
3434, 44.5939, 62.7848
3435, 43.8331, 62.8182
3436, 43.4707, 62.8348
3437, 43.1039, 62.8515
3438, 42.3699, 62.8848
3439, 42.0218, 62.9015
3440, 41.3395, 62.9348
3441, 40.9989, 62.9515
3442, 40.6708, 62.9682
3443, 40.036, 63.0015
3444, 39.7247, 63.0182
3445, 39.1205, 63.0515
3446, 38.824, 63.0682
3447, 38.2218, 63.1015
3448, 37.6157, 63.1348
3449, 37.3171, 63.1515
3450, 36.7376, 63.1848
3451, 36.459, 63.2015
3452, 35.9523, 63.2348
3453, 35.4906, 63.2682
3454, 35.2674, 63.2848
3455, 34.851, 63.3182
3456, 34.4569, 63.3515
3457, 34.2663, 63.3682
3458, 33.9299, 63.4015
3459, 33.6134, 63.4348
3460, 33.254, 63.4682
3461, 33.0488, 63.4848
3462, 32.6827, 63.5182
3463, 32.3521, 63.5515
3464, 32.0256, 63.5848
3465, 31.7219, 63.6182
3466, 31.5808, 63.6348
3467, 31.3161, 63.6682
3468, 31.0574, 63.7015
3469, 30.8123, 63.7348
3470, 30.5854, 63.7682
3471, 30.4746, 63.7848
3472, 30.2564, 63.8182
3473, 30.0669, 63.8515
3474, 29.8962, 63.8848
3475, 29.7289, 63.9182
3476, 29.6485, 63.9348
3477, 29.4997, 63.9682
3478, 29.3624, 64.0015
3479, 29.2305, 64.0348
3480, 29.0995, 64.0682
3481, 28.9679, 64.1015
3482, 28.9019, 64.1182
3483, 28.7711, 64.1515
3484, 28.6398, 64.1848
3485, 28.5086, 64.2182
3486, 28.3784, 64.2515
3487, 28.2536, 64.2848
3488, 28.1314, 64.3182
3489, 27.9901, 64.3515
3490, 27.8314, 64.3848
3491, 27.6911, 64.4182
3492, 27.5169, 64.4682
3493, 27.403, 64.5015
3494, 27.2838, 64.5348
3495, 27.1853, 64.5682
3496, 27.1063, 64.6015
3497, 27.0479, 64.6348
3498, 27.0969, 64.6848
3499, 27.1046, 64.7182
3500, 27.0849, 64.7515
3501, 27.0943, 64.7848
3502, 27.1361, 64.8182
3503, 27.2151, 64.8682
3504, 27.2648, 64.9015
3505, 27.3295, 64.9348
3506, 27.4108, 64.9682
3507, 27.5118, 65.0015
3508, 27.6902, 65.0515
3509, 27.8203, 65.0848
3510, 27.9613, 65.1182
3511, 28.114, 65.1515
3512, 28.2737, 65.1848
3513, 28.4394, 65.2182
3514, 28.6174, 65.2515
3515, 28.8019, 65.2848
3516, 29.0842, 65.3348
3517, 29.2799, 65.3682
3518, 29.4811, 65.4015
3519, 29.6842, 65.4348
3520, 29.8924, 65.4682
3521, 30.0956, 65.5015
3522, 30.2783, 65.5348
3523, 30.4109, 65.5682
3524, 30.4894, 65.6015
3525, 30.546, 65.6348
3526, 30.5995, 65.6682
3527, 30.653, 65.7015
3528, 30.6939, 65.7348
3529, 30.7059, 65.7515
3530, 30.7113, 65.7848
3531, 30.6927, 65.8182
3532, 30.6579, 65.8515
3533, 30.6149, 65.8848
3534, 30.5659, 65.9182
3535, 30.5054, 65.9515
3536, 30.4439, 65.9848
3537, 30.3874, 66.0182
3538, 30.3317, 66.0515
3539, 30.2755, 66.0848
3540, 30.2269, 66.1182
3541, 30.1938, 66.1515
3542, 30.1797, 66.1848
3543, 30.1773, 66.2182
3544, 30.1754, 66.2515
3545, 30.1668, 66.2848
3546, 30.1614, 66.3182
3547, 30.1802, 66.3515
3548, 30.2353, 66.3848
3549, 30.3072, 66.4182
3550, 30.3876, 66.4515
3551, 30.4522, 66.4848
3552, 30.5137, 66.5182
3553, 30.5926, 66.5515
3554, 30.679, 66.5848
3555, 30.7128, 66.6015
3556, 30.7754, 66.6348
3557, 30.8142, 66.6682
3558, 30.859, 66.7015
3559, 30.9038, 66.7348
3560, 30.9663, 66.7682
3561, 31.045, 66.8015
3562, 31.1292, 66.8348
3563, 31.2, 66.8682
3564, 31.2714, 66.9015
3565, 31.3661, 66.9348
3566, 31.4681, 66.9682
3567, 31.5144, 66.9848
3568, 31.5966, 67.0182
3569, 31.6798, 67.0515
3570, 31.7739, 67.0848
3571, 31.8699, 67.1182
3572, 31.9586, 67.1515
3573, 32.0445, 67.1848
3574, 32.0853, 67.2015
3575, 32.1719, 67.2348
3576, 32.2645, 67.2682
3577, 32.3643, 67.3015
3578, 32.4647, 67.3348
3579, 32.5166, 67.3515
3580, 32.6182, 67.3848
3581, 32.7262, 67.4182
3582, 32.8521, 67.4515
3583, 33.0101, 67.4848
3584, 33.1001, 67.5015
3585, 33.3035, 67.5348
3586, 33.5139, 67.5682
3587, 33.7263, 67.6015
3588, 33.8202, 67.6182
3589, 33.9969, 67.6515
3590, 34.1572, 67.6848
3591, 34.3094, 67.7182
3592, 34.3807, 67.7348
3593, 34.5159, 67.7682
3594, 34.6423, 67.8015
3595, 34.7001, 67.8182
3596, 34.8064, 67.8515
3597, 34.8548, 67.8848
3598, 34.9241, 67.9182
3599, 35.062, 67.9348
3600, 35.2591, 67.9682
3601, 35.4352, 68.0015
3602, 35.5006, 68.0182
3603, 35.6213, 68.0515
3604, 35.7567, 68.0848
3605, 35.8272, 68.1015
3606, 35.9716, 68.1348
3607, 36.1094, 68.1682
3608, 36.1793, 68.1848
3609, 36.3194, 68.2182
3610, 36.466, 68.2515
3611, 36.5416, 68.2682
3612, 36.6832, 68.3015
3613, 36.8215, 68.3348
3614, 36.8919, 68.3515
3615, 37.0349, 68.3848
3616, 37.1794, 68.4182
3617, 37.2527, 68.4348
3618, 37.4088, 68.4682
3619, 37.4794, 68.4848
3620, 37.6338, 68.5182
3621, 37.7831, 68.5515
3622, 37.8645, 68.5682
3623, 38.0135, 68.6015
3624, 38.0954, 68.6182
3625, 38.2365, 68.6515
3626, 38.4012, 68.6848
3627, 38.4791, 68.7015
3628, 38.6476, 68.7348
3629, 38.7248, 68.7515
3630, 38.8961, 68.7848
3631, 38.9747, 68.8015
3632, 39.1445, 68.8348
3633, 39.2183, 68.8515
3634, 39.3791, 68.8848
3635, 39.4442, 68.9015
3636, 39.6053, 68.9348
3637, 39.7733, 68.9682
3638, 39.8684, 68.9848
3639, 40.0435, 69.0182
3640, 40.1367, 69.0348
3641, 40.3135, 69.0682
3642, 40.4035, 69.0848
3643, 40.5514, 69.1182
3644, 40.6119, 69.1348
3645, 40.736, 69.1682
3646, 40.8172, 69.1848
3647, 40.9063, 69.2015
3648, 41.1137, 69.2348
3649, 41.2121, 69.2515
3650, 41.3859, 69.2848
3651, 41.4641, 69.3015
3652, 41.6277, 69.3348
3653, 41.7107, 69.3515
3654, 41.8707, 69.3848
3655, 41.9514, 69.4015
3656, 42.1179, 69.4348
3657, 42.2007, 69.4515
3658, 42.2817, 69.4682
3659, 42.432, 69.5015
3660, 42.5033, 69.5182
3661, 42.6501, 69.5515
3662, 42.7223, 69.5682
3663, 42.7998, 69.5848
3664, 42.9655, 69.6182
3665, 43.0563, 69.6348
3666, 43.0927, 69.6682
3667, 43.1842, 69.6848
3668, 43.2904, 69.7015
3669, 43.4135, 69.7348
3670, 43.4913, 69.7515
3671, 43.6425, 69.7848
3672, 43.723, 69.8015
3673, 43.8028, 69.8182
3674, 43.9489, 69.8515
3675, 44.0229, 69.8682
3676, 44.0946, 69.8848
3677, 44.2117, 69.9182
3678, 44.2578, 69.9348
3679, 44.295, 69.9515
3680, 44.3514, 69.9848
3681, 44.4057, 70.0015
3682, 44.4938, 70.0182
3683, 44.749, 70.0515
3684, 44.8845, 70.0682
3685, 45.007, 70.0848
3686, 45.1838, 70.1182
3687, 45.256, 70.1348
3688, 45.3277, 70.1515
3689, 45.4674, 70.1848
3690, 45.5357, 70.2015
3691, 45.607, 70.2182
3692, 45.7794, 70.2515
3693, 45.8727, 70.2682
3694, 45.962, 70.2848
3695, 46.13, 70.3182
3696, 46.2122, 70.3348
3697, 46.2916, 70.3515
3698, 46.3684, 70.3682
3699, 46.5112, 70.4015
3700, 46.5826, 70.4182
3701, 46.6554, 70.4348
3702, 46.8313, 70.4682
3703, 46.9252, 70.4848
3704, 47.0143, 70.5015
3705, 47.0983, 70.5182
3706, 47.2611, 70.5515
3707, 47.3419, 70.5682
3708, 47.4213, 70.5848
3709, 47.5008, 70.6015
3710, 47.6504, 70.6348
3711, 47.7236, 70.6515
3712, 47.7989, 70.6682
3713, 47.8828, 70.6848
3714, 48.0704, 70.7182
3715, 48.1612, 70.7348
3716, 48.2452, 70.7515
3717, 48.3254, 70.7682
3718, 48.3994, 70.7848
3719, 48.543, 70.8182
3720, 48.6262, 70.8348
3721, 48.7263, 70.8515
3722, 48.8283, 70.8682
3723, 48.9573, 70.9015
3724, 48.9843, 70.9182
3725, 49.0406, 70.9348
3726, 49.1412, 70.9515
3727, 49.2677, 70.9682
3728, 49.4926, 71.0015
3729, 49.5748, 71.0182
3730, 49.6495, 71.0348
3731, 49.723, 71.0515
3732, 49.7981, 71.0682
3733, 49.874, 71.0848
3734, 50.0319, 71.1182
3735, 50.1147, 71.1348
3736, 50.2003, 71.1515
3737, 50.2854, 71.1682
3738, 50.3702, 71.1848
3739, 50.5469, 71.2182
3740, 50.6351, 71.2348
3741, 50.7227, 71.2515
3742, 50.807, 71.2682
3743, 50.8898, 71.2848
3744, 50.9728, 71.3015
3745, 51.1303, 71.3348
3746, 51.2101, 71.3515
3747, 51.2912, 71.3682
3748, 51.3744, 71.3848
3749, 51.4586, 71.4015
3750, 51.6302, 71.4348
3751, 51.7177, 71.4515
3752, 51.7985, 71.4682
3753, 51.873, 71.4848
3754, 51.9417, 71.5015
3755, 52.0125, 71.5182
3756, 52.1417, 71.5515
3757, 52.1987, 71.5682
3758, 52.2592, 71.5848
3759, 52.3213, 71.6015
3760, 52.3846, 71.6182
3761, 52.4506, 71.6348
3762, 52.5181, 71.6515
3763, 52.6469, 71.6848
3764, 52.7063, 71.7015
3765, 52.7649, 71.7182
3766, 52.8239, 71.7348
3767, 52.8869, 71.7515
3768, 52.9098, 71.7682
3769, 52.9943, 71.8015
3770, 53.0962, 71.8182
3771, 53.1605, 71.8348
3772, 53.2337, 71.8515
3773, 53.3143, 71.8682
3774, 53.3894, 71.8848
3775, 53.4606, 71.9015
3776, 53.6173, 71.9348
3777, 53.6997, 71.9515
3778, 53.7822, 71.9682
3779, 53.8628, 71.9848
3780, 53.9426, 72.0015
3781, 54.0216, 72.0182
3782, 54.1002, 72.0348
3783, 54.1771, 72.0515
3784, 54.3292, 72.0848
3785, 54.4049, 72.1015
3786, 54.4826, 72.1182
3787, 54.5626, 72.1348
3788, 54.6456, 72.1515
3789, 54.7299, 72.1682
3790, 54.8113, 72.1848
3791, 54.8896, 72.2015
3792, 54.963, 72.2182
3793, 55.1114, 72.2515
3794, 55.1882, 72.2682
3795, 55.2668, 72.2848
3796, 55.3446, 72.3015
3797, 55.4212, 72.3182
3798, 55.4972, 72.3348
3799, 55.5727, 72.3515
3800, 55.6485, 72.3682
3801, 55.7235, 72.3848
3802, 55.798, 72.4015
3803, 55.9474, 72.4348
3804, 56.0184, 72.4515
3805, 56.0898, 72.4682
3806, 56.1608, 72.4848
3807, 56.2301, 72.5015
3808, 56.2992, 72.5182
3809, 56.3674, 72.5348
3810, 56.4421, 72.5515
3811, 56.5172, 72.5682
3812, 56.5888, 72.5848
3813, 56.6556, 72.6015
3814, 56.723, 72.6182
3815, 56.7935, 72.6348
3816, 56.9342, 72.6682
3817, 57.0033, 72.6848
3818, 57.0719, 72.7015
3819, 57.141, 72.7182
3820, 57.2107, 72.7348
3821, 57.2781, 72.7515
3822, 57.3463, 72.7682
3823, 57.4157, 72.7848
3824, 57.4839, 72.8015
3825, 57.5505, 72.8182
3826, 57.615, 72.8348
3827, 57.6831, 72.8515
3828, 57.7533, 72.8682
3829, 57.8228, 72.8848
3830, 57.887, 72.9015
3831, 57.9511, 72.9182
3832, 58.0143, 72.9348
3833, 58.1397, 72.9682
3834, 58.2012, 72.9848
3835, 58.263, 73.0015
3836, 58.3291, 73.0182
3837, 58.3963, 73.0348
3838, 58.4577, 73.0515
3839, 58.5122, 73.0682
3840, 58.5648, 73.0848
3841, 58.6212, 73.1015
3842, 58.681, 73.1182
3843, 58.7419, 73.1348
3844, 58.8027, 73.1515
3845, 58.8615, 73.1682
3846, 58.9135, 73.1848
3847, 58.9592, 73.2015
3848, 59.0083, 73.2182
3849, 59.0632, 73.2348
3850, 59.1207, 73.2515
3851, 59.1719, 73.2682
3852, 59.2187, 73.2848
3853, 59.2644, 73.3015
3854, 59.3131, 73.3182
3855, 59.3622, 73.3348
3856, 59.4094, 73.3515
3857, 59.456, 73.3682
3858, 59.5036, 73.3848
3859, 59.5519, 73.4015
3860, 59.6017, 73.4182
3861, 59.6516, 73.4348
3862, 59.6994, 73.4515
3863, 59.743, 73.4682
3864, 59.7848, 73.4848
3865, 59.8308, 73.5015
3866, 59.8825, 73.5182
3867, 59.9363, 73.5348
3868, 59.986, 73.5515
3869, 60.0304, 73.5682
3870, 60.0753, 73.5848
3871, 60.1234, 73.6015
3872, 60.1716, 73.6182
3873, 60.2176, 73.6348
3874, 60.2617, 73.6515
3875, 60.3062, 73.6682
3876, 60.3523, 73.6848
3877, 60.3967, 73.7015
3878, 60.4406, 73.7182
3879, 60.484, 73.7348
3880, 60.5272, 73.7515
3881, 60.5706, 73.7682
3882, 60.6133, 73.7848
3883, 60.6546, 73.8015
3884, 60.6956, 73.8182
3885, 60.7373, 73.8348
3886, 60.781, 73.8515
3887, 60.8246, 73.8682
3888, 60.866, 73.8848
3889, 60.9063, 73.9015
3890, 60.9484, 73.9182
3891, 60.9918, 73.9348
3892, 61.0329, 73.9515
3893, 61.0735, 73.9682
3894, 61.1126, 73.9848
3895, 61.1509, 74.0015
3896, 61.1918, 74.0182
3897, 61.2361, 74.0348
3898, 61.2813, 74.0515
3899, 61.3249, 74.0682
3900, 61.3598, 74.0848
3901, 61.3888, 74.1015
3902, 61.4211, 74.1182
3903, 61.4654, 74.1348
3904, 61.4459, 74.1515
3905, 61.3933, 74.1682
3906, 61.4909, 74.1848
3907, 61.4909, 74.1848
3908, 61.5369, 74.2015
3909, 61.5402, 74.2182
3910, 61.5662, 74.2348
3911, 61.6111, 74.2515
3912, 61.6496, 74.2682
3913, 61.6814, 74.2848
3914, 61.7148, 74.3015
3915, 61.7471, 74.3182
3916, 61.7786, 74.3348
3917, 61.8105, 74.3515
3918, 61.8405, 74.3682
3919, 61.8705, 74.3848
3920, 61.9002, 74.4015
3921, 61.9289, 74.4182
3922, 61.956, 74.4348
3923, 61.9876, 74.4515
3924, 62.0229, 74.4682
3925, 62.0558, 74.4848
3926, 62.0841, 74.5015
3927, 62.1113, 74.5182
3928, 62.1425, 74.5348
3929, 62.1759, 74.5515
3930, 62.2098, 74.5682
3931, 62.2411, 74.5848
3932, 62.2411, 74.5848
3933, 62.2712, 74.6015
3934, 62.3019, 74.6182
3935, 62.333, 74.6348
3936, 62.365, 74.6515
3937, 62.3956, 74.6682
3938, 62.4251, 74.6848
3939, 62.4546, 74.7015
3940, 62.4835, 74.7182
3941, 62.5112, 74.7348
3942, 62.5374, 74.7515
3943, 62.562, 74.7682
3944, 62.587, 74.7848
3945, 62.6133, 74.8015
3946, 62.6406, 74.8182
3947, 62.667, 74.8348
3948, 62.6909, 74.8515
3949, 62.7138, 74.8682
3950, 62.7352, 74.8848
3951, 62.7564, 74.9015
3952, 62.7775, 74.9182
3953, 62.7775, 74.9182
3954, 62.8, 74.9348
3955, 62.8229, 74.9515
3956, 62.8467, 74.9682
3957, 62.8677, 74.9848
3958, 62.8909, 75.0015
3959, 62.9137, 75.0182
3960, 62.9371, 75.0348
3961, 62.9605, 75.0515
3962, 62.982, 75.0682
3963, 63.0064, 75.0848
3964, 63.033, 75.1015
3965, 63.0617, 75.1182
3966, 63.0876, 75.1348
3967, 63.1163, 75.1515
3968, 63.1472, 75.1682
3969, 63.1756, 75.1848
3970, 63.1966, 75.2015
3971, 63.1966, 75.2015
3972, 63.2184, 75.2182
3973, 63.2411, 75.2348
3974, 63.2723, 75.2515
3975, 63.3074, 75.2682
3976, 63.3403, 75.2848
3977, 63.3621, 75.3015
3978, 63.3803, 75.3182
3979, 63.4045, 75.3348
3980, 63.4279, 75.3515
3981, 63.4517, 75.3682
3982, 63.4776, 75.3848
3983, 63.5084, 75.4015
3984, 63.5336, 75.4182
3985, 63.5556, 75.4348
3986, 63.5784, 75.4515
3987, 63.5784, 75.4515
3988, 63.6074, 75.4682
3989, 63.6377, 75.4848
3990, 63.6658, 75.5015
3991, 63.6941, 75.5182
3992, 63.7229, 75.5348
3993, 63.7514, 75.5515
3994, 63.7804, 75.5682
3995, 63.8103, 75.5848
3996, 63.8398, 75.6015
3997, 63.8686, 75.6182
3998, 63.8979, 75.6348
3999, 63.9291, 75.6515
4000, 63.9601, 75.6682
4001, 63.9601, 75.6682
4002, 63.9914, 75.6848
4003, 64.0226, 75.7015
4004, 64.0555, 75.7182
4005, 64.0891, 75.7348
4006, 64.1229, 75.7515
4007, 64.1557, 75.7682
4008, 64.1891, 75.7848
4009, 64.2229, 75.8015
4010, 64.2545, 75.8182
4011, 64.2876, 75.8348
4012, 64.3239, 75.8515
4013, 64.3598, 75.8682
4014, 64.3598, 75.8682
4015, 64.3924, 75.8848
4016, 64.4237, 75.9015
4017, 64.46, 75.9182
4018, 64.4973, 75.9348
4019, 64.5346, 75.9515
4020, 64.5714, 75.9682
4021, 64.6073, 75.9848
4022, 64.6429, 76.0015
4023, 64.6786, 76.0182
4024, 64.7161, 76.0348
4025, 64.7521, 76.0515
4026, 64.7869, 76.0682
4027, 64.7869, 76.0682
4028, 64.8197, 76.0848
4029, 64.849, 76.1015
4030, 64.8786, 76.1182
4031, 64.9085, 76.1348
4032, 64.9429, 76.1515
4033, 64.9779, 76.1682
4034, 65.018, 76.1848
4035, 65.0569, 76.2015
4036, 65.0939, 76.2182
4037, 65.1275, 76.2348
4038, 65.1593, 76.2515
4039, 65.1901, 76.2682
4040, 65.1901, 76.2682
4041, 65.2239, 76.2848
4042, 65.2602, 76.3015
4043, 65.2962, 76.3182
4044, 65.3284, 76.3348
4045, 65.3586, 76.3515
4046, 65.3897, 76.3682
4047, 65.4234, 76.3848
4048, 65.4598, 76.4015
4049, 65.4962, 76.4182
4050, 65.5277, 76.4348
4051, 65.5543, 76.4515
4052, 65.5852, 76.4682
4053, 65.5852, 76.4682
4054, 65.6205, 76.4848
4055, 65.6491, 76.5015
4056, 65.6716, 76.5182
4057, 65.6716, 76.5182
4058, 65.6716, 76.5182
4059, 65.6716, 76.5182
