0, 66.4208, 172.0999
1, 66.4627, 172.1166
2, 66.4627, 172.1166
3, 66.5033, 172.1333
4, 66.5427, 172.1499
5, 66.5809, 172.1666
6, 66.6226, 172.1833
7, 66.667, 172.1999
8, 66.7094, 172.2166
9, 66.75, 172.2333
10, 66.7929, 172.2499
11, 66.8344, 172.2666
12, 66.8344, 172.2666
13, 66.8765, 172.2833
14, 66.9171, 172.2999
15, 66.9567, 172.3166
16, 66.9973, 172.3333
17, 67.0391, 172.3499
18, 67.081, 172.3666
19, 67.1221, 172.3833
20, 67.1628, 172.3999
21, 67.1628, 172.3999
22, 67.2035, 172.4166
23, 67.2435, 172.4333
24, 67.284, 172.4499
25, 67.3237, 172.4666
26, 67.3644, 172.4833
27, 67.4065, 172.4999
28, 67.4481, 172.5166
29, 67.4877, 172.5333
30, 67.4586, 172.5499
31, 67.4586, 172.5499
32, 67.4223, 172.5666
33, 67.5122, 172.5833
34, 67.5593, 172.5999
35, 67.5468, 172.6166
36, 67.5973, 172.6333
37, 67.6552, 0.5808
38, 67.6671, 0.5975
39, 67.694, 0.6142
40, 67.694, 0.6142
41, 67.7405, 0.6308
42, 67.7648, 0.6475
43, 67.7856, 0.6642
44, 67.8255, 0.6808
45, 67.8633, 0.6975
46, 67.8932, 0.7142
47, 67.9273, 0.7308
48, 67.9636, 0.7475
49, 67.9636, 0.7475
50, 67.9928, 0.7642
51, 68.0211, 0.7808
52, 68.0528, 0.7975
53, 68.0838, 0.8142
54, 68.1163, 0.8308
55, 68.1493, 0.8475
56, 68.1798, 0.8642
57, 68.1798, 0.8642
58, 68.2095, 0.8808
59, 68.2421, 0.8975
60, 68.2746, 0.9142
61, 68.3041, 0.9308
62, 68.3333, 0.9475
63, 68.3649, 0.9642
64, 68.3961, 0.9808
65, 68.3961, 0.9808
66, 68.426, 0.9975
67, 68.4557, 1.0142
68, 68.4856, 1.0308
69, 68.5165, 1.0475
70, 68.5485, 1.0642
71, 68.58, 1.0808
72, 68.6118, 1.0975
73, 68.6118, 1.0975
74, 68.6431, 1.1142
75, 68.6743, 1.1308
76, 68.7032, 1.1475
77, 68.7336, 1.1642
78, 68.7652, 1.1808
79, 68.7974, 1.1975
80, 68.7974, 1.1975
81, 68.8259, 1.2142
82, 68.8548, 1.2308
83, 68.8858, 1.2475
84, 68.918, 1.2642
85, 68.9505, 1.2808
86, 68.9809, 1.2975
87, 68.9809, 1.2975
88, 69.0141, 1.3142
89, 69.0458, 1.3308
90, 69.0758, 1.3475
91, 69.105, 1.3642
92, 69.1349, 1.3808
93, 69.1634, 1.3975
94, 69.194, 1.4142
95, 69.194, 1.4142
96, 69.2257, 1.4308
97, 69.2584, 1.4475
98, 69.2912, 1.4642
99, 69.3246, 1.4808
100, 69.3563, 1.4975
101, 69.3857, 1.5142
102, 69.3857, 1.5142
103, 69.4142, 1.5308
104, 69.4438, 1.5475
105, 69.4728, 1.5642
106, 69.5018, 1.5808
107, 69.5318, 1.5975
108, 69.5644, 1.6142
109, 69.5644, 1.6142
110, 69.597, 1.6308
111, 69.6237, 1.6475
112, 69.6469, 1.6642
113, 69.6708, 1.6808
114, 69.6918, 1.6975
115, 69.7083, 1.7142
116, 69.7083, 1.7142
117, 69.7157, 1.7308
118, 69.7135, 1.7475
119, 69.7057, 1.7642
120, 69.6937, 1.7808
121, 69.6757, 1.7975
122, 69.6437, 1.8142
123, 69.6437, 1.8142
124, 69.5842, 1.8308
125, 69.4854, 1.8475
126, 69.3452, 1.8642
127, 69.1902, 1.8808
128, 69.0098, 1.8975
129, 68.7489, 1.9142
130, 68.7489, 1.9142
131, 68.5127, 1.9308
132, 68.2865, 1.9475
133, 68.0463, 1.9642
134, 67.7873, 1.9808
135, 67.4975, 1.9975
136, 67.1721, 2.0142
137, 66.8362, 2.0308
138, 66.4855, 2.0475
139, 66.4855, 2.0475
140, 66.1118, 2.0642
141, 65.7211, 2.0808
142, 65.2895, 2.0975
143, 64.8447, 2.1142
144, 64.4062, 2.1308
145, 63.9542, 2.1475
146, 63.4945, 2.1642
147, 63.0409, 2.1808
148, 62.5879, 2.1975
149, 62.1377, 2.2142
150, 61.6972, 2.2308
151, 61.2659, 2.2475
152, 60.8304, 2.2642
153, 60.3941, 2.2808
154, 59.96, 2.2975
155, 59.5411, 2.3142
156, 59.1286, 2.3308
157, 58.6737, 2.3475
158, 58.2239, 2.3642
159, 57.7957, 2.3808
160, 57.3467, 2.3975
161, 56.8799, 2.4142
162, 56.4522, 2.4308
163, 56.0262, 2.4475
164, 55.5527, 2.4642
165, 55.1149, 2.4808
166, 54.7197, 2.4975
167, 54.3305, 2.5142
168, 53.9338, 2.5308
169, 53.1341, 2.5642
170, 52.7537, 2.5808
171, 52.3564, 2.5975
172, 51.9494, 2.6142
173, 51.5169, 2.6308
174, 51.1151, 2.6475
175, 50.7379, 2.6642
176, 50.0119, 2.6975
177, 49.6426, 2.7142
178, 49.2991, 2.7308
179, 48.9789, 2.7475
180, 48.6518, 2.7642
181, 48.0085, 2.7975
182, 47.6937, 2.8142
183, 47.3745, 2.8308
184, 47.0669, 2.8475
185, 46.4098, 2.8808
186, 46.0908, 2.8975
187, 45.7934, 2.9142
188, 45.1928, 2.9475
189, 44.8851, 2.9642
190, 44.5869, 2.9808
191, 43.9832, 3.0142
192, 43.6762, 3.0308
193, 43.3681, 3.0475
194, 42.7518, 3.0808
195, 42.4385, 3.0975
196, 41.8062, 3.1308
197, 41.4958, 3.1475
198, 40.8764, 3.1808
199, 40.5658, 3.1975
200, 40.26, 3.2142
201, 39.6661, 3.2475
202, 39.0206, 3.2808
203, 38.7037, 3.2975
204, 38.1371, 3.3308
205, 37.876, 3.3475
206, 37.3495, 3.3808
207, 37.1204, 3.3975
208, 36.686, 3.4308
209, 36.3013, 3.4642
210, 36.1361, 3.4808
211, 35.8296, 3.5142
212, 35.5476, 3.5475
213, 35.4141, 3.5642
214, 35.1555, 3.5975
215, 34.9025, 3.6308
216, 34.6583, 3.6642
217, 34.5374, 3.6808
218, 34.2963, 3.7142
219, 34.0552, 3.7475
220, 33.8077, 3.7808
221, 33.6794, 3.7975
222, 33.4131, 3.8308
223, 33.1273, 3.8642
224, 32.8104, 3.8975
225, 32.4674, 3.9308
226, 32.1056, 3.9642
227, 31.9144, 3.9808
228, 31.5169, 4.0142
229, 31.1232, 4.0475
230, 30.7402, 4.0808
231, 30.3316, 4.1142
232, 29.9733, 4.1475
233, 29.6727, 4.1808
234, 29.218, 4.2142
235, 28.9491, 4.2475
236, 28.6565, 4.2975
237, 28.4448, 4.3308
238, 28.2426, 4.3642
239, 28.0903, 4.3975
240, 27.9567, 4.4308
241, 27.8049, 4.4642
242, 27.6623, 4.4975
243, 27.4959, 4.5475
244, 27.3896, 4.5808
245, 27.2781, 4.6142
246, 27.1689, 4.6475
247, 27.005, 4.6975
248, 26.8887, 4.7308
249, 26.7734, 4.7642
250, 26.6604, 4.7975
251, 26.4862, 4.8475
252, 26.3717, 4.8808
253, 26.257, 4.9142
254, 26.0705, 4.9642
255, 25.94, 4.9975
256, 25.8374, 5.0308
257, 25.6888, 5.0808
258, 25.5401, 5.1142
259, 25.3567, 5.1642
260, 25.2797, 5.1975
261, 25.2126, 5.2308
262, 25.2059, 5.2808
263, 25.2826, 5.3142
264, 25.2773, 5.3475
265, 25.3128, 5.3975
266, 25.3442, 5.4308
267, 25.4056, 5.4642
268, 25.5125, 5.5142
269, 25.5719, 5.5475
270, 25.7233, 5.5975
271, 25.8588, 5.6308
272, 26.0054, 5.6642
273, 26.1601, 5.6975
274, 26.4117, 5.7475
275, 26.5895, 5.7808
276, 26.771, 5.8142
277, 27.0513, 5.8642
278, 27.2349, 5.8975
279, 27.4166, 5.9308
280, 27.5824, 5.9642
281, 27.7046, 5.9975
282, 27.7824, 6.0308
283, 27.8896, 6.0808
284, 27.9643, 6.1142
285, 28.034, 6.1475
286, 28.096, 6.1808
287, 28.1472, 6.2142
288, 28.1836, 6.2475
289, 28.1788, 6.2808
290, 28.1033, 6.3308
291, 27.8992, 6.3642
292, 27.8085, 6.3975
293, 27.7689, 6.4308
294, 27.6677, 6.4642
295, 27.4867, 6.5142
296, 27.3625, 6.5475
297, 27.2113, 6.5808
298, 27.0423, 6.6142
299, 26.8697, 6.6475
300, 26.5904, 6.6975
301, 26.3933, 6.7308
302, 26.206, 6.7642
303, 25.9575, 6.8142
304, 25.8098, 6.8475
305, 25.6984, 6.8808
306, 25.5638, 6.9308
307, 25.4733, 6.9642
308, 25.3788, 6.9975
309, 25.2419, 7.0475
310, 25.151, 7.0808
311, 25.0589, 7.1142
312, 24.9137, 7.1642
313, 24.8173, 7.1975
314, 24.6709, 7.2475
315, 24.5659, 7.2808
316, 24.4631, 7.3142
317, 24.3136, 7.3642
318, 24.2073, 7.3975
319, 24.0381, 7.4475
320, 23.93, 7.4808
321, 23.7653, 7.5308
322, 23.6536, 7.5642
323, 23.4671, 7.6142
324, 23.3365, 7.6475
325, 23.2248, 7.6975
326, 23.1581, 7.7308
327, 23.0502, 7.7808
328, 22.9609, 7.8142
329, 22.6633, 7.8642
330, 22.512, 7.8975
331, 22.41, 7.9475
332, 22.3586, 7.9808
333, 22.2803, 8.0308
334, 22.3311, 8.0642
335, 22.3237, 8.1142
336, 22.4469, 8.1475
337, 22.5584, 8.1975
338, 22.6031, 8.2308
339, 22.6952, 8.2642
340, 22.8023, 8.3142
341, 22.8671, 8.3475
342, 22.9886, 8.3975
343, 23.0789, 8.4308
344, 23.2206, 8.4808
345, 23.307, 8.5142
346, 23.3766, 8.5475
347, 23.4934, 8.5975
348, 23.5965, 8.6308
349, 23.7241, 8.6808
350, 23.8224, 8.7142
351, 23.9293, 8.7475
352, 24.0764, 8.7975
353, 24.1663, 8.8308
354, 24.2606, 8.8642
355, 24.3546, 8.8975
356, 24.4916, 8.9475
357, 24.5725, 8.9808
358, 24.659, 9.0142
359, 24.8171, 9.0642
360, 24.9225, 9.0975
361, 25.0674, 9.1475
362, 25.1607, 9.1808
363, 25.2483, 9.2142
364, 25.3966, 9.2642
365, 25.4961, 9.2975
366, 25.6381, 9.3475
367, 25.736, 9.3808
368, 25.8464, 9.4142
369, 25.9966, 9.4642
370, 26.0885, 9.4975
371, 26.2197, 9.5475
372, 26.3181, 9.5808
373, 26.4391, 9.6142
374, 26.6499, 9.6642
375, 26.7875, 9.6975
376, 26.9322, 9.7308
377, 27.1525, 9.7808
378, 27.2986, 9.8142
379, 27.4341, 9.8475
380, 27.5341, 9.8808
381, 27.6284, 9.9142
382, 27.8379, 9.9642
383, 28.0403, 9.9975
384, 28.2254, 10.0308
385, 28.4024, 10.0642
386, 28.5808, 10.0975
387, 28.914, 10.1475
388, 29.1009, 10.1808
389, 29.3059, 10.2142
390, 29.5352, 10.2475
391, 29.758, 10.2808
392, 30.0438, 10.3142
393, 30.3458, 10.3475
394, 30.5927, 10.3808
395, 30.8083, 10.4142
396, 31.0327, 10.4475
397, 31.2731, 10.4808
398, 31.51, 10.5142
399, 31.7311, 10.5475
400, 31.9533, 10.5808
401, 32.1746, 10.6142
402, 32.3957, 10.6475
403, 32.654, 10.6808
404, 32.9421, 10.7142
405, 33.0788, 10.7308
406, 33.3189, 10.7642
407, 33.5379, 10.7975
408, 33.7807, 10.8308
409, 34.0516, 10.8642
410, 34.1937, 10.8808
411, 34.4663, 10.9142
412, 34.7203, 10.9475
413, 34.9697, 10.9808
414, 35.1041, 10.9975
415, 35.3755, 11.0308
416, 35.6421, 11.0642
417, 35.8933, 11.0975
418, 36.0093, 11.1142
419, 36.2444, 11.1475
420, 36.4894, 11.1808
421, 36.6188, 11.1975
422, 36.8752, 11.2308
423, 36.9127, 11.2642
424, 37.0466, 11.2808
425, 37.3079, 11.3142
426, 37.4289, 11.3308
427, 37.7247, 11.3642
428, 37.8984, 11.3975
429, 38.002, 11.4142
430, 38.1967, 11.4475
431, 38.2846, 11.4642
432, 38.4744, 11.4975
433, 38.674, 11.5308
434, 38.7602, 11.5475
435, 38.9422, 11.5808
436, 39.0409, 11.5975
437, 39.2629, 11.6308
438, 39.3672, 11.6475
439, 39.5683, 11.6808
440, 39.6608, 11.6975
441, 39.8667, 11.7308
442, 39.9713, 11.7475
443, 40.1722, 11.7808
444, 40.2644, 11.7975
445, 40.4554, 11.8308
446, 40.5563, 11.8475
447, 40.7609, 11.8808
448, 40.8578, 11.8975
449, 41.0461, 11.9308
450, 41.1395, 11.9475
451, 41.3348, 11.9808
452, 41.4328, 11.9975
453, 41.6298, 12.0308
454, 41.7322, 12.0475
455, 41.9462, 12.0808
456, 42.0504, 12.0975
457, 42.1509, 12.1142
458, 42.3375, 12.1475
459, 42.4216, 12.1642
460, 42.5843, 12.1975
461, 42.6729, 12.2142
462, 42.7742, 12.2308
463, 43, 12.2642
464, 43.1124, 12.2808
465, 43.3244, 12.3142
466, 43.4311, 12.3308
467, 43.534, 12.3475
468, 43.7076, 12.3808
469, 43.7753, 12.3975
470, 43.8996, 12.4308
471, 43.9793, 12.4475
472, 44.0758, 12.4642
473, 44.3204, 12.4975
474, 44.4414, 12.5142
475, 44.5466, 12.5308
476, 44.7168, 12.5642
477, 44.8035, 12.5808
478, 44.9055, 12.5975
479, 45.1166, 12.6308
480, 45.2059, 12.6475
481, 45.281, 12.6642
482, 45.4492, 12.6975
483, 45.5501, 12.7142
484, 45.6495, 12.7308
485, 45.824, 12.7642
486, 45.9205, 12.7808
487, 46.0285, 12.7975
488, 46.2311, 12.8308
489, 46.3089, 12.8475
490, 46.3783, 12.8642
491, 46.4533, 12.8808
492, 46.6576, 12.9142
493, 46.7747, 12.9308
494, 46.8833, 12.9475
495, 47.064, 12.9808
496, 47.1515, 12.9975
497, 47.2429, 13.0142
498, 47.3322, 13.0308
499, 47.5112, 13.0642
500, 47.6077, 13.0808
501, 47.7041, 13.0975
502, 47.7964, 13.1142
503, 47.9738, 13.1475
504, 48.0689, 13.1642
505, 48.1685, 13.1808
506, 48.2668, 13.1975
507, 48.447, 13.2308
508, 48.5344, 13.2475
509, 48.6253, 13.2642
510, 48.7202, 13.2808
511, 48.909, 13.3142
512, 48.9975, 13.3308
513, 49.0804, 13.3475
514, 49.1599, 13.3642
515, 49.241, 13.3808
516, 49.3775, 13.4142
517, 49.4339, 13.4308
518, 49.4803, 13.4475
519, 49.5156, 13.4642
520, 49.568, 13.4975
521, 49.5953, 13.5142
522, 49.578, 13.5308
523, 49.5654, 13.5475
524, 49.6863, 13.5642
525, 49.9053, 13.5975
526, 49.9318, 13.6142
527, 50.0023, 13.6308
528, 50.1029, 13.6475
529, 50.1893, 13.6642
530, 50.2541, 13.6808
531, 50.4165, 13.7142
532, 50.5001, 13.7308
533, 50.574, 13.7475
534, 50.6451, 13.7642
535, 50.7199, 13.7808
536, 50.8631, 13.8142
537, 50.9264, 13.8308
538, 50.9965, 13.8475
539, 51.0752, 13.8642
540, 51.1615, 13.8808
541, 51.2464, 13.8975
542, 51.4054, 13.9308
543, 51.4811, 13.9475
544, 51.5545, 13.9642
545, 51.6275, 13.9808
546, 51.6995, 13.9975
547, 51.7728, 14.0142
548, 51.9224, 14.0475
549, 51.9956, 14.0642
550, 52.0692, 14.0808
551, 52.1452, 14.0975
552, 52.2234, 14.1142
553, 52.3008, 14.1308
554, 52.3749, 14.1475
555, 52.5235, 14.1808
556, 52.6, 14.1975
557, 52.6722, 14.2142
558, 52.7368, 14.2308
559, 52.7976, 14.2475
560, 52.869, 14.2642
561, 52.9525, 14.2808
562, 53.1174, 14.3142
563, 53.1858, 14.3308
564, 53.2541, 14.3475
565, 53.3263, 14.3642
566, 53.3993, 14.3808
567, 53.4711, 14.3975
568, 53.5418, 14.4142
569, 53.6148, 14.4308
570, 53.7585, 14.4642
571, 53.8287, 14.4808
572, 53.9009, 14.4975
573, 53.9771, 14.5142
574, 54.0545, 14.5308
575, 54.1292, 14.5475
576, 54.2005, 14.5642
577, 54.2682, 14.5808
578, 54.3361, 14.5975
579, 54.4749, 14.6308
580, 54.5507, 14.6475
581, 54.6305, 14.6642
582, 54.7076, 14.6808
583, 54.7799, 14.6975
584, 54.8488, 14.7142
585, 54.9167, 14.7308
586, 54.9846, 14.7475
587, 55.0522, 14.7642
588, 55.1207, 14.7808
589, 55.2641, 14.8142
590, 55.3349, 14.8308
591, 55.4047, 14.8475
592, 55.4748, 14.8642
593, 55.5469, 14.8808
594, 55.6199, 14.8975
595, 55.6926, 14.9142
596, 55.7638, 14.9308
597, 55.8345, 14.9475
598, 55.9045, 14.9642
599, 55.9731, 14.9808
600, 56.0406, 14.9975
601, 56.1088, 15.0142
602, 56.2486, 15.0475
603, 56.3207, 15.0642
604, 56.393, 15.0808
605, 56.4633, 15.0975
606, 56.5287, 15.1142
607, 56.5884, 15.1308
608, 56.6475, 15.1475
609, 56.7079, 15.1642
610, 56.7684, 15.1808
611, 56.8244, 15.1975
612, 56.8764, 15.2142
613, 56.9237, 15.2308
614, 56.9682, 15.2475
615, 57.0065, 15.2642
616, 57.0373, 15.2808
617, 57.0617, 15.2975
618, 57.0806, 15.3142
619, 57.0963, 15.3475
620, 57.0825, 15.3642
621, 57.0513, 15.3808
622, 56.9979, 15.3975
623, 56.9154, 15.4142
624, 56.7963, 15.4308
625, 56.6379, 15.4475
626, 56.4473, 15.4642
627, 56.2356, 15.4808
628, 56.0082, 15.4975
629, 55.7673, 15.5142
630, 55.4757, 15.5308
631, 55.1499, 15.5475
632, 54.8451, 15.5642
633, 54.5417, 15.5808
634, 53.9003, 15.6142
635, 53.5485, 15.6308
636, 53.1871, 15.6475
637, 52.8382, 15.6642
638, 52.4851, 15.6808
639, 52.1252, 15.6975
640, 51.7707, 15.7142
641, 51.0706, 15.7475
642, 50.7227, 15.7642
643, 50.3785, 15.7808
644, 50.0365, 15.7975
645, 49.7032, 15.8142
646, 49.3781, 15.8308
647, 48.711, 15.8642
648, 48.3404, 15.8808
649, 47.9798, 15.8975
650, 47.6315, 15.9142
651, 47.0209, 15.9475
652, 46.6871, 15.9642
653, 46.3308, 15.9808
654, 45.719, 16.0142
655, 45.4273, 16.0308
656, 45.1349, 16.0475
657, 44.5366, 16.0808
658, 44.2145, 16.0975
659, 43.8744, 16.1142
660, 43.2209, 16.1475
661, 42.9049, 16.1642
662, 42.5887, 16.1808
663, 41.9544, 16.2142
664, 41.6357, 16.2308
665, 41.0083, 16.2642
666, 40.7066, 16.2808
667, 40.1207, 16.3142
668, 39.8349, 16.3308
669, 39.2914, 16.3642
670, 39.035, 16.3808
671, 38.5524, 16.4142
672, 38.318, 16.4308
673, 37.8945, 16.4642
674, 37.7164, 16.4808
675, 37.4053, 16.5142
676, 37.1403, 16.5475
677, 37.0271, 16.5642
678, 36.8281, 16.5975
679, 36.7382, 16.6142
680, 36.5839, 16.6475
681, 36.4667, 16.6808
682, 36.4166, 16.6975
683, 36.3278, 16.7308
684, 36.2441, 16.7642
685, 36.2024, 16.7808
686, 36.1179, 16.8142
687, 36.0322, 16.8475
688, 35.9897, 16.8642
689, 35.9044, 16.8975
690, 35.8146, 16.9308
691, 35.7678, 16.9475
692, 35.6764, 16.9808
693, 35.5869, 17.0142
694, 35.5413, 17.0308
695, 35.4487, 17.0642
696, 35.3576, 17.0975
697, 35.313, 17.1142
698, 35.2225, 17.1475
699, 35.1307, 17.1808
700, 35.085, 17.1975
701, 34.9942, 17.2308
702, 34.8986, 17.2642
703, 34.8502, 17.2808
704, 34.7567, 17.3142
705, 34.6713, 17.3475
706, 34.6369, 17.3642
707, 34.573, 17.3975
708, 34.512, 17.4308
709, 34.481, 17.4475
710, 34.4846, 17.4808
711, 34.5213, 17.5142
712, 34.4861, 17.5475
713, 34.4894, 17.5642
714, 34.4631, 17.5975
715, 34.4527, 17.6308
716, 34.4615, 17.6475
717, 34.4696, 17.6808
718, 34.4826, 17.7142
719, 34.4802, 17.7308
720, 34.548, 17.7642
721, 34.6192, 17.7975
722, 34.5614, 17.8308
723, 34.5572, 17.8475
724, 34.6168, 17.8808
725, 34.6814, 17.9142
726, 34.7351, 17.9308
727, 34.7991, 17.9642
728, 34.8107, 17.9975
729, 34.8116, 18.0142
730, 34.8059, 18.0475
731, 34.8083, 18.0808
732, 34.8412, 18.1142
733, 34.9527, 18.1308
734, 35.215, 18.1642
735, 35.2308, 18.1975
736, 35.2173, 18.2142
737, 35.3151, 18.2475
738, 35.3467, 18.2808
739, 35.3655, 18.3142
740, 35.3802, 18.3308
741, 35.4755, 18.3642
742, 35.7353, 18.3975
743, 35.8438, 18.4142
744, 35.9211, 18.4475
745, 35.9967, 18.4808
746, 36.0403, 18.4975
747, 36.1278, 18.5308
748, 36.27, 18.5642
749, 36.3376, 18.5808
750, 36.3996, 18.6142
751, 36.4056, 18.6475
752, 36.3977, 18.6642
753, 36.3807, 18.6975
754, 36.3407, 18.7308
755, 36.3104, 18.7475
756, 36.2832, 18.7808
757, 36.3511, 18.8142
758, 36.4233, 18.8308
759, 36.5708, 18.8642
760, 36.6877, 18.8975
761, 36.7522, 18.9142
762, 36.8834, 18.9475
763, 36.9571, 18.9642
764, 37.1467, 18.9975
765, 37.33, 19.0308
766, 37.4131, 19.0475
767, 37.5803, 19.0808
768, 37.7458, 19.1142
769, 37.8174, 19.1308
770, 37.9411, 19.1642
771, 37.9954, 19.1808
772, 38.0484, 19.2142
773, 38.1002, 19.2475
774, 38.1877, 19.2642
775, 38.4216, 19.2975
776, 38.4518, 19.3142
777, 38.424, 19.3475
778, 38.4436, 19.3642
779, 38.5813, 19.3975
780, 38.7586, 19.4308
781, 38.8324, 19.4475
782, 38.9096, 19.4808
783, 38.9444, 19.4975
784, 39.0428, 19.5308
785, 39.1174, 19.5642
786, 39.1522, 19.5808
787, 39.2367, 19.6142
788, 39.2921, 19.6308
789, 39.4246, 19.6642
790, 39.4886, 19.6808
791, 39.5944, 19.7142
792, 39.6476, 19.7308
793, 39.7669, 19.7642
794, 39.931, 19.7975
795, 40.0183, 19.8142
796, 40.1239, 19.8475
797, 40.1631, 19.8642
798, 40.2815, 19.8975
799, 40.3561, 19.9142
800, 40.5118, 19.9475
801, 40.5925, 19.9642
802, 40.748, 19.9975
803, 40.9007, 20.0308
804, 40.9751, 20.0475
805, 41.1337, 20.0808
806, 41.2343, 20.0975
807, 41.4387, 20.1308
808, 41.5162, 20.1475
809, 41.6521, 20.1808
810, 41.7338, 20.1975
811, 41.83, 20.2142
812, 42.0366, 20.2475
813, 42.1361, 20.2642
814, 42.3172, 20.2975
815, 42.4007, 20.3142
816, 42.5779, 20.3475
817, 42.6705, 20.3642
818, 42.7677, 20.3808
819, 42.9701, 20.4142
820, 43.0694, 20.4308
821, 43.2509, 20.4642
822, 43.3457, 20.4808
823, 43.4457, 20.4975
824, 43.659, 20.5308
825, 43.7543, 20.5475
826, 43.8471, 20.5642
827, 44.0499, 20.5975
828, 44.1571, 20.6142
829, 44.3535, 20.6475
830, 44.4432, 20.6642
831, 44.5408, 20.6808
832, 44.7568, 20.7142
833, 44.8637, 20.7308
834, 44.9625, 20.7475
835, 45.156, 20.7808
836, 45.2564, 20.7975
837, 45.3562, 20.8142
838, 45.5546, 20.8475
839, 45.6532, 20.8642
840, 45.7566, 20.8808
841, 45.9619, 20.9142
842, 46.0651, 20.9308
843, 46.1604, 20.9475
844, 46.3576, 20.9808
845, 46.4541, 20.9975
846, 46.5539, 21.0142
847, 46.7404, 21.0475
848, 46.838, 21.0642
849, 46.9327, 21.0808
850, 47.031, 21.0975
851, 47.2215, 21.1308
852, 47.3124, 21.1475
853, 47.4031, 21.1642
854, 47.5893, 21.1975
855, 47.6859, 21.2142
856, 47.7827, 21.2308
857, 47.8771, 21.2475
858, 48.0614, 21.2808
859, 48.162, 21.2975
860, 48.2638, 21.3142
861, 48.3655, 21.3308
862, 48.5512, 21.3642
863, 48.6412, 21.3808
864, 48.734, 21.3975
865, 48.8273, 21.4142
866, 48.9167, 21.4475
867, 48.9062, 21.4642
868, 49.0429, 21.4808
869, 49.2067, 21.4975
870, 49.2677, 21.5142
871, 49.386, 21.5475
872, 49.4991, 21.5642
873, 49.5843, 21.5808
874, 49.644, 21.5975
875, 49.8021, 21.6308
876, 49.8869, 21.6475
877, 49.9622, 21.6642
878, 50.0367, 21.6808
879, 50.117, 21.6975
880, 50.2749, 21.7308
881, 50.3509, 21.7475
882, 50.431, 21.7642
883, 50.51, 21.7808
884, 50.5871, 21.7975
885, 50.6616, 21.8142
886, 50.8135, 21.8475
887, 50.8912, 21.8642
888, 50.9684, 21.8808
889, 51.0432, 21.8975
890, 51.1169, 21.9142
891, 51.1896, 21.9308
892, 51.3372, 21.9642
893, 51.414, 21.9808
894, 51.4922, 21.9975
895, 51.5702, 22.0142
896, 51.6479, 22.0308
897, 51.7229, 22.0475
898, 51.8669, 22.0808
899, 51.9394, 22.0975
900, 52.0154, 22.1142
901, 52.0933, 22.1308
902, 52.1711, 22.1475
903, 52.2447, 22.1642
904, 52.3179, 22.1808
905, 52.4682, 22.2142
906, 52.5438, 22.2308
907, 52.6139, 22.2475
908, 52.6799, 22.2642
909, 52.7487, 22.2808
910, 52.8271, 22.2975
911, 52.9097, 22.3142
912, 53.0669, 22.3475
913, 53.1401, 22.3642
914, 53.2133, 22.3808
915, 53.2837, 22.3975
916, 53.3497, 22.4142
917, 53.4145, 22.4308
918, 53.4791, 22.4475
919, 53.549, 22.4642
920, 53.7011, 22.4975
921, 53.7821, 22.5142
922, 53.8628, 22.5308
923, 53.9341, 22.5475
924, 54.0057, 22.5642
925, 54.0715, 22.5808
926, 54.1422, 22.5975
927, 54.2093, 22.6142
928, 54.2814, 22.6308
929, 54.434, 22.6642
930, 54.5023, 22.6808
931, 54.5673, 22.6975
932, 54.632, 22.7142
933, 54.7063, 22.7308
934, 54.7834, 22.7475
935, 54.8595, 22.7642
936, 54.9315, 22.7808
937, 54.9997, 22.7975
938, 55.0666, 22.8142
939, 55.1901, 22.8475
940, 55.253, 22.8642
941, 55.3188, 22.8808
942, 55.3879, 22.8975
943, 55.4536, 22.9142
944, 55.5138, 22.9308
945, 55.5667, 22.9475
946, 55.618, 22.9642
947, 55.6683, 22.9808
948, 55.7167, 22.9975
949, 55.7643, 23.0142
950, 55.8112, 23.0308
951, 55.8832, 23.0642
952, 55.9228, 23.0808
953, 55.9737, 23.0975
954, 56.0253, 23.1142
955, 56.0716, 23.1308
956, 56.1161, 23.1475
957, 56.1568, 23.1642
958, 56.1942, 23.1808
959, 56.2284, 23.1975
960, 56.2644, 23.2142
961, 56.3062, 23.2308
962, 56.359, 23.2475
963, 56.4123, 23.2642
964, 56.4552, 23.2808
965, 56.4884, 23.2975
966, 56.5602, 23.3308
967, 56.605, 23.3475
968, 56.6519, 23.3642
969, 56.701, 23.3808
970, 56.7517, 23.3975
971, 56.7988, 23.4142
972, 56.8398, 23.4308
973, 56.8809, 23.4475
974, 56.9244, 23.4642
975, 56.97, 23.4808
976, 57.0121, 23.4975
977, 57.0496, 23.5142
978, 57.0853, 23.5308
979, 57.127, 23.5475
980, 57.1713, 23.5642
981, 57.2118, 23.5808
982, 57.2353, 23.5975
983, 57.2522, 23.6142
984, 57.2749, 23.6308
985, 57.3003, 23.6475
986, 57.3156, 23.6642
987, 57.3224, 23.6808
988, 57.3318, 23.6975
989, 57.3453, 23.7142
990, 57.357, 23.7308
991, 57.3646, 23.7475
992, 57.3665, 23.7642
993, 57.3707, 23.7808
994, 57.3747, 23.7975
995, 57.3848, 23.8308
996, 57.3887, 23.8475
997, 57.3955, 23.8642
998, 57.4065, 23.8808
999, 57.4178, 23.8975
1000, 57.4344, 23.9142
1001, 57.4433, 23.9308
1002, 57.4397, 23.9475
1003, 57.4343, 23.9642
1004, 57.442, 23.9808
1005, 57.4513, 23.9975
1006, 57.4566, 24.0142
1007, 57.4668, 24.0308
1008, 57.4777, 24.0475
1009, 57.4863, 24.0642
1010, 57.4994, 24.0808
1011, 57.5221, 24.0975
1012, 57.5477, 24.1142
1013, 57.5731, 24.1308
1014, 57.5964, 24.1475
1015, 57.6227, 24.1642
1016, 57.6561, 24.1808
1017, 57.6938, 24.1975
1018, 57.7314, 24.2142
1019, 57.7693, 24.2308
1020, 57.8034, 24.2475
1021, 57.8363, 24.2642
1022, 57.8671, 24.2808
1023, 57.8903, 24.2975
1024, 57.9003, 24.3308
1025, 57.9032, 24.3475
1026, 57.9107, 24.3642
1027, 57.9179, 24.3808
1028, 57.9309, 24.3975
1029, 57.9416, 24.4142
1030, 57.9523, 24.4308
1031, 57.9596, 24.4475
1032, 57.9685, 24.4642
1033, 57.98, 24.4808
1034, 57.9919, 24.4975
1035, 58.0023, 24.5142
1036, 58.0069, 24.5308
1037, 58.0078, 24.5475
1038, 58.0072, 24.5642
1039, 58.0042, 24.5808
1040, 58, 24.5975
1041, 57.9978, 24.6142
1042, 57.9916, 24.6308
1043, 57.9844, 24.6475
1044, 57.979, 24.6642
1045, 57.9774, 24.6808
1046, 57.9753, 24.6975
1047, 57.9411, 24.7142
1048, 57.9031, 24.7308
1049, 57.9795, 24.7475
1050, 58.0508, 24.7642
1051, 58.0435, 24.7808
1052, 58.0556, 24.7975
1053, 58.1041, 24.8142
1054, 58.1353, 24.8308
1055, 58.1516, 24.8475
1056, 58.1857, 24.8642
1057, 58.2234, 24.8808
1058, 58.2474, 24.8975
1059, 58.2749, 24.9142
1060, 58.305, 24.9308
1061, 58.3298, 24.9475
1062, 58.3503, 24.9642
1063, 58.3772, 24.9808
1064, 58.4093, 24.9975
1065, 58.4407, 25.0142
1066, 58.513, 25.0475
1067, 58.5505, 25.0642
1068, 58.5851, 25.0808
1069, 58.6251, 25.0975
1070, 58.6701, 25.1142
1071, 58.7151, 25.1308
1072, 58.7608, 25.1475
1073, 58.8099, 25.1642
1074, 58.8616, 25.1808
1075, 58.9141, 25.1975
1076, 58.9667, 25.2142
1077, 59.0202, 25.2308
1078, 59.0717, 25.2475
1079, 59.1204, 25.2642
1080, 59.1706, 25.2808
1081, 59.2232, 25.2975
1082, 59.2801, 25.3142
1083, 59.336, 25.3308
1084, 59.3905, 25.3475
1085, 59.4441, 25.3642
1086, 59.4989, 25.3808
1087, 59.553, 25.3975
1088, 59.6051, 25.4142
1089, 59.6568, 25.4308
1090, 59.7092, 25.4475
1091, 59.7629, 25.4642
1092, 59.8173, 25.4808
1093, 59.8708, 25.4975
1094, 59.9232, 25.5142
1095, 59.9748, 25.5308
1096, 60.0252, 25.5475
1097, 60.0763, 25.5642
1098, 60.1285, 25.5808
1099, 60.1831, 25.5975
1100, 60.2398, 25.6142
1101, 60.2945, 25.6308
1102, 60.3483, 25.6475
1103, 60.3996, 25.6642
1104, 60.4516, 25.6808
1105, 60.5032, 25.6975
1106, 60.556, 25.7142
1107, 60.61, 25.7308
1108, 60.6651, 25.7475
1109, 60.7179, 25.7642
1110, 60.768, 25.7808
1111, 60.8172, 25.7975
1112, 60.8689, 25.8142
1113, 60.9226, 25.8308
1114, 60.9746, 25.8475
1115, 61.0252, 25.8642
1116, 61.0761, 25.8808
1117, 61.1305, 25.8975
1118, 61.1842, 25.9142
1119, 61.2356, 25.9308
1120, 61.2835, 25.9475
1121, 61.2835, 25.9475
1122, 61.3292, 25.9642
1123, 61.3718, 25.9808
1124, 61.4069, 25.9975
1125, 61.4275, 26.0142
1126, 61.4404, 26.0308
1127, 61.4461, 26.0475
1128, 61.4317, 26.0475
1129, 61.3783, 26.0642
1130, 61.2817, 26.0808
1131, 61.1629, 26.0975
1132, 61.0253, 26.1142
1133, 60.832, 26.1308
1134, 60.5989, 26.1475
1135, 60.4, 26.1642
1136, 60.1912, 26.1808
1137, 59.9587, 26.1975
1138, 59.6967, 26.2142
1139, 59.3945, 26.2308
1140, 59.0851, 26.2475
1141, 58.7601, 26.2642
1142, 58.4114, 26.2808
1143, 58.0426, 26.2975
1144, 57.6615, 26.3142
1145, 57.2667, 26.3308
1146, 56.8546, 26.3475
1147, 56.0347, 26.3808
1148, 55.6321, 26.3975
1149, 55.2282, 26.4142
1150, 54.8258, 26.4308
1151, 54.4273, 26.4475
1152, 54.04, 26.4642
1153, 53.6605, 26.4808
1154, 53.2482, 26.4975
1155, 52.8201, 26.5142
1156, 52.4123, 26.5308
1157, 51.6441, 26.5642
1158, 51.267, 26.5808
1159, 50.8866, 26.5975
1160, 50.5043, 26.6142
1161, 50.1012, 26.6308
1162, 49.7034, 26.6475
1163, 48.9436, 26.6808
1164, 48.5544, 26.6975
1165, 48.1742, 26.7142
1166, 47.8119, 26.7308
1167, 47.0839, 26.7642
1168, 46.7063, 26.7808
1169, 46.3165, 26.7975
1170, 45.5412, 26.8308
1171, 45.162, 26.8475
1172, 44.7929, 26.8642
1173, 44.4312, 26.8808
1174, 43.6472, 26.9142
1175, 43.2613, 26.9308
1176, 42.5336, 26.9642
1177, 42.1777, 26.9808
1178, 41.8271, 26.9975
1179, 41.1261, 27.0308
1180, 40.7676, 27.0475
1181, 40.0255, 27.0808
1182, 39.6739, 27.0975
1183, 39.0224, 27.1308
1184, 38.7091, 27.1475
1185, 38.109, 27.1808
1186, 37.5351, 27.2142
1187, 37.2915, 27.2308
1188, 36.8189, 27.2642
1189, 36.5303, 27.2808
1190, 36.0137, 27.3142
1191, 35.5693, 27.3475
1192, 35.3646, 27.3642
1193, 34.9279, 27.3975
1194, 34.4334, 27.4308
1195, 34.0713, 27.4642
1196, 33.8919, 27.4808
1197, 33.549, 27.5142
1198, 33.2902, 27.5475
1199, 33.0876, 27.5808
1200, 32.9065, 27.6142
1201, 32.758, 27.6475
1202, 32.6972, 27.6642
1203, 32.5868, 27.6975
1204, 32.4773, 27.7308
1205, 32.3722, 27.7642
1206, 32.2673, 27.7975
1207, 32.1585, 27.8308
1208, 32.0489, 27.8642
1209, 31.9384, 27.8975
1210, 31.8211, 27.9308
1211, 31.7017, 27.9642
1212, 31.6441, 27.9808
1213, 31.5302, 28.0142
1214, 31.4027, 28.0475
1215, 31.2656, 28.0808
1216, 31.1469, 28.1142
1217, 31.0333, 28.1475
1218, 30.9107, 28.1808
1219, 30.7914, 28.2142
1220, 30.686, 28.2475
1221, 30.578, 28.2808
1222, 30.4502, 28.3142
1223, 30.3134, 28.3475
1224, 30.177, 28.3808
1225, 30.0353, 28.4142
1226, 29.8932, 28.4475
1227, 29.7537, 28.4808
1228, 29.6091, 28.5142
1229, 29.3925, 28.5642
1230, 29.2533, 28.5975
1231, 29.1103, 28.6308
1232, 28.9617, 28.6642
1233, 28.8182, 28.6975
1234, 28.6785, 28.7308
1235, 28.54, 28.7642
1236, 28.4023, 28.7975
1237, 28.199, 28.8475
1238, 28.0639, 28.8808
1239, 27.9368, 28.9142
1240, 27.8116, 28.9475
1241, 27.6803, 28.9808
1242, 27.5442, 29.0142
1243, 27.3507, 29.0642
1244, 27.2246, 29.0975
1245, 27.092, 29.1308
1246, 26.9588, 29.1642
1247, 26.7627, 29.2142
1248, 26.6293, 29.2475
1249, 26.4939, 29.2808
1250, 26.2855, 29.3308
1251, 26.1459, 29.3642
1252, 26.0087, 29.3975
1253, 25.7998, 29.4475
1254, 25.6645, 29.4808
1255, 25.5417, 29.5142
1256, 25.3995, 29.5642
1257, 25.3161, 29.5975
1258, 25.3237, 29.6475
1259, 25.3085, 29.6808
1260, 25.3309, 29.7142
1261, 25.4155, 29.7642
1262, 25.4205, 29.7975
1263, 25.3944, 29.8308
1264, 25.355, 29.8808
1265, 25.4171, 29.9142
1266, 25.5148, 29.9642
1267, 25.5099, 29.9975
1268, 25.5581, 30.0308
1269, 25.6924, 30.0808
1270, 25.8086, 30.1142
1271, 25.9484, 30.1475
1272, 26.175, 30.1975
1273, 26.3521, 30.2308
1274, 26.5323, 30.2642
1275, 26.8154, 30.3142
1276, 26.9963, 30.3475
1277, 27.2102, 30.3808
1278, 27.4473, 30.4142
1279, 27.7196, 30.4642
1280, 27.9078, 30.4975
1281, 28.1455, 30.5308
1282, 28.3623, 30.5642
1283, 28.5116, 30.5975
1284, 28.6222, 30.6308
1285, 28.6777, 30.6642
1286, 28.6472, 30.6975
1287, 28.6072, 30.7308
1288, 28.5299, 30.7642
1289, 28.3686, 30.7975
1290, 28.2856, 30.8308
1291, 28.1573, 30.8808
1292, 28.0507, 30.9142
1293, 27.9369, 30.9475
1294, 27.8297, 30.9808
1295, 27.7288, 31.0142
1296, 27.6105, 31.0475
1297, 27.4983, 31.0808
1298, 27.3773, 31.1308
1299, 27.3098, 31.1642
1300, 27.2711, 31.1975
1301, 27.372, 31.2308
1302, 27.4229, 31.2642
1303, 27.5377, 31.3142
1304, 27.6305, 31.3475
1305, 27.7333, 31.3808
1306, 27.868, 31.4142
1307, 28.0082, 31.4475
1308, 28.1729, 31.4808
1309, 28.426, 31.5308
1310, 28.5941, 31.5642
1311, 28.7877, 31.5975
1312, 28.9936, 31.6308
1313, 29.2116, 31.6642
1314, 29.4057, 31.6975
1315, 29.5863, 31.7308
1316, 29.7955, 31.7642
1317, 30.031, 31.7975
1318, 30.2626, 31.8308
1319, 30.4885, 31.8642
1320, 30.7256, 31.8975
1321, 30.9939, 31.9308
1322, 31.2712, 31.9642
1323, 31.5237, 31.9975
1324, 31.7628, 32.0308
1325, 31.8809, 32.0475
1326, 32.117, 32.0808
1327, 32.3674, 32.1142
1328, 32.629, 32.1475
1329, 32.8787, 32.1808
1330, 33.121, 32.2142
1331, 33.3547, 32.2475
1332, 33.4701, 32.2642
1333, 33.6716, 32.2975
1334, 33.872, 32.3308
1335, 34.1033, 32.3642
1336, 34.2171, 32.3808
1337, 34.4185, 32.4142
1338, 34.6177, 32.4475
1339, 34.8043, 32.4808
1340, 34.8933, 32.4975
1341, 35.0761, 32.5308
1342, 35.2774, 32.5642
1343, 35.4849, 32.5975
1344, 35.5802, 32.6142
1345, 35.747, 32.6475
1346, 35.9648, 32.6808
1347, 36.0871, 32.6975
1348, 36.3362, 32.7308
1349, 36.5543, 32.7642
1350, 36.659, 32.7808
1351, 36.8643, 32.8142
1352, 36.9795, 32.8475
1353, 36.975, 32.8642
1354, 37.2611, 32.8975
1355, 37.4845, 32.9308
1356, 37.6123, 32.9475
1357, 37.8254, 32.9808
1358, 37.9081, 32.9975
1359, 38.1197, 33.0308
1360, 38.3163, 33.0642
1361, 38.4111, 33.0808
1362, 38.6051, 33.1142
1363, 38.7066, 33.1308
1364, 38.9183, 33.1642
1365, 39.0214, 33.1808
1366, 39.2146, 33.2142
1367, 39.3121, 33.2308
1368, 39.5024, 33.2642
1369, 39.7004, 33.2975
1370, 39.8053, 33.3142
1371, 40.0109, 33.3475
1372, 40.1139, 33.3642
1373, 40.3177, 33.3975
1374, 40.4174, 33.4142
1375, 40.6162, 33.4475
1376, 40.7154, 33.4642
1377, 40.9103, 33.4975
1378, 41.0094, 33.5142
1379, 41.2087, 33.5475
1380, 41.3069, 33.5642
1381, 41.4047, 33.5808
1382, 41.6068, 33.6142
1383, 41.7069, 33.6308
1384, 41.8943, 33.6642
1385, 41.9891, 33.6808
1386, 42.1887, 33.7142
1387, 42.2902, 33.7308
1388, 42.4852, 33.7642
1389, 42.5827, 33.7808
1390, 42.6795, 33.7975
1391, 42.8684, 33.8308
1392, 42.9586, 33.8475
1393, 43.1451, 33.8808
1394, 43.2491, 33.8975
1395, 43.3582, 33.9142
1396, 43.5635, 33.9475
1397, 43.657, 33.9642
1398, 43.8442, 33.9975
1399, 43.9377, 34.0142
1400, 44.0305, 34.0308
1401, 44.2245, 34.0642
1402, 44.3268, 34.0808
1403, 44.4274, 34.0975
1404, 44.6145, 34.1308
1405, 44.7058, 34.1475
1406, 44.8, 34.1642
1407, 44.9936, 34.1975
1408, 45.0926, 34.2142
1409, 45.1919, 34.2308
1410, 45.3907, 34.2642
1411, 45.4879, 34.2808
1412, 45.5832, 34.2975
1413, 45.7685, 34.3308
1414, 45.8609, 34.3475
1415, 45.9546, 34.3642
1416, 46.1458, 34.3975
1417, 46.2437, 34.4142
1418, 46.3413, 34.4308
1419, 46.526, 34.4642
1420, 46.6133, 34.4808
1421, 46.7056, 34.4975
1422, 46.802, 34.5142
1423, 47.0034, 34.5475
1424, 47.0976, 34.5642
1425, 47.1905, 34.5808
1426, 47.3729, 34.6142
1427, 47.4676, 34.6308
1428, 47.5619, 34.6475
1429, 47.656, 34.6642
1430, 47.8357, 34.6975
1431, 47.926, 34.7142
1432, 48.0197, 34.7308
1433, 48.116, 34.7475
1434, 48.3024, 34.7808
1435, 48.3888, 34.7975
1436, 48.4764, 34.8142
1437, 48.5682, 34.8308
1438, 48.5595, 34.8642
1439, 48.7047, 34.8808
1440, 48.8635, 34.8975
1441, 48.9214, 34.9142
1442, 49.0431, 34.9475
1443, 49.1459, 34.9642
1444, 49.2287, 34.9808
1445, 49.295, 34.9975
1446, 49.3707, 35.0142
1447, 49.5349, 35.0475
1448, 49.6085, 35.0642
1449, 49.6847, 35.0808
1450, 49.7683, 35.0975
1451, 49.8516, 35.1142
1452, 50.0046, 35.1475
1453, 50.0807, 35.1642
1454, 50.1595, 35.1808
1455, 50.239, 35.1975
1456, 50.3177, 35.2142
1457, 50.474, 35.2475
1458, 50.5526, 35.2642
1459, 50.6311, 35.2808
1460, 50.7077, 35.2975
1461, 50.7847, 35.3142
1462, 50.9427, 35.3475
1463, 51.0203, 35.3642
1464, 51.0956, 35.3808
1465, 51.1701, 35.3975
1466, 51.2432, 35.4142
1467, 51.3163, 35.4308
1468, 51.4661, 35.4642
1469, 51.5447, 35.4808
1470, 51.6234, 35.4975
1471, 51.7019, 35.5142
1472, 51.7797, 35.5308
1473, 51.8578, 35.5475
1474, 52.0077, 35.5808
1475, 52.0807, 35.5975
1476, 52.1534, 35.6142
1477, 52.23, 35.6308
1478, 52.3091, 35.6475
1479, 52.3869, 35.6642
1480, 52.4618, 35.6808
1481, 52.5959, 35.7142
1482, 52.6649, 35.7308
1483, 52.7437, 35.7475
1484, 52.8302, 35.7642
1485, 52.9141, 35.7808
1486, 52.9884, 35.7975
1487, 53.0562, 35.8142
1488, 53.1967, 35.8475
1489, 53.2698, 35.8642
1490, 53.3429, 35.8808
1491, 53.4176, 35.8975
1492, 53.492, 35.9142
1493, 53.5639, 35.9308
1494, 53.6341, 35.9475
1495, 53.7072, 35.9642
1496, 53.8602, 35.9975
1497, 53.931, 36.0142
1498, 53.9988, 36.0308
1499, 54.0671, 36.0475
1500, 54.1392, 36.0642
1501, 54.2147, 36.0808
1502, 54.2912, 36.0975
1503, 54.3644, 36.1142
1504, 54.435, 36.1308
1505, 54.5023, 36.1475
1506, 54.644, 36.1808
1507, 54.7187, 36.1975
1508, 54.7932, 36.2142
1509, 54.8659, 36.2308
1510, 54.9376, 36.2475
1511, 55.0093, 36.2642
1512, 55.0813, 36.2808
1513, 55.1527, 36.2975
1514, 55.2237, 36.3142
1515, 55.2951, 36.3308
1516, 55.4422, 36.3642
1517, 55.5152, 36.3808
1518, 55.5861, 36.3975
1519, 55.6544, 36.4142
1520, 55.723, 36.4308
1521, 55.7932, 36.4475
1522, 55.8663, 36.4642
1523, 55.9387, 36.4808
1524, 56.0099, 36.4975
1525, 56.0773, 36.5142
1526, 56.1409, 36.5308
1527, 56.2008, 36.5475
1528, 56.2647, 36.5642
1529, 56.3398, 36.5808
1530, 56.5023, 36.6142
1531, 56.5733, 36.6308
1532, 56.6385, 36.6475
1533, 56.7053, 36.6642
1534, 56.7746, 36.6808
1535, 56.8444, 36.6975
1536, 56.9122, 36.7142
1537, 56.9781, 36.7308
1538, 57.0413, 36.7475
1539, 57.1014, 36.7642
1540, 57.1657, 36.7808
1541, 57.2368, 36.7975
1542, 57.3161, 36.8142
1543, 57.3915, 36.8308
1544, 57.4596, 36.8475
1545, 57.5222, 36.8642
1546, 57.5867, 36.8808
1547, 57.6554, 36.8975
1548, 57.6418, 36.9142
1549, 57.7182, 36.9475
1550, 57.8249, 36.9642
1551, 57.8447, 36.9808
1552, 57.885, 36.9975
1553, 57.9714, 37.0142
1554, 58.0398, 37.0308
1555, 58.077, 37.0475
1556, 58.1271, 37.0642
1557, 58.1953, 37.0808
1558, 58.2533, 37.0975
1559, 58.3025, 37.1142
1560, 58.3599, 37.1308
1561, 58.4244, 37.1475
1562, 58.4821, 37.1642
1563, 58.5344, 37.1808
1564, 58.5881, 37.1975
1565, 58.6441, 37.2142
1566, 58.6985, 37.2308
1567, 58.7538, 37.2475
1568, 58.8108, 37.2642
1569, 58.868, 37.2808
1570, 58.9232, 37.2975
1571, 58.9779, 37.3142
1572, 59.0327, 37.3308
1573, 59.0876, 37.3475
1574, 59.1425, 37.3642
1575, 59.1957, 37.3808
1576, 59.2468, 37.3975
1577, 59.2994, 37.4142
1578, 59.3577, 37.4308
1579, 59.4177, 37.4475
1580, 59.4755, 37.4642
1581, 59.5272, 37.4808
1582, 59.5794, 37.4975
1583, 59.6345, 37.5142
1584, 59.6909, 37.5308
1585, 59.7456, 37.5475
1586, 59.7993, 37.5642
1587, 59.8545, 37.5808
1588, 59.9102, 37.5975
1589, 59.9651, 37.6142
1590, 60.0168, 37.6308
1591, 60.0684, 37.6475
1592, 60.1206, 37.6642
1593, 60.175, 37.6808
1594, 60.2294, 37.6975
1595, 60.2837, 37.7142
1596, 60.3381, 37.7308
1597, 60.3923, 37.7475
1598, 60.4479, 37.7642
1599, 60.5017, 37.7808
1600, 60.5539, 37.7975
1601, 60.6052, 37.8142
1602, 60.6589, 37.8308
1603, 60.7145, 37.8475
1604, 60.7685, 37.8642
1605, 60.8225, 37.8808
1606, 60.8752, 37.8975
1607, 60.9262, 37.9142
1608, 60.9757, 37.9308
1609, 61.0271, 37.9475
1610, 61.0817, 37.9642
1611, 61.1363, 37.9808
1612, 61.189, 37.9975
1613, 61.2407, 38.0142
1614, 61.291, 38.0308
1615, 61.3427, 38.0475
1616, 61.3929, 38.0642
1617, 61.4458, 38.0808
1618, 61.5011, 38.0975
1619, 61.5553, 38.1142
1620, 61.6048, 38.1308
1621, 61.652, 38.1475
1622, 61.7017, 38.1642
1623, 61.7541, 38.1808
1624, 61.8061, 38.1975
1625, 61.856, 38.2142
1626, 61.9062, 38.2308
1627, 61.9567, 38.2475
1628, 62.0076, 38.2642
1629, 62.0575, 38.2808
1630, 62.1071, 38.2975
1631, 62.1595, 38.3142
1632, 62.1595, 38.3142
1633, 62.2114, 38.3308
1634, 62.2584, 38.3475
1635, 62.303, 38.3642
1636, 62.3504, 38.3808
1637, 62.4048, 38.3975
1638, 62.4617, 38.4142
1639, 62.5143, 38.4308
1640, 62.5621, 38.4475
1641, 62.61, 38.4642
1642, 62.6608, 38.4808
1643, 62.7112, 38.4975
1644, 62.7617, 38.5142
1645, 62.8116, 38.5308
1646, 62.8605, 38.5475
1647, 62.9074, 38.5642
1648, 62.9563, 38.5808
1649, 63.0097, 38.5975
1650, 63.0639, 38.6142
1651, 63.1156, 38.6308
1652, 63.1648, 38.6475
1653, 63.2134, 38.6642
1654, 63.2621, 38.6808
1655, 63.2621, 38.6808
1656, 63.3091, 38.6975
1657, 63.3577, 38.7142
1658, 63.4089, 38.7308
1659, 63.4617, 38.7475
1660, 63.5127, 38.7642
1661, 63.5623, 38.7808
1662, 63.6125, 38.7975
1663, 63.662, 38.8142
1664, 63.7069, 38.8308
1665, 63.7509, 38.8475
1666, 63.798, 38.8642
1667, 63.8497, 38.8808
1668, 63.9013, 38.8975
1669, 63.9523, 38.9142
1670, 64.0037, 38.9308
1671, 64.0539, 38.9475
1672, 64.0539, 38.9475
1673, 64.1006, 38.9642
1674, 64.1467, 38.9808
1675, 64.1932, 38.9975
1676, 64.2389, 39.0142
1677, 64.2843, 39.0308
1678, 64.331, 39.0475
1679, 64.3807, 39.0642
1680, 64.4308, 39.0808
1681, 64.4785, 39.0975
1682, 64.5249, 39.1142
1683, 64.5723, 39.1308
1684, 64.6213, 39.1475
1685, 64.6706, 39.1642
1686, 64.6706, 39.1642
1687, 64.7182, 39.1808
1688, 64.7629, 39.1975
1689, 64.8045, 39.2142
1690, 64.8448, 39.2308
1691, 64.889, 39.2475
1692, 64.9392, 39.2642
1693, 64.9912, 39.2808
1694, 65.0412, 39.2975
1695, 65.0896, 39.3142
1696, 65.1374, 39.3308
1697, 65.1835, 39.3475
1698, 65.2246, 39.3642
1699, 65.2246, 39.3642
1700, 65.2678, 39.3808
1701, 65.3197, 39.3975
1702, 65.3756, 39.4142
1703, 65.4247, 39.4308
1704, 65.4627, 39.4475
1705, 65.4961, 39.4642
1706, 65.5356, 39.4808
1707, 65.5818, 39.4975
1708, 65.6303, 39.5142
1709, 65.6766, 39.5308
1710, 65.7204, 39.5475
1711, 65.7204, 39.5475
1712, 65.7663, 39.5642
1713, 65.8136, 39.5808
1714, 65.8648, 39.5975
1715, 65.9152, 39.6142
1716, 65.9618, 39.6308
1717, 66.0048, 39.6475
1718, 66.0451, 39.6642
1719, 66.0878, 39.6808
1720, 66.06, 39.6975
1721, 66.0307, 39.7142
1722, 66.0307, 39.7142
1723, 66.1378, 39.7308
1724, 66.174, 39.7475
1725, 66.1777, 39.7642
1726, 66.2268, 39.7808
1727, 66.2688, 39.7975
1728, 66.2876, 39.8142
1729, 66.3294, 39.8308
1730, 66.3784, 39.8475
1731, 66.4077, 39.8642
1732, 66.4397, 39.8808
1733, 66.4397, 39.8808
1734, 66.4817, 39.8975
1735, 66.5157, 39.9142
1736, 66.5473, 39.9308
1737, 66.5873, 39.9475
1738, 66.6254, 39.9642
1739, 66.656, 39.9808
1740, 66.6885, 39.9975
1741, 66.7258, 40.0142
1742, 66.7614, 40.0308
1743, 66.7614, 40.0308
1744, 66.7922, 40.0475
1745, 66.8243, 40.0642
1746, 66.8609, 40.0808
1747, 66.8994, 40.0975
1748, 66.9371, 40.1142
1749, 66.9709, 40.1308
1750, 67.0037, 40.1475
1751, 67.037, 40.1642
1752, 67.0701, 40.1808
1753, 67.0701, 40.1808
1754, 67.1025, 40.1975
1755, 67.1366, 40.2142
1756, 67.1719, 40.2308
1757, 67.206, 40.2475
1758, 67.2373, 40.2642
1759, 67.2694, 40.2808
1760, 67.3039, 40.2975
1761, 67.34, 40.3142
1762, 67.34, 40.3142
1763, 67.3752, 40.3308
1764, 67.4099, 40.3475
1765, 67.4444, 40.3642
1766, 67.4786, 40.3808
1767, 67.5124, 40.3975
1768, 67.5467, 40.4142
1769, 67.5807, 40.4308
1770, 67.6149, 40.4475
1771, 67.6149, 40.4475
1772, 67.6497, 40.4642
1773, 67.6826, 40.4808
1774, 67.7139, 40.4975
1775, 67.7455, 40.5142
1776, 67.7808, 40.5308
1777, 67.8171, 40.5475
1778, 67.8509, 40.5642
1779, 67.8818, 40.5808
1780, 67.8818, 40.5808
1781, 67.9148, 40.5975
1782, 67.9498, 40.6142
1783, 67.9832, 40.6308
1784, 68.0132, 40.6475
1785, 68.0433, 40.6642
1786, 68.077, 40.6808
1787, 68.1129, 40.6975
1788, 68.1129, 40.6975
1789, 68.148, 40.7142
1790, 68.1804, 40.7308
1791, 68.2108, 40.7475
1792, 68.241, 40.7642
1793, 68.2727, 40.7808
1794, 68.3054, 40.7975
1795, 68.3371, 40.8142
1796, 68.3371, 40.8142
1797, 68.3661, 40.8308
1798, 68.3948, 40.8475
1799, 68.4281, 40.8642
1800, 68.4621, 40.8808
1801, 68.4949, 40.8975
1802, 68.526, 40.9142
1803, 68.5588, 40.9308
1804, 68.5588, 40.9308
1805, 68.5925, 40.9475
1806, 68.6254, 40.9642
1807, 68.6571, 40.9808
1808, 68.6891, 40.9975
1809, 68.7201, 41.0142
1810, 68.7513, 41.0308
1811, 68.7826, 41.0475
1812, 68.7826, 41.0475
1813, 68.8131, 41.0642
1814, 68.8437, 41.0808
1815, 68.8765, 41.0975
1816, 68.9096, 41.1142
1817, 68.9419, 41.1308
1818, 68.9744, 41.1475
1819, 69.0069, 41.1642
1820, 69.0069, 41.1642
1821, 69.0391, 41.1808
1822, 69.0702, 41.1975
1823, 69.0976, 41.2142
1824, 69.1247, 41.2308
1825, 69.1568, 41.2475
1826, 69.1914, 41.2642
1827, 69.2246, 41.2808
1828, 69.2246, 41.2808
1829, 69.2546, 41.2975
1830, 69.2848, 41.3142
1831, 69.3171, 41.3308
1832, 69.3466, 41.3475
1833, 69.3767, 41.3642
1834, 69.4084, 41.3808
1835, 69.4084, 41.3808
1836, 69.4401, 41.3975
1837, 69.4707, 41.4142
1838, 69.4994, 41.4308
1839, 69.53, 41.4475
1840, 69.5607, 41.4642
1841, 69.592, 41.4808
1842, 69.592, 41.4808
1843, 69.6242, 41.4975
1844, 69.6574, 41.5142
1845, 69.6897, 41.5308
1846, 69.7194, 41.5475
1847, 69.7431, 41.5642
1848, 69.7666, 41.5808
1849, 69.7666, 41.5808
1850, 69.7917, 41.5975
1851, 69.8088, 41.6142
1852, 69.8203, 41.6308
1853, 69.835, 41.6475
1854, 69.8482, 41.6642
1855, 69.8569, 41.6808
1856, 69.8574, 41.6975
1857, 69.8574, 41.6975
1858, 69.8528, 41.7142
1859, 69.8424, 41.7308
1860, 69.8249, 41.7475
1861, 69.7992, 41.7642
1862, 69.7642, 41.7808
1863, 69.7167, 41.7975
1864, 69.7167, 41.7975
1865, 69.6442, 41.8142
1866, 69.5352, 41.8308
1867, 69.392, 41.8475
1868, 69.2111, 41.8642
1869, 69.0057, 41.8808
1870, 68.7757, 41.8975
1871, 68.7757, 41.8975
1872, 68.4766, 41.9142
1873, 68.1801, 41.9308
1874, 67.888, 41.9475
1875, 67.5733, 41.9642
1876, 67.2385, 41.9808
1877, 66.8621, 41.9975
1878, 66.4713, 42.0142
1879, 66.0843, 42.0308
1880, 66.0843, 42.0308
1881, 65.6805, 42.0475
1882, 65.276, 42.0642
1883, 64.8679, 42.0808
1884, 64.4442, 42.0975
1885, 64.0106, 42.1142
1886, 63.5622, 42.1308
1887, 63.0965, 42.1475
1888, 62.6322, 42.1642
1889, 62.1508, 42.1808
1890, 61.6691, 42.1975
1891, 61.2075, 42.2142
1892, 60.7621, 42.2308
1893, 60.3377, 42.2475
1894, 59.913, 42.2642
1895, 59.4905, 42.2808
1896, 59.0889, 42.2975
1897, 58.6989, 42.3142
1898, 58.3127, 42.3308
1899, 57.9304, 42.3475
1900, 57.5504, 42.3642
1901, 57.1658, 42.3808
1902, 56.764, 42.3975
1903, 56.3461, 42.4142
1904, 55.9183, 42.4308
1905, 55.4837, 42.4475
1906, 55.0334, 42.4642
1907, 54.571, 42.4808
1908, 53.6907, 42.5142
1909, 53.3179, 42.5308
1910, 52.9347, 42.5475
1911, 52.5618, 42.5642
1912, 52.2284, 42.5808
1913, 51.9243, 42.5975
1914, 51.6341, 42.6142
1915, 51.0613, 42.6475
1916, 50.8121, 42.6642
1917, 50.5322, 42.6808
1918, 50.2366, 42.6975
1919, 49.9844, 42.7142
1920, 49.5596, 42.7475
1921, 49.3392, 42.7642
1922, 49.0971, 42.7808
1923, 48.8746, 42.7975
1924, 48.6741, 42.8142
1925, 48.238, 42.8475
1926, 48.0232, 42.8642
1927, 47.8182, 42.8808
1928, 47.6128, 42.8975
1929, 47.1865, 42.9308
1930, 46.9743, 42.9475
1931, 46.7556, 42.9642
1932, 46.5339, 42.9808
1933, 46.0619, 43.0142
1934, 45.8049, 43.0308
1935, 45.5408, 43.0475
1936, 44.9712, 43.0808
1937, 44.687, 43.0975
1938, 44.4011, 43.1142
1939, 43.7683, 43.1475
1940, 43.4286, 43.1642
1941, 43.0837, 43.1808
1942, 42.4342, 43.2142
1943, 42.1276, 43.2308
1944, 41.4301, 43.2642
1945, 41.0889, 43.2808
1946, 40.4541, 43.3142
1947, 40.1354, 43.3308
1948, 39.4811, 43.3642
1949, 39.1308, 43.3808
1950, 38.4321, 43.4142
1951, 38.1127, 43.4308
1952, 37.4557, 43.4642
1953, 37.1386, 43.4808
1954, 36.5578, 43.5142
1955, 36.0005, 43.5475
1956, 35.7198, 43.5642
1957, 35.1557, 43.5975
1958, 34.6259, 43.6308
1959, 34.1328, 43.6642
1960, 33.8891, 43.6808
1961, 33.4094, 43.7142
1962, 32.9435, 43.7475
1963, 32.491, 43.7808
1964, 32.0563, 43.8142
1965, 31.6573, 43.8475
1966, 31.4679, 43.8642
1967, 31.1014, 43.8975
1968, 30.7393, 43.9308
1969, 30.3934, 43.9642
1970, 30.075, 43.9975
1971, 29.7794, 44.0308
1972, 29.4951, 44.0642
1973, 29.2231, 44.0975
1974, 28.9599, 44.1308
1975, 28.5703, 44.1808
1976, 28.3229, 44.2142
1977, 28.0799, 44.2475
1978, 27.8403, 44.2808
1979, 27.6109, 44.3142
1980, 27.3836, 44.3475
1981, 27.0454, 44.3975
1982, 26.8383, 44.4308
1983, 26.6382, 44.4642
1984, 26.4524, 44.4975
1985, 26.2297, 44.5475
1986, 25.9192, 44.5808
1987, 25.768, 44.6142
1988, 25.5815, 44.6642
1989, 25.4264, 44.6975
1990, 25.2274, 44.7475
1991, 25.09, 44.7808
1992, 24.8838, 44.8308
1993, 24.7611, 44.8642
1994, 24.6736, 44.8975
1995, 24.5776, 44.9475
1996, 24.6614, 44.9808
1997, 24.7336, 45.0308
1998, 24.7958, 45.0642
1999, 24.9248, 45.1142
2000, 25.0322, 45.1475
2001, 25.2047, 45.1975
2002, 25.3263, 45.2308
2003, 25.4469, 45.2642
2004, 25.7044, 45.3142
2005, 25.9421, 45.3475
2006, 26.3001, 45.3975
2007, 26.518, 45.4308
2008, 26.7331, 45.4642
2009, 26.9542, 45.4975
2010, 27.2879, 45.5475
2011, 27.4835, 45.5808
2012, 27.6825, 45.6142
2013, 27.895, 45.6475
2014, 28.117, 45.6808
2015, 28.355, 45.7142
2016, 28.5849, 45.7475
2017, 28.8117, 45.7808
2018, 29.0392, 45.8142
2019, 29.2595, 45.8475
2020, 29.4706, 45.8808
2021, 29.6715, 45.9142
2022, 29.8856, 45.9475
2023, 30.1227, 45.9808
2024, 30.3396, 46.0142
2025, 30.5452, 46.0475
2026, 30.7672, 46.0808
2027, 30.9961, 46.1142
2028, 31.2261, 46.1475
2029, 31.4404, 46.1808
2030, 31.6552, 46.2142
2031, 31.8928, 46.2475
2032, 32.1226, 46.2808
2033, 32.2227, 46.2975
2034, 32.4671, 46.3308
2035, 32.6763, 46.3642
2036, 32.8858, 46.3975
2037, 33.0772, 46.4308
2038, 33.1881, 46.4475
2039, 33.4051, 46.4808
2040, 33.6375, 46.5142
2041, 33.828, 46.5475
2042, 34.0064, 46.5808
2043, 34.1135, 46.5975
2044, 34.3623, 46.6308
2045, 34.6237, 46.6642
2046, 34.8275, 46.6975
2047, 34.9343, 46.7142
2048, 35.1777, 46.7475
2049, 35.3934, 46.7808
2050, 35.4515, 46.7975
2051, 35.5574, 46.8308
2052, 35.6971, 46.8642
2053, 35.8061, 46.8808
2054, 36.0801, 46.9142
2055, 36.3238, 46.9475
2056, 36.4454, 46.9642
2057, 36.6001, 46.9975
2058, 36.7517, 47.0308
2059, 36.9138, 47.0475
2060, 37.1524, 47.0808
2061, 37.4419, 47.1142
2062, 37.5354, 47.1308
2063, 37.662, 47.1642
2064, 37.7345, 47.1808
2065, 37.9382, 47.2142
2066, 38.2178, 47.2475
2067, 38.3399, 47.2642
2068, 38.5093, 47.2975
2069, 38.6027, 47.3142
2070, 38.8114, 47.3475
2071, 39.0011, 47.3808
2072, 39.1047, 47.3975
2073, 39.3207, 47.4308
2074, 39.4195, 47.4475
2075, 39.6096, 47.4808
2076, 39.7056, 47.4975
2077, 39.9024, 47.5308
2078, 40.0014, 47.5475
2079, 40.1998, 47.5808
2080, 40.2975, 47.5975
2081, 40.4902, 47.6308
2082, 40.5846, 47.6475
2083, 40.7739, 47.6808
2084, 40.8737, 47.6975
2085, 41.0781, 47.7308
2086, 41.1778, 47.7475
2087, 41.3704, 47.7808
2088, 41.4685, 47.7975
2089, 41.6749, 47.8308
2090, 41.7804, 47.8475
2091, 41.8835, 47.8642
2092, 42.0821, 47.8975
2093, 42.1795, 47.9142
2094, 42.3757, 47.9475
2095, 42.4759, 47.9642
2096, 42.6672, 47.9975
2097, 42.7612, 48.0142
2098, 42.854, 48.0308
2099, 43.0666, 48.0642
2100, 43.183, 48.0808
2101, 43.396, 48.1142
2102, 43.4843, 48.1308
2103, 43.5711, 48.1475
2104, 43.756, 48.1808
2105, 43.851, 48.1975
2106, 44.0488, 48.2308
2107, 44.1506, 48.2475
2108, 44.2514, 48.2642
2109, 44.4423, 48.2975
2110, 44.5358, 48.3142
2111, 44.6304, 48.3308
2112, 44.8212, 48.3642
2113, 44.918, 48.3808
2114, 45.0145, 48.3975
2115, 45.195, 48.4308
2116, 45.2823, 48.4475
2117, 45.3725, 48.4642
2118, 45.5665, 48.4975
2119, 45.6656, 48.5142
2120, 45.7601, 48.5308
2121, 45.946, 48.5642
2122, 46.0414, 48.5808
2123, 46.1375, 48.5975
2124, 46.3362, 48.6308
2125, 46.4328, 48.6475
2126, 46.5299, 48.6642
2127, 46.7147, 48.6975
2128, 46.811, 48.7142
2129, 46.9028, 48.7308
2130, 47.0008, 48.7475
2131, 47.1891, 48.7808
2132, 47.2838, 48.7975
2133, 47.3738, 48.8142
2134, 47.5575, 48.8475
2135, 47.6487, 48.8642
2136, 47.7441, 48.8808
2137, 47.8334, 48.8975
2138, 48.0228, 48.9308
2139, 48.1188, 48.9475
2140, 48.2193, 48.9642
2141, 48.31, 48.9808
2142, 48.4865, 49.0142
2143, 48.5729, 49.0308
2144, 48.5749, 49.0475
2145, 48.558, 49.0642
2146, 48.8482, 49.0975
2147, 48.9085, 49.1142
2148, 48.9394, 49.1308
2149, 49.0142, 49.1475
2150, 49.1104, 49.1642
2151, 49.2791, 49.1975
2152, 49.3585, 49.2142
2153, 49.4347, 49.2308
2154, 49.5048, 49.2475
2155, 49.6467, 49.2808
2156, 49.723, 49.2975
2157, 49.8042, 49.3142
2158, 49.8885, 49.3308
2159, 49.9732, 49.3475
2160, 50.1313, 49.3808
2161, 50.2081, 49.3975
2162, 50.2829, 49.4142
2163, 50.3581, 49.4308
2164, 50.4322, 49.4475
2165, 50.5861, 49.4808
2166, 50.6686, 49.4975
2167, 50.7515, 49.5142
2168, 50.8318, 49.5308
2169, 50.908, 49.5475
2170, 50.9824, 49.5642
2171, 51.1324, 49.5975
2172, 51.2077, 49.6142
2173, 51.2838, 49.6308
2174, 51.3604, 49.6475
2175, 51.4361, 49.6642
2176, 51.5115, 49.6808
2177, 51.6671, 49.7142
2178, 51.7473, 49.7308
2179, 51.825, 49.7475
2180, 51.8997, 49.7642
2181, 51.9727, 49.7808
2182, 52.0476, 49.7975
2183, 52.2012, 49.8308
2184, 52.2772, 49.8475
2185, 52.3524, 49.8642
2186, 52.4297, 49.8808
2187, 52.5081, 49.8975
2188, 52.5856, 49.9142
2189, 52.6603, 49.9308
2190, 52.7888, 49.9642
2191, 52.8486, 49.9808
2192, 52.9188, 49.9975
2193, 53.008, 50.0142
2194, 53.0991, 50.0308
2195, 53.1844, 50.0475
2196, 53.254, 50.0642
2197, 53.3919, 50.0975
2198, 53.468, 50.1142
2199, 53.5397, 50.1308
2200, 53.6072, 50.1475
2201, 53.6777, 50.1642
2202, 53.752, 50.1808
2203, 53.8275, 50.1975
2204, 53.9022, 50.2142
2205, 53.975, 50.2308
2206, 54.1133, 50.2642
2207, 54.1759, 50.2808
2208, 54.2421, 50.2975
2209, 54.3146, 50.3142
2210, 54.3937, 50.3308
2211, 54.4736, 50.3475
2212, 54.5513, 50.3642
2213, 54.6273, 50.3808
2214, 54.7035, 50.3975
2215, 54.8514, 50.4308
2216, 54.9201, 50.4475
2217, 54.988, 50.4642
2218, 55.0578, 50.4808
2219, 55.1323, 50.4975
2220, 55.2087, 50.5142
2221, 55.2845, 50.5308
2222, 55.3574, 50.5475
2223, 55.4289, 50.5642
2224, 55.5006, 50.5808
2225, 55.5692, 50.5975
2226, 55.6357, 50.6142
2227, 55.7708, 50.6475
2228, 55.8439, 50.6642
2229, 55.9167, 50.6808
2230, 55.9882, 50.6975
2231, 56.059, 50.7142
2232, 56.131, 50.7308
2233, 56.2039, 50.7475
2234, 56.2761, 50.7642
2235, 56.3462, 50.7808
2236, 56.4146, 50.7975
2237, 56.4838, 50.8142
2238, 56.5536, 50.8308
2239, 56.6241, 50.8475
2240, 56.6924, 50.8642
2241, 56.8247, 50.8975
2242, 56.8928, 50.9142
2243, 56.9635, 50.9308
2244, 57.0358, 50.9475
2245, 57.1076, 50.9642
2246, 57.1776, 50.9808
2247, 57.2457, 50.9975
2248, 57.3133, 51.0142
2249, 57.3807, 51.0308
2250, 57.4491, 51.0642
2251, 57.5182, 51.0808
2252, 57.5869, 51.0975
2253, 57.6536, 51.1142
2254, 57.7186, 51.1308
2255, 57.7832, 51.1475
2256, 57.8484, 51.1642
2257, 57.9133, 51.1808
2258, 57.9778, 51.1975
2259, 58.0442, 51.2142
2260, 58.1121, 51.2308
2261, 58.183, 51.2475
2262, 58.2522, 51.2642
2263, 58.3189, 51.2808
2264, 58.3812, 51.2975
2265, 58.4383, 51.3142
2266, 58.3935, 51.3475
2267, 58.4776, 51.3642
2268, 58.5809, 51.3808
2269, 58.6096, 51.3975
2270, 58.655, 51.4142
2271, 58.7411, 51.4308
2272, 58.807, 51.4475
2273, 58.8448, 51.4642
2274, 58.8968, 51.4808
2275, 58.9655, 51.4975
2276, 59.0223, 51.5142
2277, 59.0658, 51.5308
2278, 59.1175, 51.5475
2279, 59.1764, 51.5642
2280, 59.233, 51.5808
2281, 59.287, 51.5975
2282, 59.3467, 51.6142
2283, 59.408, 51.6308
2284, 59.465, 51.6475
2285, 59.519, 51.6642
2286, 59.5732, 51.6808
2287, 59.6278, 51.6975
2288, 59.6824, 51.7142
2289, 59.738, 51.7308
2290, 59.7943, 51.7475
2291, 59.847, 51.7642
2292, 59.899, 51.7808
2293, 59.9514, 51.7975
2294, 60.0072, 51.8142
2295, 60.0643, 51.8308
2296, 60.1217, 51.8475
2297, 60.1782, 51.8642
2298, 60.2343, 51.8808
2299, 60.2896, 51.8975
2300, 60.3445, 51.9142
2301, 60.3976, 51.9308
2302, 60.4503, 51.9475
2303, 60.5024, 51.9642
2304, 60.5563, 51.9808
2305, 60.6101, 51.9975
2306, 60.6641, 52.0142
2307, 60.7188, 52.0308
2308, 60.7742, 52.0475
2309, 60.8299, 52.0642
2310, 60.8832, 52.0808
2311, 60.9336, 52.0975
2312, 60.9861, 52.1142
2313, 61.0419, 52.1308
2314, 61.0997, 52.1475
2315, 61.1518, 52.1642
2316, 61.198, 52.1808
2317, 61.2417, 52.1975
2318, 61.2921, 52.2142
2319, 61.3486, 52.2308
2320, 61.4054, 52.2475
2321, 61.4597, 52.2642
2322, 61.5139, 52.2808
2323, 61.5703, 52.2975
2324, 61.6251, 52.3142
2325, 61.6251, 52.3142
2326, 61.6768, 52.3308
2327, 61.7263, 52.3475
2328, 61.7762, 52.3642
2329, 61.8264, 52.3808
2330, 61.8768, 52.3975
2331, 61.9291, 52.4142
2332, 61.9818, 52.4308
2333, 62.0344, 52.4475
2334, 62.0851, 52.4642
2335, 62.136, 52.4808
2336, 62.1903, 52.4975
2337, 62.2459, 52.5142
2338, 62.2993, 52.5308
2339, 62.3462, 52.5475
2340, 62.3908, 52.5642
2341, 62.4364, 52.5808
2342, 62.4848, 52.5975
2343, 62.5345, 52.6142
2344, 62.5845, 52.6308
2345, 62.6402, 52.6475
2346, 62.6955, 52.6642
2347, 62.7433, 52.6808
2348, 62.7858, 52.6975
2349, 62.8375, 52.7142
2350, 62.8948, 52.7308
2351, 62.9513, 52.7475
2352, 62.9513, 52.7475
2353, 62.9985, 52.7642
2354, 63.0431, 52.7808
2355, 63.0912, 52.7975
2356, 63.1397, 52.8142
2357, 63.1858, 52.8308
2358, 63.2319, 52.8475
2359, 63.2792, 52.8642
2360, 63.3274, 52.8808
2361, 63.3761, 52.8975
2362, 63.4272, 52.9142
2363, 63.4798, 52.9308
2364, 63.5317, 52.9475
2365, 63.5834, 52.9642
2366, 63.6308, 52.9808
2367, 63.6726, 52.9975
2368, 63.7151, 53.0142
2369, 63.7634, 53.0308
2370, 63.8163, 53.0475
2371, 63.8163, 53.0475
2372, 63.8682, 53.0642
2373, 63.9167, 53.0808
2374, 63.9655, 53.0975
2375, 64.0156, 53.1142
2376, 64.0645, 53.1308
2377, 64.1132, 53.1475
2378, 64.1628, 53.1642
2379, 64.2112, 53.1808
2380, 64.258, 53.1975
2381, 64.3065, 53.2142
2382, 64.3561, 53.2308
2383, 64.404, 53.2475
2384, 64.4504, 53.2642
2385, 64.4962, 53.2808
2386, 64.4962, 53.2808
2387, 64.5452, 53.2975
2388, 64.5933, 53.3142
2389, 64.6396, 53.3308
2390, 64.6868, 53.3475
2391, 64.7359, 53.3642
2392, 64.7846, 53.3808
2393, 64.8307, 53.3975
2394, 64.8733, 53.4142
2395, 64.9186, 53.4308
2396, 64.9653, 53.4475
2397, 65.012, 53.4642
2398, 65.0584, 53.4808
2399, 65.1052, 53.4975
2400, 65.1052, 53.4975
2401, 65.1497, 53.5142
2402, 65.1947, 53.5308
2403, 65.24, 53.5475
2404, 65.2861, 53.5642
2405, 65.3326, 53.5808
2406, 65.3787, 53.5975
2407, 65.4234, 53.6142
2408, 65.4674, 53.6308
2409, 65.5112, 53.6475
2410, 65.5553, 53.6642
2411, 65.6001, 53.6808
2412, 65.6001, 53.6808
2413, 65.6447, 53.6975
2414, 65.6878, 53.7142
2415, 65.7305, 53.7308
2416, 65.7769, 53.7475
2417, 65.8246, 53.7642
2418, 65.8688, 53.7808
2419, 65.9081, 53.7975
2420, 65.9484, 53.8142
2421, 65.9933, 53.8308
2422, 66.0423, 53.8475
2423, 66.0423, 53.8475
2424, 66.0904, 53.8642
2425, 66.1336, 53.8808
2426, 66.1767, 53.8975
2427, 66.2201, 53.9142
2428, 66.265, 53.9308
2429, 66.3104, 53.9475
2430, 66.3552, 53.9642
2431, 66.3996, 53.9808
2432, 66.4428, 53.9975
2433, 66.4853, 54.0142
2434, 66.4853, 54.0142
2435, 66.5277, 54.0308
2436, 66.5711, 54.0475
2437, 66.6148, 54.0642
2438, 66.6589, 54.0808
2439, 66.6998, 54.0975
2440, 66.7403, 54.1142
2441, 66.7819, 54.1308
2442, 66.8241, 54.1475
2443, 66.8636, 54.1642
2444, 66.8636, 54.1642
2445, 66.9019, 54.1808
2446, 66.941, 54.1975
2447, 66.9848, 54.2142
2448, 67.0256, 54.2308
2449, 67.0675, 54.2475
2450, 67.1122, 54.2642
2451, 67.1579, 54.2808
2452, 67.1995, 54.2975
2453, 67.2371, 54.3142
2454, 67.2371, 54.3142
2455, 67.2744, 54.3308
2456, 67.2993, 54.3475
2457, 67.2913, 54.3642
2458, 67.267, 54.3808
2459, 67.2441, 54.3975
2460, 67.2206, 54.4142
2461, 67.2022, 54.4308
2462, 67.1952, 54.4475
2463, 67.1952, 54.4475
2464, 67.1896, 54.4642
2465, 67.1893, 54.4808
2466, 67.1928, 54.4975
2467, 67.193, 54.5142
2468, 67.1882, 54.5308
2469, 67.1847, 54.5475
2470, 67.1779, 54.5642
2471, 67.1699, 54.5808
2472, 67.1699, 54.5808
2473, 67.1619, 54.5975
2474, 67.1566, 54.6142
2475, 67.1567, 54.6308
2476, 67.1609, 54.6475
2477, 67.1599, 54.6642
2478, 67.156, 54.6808
2479, 67.1519, 54.6975
2480, 67.1477, 54.7142
2481, 67.1477, 54.7142
2482, 67.1407, 54.7308
2483, 67.1345, 54.7475
2484, 67.13, 54.7642
2485, 67.1297, 54.7808
2486, 67.1307, 54.7975
2487, 67.1298, 54.8142
2488, 67.1263, 54.8308
2489, 67.121, 54.8475
2490, 67.1162, 54.8642
2491, 67.1162, 54.8642
2492, 67.1127, 54.8808
2493, 67.1081, 54.8975
2494, 67.1018, 54.9142
2495, 67.0963, 54.9308
2496, 67.0924, 54.9475
2497, 67.0868, 54.9642
2498, 67.0792, 54.9808
2499, 67.0731, 54.9975
2500, 67.0731, 54.9975
2501, 67.0673, 55.0142
2502, 67.0617, 55.0308
2503, 67.0513, 55.0475
2504, 67.0375, 55.0642
2505, 67.0255, 55.0808
2506, 67.0188, 55.0975
2507, 67.0234, 55.1142
2508, 67.0277, 55.1308
2509, 67.0277, 55.1308
2510, 67.0049, 55.1475
2511, 66.9503, 55.1642
2512, 66.8526, 55.1808
2513, 66.719, 55.1975
2514, 66.5753, 55.2142
2515, 66.3787, 55.2308
2516, 66.1282, 55.2475
2517, 65.9209, 55.2642
2518, 65.7022, 55.2808
2519, 65.4612, 55.2975
2520, 65.4612, 55.2975
2521, 65.1959, 55.3142
2522, 64.8792, 55.3308
2523, 64.5459, 55.3475
2524, 64.2126, 55.3642
2525, 63.8567, 55.3808
2526, 63.479, 55.3975
2527, 63.0928, 55.4142
2528, 62.7034, 55.4308
2529, 62.302, 55.4475
2530, 61.8783, 55.4642
2531, 61.4409, 55.4808
2532, 60.9969, 55.4975
2533, 60.5371, 55.5142
2534, 60.058, 55.5308
2535, 59.5702, 55.5475
2536, 59.0901, 55.5642
2537, 58.6264, 55.5808
2538, 58.1833, 55.5975
2539, 57.7596, 55.6142
2540, 57.3513, 55.6308
2541, 56.9619, 55.6475
2542, 56.5983, 55.6642
2543, 56.2281, 55.6808
2544, 55.8361, 55.6975
2545, 55.4302, 55.7142
2546, 54.9944, 55.7308
2547, 54.523, 55.7475
2548, 53.5708, 55.7808
2549, 53.0887, 55.7975
2550, 52.6099, 55.8142
2551, 52.152, 55.8308
2552, 51.7223, 55.8475
2553, 51.3189, 55.8642
2554, 50.9313, 55.8808
2555, 50.2356, 55.9142
2556, 49.9231, 55.9308
2557, 49.6213, 55.9475
2558, 49.3386, 55.9642
2559, 49.0834, 55.9808
2560, 48.6209, 56.0142
2561, 48.4033, 56.0308
2562, 48.1989, 56.0475
2563, 48.0068, 56.0642
2564, 47.681, 56.0975
2565, 47.4799, 56.1142
2566, 47.2073, 56.1308
2567, 46.9715, 56.1475
2568, 46.6585, 56.1808
2569, 46.5078, 56.1975
2570, 46.3571, 56.2142
2571, 45.9612, 56.2475
2572, 45.7602, 56.2642
2573, 45.588, 56.2808
2574, 45.4206, 56.2975
2575, 45.0437, 56.3308
2576, 44.8464, 56.3475
2577, 44.6525, 56.3642
2578, 44.2665, 56.3975
2579, 44.0735, 56.4142
2580, 43.7116, 56.4475
2581, 43.5436, 56.4642
2582, 43.3838, 56.4808
2583, 43.0915, 56.5142
2584, 42.9607, 56.5308
2585, 42.8372, 56.5475
2586, 42.5977, 56.5808
2587, 42.4817, 56.5975
2588, 42.2617, 56.6308
2589, 42.1534, 56.6475
2590, 41.9251, 56.6808
2591, 41.8015, 56.6975
2592, 41.6684, 56.7142
2593, 41.3627, 56.7475
2594, 41.1877, 56.7642
2595, 40.7869, 56.7975
2596, 40.5594, 56.8142
2597, 40.0517, 56.8475
2598, 39.7797, 56.8642
2599, 39.2119, 56.8975
2600, 38.9049, 56.9142
2601, 38.2632, 56.9475
2602, 37.9423, 56.9642
2603, 37.2651, 56.9975
2604, 36.5602, 57.0308
2605, 36.2312, 57.0475
2606, 35.5849, 57.0808
2607, 34.9428, 57.1142
2608, 34.6213, 57.1308
2609, 33.9558, 57.1642
2610, 33.3797, 57.1975
2611, 32.7915, 57.2308
2612, 32.4564, 57.2475
2613, 31.7535, 57.2808
2614, 31.1898, 57.3142
2615, 30.608, 57.3475
2616, 30.1128, 57.3808
2617, 29.6491, 57.4142
2618, 29.1648, 57.4475
2619, 28.6859, 57.4808
2620, 28.2068, 57.5142
2621, 27.6974, 57.5475
2622, 26.9402, 57.5975
2623, 26.5211, 57.6308
2624, 26.1561, 57.6642
2625, 25.7987, 57.6975
2626, 25.2983, 57.7475
2627, 25.0002, 57.7808
2628, 24.6015, 57.8308
2629, 24.3632, 57.8642
2630, 24.0272, 57.9142
2631, 23.8214, 57.9475
2632, 23.5236, 57.9975
2633, 23.3173, 58.0308
2634, 22.9877, 58.0808
2635, 22.7454, 58.1142
2636, 22.3517, 58.1642
2637, 21.9376, 58.2142
2638, 21.495, 58.2642
2639, 21.2079, 58.2975
2640, 20.8216, 58.3475
2641, 20.4991, 58.3975
2642, 20.2423, 58.4475
2643, 20.0314, 58.4975
2644, 19.8443, 58.5475
2645, 19.6779, 58.5975
2646, 19.5305, 58.6475
2647, 19.4444, 58.6808
2648, 19.3237, 58.7308
2649, 19.2076, 58.7808
2650, 19.0847, 58.8308
2651, 18.9612, 58.8808
2652, 18.8807, 58.9142
2653, 18.7568, 58.9642
2654, 18.629, 59.0142
2655, 18.5009, 59.0642
2656, 18.3718, 59.1142
2657, 18.2, 59.1808
2658, 18.0721, 59.2308
2659, 17.9419, 59.2808
2660, 17.8034, 59.3308
2661, 17.6845, 59.3808
2662, 17.5434, 59.4308
2663, 17.3624, 59.4975
2664, 17.2333, 59.5475
2665, 17.1041, 59.5975
2666, 16.9349, 59.6475
2667, 16.8025, 59.7142
2668, 16.7132, 59.7642
2669, 16.5732, 59.8308
2670, 16.51, 59.8808
2671, 16.3977, 59.9475
2672, 16.3042, 60.0142
2673, 16.2035, 60.0808
2674, 16.1737, 60.1308
2675, 16.1625, 60.1975
2676, 16.1768, 60.2642
2677, 16.2057, 60.3308
2678, 16.2057, 60.3308
2679, 16.4131, 60.4642
2680, 16.5857, 60.5308
2681, 16.7401, 60.5808
2682, 16.9507, 60.6475
2683, 17.1671, 60.7142
2684, 17.3882, 60.7808
2685, 17.5596, 60.8308
2686, 17.8022, 60.8975
2687, 17.9778, 60.9475
2688, 18.2388, 61.0142
2689, 18.4496, 61.0642
2690, 18.7958, 61.1308
2691, 19.0651, 61.1808
2692, 19.4355, 61.2475
2693, 19.7101, 61.2975
2694, 19.9866, 61.3475
2695, 20.289, 61.3975
2696, 20.5865, 61.4475
2697, 20.9819, 61.5142
2698, 21.2822, 61.5642
2699, 21.4849, 61.5975
2700, 21.7913, 61.6475
2701, 22.0958, 61.6975
2702, 22.4059, 61.7475
2703, 22.7288, 61.7975
2704, 23.0457, 61.8475
2705, 23.258, 61.8808
2706, 23.5945, 61.9308
2707, 23.9272, 61.9808
2708, 24.1491, 62.0142
2709, 24.4928, 62.0642
2710, 24.8414, 62.1142
2711, 25.0816, 62.1475
2712, 25.4428, 62.1975
2713, 25.6778, 62.2308
2714, 25.9188, 62.2642
2715, 26.2952, 62.3142
2716, 26.5421, 62.3475
2717, 26.9097, 62.3975
2718, 27.1666, 62.4308
2719, 27.4249, 62.4642
2720, 27.7947, 62.5142
2721, 28.0583, 62.5475
2722, 28.3303, 62.5808
2723, 28.6017, 62.6142
2724, 28.868, 62.6475
2725, 29.2535, 62.6975
2726, 29.5441, 62.7308
2727, 29.8539, 62.7642
2728, 30.1584, 62.7975
2729, 30.4365, 62.8308
2730, 30.6901, 62.8642
2731, 30.94, 62.8975
2732, 31.2121, 62.9308
2733, 31.4951, 62.9642
2734, 31.6341, 62.9808
2735, 31.9007, 63.0142
2736, 32.1705, 63.0475
2737, 32.4449, 63.0808
2738, 32.7211, 63.1142
2739, 33.0018, 63.1475
2740, 33.2855, 63.1808
2741, 33.4268, 63.1975
2742, 33.7074, 63.2308
2743, 33.9723, 63.2642
2744, 34.237, 63.2975
2745, 34.3718, 63.3142
2746, 34.6389, 63.3475
2747, 34.9061, 63.3808
2748, 35.1803, 63.4142
2749, 35.322, 63.4308
2750, 35.6188, 63.4642
2751, 35.9132, 63.4975
2752, 36.0514, 63.5142
2753, 36.3171, 63.5475
2754, 36.5689, 63.5808
2755, 36.6891, 63.5975
2756, 36.9397, 63.6308
2757, 37.197, 63.6642
2758, 37.3246, 63.6808
2759, 37.5455, 63.7142
2760, 37.6502, 63.7308
2761, 37.6564, 63.7642
2762, 37.8308, 63.7808
2763, 38.1349, 63.8142
2764, 38.3406, 63.8475
2765, 38.4426, 63.8642
2766, 38.6131, 63.8975
2767, 38.7137, 63.9142
2768, 38.9529, 63.9475
2769, 39.0626, 63.9642
2770, 39.2576, 63.9975
2771, 39.3533, 64.0142
2772, 39.5596, 64.0475
2773, 39.6487, 64.0642
2774, 39.8522, 64.0975
2775, 39.95, 64.1142
2776, 40.1529, 64.1475
2777, 40.2514, 64.1642
2778, 40.4648, 64.1975
2779, 40.5754, 64.2142
2780, 40.7832, 64.2475
2781, 40.8873, 64.2642
2782, 41.0739, 64.2975
2783, 41.1727, 64.3142
2784, 41.3658, 64.3475
2785, 41.474, 64.3642
2786, 41.6691, 64.3975
2787, 41.7675, 64.4142
2788, 41.8573, 64.4308
2789, 42.0424, 64.4642
2790, 42.1376, 64.4808
2791, 42.3293, 64.5142
2792, 42.4293, 64.5308
2793, 42.5289, 64.5475
2794, 42.73, 64.5808
2795, 42.8311, 64.5975
2796, 43.0235, 64.6308
2797, 43.114, 64.6475
2798, 43.2067, 64.6642
2799, 43.404, 64.6975
2800, 43.5024, 64.7142
2801, 43.6942, 64.7475
2802, 43.793, 64.7642
2803, 43.8934, 64.7808
2804, 44.0945, 64.8142
2805, 44.189, 64.8308
2806, 44.2735, 64.8475
2807, 44.42, 64.8808
2808, 44.5067, 64.8975
2809, 44.6338, 64.9142
2810, 44.892, 64.9475
2811, 44.9778, 64.9642
2812, 45.1138, 64.9975
2813, 45.2025, 65.0142
2814, 45.3071, 65.0308
2815, 45.4204, 65.0475
2816, 45.6457, 65.0808
2817, 45.7491, 65.0975
2818, 45.8449, 65.1142
2819, 46.0308, 65.1475
2820, 46.1189, 65.1642
2821, 46.2031, 65.1808
2822, 46.3754, 65.2142
2823, 46.474, 65.2308
2824, 46.5786, 65.2475
2825, 46.792, 65.2808
2826, 46.8924, 65.2975
2827, 46.9891, 65.3142
2828, 47.0854, 65.3308
2829, 47.2865, 65.3642
2830, 47.3887, 65.3808
2831, 47.4867, 65.3975
2832, 47.5791, 65.4142
2833, 47.7614, 65.4475
2834, 47.8573, 65.4642
2835, 47.9559, 65.4808
2836, 48.0516, 65.4975
2837, 48.2422, 65.5308
2838, 48.3394, 65.5475
2839, 48.4398, 65.5642
2840, 48.5364, 65.5808
2841, 48.7198, 65.6142
2842, 48.8093, 65.6308
2843, 48.9007, 65.6475
2844, 48.9943, 65.6642
2845, 49.183, 65.6975
2846, 49.2755, 65.7142
2847, 49.3662, 65.7308
2848, 49.3679, 65.7475
2849, 49.3521, 65.7642
2850, 49.626, 65.7975
2851, 49.6978, 65.8142
2852, 49.7365, 65.8308
2853, 49.8253, 65.8475
2854, 49.9373, 65.8642
2855, 50.0776, 65.8975
2856, 50.1453, 65.9142
2857, 50.2325, 65.9308
2858, 50.3196, 65.9475
2859, 50.3942, 65.9642
2860, 50.5429, 65.9975
2861, 50.6225, 66.0142
2862, 50.6998, 66.0308
2863, 50.7754, 66.0475
2864, 50.8533, 66.0642
2865, 51.0127, 66.0975
2866, 51.0901, 66.1142
2867, 51.1669, 66.1308
2868, 51.2431, 66.1475
2869, 51.3184, 66.1642
2870, 51.3916, 66.1808
2871, 51.5424, 66.2142
2872, 51.6215, 66.2308
2873, 51.7011, 66.2475
2874, 51.7772, 66.2642
2875, 51.8513, 66.2808
2876, 51.9249, 66.2975
2877, 52.0739, 66.3308
2878, 52.1482, 66.3475
2879, 52.2225, 66.3642
2880, 52.2966, 66.3808
2881, 52.3725, 66.3975
2882, 52.4495, 66.4142
2883, 52.5267, 66.4308
2884, 52.6737, 66.4642
2885, 52.7447, 66.4808
2886, 52.8178, 66.4975
2887, 52.8939, 66.5142
2888, 52.9692, 66.5308
2889, 53.0419, 66.5475
2890, 53.1136, 66.5642
2891, 53.2647, 66.5975
2892, 53.3407, 66.6142
2893, 53.4136, 66.6308
2894, 53.4848, 66.6475
2895, 53.5566, 66.6642
2896, 53.6296, 66.6808
2897, 53.703, 66.6975
2898, 53.7763, 66.7142
2899, 53.9241, 66.7475
2900, 53.9977, 66.7642
2901, 54.0704, 66.7808
2902, 54.1438, 66.7975
2903, 54.2177, 66.8142
2904, 54.2911, 66.8308
2905, 54.3626, 66.8475
2906, 54.4325, 66.8642
2907, 54.5032, 66.8808
2908, 54.575, 66.8975
2909, 54.7167, 66.9308
2910, 54.7889, 66.9475
2911, 54.8634, 66.9642
2912, 54.9384, 66.9808
2913, 55.0105, 66.9975
2914, 55.0809, 67.0142
2915, 55.1516, 67.0308
2916, 55.2234, 67.0475
2917, 55.2956, 67.0642
2918, 55.3683, 67.0808
2919, 55.442, 67.0975
2920, 55.5854, 67.1308
2921, 55.6532, 67.1475
2922, 55.7213, 67.1642
2923, 55.7922, 67.1808
2924, 55.8638, 67.1975
2925, 55.934, 67.2142
2926, 56.0025, 67.2308
2927, 56.0713, 67.2475
2928, 56.1423, 67.2642
2929, 56.2147, 67.2808
2930, 56.2868, 67.2975
2931, 56.3584, 67.3142
2932, 56.4287, 67.3308
2933, 56.4997, 67.3475
2934, 56.6391, 67.3808
2935, 56.7066, 67.3975
2936, 56.7734, 67.4142
2937, 56.8401, 67.4308
2938, 56.9074, 67.4475
2939, 56.974, 67.4642
2940, 57.0411, 67.4808
2941, 57.1079, 67.4975
2942, 57.1747, 67.5142
2943, 57.2437, 67.5308
2944, 57.3142, 67.5475
2945, 57.3853, 67.5642
2946, 57.4537, 67.5808
2947, 57.5179, 67.5975
2948, 57.5821, 67.6142
2949, 57.6475, 67.6308
2950, 57.7143, 67.6475
2951, 57.7011, 67.6642
2952, 57.6764, 67.6808
2953, 57.7817, 67.6975
2954, 57.8912, 67.7142
2955, 57.9441, 67.7475
2956, 58.0263, 67.7642
2957, 58.0947, 67.7808
2958, 58.1312, 67.7975
2959, 58.181, 67.8142
2960, 58.2479, 67.8308
2961, 58.3063, 67.8475
2962, 58.3549, 67.8642
2963, 58.4114, 67.8808
2964, 58.4723, 67.8975
2965, 58.5288, 67.9142
2966, 58.5834, 67.9308
2967, 58.6414, 67.9475
2968, 58.6995, 67.9642
2969, 58.7542, 67.9808
2970, 58.8069, 67.9975
2971, 58.8584, 68.0142
2972, 58.9086, 68.0308
2973, 58.9618, 68.0475
2974, 59.0214, 68.0642
2975, 59.0841, 68.0808
2976, 59.1406, 68.0975
2977, 59.1935, 68.1142
2978, 59.2435, 68.1308
2979, 59.2946, 68.1475
2980, 59.3452, 68.1642
2981, 59.398, 68.1808
2982, 59.4505, 68.1975
2983, 59.4995, 68.2142
2984, 59.5518, 68.2308
2985, 59.6105, 68.2475
2986, 59.6712, 68.2642
2987, 59.7257, 68.2808
2988, 59.774, 68.2975
2989, 59.8265, 68.3142
2990, 59.8816, 68.3308
2991, 59.9349, 68.3475
2992, 59.9861, 68.3642
2993, 60.0406, 68.3808
2994, 60.0956, 68.3975
2995, 60.1478, 68.4142
2996, 60.199, 68.4308
2997, 60.2523, 68.4475
2998, 60.3065, 68.4642
2999, 60.3599, 68.4808
3000, 60.4112, 68.4975
3001, 60.4628, 68.5142
3002, 60.515, 68.5308
3003, 60.5685, 68.5475
3004, 60.6216, 68.5642
3005, 60.6747, 68.5808
3006, 60.7277, 68.5975
3007, 60.7807, 68.6142
3008, 60.8346, 68.6308
3009, 60.8899, 68.6475
3010, 60.9448, 68.6642
3011, 60.9975, 68.6808
3012, 61.0475, 68.6975
3013, 61.0956, 68.7142
3014, 61.1457, 68.7308
3015, 61.1964, 68.7475
3016, 61.2504, 68.7642
3017, 61.3059, 68.7808
3018, 61.363, 68.7975
3019, 61.4183, 68.8142
3020, 61.4719, 68.8308
3021, 61.525, 68.8475
3022, 61.5774, 68.8642
3023, 61.6285, 68.8808
3024, 61.6774, 68.8975
3025, 61.7265, 68.9142
3026, 61.7777, 68.9308
3027, 61.8314, 68.9475
3028, 61.8873, 68.9642
3029, 61.9433, 68.9808
3030, 61.9433, 68.9808
3031, 61.9989, 68.9975
3032, 62.0504, 69.0142
3033, 62.1004, 69.0308
3034, 62.1497, 69.0475
3035, 62.2024, 69.0642
3036, 62.2589, 69.0808
3037, 62.3149, 69.0975
3038, 62.3662, 69.1142
3039, 62.4134, 69.1308
3040, 62.4606, 69.1475
3041, 62.5134, 69.1642
3042, 62.567, 69.1808
3043, 62.6198, 69.1975
3044, 62.6697, 69.2142
3045, 62.7217, 69.2308
3046, 62.7763, 69.2475
3047, 62.8307, 69.2642
3048, 62.8826, 69.2808
3049, 62.9341, 69.2975
3050, 62.9867, 69.3142
3051, 63.0379, 69.3308
3052, 63.0849, 69.3475
3053, 63.1313, 69.3642
3054, 63.1313, 69.3642
3055, 63.181, 69.3808
3056, 63.2367, 69.3975
3057, 63.2924, 69.4142
3058, 63.3458, 69.4308
3059, 63.3982, 69.4475
3060, 63.4518, 69.4642
3061, 63.5053, 69.4808
3062, 63.5572, 69.4975
3063, 63.6059, 69.5142
3064, 63.6526, 69.5308
3065, 63.7024, 69.5475
3066, 63.7539, 69.5642
3067, 63.8069, 69.5808
3068, 63.857, 69.5975
3069, 63.9055, 69.6142
3070, 63.9571, 69.6308
3071, 64.0112, 69.6475
3072, 64.0112, 69.6475
3073, 64.0663, 69.6642
3074, 64.1184, 69.6808
3075, 64.1681, 69.6975
3076, 64.217, 69.7142
3077, 64.2657, 69.7308
3078, 64.3139, 69.7475
3079, 64.3623, 69.7642
3080, 64.4119, 69.7808
3081, 64.4619, 69.7975
3082, 64.5132, 69.8142
3083, 64.5633, 69.8308
3084, 64.6117, 69.8475
3085, 64.6585, 69.8642
3086, 64.6585, 69.8642
3087, 64.7057, 69.8808
3088, 64.7544, 69.8975
3089, 64.8028, 69.9142
3090, 64.8534, 69.9308
3091, 64.9033, 69.9475
3092, 64.954, 69.9642
3093, 65.0045, 69.9808
3094, 65.0541, 69.9975
3095, 65.1015, 70.0142
3096, 65.1448, 70.0308
3097, 65.188, 70.0475
3098, 65.2329, 70.0642
3099, 65.2329, 70.0642
3100, 65.2798, 70.0808
3101, 65.3272, 70.0975
3102, 65.374, 70.1142
3103, 65.4202, 70.1308
3104, 65.4663, 70.1475
3105, 65.5121, 70.1642
3106, 65.5581, 70.1808
3107, 65.6042, 70.1975
3108, 65.6496, 70.2142
3109, 65.6942, 70.2308
3110, 65.738, 70.2475
3111, 65.738, 70.2475
3112, 65.7809, 70.2642
3113, 65.8257, 70.2808
3114, 65.871, 70.2975
3115, 65.9165, 70.3142
3116, 65.9597, 70.3308
3117, 66.0038, 70.3475
3118, 66.0476, 70.3642
3119, 66.091, 70.3808
3120, 66.1335, 70.3975
3121, 66.1773, 70.4142
3122, 66.1773, 70.4142
3123, 66.2212, 70.4308
3124, 66.265, 70.4475
3125, 66.3075, 70.4642
3126, 66.3514, 70.4808
3127, 66.3939, 70.4975
3128, 66.4341, 70.5142
3129, 66.4752, 70.5308
3130, 66.5181, 70.5475
3131, 66.5627, 70.5642
3132, 66.5627, 70.5642
3133, 66.6052, 70.5808
3134, 66.6463, 70.5975
3135, 66.6884, 70.6142
3136, 66.7351, 70.6308
3137, 66.7805, 70.6475
3138, 66.8232, 70.6642
3139, 66.8636, 70.6808
3140, 66.9024, 70.6975
3141, 66.9409, 70.7142
3142, 66.9409, 70.7142
3143, 66.9813, 70.7308
3144, 67.0229, 70.7475
3145, 67.065, 70.7642
3146, 67.1047, 70.7808
3147, 67.1445, 70.7975
3148, 67.1858, 70.8142
3149, 67.1562, 70.8308
3150, 67.1243, 70.8475
3151, 67.1243, 70.8475
3152, 67.2282, 70.8642
3153, 67.2751, 70.8808
3154, 67.2563, 70.8975
3155, 67.3004, 70.9142
3156, 67.3565, 70.9308
3157, 67.3694, 70.9475
3158, 67.3955, 70.9642
3159, 67.4441, 70.9808
3160, 67.4441, 70.9808
3161, 67.4752, 70.9975
3162, 67.5017, 71.0142
3163, 67.5431, 71.0308
3164, 67.5809, 71.0475
3165, 67.6107, 71.0642
3166, 67.6465, 71.0808
3167, 67.6826, 71.0975
3168, 67.7121, 71.1142
3169, 67.7121, 71.1142
3170, 67.7436, 71.1308
3171, 67.7798, 71.1475
3172, 67.8148, 71.1642
3173, 67.8485, 71.1808
3174, 67.8821, 71.1975
3175, 67.9161, 71.2142
3176, 67.9504, 71.2308
3177, 67.986, 71.2475
3178, 67.986, 71.2475
3179, 68.0191, 71.2642
3180, 68.0482, 71.2808
3181, 68.0787, 71.2975
3182, 68.113, 71.3142
3183, 68.1482, 71.3308
3184, 68.1832, 71.3475
3185, 68.2177, 71.3642
3186, 68.2177, 71.3642
3187, 68.2515, 71.3808
3188, 68.285, 71.3975
3189, 68.3177, 71.4142
3190, 68.3501, 71.4308
3191, 68.3812, 71.4475
3192, 68.4109, 71.4642
3193, 68.4417, 71.4808
3194, 68.4729, 71.4975
3195, 68.4729, 71.4975
3196, 68.5051, 71.5142
3197, 68.5365, 71.5308
3198, 68.5689, 71.5475
3199, 68.6024, 71.5642
3200, 68.6348, 71.5808
3201, 68.6639, 71.5975
3202, 68.6915, 71.6142
3203, 68.6915, 71.6142
3204, 68.7195, 71.6308
3205, 68.7488, 71.6475
3206, 68.7786, 71.6642
3207, 68.8072, 71.6808
3208, 68.836, 71.6975
3209, 68.8662, 71.7142
3210, 68.8968, 71.7308
3211, 68.8968, 71.7308
3212, 68.9239, 71.7475
3213, 68.9517, 71.7642
3214, 68.9813, 71.7808
3215, 69.0119, 71.7975
3216, 69.0407, 71.8142
3217, 69.0683, 71.8308
3218, 69.0683, 71.8308
3219, 69.0966, 71.8475
3220, 69.126, 71.8642
3221, 69.1546, 71.8808
3222, 69.1808, 71.8975
3223, 69.2077, 71.9142
3224, 69.2359, 71.9308
3225, 69.2647, 71.9475
3226, 69.2647, 71.9475
3227, 69.2925, 71.9642
3228, 69.3188, 71.9808
3229, 69.3441, 71.9975
3230, 69.3705, 72.0142
3231, 69.3982, 72.0308
3232, 69.4266, 72.0475
3233, 69.4266, 72.0475
3234, 69.4557, 72.0642
3235, 69.4862, 72.0808
3236, 69.5158, 72.0975
3237, 69.5443, 72.1142
3238, 69.5724, 72.1308
3239, 69.6005, 72.1475
3240, 69.6309, 72.1642
3241, 69.6309, 72.1642
3242, 69.66, 72.1808
3243, 69.6864, 72.1975
3244, 69.7128, 72.2142
3245, 69.7435, 72.2308
3246, 69.7762, 72.2475
3247, 69.8069, 72.2642
3248, 69.8069, 72.2642
3249, 69.8368, 72.2808
3250, 69.868, 72.2975
3251, 69.8985, 72.3142
3252, 69.927, 72.3308
3253, 69.9551, 72.3475
3254, 69.9834, 72.3642
3255, 69.9834, 72.3642
3256, 70.0117, 72.3808
3257, 70.0428, 72.3975
3258, 70.0761, 72.4142
3259, 70.1083, 72.4308
3260, 70.1366, 72.4475
3261, 70.1634, 72.4642
3262, 70.1634, 72.4642
3263, 70.1898, 72.4808
3264, 70.2179, 72.4975
3265, 70.2486, 72.5142
3266, 70.2809, 72.5308
3267, 70.3107, 72.5475
3268, 70.341, 72.5642
3269, 70.341, 72.5642
3270, 70.3702, 72.5808
3271, 70.398, 72.5975
3272, 70.4272, 72.6142
3273, 70.4581, 72.6308
3274, 70.4909, 72.6475
3275, 70.5217, 72.6642
3276, 70.5217, 72.6642
3277, 70.549, 72.6808
3278, 70.5755, 72.6975
3279, 70.6055, 72.7142
3280, 70.6386, 72.7308
3281, 70.6698, 72.7475
3282, 70.6698, 72.7475
3283, 70.6971, 72.7642
3284, 70.726, 72.7808
3285, 70.7571, 72.7975
3286, 70.7852, 72.8142
3287, 70.8118, 72.8308
3288, 70.8415, 72.8475
3289, 70.8415, 72.8475
3290, 70.8729, 72.8642
3291, 70.9013, 72.8808
3292, 70.9279, 72.8975
3293, 70.9589, 72.9142
3294, 70.9923, 72.9308
3295, 70.9923, 72.9308
3296, 71.0213, 72.9475
3297, 71.0488, 72.9642
3298, 71.0759, 72.9808
3299, 71.104, 72.9975
3300, 71.1318, 73.0142
3301, 71.1597, 73.0308
3302, 71.1597, 73.0308
3303, 71.1874, 73.0475
3304, 71.2154, 73.0642
3305, 71.2435, 73.0808
3306, 71.2708, 73.0975
3307, 71.2976, 73.1142
3308, 71.2976, 73.1142
3309, 71.3267, 73.1308
3310, 71.3583, 73.1475
3311, 71.3879, 73.1642
3312, 71.4136, 73.1808
3313, 71.4385, 73.1975
3314, 71.4385, 73.1975
3315, 71.4635, 73.2142
3316, 71.4884, 73.2308
3317, 71.5163, 73.2475
3318, 71.5462, 73.2642
3319, 71.5763, 73.2808
3320, 71.6057, 73.2975
3321, 71.6057, 73.2975
3322, 71.6335, 73.3142
3323, 71.6594, 73.3308
3324, 71.683, 73.3475
3325, 71.7062, 73.3642
3326, 71.7325, 73.3808
3327, 71.7325, 73.3808
3328, 71.7606, 73.3975
3329, 71.7891, 73.4142
3330, 71.8174, 73.4308
3331, 71.8463, 73.4475
3332, 71.8749, 73.4642
3333, 71.8749, 73.4642
3334, 71.9031, 73.4808
3335, 71.9305, 73.4975
3336, 71.9558, 73.5142
3337, 71.979, 73.5308
3338, 72.0059, 73.5475
3339, 72.0059, 73.5475
3340, 72.0365, 73.5642
3341, 72.0654, 73.5808
3342, 72.092, 73.5975
3343, 72.1199, 73.6142
3344, 72.1494, 73.6308
3345, 72.1494, 73.6308
3346, 72.1792, 73.6475
3347, 72.2071, 73.6642
3348, 72.2309, 73.6808
3349, 72.2538, 73.6975
3350, 72.2788, 73.7142
3351, 72.2788, 73.7142
3352, 72.3042, 73.7308
3353, 72.3298, 73.7475
3354, 72.356, 73.7642
3355, 72.383, 73.7808
3356, 72.4102, 73.7975
3357, 72.4102, 73.7975
3358, 72.4361, 73.8142
3359, 72.4638, 73.8308
3360, 72.4921, 73.8475
3361, 72.518, 73.8642
3362, 72.518, 73.8642
3363, 72.5425, 73.8808
3364, 72.5674, 73.8975
3365, 72.5932, 73.9142
3366, 72.6202, 73.9308
3367, 72.6484, 73.9475
3368, 72.6484, 73.9475
3369, 72.6737, 73.9642
3370, 72.6973, 73.9808
3371, 72.7214, 73.9975
3372, 72.7462, 74.0142
3373, 72.7715, 74.0308
3374, 72.7715, 74.0308
3375, 72.7964, 74.0475
3376, 72.8213, 74.0642
3377, 72.8482, 74.0808
3378, 72.8788, 74.0975
3379, 72.9066, 74.1142
3380, 72.9066, 74.1142
3381, 72.9319, 74.1308
3382, 72.9574, 74.1475
3383, 72.9863, 74.1642
3384, 73.0094, 74.1808
3385, 73.0094, 74.1808
3386, 73.0299, 74.1975
3387, 73.0566, 74.2142
3388, 73.086, 74.2308
3389, 73.1107, 74.2475
3390, 73.1318, 74.2642
3391, 73.1318, 74.2642
3392, 73.1596, 74.2808
3393, 73.1898, 74.2975
3394, 73.2169, 74.3142
3395, 73.2432, 74.3308
3396, 73.2432, 74.3308
3397, 73.2721, 74.3475
3398, 73.2973, 74.3642
3399, 73.3178, 74.3808
3400, 73.3386, 74.3975
3401, 73.3634, 74.4142
3402, 73.3634, 74.4142
3403, 73.3904, 74.4308
3404, 73.4166, 74.4475
3405, 73.4387, 74.4642
3406, 73.4615, 74.4808
3407, 73.4615, 74.4808
3408, 73.4869, 74.4975
3409, 73.5121, 74.5142
3410, 73.5335, 74.5308
3411, 73.5535, 74.5475
3412, 73.5785, 74.5642
3413, 73.5785, 74.5642
3414, 73.6067, 74.5808
3415, 73.6351, 74.5975
3416, 73.6626, 74.6142
3417, 73.6852, 74.6308
3418, 73.6852, 74.6308
3419, 73.7058, 74.6475
3420, 73.729, 74.6642
3421, 73.7536, 74.6808
3422, 73.7785, 74.6975
3423, 73.8017, 74.7142
3424, 73.8017, 74.7142
3425, 73.8262, 74.7308
3426, 73.8512, 74.7475
3427, 73.8748, 74.7642
3428, 73.8986, 74.7808
3429, 73.8986, 74.7808
3430, 73.9221, 74.7975
3431, 73.946, 74.8142
3432, 73.971, 74.8308
3433, 73.9966, 74.8475
3434, 73.9966, 74.8475
3435, 74.0211, 74.8642
3436, 74.0443, 74.8808
3437, 74.0676, 74.8975
3438, 74.0904, 74.9142
3439, 74.0904, 74.9142
3440, 74.1111, 74.9308
3441, 74.1319, 74.9475
3442, 74.159, 74.9642
3443, 74.1878, 74.9808
3444, 74.2116, 74.9975
3445, 74.2116, 74.9975
3446, 74.2298, 75.0142
3447, 74.2508, 75.0308
3448, 74.2754, 75.0475
3449, 74.2997, 75.0642
3450, 74.2997, 75.0642
3451, 74.3226, 75.0808
3452, 74.3449, 75.0975
3453, 74.3676, 75.1142
3454, 74.3899, 75.1308
3455, 74.3899, 75.1308
3456, 74.4102, 75.1475
3457, 74.43, 75.1642
3458, 74.4517, 75.1808
3459, 74.4754, 75.1975
3460, 74.4754, 75.1975
3461, 74.5, 75.2142
3462, 74.5234, 75.2308
3463, 74.5434, 75.2475
3464, 74.5613, 75.2642
3465, 74.5613, 75.2642
3466, 74.5811, 75.2808
3467, 74.6069, 75.2975
3468, 74.6329, 75.3142
3469, 74.6587, 75.3308
3470, 74.6587, 75.3308
3471, 74.6833, 75.3475
3472, 74.7062, 75.3642
3473, 74.7278, 75.3808
3474, 74.7492, 75.3975
3475, 74.7492, 75.3975
3476, 74.7717, 75.4142
3477, 74.7948, 75.4308
3478, 74.8157, 75.4475
3479, 74.8377, 75.4642
3480, 74.8599, 75.4808
3481, 74.8599, 75.4808
3482, 74.8801, 75.4975
3483, 74.9022, 75.5142
3484, 74.9242, 75.5308
3485, 74.9445, 75.5475
3486, 74.9445, 75.5475
3487, 74.9643, 75.5642
3488, 74.9847, 75.5808
3489, 75.0058, 75.5975
3490, 75.0263, 75.6142
3491, 75.0263, 75.6142
3492, 75.0471, 75.6308
3493, 75.0674, 75.6475
3494, 75.0902, 75.6642
3495, 75.1102, 75.6808
3496, 75.1102, 75.6808
3497, 75.1285, 75.6975
3498, 75.1475, 75.7142
3499, 75.1658, 75.7308
3500, 75.1851, 75.7475
3501, 75.1851, 75.7475
3502, 75.206, 75.7642
3503, 75.2298, 75.7808
3504, 75.2543, 75.7975
3505, 75.2543, 75.7975
3506, 75.2762, 75.8142
3507, 75.2952, 75.8308
3508, 75.3136, 75.8475
3509, 75.3327, 75.8642
3510, 75.3327, 75.8642
3511, 75.3521, 75.8808
3512, 75.3718, 75.8975
3513, 75.3906, 75.9142
3514, 75.4102, 75.9308
3515, 75.4102, 75.9308
3516, 75.4324, 75.9475
3517, 75.4537, 75.9642
3518, 75.4742, 75.9808
3519, 75.4948, 75.9975
3520, 75.4948, 75.9975
3521, 75.516, 76.0142
3522, 75.5375, 76.0308
3523, 75.5586, 76.0475
3524, 75.5794, 76.0642
3525, 75.5794, 76.0642
3526, 75.5984, 76.0808
3527, 75.6153, 76.0975
3528, 75.6331, 76.1142
3529, 75.6535, 76.1308
3530, 75.6535, 76.1308
3531, 75.6762, 76.1475
3532, 75.6986, 76.1642
3533, 75.7174, 76.1808
3534, 75.7343, 76.1975
3535, 75.7343, 76.1975
3536, 75.752, 76.2142
3537, 75.769, 76.2308
3538, 75.7891, 76.2475
3539, 75.81, 76.2642
3540, 75.81, 76.2642
3541, 75.8308, 76.2808
3542, 75.8504, 76.2975
3543, 75.8699, 76.3142
3544, 75.8699, 76.3142
3545, 75.8893, 76.3308
3546, 75.9088, 76.3475
3547, 75.9285, 76.3642
3548, 75.9469, 76.3808
3549, 75.9469, 76.3808
3550, 75.9657, 76.3975
3551, 75.9847, 76.4142
3552, 76.0046, 76.4308
3553, 76.0238, 76.4475
3554, 76.0238, 76.4475
3555, 76.0423, 76.4642
3556, 76.0621, 76.4808
3557, 76.0828, 76.4975
3558, 76.1027, 76.5142
3559, 76.1027, 76.5142
3560, 76.1219, 76.5308
3561, 76.1403, 76.5475
3562, 76.1561, 76.5642
3563, 76.1561, 76.5642
3564, 76.1717, 76.5808
3565, 76.1924, 76.5975
3566, 76.2147, 76.6142
3567, 76.2361, 76.6308
3568, 76.2361, 76.6308
3569, 76.2565, 76.6475
3570, 76.2763, 76.6642
3571, 76.295, 76.6808
3572, 76.3145, 76.6975
3573, 76.3145, 76.6975
3574, 76.3349, 76.7142
3575, 76.3546, 76.7308
3576, 76.3728, 76.7475
3577, 76.3728, 76.7475
3578, 76.3901, 76.7642
3579, 76.4087, 76.7808
3580, 76.4281, 76.7975
3581, 76.4477, 76.8142
3582, 76.4477, 76.8142
3583, 76.4677, 76.8308
3584, 76.4881, 76.8475
3585, 76.5078, 76.8642
3586, 76.5264, 76.8808
3587, 76.5264, 76.8808
3588, 76.5436, 76.8975
3589, 76.5621, 76.9142
3590, 76.5815, 76.9308
3591, 76.5815, 76.9308
3592, 76.6002, 76.9475
3593, 76.6191, 76.9642
3594, 76.6373, 76.9808
3595, 76.6567, 76.9975
3596, 76.6567, 76.9975
3597, 76.6759, 77.0142
3598, 76.6938, 77.0308
3599, 76.7126, 77.0475
3600, 76.7126, 77.0475
3601, 76.7314, 77.0642
3602, 76.7514, 77.0808
3603, 76.7702, 77.0975
3604, 76.787, 77.1142
3605, 76.787, 77.1142
3606, 76.8041, 77.1308
3607, 76.8216, 77.1475
3608, 76.8394, 77.1642
3609, 76.8583, 77.1808
3610, 76.8583, 77.1808
3611, 76.8773, 77.1975
3612, 76.8364, 77.2142
3613, 76.7855, 77.2308
3614, 76.7855, 77.2308
3615, 76.8356, 77.2475
3616, 76.8434, 77.2642
3617, 76.8314, 77.2808
3618, 76.867, 77.2975
3619, 76.867, 77.2975
3620, 76.8774, 77.3142
3621, 76.876, 77.3308
3622, 76.9016, 77.3475
3623, 76.9016, 77.3475
3624, 76.9147, 77.3642
3625, 76.92, 77.3808
3626, 76.9379, 77.3975
3627, 76.9511, 77.4142
3628, 76.9511, 77.4142
3629, 76.9587, 77.4308
3630, 76.9719, 77.4475
3631, 76.9817, 77.4642
3632, 76.9817, 77.4642
3633, 76.989, 77.4808
3634, 77.0035, 77.4975
3635, 77.017, 77.5142
3636, 77.0296, 77.5308
3637, 77.0296, 77.5308
3638, 77.0441, 77.5475
3639, 77.0575, 77.5642
3640, 77.072, 77.5808
3641, 77.072, 77.5808
3642, 77.0866, 77.5975
3643, 77.0954, 77.6142
3644, 77.1025, 77.6308
3645, 77.1154, 77.6475
3646, 77.1154, 77.6475
3647, 77.1287, 77.6642
3648, 77.1417, 77.6808
3649, 77.1564, 77.6975
3650, 77.1564, 77.6975
3651, 77.1701, 77.7142
3652, 77.1822, 77.7308
3653, 77.1922, 77.7475
3654, 77.2014, 77.7642
3655, 77.2014, 77.7642
3656, 77.2112, 77.7808
3657, 77.2237, 77.7975
3658, 77.235, 77.8142
3659, 77.235, 77.8142
3660, 77.2473, 77.8308
3661, 77.2598, 77.8475
3662, 77.2714, 77.8642
3663, 77.2834, 77.8808
3664, 77.2834, 77.8808
3665, 77.2939, 77.8975
3666, 77.3027, 77.9142
3667, 77.3127, 77.9308
3668, 77.3127, 77.9308
3669, 77.3247, 77.9475
3670, 77.3379, 77.9642
3671, 77.3502, 77.9808
3672, 77.3609, 77.9975
3673, 77.3609, 77.9975
3674, 77.3746, 78.0142
3675, 77.3842, 78.0308
3676, 77.3912, 78.0475
3677, 77.3912, 78.0475
3678, 77.4051, 78.0642
3679, 77.4174, 78.0808
3680, 77.4269, 78.0975
3681, 77.4371, 78.1142
3682, 77.4371, 78.1142
3683, 77.4481, 78.1308
3684, 77.458, 78.1475
3685, 77.4668, 78.1642
3686, 77.4668, 78.1642
3687, 77.4782, 78.1808
3688, 77.491, 78.1975
3689, 77.5044, 78.2142
3690, 77.5044, 78.2142
3691, 77.5174, 78.2308
3692, 77.5285, 78.2475
3693, 77.5391, 78.2642
3694, 77.5502, 78.2808
3695, 77.5502, 78.2808
3696, 77.5621, 78.2975
3697, 77.5732, 78.3142
3698, 77.5843, 78.3308
3699, 77.5843, 78.3308
3700, 77.5952, 78.3475
3701, 77.6059, 78.3642
3702, 77.6162, 78.3808
3703, 77.6267, 78.3975
3704, 77.6267, 78.3975
3705, 77.6388, 78.4142
3706, 77.6486, 78.4308
3707, 77.6546, 78.4475
3708, 77.6546, 78.4475
3709, 77.6539, 78.4642
3710, 77.6465, 78.4808
3711, 77.633, 78.4975
3712, 77.6085, 78.5142
3713, 77.6085, 78.5142
3714, 77.5602, 78.5308
3715, 77.4828, 78.5475
3716, 77.3656, 78.5642
3717, 77.3656, 78.5642
3718, 77.2247, 78.5808
3719, 77.0623, 78.5975
3720, 76.8247, 78.6142
3721, 76.8247, 78.6142
3722, 76.6094, 78.6308
3723, 76.3883, 78.6475
3724, 76.1426, 78.6642
3725, 75.862, 78.6808
3726, 75.862, 78.6808
3727, 75.5219, 78.6975
3728, 75.1809, 78.7142
3729, 74.8259, 78.7308
3730, 74.4488, 78.7475
3731, 74.4488, 78.7475
3732, 74.0349, 78.7642
3733, 73.6068, 78.7808
3734, 73.1428, 78.7975
3735, 72.6668, 78.8142
3736, 72.1752, 78.8308
3737, 72.1752, 78.8308
3738, 71.6632, 78.8475
3739, 71.1483, 78.8642
3740, 70.646, 78.8808
3741, 70.1492, 78.8975
3742, 69.65, 78.9142
3743, 69.65, 78.9142
3744, 69.1551, 78.9308
3745, 68.6626, 78.9475
3746, 68.1702, 78.9642
3747, 67.6814, 78.9808
3748, 67.1917, 78.9975
3749, 66.7034, 79.0142
3750, 66.209, 79.0308
3751, 65.7039, 79.0475
3752, 65.2188, 79.0642
3753, 65.2188, 79.0642
3754, 64.7495, 79.0808
3755, 64.2921, 79.0975
3756, 63.8319, 79.1142
3757, 63.3651, 79.1308
3758, 62.9019, 79.1475
3759, 62.4397, 79.1642
3760, 61.9799, 79.1808
3761, 61.5134, 79.1975
3762, 61.0672, 79.2142
3763, 60.6423, 79.2308
3764, 60.2215, 79.2475
3765, 59.8263, 79.2642
3766, 59.4478, 79.2808
3767, 59.0767, 79.2975
3768, 58.7391, 79.3142
3769, 58.4116, 79.3308
3770, 58.0496, 79.3475
3771, 57.6894, 79.3642
3772, 57.3698, 79.3808
3773, 57.0756, 79.3975
3774, 56.7924, 79.4142
3775, 56.5107, 79.4308
3776, 56.2317, 79.4475
3777, 55.9304, 79.4642
3778, 55.3127, 79.4975
3779, 55.0267, 79.5142
3780, 54.7437, 79.5308
3781, 54.4424, 79.5475
3782, 54.1381, 79.5642
3783, 53.8506, 79.5808
3784, 53.5619, 79.5975
3785, 53.2652, 79.6142
3786, 52.9735, 79.6308
3787, 52.3938, 79.6642
3788, 52.098, 79.6808
3789, 51.8031, 79.6975
3790, 51.5125, 79.7142
3791, 51.2245, 79.7308
3792, 50.9343, 79.7475
3793, 50.3555, 79.7808
3794, 50.0632, 79.7975
3795, 49.7718, 79.8142
3796, 49.4762, 79.8308
3797, 49.1762, 79.8475
3798, 48.588, 79.8808
3799, 48.2991, 79.8975
3800, 47.9741, 79.9142
3801, 47.6239, 79.9308
3802, 47.0196, 79.9642
3803, 46.7333, 79.9808
3804, 46.4479, 79.9975
3805, 46.1458, 80.0142
3806, 45.547, 80.0475
3807, 45.2608, 80.0642
3808, 44.9625, 80.0808
3809, 44.366, 80.1142
3810, 44.0809, 80.1308
3811, 43.7984, 80.1475
3812, 43.2103, 80.1808
3813, 42.9101, 80.1975
3814, 42.3162, 80.2308
3815, 42.0225, 80.2475
3816, 41.7262, 80.2642
3817, 41.1429, 80.2975
3818, 40.8355, 80.3142
3819, 40.1819, 80.3475
3820, 39.8753, 80.3642
3821, 39.2985, 80.3975
3822, 38.9895, 80.4142
3823, 38.4202, 80.4475
3824, 38.1629, 80.4642
3825, 37.656, 80.4975
3826, 37.1875, 80.5308
3827, 36.9684, 80.5475
3828, 36.5661, 80.5808
3829, 36.3882, 80.5975
3830, 36.0536, 80.6308
3831, 35.743, 80.6642
3832, 35.4878, 80.6975
3833, 35.3759, 80.7142
3834, 35.1721, 80.7475
3835, 34.9763, 80.7808
3836, 34.878, 80.7975
3837, 34.6949, 80.8308
3838, 34.525, 80.8642
3839, 34.3488, 80.8975
3840, 34.2633, 80.9142
3841, 34.1168, 80.9475
3842, 33.9932, 80.9808
3843, 33.8903, 81.0142
3844, 33.843, 81.0308
3845, 33.7501, 81.0642
3846, 33.6536, 81.0975
3847, 33.5507, 81.1308
3848, 33.499, 81.1475
3849, 33.3982, 81.1808
3850, 33.3, 81.2142
3851, 33.2007, 81.2475
3852, 33.151, 81.2642
3853, 33.0545, 81.2975
3854, 32.9594, 81.3308
3855, 32.852, 81.3642
3856, 32.7953, 81.3808
3857, 32.6897, 81.4142
3858, 32.5809, 81.4475
3859, 32.4623, 81.4808
3860, 32.3475, 81.5142
3861, 32.2923, 81.5308
3862, 32.1909, 81.5642
3863, 32.099, 81.5975
3864, 32.0166, 81.6308
3865, 31.9309, 81.6642
3866, 31.8515, 81.6975
3867, 31.7833, 81.7308
3868, 31.7686, 81.7475
3869, 31.7889, 81.7808
3870, 31.766, 81.8142
3871, 31.7902, 81.8475
3872, 31.8163, 81.8808
3873, 31.8524, 81.9142
3874, 31.9184, 81.9475
3875, 32.0152, 81.9808
3876, 32.1212, 82.0142
3877, 32.1719, 82.0308
3878, 32.2648, 82.0642
3879, 32.3809, 82.0975
3880, 32.4941, 82.1308
3881, 32.5749, 82.1642
3882, 32.6432, 82.1975
3883, 32.7285, 82.2308
3884, 32.7831, 82.2475
3885, 32.8914, 82.2808
3886, 32.9812, 82.3142
3887, 33.0683, 82.3475
3888, 33.1154, 82.3642
3889, 33.1763, 82.3975
3890, 33.2605, 82.4308
3891, 33.3873, 82.4642
3892, 33.4504, 82.4975
3893, 33.4756, 82.5142
3894, 33.5155, 82.5475
3895, 33.5791, 82.5808
3896, 33.7596, 82.6142
3897, 33.9509, 82.6475
3898, 34.0227, 82.6642
3899, 34.1239, 82.6975
3900, 34.2049, 82.7308
3901, 34.2905, 82.7642
3902, 34.3346, 82.7808
3903, 34.4482, 82.8142
3904, 34.5705, 82.8475
3905, 34.6703, 82.8808
3906, 34.7305, 82.8975
3907, 34.8502, 82.9308
3908, 34.9587, 82.9642
3909, 35.0701, 82.9975
3910, 35.1311, 83.0142
3911, 35.2648, 83.0475
3912, 35.3847, 83.0808
3913, 35.477, 83.1142
3914, 35.5253, 83.1308
3915, 35.6452, 83.1642
3916, 35.7922, 83.1975
3917, 35.867, 83.2142
3918, 35.994, 83.2475
3919, 36.1054, 83.2808
3920, 36.1634, 83.2975
3921, 36.2875, 83.3308
3922, 36.426, 83.3642
3923, 36.4883, 83.3808
3924, 36.6235, 83.4142
3925, 36.7719, 83.4475
3926, 36.8516, 83.4642
3927, 37.0351, 83.4975
3928, 37.2305, 83.5308
3929, 37.3273, 83.5475
3930, 37.5132, 83.5808
3931, 37.7042, 83.6142
3932, 37.8024, 83.6308
3933, 37.9949, 83.6642
3934, 38.0905, 83.6808
3935, 38.289, 83.7142
3936, 38.4872, 83.7475
3937, 38.5842, 83.7642
3938, 38.7659, 83.7975
3939, 38.8788, 83.8142
3940, 39.1093, 83.8475
3941, 39.2151, 83.8642
3942, 39.3818, 83.8975
3943, 39.566, 83.9308
3944, 39.6742, 83.9475
3945, 39.9368, 83.9808
3946, 40.0558, 83.9975
3947, 40.2453, 84.0308
3948, 40.3348, 84.0475
3949, 40.5427, 84.0808
3950, 40.6491, 84.0975
3951, 40.8504, 84.1308
3952, 40.952, 84.1475
3953, 41.1568, 84.1808
3954, 41.2623, 84.1975
3955, 41.3687, 84.2142
3956, 41.5774, 84.2475
3957, 41.6735, 84.2642
3958, 41.869, 84.2975
3959, 41.9711, 84.3142
3960, 42.173, 84.3475
3961, 42.2699, 84.3642
3962, 42.4661, 84.3975
3963, 42.5658, 84.4142
3964, 42.66, 84.4308
3965, 42.8541, 84.4642
3966, 42.9546, 84.4808
3967, 43.1653, 84.5142
3968, 43.2661, 84.5308
3969, 43.3674, 84.5475
3970, 43.5692, 84.5808
3971, 43.6733, 84.5975
3972, 43.8674, 84.6308
3973, 43.9581, 84.6475
3974, 44.0447, 84.6642
3975, 44.2239, 84.6975
3976, 44.3217, 84.7142
3977, 44.4302, 84.7308
3978, 44.6545, 84.7642
3979, 44.7608, 84.7808
3980, 44.8548, 84.7975
3981, 45.0209, 84.8308
3982, 45.1246, 84.8475
3983, 45.2384, 84.8642
3984, 45.445, 84.8975
3985, 45.5291, 84.9142
3986, 45.6162, 84.9308
3987, 45.8162, 84.9642
3988, 45.9152, 84.9808
3989, 46.0051, 84.9975
3990, 46.174, 85.0308
3991, 46.2622, 85.0475
3992, 46.3555, 85.0642
3993, 46.555, 85.0975
3994, 46.6549, 85.1142
3995, 46.7533, 85.1308
3996, 46.8503, 85.1475
3997, 47.0451, 85.1808
3998, 47.1423, 85.1975
3999, 47.2377, 85.2142
4000, 47.4312, 85.2475
4001, 47.5305, 85.2642
4002, 47.6288, 85.2808
4003, 47.7237, 85.2975
4004, 47.9044, 85.3308
4005, 47.9934, 85.3475
4006, 48.0815, 85.3642
4007, 48.1697, 85.3808
4008, 48.3494, 85.4142
4009, 48.4446, 85.4308
4010, 48.5415, 85.4475
4011, 48.6386, 85.4642
4012, 48.8268, 85.4975
4013, 48.9193, 85.5142
4014, 49.0111, 85.5308
4015, 49.1012, 85.5475
4016, 49.1884, 85.5642
4017, 49.1719, 85.5975
4018, 49.285, 85.6142
4019, 49.434, 85.6308
4020, 49.5061, 85.6475
4021, 49.6303, 85.6808
4022, 49.735, 85.6975
4023, 49.8167, 85.7142
4024, 49.8797, 85.7308
4025, 49.9524, 85.7475
4026, 50.1219, 85.7808
4027, 50.1972, 85.7975
4028, 50.2706, 85.8142
4029, 50.3465, 85.8308
4030, 50.4226, 85.8475
4031, 50.4967, 85.8642
4032, 50.649, 85.8975
4033, 50.7291, 85.9142
4034, 50.8087, 85.9308
4035, 50.8862, 85.9475
4036, 50.9638, 85.9642
4037, 51.1143, 85.9975
4038, 51.1879, 86.0142
4039, 51.2622, 86.0308
4040, 51.3378, 86.0475
4041, 51.4141, 86.0642
4042, 51.4904, 86.0808
4043, 51.6406, 86.1142
4044, 51.7167, 86.1308
4045, 51.7925, 86.1475
4046, 51.8673, 86.1642
4047, 51.941, 86.1808
4048, 52.0145, 86.1975
4049, 52.1644, 86.2308
4050, 52.2389, 86.2475
4051, 52.3132, 86.2642
4052, 52.3881, 86.2808
4053, 52.4626, 86.2975
4054, 52.537, 86.3142
4055, 52.6108, 86.3308
4056, 52.7605, 86.3642
4057, 52.833, 86.3808
4058, 52.9023, 86.3975
4059, 52.9719, 86.4142
4060, 53.0458, 86.4308
4061, 53.1227, 86.4475
4062, 53.1987, 86.4642
4063, 53.2712, 86.4808
4064, 53.4148, 86.5142
4065, 53.4911, 86.5308
4066, 53.5686, 86.5475
4067, 53.6439, 86.5642
4068, 53.7156, 86.5808
4069, 53.7859, 86.5975
4070, 53.8559, 86.6142
4071, 53.9266, 86.6308
4072, 54.068, 86.6642
4073, 54.1384, 86.6808
4074, 54.2102, 86.6975
4075, 54.2827, 86.7142
4076, 54.3573, 86.7308
4077, 54.4326, 86.7475
4078, 54.5081, 86.7642
4079, 54.5823, 86.7808
4080, 54.6555, 86.7975
4081, 54.7272, 86.8142
4082, 54.8673, 86.8475
4083, 54.938, 86.8642
4084, 55.01, 86.8808
4085, 55.0813, 86.8975
4086, 55.1521, 86.9142
4087, 55.2223, 86.9308
4088, 55.2933, 86.9475
4089, 55.3638, 86.9642
4090, 55.4344, 86.9808
4091, 55.5049, 86.9975
4092, 55.5756, 87.0142
4093, 55.7179, 87.0475
4094, 55.7886, 87.0642
4095, 55.8573, 87.0808
4096, 55.9246, 87.0975
4097, 55.9928, 87.1142
4098, 56.0647, 87.1308
4099, 56.1389, 87.1475
4100, 56.2131, 87.1642
4101, 56.2828, 87.1808
4102, 56.3494, 87.1975
4103, 56.4137, 87.2142
4104, 56.4786, 87.2308
4105, 56.5469, 87.2475
4106, 56.6163, 87.2642
4107, 56.688, 87.2808
4108, 56.8304, 87.3142
4109, 56.8995, 87.3308
4110, 56.9659, 87.3475
4111, 57.0306, 87.3642
4112, 57.0958, 87.3808
4113, 57.1616, 87.3975
4114, 57.2284, 87.4142
4115, 57.2942, 87.4308
4116, 57.3621, 87.4475
4117, 57.4308, 87.4642
4118, 57.5012, 87.4808
4119, 57.5703, 87.4975
4120, 57.6366, 87.5142
4121, 57.7011, 87.5308
4122, 57.7652, 87.5475
4123, 57.8287, 87.5642
4124, 57.8926, 87.5808
4125, 57.8852, 87.5975
4126, 57.8583, 87.6142
4127, 57.959, 87.6308
4128, 58.0635, 87.6475
4129, 58.0813, 87.6642
4130, 58.1254, 87.6808
4131, 58.2188, 87.6975
4132, 58.324, 87.7308
4133, 58.3733, 87.7475
4134, 58.4413, 87.7642
4135, 58.4967, 87.7808
4136, 58.543, 87.7975
4137, 58.5982, 87.8142
4138, 58.6625, 87.8308
4139, 58.7198, 87.8475
4140, 58.7724, 87.8642
4141, 58.8299, 87.8808
4142, 58.8897, 87.8975
4143, 58.9469, 87.9142
4144, 59.0013, 87.9308
4145, 59.0547, 87.9475
4146, 59.1083, 87.9642
4147, 59.163, 87.9808
4148, 59.2213, 87.9975
4149, 59.2802, 88.0142
4150, 59.3362, 88.0308
4151, 59.3885, 88.0475
4152, 59.4412, 88.0642
4153, 59.4968, 88.0808
4154, 59.5541, 88.0975
4155, 59.6116, 88.1142
4156, 59.6665, 88.1308
4157, 59.721, 88.1475
4158, 59.7753, 88.1642
4159, 59.829, 88.1808
4160, 59.8798, 88.1975
4161, 59.9313, 88.2142
4162, 59.9872, 88.2308
4163, 60.0453, 88.2475
4164, 60.1019, 88.2642
4165, 60.1553, 88.2808
4166, 60.2084, 88.2975
4167, 60.2634, 88.3142
4168, 60.3188, 88.3308
4169, 60.3718, 88.3475
4170, 60.4247, 88.3642
4171, 60.4794, 88.3808
4172, 60.5346, 88.3975
4173, 60.5883, 88.4142
4174, 60.6409, 88.4308
4175, 60.6945, 88.4475
4176, 60.7488, 88.4642
4177, 60.804, 88.4808
4178, 60.8582, 88.4975
4179, 60.9118, 88.5142
4180, 60.9633, 88.5308
4181, 61.0126, 88.5475
4182, 61.0625, 88.5642
4183, 61.1151, 88.5808
4184, 61.1702, 88.5975
4185, 61.2248, 88.6142
4186, 61.2778, 88.6308
4187, 61.3305, 88.6475
4188, 61.3845, 88.6642
4189, 61.4389, 88.6808
4190, 61.493, 88.6975
4191, 61.5463, 88.7142
4192, 61.5982, 88.7308
4193, 61.6478, 88.7475
4194, 61.6957, 88.7642
4195, 61.6957, 88.7642
4196, 61.7433, 88.7808
4197, 61.7942, 88.7975
4198, 61.8494, 88.8142
4199, 61.906, 88.8308
4200, 61.9605, 88.8475
4201, 62.0126, 88.8642
4202, 62.0628, 88.8808
4203, 62.1119, 88.8975
4204, 62.1618, 88.9142
4205, 62.2124, 88.9308
4206, 62.2647, 88.9475
4207, 62.3174, 88.9642
4208, 62.3677, 88.9808
4209, 62.4155, 88.9975
4210, 62.4663, 89.0142
4211, 62.5205, 89.0308
4212, 62.575, 89.0475
4213, 62.6254, 89.0642
4214, 62.6737, 89.0808
4215, 62.7215, 89.0975
4216, 62.7719, 89.1142
4217, 62.8238, 89.1308
4218, 62.876, 89.1475
4219, 62.9241, 89.1642
4220, 62.9689, 89.1808
4221, 62.9689, 89.1808
4222, 63.0155, 89.1975
4223, 63.0662, 89.2142
4224, 63.1198, 89.2308
4225, 63.17, 89.2475
4226, 63.2193, 89.2642
4227, 63.2705, 89.2808
4228, 63.3234, 89.2975
4229, 63.3747, 89.3142
4230, 63.4237, 89.3308
4231, 63.469, 89.3475
4232, 63.5137, 89.3642
4233, 63.5602, 89.3808
4234, 63.6098, 89.3975
4235, 63.6602, 89.4142
4236, 63.7092, 89.4308
4237, 63.7582, 89.4475
4238, 63.8078, 89.4642
4239, 63.8596, 89.4808
4240, 63.8596, 89.4808
4241, 63.9103, 89.4975
4242, 63.9602, 89.5142
4243, 64.0083, 89.5308
4244, 64.055, 89.5475
4245, 64.1022, 89.5642
4246, 64.1494, 89.5808
4247, 64.1971, 89.5975
4248, 64.2446, 89.6142
4249, 64.2925, 89.6308
4250, 64.3415, 89.6475
4251, 64.3887, 89.6642
4252, 64.435, 89.6808
4253, 64.4832, 89.6975
4254, 64.5349, 89.7142
4255, 64.5349, 89.7142
4256, 64.5861, 89.7308
4257, 64.6349, 89.7475
4258, 64.6814, 89.7642
4259, 64.7287, 89.7808
4260, 64.7774, 89.7975
4261, 64.8253, 89.8142
4262, 64.8731, 89.8308
4263, 64.9213, 89.8475
4264, 64.9687, 89.8642
4265, 65.0161, 89.8808
4266, 65.0633, 89.8975
4267, 65.1108, 89.9142
4268, 65.1108, 89.9142
4269, 65.1584, 89.9308
4270, 65.2061, 89.9475
4271, 65.2542, 89.9642
4272, 65.3029, 89.9808
4273, 65.3504, 89.9975
4274, 65.3968, 90.0142
4275, 65.4424, 90.0308
4276, 65.4882, 90.0475
4277, 65.5352, 90.0642
4278, 65.5828, 90.0808
4279, 65.6305, 90.0975
4280, 65.6769, 90.1142
4281, 65.6769, 90.1142
4282, 65.7223, 90.1308
4283, 65.7657, 90.1475
4284, 65.8092, 90.1642
4285, 65.8519, 90.1808
4286, 65.8938, 90.1975
4287, 65.9387, 90.2142
4288, 65.9867, 90.2308
4289, 66.0339, 90.2475
4290, 66.0779, 90.2642
4291, 66.1211, 90.2808
4292, 66.1211, 90.2808
4293, 66.1661, 90.2975
4294, 66.2128, 90.3142
4295, 66.2565, 90.3308
4296, 66.2966, 90.3475
4297, 66.3352, 90.3642
4298, 66.3735, 90.3808
4299, 66.4137, 90.3975
4300, 66.457, 90.4142
4301, 66.5004, 90.4308
4302, 66.5423, 90.4475
4303, 66.5423, 90.4475
4304, 66.5828, 90.4642
4305, 66.6238, 90.4808
4306, 66.6655, 90.4975
4307, 66.7076, 90.5142
4308, 66.7501, 90.5308
4309, 66.7906, 90.5475
4310, 66.7906, 90.5475
4311, 66.7906, 90.5475
