0, 62.52, 94.243
1, 62.55, 94.26
2, 62.59, 94.276
3, 62.62, 94.293
4, 62.65, 94.31
5, 62.68, 94.326
6, 62.72, 94.343
7, 62.72, 94.343
8, 62.75, 94.36
9, 62.78, 94.376
10, 62.82, 94.393
11, 62.85, 94.41
12, 62.87, 94.426
13, 62.9, 94.443
14, 62.93, 94.46
15, 62.96, 94.476
16, 62.99, 94.493
17, 63.02, 94.51
18, 63.05, 94.526
19, 63.09, 94.543
20, 63.12, 94.56
21, 63.15, 94.576
22, 63.18, 94.593
23, 63.21, 94.61
24, 63.24, 94.626
25, 63.26, 94.643
26, 63.29, 94.66
27, 63.29, 94.66
28, 63.32, 94.676
29, 63.35, 94.693
30, 63.39, 94.71
31, 63.42, 94.726
32, 63.45, 94.743
33, 63.47, 94.76
34, 63.5, 94.776
35, 63.52, 94.793
36, 63.55, 94.81
37, 63.58, 94.826
38, 63.61, 94.843
39, 63.64, 94.86
40, 63.67, 94.876
41, 63.71, 94.893
42, 63.74, 94.91
43, 63.77, 94.926
44, 63.77, 94.926
45, 63.79, 94.943
46, 63.82, 94.96
47, 63.84, 94.976
48, 63.87, 94.993
49, 63.9, 95.01
50, 63.93, 95.026
51, 63.96, 95.043
52, 63.98, 95.06
53, 64.01, 95.076
54, 64.04, 95.093
55, 64.06, 95.11
56, 64.09, 95.126
57, 64.12, 95.143
58, 64.12, 95.143
59, 64.15, 95.16
60, 64.18, 95.176
61, 64.2, 95.193
62, 64.23, 95.21
63, 64.26, 95.226
64, 64.28, 95.243
65, 64.31, 95.26
66, 64.34, 95.276
67, 64.37, 95.293
68, 64.4, 95.31
69, 64.43, 95.326
70, 64.45, 95.343
71, 64.45, 95.343
72, 64.48, 95.36
73, 64.51, 95.376
74, 64.53, 95.393
75, 64.56, 95.41
76, 64.58, 95.426
77, 64.61, 95.443
78, 64.64, 95.46
79, 64.67, 95.476
80, 64.7, 95.493
81, 64.73, 95.51
82, 64.76, 95.526
83, 64.76, 95.526
84, 64.78, 95.543
85, 64.8, 95.56
86, 64.82, 95.576
87, 64.84, 95.593
88, 64.87, 95.61
89, 64.9, 95.626
90, 64.92, 95.643
91, 64.95, 95.66
92, 64.98, 95.676
93, 65.01, 95.693
94, 65.04, 95.71
95, 65.04, 95.71
96, 65.07, 95.726
97, 65.09, 95.743
98, 65.12, 95.76
99, 65.14, 95.776
100, 65.16, 95.793
101, 65.19, 95.81
102, 65.21, 95.826
103, 65.24, 95.843
104, 65.27, 95.86
105, 65.3, 95.876
106, 65.32, 95.893
107, 65.32, 95.893
108, 65.35, 95.91
109, 65.37, 95.926
110, 65.39, 95.943
111, 65.41, 95.96
112, 65.44, 95.976
113, 65.46, 95.993
114, 65.48, 96.01
115, 65.5, 96.026
116, 65.52, 96.043
117, 65.54, 1.842
118, 65.57, 1.859
119, 65.57, 1.859
120, 65.59, 1.876
121, 65.62, 1.892
122, 65.64, 1.909
123, 65.65, 1.926
124, 65.66, 1.942
125, 65.68, 1.959
126, 65.69, 1.976
127, 65.68, 1.992
128, 65.67, 2.009
129, 65.63, 2.026
130, 65.63, 2.026
131, 65.57, 2.042
132, 65.49, 2.059
133, 65.39, 2.076
134, 65.29, 2.092
135, 65.17, 2.109
136, 65.04, 2.126
137, 64.88, 2.142
138, 64.72, 2.159
139, 64.51, 2.176
140, 64.25, 2.192
141, 64.01, 2.209
142, 63.77, 2.226
143, 63.77, 2.226
144, 63.51, 2.242
145, 63.2, 2.259
146, 62.86, 2.276
147, 62.52, 2.292
148, 62.16, 2.309
149, 61.8, 2.326
150, 61.42, 2.342
151, 61.04, 2.359
152, 60.65, 2.376
153, 60.24, 2.392
154, 59.84, 2.409
155, 59.45, 2.426
156, 59.06, 2.442
157, 58.65, 2.459
158, 58.23, 2.476
159, 57.83, 2.492
160, 57.41, 2.509
161, 56.98, 2.526
162, 56.56, 2.542
163, 56.15, 2.559
164, 55.34, 2.592
165, 54.98, 2.609
166, 54.61, 2.626
167, 54.18, 2.642
168, 53.79, 2.659
169, 53.44, 2.676
170, 53.08, 2.692
171, 52.73, 2.709
172, 52.34, 2.726
173, 51.61, 2.759
174, 51.33, 2.776
175, 51.01, 2.792
176, 50.68, 2.809
177, 50.28, 2.826
178, 49.91, 2.842
179, 49.36, 2.876
180, 49.09, 2.892
181, 48.82, 2.909
182, 48.54, 2.926
183, 48.25, 2.942
184, 47.69, 2.976
185, 47.41, 2.992
186, 47.1, 3.009
187, 46.46, 3.042
188, 46.19, 3.059
189, 45.93, 3.076
190, 45.66, 3.092
191, 45.09, 3.126
192, 44.83, 3.142
193, 44.58, 3.159
194, 44.05, 3.192
195, 43.79, 3.209
196, 43.32, 3.242
197, 43.1, 3.259
198, 42.88, 3.276
199, 42.44, 3.309
200, 42.23, 3.326
201, 41.81, 3.359
202, 41.6, 3.376
203, 41.4, 3.392
204, 40.98, 3.426
205, 40.78, 3.442
206, 40.39, 3.476
207, 40.2, 3.492
208, 39.8, 3.526
209, 39.55, 3.542
210, 39.03, 3.576
211, 38.83, 3.592
212, 38.47, 3.626
213, 38.08, 3.659
214, 37.9, 3.676
215, 37.58, 3.709
216, 37.43, 3.726
217, 37.15, 3.759
218, 36.9, 3.792
219, 36.79, 3.809
220, 36.58, 3.842
221, 36.4, 3.876
222, 36.32, 3.892
223, 36.17, 3.926
224, 36.01, 3.959
225, 35.88, 3.992
226, 35.81, 4.009
227, 35.68, 4.042
228, 35.54, 4.076
229, 35.48, 4.092
230, 35.35, 4.126
231, 35.21, 4.159
232, 35.08, 4.192
233, 35.02, 4.209
234, 34.9, 4.242
235, 34.76, 4.276
236, 34.64, 4.309
237, 34.53, 4.342
238, 34.47, 4.359
239, 34.36, 4.392
240, 34.24, 4.426
241, 34.09, 4.459
242, 34.03, 4.476
243, 33.91, 4.509
244, 33.78, 4.542
245, 33.67, 4.576
246, 33.57, 4.609
247, 33.53, 4.626
248, 33.42, 4.659
249, 33.3, 4.692
250, 33.19, 4.726
251, 33.06, 4.759
252, 32.94, 4.792
253, 32.85, 4.826
254, 32.8, 4.842
255, 32.7, 4.876
256, 32.6, 4.909
257, 32.49, 4.942
258, 32.37, 4.976
259, 32.25, 5.009
260, 32.15, 5.042
261, 32.06, 5.076
262, 31.96, 5.109
263, 31.87, 5.142
264, 31.77, 5.176
265, 31.67, 5.209
266, 31.63, 5.226
267, 31.54, 5.259
268, 31.47, 5.292
269, 31.4, 5.326
270, 31.1, 5.359
271, 30.92, 5.392
272, 30.82, 5.426
273, 30.69, 5.459
274, 30.56, 5.492
275, 30.38, 5.542
276, 30.26, 5.576
277, 30.15, 5.609
278, 30.03, 5.642
279, 29.92, 5.676
280, 29.81, 5.709
281, 29.7, 5.742
282, 29.59, 5.776
283, 29.47, 5.809
284, 29.35, 5.842
285, 29.21, 5.876
286, 29.07, 5.909
287, 28.9, 5.942
288, 28.73, 5.976
289, 28.53, 6.009
290, 28.31, 6.042
291, 28.08, 6.076
292, 27.84, 6.109
293, 27.6, 6.142
294, 27.21, 6.192
295, 26.94, 6.226
296, 26.67, 6.259
297, 26.42, 6.292
298, 26.15, 6.326
299, 25.9, 6.359
300, 25.53, 6.409
301, 25.29, 6.442
302, 25.08, 6.476
303, 24.88, 6.509
304, 24.62, 6.559
305, 24.47, 6.592
306, 24.32, 6.626
307, 24.12, 6.676
308, 24, 6.709
309, 23.87, 6.742
310, 23.69, 6.792
311, 23.59, 6.826
312, 23.44, 6.876
313, 23.35, 6.909
314, 23.27, 6.942
315, 23.15, 6.992
316, 23.06, 7.026
317, 22.93, 7.076
318, 22.84, 7.109
319, 22.7, 7.159
320, 22.56, 7.209
321, 22.45, 7.242
322, 22.29, 7.292
323, 22.2, 7.326
324, 22.06, 7.376
325, 21.91, 7.426
326, 21.84, 7.459
327, 21.67, 7.509
328, 21.5, 7.559
329, 21.39, 7.609
330, 21.3, 7.642
331, 21.16, 7.692
332, 21.04, 7.742
333, 20.95, 7.776
334, 20.82, 7.826
335, 20.69, 7.876
336, 20.57, 7.926
337, 20.48, 7.959
338, 20.36, 8.009
339, 20.25, 8.059
340, 20.12, 8.109
341, 20.01, 8.159
342, 19.92, 8.209
343, 19.85, 8.259
344, 19.99, 8.309
345, 20, 8.359
346, 20.04, 8.409
347, 20.15, 8.459
348, 20.27, 8.509
349, 20.43, 8.559
350, 20.54, 8.592
351, 20.72, 8.642
352, 20.88, 8.692
353, 21.07, 8.742
354, 21.26, 8.792
355, 21.47, 8.842
356, 21.6, 8.876
357, 21.84, 8.926
358, 22.09, 8.976
359, 22.3, 9.026
360, 22.47, 9.059
361, 22.71, 9.109
362, 22.95, 9.159
363, 23.08, 9.192
364, 23.36, 9.242
365, 23.58, 9.292
366, 23.73, 9.326
367, 23.91, 9.376
368, 24.07, 9.409
369, 24.27, 9.459
370, 24.43, 9.492
371, 24.61, 9.542
372, 24.84, 9.592
373, 25, 9.626
374, 25.19, 9.659
375, 25.42, 9.709
376, 25.6, 9.742
377, 25.86, 9.792
378, 26.04, 9.826
379, 26.22, 9.859
380, 26.48, 9.909
381, 26.69, 9.942
382, 26.96, 9.976
383, 27.25, 10.009
384, 27.61, 10.059
385, 27.88, 10.092
386, 28.17, 10.126
387, 28.46, 10.159
388, 28.68, 10.192
389, 29.05, 10.242
390, 29.29, 10.276
391, 29.53, 10.309
392, 29.81, 10.342
393, 30.06, 10.376
394, 30.28, 10.409
395, 30.5, 10.442
396, 30.72, 10.476
397, 30.95, 10.509
398, 31.16, 10.542
399, 31.14, 10.576
400, 31.4, 10.609
401, 31.67, 10.642
402, 31.79, 10.659
403, 32.06, 10.692
404, 32.27, 10.726
405, 32.49, 10.759
406, 32.71, 10.792
407, 32.93, 10.826
408, 33.16, 10.859
409, 33.27, 10.876
410, 33.5, 10.909
411, 33.71, 10.942
412, 33.93, 10.976
413, 34.16, 11.009
414, 34.27, 11.026
415, 34.49, 11.059
416, 34.7, 11.092
417, 34.91, 11.126
418, 35.02, 11.142
419, 35.22, 11.176
420, 35.43, 11.209
421, 35.65, 11.242
422, 35.75, 11.259
423, 35.94, 11.292
424, 36.14, 11.326
425, 36.25, 11.342
426, 36.48, 11.376
427, 36.7, 11.409
428, 36.8, 11.426
429, 37.01, 11.459
430, 37.2, 11.492
431, 37.3, 11.509
432, 37.51, 11.542
433, 37.61, 11.559
434, 37.8, 11.592
435, 37.99, 11.626
436, 38.1, 11.642
437, 38.31, 11.676
438, 38.4, 11.692
439, 38.59, 11.726
440, 38.69, 11.742
441, 38.88, 11.776
442, 38.98, 11.792
443, 39.17, 11.826
444, 39.34, 11.859
445, 39.44, 11.876
446, 39.62, 11.909
447, 39.72, 11.926
448, 39.89, 11.959
449, 39.91, 11.976
450, 39.97, 12.009
451, 40.14, 12.026
452, 40.3, 12.059
453, 40.4, 12.076
454, 40.56, 12.109
455, 40.64, 12.126
456, 40.81, 12.159
457, 40.89, 12.176
458, 41.04, 12.209
459, 41.12, 12.226
460, 41.29, 12.259
461, 41.38, 12.276
462, 41.48, 12.292
463, 41.65, 12.326
464, 41.74, 12.342
465, 41.9, 12.376
466, 41.97, 12.392
467, 42.1, 12.426
468, 42.17, 12.442
469, 42.3, 12.476
470, 42.39, 12.492
471, 42.49, 12.509
472, 42.69, 12.542
473, 42.76, 12.559
474, 42.92, 12.592
475, 43, 12.609
476, 43.09, 12.626
477, 43.25, 12.659
478, 43.34, 12.676
479, 43.49, 12.709
480, 43.56, 12.726
481, 43.63, 12.742
482, 43.8, 12.776
483, 43.9, 12.792
484, 43.98, 12.809
485, 44.12, 12.842
486, 44.2, 12.859
487, 44.37, 12.892
488, 44.44, 12.909
489, 44.5, 12.926
490, 44.66, 12.959
491, 44.76, 12.976
492, 44.85, 12.992
493, 45.01, 13.026
494, 45.07, 13.042
495, 45.14, 13.059
496, 45.3, 13.092
497, 45.38, 13.109
498, 45.46, 13.126
499, 45.62, 13.159
500, 45.7, 13.176
501, 45.77, 13.192
502, 45.85, 13.209
503, 46, 13.242
504, 46.08, 13.259
505, 46.16, 13.276
506, 46.32, 13.309
507, 46.39, 13.326
508, 46.47, 13.342
509, 46.62, 13.376
510, 46.7, 13.392
511, 46.77, 13.409
512, 46.84, 13.426
513, 46.98, 13.459
514, 47.06, 13.476
515, 47.13, 13.492
516, 47.21, 13.509
517, 47.36, 13.542
518, 47.43, 13.559
519, 47.51, 13.576
520, 47.67, 13.609
521, 47.74, 13.626
522, 47.81, 13.642
523, 47.87, 13.659
524, 47.94, 13.676
525, 48.07, 13.709
526, 48.14, 13.726
527, 48.22, 13.742
528, 48.29, 13.759
529, 48.43, 13.792
530, 48.5, 13.809
531, 48.57, 13.826
532, 48.64, 13.842
533, 48.77, 13.876
534, 48.83, 13.892
535, 48.89, 13.909
536, 48.96, 13.926
537, 49.03, 13.942
538, 49.17, 13.976
539, 49.25, 13.992
540, 49.32, 14.009
541, 49.38, 14.026
542, 49.51, 14.059
543, 49.57, 14.076
544, 49.64, 14.092
545, 49.7, 14.109
546, 49.76, 14.126
547, 49.87, 14.159
548, 49.91, 14.176
549, 49.96, 14.192
550, 50, 14.209
551, 50.03, 14.226
552, 49.97, 14.259
553, 50.1, 14.276
554, 50.22, 14.292
555, 50.23, 14.309
556, 50.26, 14.326
557, 50.42, 14.359
558, 50.47, 14.376
559, 50.52, 14.392
560, 50.59, 14.409
561, 50.66, 14.426
562, 50.76, 14.459
563, 50.81, 14.476
564, 50.88, 14.492
565, 50.93, 14.509
566, 50.99, 14.526
567, 51.05, 14.542
568, 51.16, 14.576
569, 51.22, 14.592
570, 51.28, 14.609
571, 51.34, 14.626
572, 51.39, 14.642
573, 51.45, 14.659
574, 51.45, 14.659
575, 51.45, 14.659
576, 51.45, 14.659
577, 51.73, 14.742
578, 51.79, 14.759
579, 51.85, 14.776
580, 51.96, 14.809
581, 52.01, 14.826
582, 52.06, 14.842
583, 52.12, 14.859
584, 52.17, 14.876
585, 52.22, 14.892
586, 52.28, 14.909
587, 52.39, 14.942
588, 52.45, 14.959
589, 52.5, 14.976
590, 52.56, 14.992
591, 52.61, 15.009
592, 52.67, 15.026
593, 52.72, 15.042
594, 52.83, 15.076
595, 52.88, 15.092
596, 52.94, 15.109
597, 52.99, 15.126
598, 53.04, 15.142
599, 53.1, 15.159
600, 53.15, 15.176
601, 53.26, 15.209
602, 53.31, 15.226
603, 53.36, 15.242
604, 53.41, 15.259
605, 53.47, 15.276
606, 53.52, 15.292
607, 53.57, 15.309
608, 53.62, 15.326
609, 53.74, 15.359
610, 53.79, 15.376
611, 53.85, 15.392
612, 53.9, 15.409
613, 53.95, 15.426
614, 54, 15.442
615, 54.05, 15.459
616, 54.1, 15.476
617, 54.15, 15.492
618, 54.25, 15.526
619, 54.3, 15.542
620, 54.34, 15.559
621, 54.38, 15.576
622, 54.41, 15.592
623, 54.43, 15.609
624, 54.42, 15.626
625, 54.39, 15.642
626, 54.33, 15.659
627, 54.21, 15.692
628, 54.13, 15.709
629, 53.98, 15.726
630, 53.86, 15.742
631, 53.77, 15.759
632, 53.65, 15.776
633, 53.52, 15.792
634, 53.33, 15.809
635, 53.15, 15.826
636, 52.75, 15.859
637, 52.5, 15.876
638, 52.25, 15.892
639, 51.98, 15.909
640, 51.7, 15.926
641, 51.39, 15.942
642, 51.07, 15.959
643, 50.41, 15.992
644, 50.06, 16.009
645, 49.72, 16.026
646, 49.37, 16.042
647, 49, 16.059
648, 48.28, 16.092
649, 47.91, 16.109
650, 47.54, 16.126
651, 47.17, 16.142
652, 46.36, 16.176
653, 46, 16.192
654, 45.68, 16.209
655, 45.05, 16.242
656, 44.71, 16.259
657, 44.36, 16.276
658, 43.64, 16.309
659, 43.31, 16.326
660, 43, 16.342
661, 42.4, 16.376
662, 42.13, 16.392
663, 41.61, 16.426
664, 41.35, 16.442
665, 40.87, 16.476
666, 40.64, 16.492
667, 40.17, 16.526
668, 39.93, 16.542
669, 39.48, 16.576
670, 39.25, 16.592
671, 38.69, 16.626
672, 38.41, 16.642
673, 37.92, 16.676
674, 37.66, 16.692
675, 37.17, 16.726
676, 36.76, 16.759
677, 36.58, 16.776
678, 36.22, 16.809
679, 36.06, 16.826
680, 35.77, 16.859
681, 35.55, 16.892
682, 35.36, 16.926
683, 35.26, 16.942
684, 35.12, 16.976
685, 34.99, 17.009
686, 34.92, 17.026
687, 34.79, 17.059
688, 34.68, 17.092
689, 34.56, 17.126
690, 34.5, 17.142
691, 34.39, 17.176
692, 34.28, 17.209
693, 34.17, 17.242
694, 34.12, 17.259
695, 34.03, 17.292
696, 33.94, 17.326
697, 33.85, 17.359
698, 33.81, 17.376
699, 33.71, 17.409
700, 33.62, 17.442
701, 33.57, 17.459
702, 33.48, 17.492
703, 33.39, 17.526
704, 33.3, 17.559
705, 33.25, 17.576
706, 33.15, 17.609
707, 33.06, 17.642
708, 32.97, 17.676
709, 32.88, 17.709
710, 32.83, 17.726
711, 32.75, 17.759
712, 32.67, 17.792
713, 32.59, 17.826
714, 32.5, 17.859
715, 32.46, 17.876
716, 32.39, 17.909
717, 32.32, 17.942
718, 32.26, 17.976
719, 32.21, 18.009
720, 32.18, 18.026
721, 32.13, 18.059
722, 32.15, 18.092
723, 32.1, 18.126
724, 32.12, 18.159
725, 32.2, 18.192
726, 32.24, 18.209
727, 32.3, 18.242
728, 32.35, 18.276
729, 32.45, 18.309
730, 32.58, 18.342
731, 32.62, 18.359
732, 32.67, 18.392
733, 32.76, 18.426
734, 32.83, 18.459
735, 32.91, 18.492
736, 32.95, 18.509
737, 32.99, 18.542
738, 33.13, 18.576
739, 33.25, 18.609
740, 33.29, 18.642
741, 33.46, 18.676
742, 33.56, 18.692
743, 33.72, 18.726
744, 33.89, 18.759
745, 34.07, 18.792
746, 34.16, 18.809
747, 34.35, 18.842
748, 34.55, 18.876
749, 34.74, 18.909
750, 34.83, 18.926
751, 35.03, 18.959
752, 35.22, 18.992
753, 35.4, 19.026
754, 35.49, 19.042
755, 35.63, 19.076
756, 35.8, 19.109
757, 35.91, 19.126
758, 36.1, 19.159
759, 36.19, 19.192
760, 36.23, 19.209
761, 36.32, 19.242
762, 36.41, 19.276
763, 36.47, 19.292
764, 36.59, 19.326
765, 36.66, 19.359
766, 36.7, 19.376
767, 36.78, 19.409
768, 36.87, 19.442
769, 36.9, 19.459
770, 36.96, 19.492
771, 37.04, 19.526
772, 37.07, 19.542
773, 37.13, 19.576
774, 37.16, 19.609
775, 37.2, 19.626
776, 37.27, 19.659
777, 37.3, 19.676
778, 37.3, 19.709
779, 37.27, 19.742
780, 37.3, 19.759
781, 37.46, 19.792
782, 37.67, 19.826
783, 37.7, 19.842
784, 37.79, 19.876
785, 37.85, 19.892
786, 37.93, 19.926
787, 38.06, 19.959
788, 38.21, 19.976
789, 38.36, 20.009
790, 38.52, 20.042
791, 38.57, 20.059
792, 38.71, 20.092
793, 38.8, 20.109
794, 39, 20.142
795, 39.1, 20.159
796, 39.22, 20.192
797, 39.39, 20.226
798, 39.5, 20.242
799, 39.7, 20.276
800, 39.79, 20.292
801, 39.94, 20.326
802, 40.02, 20.342
803, 40.18, 20.376
804, 40.32, 20.409
805, 40.4, 20.426
806, 40.62, 20.459
807, 40.71, 20.476
808, 40.82, 20.509
809, 40.89, 20.526
810, 41.1, 20.559
811, 41.22, 20.576
812, 41.4, 20.609
813, 41.48, 20.626
814, 41.56, 20.642
815, 41.73, 20.676
816, 41.82, 20.692
817, 42.01, 20.726
818, 42.1, 20.742
819, 42.27, 20.776
820, 42.36, 20.792
821, 42.44, 20.809
822, 42.61, 20.842
823, 42.7, 20.859
824, 42.88, 20.892
825, 42.95, 20.909
826, 43.12, 20.942
827, 43.21, 20.959
828, 43.3, 20.976
829, 43.47, 21.009
830, 43.55, 21.026
831, 43.64, 21.042
832, 43.83, 21.076
833, 43.91, 21.092
834, 44.06, 21.126
835, 44.14, 21.142
836, 44.22, 21.159
837, 44.39, 21.192
838, 44.46, 21.209
839, 44.55, 21.226
840, 44.74, 21.259
841, 44.82, 21.276
842, 44.96, 21.309
843, 45.04, 21.326
844, 45.12, 21.342
845, 45.28, 21.376
846, 45.35, 21.392
847, 45.43, 21.409
848, 45.59, 21.442
849, 45.67, 21.459
850, 45.75, 21.476
851, 45.91, 21.509
852, 45.99, 21.526
853, 46.07, 21.542
854, 46.23, 21.576
855, 46.31, 21.592
856, 46.39, 21.609
857, 46.47, 21.626
858, 46.63, 21.659
859, 46.7, 21.676
860, 46.78, 21.692
861, 46.92, 21.726
862, 46.99, 21.742
863, 47.06, 21.759
864, 47.14, 21.776
865, 47.29, 21.809
866, 47.37, 21.826
867, 47.44, 21.842
868, 47.59, 21.876
869, 47.66, 21.892
870, 47.73, 21.909
871, 47.8, 21.926
872, 47.95, 21.959
873, 48.02, 21.976
874, 48.09, 21.992
875, 48.17, 22.009
876, 48.31, 22.042
877, 48.38, 22.059
878, 48.46, 22.076
879, 48.53, 22.092
880, 48.66, 22.126
881, 48.73, 22.142
882, 48.8, 22.159
883, 48.87, 22.176
884, 48.94, 22.192
885, 49.07, 22.226
886, 49.14, 22.242
887, 49.2, 22.259
888, 49.27, 22.276
889, 49.4, 22.309
890, 49.46, 22.326
891, 49.53, 22.342
892, 49.59, 22.359
893, 49.66, 22.376
894, 49.78, 22.409
895, 49.84, 22.426
896, 49.89, 22.442
897, 49.94, 22.459
898, 49.93, 22.476
899, 50.01, 22.509
900, 50.14, 22.526
901, 50.16, 22.542
902, 50.2, 22.559
903, 50.27, 22.576
904, 50.34, 22.592
905, 50.44, 22.626
906, 50.51, 22.642
907, 50.58, 22.659
908, 50.64, 22.676
909, 50.7, 22.692
910, 50.83, 22.726
911, 50.88, 22.742
912, 50.93, 22.759
913, 50.98, 22.776
914, 51.04, 22.792
915, 51.1, 22.809
916, 51.21, 22.842
917, 51.28, 22.859
918, 51.33, 22.876
919, 51.39, 22.892
920, 51.45, 22.909
921, 51.51, 22.926
922, 51.62, 22.959
923, 51.67, 22.976
924, 51.73, 22.992
925, 51.79, 23.009
926, 51.85, 23.026
927, 51.91, 23.042
928, 52.02, 23.076
929, 52.07, 23.092
930, 52.12, 23.109
931, 52.18, 23.126
932, 52.24, 23.142
933, 52.29, 23.159
934, 52.39, 23.192
935, 52.44, 23.209
936, 52.49, 23.226
937, 52.54, 23.242
938, 52.59, 23.259
939, 52.64, 23.276
940, 52.7, 23.292
941, 52.81, 23.326
942, 52.86, 23.342
943, 52.91, 23.359
944, 52.96, 23.376
945, 53.01, 23.392
946, 53.06, 23.409
947, 53.11, 23.426
948, 53.16, 23.442
949, 53.26, 23.476
950, 53.3, 23.492
951, 53.35, 23.509
952, 53.4, 23.526
953, 53.45, 23.542
954, 53.5, 23.559
955, 53.54, 23.576
956, 53.59, 23.592
957, 53.68, 23.626
958, 53.73, 23.642
959, 53.78, 23.659
960, 53.83, 23.676
961, 53.88, 23.692
962, 53.93, 23.709
963, 53.97, 23.726
964, 54, 23.742
965, 54.03, 23.759
966, 54.15, 23.792
967, 54.21, 23.809
968, 54.26, 23.826
969, 54.3, 23.842
970, 54.34, 23.859
971, 54.39, 23.876
972, 54.43, 23.892
973, 54.47, 23.909
974, 54.52, 23.926
975, 54.57, 23.942
976, 54.66, 23.976
977, 54.71, 23.992
978, 54.75, 24.009
979, 54.8, 24.026
980, 54.84, 24.042
981, 54.88, 24.059
982, 54.92, 24.076
983, 54.97, 24.092
984, 55.01, 24.109
985, 55.06, 24.126
986, 55.1, 24.142
987, 55.15, 24.159
988, 55.19, 24.176
989, 55.24, 24.192
990, 55.32, 24.226
991, 55.36, 24.242
992, 55.4, 24.259
993, 55.45, 24.276
994, 55.48, 24.292
995, 55.52, 24.309
996, 55.57, 24.326
997, 55.61, 24.342
998, 55.65, 24.359
999, 55.68, 24.376
1000, 55.72, 24.392
1001, 55.76, 24.409
1002, 55.8, 24.426
1003, 55.84, 24.442
1004, 55.92, 24.476
1005, 55.96, 24.492
1006, 56, 24.509
1007, 56.04, 24.526
1008, 56.08, 24.542
1009, 56.12, 24.559
1010, 56.16, 24.576
1011, 56.21, 24.592
1012, 56.25, 24.609
1013, 56.29, 24.626
1014, 56.33, 24.642
1015, 56.38, 24.659
1016, 56.42, 24.676
1017, 56.46, 24.692
1018, 56.51, 24.709
1019, 56.55, 24.726
1020, 56.59, 24.742
1021, 56.69, 24.776
1022, 56.73, 24.792
1023, 56.78, 24.809
1024, 56.82, 24.826
1025, 56.85, 24.842
1026, 56.89, 24.859
1027, 56.92, 24.876
1028, 56.96, 24.892
1029, 57, 24.909
1030, 57.04, 24.926
1031, 57.07, 24.942
1032, 57.11, 24.959
1033, 57.15, 24.976
1034, 57.19, 24.992
1035, 57.22, 25.009
1036, 57.26, 25.026
1037, 57.3, 25.042
1038, 57.33, 25.059
1039, 57.37, 25.076
1040, 57.4, 25.092
1041, 57.48, 25.126
1042, 57.51, 25.142
1043, 57.54, 25.159
1044, 57.58, 25.176
1045, 57.62, 25.192
1046, 57.66, 25.209
1047, 57.7, 25.226
1048, 57.74, 25.242
1049, 57.78, 25.259
1050, 57.82, 25.276
1051, 57.86, 25.292
1052, 57.91, 25.309
1053, 57.95, 25.326
1054, 57.99, 25.342
1055, 58.02, 25.359
1056, 58.06, 25.376
1057, 58.1, 25.392
1058, 58.13, 25.409
1059, 58.17, 25.426
1060, 58.21, 25.442
1061, 58.24, 25.459
1062, 58.28, 25.476
1063, 58.33, 25.492
1064, 58.37, 25.509
1065, 58.4, 25.526
1066, 58.43, 25.542
1067, 58.46, 25.559
1068, 58.49, 25.576
1069, 58.52, 25.592
1070, 58.56, 25.609
1071, 58.59, 25.626
1072, 58.63, 25.642
1073, 58.69, 25.676
1074, 58.73, 25.692
1075, 58.76, 25.709
1076, 58.79, 25.726
1077, 58.82, 25.742
1078, 58.86, 25.759
1079, 58.89, 25.776
1080, 58.86, 25.792
1081, 58.81, 25.809
1082, 58.9, 25.826
1083, 58.94, 25.842
1084, 58.94, 25.859
1085, 58.98, 25.876
1086, 59.01, 25.892
1087, 59.04, 25.909
1088, 59.07, 25.926
1089, 59.09, 25.942
1090, 59.12, 25.959
1091, 59.15, 25.976
1092, 59.18, 25.992
1093, 59.21, 26.009
1094, 59.24, 26.026
1095, 59.28, 26.042
1096, 59.32, 26.059
1097, 59.35, 26.076
1098, 59.39, 26.092
1099, 59.42, 26.109
1100, 59.45, 26.126
1101, 59.48, 26.142
1102, 59.51, 26.159
1103, 59.54, 26.176
1104, 59.57, 26.192
1105, 59.6, 26.209
1106, 59.64, 26.226
1107, 59.67, 26.242
1108, 59.7, 26.259
1109, 59.74, 26.276
1110, 59.77, 26.292
1111, 59.8, 26.309
1112, 59.83, 26.326
1113, 59.86, 26.342
1114, 59.89, 26.359
1115, 59.92, 26.376
1116, 59.94, 26.392
1117, 59.96, 26.409
1118, 59.97, 26.426
1119, 59.97, 26.442
1120, 59.96, 26.459
1121, 59.95, 26.476
1122, 59.91, 26.492
1123, 59.86, 26.509
1124, 59.78, 26.526
1125, 59.69, 26.542
1126, 59.57, 26.559
1127, 59.43, 26.576
1128, 59.27, 26.592
1129, 59.09, 26.609
1130, 58.88, 26.626
1131, 58.66, 26.642
1132, 58.41, 26.659
1133, 58.15, 26.676
1134, 57.87, 26.692
1135, 57.55, 26.709
1136, 57.2, 26.726
1137, 56.53, 26.759
1138, 56.18, 26.776
1139, 55.83, 26.792
1140, 55.46, 26.809
1141, 55.09, 26.826
1142, 54.73, 26.842
1143, 54.35, 26.859
1144, 53.96, 26.876
1145, 53.56, 26.892
1146, 53.16, 26.909
1147, 52.79, 26.926
1148, 52.06, 26.959
1149, 51.69, 26.976
1150, 51.32, 26.992
1151, 50.93, 27.009
1152, 50.52, 27.026
1153, 50.15, 27.042
1154, 49.49, 27.076
1155, 49.17, 27.092
1156, 48.86, 27.109
1157, 48.55, 27.126
1158, 47.93, 27.159
1159, 47.6, 27.176
1160, 47.28, 27.192
1161, 46.97, 27.209
1162, 46.38, 27.242
1163, 46.08, 27.259
1164, 45.77, 27.276
1165, 45.48, 27.292
1166, 44.89, 27.326
1167, 44.55, 27.342
1168, 43.91, 27.376
1169, 43.61, 27.392
1170, 43.3, 27.409
1171, 42.71, 27.442
1172, 42.39, 27.459
1173, 42.07, 27.476
1174, 41.45, 27.509
1175, 41.15, 27.526
1176, 40.58, 27.559
1177, 40.29, 27.576
1178, 39.7, 27.609
1179, 39.4, 27.626
1180, 38.79, 27.659
1181, 38.48, 27.676
1182, 37.91, 27.709
1183, 37.27, 27.742
1184, 36.95, 27.759
1185, 36.35, 27.792
1186, 36.07, 27.809
1187, 35.53, 27.842
1188, 34.98, 27.876
1189, 34.4, 27.909
1190, 34.17, 27.926
1191, 33.71, 27.959
1192, 33.26, 27.992
1193, 32.82, 28.026
1194, 32.43, 28.059
1195, 32.26, 28.076
1196, 32, 28.109
1197, 31.75, 28.142
1198, 31.55, 28.176
1199, 31.38, 28.209
1200, 31.23, 28.242
1201, 30.96, 28.276
1202, 30.61, 28.309
1203, 30.4, 28.342
1204, 30.2, 28.376
1205, 29.98, 28.409
1206, 29.75, 28.442
1207, 29.53, 28.476
1208, 29.31, 28.509
1209, 29.1, 28.542
1210, 28.87, 28.576
1211, 28.55, 28.626
1212, 28.35, 28.659
1213, 28.13, 28.692
1214, 27.9, 28.726
1215, 27.7, 28.759
1216, 27.48, 28.809
1217, 27.29, 28.842
1218, 27.1, 28.876
1219, 26.96, 28.909
1220, 26.76, 28.959
1221, 26.58, 28.992
1222, 26.4, 29.026
1223, 26.2, 29.076
1224, 26.07, 29.109
1225, 25.9, 29.159
1226, 25.8, 29.192
1227, 25.68, 29.226
1228, 25.52, 29.276
1229, 25.41, 29.309
1230, 25.26, 29.359
1231, 25.17, 29.392
1232, 25.03, 29.442
1233, 24.93, 29.476
1234, 24.84, 29.509
1235, 24.71, 29.559
1236, 24.62, 29.592
1237, 24.48, 29.642
1238, 24.38, 29.676
1239, 24.27, 29.726
1240, 24.21, 29.759
1241, 24.15, 29.809
1242, 24.1, 29.842
1243, 24.01, 29.892
1244, 23.98, 29.926
1245, 23.91, 29.976
1246, 23.87, 30.009
1247, 23.93, 30.059
1248, 23.93, 30.092
1249, 23.95, 30.142
1250, 23.99, 30.176
1251, 24.04, 30.226
1252, 24.08, 30.259
1253, 24.16, 30.309
1254, 24.25, 30.342
1255, 24.36, 30.376
1256, 24.52, 30.426
1257, 24.63, 30.459
1258, 24.72, 30.492
1259, 24.87, 30.542
1260, 25.02, 30.576
1261, 25.15, 30.609
1262, 25.24, 30.642
1263, 25.37, 30.692
1264, 25.53, 30.726
1265, 25.68, 30.759
1266, 25.82, 30.792
1267, 26.05, 30.842
1268, 26.24, 30.876
1269, 26.46, 30.909
1270, 26.68, 30.942
1271, 26.9, 30.976
1272, 27.14, 31.009
1273, 27.56, 31.059
1274, 27.89, 31.092
1275, 28.16, 31.126
1276, 28.37, 31.159
1277, 28.59, 31.192
1278, 28.81, 31.226
1279, 28.99, 31.259
1280, 29.05, 31.309
1281, 29.36, 31.342
1282, 29.5, 31.376
1283, 29.64, 31.409
1284, 29.81, 31.442
1285, 29.97, 31.476
1286, 30.14, 31.509
1287, 30.25, 31.542
1288, 30.36, 31.576
1289, 30.49, 31.609
1290, 30.62, 31.642
1291, 30.73, 31.676
1292, 30.87, 31.709
1293, 30.99, 31.742
1294, 31.1, 31.776
1295, 31.22, 31.809
1296, 31.28, 31.826
1297, 31.41, 31.859
1298, 31.53, 31.892
1299, 31.66, 31.926
1300, 31.79, 31.959
1301, 31.9, 31.992
1302, 31.98, 32.026
1303, 32.09, 32.059
1304, 32.28, 32.092
1305, 32.35, 32.109
1306, 32.48, 32.142
1307, 32.64, 32.176
1308, 32.8, 32.209
1309, 32.94, 32.242
1310, 33.02, 32.259
1311, 33.16, 32.292
1312, 33.28, 32.326
1313, 33.39, 32.359
1314, 33.5, 32.392
1315, 33.56, 32.409
1316, 33.7, 32.442
1317, 33.83, 32.476
1318, 33.92, 32.509
1319, 33.97, 32.526
1320, 34.07, 32.559
1321, 34.2, 32.592
1322, 34.32, 32.626
1323, 34.37, 32.642
1324, 34.48, 32.676
1325, 34.61, 32.709
1326, 34.74, 32.742
1327, 34.81, 32.759
1328, 34.97, 32.792
1329, 35.14, 32.826
1330, 35.23, 32.842
1331, 35.45, 32.876
1332, 35.65, 32.909
1333, 35.83, 32.942
1334, 35.94, 32.959
1335, 36.18, 32.992
1336, 36.37, 33.026
1337, 36.46, 33.042
1338, 36.67, 33.076
1339, 36.87, 33.109
1340, 36.97, 33.126
1341, 37.15, 33.159
1342, 37.36, 33.192
1343, 37.47, 33.209
1344, 37.63, 33.242
1345, 37.72, 33.259
1346, 37.92, 33.292
1347, 38.13, 33.326
1348, 38.22, 33.342
1349, 38.38, 33.376
1350, 38.46, 33.392
1351, 38.67, 33.426
1352, 38.78, 33.442
1353, 38.95, 33.476
1354, 39.12, 33.509
1355, 39.21, 33.526
1356, 39.39, 33.559
1357, 39.48, 33.576
1358, 39.65, 33.609
1359, 39.73, 33.626
1360, 39.88, 33.659
1361, 39.96, 33.676
1362, 40.1, 33.709
1363, 40.16, 33.726
1364, 40.28, 33.759
1365, 40.34, 33.776
1366, 40.3, 33.809
1367, 40.41, 33.826
1368, 40.67, 33.859
1369, 40.73, 33.876
1370, 40.93, 33.909
1371, 41.01, 33.926
1372, 41.17, 33.959
1373, 41.26, 33.976
1374, 41.42, 34.009
1375, 41.5, 34.026
1376, 41.66, 34.059
1377, 41.74, 34.076
1378, 41.9, 34.109
1379, 41.98, 34.126
1380, 42.14, 34.159
1381, 42.22, 34.176
1382, 42.39, 34.209
1383, 42.47, 34.226
1384, 42.54, 34.242
1385, 42.69, 34.276
1386, 42.78, 34.292
1387, 42.94, 34.326
1388, 43.02, 34.342
1389, 43.17, 34.376
1390, 43.24, 34.392
1391, 43.32, 34.409
1392, 43.47, 34.442
1393, 43.54, 34.459
1394, 43.7, 34.492
1395, 43.78, 34.509
1396, 43.84, 34.526
1397, 43.98, 34.559
1398, 44.06, 34.576
1399, 44.14, 34.592
1400, 44.29, 34.626
1401, 44.37, 34.642
1402, 44.52, 34.676
1403, 44.59, 34.692
1404, 44.66, 34.709
1405, 44.8, 34.742
1406, 44.87, 34.759
1407, 44.94, 34.776
1408, 45.08, 34.809
1409, 45.16, 34.826
1410, 45.22, 34.842
1411, 45.34, 34.876
1412, 45.42, 34.892
1413, 45.57, 34.926
1414, 45.65, 34.942
1415, 45.75, 34.959
1416, 45.87, 34.992
1417, 45.94, 35.009
1418, 46.02, 35.026
1419, 46.1, 35.042
1420, 46.23, 35.076
1421, 46.31, 35.092
1422, 46.39, 35.109
1423, 46.54, 35.142
1424, 46.61, 35.159
1425, 46.69, 35.176
1426, 46.82, 35.209
1427, 46.88, 35.226
1428, 46.91, 35.242
1429, 46.98, 35.259
1430, 47.14, 35.292
1431, 47.23, 35.309
1432, 47.31, 35.326
1433, 47.45, 35.359
1434, 47.52, 35.376
1435, 47.58, 35.392
1436, 47.66, 35.409
1437, 47.8, 35.442
1438, 47.87, 35.459
1439, 47.94, 35.476
1440, 48.01, 35.492
1441, 48.16, 35.526
1442, 48.23, 35.542
1443, 48.3, 35.559
1444, 48.37, 35.576
1445, 48.51, 35.609
1446, 48.58, 35.626
1447, 48.64, 35.642
1448, 48.71, 35.659
1449, 48.85, 35.692
1450, 48.92, 35.709
1451, 48.99, 35.726
1452, 49.06, 35.742
1453, 49.12, 35.759
1454, 49.26, 35.792
1455, 49.33, 35.809
1456, 49.4, 35.826
1457, 49.46, 35.842
1458, 49.59, 35.876
1459, 49.66, 35.892
1460, 49.72, 35.909
1461, 49.78, 35.926
1462, 49.84, 35.942
1463, 49.79, 35.976
1464, 49.91, 35.992
1465, 50.03, 36.009
1466, 50.06, 36.026
1467, 50.1, 36.042
1468, 50.25, 36.076
1469, 50.3, 36.092
1470, 50.35, 36.109
1471, 50.42, 36.126
1472, 50.48, 36.142
1473, 50.59, 36.176
1474, 50.65, 36.192
1475, 50.71, 36.209
1476, 50.77, 36.226
1477, 50.82, 36.242
1478, 50.88, 36.259
1479, 50.99, 36.292
1480, 51.05, 36.309
1481, 51.11, 36.326
1482, 51.17, 36.342
1483, 51.24, 36.359
1484, 51.3, 36.376
1485, 51.4, 36.409
1486, 51.45, 36.426
1487, 51.51, 36.442
1488, 51.57, 36.459
1489, 51.63, 36.476
1490, 51.68, 36.492
1491, 51.8, 36.526
1492, 51.86, 36.542
1493, 51.91, 36.559
1494, 51.97, 36.576
1495, 52.02, 36.592
1496, 52.08, 36.609
1497, 52.18, 36.642
1498, 52.24, 36.659
1499, 52.3, 36.676
1500, 52.35, 36.692
1501, 52.41, 36.709
1502, 52.47, 36.726
1503, 52.52, 36.742
1504, 52.63, 36.776
1505, 52.68, 36.792
1506, 52.74, 36.809
1507, 52.8, 36.826
1508, 52.86, 36.842
1509, 52.91, 36.859
1510, 52.97, 36.876
1511, 53.08, 36.909
1512, 53.13, 36.926
1513, 53.19, 36.942
1514, 53.25, 36.959
1515, 53.3, 36.976
1516, 53.35, 36.992
1517, 53.4, 37.009
1518, 53.46, 37.026
1519, 53.56, 37.059
1520, 53.61, 37.076
1521, 53.66, 37.092
1522, 53.71, 37.109
1523, 53.76, 37.126
1524, 53.81, 37.142
1525, 53.86, 37.159
1526, 53.92, 37.176
1527, 53.98, 37.192
1528, 54.1, 37.226
1529, 54.15, 37.242
1530, 54.2, 37.259
1531, 54.24, 37.276
1532, 54.29, 37.292
1533, 54.34, 37.309
1534, 54.4, 37.326
1535, 54.45, 37.342
1536, 54.5, 37.359
1537, 54.6, 37.392
1538, 54.66, 37.409
1539, 54.71, 37.426
1540, 54.77, 37.442
1541, 54.83, 37.459
1542, 54.88, 37.476
1543, 54.92, 37.492
1544, 54.97, 37.509
1545, 55.02, 37.526
1546, 55.07, 37.542
1547, 55.11, 37.559
1548, 55.22, 37.592
1549, 55.27, 37.609
1550, 55.32, 37.626
1551, 55.37, 37.642
1552, 55.42, 37.659
1553, 55.47, 37.676
1554, 55.52, 37.692
1555, 55.57, 37.709
1556, 55.62, 37.726
1557, 55.67, 37.742
1558, 55.72, 37.759
1559, 55.77, 37.776
1560, 55.87, 37.809
1561, 55.91, 37.826
1562, 55.96, 37.842
1563, 56.01, 37.859
1564, 56.06, 37.876
1565, 56.1, 37.892
1566, 56.15, 37.909
1567, 56.2, 37.926
1568, 56.25, 37.942
1569, 56.3, 37.959
1570, 56.34, 37.976
1571, 56.39, 37.992
1572, 56.44, 38.009
1573, 56.48, 38.026
1574, 56.53, 38.042
1575, 56.63, 38.076
1576, 56.68, 38.092
1577, 56.72, 38.109
1578, 56.77, 38.126
1579, 56.82, 38.142
1580, 56.86, 38.159
1581, 56.9, 38.176
1582, 56.95, 38.192
1583, 57, 38.209
1584, 57.04, 38.226
1585, 57.09, 38.242
1586, 57.13, 38.259
1587, 57.17, 38.276
1588, 57.22, 38.292
1589, 57.26, 38.309
1590, 57.3, 38.326
1591, 57.35, 38.342
1592, 57.39, 38.359
1593, 57.44, 38.376
1594, 57.54, 38.409
1595, 57.58, 38.426
1596, 57.62, 38.442
1597, 57.66, 38.459
1598, 57.71, 38.476
1599, 57.75, 38.492
1600, 57.79, 38.509
1601, 57.83, 38.526
1602, 57.88, 38.542
1603, 57.92, 38.559
1604, 57.96, 38.576
1605, 58, 38.592
1606, 58.04, 38.609
1607, 58.08, 38.626
1608, 58.13, 38.642
1609, 58.17, 38.659
1610, 58.21, 38.676
1611, 58.25, 38.692
1612, 58.29, 38.709
1613, 58.33, 38.726
1614, 58.37, 38.742
1615, 58.42, 38.759
1616, 58.46, 38.776
1617, 58.5, 38.792
1618, 58.54, 38.809
1619, 58.57, 38.826
1620, 58.61, 38.842
1621, 58.65, 38.859
1622, 58.69, 38.876
1623, 58.73, 38.892
1624, 58.77, 38.909
1625, 58.81, 38.926
1626, 58.84, 38.942
1627, 58.88, 38.959
1628, 58.92, 38.976
1629, 59, 39.009
1630, 59.04, 39.026
1631, 59.08, 39.042
1632, 59.12, 39.059
1633, 59.16, 39.076
1634, 59.2, 39.092
1635, 59.24, 39.109
1636, 59.28, 39.126
1637, 59.32, 39.142
1638, 59.36, 39.159
1639, 59.39, 39.176
1640, 59.43, 39.192
1641, 59.47, 39.209
1642, 59.51, 39.226
1643, 59.54, 39.242
1644, 59.57, 39.259
1645, 59.61, 39.276
1646, 59.65, 39.292
1647, 59.68, 39.309
1648, 59.72, 39.326
1649, 59.76, 39.342
1650, 59.8, 39.359
1651, 59.83, 39.376
1652, 59.86, 39.392
1653, 59.9, 39.409
1654, 59.94, 39.426
1655, 59.98, 39.442
1656, 60.02, 39.459
1657, 59.98, 39.476
1658, 59.93, 39.492
1659, 60.04, 39.509
1660, 60.1, 39.526
1661, 60.05, 39.542
1662, 60.1, 39.559
1663, 60.16, 39.576
1664, 60.19, 39.592
1665, 60.21, 39.609
1666, 60.26, 39.626
1667, 60.29, 39.642
1668, 60.32, 39.659
1669, 60.34, 39.676
1670, 60.37, 39.692
1671, 60.39, 39.709
1672, 60.42, 39.726
1673, 60.45, 39.742
1674, 60.49, 39.759
1675, 60.52, 39.776
1676, 60.56, 39.792
1677, 60.59, 39.809
1678, 60.62, 39.826
1679, 60.65, 39.842
1680, 60.68, 39.859
1681, 60.71, 39.876
1682, 60.74, 39.892
1683, 60.77, 39.909
1684, 60.77, 39.909
1685, 60.79, 39.926
1686, 60.82, 39.942
1687, 60.85, 39.959
1688, 60.88, 39.976
1689, 60.91, 39.992
1690, 60.95, 40.009
1691, 60.99, 40.026
1692, 61.02, 40.042
1693, 61.06, 40.059
1694, 61.08, 40.076
1695, 61.11, 40.092
1696, 61.13, 40.109
1697, 61.16, 40.126
1698, 61.2, 40.142
1699, 61.23, 40.159
1700, 61.25, 40.176
1701, 61.28, 40.192
1702, 61.3, 40.209
1703, 61.32, 40.226
1704, 61.34, 40.242
1705, 61.37, 40.259
1706, 61.41, 40.276
1707, 61.45, 40.292
1708, 61.49, 40.309
1709, 61.51, 40.326
1710, 61.55, 40.342
1711, 61.59, 40.359
1712, 61.62, 40.376
1713, 61.65, 40.392
1714, 61.67, 40.409
1715, 61.7, 40.426
1716, 61.72, 40.442
1717, 61.75, 40.459
1718, 61.78, 40.476
1719, 61.81, 40.492
1720, 61.84, 40.509
1721, 61.87, 40.526
1722, 61.89, 40.542
1723, 61.92, 40.559
1724, 61.95, 40.576
1725, 61.98, 40.592
1726, 61.98, 40.592
1727, 62.01, 40.609
1728, 62.04, 40.626
1729, 62.08, 40.642
1730, 62.1, 40.659
1731, 62.12, 40.676
1732, 62.15, 40.692
1733, 62.18, 40.709
1734, 62.2, 40.726
1735, 62.23, 40.742
1736, 62.26, 40.759
1737, 62.28, 40.776
1738, 62.31, 40.792
1739, 62.34, 40.809
1740, 62.37, 40.826
1741, 62.4, 40.842
1742, 62.43, 40.859
1743, 62.46, 40.876
1744, 62.49, 40.892
1745, 62.52, 40.909
1746, 62.55, 40.926
1747, 62.57, 40.942
1748, 62.58, 40.959
1749, 62.61, 40.976
1750, 62.63, 40.992
1751, 62.66, 41.009
1752, 62.66, 41.009
1753, 62.69, 41.026
1754, 62.72, 41.042
1755, 62.75, 41.059
1756, 62.78, 41.076
1757, 62.8, 41.092
1758, 62.83, 41.109
1759, 62.86, 41.126
1760, 62.89, 41.142
1761, 62.91, 41.159
1762, 62.94, 41.176
1763, 62.97, 41.192
1764, 62.99, 41.209
1765, 63.02, 41.226
1766, 63.04, 41.242
1767, 63.07, 41.259
1768, 63.09, 41.276
1769, 63.12, 41.292
1770, 63.15, 41.309
1771, 63.17, 41.326
1772, 63.2, 41.342
1773, 63.2, 41.342
1774, 63.23, 41.359
1775, 63.25, 41.376
1776, 63.28, 41.392
1777, 63.31, 41.409
1778, 63.33, 41.426
1779, 63.36, 41.442
1780, 63.38, 41.459
1781, 63.41, 41.476
1782, 63.43, 41.492
1783, 63.45, 41.509
1784, 63.48, 41.526
1785, 63.51, 41.542
1786, 63.54, 41.559
1787, 63.56, 41.576
1788, 63.58, 41.592
1789, 63.61, 41.609
1790, 63.63, 41.626
1791, 63.63, 41.626
1792, 63.66, 41.642
1793, 63.68, 41.659
1794, 63.71, 41.676
1795, 63.73, 41.692
1796, 63.76, 41.709
1797, 63.79, 41.726
1798, 63.81, 41.742
1799, 63.83, 41.759
1800, 63.86, 41.776
1801, 63.88, 41.792
1802, 63.9, 41.809
1803, 63.92, 41.826
1804, 63.95, 41.842
1805, 63.97, 41.859
1806, 63.99, 41.876
1807, 63.99, 41.876
1808, 64.01, 41.892
1809, 64.04, 41.909
1810, 64.06, 41.926
1811, 64.09, 41.942
1812, 64.11, 41.959
1813, 64.14, 41.976
1814, 64.16, 41.992
1815, 64.18, 42.009
1816, 64.2, 42.026
1817, 64.22, 42.042
1818, 64.25, 42.059
1819, 64.27, 42.076
1820, 64.29, 42.092
1821, 64.32, 42.109
1822, 64.32, 42.109
1823, 64.34, 42.126
1824, 64.37, 42.142
1825, 64.39, 42.159
1826, 64.42, 42.176
1827, 64.44, 42.192
1828, 64.46, 42.209
1829, 64.48, 42.226
1830, 64.51, 42.242
1831, 64.53, 42.259
1832, 64.56, 42.276
1833, 64.58, 42.292
1834, 64.6, 42.309
1835, 64.63, 42.326
1836, 64.63, 42.326
1837, 64.65, 42.342
1838, 64.67, 42.359
1839, 64.7, 42.376
1840, 64.73, 42.392
1841, 64.75, 42.409
1842, 64.77, 42.426
1843, 64.79, 42.442
1844, 64.8, 42.459
1845, 64.82, 42.476
1846, 64.84, 42.492
1847, 64.86, 42.509
1848, 64.88, 42.526
1849, 64.88, 42.526
1850, 64.91, 42.542
1851, 64.94, 42.559
1852, 64.97, 42.576
1853, 65.01, 42.592
1854, 65.03, 42.609
1855, 65.04, 42.626
1856, 65.05, 42.642
1857, 65.06, 42.659
1858, 65.06, 42.676
1859, 65.06, 42.692
1860, 65.05, 42.709
1861, 65.05, 42.709
1862, 65.03, 42.726
1863, 64.99, 42.742
1864, 64.93, 42.759
1865, 64.85, 42.776
1866, 64.76, 42.792
1867, 64.66, 42.809
1868, 64.54, 42.826
1869, 64.41, 42.842
1870, 64.27, 42.859
1871, 64.08, 42.876
1872, 63.87, 42.892
1873, 63.67, 42.909
1874, 63.46, 42.926
1875, 63.21, 42.942
1876, 63.21, 42.942
1877, 62.92, 42.959
1878, 62.62, 42.976
1879, 62.32, 42.992
1880, 61.98, 43.009
1881, 61.63, 43.026
1882, 61.28, 43.042
1883, 60.9, 43.059
1884, 60.51, 43.076
1885, 60.12, 43.092
1886, 59.72, 43.109
1887, 59.29, 43.126
1888, 58.84, 43.142
1889, 58.37, 43.159
1890, 57.92, 43.176
1891, 57.51, 43.192
1892, 57.1, 43.209
1893, 56.65, 43.226
1894, 55.78, 43.259
1895, 55.38, 43.276
1896, 55, 43.292
1897, 54.62, 43.309
1898, 54.23, 43.326
1899, 53.84, 43.342
1900, 53.46, 43.359
1901, 53.08, 43.376
1902, 52.72, 43.392
1903, 51.93, 43.426
1904, 51.56, 43.442
1905, 51.2, 43.459
1906, 50.82, 43.476
1907, 50.45, 43.492
1908, 50.15, 43.509
1909, 49.57, 43.542
1910, 49.29, 43.559
1911, 49.03, 43.576
1912, 48.78, 43.592
1913, 48.54, 43.609
1914, 47.95, 43.642
1915, 47.71, 43.659
1916, 47.49, 43.676
1917, 47.27, 43.692
1918, 46.8, 43.726
1919, 46.59, 43.742
1920, 46.39, 43.759
1921, 45.97, 43.792
1922, 45.77, 43.809
1923, 45.58, 43.826
1924, 45.19, 43.859
1925, 44.99, 43.876
1926, 44.79, 43.892
1927, 44.4, 43.926
1928, 44.21, 43.942
1929, 44.01, 43.959
1930, 43.63, 43.992
1931, 43.44, 44.009
1932, 43.25, 44.026
1933, 42.86, 44.059
1934, 42.67, 44.076
1935, 42.26, 44.109
1936, 42.06, 44.126
1937, 41.85, 44.142
1938, 41.4, 44.176
1939, 41.15, 44.192
1940, 40.66, 44.226
1941, 40.41, 44.242
1942, 39.89, 44.276
1943, 39.63, 44.292
1944, 39.1, 44.326
1945, 38.84, 44.342
1946, 38.31, 44.376
1947, 38.04, 44.392
1948, 37.44, 44.426
1949, 36.86, 44.459
1950, 36.6, 44.476
1951, 36.04, 44.509
1952, 35.55, 44.542
1953, 35.35, 44.559
1954, 34.95, 44.592
1955, 34.56, 44.626
1956, 34.37, 44.642
1957, 34.01, 44.676
1958, 33.7, 44.709
1959, 33.4, 44.742
1960, 33.08, 44.776
1961, 32.93, 44.792
1962, 32.67, 44.826
1963, 32.41, 44.859
1964, 32.16, 44.892
1965, 31.93, 44.926
1966, 31.69, 44.959
1967, 31.45, 44.992
1968, 31.23, 45.026
1969, 31.13, 45.042
1970, 30.92, 45.076
1971, 30.73, 45.109
1972, 30.56, 45.142
1973, 30.37, 45.176
1974, 30.22, 45.209
1975, 30.09, 45.242
1976, 29.96, 45.276
1977, 29.81, 45.309
1978, 29.68, 45.342
1979, 29.55, 45.376
1980, 29.42, 45.409
1981, 29.3, 45.442
1982, 29.18, 45.476
1983, 29.08, 45.509
1984, 28.99, 45.542
1985, 28.91, 45.576
1986, 28.76, 45.626
1987, 28.67, 45.659
1988, 28.58, 45.692
1989, 28.48, 45.726
1990, 28.37, 45.759
1991, 28.24, 45.792
1992, 28.12, 45.826
1993, 28.01, 45.859
1994, 27.86, 45.909
1995, 27.78, 45.942
1996, 27.71, 45.976
1997, 27.63, 46.009
1998, 27.55, 46.042
1999, 27.44, 46.092
2000, 27.38, 46.126
2001, 27.38, 46.159
2002, 27.47, 46.192
2003, 27.48, 46.226
2004, 27.59, 46.276
2005, 27.66, 46.309
2006, 27.75, 46.342
2007, 27.83, 46.376
2008, 27.94, 46.409
2009, 28.13, 46.459
2010, 28.25, 46.492
2011, 28.38, 46.526
2012, 28.52, 46.559
2013, 28.66, 46.592
2014, 28.79, 46.626
2015, 28.92, 46.659
2016, 29.04, 46.692
2017, 29.16, 46.726
2018, 29.29, 46.759
2019, 29.41, 46.792
2020, 29.52, 46.826
2021, 29.61, 46.859
2022, 29.75, 46.892
2023, 29.89, 46.926
2024, 29.96, 46.959
2025, 30.05, 46.992
2026, 30.15, 47.026
2027, 30.29, 47.059
2028, 30.4, 47.092
2029, 30.48, 47.126
2030, 30.58, 47.159
2031, 30.73, 47.192
2032, 30.86, 47.226
2033, 30.92, 47.242
2034, 31.06, 47.276
2035, 31.21, 47.309
2036, 31.37, 47.342
2037, 31.54, 47.376
2038, 31.72, 47.409
2039, 31.9, 47.442
2040, 32.07, 47.476
2041, 32.22, 47.509
2042, 32.39, 47.542
2043, 32.47, 47.559
2044, 32.64, 47.592
2045, 32.81, 47.626
2046, 32.95, 47.659
2047, 33.11, 47.692
2048, 33.26, 47.726
2049, 33.33, 47.742
2050, 33.48, 47.776
2051, 33.62, 47.809
2052, 33.78, 47.842
2053, 33.94, 47.876
2054, 34.01, 47.892
2055, 34.16, 47.926
2056, 34.34, 47.959
2057, 34.55, 47.992
2058, 34.74, 48.026
2059, 34.84, 48.042
2060, 35.07, 48.076
2061, 35.32, 48.109
2062, 35.43, 48.126
2063, 35.6, 48.159
2064, 35.81, 48.192
2065, 36.07, 48.226
2066, 36.2, 48.242
2067, 36.4, 48.276
2068, 36.59, 48.309
2069, 36.69, 48.326
2070, 36.91, 48.359
2071, 37.12, 48.392
2072, 37.23, 48.409
2073, 37.43, 48.442
2074, 37.52, 48.459
2075, 37.72, 48.492
2076, 37.92, 48.526
2077, 38.02, 48.542
2078, 38.22, 48.576
2079, 38.32, 48.592
2080, 38.52, 48.626
2081, 38.73, 48.659
2082, 38.83, 48.676
2083, 39.03, 48.709
2084, 39.14, 48.726
2085, 39.34, 48.759
2086, 39.44, 48.776
2087, 39.64, 48.809
2088, 39.83, 48.842
2089, 39.93, 48.859
2090, 40.12, 48.892
2091, 40.21, 48.909
2092, 40.38, 48.942
2093, 40.46, 48.959
2094, 40.52, 48.992
2095, 40.49, 49.009
2096, 40.77, 49.042
2097, 40.89, 49.059
2098, 41.02, 49.092
2099, 41.11, 49.109
2100, 41.3, 49.142
2101, 41.37, 49.159
2102, 41.45, 49.176
2103, 41.62, 49.209
2104, 41.71, 49.226
2105, 41.87, 49.259
2106, 41.96, 49.276
2107, 42.12, 49.309
2108, 42.21, 49.326
2109, 42.37, 49.359
2110, 42.45, 49.376
2111, 42.54, 49.392
2112, 42.7, 49.426
2113, 42.78, 49.442
2114, 42.94, 49.476
2115, 43.02, 49.492
2116, 43.18, 49.526
2117, 43.27, 49.542
2118, 43.35, 49.559
2119, 43.51, 49.592
2120, 43.59, 49.609
2121, 43.67, 49.626
2122, 43.84, 49.659
2123, 43.92, 49.676
2124, 44.07, 49.709
2125, 44.16, 49.726
2126, 44.24, 49.742
2127, 44.4, 49.776
2128, 44.47, 49.792
2129, 44.55, 49.809
2130, 44.71, 49.842
2131, 44.79, 49.859
2132, 44.87, 49.876
2133, 45.03, 49.909
2134, 45.1, 49.926
2135, 45.18, 49.942
2136, 45.35, 49.976
2137, 45.43, 49.992
2138, 45.51, 50.009
2139, 45.67, 50.042
2140, 45.74, 50.059
2141, 45.82, 50.076
2142, 45.97, 50.109
2143, 46.05, 50.126
2144, 46.13, 50.142
2145, 46.28, 50.176
2146, 46.36, 50.192
2147, 46.44, 50.209
2148, 46.59, 50.242
2149, 46.66, 50.259
2150, 46.74, 50.276
2151, 46.82, 50.292
2152, 46.96, 50.326
2153, 47.03, 50.342
2154, 47.11, 50.359
2155, 47.26, 50.392
2156, 47.34, 50.409
2157, 47.42, 50.426
2158, 47.5, 50.442
2159, 47.64, 50.476
2160, 47.71, 50.492
2161, 47.78, 50.509
2162, 47.85, 50.526
2163, 48, 50.559
2164, 48.08, 50.576
2165, 48.15, 50.592
2166, 48.22, 50.609
2167, 48.36, 50.642
2168, 48.43, 50.659
2169, 48.49, 50.676
2170, 48.56, 50.692
2171, 48.7, 50.726
2172, 48.77, 50.742
2173, 48.84, 50.759
2174, 48.91, 50.776
2175, 49.04, 50.809
2176, 49.11, 50.826
2177, 49.18, 50.842
2178, 49.25, 50.859
2179, 49.32, 50.876
2180, 49.45, 50.909
2181, 49.51, 50.926
2182, 49.58, 50.942
2183, 49.65, 50.959
2184, 49.71, 50.976
2185, 49.84, 51.009
2186, 49.89, 51.026
2187, 49.94, 51.042
2188, 49.99, 51.059
2189, 50.03, 51.076
2190, 49.99, 51.109
2191, 50.1, 51.126
2192, 50.22, 51.142
2193, 50.26, 51.159
2194, 50.32, 51.176
2195, 50.44, 51.209
2196, 50.49, 51.226
2197, 50.54, 51.242
2198, 50.6, 51.259
2199, 50.66, 51.276
2200, 50.78, 51.309
2201, 50.84, 51.326
2202, 50.9, 51.342
2203, 50.95, 51.359
2204, 51.01, 51.376
2205, 51.06, 51.392
2206, 51.18, 51.426
2207, 51.23, 51.442
2208, 51.3, 51.459
2209, 51.36, 51.476
2210, 51.43, 51.492
2211, 51.54, 51.526
2212, 51.6, 51.542
2213, 51.65, 51.559
2214, 51.71, 51.576
2215, 51.76, 51.592
2216, 51.82, 51.609
2217, 51.88, 51.626
2218, 51.99, 51.659
2219, 52.05, 51.676
2220, 52.1, 51.692
2221, 52.15, 51.709
2222, 52.2, 51.726
2223, 52.26, 51.742
2224, 52.37, 51.776
2225, 52.42, 51.792
2226, 52.48, 51.809
2227, 52.54, 51.826
2228, 52.6, 51.842
2229, 52.65, 51.859
2230, 52.71, 51.876
2231, 52.82, 51.909
2232, 52.87, 51.926
2233, 52.93, 51.942
2234, 52.98, 51.959
2235, 53.03, 51.976
2236, 53.09, 51.992
2237, 53.14, 52.009
2238, 53.19, 52.026
2239, 53.3, 52.059
2240, 53.35, 52.076
2241, 53.41, 52.092
2242, 53.47, 52.109
2243, 53.52, 52.126
2244, 53.58, 52.142
2245, 53.63, 52.159
2246, 53.68, 52.176
2247, 53.79, 52.209
2248, 53.84, 52.226
2249, 53.89, 52.242
2250, 53.94, 52.259
2251, 54, 52.276
2252, 54.05, 52.292
2253, 54.1, 52.309
2254, 54.15, 52.326
2255, 54.2, 52.342
2256, 54.31, 52.376
2257, 54.36, 52.392
2258, 54.42, 52.409
2259, 54.47, 52.426
2260, 54.52, 52.442
2261, 54.57, 52.459
2262, 54.62, 52.476
2263, 54.67, 52.492
2264, 54.72, 52.509
2265, 54.77, 52.526
2266, 54.88, 52.559
2267, 54.94, 52.576
2268, 54.99, 52.592
2269, 55.05, 52.609
2270, 55.1, 52.626
2271, 55.14, 52.642
2272, 55.19, 52.659
2273, 55.23, 52.676
2274, 55.28, 52.692
2275, 55.33, 52.709
2276, 55.38, 52.726
2277, 55.48, 52.759
2278, 55.54, 52.776
2279, 55.59, 52.792
2280, 55.64, 52.809
2281, 55.69, 52.826
2282, 55.74, 52.842
2283, 55.78, 52.859
2284, 55.83, 52.876
2285, 55.88, 52.892
2286, 55.92, 52.909
2287, 55.97, 52.926
2288, 56.02, 52.942
2289, 56.07, 52.959
2290, 56.17, 52.992
2291, 56.22, 53.009
2292, 56.27, 53.026
2293, 56.32, 53.042
2294, 56.37, 53.059
2295, 56.42, 53.076
2296, 56.47, 53.092
2297, 56.51, 53.109
2298, 56.56, 53.126
2299, 56.6, 53.142
2300, 56.65, 53.159
2301, 56.69, 53.176
2302, 56.74, 53.192
2303, 56.79, 53.209
2304, 56.84, 53.226
2305, 56.88, 53.242
2306, 56.98, 53.276
2307, 57.02, 53.292
2308, 57.07, 53.309
2309, 57.12, 53.326
2310, 57.16, 53.342
2311, 57.21, 53.359
2312, 57.25, 53.376
2313, 57.3, 53.392
2314, 57.34, 53.409
2315, 57.38, 53.426
2316, 57.43, 53.442
2317, 57.47, 53.459
2318, 57.52, 53.476
2319, 57.57, 53.492
2320, 57.62, 53.509
2321, 57.66, 53.526
2322, 57.7, 53.542
2323, 57.74, 53.559
2324, 57.78, 53.576
2325, 57.82, 53.592
2326, 57.86, 53.609
2327, 57.91, 53.626
2328, 58, 53.659
2329, 58.05, 53.676
2330, 58.09, 53.692
2331, 58.13, 53.709
2332, 58.17, 53.726
2333, 58.22, 53.742
2334, 58.26, 53.759
2335, 58.3, 53.776
2336, 58.34, 53.792
2337, 58.37, 53.809
2338, 58.41, 53.826
2339, 58.45, 53.842
2340, 58.49, 53.859
2341, 58.53, 53.876
2342, 58.58, 53.892
2343, 58.63, 53.909
2344, 58.67, 53.926
2345, 58.71, 53.942
2346, 58.76, 53.959
2347, 58.8, 53.976
2348, 58.84, 53.992
2349, 58.88, 54.009
2350, 58.92, 54.026
2351, 58.95, 54.042
2352, 58.99, 54.059
2353, 59.01, 54.076
2354, 59.05, 54.092
2355, 59.09, 54.109
2356, 59.14, 54.126
2357, 59.18, 54.142
2358, 59.22, 54.159
2359, 59.26, 54.176
2360, 59.3, 54.192
2361, 59.34, 54.209
2362, 59.38, 54.226
2363, 59.42, 54.242
2364, 59.45, 54.259
2365, 59.48, 54.276
2366, 59.52, 54.292
2367, 59.55, 54.309
2368, 59.59, 54.326
2369, 59.63, 54.342
2370, 59.68, 54.359
2371, 59.72, 54.376
2372, 59.75, 54.392
2373, 59.79, 54.409
2374, 59.82, 54.426
2375, 59.86, 54.442
2376, 59.9, 54.459
2377, 59.93, 54.476
2378, 59.9, 54.492
2379, 59.85, 54.509
2380, 59.96, 54.526
2381, 60.02, 54.542
2382, 59.99, 54.559
2383, 60.03, 54.576
2384, 60.09, 54.592
2385, 60.11, 54.609
2386, 60.14, 54.626
2387, 60.18, 54.642
2388, 60.22, 54.659
2389, 60.24, 54.676
2390, 60.27, 54.692
2391, 60.31, 54.709
2392, 60.34, 54.726
2393, 60.37, 54.742
2394, 60.4, 54.759
2395, 60.44, 54.776
2396, 60.47, 54.792
2397, 60.51, 54.809
2398, 60.54, 54.826
2399, 60.57, 54.842
2400, 60.6, 54.859
2401, 60.63, 54.876
2402, 60.66, 54.892
2403, 60.69, 54.909
2404, 60.73, 54.926
2405, 60.76, 54.942
2406, 60.79, 54.959
2407, 60.82, 54.976
2408, 60.85, 54.992
2409, 60.88, 55.009
2410, 60.91, 55.026
2411, 60.94, 55.042
2412, 60.98, 55.059
2413, 61.01, 55.076
2414, 61.04, 55.092
2415, 61.07, 55.109
2416, 61.1, 55.126
2417, 61.13, 55.142
2418, 61.16, 55.159
2419, 61.19, 55.176
2420, 61.23, 55.192
2421, 61.26, 55.209
2422, 61.29, 55.226
2423, 61.32, 55.242
2424, 61.35, 55.259
2425, 61.38, 55.276
2426, 61.41, 55.292
2427, 61.44, 55.309
2428, 61.47, 55.326
2429, 61.5, 55.342
2430, 61.53, 55.359
2431, 61.56, 55.376
2432, 61.59, 55.392
2433, 61.62, 55.409
2434, 61.65, 55.426
2435, 61.68, 55.442
2436, 61.71, 55.459
2437, 61.74, 55.476
2438, 61.77, 55.492
2439, 61.8, 55.509
2440, 61.83, 55.526
2441, 61.83, 55.526
2442, 61.86, 55.542
2443, 61.89, 55.559
2444, 61.92, 55.576
2445, 61.95, 55.592
2446, 61.97, 55.609
2447, 62, 55.626
2448, 62.03, 55.642
2449, 62.05, 55.659
2450, 62.07, 55.676
2451, 62.1, 55.692
2452, 62.12, 55.709
2453, 62.14, 55.726
2454, 62.17, 55.742
2455, 62.2, 55.759
2456, 62.23, 55.776
2457, 62.28, 55.792
2458, 62.32, 55.809
2459, 62.36, 55.826
2460, 62.38, 55.842
2461, 62.38, 55.859
2462, 62.4, 55.876
2463, 62.42, 55.892
2464, 62.45, 55.909
2465, 62.47, 55.926
2466, 62.51, 55.942
2467, 62.54, 55.959
2468, 62.57, 55.976
2469, 62.57, 55.976
2470, 62.6, 55.992
2471, 62.64, 56.009
2472, 62.67, 56.026
2473, 62.69, 56.042
2474, 62.72, 56.059
2475, 62.73, 56.076
2476, 62.75, 56.092
2477, 62.77, 56.109
2478, 62.8, 56.126
2479, 62.82, 56.142
2480, 62.85, 56.159
2481, 62.88, 56.176
2482, 62.91, 56.192
2483, 62.94, 56.209
2484, 62.97, 56.226
2485, 62.98, 56.242
2486, 62.99, 56.259
2487, 63.02, 56.276
2488, 63.04, 56.292
2489, 63.06, 56.309
2490, 63.09, 56.326
2491, 63.09, 56.326
2492, 63.13, 56.342
2493, 63.16, 56.359
2494, 63.18, 56.376
2495, 63.21, 56.392
2496, 63.23, 56.409
2497, 63.26, 56.426
2498, 63.29, 56.442
2499, 63.31, 56.459
2500, 63.34, 56.476
2501, 63.36, 56.492
2502, 63.38, 56.509
2503, 63.4, 56.526
2504, 63.42, 56.542
2505, 63.45, 56.559
2506, 63.48, 56.576
2507, 63.52, 56.592
2508, 63.55, 56.609
2509, 63.55, 56.626
2510, 63.55, 56.626
2511, 63.56, 56.642
2512, 63.56, 56.659
2513, 63.55, 56.676
2514, 63.52, 56.692
2515, 63.48, 56.709
2516, 63.41, 56.726
2517, 63.33, 56.742
2518, 63.22, 56.759
2519, 63.11, 56.776
2520, 62.99, 56.792
2521, 62.85, 56.809
2522, 62.69, 56.826
2523, 62.52, 56.842
2524, 62.3, 56.859
2525, 62.03, 56.876
2526, 61.79, 56.892
2527, 61.56, 56.909
2528, 61.29, 56.926
2529, 61.01, 56.942
2530, 60.68, 56.959
2531, 60.35, 56.976
2532, 59.99, 56.992
2533, 59.6, 57.009
2534, 59.19, 57.026
2535, 58.8, 57.042
2536, 58.41, 57.059
2537, 58.01, 57.076
2538, 57.62, 57.092
2539, 57.25, 57.109
2540, 56.88, 57.126
2541, 56.53, 57.142
2542, 56.21, 57.159
2543, 55.86, 57.176
2544, 55.5, 57.192
2545, 55.13, 57.209
2546, 54.69, 57.226
2547, 54.21, 57.242
2548, 53.7, 57.259
2549, 52.87, 57.292
2550, 52.55, 57.309
2551, 52.25, 57.326
2552, 51.95, 57.342
2553, 51.65, 57.359
2554, 51.36, 57.376
2555, 51.05, 57.392
2556, 50.46, 57.426
2557, 50.19, 57.442
2558, 49.94, 57.459
2559, 49.67, 57.476
2560, 49.4, 57.492
2561, 48.89, 57.526
2562, 48.62, 57.542
2563, 48.36, 57.559
2564, 48.11, 57.576
2565, 47.63, 57.609
2566, 47.34, 57.626
2567, 47.05, 57.642
2568, 46.8, 57.659
2569, 46.31, 57.692
2570, 46.06, 57.709
2571, 45.77, 57.726
2572, 45.24, 57.759
2573, 45.01, 57.776
2574, 44.78, 57.792
2575, 44.28, 57.826
2576, 44.04, 57.842
2577, 43.8, 57.859
2578, 43.34, 57.892
2579, 43.12, 57.909
2580, 42.91, 57.926
2581, 42.51, 57.959
2582, 42.32, 57.976
2583, 41.95, 58.009
2584, 41.78, 58.026
2585, 41.45, 58.059
2586, 41.29, 58.076
2587, 40.96, 58.109
2588, 40.8, 58.126
2589, 40.63, 58.142
2590, 40.3, 58.176
2591, 40.14, 58.192
2592, 39.84, 58.226
2593, 39.68, 58.242
2594, 39.2, 58.276
2595, 38.97, 58.292
2596, 38.57, 58.326
2597, 38.11, 58.359
2598, 37.89, 58.376
2599, 37.46, 58.409
2600, 37.23, 58.426
2601, 36.76, 58.459
2602, 36.31, 58.492
2603, 36.08, 58.509
2604, 35.61, 58.542
2605, 35.18, 58.576
2606, 34.97, 58.592
2607, 34.51, 58.626
2608, 34.08, 58.659
2609, 33.65, 58.692
2610, 33.43, 58.709
2611, 32.98, 58.742
2612, 32.51, 58.776
2613, 32.06, 58.809
2614, 31.64, 58.842
2615, 31.2, 58.876
2616, 30.99, 58.892
2617, 30.59, 58.926
2618, 30.16, 58.959
2619, 29.71, 58.992
2620, 29.23, 59.026
2621, 28.48, 59.076
2622, 27.99, 59.109
2623, 27.55, 59.142
2624, 27.08, 59.176
2625, 26.65, 59.209
2626, 26.22, 59.242
2627, 25.57, 59.292
2628, 25.15, 59.326
2629, 24.54, 59.376
2630, 24.14, 59.409
2631, 23.59, 59.459
2632, 23.27, 59.492
2633, 22.81, 59.542
2634, 22.52, 59.576
2635, 22.13, 59.626
2636, 21.77, 59.676
2637, 21.42, 59.726
2638, 21.06, 59.776
2639, 20.72, 59.826
2640, 20.49, 59.859
2641, 20.1, 59.926
2642, 19.83, 59.976
2643, 19.6, 60.026
2644, 19.39, 60.076
2645, 19.17, 60.126
2646, 18.96, 60.176
2647, 18.76, 60.226
2648, 18.58, 60.276
2649, 18.42, 60.326
2650, 18.23, 60.392
2651, 18.09, 60.442
2652, 17.96, 60.492
2653, 17.83, 60.542
2654, 17.64, 60.609
2655, 17.5, 60.659
2656, 17.34, 60.726
2657, 17.23, 60.776
2658, 17.08, 60.842
2659, 16.97, 60.892
2660, 16.82, 60.959
2661, 16.71, 61.009
2662, 16.57, 61.076
2663, 16.47, 61.126
2664, 16.32, 61.192
2665, 16.23, 61.242
2666, 16.09, 61.309
2667, 15.92, 61.376
2668, 15.8, 61.426
2669, 15.72, 61.492
2670, 15.62, 61.542
2671, 15.53, 61.609
2672, 15.39, 61.676
2673, 15.25, 61.742
2674, 15.13, 61.809
2675, 15.1, 61.876
2676, 15.24, 61.942
2677, 15.47, 62.009
2678, 15.6, 62.059
2679, 15.84, 62.126
2680, 16.17, 62.192
2681, 16.31, 62.242
2682, 16.58, 62.309
2683, 16.8, 62.359
2684, 17, 62.409
2685, 17.3, 62.476
2686, 17.52, 62.526
2687, 17.73, 62.576
2688, 18.09, 62.642
2689, 18.41, 62.692
2690, 18.78, 62.742
2691, 19.21, 62.792
2692, 19.65, 62.842
2693, 20.11, 62.892
2694, 20.58, 62.942
2695, 21.05, 62.992
2696, 21.51, 63.042
2697, 22, 63.092
2698, 22.31, 63.126
2699, 22.77, 63.176
2700, 23.25, 63.226
2701, 23.55, 63.259
2702, 23.99, 63.309
2703, 24.28, 63.342
2704, 24.7, 63.392
2705, 24.96, 63.426
2706, 25.25, 63.459
2707, 25.7, 63.509
2708, 25.96, 63.542
2709, 26.26, 63.576
2710, 26.68, 63.626
2711, 26.97, 63.659
2712, 27.28, 63.692
2713, 27.73, 63.742
2714, 28.01, 63.776
2715, 28.29, 63.809
2716, 28.57, 63.842
2717, 28.86, 63.876
2718, 29.15, 63.909
2719, 29.44, 63.942
2720, 29.84, 63.992
2721, 30.09, 64.026
2722, 30.35, 64.059
2723, 30.63, 64.092
2724, 30.63, 64.126
2725, 30.92, 64.159
2726, 31.19, 64.192
2727, 31.48, 64.226
2728, 31.61, 64.242
2729, 31.82, 64.276
2730, 32.05, 64.309
2731, 32.28, 64.342
2732, 32.51, 64.376
2733, 32.75, 64.409
2734, 32.98, 64.442
2735, 33.22, 64.476
2736, 33.34, 64.492
2737, 33.56, 64.526
2738, 33.79, 64.559
2739, 34.03, 64.592
2740, 34.15, 64.609
2741, 34.38, 64.642
2742, 34.6, 64.676
2743, 34.82, 64.709
2744, 34.93, 64.726
2745, 35.16, 64.759
2746, 35.39, 64.792
2747, 35.62, 64.826
2748, 35.74, 64.842
2749, 35.97, 64.876
2750, 36.2, 64.909
2751, 36.32, 64.926
2752, 36.53, 64.959
2753, 36.64, 64.976
2754, 36.86, 65.009
2755, 37.06, 65.042
2756, 37.17, 65.059
2757, 37.39, 65.092
2758, 37.5, 65.109
2759, 37.72, 65.142
2760, 37.94, 65.176
2761, 38.05, 65.192
2762, 38.26, 65.226
2763, 38.36, 65.242
2764, 38.56, 65.276
2765, 38.66, 65.292
2766, 38.87, 65.326
2767, 39.08, 65.359
2768, 39.18, 65.376
2769, 39.37, 65.409
2770, 39.46, 65.426
2771, 39.66, 65.459
2772, 39.75, 65.476
2773, 39.93, 65.509
2774, 40.02, 65.526
2775, 40.19, 65.559
2776, 40.26, 65.576
2777, 40.38, 65.609
2778, 40.44, 65.626
2779, 40.54, 65.659
2780, 40.59, 65.676
2781, 40.63, 65.692
2782, 40.68, 65.726
2783, 40.7, 65.742
2784, 40.72, 65.776
2785, 40.71, 65.792
2786, 40.79, 65.826
2787, 40.95, 65.842
2788, 41.12, 65.876
2789, 41.2, 65.892
2790, 41.37, 65.926
2791, 41.46, 65.942
2792, 41.64, 65.976
2793, 41.73, 65.992
2794, 41.81, 66.009
2795, 41.99, 66.042
2796, 42.07, 66.059
2797, 42.24, 66.092
2798, 42.32, 66.109
2799, 42.5, 66.142
2800, 42.58, 66.159
2801, 42.66, 66.176
2802, 42.83, 66.209
2803, 42.92, 66.226
2804, 43.07, 66.259
2805, 43.15, 66.276
2806, 43.23, 66.292
2807, 43.39, 66.326
2808, 43.49, 66.342
2809, 43.58, 66.359
2810, 43.76, 66.392
2811, 43.82, 66.409
2812, 43.96, 66.442
2813, 44.06, 66.459
2814, 44.17, 66.476
2815, 44.35, 66.509
2816, 44.42, 66.526
2817, 44.49, 66.542
2818, 44.65, 66.576
2819, 44.73, 66.592
2820, 44.8, 66.609
2821, 44.97, 66.642
2822, 45.06, 66.659
2823, 45.15, 66.676
2824, 45.32, 66.709
2825, 45.4, 66.726
2826, 45.48, 66.742
2827, 45.65, 66.776
2828, 45.73, 66.792
2829, 45.81, 66.809
2830, 45.97, 66.842
2831, 46.05, 66.859
2832, 46.13, 66.876
2833, 46.21, 66.892
2834, 46.38, 66.926
2835, 46.47, 66.942
2836, 46.54, 66.959
2837, 46.7, 66.992
2838, 46.78, 67.009
2839, 46.86, 67.026
2840, 46.94, 67.042
2841, 47.09, 67.076
2842, 47.17, 67.092
2843, 47.25, 67.109
2844, 47.4, 67.142
2845, 47.48, 67.159
2846, 47.55, 67.176
2847, 47.63, 67.192
2848, 47.79, 67.226
2849, 47.86, 67.242
2850, 47.94, 67.259
2851, 48.01, 67.276
2852, 48.16, 67.309
2853, 48.23, 67.326
2854, 48.3, 67.342
2855, 48.37, 67.359
2856, 48.51, 67.392
2857, 48.58, 67.409
2858, 48.66, 67.426
2859, 48.73, 67.442
2860, 48.87, 67.476
2861, 48.94, 67.492
2862, 49.02, 67.509
2863, 49.09, 67.526
2864, 49.15, 67.542
2865, 49.29, 67.576
2866, 49.36, 67.592
2867, 49.42, 67.609
2868, 49.49, 67.626
2869, 49.56, 67.642
2870, 49.69, 67.676
2871, 49.76, 67.692
2872, 49.82, 67.709
2873, 49.88, 67.726
2874, 49.98, 67.759
2875, 50.02, 67.776
2876, 50.06, 67.792
2877, 50.09, 67.809
2878, 50.11, 67.826
2879, 50.06, 67.859
2880, 50.18, 67.876
2881, 50.3, 67.892
2882, 50.33, 67.909
2883, 50.38, 67.926
2884, 50.45, 67.942
2885, 50.57, 67.976
2886, 50.63, 67.992
2887, 50.69, 68.009
2888, 50.75, 68.026
2889, 50.8, 68.042
2890, 50.92, 68.076
2891, 50.98, 68.092
2892, 51.04, 68.109
2893, 51.1, 68.126
2894, 51.17, 68.142
2895, 51.23, 68.159
2896, 51.35, 68.192
2897, 51.41, 68.209
2898, 51.46, 68.226
2899, 51.52, 68.242
2900, 51.58, 68.259
2901, 51.63, 68.276
2902, 51.75, 68.309
2903, 51.8, 68.326
2904, 51.86, 68.342
2905, 51.92, 68.359
2906, 51.97, 68.376
2907, 52.03, 68.392
2908, 52.14, 68.426
2909, 52.2, 68.442
2910, 52.26, 68.459
2911, 52.32, 68.476
2912, 52.37, 68.492
2913, 52.43, 68.509
2914, 52.49, 68.526
2915, 52.61, 68.559
2916, 52.67, 68.576
2917, 52.72, 68.592
2918, 52.77, 68.609
2919, 52.82, 68.626
2920, 52.88, 68.642
2921, 52.93, 68.659
2922, 53.03, 68.692
2923, 53.09, 68.709
2924, 53.15, 68.726
2925, 53.21, 68.742
2926, 53.27, 68.759
2927, 53.33, 68.776
2928, 53.38, 68.792
2929, 53.44, 68.809
2930, 53.55, 68.842
2931, 53.6, 68.859
2932, 53.65, 68.876
2933, 53.7, 68.892
2934, 53.75, 68.909
2935, 53.81, 68.926
2936, 53.86, 68.942
2937, 53.92, 68.959
2938, 54.03, 68.992
2939, 54.09, 69.009
2940, 54.14, 69.026
2941, 54.19, 69.042
2942, 54.24, 69.059
2943, 54.29, 69.076
2944, 54.34, 69.092
2945, 54.39, 69.109
2946, 54.45, 69.126
2947, 54.51, 69.142
2948, 54.62, 69.176
2949, 54.67, 69.192
2950, 54.72, 69.209
2951, 54.77, 69.226
2952, 54.82, 69.242
2953, 54.87, 69.259
2954, 54.93, 69.276
2955, 54.98, 69.292
2956, 55.03, 69.309
2957, 55.09, 69.326
2958, 55.19, 69.359
2959, 55.24, 69.376
2960, 55.29, 69.392
2961, 55.34, 69.409
2962, 55.4, 69.426
2963, 55.45, 69.442
2964, 55.5, 69.459
2965, 55.55, 69.476
2966, 55.6, 69.492
2967, 55.65, 69.509
2968, 55.7, 69.526
2969, 55.75, 69.542
2970, 55.8, 69.559
2971, 55.9, 69.592
2972, 55.96, 69.609
2973, 56.01, 69.626
2974, 56.06, 69.642
2975, 56.11, 69.659
2976, 56.16, 69.676
2977, 56.2, 69.692
2978, 56.25, 69.709
2979, 56.29, 69.726
2980, 56.34, 69.742
2981, 56.4, 69.759
2982, 56.46, 69.776
2983, 56.51, 69.792
2984, 56.56, 69.809
2985, 56.65, 69.842
2986, 56.69, 69.859
2987, 56.73, 69.876
2988, 56.78, 69.892
2989, 56.83, 69.909
2990, 56.89, 69.926
2991, 56.94, 69.942
2992, 56.99, 69.959
2993, 57.03, 69.976
2994, 57.08, 69.992
2995, 57.13, 70.009
2996, 57.18, 70.026
2997, 57.22, 70.042
2998, 57.27, 70.059
2999, 57.32, 70.076
3000, 57.36, 70.092
3001, 57.41, 70.109
3002, 57.46, 70.126
3003, 57.51, 70.142
3004, 57.56, 70.159
3005, 57.65, 70.192
3006, 57.7, 70.209
3007, 57.74, 70.226
3008, 57.78, 70.242
3009, 57.82, 70.259
3010, 57.87, 70.276
3011, 57.91, 70.292
3012, 57.96, 70.309
3013, 58, 70.326
3014, 58.05, 70.342
3015, 58.1, 70.359
3016, 58.15, 70.376
3017, 58.19, 70.392
3018, 58.24, 70.409
3019, 58.28, 70.426
3020, 58.32, 70.442
3021, 58.36, 70.459
3022, 58.41, 70.476
3023, 58.45, 70.492
3024, 58.5, 70.509
3025, 58.54, 70.526
3026, 58.59, 70.542
3027, 58.64, 70.559
3028, 58.68, 70.576
3029, 58.73, 70.592
3030, 58.77, 70.609
3031, 58.81, 70.626
3032, 58.85, 70.642
3033, 58.89, 70.659
3034, 58.93, 70.676
3035, 58.98, 70.692
3036, 59.02, 70.709
3037, 59.06, 70.726
3038, 59.1, 70.742
3039, 59.14, 70.759
3040, 59.18, 70.776
3041, 59.23, 70.792
3042, 59.28, 70.809
3043, 59.36, 70.842
3044, 59.41, 70.859
3045, 59.45, 70.876
3046, 59.49, 70.892
3047, 59.53, 70.909
3048, 59.56, 70.926
3049, 59.6, 70.942
3050, 59.64, 70.959
3051, 59.68, 70.976
3052, 59.73, 70.992
3053, 59.77, 71.009
3054, 59.82, 71.026
3055, 59.86, 71.042
3056, 59.91, 71.059
3057, 59.95, 71.076
3058, 59.99, 71.092
3059, 60.02, 71.109
3060, 60.06, 71.126
3061, 60.1, 71.142
3062, 60.14, 71.159
3063, 60.18, 71.176
3064, 60.21, 71.192
3065, 60.25, 71.209
3066, 60.28, 71.226
3067, 60.25, 71.242
3068, 60.21, 71.259
3069, 60.32, 71.276
3070, 60.38, 71.292
3071, 60.35, 71.309
3072, 60.4, 71.326
3073, 60.4, 71.326
3074, 60.4, 71.326
3075, 60.4, 71.326
3076, 60.4, 71.326
3077, 60.54, 71.392
3078, 60.58, 71.409
3079, 60.61, 71.426
3080, 60.65, 71.442
3081, 60.69, 71.459
3082, 60.72, 71.476
3083, 60.75, 71.492
3084, 60.79, 71.509
3085, 60.83, 71.526
3086, 60.86, 71.542
3087, 60.9, 71.559
3088, 60.94, 71.576
3089, 60.97, 71.592
3090, 61.01, 71.609
3091, 61.04, 71.626
3092, 61.07, 71.642
3093, 61.1, 71.659
3094, 61.13, 71.676
3095, 61.16, 71.692
3096, 61.19, 71.709
3097, 61.23, 71.726
3098, 61.26, 71.742
3099, 61.3, 71.759
3100, 61.34, 71.776
3101, 61.37, 71.792
3102, 61.4, 71.809
3103, 61.43, 71.826
3104, 61.47, 71.842
3105, 61.5, 71.859
3106, 61.53, 71.876
3107, 61.56, 71.892
3108, 61.59, 71.909
3109, 61.62, 71.926
3110, 61.66, 71.942
3111, 61.69, 71.959
3112, 61.72, 71.976
3113, 61.75, 71.992
3114, 61.79, 72.009
3115, 61.82, 72.026
3116, 61.85, 72.042
3117, 61.88, 72.059
3118, 61.91, 72.076
3119, 61.94, 72.092
3120, 61.94, 72.092
3121, 61.97, 72.109
3122, 62, 72.126
3123, 62.03, 72.142
3124, 62.06, 72.159
3125, 62.09, 72.176
3126, 62.12, 72.192
3127, 62.15, 72.209
3128, 62.18, 72.226
3129, 62.22, 72.242
3130, 62.25, 72.259
3131, 62.28, 72.276
3132, 62.31, 72.292
3133, 62.35, 72.309
3134, 62.37, 72.326
3135, 62.4, 72.342
3136, 62.43, 72.359
3137, 62.46, 72.376
3138, 62.48, 72.392
3139, 62.51, 72.409
3140, 62.55, 72.426
3141, 62.58, 72.442
3142, 62.61, 72.459
3143, 62.64, 72.476
3144, 62.67, 72.492
3145, 62.67, 72.492
3146, 62.7, 72.509
3147, 62.73, 72.526
3148, 62.76, 72.542
3149, 62.79, 72.559
3150, 62.82, 72.576
3151, 62.85, 72.592
3152, 62.87, 72.609
3153, 62.9, 72.626
3154, 62.93, 72.642
3155, 62.95, 72.659
3156, 62.99, 72.676
3157, 63.02, 72.692
3158, 63.05, 72.709
3159, 63.08, 72.726
3160, 63.11, 72.742
3161, 63.14, 72.759
3162, 63.17, 72.776
3163, 63.2, 72.792
3164, 63.22, 72.809
3165, 63.25, 72.826
3166, 63.25, 72.826
3167, 63.27, 72.842
3168, 63.3, 72.859
3169, 63.34, 72.876
3170, 63.37, 72.892
3171, 63.4, 72.909
3172, 63.42, 72.926
3173, 63.45, 72.942
3174, 63.47, 72.959
3175, 63.5, 72.976
3176, 63.52, 72.992
3177, 63.55, 73.009
3178, 63.58, 73.026
3179, 63.61, 73.042
3180, 63.64, 73.059
3181, 63.67, 73.076
3182, 63.71, 73.092
3183, 63.73, 73.109
3184, 63.73, 73.109
3185, 63.76, 73.126
3186, 63.78, 73.142
3187, 63.81, 73.159
3188, 63.83, 73.176
3189, 63.86, 73.192
3190, 63.89, 73.209
3191, 63.91, 73.226
3192, 63.94, 73.242
3193, 63.97, 73.259
3194, 64, 73.276
3195, 64.03, 73.292
3196, 64.06, 73.309
3197, 64.09, 73.326
3198, 64.11, 73.342
3199, 64.13, 73.359
3200, 64.13, 73.359
3201, 64.16, 73.376
3202, 64.18, 73.392
3203, 64.21, 73.409
3204, 64.23, 73.426
3205, 64.26, 73.442
3206, 64.29, 73.459
3207, 64.32, 73.476
3208, 64.35, 73.492
3209, 64.38, 73.509
3210, 64.4, 73.526
3211, 64.43, 73.542
3212, 64.45, 73.559
3213, 64.48, 73.576
3214, 64.5, 73.592
3215, 64.5, 73.592
3216, 64.53, 73.609
3217, 64.55, 73.626
3218, 64.58, 73.642
3219, 64.61, 73.659
3220, 64.64, 73.676
3221, 64.67, 73.692
3222, 64.69, 73.709
3223, 64.72, 73.726
3224, 64.74, 73.742
3225, 64.77, 73.759
3226, 64.79, 73.776
3227, 64.81, 73.792
3228, 64.84, 73.809
3229, 64.84, 73.809
3230, 64.87, 73.826
3231, 64.9, 73.842
3232, 64.92, 73.859
3233, 64.95, 73.876
3234, 64.97, 73.892
3235, 64.99, 73.909
3236, 65.02, 73.926
3237, 65.04, 73.942
3238, 65.07, 73.959
3239, 65.1, 73.976
3240, 65.13, 73.992
3241, 65.15, 74.009
3242, 65.15, 74.009
3243, 65.18, 74.026
3244, 65.2, 74.042
3245, 65.22, 74.059
3246, 65.24, 74.076
3247, 65.27, 74.092
3248, 65.29, 74.109
3249, 65.31, 74.126
3250, 65.34, 74.142
3251, 65.36, 74.159
3252, 65.39, 74.176
3253, 65.42, 74.192
3254, 65.42, 74.192
3255, 65.44, 74.209
3256, 65.47, 74.226
3257, 65.49, 74.242
3258, 65.51, 74.259
3259, 65.54, 74.276
3260, 65.56, 74.292
3261, 65.59, 74.309
3262, 65.61, 74.326
3263, 65.64, 74.342
3264, 65.67, 74.359
3265, 65.69, 74.376
3266, 65.69, 74.376
3267, 65.71, 74.392
3268, 65.73, 74.409
3269, 65.76, 74.426
3270, 65.78, 74.442
3271, 65.81, 74.459
3272, 65.83, 74.476
3273, 65.86, 74.492
3274, 65.88, 74.509
3275, 65.9, 74.526
3276, 65.93, 74.542
3277, 65.93, 74.542
3278, 65.95, 74.559
3279, 65.97, 74.576
3280, 65.99, 74.592
3281, 66.02, 74.609
3282, 66.04, 74.626
3283, 66.06, 74.642
3284, 66.08, 74.659
3285, 66.11, 74.676
3286, 66.13, 74.692
3287, 66.15, 74.709
3288, 66.15, 74.709
3289, 66.18, 74.726
3290, 66.2, 74.742
3291, 66.23, 74.759
3292, 66.25, 74.776
3293, 66.27, 74.792
3294, 66.3, 74.809
3295, 66.32, 74.826
3296, 66.34, 74.842
3297, 66.36, 74.859
3298, 66.36, 74.859
3299, 66.38, 74.876
3300, 66.41, 74.892
3301, 66.43, 74.909
3302, 66.45, 74.926
3303, 66.47, 74.942
3304, 66.49, 74.959
3305, 66.51, 74.976
3306, 66.54, 74.992
3307, 66.56, 75.009
3308, 66.56, 75.009
3309, 66.58, 75.026
3310, 66.59, 75.042
3311, 66.61, 75.059
3312, 66.63, 75.076
3313, 66.66, 75.092
3314, 66.68, 75.109
3315, 66.71, 75.126
3316, 66.73, 75.142
3317, 66.75, 75.159
3318, 66.75, 75.159
3319, 66.77, 75.176
3320, 66.78, 75.192
3321, 66.8, 75.209
3322, 66.82, 75.226
3323, 66.84, 75.242
3324, 66.87, 75.259
3325, 66.9, 75.276
3326, 66.94, 75.292
3327, 66.96, 75.309
3328, 66.96, 75.309
3329, 66.97, 75.326
3330, 66.99, 75.342
3331, 67.01, 75.359
3332, 67.02, 75.376
3333, 67.04, 75.392
3334, 67.06, 75.409
3335, 67.08, 75.426
3336, 67.1, 75.442
3337, 67.13, 75.459
3338, 67.13, 75.459
3339, 67.15, 75.476
3340, 67.17, 75.492
3341, 67.19, 75.509
3342, 67.21, 75.526
3343, 67.23, 75.542
3344, 67.24, 75.559
3345, 67.26, 75.576
3346, 67.28, 75.592
3347, 67.28, 75.592
3348, 67.3, 75.609
3349, 67.32, 75.626
3350, 67.34, 75.642
3351, 67.37, 75.659
3352, 67.39, 75.676
3353, 67.41, 75.692
3354, 67.43, 75.709
3355, 67.45, 75.726
3356, 67.45, 75.726
3357, 67.47, 75.742
3358, 67.49, 75.759
3359, 67.5, 75.776
3360, 67.52, 75.792
3361, 67.54, 75.809
3362, 67.56, 75.826
3363, 67.58, 75.842
3364, 67.6, 75.859
3365, 67.6, 75.859
3366, 67.62, 75.876
3367, 67.64, 75.892
3368, 67.65, 75.909
3369, 67.67, 75.926
3370, 67.69, 75.942
3371, 67.71, 75.959
3372, 67.73, 75.976
3373, 67.75, 75.992
3374, 67.75, 75.992
3375, 67.77, 76.009
3376, 67.79, 76.026
3377, 67.81, 76.042
3378, 67.82, 76.059
3379, 67.84, 76.076
3380, 67.85, 76.092
3381, 67.87, 76.109
3382, 67.87, 76.109
3383, 67.89, 76.126
3384, 67.91, 76.142
3385, 67.93, 76.159
3386, 67.96, 76.176
3387, 67.98, 76.192
3388, 68, 76.209
3389, 68.02, 76.226
3390, 68.04, 76.242
3391, 68.04, 76.242
3392, 68.06, 76.259
3393, 68.07, 76.276
3394, 68.08, 76.292
3395, 68.1, 76.309
3396, 68.11, 76.326
3397, 68.13, 76.342
3398, 68.14, 76.359
3399, 68.14, 76.359
3400, 68.17, 76.376
3401, 68.19, 76.392
3402, 68.21, 76.409
3403, 68.22, 76.426
3404, 68.24, 76.442
3405, 68.26, 76.459
3406, 68.27, 76.476
3407, 68.29, 76.492
3408, 68.29, 76.492
3409, 68.3, 76.509
3410, 68.32, 76.526
3411, 68.34, 76.542
3412, 68.37, 76.559
3413, 68.38, 76.576
3414, 68.39, 76.592
3415, 68.4, 76.609
3416, 68.4, 76.609
3417, 68.42, 76.626
3418, 68.43, 76.642
3419, 68.45, 76.659
3420, 68.47, 76.676
3421, 68.49, 76.692
3422, 68.51, 76.709
3423, 68.52, 76.726
3424, 68.52, 76.726
3425, 68.54, 76.742
3426, 68.55, 76.759
3427, 68.57, 76.776
3428, 68.58, 76.792
3429, 68.6, 76.809
3430, 68.62, 76.826
3431, 68.63, 76.842
3432, 68.63, 76.842
3433, 68.65, 76.859
3434, 68.66, 76.876
3435, 68.68, 76.892
3436, 68.7, 76.909
3437, 68.71, 76.926
3438, 68.73, 76.942
3439, 68.75, 76.959
3440, 68.75, 76.959
3441, 68.77, 76.976
3442, 68.79, 76.992
3443, 68.8, 77.009
3444, 68.81, 77.026
3445, 68.82, 77.042
3446, 68.84, 77.059
3447, 68.86, 77.076
3448, 68.86, 77.076
3449, 68.87, 77.092
3450, 68.88, 77.109
3451, 68.89, 77.126
3452, 68.91, 77.142
3453, 68.92, 77.159
3454, 68.94, 77.176
3455, 68.94, 77.176
3456, 68.95, 77.192
3457, 68.97, 77.209
3458, 68.99, 77.226
3459, 69, 77.242
3460, 69.01, 77.259
3461, 69.03, 77.276
3462, 69.04, 77.292
3463, 69.04, 77.292
3464, 69.06, 77.309
3465, 69.08, 77.326
3466, 69.1, 77.342
3467, 69.12, 77.359
3468, 69.13, 77.376
3469, 69.14, 77.392
3470, 69.15, 77.409
3471, 69.15, 77.409
3472, 69.16, 77.426
3473, 69.17, 77.442
3474, 69.19, 77.459
3475, 69.21, 77.476
3476, 69.22, 77.492
3477, 69.24, 77.509
3478, 69.24, 77.509
3479, 69.25, 77.526
3480, 69.26, 77.542
3481, 69.28, 77.559
3482, 69.29, 77.576
3483, 69.3, 77.592
3484, 69.31, 77.609
3485, 69.33, 77.626
3486, 69.33, 77.626
3487, 69.34, 77.642
3488, 69.36, 77.659
3489, 69.37, 77.676
3490, 69.38, 77.692
3491, 69.39, 77.709
3492, 69.4, 77.726
3493, 69.4, 77.726
3494, 69.42, 77.742
3495, 69.43, 77.759
3496, 69.44, 77.776
3497, 69.46, 77.792
3498, 69.47, 77.809
3499, 69.49, 77.826
3500, 69.49, 77.826
3501, 69.51, 77.842
3502, 69.52, 77.859
3503, 69.53, 77.876
3504, 69.53, 77.892
3505, 69.54, 77.909
3506, 69.55, 77.926
3507, 69.56, 77.942
3508, 69.56, 77.942
3509, 69.58, 77.959
3510, 69.6, 77.976
3511, 69.61, 77.992
3512, 69.63, 78.009
3513, 69.65, 78.026
3514, 69.66, 78.042
3515, 69.66, 78.042
3516, 69.68, 78.059
3517, 69.69, 78.076
3518, 69.7, 78.092
3519, 69.71, 78.109
3520, 69.72, 78.126
3521, 69.73, 78.142
3522, 69.73, 78.142
3523, 69.74, 78.159
3524, 69.75, 78.176
3525, 69.77, 78.192
3526, 69.78, 78.209
3527, 69.8, 78.226
3528, 69.81, 78.242
3529, 69.81, 78.242
3530, 69.82, 78.259
3531, 69.83, 78.276
3532, 69.84, 78.292
3533, 69.85, 78.309
3534, 69.86, 78.326
3535, 69.88, 78.342
3536, 69.88, 78.342
3537, 69.89, 78.359
3538, 69.91, 78.376
3539, 69.92, 78.392
3540, 69.93, 78.409
3541, 69.94, 78.426
3542, 69.95, 78.442
3543, 69.95, 78.442
3544, 69.96, 78.459
3545, 69.97, 78.476
3546, 69.98, 78.492
3547, 69.99, 78.509
3548, 70.01, 78.526
3549, 70.02, 78.542
3550, 70.02, 78.542
3551, 70.03, 78.559
3552, 70.04, 78.576
3553, 70.06, 78.592
3554, 70.07, 78.609
3555, 70.08, 78.626
3556, 70.09, 78.642
3557, 70.09, 78.642
3558, 70.1, 78.659
3559, 70.11, 78.676
3560, 70.12, 78.692
3561, 70.14, 78.709
3562, 70.15, 78.726
3563, 70.11, 78.742
3564, 70.11, 78.742
3565, 70.05, 78.759
3566, 70.14, 78.776
3567, 70.1, 78.792
3568, 70.1, 78.809
3569, 70.12, 78.826
3570, 70.13, 78.842
3571, 70.13, 78.842
3572, 70.13, 78.859
3573, 70.15, 78.876
3574, 70.16, 78.892
3575, 70.16, 78.909
3576, 70.17, 78.926
3577, 70.18, 78.942
3578, 70.18, 78.942
3579, 70.19, 78.959
3580, 70.2, 78.976
3581, 70.21, 78.992
3582, 70.21, 79.009
3583, 70.22, 79.026
3584, 70.22, 79.042
3585, 70.22, 79.042
3586, 70.23, 79.059
3587, 70.24, 79.076
3588, 70.25, 79.092
3589, 70.26, 79.109
3590, 70.27, 79.126
3591, 70.28, 79.142
3592, 70.28, 79.142
3593, 70.28, 79.159
3594, 70.29, 79.176
3595, 70.3, 79.192
3596, 70.3, 79.209
3597, 70.31, 79.226
3598, 70.32, 79.242
3599, 70.32, 79.242
3600, 70.33, 79.259
3601, 70.33, 79.276
3602, 70.34, 79.292
3603, 70.35, 79.309
3604, 70.36, 79.326
3605, 70.36, 79.326
3606, 70.37, 79.342
3607, 70.38, 79.359
3608, 70.38, 79.376
3609, 70.39, 79.392
3610, 70.39, 79.409
3611, 70.4, 79.426
3612, 70.4, 79.426
3613, 70.41, 79.442
3614, 70.42, 79.459
3615, 70.43, 79.476
3616, 70.44, 79.492
3617, 70.44, 79.509
3618, 70.45, 79.526
3619, 70.45, 79.526
3620, 70.45, 79.542
3621, 70.46, 79.559
3622, 70.47, 79.576
3623, 70.47, 79.592
3624, 70.48, 79.609
3625, 70.48, 79.626
3626, 70.48, 79.626
3627, 70.49, 79.642
3628, 70.49, 79.659
3629, 70.5, 79.676
3630, 70.52, 79.692
3631, 70.53, 79.709
3632, 70.53, 79.709
3633, 70.54, 79.726
3634, 70.55, 79.742
3635, 70.55, 79.759
3636, 70.56, 79.776
3637, 70.56, 79.792
3638, 70.56, 79.809
3639, 70.56, 79.809
3640, 70.57, 79.826
3641, 70.57, 79.842
3642, 70.58, 79.859
3643, 70.59, 79.876
3644, 70.61, 79.892
3645, 70.62, 79.909
3646, 70.62, 79.909
3647, 70.63, 79.926
3648, 70.63, 79.942
3649, 70.63, 79.959
3650, 70.63, 79.976
3651, 70.63, 79.992
3652, 70.63, 79.992
3653, 70.64, 80.009
3654, 70.66, 80.026
3655, 70.67, 80.042
3656, 70.68, 80.059
3657, 70.69, 80.076
3658, 70.69, 80.092
3659, 70.69, 80.092
3660, 70.7, 80.109
3661, 70.7, 80.126
3662, 70.7, 80.142
3663, 70.71, 80.159
3664, 70.72, 80.176
3665, 70.73, 80.192
3666, 70.73, 80.192
3667, 70.74, 80.209
3668, 70.75, 80.226
3669, 70.75, 80.242
3670, 70.75, 80.259
3671, 70.76, 80.276
3672, 70.76, 80.276
3673, 70.77, 80.292
3674, 70.77, 80.309
3675, 70.78, 80.326
3676, 70.79, 80.342
3677, 70.8, 80.359
3678, 70.81, 80.376
3679, 70.81, 80.376
3680, 70.81, 80.392
3681, 70.82, 80.409
3682, 70.82, 80.426
3683, 70.83, 80.442
3684, 70.84, 80.459
3685, 70.84, 80.459
3686, 70.85, 80.476
3687, 70.85, 80.492
3688, 70.86, 80.509
3689, 70.86, 80.526
3690, 70.86, 80.542
3691, 70.87, 80.559
3692, 70.87, 80.559
3693, 70.88, 80.576
3694, 70.89, 80.592
3695, 70.89, 80.609
3696, 70.9, 80.626
3697, 70.91, 80.642
3698, 70.91, 80.642
3699, 70.92, 80.659
3700, 70.92, 80.676
3701, 70.93, 80.692
3702, 70.94, 80.709
3703, 70.94, 80.726
3704, 70.95, 80.742
3705, 70.95, 80.742
3706, 70.95, 80.759
3707, 70.95, 80.776
3708, 70.95, 80.792
3709, 70.96, 80.809
3710, 70.97, 80.826
3711, 70.97, 80.826
3712, 70.97, 80.842
3713, 70.97, 80.859
3714, 70.98, 80.876
3715, 70.97, 80.892
3716, 70.96, 80.909
3717, 70.94, 80.926
3718, 70.94, 80.926
3719, 70.89, 80.942
3720, 70.82, 80.959
3721, 70.73, 80.976
3722, 70.62, 80.992
3723, 70.5, 81.009
3724, 70.5, 81.009
3725, 70.37, 81.026
3726, 70.21, 81.042
3727, 70.01, 81.059
3728, 69.79, 81.076
3729, 69.6, 81.092
3730, 69.37, 81.109
3731, 69.37, 81.109
3732, 69.12, 81.126
3733, 68.83, 81.142
3734, 68.53, 81.159
3735, 68.22, 81.176
3736, 67.87, 81.192
3737, 67.48, 81.209
3738, 67.08, 81.226
3739, 66.7, 81.242
3740, 66.7, 81.242
3741, 66.32, 81.259
3742, 65.92, 81.276
3743, 65.52, 81.292
3744, 65.1, 81.309
3745, 64.69, 81.326
3746, 64.28, 81.342
3747, 63.85, 81.359
3748, 63.4, 81.376
3749, 62.96, 81.392
3750, 62.54, 81.409
3751, 62.13, 81.426
3752, 61.72, 81.442
3753, 61.32, 81.459
3754, 60.91, 81.476
3755, 60.51, 81.492
3756, 60.11, 81.509
3757, 59.69, 81.526
3758, 59.26, 81.542
3759, 58.84, 81.559
3760, 58.41, 81.576
3761, 57.97, 81.592
3762, 57.54, 81.609
3763, 57.13, 81.626
3764, 56.73, 81.642
3765, 56.32, 81.659
3766, 55.92, 81.676
3767, 55.49, 81.692
3768, 55.04, 81.709
3769, 54.62, 81.726
3770, 54.2, 81.742
3771, 53.84, 81.759
3772, 53.09, 81.792
3773, 52.71, 81.809
3774, 52.31, 81.826
3775, 51.89, 81.842
3776, 51.48, 81.859
3777, 51.09, 81.876
3778, 50.72, 81.892
3779, 49.96, 81.926
3780, 49.58, 81.942
3781, 49.21, 81.959
3782, 48.82, 81.976
3783, 48.43, 81.992
3784, 47.75, 82.026
3785, 47.41, 82.042
3786, 47.09, 82.059
3787, 46.41, 82.092
3788, 46.07, 82.109
3789, 45.76, 82.126
3790, 45.48, 82.142
3791, 44.93, 82.176
3792, 44.65, 82.192
3793, 44.4, 82.209
3794, 43.89, 82.242
3795, 43.64, 82.259
3796, 43.14, 82.292
3797, 42.89, 82.309
3798, 42.65, 82.326
3799, 42.15, 82.359
3800, 41.91, 82.376
3801, 41.42, 82.409
3802, 41.19, 82.426
3803, 40.94, 82.442
3804, 40.46, 82.476
3805, 40.22, 82.492
3806, 39.75, 82.526
3807, 39.51, 82.542
3808, 39.05, 82.576
3809, 38.61, 82.609
3810, 38.4, 82.626
3811, 37.93, 82.659
3812, 37.65, 82.676
3813, 37.2, 82.709
3814, 36.99, 82.726
3815, 36.56, 82.759
3816, 36.18, 82.792
3817, 36, 82.809
3818, 35.66, 82.842
3819, 35.34, 82.876
3820, 35.19, 82.892
3821, 34.91, 82.926
3822, 34.67, 82.959
3823, 34.43, 82.992
3824, 34.32, 83.009
3825, 34.12, 83.042
3826, 33.93, 83.076
3827, 33.75, 83.109
3828, 33.67, 83.126
3829, 33.53, 83.159
3830, 33.38, 83.192
3831, 33.26, 83.226
3832, 33.14, 83.259
3833, 33.08, 83.276
3834, 32.97, 83.309
3835, 32.86, 83.342
3836, 32.76, 83.376
3837, 32.67, 83.409
3838, 32.58, 83.442
3839, 32.53, 83.459
3840, 32.45, 83.492
3841, 32.37, 83.526
3842, 32.29, 83.559
3843, 32.21, 83.592
3844, 32.14, 83.626
3845, 32.06, 83.659
3846, 31.98, 83.692
3847, 31.95, 83.709
3848, 31.87, 83.742
3849, 31.78, 83.776
3850, 31.7, 83.809
3851, 31.63, 83.842
3852, 31.54, 83.876
3853, 31.46, 83.909
3854, 31.42, 83.926
3855, 31.34, 83.959
3856, 31.26, 83.992
3857, 31.18, 84.026
3858, 31.11, 84.059
3859, 31.02, 84.092
3860, 30.94, 84.126
3861, 30.87, 84.159
3862, 30.81, 84.192
3863, 30.75, 84.226
3864, 30.72, 84.242
3865, 30.65, 84.276
3866, 30.6, 84.309
3867, 30.54, 84.342
3868, 30.54, 84.376
3869, 30.52, 84.409
3870, 30.5, 84.442
3871, 30.53, 84.476
3872, 30.54, 84.509
3873, 30.56, 84.542
3874, 30.61, 84.576
3875, 30.68, 84.609
3876, 30.76, 84.642
3877, 30.84, 84.676
3878, 30.93, 84.709
3879, 31.03, 84.742
3880, 31.12, 84.776
3881, 31.19, 84.809
3882, 31.26, 84.842
3883, 31.33, 84.876
3884, 31.43, 84.909
3885, 31.47, 84.926
3886, 31.53, 84.959
3887, 31.6, 84.992
3888, 31.66, 85.026
3889, 31.72, 85.059
3890, 31.76, 85.092
3891, 31.8, 85.126
3892, 31.93, 85.159
3893, 31.97, 85.176
3894, 32.02, 85.209
3895, 32.09, 85.242
3896, 32.15, 85.276
3897, 32.18, 85.309
3898, 32.25, 85.342
3899, 32.35, 85.376
3900, 32.44, 85.409
3901, 32.49, 85.426
3902, 32.58, 85.459
3903, 32.67, 85.492
3904, 32.75, 85.526
3905, 32.86, 85.559
3906, 33.02, 85.592
3907, 33.18, 85.626
3908, 33.25, 85.642
3909, 33.45, 85.676
3910, 33.65, 85.709
3911, 33.85, 85.742
3912, 34.03, 85.776
3913, 34.12, 85.792
3914, 34.33, 85.826
3915, 34.57, 85.859
3916, 34.81, 85.892
3917, 34.92, 85.909
3918, 35.15, 85.942
3919, 35.33, 85.976
3920, 35.53, 86.009
3921, 35.65, 86.026
3922, 35.9, 86.059
3923, 36.11, 86.092
3924, 36.21, 86.109
3925, 36.41, 86.142
3926, 36.63, 86.176
3927, 36.75, 86.192
3928, 36.98, 86.226
3929, 37.19, 86.259
3930, 37.29, 86.276
3931, 37.5, 86.309
3932, 37.72, 86.342
3933, 37.83, 86.359
3934, 38.05, 86.392
3935, 38.15, 86.409
3936, 38.36, 86.442
3937, 38.56, 86.476
3938, 38.67, 86.492
3939, 38.87, 86.526
3940, 38.98, 86.542
3941, 39.17, 86.576
3942, 39.27, 86.592
3943, 39.47, 86.626
3944, 39.57, 86.642
3945, 39.79, 86.676
3946, 39.89, 86.692
3947, 40.08, 86.726
3948, 40.17, 86.742
3949, 40.33, 86.776
3950, 40.33, 86.792
3951, 40.43, 86.826
3952, 40.59, 86.842
3953, 40.76, 86.876
3954, 40.84, 86.892
3955, 41.02, 86.926
3956, 41.11, 86.942
3957, 41.28, 86.976
3958, 41.37, 86.992
3959, 41.54, 87.026
3960, 41.63, 87.042
3961, 41.8, 87.076
3962, 41.89, 87.092
3963, 42.06, 87.126
3964, 42.15, 87.142
3965, 42.23, 87.159
3966, 42.41, 87.192
3967, 42.5, 87.209
3968, 42.67, 87.242
3969, 42.75, 87.259
3970, 42.84, 87.276
3971, 43, 87.309
3972, 43.08, 87.326
3973, 43.24, 87.359
3974, 43.32, 87.376
3975, 43.41, 87.392
3976, 43.6, 87.426
3977, 43.68, 87.442
3978, 43.86, 87.476
3979, 43.94, 87.492
3980, 44.02, 87.509
3981, 44.19, 87.542
3982, 44.27, 87.559
3983, 44.36, 87.576
3984, 44.52, 87.609
3985, 44.6, 87.626
3986, 44.77, 87.659
3987, 44.85, 87.676
3988, 44.92, 87.692
3989, 45.07, 87.726
3990, 45.15, 87.742
3991, 45.24, 87.759
3992, 45.41, 87.792
3993, 45.5, 87.809
3994, 45.58, 87.826
3995, 45.66, 87.842
3996, 45.83, 87.876
3997, 45.91, 87.892
3998, 46, 87.909
3999, 46.16, 87.942
4000, 46.24, 87.959
4001, 46.32, 87.976
4002, 46.47, 88.009
4003, 46.55, 88.026
4004, 46.62, 88.042
4005, 46.7, 88.059
4006, 46.86, 88.092
4007, 46.94, 88.109
4008, 47.02, 88.126
4009, 47.19, 88.159
4010, 47.27, 88.176
4011, 47.34, 88.192
4012, 47.42, 88.209
4013, 47.56, 88.242
4014, 47.64, 88.259
4015, 47.71, 88.276
4016, 47.78, 88.292
4017, 47.93, 88.326
4018, 48.01, 88.342
4019, 48.09, 88.359
4020, 48.16, 88.376
4021, 48.3, 88.409
4022, 48.38, 88.426
4023, 48.45, 88.442
4024, 48.52, 88.459
4025, 48.67, 88.492
4026, 48.74, 88.509
4027, 48.81, 88.526
4028, 48.88, 88.542
4029, 49.01, 88.576
4030, 49.09, 88.592
4031, 49.16, 88.609
4032, 49.23, 88.626
4033, 49.3, 88.642
4034, 49.44, 88.676
4035, 49.51, 88.692
4036, 49.57, 88.709
4037, 49.64, 88.726
4038, 49.76, 88.759
4039, 49.82, 88.776
4040, 49.87, 88.792
4041, 49.92, 88.809
4042, 49.97, 88.826
4043, 50.05, 88.859
4044, 50.08, 88.876
4045, 50.1, 88.892
4046, 50.11, 88.909
4047, 50.12, 88.926
4048, 50.11, 88.959
4049, 50.09, 88.976
4050, 50.21, 88.992
4051, 50.33, 89.009
4052, 50.35, 89.026
4053, 50.39, 89.042
4054, 50.54, 89.076
4055, 50.6, 89.092
4056, 50.65, 89.109
4057, 50.71, 89.126
4058, 50.78, 89.142
4059, 50.9, 89.176
4060, 50.97, 89.192
4061, 51.03, 89.209
4062, 51.09, 89.226
4063, 51.15, 89.242
4064, 51.21, 89.259
4065, 51.34, 89.292
4066, 51.4, 89.309
4067, 51.45, 89.326
4068, 51.51, 89.342
4069, 51.57, 89.359
4070, 51.63, 89.376
4071, 51.75, 89.409
4072, 51.81, 89.426
4073, 51.87, 89.442
4074, 51.93, 89.459
4075, 52, 89.476
4076, 52.06, 89.492
4077, 52.18, 89.526
4078, 52.24, 89.542
4079, 52.3, 89.559
4080, 52.35, 89.576
4081, 52.41, 89.592
4082, 52.47, 89.609
4083, 52.53, 89.626
4084, 52.64, 89.659
4085, 52.7, 89.676
4086, 52.76, 89.692
4087, 52.82, 89.709
4088, 52.88, 89.726
4089, 52.94, 89.742
4090, 52.99, 89.759
4091, 53.11, 89.792
4092, 53.17, 89.809
4093, 53.22, 89.826
4094, 53.28, 89.842
4095, 53.34, 89.859
4096, 53.4, 89.876
4097, 53.46, 89.892
4098, 53.52, 89.909
4099, 53.63, 89.942
4100, 53.68, 89.959
4101, 53.74, 89.976
4102, 53.79, 89.992
4103, 53.85, 90.009
4104, 53.91, 90.026
4105, 53.97, 90.042
4106, 54.03, 90.059
4107, 54.08, 90.076
4108, 54.19, 90.109
4109, 54.24, 90.126
4110, 54.3, 90.142
4111, 54.35, 90.159
4112, 54.41, 90.176
4113, 54.47, 90.192
4114, 54.53, 90.209
4115, 54.59, 90.226
4116, 54.65, 90.242
4117, 54.75, 90.276
4118, 54.81, 90.292
4119, 54.86, 90.309
4120, 54.91, 90.326
4121, 54.97, 90.342
4122, 55.02, 90.359
4123, 55.08, 90.376
4124, 55.14, 90.392
4125, 55.19, 90.409
4126, 55.25, 90.426
4127, 55.31, 90.442
4128, 55.37, 90.459
4129, 55.47, 90.492
4130, 55.53, 90.509
4131, 55.58, 90.526
4132, 55.63, 90.542
4133, 55.67, 90.559
4134, 55.73, 90.576
4135, 55.78, 90.592
4136, 55.83, 90.609
4137, 55.89, 90.626
4138, 55.94, 90.642
4139, 56, 90.659
4140, 56.05, 90.676
4141, 56.1, 90.692
4142, 56.21, 90.726
4143, 56.26, 90.742
4144, 56.31, 90.759
4145, 56.36, 90.776
4146, 56.42, 90.792
4147, 56.47, 90.809
4148, 56.52, 90.826
4149, 56.57, 90.842
4150, 56.62, 90.859
4151, 56.67, 90.876
4152, 56.73, 90.892
4153, 56.77, 90.909
4154, 56.83, 90.926
4155, 56.88, 90.942
4156, 56.92, 90.959
4157, 56.97, 90.976
4158, 57.02, 90.992
4159, 57.12, 91.026
4160, 57.17, 91.042
4161, 57.23, 91.059
4162, 57.28, 91.076
4163, 57.33, 91.092
4164, 57.38, 91.109
4165, 57.42, 91.126
4166, 57.47, 91.142
4167, 57.52, 91.159
4168, 57.57, 91.176
4169, 57.62, 91.192
4170, 57.67, 91.209
4171, 57.72, 91.226
4172, 57.76, 91.242
4173, 57.81, 91.259
4174, 57.86, 91.276
4175, 57.9, 91.292
4176, 57.95, 91.309
4177, 58, 91.326
4178, 58.04, 91.342
4179, 58.08, 91.359
4180, 58.13, 91.376
4181, 58.18, 91.392
4182, 58.22, 91.409
4183, 58.32, 91.442
4184, 58.37, 91.459
4185, 58.42, 91.476
4186, 58.47, 91.492
4187, 58.51, 91.509
4188, 58.56, 91.526
4189, 58.6, 91.542
4190, 58.64, 91.559
4191, 58.68, 91.576
4192, 58.72, 91.592
4193, 58.77, 91.609
4194, 58.81, 91.626
4195, 58.86, 91.642
4196, 58.91, 91.659
4197, 58.96, 91.676
4198, 59, 91.692
4199, 59.04, 91.709
4200, 59.08, 91.726
4201, 59.12, 91.742
4202, 59.16, 91.759
4203, 59.21, 91.776
4204, 59.25, 91.792
4205, 59.3, 91.809
4206, 59.34, 91.826
4207, 59.39, 91.842
4208, 59.43, 91.859
4209, 59.48, 91.876
4210, 59.52, 91.892
4211, 59.56, 91.909
4212, 59.6, 91.926
4213, 59.64, 91.942
4214, 59.67, 91.959
4215, 59.71, 91.976
4216, 59.75, 91.992
4217, 59.79, 92.009
4218, 59.84, 92.026
4219, 59.82, 92.042
4220, 59.77, 92.059
4221, 59.88, 92.076
4222, 59.95, 92.092
4223, 59.93, 92.109
4224, 59.99, 92.126
4225, 60.04, 92.142
4226, 60.06, 92.159
4227, 60.09, 92.176
4228, 60.13, 92.192
4229, 60.17, 92.209
4230, 60.2, 92.226
4231, 60.24, 92.242
4232, 60.28, 92.259
4233, 60.32, 92.276
4234, 60.37, 92.292
4235, 60.41, 92.309
4236, 60.44, 92.326
4237, 60.48, 92.342
4238, 60.52, 92.359
4239, 60.55, 92.376
4240, 60.58, 92.392
4241, 60.62, 92.409
4242, 60.65, 92.426
4243, 60.68, 92.442
4244, 60.72, 92.459
4245, 60.76, 92.476
4246, 60.8, 92.492
4247, 60.83, 92.509
4248, 60.87, 92.526
4249, 60.91, 92.542
4250, 60.94, 92.559
4251, 60.98, 92.576
4252, 61.02, 92.592
4253, 61.06, 92.609
4254, 61.09, 92.626
4255, 61.13, 92.642
4256, 61.16, 92.659
4257, 61.19, 92.676
4258, 61.23, 92.692
4259, 61.26, 92.709
4260, 61.3, 92.726
4261, 61.33, 92.742
4262, 61.36, 92.759
4263, 61.4, 92.776
4264, 61.43, 92.792
4265, 61.47, 92.809
4266, 61.51, 92.826
4267, 61.54, 92.842
4268, 61.54, 92.842
4269, 61.58, 92.859
4270, 61.61, 92.876
4271, 61.65, 92.892
4272, 61.68, 92.909
4273, 61.71, 92.926
4274, 61.75, 92.942
4275, 61.78, 92.959
4276, 61.82, 92.976
4277, 61.85, 92.992
4278, 61.88, 93.009
4279, 61.92, 93.026
4280, 61.95, 93.042
4281, 61.98, 93.059
4282, 62.01, 93.076
4283, 62.05, 93.092
4284, 62.08, 93.109
4285, 62.12, 93.126
4286, 62.16, 93.142
4287, 62.2, 93.159
4288, 62.23, 93.176
4289, 62.27, 93.192
4290, 62.3, 93.209
4291, 62.33, 93.226
4292, 62.36, 93.242
4293, 62.39, 93.259
4294, 62.42, 93.276
4295, 62.45, 93.292
4296, 62.48, 93.309
4297, 62.52, 93.326
4298, 62.52, 93.326
4299, 62.55, 93.342
4300, 62.59, 93.359
4301, 62.62, 93.376
4302, 62.66, 93.392
4303, 62.69, 93.409
4304, 62.73, 93.426
4305, 62.76, 93.442
4306, 62.79, 93.459
4307, 62.82, 93.476
4308, 62.85, 93.492
4309, 62.89, 93.509
4310, 62.89, 93.509
