0, 69.5388, 79.1956
1, 69.5697, 79.2123
2, 69.6017, 79.229
3, 69.636, 79.2456
4, 69.636, 79.2456
5, 69.6637, 79.2623
6, 69.6936, 79.279
7, 69.7272, 79.2956
8, 69.7582, 79.3123
9, 69.7898, 79.329
10, 69.8203, 79.3456
11, 69.8203, 79.3456
12, 69.8529, 79.3623
13, 69.8854, 79.379
14, 69.9137, 79.3956
15, 69.9404, 79.4123
16, 69.9701, 79.429
17, 70.0042, 79.4456
18, 70.0042, 79.4456
19, 70.0367, 79.4623
20, 70.0674, 79.479
21, 70.098, 79.4956
22, 70.1274, 79.5123
23, 70.1573, 79.529
24, 70.1884, 79.5456
25, 70.1884, 79.5456
26, 70.2182, 79.5623
27, 70.2479, 79.579
28, 70.2777, 79.5956
29, 70.308, 0.4394
30, 70.3379, 0.4561
31, 70.3682, 0.4727
32, 70.3682, 0.4727
33, 70.3984, 0.4894
34, 70.4287, 0.5061
35, 70.4594, 0.5227
36, 70.4896, 0.5394
37, 70.5181, 0.5561
38, 70.5472, 0.5727
39, 70.5472, 0.5727
40, 70.5765, 0.5894
41, 70.6058, 0.6061
42, 70.6346, 0.6227
43, 70.6634, 0.6394
44, 70.6925, 0.6561
45, 70.7218, 0.6727
46, 70.7218, 0.6727
47, 70.7517, 0.6894
48, 70.7787, 0.7061
49, 70.8037, 0.7227
50, 70.8284, 0.7394
51, 70.8567, 0.7561
52, 70.8567, 0.7561
53, 70.8875, 0.7727
54, 70.9169, 0.7894
55, 70.9438, 0.8061
56, 70.9698, 0.8227
57, 70.9973, 0.8394
58, 71.0245, 0.8561
59, 71.0245, 0.8561
60, 71.0505, 0.8727
61, 71.0746, 0.8894
62, 71.0991, 0.9061
63, 71.1269, 0.9227
64, 71.156, 0.9394
65, 71.156, 0.9394
66, 71.1837, 0.9561
67, 71.2124, 0.9727
68, 71.2456, 0.9894
69, 71.2776, 1.0061
70, 71.3023, 1.0227
71, 71.3193, 1.0394
72, 71.3193, 1.0394
73, 71.3299, 1.0561
74, 71.3564, 1.0727
75, 71.3896, 1.0894
76, 71.4272, 1.1061
77, 71.4567, 1.1227
78, 71.4567, 1.1227
79, 71.4837, 1.1394
80, 71.504, 1.1561
81, 71.5186, 1.1727
82, 71.5285, 1.1894
83, 71.5289, 1.2061
84, 71.5289, 1.2061
85, 71.5202, 1.2227
86, 71.5074, 1.2394
87, 71.492, 1.2561
88, 71.4702, 1.2727
89, 71.4456, 1.2894
90, 71.4456, 1.2894
91, 71.4119, 1.3061
92, 71.3607, 1.3227
93, 71.2801, 1.3394
94, 71.1619, 1.3561
95, 71.0221, 1.3727
96, 71.0221, 1.3727
97, 70.8587, 1.3894
98, 70.8587, 1.3894
99, 70.8587, 1.3894
100, 70.8587, 1.3894
101, 70.8587, 1.3894
102, 70.8587, 1.3894
103, 69.7063, 1.4727
104, 69.436, 1.4894
105, 69.13, 1.5061
106, 68.8163, 1.5227
107, 68.4927, 1.5394
108, 68.1477, 1.5561
109, 67.7814, 1.5727
110, 67.7814, 1.5727
111, 67.4217, 1.5894
112, 67.0548, 1.6061
113, 66.691, 1.6227
114, 66.3434, 1.6394
115, 65.9893, 1.6561
116, 65.6294, 1.6727
117, 65.28, 1.6894
118, 64.9243, 1.7061
119, 64.5515, 1.7227
120, 64.5515, 1.7227
121, 64.1909, 1.7394
122, 63.807, 1.7561
123, 63.407, 1.7727
124, 63.0356, 1.7894
125, 62.6564, 1.8061
126, 62.2745, 1.8227
127, 61.8981, 1.8394
128, 61.5236, 1.8561
129, 61.123, 1.8727
130, 60.7279, 1.8894
131, 60.3608, 1.9061
132, 60.0194, 1.9227
133, 59.7031, 1.9394
134, 59.3989, 1.9561
135, 59.064, 1.9727
136, 58.7485, 1.9894
137, 58.4656, 2.0061
138, 58.1702, 2.0227
139, 57.8805, 2.0394
140, 57.604, 2.0561
141, 57.321, 2.0727
142, 57.049, 2.0894
143, 56.7845, 2.1061
144, 56.5309, 2.1227
145, 56.2909, 2.1394
146, 56.0565, 2.1561
147, 55.5521, 2.1894
148, 55.2852, 2.2061
149, 54.9916, 2.2227
150, 54.6864, 2.2394
151, 54.3972, 2.2561
152, 54.1145, 2.2727
153, 53.8142, 2.2894
154, 53.5038, 2.3061
155, 53.2263, 2.3227
156, 52.9713, 2.3394
157, 52.4196, 2.3727
158, 52.1551, 2.3894
159, 51.9028, 2.4061
160, 51.6485, 2.4227
161, 51.3946, 2.4394
162, 51.1442, 2.4561
163, 50.9105, 2.4727
164, 50.5105, 2.5061
165, 50.3338, 2.5227
166, 50.1649, 2.5394
167, 50.0092, 2.5561
168, 49.8706, 2.5727
169, 49.6118, 2.6061
170, 49.4817, 2.6227
171, 49.3554, 2.6394
172, 49.2367, 2.6561
173, 49.1197, 2.6727
174, 48.8842, 2.7061
175, 48.7682, 2.7227
176, 48.6526, 2.7394
177, 48.5371, 2.7561
178, 48.3154, 2.7894
179, 48.2087, 2.8061
180, 48.1034, 2.8227
181, 48.0007, 2.8394
182, 47.8017, 2.8727
183, 47.704, 2.8894
184, 47.6056, 2.9061
185, 47.5041, 2.9227
186, 47.3054, 2.9561
187, 47.2121, 2.9727
188, 47.1207, 2.9894
189, 47.0308, 3.0061
190, 46.8636, 3.0394
191, 46.7905, 3.0561
192, 46.7197, 3.0727
193, 46.6524, 3.0894
194, 46.5379, 3.1227
195, 46.4866, 3.1394
196, 46.4357, 3.1561
197, 46.3366, 3.1894
198, 46.2863, 3.2061
199, 46.2351, 3.2227
200, 46.1844, 3.2394
201, 46.0864, 3.2727
202, 46.038, 3.2894
203, 45.9898, 3.3061
204, 45.8977, 3.3394
205, 45.8516, 3.3561
206, 45.8038, 3.3727
207, 45.7558, 3.3894
208, 45.6642, 3.4227
209, 45.6196, 3.4394
210, 45.5739, 3.4561
211, 45.4938, 3.4894
212, 45.4655, 3.5061
213, 45.4385, 3.5227
214, 45.4364, 3.5561
215, 45.4845, 3.5727
216, 45.4986, 3.5894
217, 45.5038, 3.6061
218, 45.5703, 3.6394
219, 45.596, 3.6561
220, 45.6215, 3.6727
221, 45.657, 3.6894
222, 45.7379, 3.7227
223, 45.7746, 3.7394
224, 45.814, 3.7561
225, 45.8884, 3.7894
226, 45.9243, 3.8061
227, 45.9615, 3.8227
228, 45.9954, 3.8394
229, 46.0619, 3.8727
230, 46.1009, 3.8894
231, 46.1431, 3.9061
232, 46.219, 3.9394
233, 46.2538, 3.9561
234, 46.2888, 3.9727
235, 46.3325, 3.9894
236, 46.4363, 4.0227
237, 46.4812, 4.0394
238, 46.5156, 4.0561
239, 46.5773, 4.0894
240, 46.6102, 4.1061
241, 46.6447, 4.1227
242, 46.6785, 4.1394
243, 46.734, 4.1727
244, 46.7542, 4.1894
245, 46.7726, 4.2061
246, 46.7967, 4.2394
247, 46.7876, 4.2561
248, 46.7731, 4.2727
249, 46.7548, 4.2894
250, 46.7077, 4.3227
251, 46.6826, 4.3394
252, 46.6547, 4.3561
253, 46.624, 4.3727
254, 46.4844, 4.4061
255, 46.4431, 4.4227
256, 46.4119, 4.4394
257, 46.3413, 4.4727
258, 46.2897, 4.4894
259, 46.2505, 4.5061
260, 46.1753, 4.5394
261, 46.1344, 4.5561
262, 46.0944, 4.5727
263, 46.0553, 4.5894
264, 45.979, 4.6227
265, 45.9367, 4.6394
266, 45.8993, 4.6561
267, 45.8306, 4.6894
268, 45.7969, 4.7061
269, 45.7646, 4.7227
270, 45.7057, 4.7561
271, 45.674, 4.7727
272, 45.6454, 4.7894
273, 45.6586, 4.8227
274, 45.6397, 4.8394
275, 45.6178, 4.8561
276, 45.6068, 4.8894
277, 45.5956, 4.9061
278, 45.5804, 4.9227
279, 45.5858, 4.9561
280, 45.6024, 4.9727
281, 45.6227, 4.9894
282, 45.667, 5.0227
283, 45.6843, 5.0394
284, 45.7035, 5.0561
285, 45.7578, 5.0894
286, 45.7876, 5.1061
287, 45.8175, 5.1227
288, 45.8786, 5.1561
289, 45.9073, 5.1727
290, 45.9341, 5.1894
291, 46.0069, 5.2227
292, 46.0461, 5.2394
293, 46.0836, 5.2561
294, 46.1511, 5.2894
295, 46.1841, 5.3061
296, 46.2201, 5.3227
297, 46.2968, 5.3561
298, 46.338, 5.3727
299, 46.3766, 5.3894
300, 46.4542, 5.4227
301, 46.4913, 5.4394
302, 46.5408, 5.4561
303, 46.6503, 5.4894
304, 46.6983, 5.5061
305, 46.7495, 5.5227
306, 46.8679, 5.5561
307, 46.9326, 5.5727
308, 46.9986, 5.5894
309, 47.1276, 5.6227
310, 47.1866, 5.6394
311, 47.2463, 5.6561
312, 47.3104, 5.6727
313, 47.4579, 5.7061
314, 47.5332, 5.7227
315, 47.6117, 5.7394
316, 47.7845, 5.7727
317, 47.8735, 5.7894
318, 47.9646, 5.8061
319, 48.1397, 5.8394
320, 48.2242, 5.8561
321, 48.3079, 5.8727
322, 48.3921, 5.8894
323, 48.5692, 5.9227
324, 48.6617, 5.9394
325, 48.753, 5.9561
326, 48.8393, 5.9727
327, 49.0056, 6.0061
328, 49.0912, 6.0227
329, 49.1784, 6.0394
330, 49.2645, 6.0561
331, 49.431, 6.0894
332, 49.5161, 6.1061
333, 49.6038, 6.1227
334, 49.6892, 6.1394
335, 49.8493, 6.1727
336, 49.9285, 6.1894
337, 50.0087, 6.2061
338, 50.0876, 6.2227
339, 50.239, 6.2561
340, 50.318, 6.2727
341, 50.3982, 6.2894
342, 50.4759, 6.3061
343, 50.5551, 6.3227
344, 50.6944, 6.3561
345, 50.7699, 6.3727
346, 50.8461, 6.3894
347, 50.9323, 6.4061
348, 51.0156, 6.4227
349, 51.1647, 6.4561
350, 51.2413, 6.4727
351, 51.3159, 6.4894
352, 51.3833, 6.5061
353, 51.4481, 6.5227
354, 51.5784, 6.5561
355, 51.6538, 6.5727
356, 51.7341, 6.5894
357, 51.8129, 6.6061
358, 51.8961, 6.6227
359, 51.9744, 6.6394
360, 52.1048, 6.6727
361, 52.1532, 6.6894
362, 52.1968, 6.7061
363, 52.2558, 6.7227
364, 52.3305, 6.7394
365, 52.4095, 6.7561
366, 52.5641, 6.7894
367, 52.6313, 6.8061
368, 52.6932, 6.8227
369, 52.7679, 6.8394
370, 52.8392, 6.8561
371, 52.9055, 6.8727
372, 52.9738, 6.8894
373, 53.1071, 6.9227
374, 53.1693, 6.9394
375, 53.2375, 6.9561
376, 53.2999, 6.9727
377, 53.3691, 6.9894
378, 53.4372, 7.0061
379, 53.5078, 7.0227
380, 53.5743, 7.0394
381, 53.7006, 7.0727
382, 53.7628, 7.0894
383, 53.8334, 7.1061
384, 53.8964, 7.1227
385, 53.9643, 7.1394
386, 54.0266, 7.1561
387, 54.0933, 7.1727
388, 54.1635, 7.1894
389, 54.2336, 7.2061
390, 54.3688, 7.2394
391, 54.4331, 7.2561
392, 54.4986, 7.2727
393, 54.5616, 7.2894
394, 54.6221, 7.3061
395, 54.6839, 7.3227
396, 54.7484, 7.3394
397, 54.812, 7.3561
398, 54.8747, 7.3727
399, 54.9358, 7.3894
400, 55.0668, 7.4227
401, 55.1313, 7.4394
402, 55.1845, 7.4561
403, 55.2381, 7.4727
404, 55.2915, 7.4894
405, 55.3513, 7.5061
406, 55.4068, 7.5227
407, 55.4583, 7.5394
408, 55.5047, 7.5561
409, 55.5559, 7.5727
410, 55.6141, 7.5894
411, 55.681, 7.6061
412, 55.7977, 7.6394
413, 55.8484, 7.6561
414, 55.8955, 7.6727
415, 55.9519, 7.6894
416, 56.0055, 7.7061
417, 56.058, 7.7227
418, 56.1097, 7.7394
419, 56.1661, 7.7561
420, 56.2273, 7.7727
421, 56.2877, 7.7894
422, 56.3438, 7.8061
423, 56.3972, 7.8227
424, 56.4517, 7.8394
425, 56.5065, 7.8561
426, 56.6109, 7.8894
427, 56.6648, 7.9061
428, 56.7221, 7.9227
429, 56.7828, 7.9394
430, 56.8417, 7.9561
431, 56.8991, 7.9727
432, 56.954, 7.9894
433, 57.0078, 8.0061
434, 57.058, 8.0227
435, 57.1064, 8.0394
436, 57.0926, 8.0561
437, 57.0689, 8.0727
438, 57.1908, 8.0894
439, 57.2568, 8.1061
440, 57.282, 8.1227
441, 57.3269, 8.1394
442, 57.3738, 8.1561
443, 57.4106, 8.1727
444, 57.4505, 8.1894
445, 57.5477, 8.2227
446, 57.5887, 8.2394
447, 57.6301, 8.2561
448, 57.6751, 8.2727
449, 57.7164, 8.2894
450, 57.7577, 8.3061
451, 57.7995, 8.3227
452, 57.8451, 8.3394
453, 57.8865, 8.3561
454, 57.9292, 8.3727
455, 57.9699, 8.3894
456, 58.0131, 8.4061
457, 58.0566, 8.4227
458, 58.0985, 8.4394
459, 58.1392, 8.4561
460, 58.1801, 8.4727
461, 58.2236, 8.4894
462, 58.2671, 8.5061
463, 58.3092, 8.5227
464, 58.3511, 8.5394
465, 58.3925, 8.5561
466, 58.4335, 8.5727
467, 58.4754, 8.5894
468, 58.5198, 8.6061
469, 58.5661, 8.6227
470, 58.647, 8.6561
471, 58.6787, 8.6727
472, 58.7084, 8.6894
473, 58.7325, 8.7061
474, 58.7586, 8.7227
475, 58.7782, 8.7394
476, 58.7912, 8.7561
477, 58.7958, 8.7727
478, 58.8003, 8.7894
479, 58.8004, 8.8061
480, 58.7875, 8.8227
481, 58.7593, 8.8394
482, 58.7117, 8.8561
483, 58.6369, 8.8727
484, 58.5204, 8.8894
485, 58.3688, 8.9061
486, 58.1958, 8.9227
487, 58.0042, 8.9394
488, 57.7689, 8.9561
489, 57.4958, 8.9727
490, 57.2334, 8.9894
491, 56.9638, 9.0061
492, 56.676, 9.0227
493, 56.3687, 9.0394
494, 56.0235, 9.0561
495, 55.6673, 9.0727
496, 54.9406, 9.1061
497, 54.5538, 9.1227
498, 54.1685, 9.1394
499, 53.788, 9.1561
500, 53.405, 9.1727
501, 53.0137, 9.1894
502, 52.6186, 9.2061
503, 52.224, 9.2227
504, 51.4317, 9.2561
505, 51.0342, 9.2727
506, 50.6362, 9.2894
507, 50.2382, 9.3061
508, 49.8363, 9.3227
509, 49.0412, 9.3561
510, 48.6635, 9.3727
511, 48.2861, 9.3894
512, 47.901, 9.4061
513, 47.1395, 9.4394
514, 46.7728, 9.4561
515, 46.4144, 9.4727
516, 46.0599, 9.4894
517, 45.3427, 9.5227
518, 44.9973, 9.5394
519, 44.6702, 9.5561
520, 44.0499, 9.5894
521, 43.7361, 9.6061
522, 43.1689, 9.6394
523, 42.899, 9.6561
524, 42.6237, 9.6727
525, 42.1028, 9.7061
526, 41.8429, 9.7227
527, 41.3389, 9.7561
528, 41.107, 9.7727
529, 40.5409, 9.8061
530, 40.2634, 9.8227
531, 39.7953, 9.8561
532, 39.5551, 9.8727
533, 39.0466, 9.9061
534, 38.8117, 9.9227
535, 38.3159, 9.9561
536, 38.0669, 9.9727
537, 37.5904, 10.0061
538, 37.0813, 10.0394
539, 36.8183, 10.0561
540, 36.3057, 10.0894
541, 36.0517, 10.1061
542, 35.5398, 10.1394
543, 35.0289, 10.1727
544, 34.5274, 10.2061
545, 34.2878, 10.2227
546, 33.7806, 10.2561
547, 33.2566, 10.2894
548, 32.786, 10.3227
549, 32.3682, 10.3561
550, 32.145, 10.3727
551, 31.7151, 10.4061
552, 31.3364, 10.4394
553, 30.9119, 10.4727
554, 30.5255, 10.5061
555, 30.1591, 10.5394
556, 29.7973, 10.5727
557, 29.4528, 10.6061
558, 29.1154, 10.6394
559, 28.814, 10.6727
560, 28.421, 10.7227
561, 28.1884, 10.7561
562, 27.9937, 10.7894
563, 27.8381, 10.8227
564, 27.6962, 10.8561
565, 27.4899, 10.9061
566, 27.3571, 10.9394
567, 27.2293, 10.9727
568, 27.0943, 11.0061
569, 26.8853, 11.0561
570, 26.7519, 11.0894
571, 26.6171, 11.1227
572, 26.4136, 11.1727
573, 26.2745, 11.2061
574, 26.1334, 11.2394
575, 25.9335, 11.2894
576, 25.7969, 11.3227
577, 25.5914, 11.3727
578, 25.4556, 11.4061
579, 25.3191, 11.4394
580, 25.1118, 11.4894
581, 24.977, 11.5227
582, 24.7716, 11.5727
583, 24.6358, 11.6061
584, 24.4394, 11.6561
585, 24.3067, 11.6894
586, 24.1078, 11.7394
587, 23.9117, 11.7894
588, 23.7813, 11.8227
589, 23.5892, 11.8727
590, 23.3985, 11.9227
591, 23.2734, 11.9561
592, 23.0819, 12.0061
593, 22.9018, 12.0561
594, 22.7184, 12.1061
595, 22.6047, 12.1394
596, 22.4907, 12.1894
597, 22.5211, 12.2394
598, 22.5949, 12.2894
599, 22.6106, 12.3227
600, 22.7097, 12.3727
601, 22.8095, 12.4227
602, 22.9513, 12.4727
603, 23.0444, 12.5061
604, 23.168, 12.5561
605, 23.2661, 12.5894
606, 23.409, 12.6394
607, 23.5716, 12.6894
608, 23.6667, 12.7227
609, 23.8102, 12.7727
610, 23.9149, 12.8061
611, 24.0678, 12.8561
612, 24.1733, 12.8894
613, 24.3334, 12.9394
614, 24.4269, 12.9727
615, 24.5825, 13.0227
616, 24.6888, 13.0561
617, 24.8464, 13.1061
618, 24.9564, 13.1394
619, 25.1137, 13.1894
620, 25.2296, 13.2227
621, 25.4202, 13.2727
622, 25.5517, 13.3061
623, 25.6912, 13.3394
624, 25.8872, 13.3894
625, 26.0192, 13.4227
626, 26.1624, 13.4561
627, 26.3002, 13.4894
628, 26.5001, 13.5394
629, 26.6393, 13.5727
630, 26.7819, 13.6061
631, 26.9194, 13.6394
632, 27.1192, 13.6894
633, 27.2877, 13.7227
634, 27.4473, 13.7561
635, 27.5838, 13.7894
636, 27.7416, 13.8227
637, 27.9073, 13.8561
638, 28.147, 13.9061
639, 28.3067, 13.9394
640, 28.4563, 13.9727
641, 28.6072, 14.0061
642, 28.7506, 14.0394
643, 28.9067, 14.0727
644, 29.0767, 14.1061
645, 29.3194, 14.1561
646, 29.4834, 14.1894
647, 29.6424, 14.2227
648, 29.7964, 14.2561
649, 29.9589, 14.2894
650, 30.1288, 14.3227
651, 30.2787, 14.3561
652, 30.434, 14.3894
653, 30.6075, 14.4227
654, 30.7708, 14.4561
655, 30.9349, 14.4894
656, 31.1007, 14.5227
657, 31.2655, 14.5561
658, 31.4302, 14.5894
659, 31.5934, 14.6227
660, 31.7628, 14.6561
661, 31.9405, 14.6894
662, 32.1271, 14.7227
663, 32.3093, 14.7561
664, 32.3943, 14.7727
665, 32.5681, 14.8061
666, 32.7723, 14.8394
667, 32.9844, 14.8727
668, 33.1837, 14.9061
669, 33.3481, 14.9394
670, 33.5133, 14.9727
671, 33.5832, 14.9894
672, 33.7535, 15.0227
673, 33.9417, 15.0561
674, 34.1946, 15.0894
675, 34.4389, 15.1227
676, 34.567, 15.1394
677, 34.8125, 15.1727
678, 35.0879, 15.2061
679, 35.3536, 15.2394
680, 35.4961, 15.2561
681, 35.7578, 15.2894
682, 35.8637, 15.3227
683, 36.1522, 15.3561
684, 36.2891, 15.3727
685, 36.5494, 15.4061
686, 36.8154, 15.4394
687, 36.9387, 15.4561
688, 37.2126, 15.4894
689, 37.3217, 15.5061
690, 37.5516, 15.5394
691, 37.786, 15.5727
692, 37.899, 15.5894
693, 38.1154, 15.6227
694, 38.3577, 15.6561
695, 38.4893, 15.6727
696, 38.7412, 15.7061
697, 38.8614, 15.7227
698, 39.1004, 15.7561
699, 39.2194, 15.7727
700, 39.4494, 15.8061
701, 39.5584, 15.8227
702, 39.7914, 15.8561
703, 39.9111, 15.8727
704, 40.1506, 15.9061
705, 40.2695, 15.9227
706, 40.5265, 15.9561
707, 40.6566, 15.9727
708, 40.908, 16.0061
709, 41.0325, 16.0227
710, 41.2848, 16.0561
711, 41.4052, 16.0727
712, 41.6303, 16.1061
713, 41.7409, 16.1227
714, 41.9703, 16.1561
715, 42.0872, 16.1727
716, 42.3208, 16.2061
717, 42.4392, 16.2227
718, 42.5602, 16.2394
719, 42.7988, 16.2727
720, 42.9159, 16.2894
721, 43.145, 16.3227
722, 43.2524, 16.3394
723, 43.3574, 16.3561
724, 43.582, 16.3894
725, 43.7028, 16.4061
726, 43.9259, 16.4394
727, 44.0349, 16.4561
728, 44.1477, 16.4727
729, 44.3876, 16.5061
730, 44.5078, 16.5227
731, 44.6262, 16.5394
732, 44.8522, 16.5727
733, 44.9625, 16.5894
734, 45.0726, 16.6061
735, 45.2962, 16.6394
736, 45.4094, 16.6561
737, 45.5228, 16.6727
738, 45.7472, 16.7061
739, 45.8582, 16.7227
740, 45.8897, 16.7394
741, 46.0341, 16.7727
742, 46.0341, 16.7727
743, 46.0341, 16.7727
744, 46.0341, 16.7727
745, 46.5836, 16.8561
746, 46.6711, 16.8727
747, 46.8603, 16.9061
748, 46.9659, 16.9227
749, 47.0575, 16.9394
750, 47.1456, 16.9561
751, 47.3395, 16.9894
752, 47.4387, 17.0061
753, 47.5373, 17.0227
754, 47.6361, 17.0394
755, 47.8302, 17.0727
756, 47.9237, 17.0894
757, 48.0125, 17.1061
758, 48.0988, 17.1227
759, 48.2823, 17.1561
760, 48.3827, 17.1727
761, 48.4812, 17.1894
762, 48.5781, 17.2061
763, 48.6686, 17.2227
764, 48.8559, 17.2561
765, 48.9451, 17.2727
766, 49.0273, 17.2894
767, 49.1059, 17.3061
768, 49.1794, 17.3227
769, 49.321, 17.3561
770, 49.3885, 17.3727
771, 49.4509, 17.3894
772, 49.5057, 17.4061
773, 49.5559, 17.4227
774, 49.5915, 17.4394
775, 49.6032, 17.4727
776, 49.564, 17.4894
777, 49.4864, 17.5061
778, 49.3758, 17.5227
779, 49.2507, 17.5394
780, 48.8975, 17.5727
781, 48.6816, 17.5894
782, 48.4967, 17.6061
783, 48.2998, 17.6227
784, 48.0885, 17.6394
785, 47.6018, 17.6727
786, 47.3187, 17.6894
787, 47.0333, 17.7061
788, 46.7443, 17.7227
789, 46.123, 17.7561
790, 45.8062, 17.7727
791, 45.4799, 17.7894
792, 45.1423, 17.8061
793, 44.4865, 17.8394
794, 44.1681, 17.8561
795, 43.852, 17.8727
796, 43.1769, 17.9061
797, 42.8424, 17.9227
798, 42.196, 17.9561
799, 41.8844, 17.9727
800, 41.5781, 17.9894
801, 40.9628, 18.0227
802, 40.6536, 18.0394
803, 40.113, 18.0727
804, 39.8627, 18.0894
805, 39.3771, 18.1227
806, 39.1791, 18.1394
807, 38.8185, 18.1727
808, 38.5048, 18.2061
809, 38.3672, 18.2227
810, 38.1088, 18.2561
811, 37.9897, 18.2727
812, 37.7725, 18.3061
813, 37.6753, 18.3227
814, 37.4939, 18.3561
815, 37.3289, 18.3894
816, 37.2542, 18.4061
817, 37.1196, 18.4394
818, 37.0614, 18.4561
819, 36.9621, 18.4894
820, 36.8719, 18.5227
821, 36.8258, 18.5394
822, 36.7317, 18.5727
823, 36.6332, 18.6061
824, 36.5826, 18.6227
825, 36.4784, 18.6561
826, 36.3742, 18.6894
827, 36.3224, 18.7061
828, 36.2196, 18.7394
829, 36.1175, 18.7727
830, 36.0677, 18.7894
831, 35.9658, 18.8227
832, 35.8646, 18.8561
833, 35.8152, 18.8727
834, 35.7155, 18.9061
835, 35.6116, 18.9394
836, 35.5033, 18.9727
837, 35.4487, 18.9894
838, 35.3357, 19.0227
839, 35.2195, 19.0561
840, 35.1623, 19.0727
841, 35.044, 19.1061
842, 34.9139, 19.1394
843, 34.788, 19.1727
844, 34.7279, 19.1894
845, 34.6034, 19.2227
846, 34.4798, 19.2561
847, 34.3606, 19.2894
848, 34.2939, 19.3061
849, 34.1579, 19.3394
850, 34.0389, 19.3727
851, 33.9082, 19.4061
852, 33.7731, 19.4394
853, 33.7145, 19.4561
854, 33.5996, 19.4894
855, 33.4727, 19.5227
856, 33.351, 19.5561
857, 33.2597, 19.5894
858, 33.2161, 19.6061
859, 33.1271, 19.6394
860, 33.1096, 19.6727
861, 33.1084, 19.7061
862, 33.1203, 19.7394
863, 33.1831, 19.7727
864, 33.2301, 19.8061
865, 33.2588, 19.8227
866, 33.3247, 19.8561
867, 33.3921, 19.8894
868, 33.4682, 19.9227
869, 33.556, 19.9561
870, 33.6472, 19.9894
871, 33.6944, 20.0061
872, 33.7824, 20.0394
873, 33.8643, 20.0727
874, 33.9651, 20.1061
875, 34.0552, 20.1394
876, 34.0985, 20.1561
877, 34.2076, 20.1894
878, 34.3285, 20.2227
879, 34.4609, 20.2561
880, 34.5899, 20.2894
881, 34.6608, 20.3061
882, 34.8107, 20.3394
883, 34.9465, 20.3727
884, 35.092, 20.4061
885, 35.176, 20.4227
886, 35.3493, 20.4561
887, 35.5169, 20.4894
888, 35.5982, 20.5061
889, 35.7595, 20.5394
890, 35.9289, 20.5727
891, 36.0161, 20.5894
892, 36.1956, 20.6227
893, 36.3849, 20.6561
894, 36.4795, 20.6727
895, 36.6623, 20.7061
896, 36.8477, 20.7394
897, 36.9412, 20.7561
898, 37.1278, 20.7894
899, 37.3236, 20.8227
900, 37.4215, 20.8394
901, 37.6178, 20.8727
902, 37.7132, 20.8894
903, 37.9016, 20.9227
904, 37.9935, 20.9394
905, 38.1932, 20.9727
906, 38.3972, 21.0061
907, 38.4986, 21.0227
908, 38.6816, 21.0561
909, 38.7786, 21.0727
910, 38.9666, 21.1061
911, 39.0736, 21.1227
912, 39.2759, 21.1561
913, 39.3743, 21.1727
914, 39.5586, 21.2061
915, 39.6645, 21.2227
916, 39.8711, 21.2561
917, 39.9721, 21.2727
918, 40.1613, 21.3061
919, 40.2565, 21.3227
920, 40.4465, 21.3561
921, 40.5537, 21.3727
922, 40.7528, 21.4061
923, 40.8534, 21.4227
924, 41.0514, 21.4561
925, 41.1568, 21.4727
926, 41.3508, 21.5061
927, 41.4508, 21.5227
928, 41.634, 21.5561
929, 41.7347, 21.5727
930, 41.828, 21.5894
931, 42.0293, 21.6227
932, 42.1288, 21.6394
933, 42.3289, 21.6727
934, 42.4199, 21.6894
935, 42.6246, 21.7227
936, 42.7185, 21.7394
937, 42.8205, 21.7561
938, 43.0088, 21.7894
939, 43.1101, 21.8061
940, 43.2947, 21.8394
941, 43.3957, 21.8561
942, 43.4889, 21.8727
943, 43.6906, 21.9061
944, 43.7857, 21.9227
945, 43.8843, 21.9394
946, 44.0733, 21.9727
947, 44.1765, 21.9894
948, 44.2786, 22.0061
949, 44.4796, 22.0394
950, 44.5698, 22.0561
951, 44.7551, 22.0894
952, 44.8382, 22.1061
953, 44.9295, 22.1227
954, 45.0998, 22.1561
955, 45.1977, 22.1727
956, 45.3009, 22.1894
957, 45.5154, 22.2227
958, 45.6137, 22.2394
959, 45.7076, 22.2561
960, 45.8029, 22.2727
961, 45.9894, 22.3061
962, 46.0822, 22.3227
963, 46.1763, 22.3394
964, 46.365, 22.3727
965, 46.4571, 22.3894
966, 46.5481, 22.4061
967, 46.7397, 22.4394
968, 46.8388, 22.4561
969, 46.9375, 22.4727
970, 47.0349, 22.4894
971, 47.2238, 22.5227
972, 47.3142, 22.5394
973, 47.4065, 22.5561
974, 47.5009, 22.5727
975, 47.6924, 22.6061
976, 47.7859, 22.6227
977, 47.8781, 22.6394
978, 48.0675, 22.6727
979, 48.1595, 22.6894
980, 48.2497, 22.7061
981, 48.3372, 22.7227
982, 48.5152, 22.7561
983, 48.6055, 22.7727
984, 48.7014, 22.7894
985, 48.7973, 22.8061
986, 48.8922, 22.8227
987, 48.9832, 22.8561
988, 48.9666, 22.8727
989, 49.0758, 22.8894
990, 49.2181, 22.9061
991, 49.334, 22.9394
992, 49.4217, 22.9561
993, 49.5272, 22.9727
994, 49.6033, 22.9894
995, 49.656, 23.0061
996, 49.7889, 23.0394
997, 49.8692, 23.0561
998, 49.9506, 23.0727
999, 50.0349, 23.0894
1000, 50.1143, 23.1061
1001, 50.2626, 23.1394
1002, 50.3358, 23.1561
1003, 50.4102, 23.1727
1004, 50.4853, 23.1894
1005, 50.5616, 23.2061
1006, 50.7124, 23.2394
1007, 50.785, 23.2561
1008, 50.8576, 23.2727
1009, 50.9309, 23.2894
1010, 51.0023, 23.3061
1011, 51.1442, 23.3394
1012, 51.2182, 23.3561
1013, 51.2943, 23.3727
1014, 51.3706, 23.3894
1015, 51.4454, 23.4061
1016, 51.5179, 23.4227
1017, 51.6579, 23.4561
1018, 51.7284, 23.4727
1019, 51.8025, 23.4894
1020, 51.8782, 23.5061
1021, 51.9533, 23.5227
1022, 52.0257, 23.5394
1023, 52.0972, 23.5561
1024, 52.2391, 23.5894
1025, 52.309, 23.6061
1026, 52.3793, 23.6227
1027, 52.4526, 23.6394
1028, 52.5259, 23.6561
1029, 52.5968, 23.6727
1030, 52.734, 23.7061
1031, 52.8054, 23.7227
1032, 52.8793, 23.7394
1033, 52.9523, 23.7561
1034, 53.0224, 23.7727
1035, 53.092, 23.7894
1036, 53.1617, 23.8061
1037, 53.2336, 23.8227
1038, 53.3747, 23.8561
1039, 53.4447, 23.8727
1040, 53.5154, 23.8894
1041, 53.585, 23.9061
1042, 53.6526, 23.9227
1043, 53.7207, 23.9394
1044, 53.7913, 23.9561
1045, 53.8671, 23.9727
1046, 54.0181, 24.0061
1047, 54.0902, 24.0227
1048, 54.1602, 24.0394
1049, 54.2317, 24.0561
1050, 54.3021, 24.0727
1051, 54.3728, 24.0894
1052, 54.4434, 24.1061
1053, 54.5135, 24.1227
1054, 54.584, 24.1394
1055, 54.6538, 24.1561
1056, 54.7937, 24.1894
1057, 54.8647, 24.2061
1058, 54.9375, 24.2227
1059, 55.0113, 24.2394
1060, 55.0844, 24.2561
1061, 55.1563, 24.2727
1062, 55.2268, 24.2894
1063, 55.2961, 24.3061
1064, 55.3657, 24.3227
1065, 55.435, 24.3394
1066, 55.5041, 24.3561
1067, 55.6437, 24.3894
1068, 55.7137, 24.4061
1069, 55.7827, 24.4227
1070, 55.8493, 24.4394
1071, 55.9157, 24.4561
1072, 55.9838, 24.4727
1073, 56.0525, 24.4894
1074, 56.1208, 24.5061
1075, 56.1873, 24.5227
1076, 56.2523, 24.5394
1077, 56.317, 24.5561
1078, 56.3831, 24.5727
1079, 56.4499, 24.5894
1080, 56.5155, 24.6061
1081, 56.6401, 24.6394
1082, 56.7048, 24.6561
1083, 56.7725, 24.6727
1084, 56.7743, 24.6894
1085, 56.7604, 24.7061
1086, 56.878, 24.7227
1087, 56.9509, 24.7394
1088, 56.9927, 24.7561
1089, 57.0581, 24.7727
1090, 57.1209, 24.7894
1091, 57.1679, 24.8061
1092, 57.2199, 24.8227
1093, 57.2784, 24.8394
1094, 57.332, 24.8561
1095, 57.3846, 24.8727
1096, 57.4437, 24.8894
1097, 57.5014, 24.9061
1098, 57.5514, 24.9227
1099, 57.5957, 24.9394
1100, 57.6763, 24.9727
1101, 57.7105, 24.9894
1102, 57.7396, 25.0061
1103, 57.7652, 25.0227
1104, 57.7863, 25.0394
1105, 57.7989, 25.0561
1106, 57.8013, 25.0727
1107, 57.7955, 25.0894
1108, 57.7856, 25.1061
1109, 57.7628, 25.1227
1110, 57.7136, 25.1394
1111, 57.626, 25.1561
1112, 57.505, 25.1727
1113, 57.3565, 25.1894
1114, 57.188, 25.2061
1115, 57.0039, 25.2227
1116, 56.7919, 25.2394
1117, 56.5279, 25.2561
1118, 56.2751, 25.2727
1119, 56.0208, 25.2894
1120, 55.7521, 25.3061
1121, 55.1384, 25.3394
1122, 54.8101, 25.3561
1123, 54.4806, 25.3727
1124, 54.1349, 25.3894
1125, 53.7754, 25.4061
1126, 53.4175, 25.4227
1127, 53.0599, 25.4394
1128, 52.6993, 25.4561
1129, 52.3284, 25.4727
1130, 51.5657, 25.5061
1131, 51.197, 25.5227
1132, 50.8339, 25.5394
1133, 50.4397, 25.5561
1134, 50.0052, 25.5727
1135, 49.6089, 25.5894
1136, 48.9165, 25.6227
1137, 48.529, 25.6394
1138, 48.126, 25.6561
1139, 47.7271, 25.6727
1140, 46.9814, 25.7061
1141, 46.6395, 25.7227
1142, 46.3023, 25.7394
1143, 45.9589, 25.7561
1144, 45.2844, 25.7894
1145, 44.9907, 25.8061
1146, 44.7192, 25.8227
1147, 44.25, 25.8561
1148, 44.022, 25.8727
1149, 43.7584, 25.8894
1150, 43.3528, 25.9227
1151, 43.2102, 25.9394
1152, 42.8998, 25.9727
1153, 42.7479, 25.9894
1154, 42.63, 26.0061
1155, 42.4081, 26.0394
1156, 42.2866, 26.0561
1157, 42.062, 26.0894
1158, 41.9546, 26.1061
1159, 41.8441, 26.1227
1160, 41.6196, 26.1561
1161, 41.5105, 26.1727
1162, 41.2895, 26.2061
1163, 41.1762, 26.2227
1164, 40.9485, 26.2561
1165, 40.8337, 26.2727
1166, 40.6006, 26.3061
1167, 40.4814, 26.3227
1168, 40.3605, 26.3394
1169, 40.1237, 26.3727
1170, 40.0074, 26.3894
1171, 39.7745, 26.4227
1172, 39.6576, 26.4394
1173, 39.4263, 26.4727
1174, 39.313, 26.4894
1175, 39.0936, 26.5227
1176, 38.9876, 26.5394
1177, 38.7755, 26.5727
1178, 38.6743, 26.5894
1179, 38.4934, 26.6227
1180, 38.408, 26.6394
1181, 38.2543, 26.6727
1182, 38.132, 26.7061
1183, 38.0747, 26.7227
1184, 37.9654, 26.7561
1185, 37.9322, 26.7727
1186, 37.88, 26.8061
1187, 37.8945, 26.8227
1188, 37.9966, 26.8561
1189, 37.9876, 26.8727
1190, 38.0021, 26.9061
1191, 38.0994, 26.9394
1192, 38.1191, 26.9561
1193, 38.1428, 26.9894
1194, 38.1637, 27.0061
1195, 38.1627, 27.0394
1196, 38.1382, 27.0561
1197, 38.0867, 27.0894
1198, 38.0606, 27.1061
1199, 37.8905, 27.1394
1200, 37.8262, 27.1561
1201, 37.7673, 27.1894
1202, 37.6609, 27.2227
1203, 37.6049, 27.2394
1204, 37.518, 27.2727
1205, 37.4687, 27.2894
1206, 37.3613, 27.3227
1207, 37.3111, 27.3394
1208, 37.2088, 27.3727
1209, 37.1025, 27.4061
1210, 37.0495, 27.4227
1211, 36.9388, 27.4561
1212, 36.8827, 27.4727
1213, 36.7723, 27.5061
1214, 36.6573, 27.5394
1215, 36.599, 27.5561
1216, 36.4812, 27.5894
1217, 36.4198, 27.6061
1218, 36.296, 27.6394
1219, 36.1727, 27.6727
1220, 36.1087, 27.6894
1221, 35.9784, 27.7227
1222, 35.8472, 27.7561
1223, 35.78, 27.7727
1224, 35.6407, 27.8061
1225, 35.502, 27.8394
1226, 35.4337, 27.8561
1227, 35.2977, 27.8894
1228, 35.157, 27.9227
1229, 35.0853, 27.9394
1230, 34.9461, 27.9727
1231, 34.8076, 28.0061
1232, 34.6687, 28.0394
1233, 34.5992, 28.0561
1234, 34.4601, 28.0894
1235, 34.3262, 28.1227
1236, 34.2595, 28.1394
1237, 34.1193, 28.1727
1238, 33.9832, 28.2061
1239, 33.8514, 28.2394
1240, 33.7861, 28.2561
1241, 33.6751, 28.2894
1242, 33.5764, 28.3227
1243, 33.567, 28.3561
1244, 33.5747, 28.3727
1245, 33.5314, 28.4061
1246, 33.5619, 28.4394
1247, 33.6091, 28.4727
1248, 33.637, 28.4894
1249, 33.6966, 28.5227
1250, 33.7551, 28.5561
1251, 33.8097, 28.5894
1252, 33.8854, 28.6227
1253, 33.9272, 28.6394
1254, 34.0191, 28.6727
1255, 34.1093, 28.7061
1256, 34.1832, 28.7394
1257, 34.2221, 28.7561
1258, 34.2936, 28.7894
1259, 34.3258, 28.8227
1260, 34.3257, 28.8561
1261, 34.3042, 28.8894
1262, 34.2866, 28.9061
1263, 34.2365, 28.9394
1264, 34.1666, 28.9727
1265, 34.1113, 29.0061
1266, 34.086, 29.0227
1267, 34.0349, 29.0561
1268, 34.0085, 29.0894
1269, 33.9883, 29.1227
1270, 33.9803, 29.1394
1271, 33.9687, 29.1727
1272, 33.9636, 29.2061
1273, 33.9661, 29.2394
1274, 33.9738, 29.2727
1275, 33.9759, 29.2894
1276, 33.9908, 29.3227
1277, 34.0183, 29.3561
1278, 34.041, 29.3894
1279, 34.0705, 29.4227
1280, 34.0853, 29.4394
1281, 34.121, 29.4727
1282, 34.1602, 29.5061
1283, 34.1898, 29.5394
1284, 34.2508, 29.5727
1285, 34.287, 29.5894
1286, 34.3412, 29.6227
1287, 34.3952, 29.6561
1288, 34.4509, 29.6894
1289, 34.4801, 29.7061
1290, 34.558, 29.7394
1291, 34.6393, 29.7727
1292, 34.7106, 29.8061
1293, 34.7904, 29.8394
1294, 34.8265, 29.8561
1295, 34.9119, 29.8894
1296, 35.014, 29.9227
1297, 35.1284, 29.9561
1298, 35.1896, 29.9727
1299, 35.3139, 30.0061
1300, 35.4461, 30.0394
1301, 35.5748, 30.0727
1302, 35.6375, 30.0894
1303, 35.7786, 30.1227
1304, 35.9312, 30.1561
1305, 36.0782, 30.1894
1306, 36.1504, 30.2061
1307, 36.3074, 30.2394
1308, 36.4728, 30.2727
1309, 36.5525, 30.2894
1310, 36.7144, 30.3227
1311, 36.8834, 30.3561
1312, 36.9716, 30.3727
1313, 37.1526, 30.4061
1314, 37.2436, 30.4227
1315, 37.4243, 30.4561
1316, 37.5997, 30.4894
1317, 37.6833, 30.5061
1318, 37.8537, 30.5394
1319, 38.0443, 30.5727
1320, 38.1465, 30.5894
1321, 38.3464, 30.6227
1322, 38.4423, 30.6394
1323, 38.6294, 30.6727
1324, 38.7253, 30.6894
1325, 38.9148, 30.7227
1326, 39.0904, 30.7561
1327, 39.174, 30.7727
1328, 39.3629, 30.8061
1329, 39.4692, 30.8227
1330, 39.6727, 30.8561
1331, 39.7631, 30.8727
1332, 39.9479, 30.9061
1333, 40.0419, 30.9227
1334, 40.2327, 30.9561
1335, 40.3289, 30.9727
1336, 40.5193, 31.0061
1337, 40.6059, 31.0227
1338, 40.7787, 31.0561
1339, 40.8698, 31.0727
1340, 41.0555, 31.1061
1341, 41.1513, 31.1227
1342, 41.3488, 31.1561
1343, 41.4341, 31.1727
1344, 41.5938, 31.2061
1345, 41.6792, 31.2227
1346, 41.772, 31.2394
1347, 41.9509, 31.2727
1348, 42.025, 31.2894
1349, 42.1721, 31.3227
1350, 42.2596, 31.3394
1351, 42.4516, 31.3727
1352, 42.5362, 31.3894
1353, 42.6032, 31.4061
1354, 42.7708, 31.4394
1355, 42.8668, 31.4561
1356, 43.024, 31.4894
1357, 43.0972, 31.5061
1358, 43.1727, 31.5227
1359, 43.139, 31.5561
1360, 43.1492, 31.5727
1361, 43.3222, 31.6061
1362, 43.4463, 31.6227
1363, 43.5885, 31.6394
1364, 43.8248, 31.6727
1365, 43.9523, 31.6894
1366, 44.108, 31.7227
1367, 44.1692, 31.7394
1368, 44.2227, 31.7561
1369, 44.3091, 31.7894
1370, 44.3907, 31.8061
1371, 44.5055, 31.8227
1372, 44.7949, 31.8561
1373, 44.9223, 31.8727
1374, 45.0358, 31.8894
1375, 45.1938, 31.9227
1376, 45.2734, 31.9394
1377, 45.3652, 31.9561
1378, 45.5589, 31.9894
1379, 45.6441, 32.0061
1380, 45.7292, 32.0227
1381, 45.9112, 32.0561
1382, 46.0118, 32.0727
1383, 46.117, 32.0894
1384, 46.3281, 32.1227
1385, 46.4258, 32.1394
1386, 46.5192, 32.1561
1387, 46.6137, 32.1727
1388, 46.8109, 32.2061
1389, 46.9128, 32.2227
1390, 47.0111, 32.2394
1391, 47.1921, 32.2727
1392, 47.2782, 32.2894
1393, 47.3669, 32.3061
1394, 47.4585, 32.3227
1395, 47.6632, 32.3561
1396, 47.7651, 32.3727
1397, 47.8626, 32.3894
1398, 47.9557, 32.4061
1399, 48.1452, 32.4394
1400, 48.1548, 32.4561
1401, 48.1414, 32.4727
1402, 48.2542, 32.4894
1403, 48.4636, 32.5227
1404, 48.5166, 32.5394
1405, 48.6181, 32.5561
1406, 48.7205, 32.5727
1407, 48.8655, 32.6061
1408, 48.9526, 32.6227
1409, 49.0397, 32.6394
1410, 49.1176, 32.6561
1411, 49.1936, 32.6727
1412, 49.355, 32.7061
1413, 49.4346, 32.7227
1414, 49.5148, 32.7394
1415, 49.5957, 32.7561
1416, 49.7534, 32.7894
1417, 49.8309, 32.8061
1418, 49.91, 32.8227
1419, 49.9823, 32.8394
1420, 50.0385, 32.8561
1421, 50.1538, 32.8894
1422, 50.2408, 32.9061
1423, 50.3423, 32.9227
1424, 50.4419, 32.9394
1425, 50.5276, 32.9561
1426, 50.6872, 32.9894
1427, 50.7646, 33.0061
1428, 50.8447, 33.0227
1429, 50.9246, 33.0394
1430, 51.0029, 33.0561
1431, 51.0791, 33.0727
1432, 51.2328, 33.1061
1433, 51.3104, 33.1227
1434, 51.3876, 33.1394
1435, 51.4641, 33.1561
1436, 51.5411, 33.1727
1437, 51.618, 33.1894
1438, 51.7748, 33.2227
1439, 51.8549, 33.2394
1440, 51.9339, 33.2561
1441, 52.0117, 33.2727
1442, 52.0892, 33.2894
1443, 52.1634, 33.3061
1444, 52.3128, 33.3394
1445, 52.391, 33.3561
1446, 52.4734, 33.3727
1447, 52.5513, 33.3894
1448, 52.6227, 33.4061
1449, 52.6948, 33.4227
1450, 52.7699, 33.4394
1451, 52.9349, 33.4727
1452, 53.0157, 33.4894
1453, 53.0923, 33.5061
1454, 53.1664, 33.5227
1455, 53.2379, 33.5394
1456, 53.3115, 33.5561
1457, 53.3867, 33.5727
1458, 53.4664, 33.5894
1459, 53.627, 33.6227
1460, 53.7041, 33.6394
1461, 53.7767, 33.6561
1462, 53.8498, 33.6727
1463, 53.9241, 33.6894
1464, 54.0037, 33.7061
1465, 54.0833, 33.7227
1466, 54.1597, 33.7394
1467, 54.2309, 33.7561
1468, 54.3823, 33.7894
1469, 54.4618, 33.8061
1470, 54.5378, 33.8227
1471, 54.6136, 33.8394
1472, 54.6919, 33.8561
1473, 54.7709, 33.8727
1474, 54.8465, 33.8894
1475, 54.9193, 33.9061
1476, 54.9888, 33.9227
1477, 55.0605, 33.9394
1478, 55.2161, 33.9727
1479, 55.2957, 33.9894
1480, 55.372, 34.0061
1481, 55.4446, 34.0227
1482, 55.517, 34.0394
1483, 55.5907, 34.0561
1484, 55.6624, 34.0727
1485, 55.7363, 34.0894
1486, 55.8112, 34.1061
1487, 55.8894, 34.1227
1488, 55.9657, 34.1394
1489, 56.0403, 34.1561
1490, 56.1843, 34.1894
1491, 56.257, 34.2061
1492, 56.33, 34.2227
1493, 56.4041, 34.2394
1494, 56.4775, 34.2561
1495, 56.55, 34.2727
1496, 56.6217, 34.2894
1497, 56.6944, 34.3061
1498, 56.7666, 34.3227
1499, 56.8365, 34.3394
1500, 56.9025, 34.3561
1501, 56.968, 34.3727
1502, 57.0363, 34.3894
1503, 57.1051, 34.4061
1504, 57.1743, 34.4227
1505, 57.2434, 34.4394
1506, 57.3152, 34.4561
1507, 57.3884, 34.4727
1508, 57.5293, 34.5061
1509, 57.5963, 34.5227
1510, 57.6625, 34.5394
1511, 57.7293, 34.5561
1512, 57.7293, 34.5727
1513, 57.7124, 34.5894
1514, 57.8289, 34.6061
1515, 57.9094, 34.6227
1516, 57.9397, 34.6394
1517, 58.0065, 34.6561
1518, 58.0834, 34.6727
1519, 58.133, 34.6894
1520, 58.1795, 34.7061
1521, 58.2435, 34.7227
1522, 58.3063, 34.7394
1523, 58.3602, 34.7561
1524, 58.4147, 34.7727
1525, 58.4727, 34.7894
1526, 58.531, 34.8061
1527, 58.5847, 34.8227
1528, 58.6411, 34.8394
1529, 58.6982, 34.8561
1530, 58.759, 34.8727
1531, 58.8186, 34.8894
1532, 58.8789, 34.9061
1533, 58.9374, 34.9227
1534, 58.9946, 34.9394
1535, 59.0491, 34.9561
1536, 59.1027, 34.9727
1537, 59.1574, 34.9894
1538, 59.2146, 35.0061
1539, 59.2745, 35.0227
1540, 59.3363, 35.0394
1541, 59.3959, 35.0561
1542, 59.4545, 35.0727
1543, 59.5071, 35.0894
1544, 59.6096, 35.1227
1545, 59.6658, 35.1394
1546, 59.724, 35.1561
1547, 59.784, 35.1727
1548, 59.8403, 35.1894
1549, 59.897, 35.2061
1550, 59.9543, 35.2227
1551, 60.0114, 35.2394
1552, 60.0674, 35.2561
1553, 60.1198, 35.2727
1554, 60.174, 35.2894
1555, 60.2264, 35.3061
1556, 60.2838, 35.3227
1557, 60.34, 35.3394
1558, 60.3983, 35.3561
1559, 60.4563, 35.3727
1560, 60.5111, 35.3894
1561, 60.5651, 35.4061
1562, 60.5651, 35.4061
1563, 60.6177, 35.4227
1564, 60.6736, 35.4394
1565, 60.7314, 35.4561
1566, 60.7891, 35.4727
1567, 60.8431, 35.4894
1568, 60.8919, 35.5061
1569, 60.9423, 35.5227
1570, 60.9967, 35.5394
1571, 61.0552, 35.5561
1572, 61.1113, 35.5727
1573, 61.1644, 35.5894
1574, 61.2156, 35.6061
1575, 61.2701, 35.6227
1576, 61.3273, 35.6394
1577, 61.3854, 35.6561
1578, 61.4428, 35.6727
1579, 61.4976, 35.6894
1580, 61.5505, 35.7061
1581, 61.6005, 35.7227
1582, 61.6512, 35.7394
1583, 61.7063, 35.7561
1584, 61.7664, 35.7727
1585, 61.8256, 35.7894
1586, 61.8804, 35.8061
1587, 61.9304, 35.8227
1588, 61.982, 35.8394
1589, 62.0349, 35.8561
1590, 62.0895, 35.8727
1591, 62.1435, 35.8894
1592, 62.1965, 35.9061
1593, 62.2505, 35.9227
1594, 62.3072, 35.9394
1595, 62.3635, 35.9561
1596, 62.4169, 35.9727
1597, 62.4697, 35.9894
1598, 62.5238, 36.0061
1599, 62.5782, 36.0227
1600, 62.6304, 36.0394
1601, 62.6304, 36.0394
1602, 62.6847, 36.0561
1603, 62.7403, 36.0727
1604, 62.7962, 36.0894
1605, 62.8486, 36.1061
1606, 62.9006, 36.1227
1607, 62.9561, 36.1394
1608, 63.0127, 36.1561
1609, 63.0644, 36.1727
1610, 63.1155, 36.1894
1611, 63.168, 36.2061
1612, 63.2229, 36.2227
1613, 63.2743, 36.2394
1614, 63.326, 36.2561
1615, 63.3778, 36.2727
1616, 63.437, 36.2894
1617, 63.4933, 36.3061
1618, 63.5447, 36.3227
1619, 63.5942, 36.3394
1620, 63.6476, 36.3561
1621, 63.6476, 36.3561
1622, 63.7046, 36.3727
1623, 63.7604, 36.3894
1624, 63.8141, 36.4061
1625, 63.8708, 36.4227
1626, 63.9305, 36.4394
1627, 63.9856, 36.4561
1628, 64.0338, 36.4727
1629, 64.0847, 36.4894
1630, 64.1377, 36.5061
1631, 64.1869, 36.5227
1632, 64.2309, 36.5394
1633, 64.2815, 36.5561
1634, 64.3519, 36.5727
1635, 64.4204, 36.5894
1636, 64.4782, 36.6061
1637, 64.4782, 36.6061
1638, 64.5275, 36.6227
1639, 64.5787, 36.6394
1640, 64.631, 36.6561
1641, 64.6843, 36.6727
1642, 64.7421, 36.6894
1643, 64.8028, 36.7061
1644, 64.8602, 36.7227
1645, 64.9125, 36.7394
1646, 64.9673, 36.7561
1647, 65.0254, 36.7727
1648, 65.0832, 36.7894
1649, 65.1359, 36.8061
1650, 65.1359, 36.8061
1651, 65.1898, 36.8227
1652, 65.2457, 36.8394
1653, 65.3023, 36.8561
1654, 65.3597, 36.8727
1655, 65.4158, 36.8894
1656, 65.4729, 36.9061
1657, 65.5277, 36.9227
1658, 65.581, 36.9394
1659, 65.6317, 36.9561
1660, 65.6874, 36.9727
1661, 65.7457, 36.9894
1662, 65.7457, 36.9894
1663, 65.8046, 37.0061
1664, 65.8598, 37.0227
1665, 65.9136, 37.0394
1666, 65.9665, 37.0561
1667, 66.0203, 37.0727
1668, 66.0726, 37.0894
1669, 66.1255, 37.1061
1670, 66.1787, 37.1227
1671, 66.2333, 37.1394
1672, 66.289, 37.1561
1673, 66.289, 37.1561
1674, 66.3445, 37.1727
1675, 66.3973, 37.1894
1676, 66.4503, 37.2061
1677, 66.5072, 37.2227
1678, 66.5659, 37.2394
1679, 66.6222, 37.2561
1680, 66.6745, 37.2727
1681, 66.7259, 37.2894
1682, 66.7763, 37.3061
1683, 66.7763, 37.3061
1684, 66.8255, 37.3227
1685, 66.8766, 37.3394
1686, 66.929, 37.3561
1687, 66.9845, 37.3727
1688, 67.0417, 37.3894
1689, 67.0998, 37.4061
1690, 67.1577, 37.4227
1691, 67.2142, 37.4394
1692, 67.2694, 37.4561
1693, 67.2694, 37.4561
1694, 67.3221, 37.4727
1695, 67.3753, 37.4894
1696, 67.43, 37.5061
1697, 67.4882, 37.5227
1698, 67.5471, 37.5394
1699, 67.6036, 37.5561
1700, 67.6558, 37.5727
1701, 67.7068, 37.5894
1702, 67.7068, 37.5894
1703, 67.7613, 37.6061
1704, 67.8171, 37.6227
1705, 67.8708, 37.6394
1706, 67.9184, 37.6561
1707, 67.964, 37.6727
1708, 68.0172, 37.6894
1709, 68.0728, 37.7061
1710, 68.1223, 37.7227
1711, 68.1223, 37.7227
1712, 68.1759, 37.7394
1713, 68.2372, 37.7561
1714, 68.3026, 37.7727
1715, 68.3588, 37.7894
1716, 68.4074, 37.8061
1717, 68.4599, 37.8227
1718, 68.5181, 37.8394
1719, 68.5181, 37.8394
1720, 68.5745, 37.8561
1721, 68.624, 37.8727
1722, 68.6721, 37.8894
1723, 68.7215, 37.9061
1724, 68.7731, 37.9227
1725, 68.8269, 37.9394
1726, 68.8803, 37.9561
1727, 68.8803, 37.9561
1728, 68.9337, 37.9727
1729, 68.9889, 37.9894
1730, 69.0448, 38.0061
1731, 69.0993, 38.0227
1732, 69.1525, 38.0394
1733, 69.2057, 38.0561
1734, 69.2057, 38.0561
1735, 69.2586, 38.0727
1736, 69.3113, 38.0894
1737, 69.3641, 38.1061
1738, 69.4168, 38.1227
1739, 69.4659, 38.1394
1740, 69.4939, 38.1561
1741, 69.4981, 38.1727
1742, 69.4981, 38.1727
1743, 69.495, 38.1894
1744, 69.4894, 38.2061
1745, 69.4808, 38.2227
1746, 69.4744, 38.2394
1747, 69.4687, 38.2561
1748, 69.4608, 38.2727
1749, 69.4608, 38.2727
1750, 69.441, 38.2894
1751, 69.4239, 38.3061
1752, 69.5141, 38.3227
1753, 69.561, 38.3394
1754, 69.5849, 38.3561
1755, 69.6582, 38.3727
1756, 69.703, 38.3894
1757, 69.703, 38.3894
1758, 69.7398, 38.4061
1759, 69.8011, 38.4227
1760, 69.8465, 38.4394
1761, 69.8846, 38.4561
1762, 69.9381, 38.4727
1763, 69.9866, 38.4894
1764, 69.9866, 38.4894
1765, 70.0281, 38.5061
1766, 70.076, 38.5227
1767, 70.1242, 38.5394
1768, 70.1683, 38.5561
1769, 70.2172, 38.5727
1770, 70.2659, 38.5894
1771, 70.2659, 38.5894
1772, 70.3119, 38.6061
1773, 70.3588, 38.6227
1774, 70.4066, 38.6394
1775, 70.4519, 38.6561
1776, 70.4962, 38.6727
1777, 70.5444, 38.6894
1778, 70.5444, 38.6894
1779, 70.5895, 38.7061
1780, 70.6331, 38.7227
1781, 70.6784, 38.7394
1782, 70.725, 38.7561
1783, 70.7703, 38.7727
1784, 70.8153, 38.7894
1785, 70.8153, 38.7894
1786, 70.8607, 38.8061
1787, 70.9061, 38.8227
1788, 70.9499, 38.8394
1789, 70.9945, 38.8561
1790, 71.0418, 38.8727
1791, 71.0418, 38.8727
1792, 71.0882, 38.8894
1793, 71.1324, 38.9061
1794, 71.1747, 38.9227
1795, 71.2162, 38.9394
1796, 71.2577, 38.9561
1797, 71.3062, 38.9727
1798, 71.3062, 38.9727
1799, 71.3542, 38.9894
1800, 71.3998, 39.0061
1801, 71.4449, 39.0227
1802, 71.492, 39.0394
1803, 71.539, 39.0561
1804, 71.539, 39.0561
1805, 71.5826, 39.0727
1806, 71.6268, 39.0894
1807, 71.671, 39.1061
1808, 71.7126, 39.1227
1809, 71.7543, 39.1394
1810, 71.7543, 39.1394
1811, 71.7957, 39.1561
1812, 71.8365, 39.1727
1813, 71.8769, 39.1894
1814, 71.9177, 39.2061
1815, 71.9583, 39.2227
1816, 71.9583, 39.2227
1817, 71.9972, 39.2394
1818, 72.0376, 39.2561
1819, 72.0753, 39.2727
1820, 72.109, 39.2894
1821, 72.1409, 39.3061
1822, 72.1409, 39.3061
1823, 72.1734, 39.3227
1824, 72.205, 39.3394
1825, 72.2359, 39.3561
1826, 72.2684, 39.3727
1827, 72.3003, 39.3894
1828, 72.3003, 39.3894
1829, 72.3318, 39.4061
1830, 72.3639, 39.4227
1831, 72.3953, 39.4394
1832, 72.4261, 39.4561
1833, 72.4583, 39.4727
1834, 72.4583, 39.4727
1835, 72.4945, 39.4894
1836, 72.5334, 39.5061
1837, 72.5679, 39.5227
1838, 72.5967, 39.5394
1839, 72.6212, 39.5561
1840, 72.6212, 39.5561
1841, 72.6489, 39.5727
1842, 72.6785, 39.5894
1843, 72.707, 39.6061
1844, 72.7329, 39.6227
1845, 72.7568, 39.6394
1846, 72.7568, 39.6394
1847, 72.7812, 39.6561
1848, 72.8082, 39.6727
1849, 72.8342, 39.6894
1850, 72.8569, 39.7061
1851, 72.8569, 39.7061
1852, 72.8819, 39.7227
1853, 72.9108, 39.7394
1854, 72.9391, 39.7561
1855, 72.9651, 39.7727
1856, 72.9902, 39.7894
1857, 72.9902, 39.7894
1858, 73.0143, 39.8061
1859, 73.0357, 39.8227
1860, 73.0571, 39.8394
1861, 73.0785, 39.8561
1862, 73.0785, 39.8561
1863, 73.0983, 39.8727
1864, 73.1168, 39.8894
1865, 73.1306, 39.9061
1866, 73.1397, 39.9227
1867, 73.147, 39.9394
1868, 73.147, 39.9394
1869, 73.1557, 39.9561
1870, 73.1614, 39.9727
1871, 73.162, 39.9894
1872, 73.1577, 40.0061
1873, 73.1507, 40.0227
1874, 73.1507, 40.0227
1875, 73.139, 40.0394
1876, 73.122, 40.0561
1877, 73.1045, 40.0727
1878, 73.0842, 40.0894
1879, 73.0842, 40.0894
1880, 73.0548, 40.1061
1881, 73.0205, 40.1227
1882, 72.9839, 40.1394
1883, 72.941, 40.1561
1884, 72.8869, 40.1727
1885, 72.8869, 40.1727
1886, 72.8201, 40.1894
1887, 72.7365, 40.2061
1888, 72.6253, 40.2227
1889, 72.4825, 40.2394
1890, 72.3108, 40.2561
1891, 72.3108, 40.2561
1892, 72.1221, 40.2727
1893, 71.9162, 40.2894
1894, 71.6564, 40.3061
1895, 71.3847, 40.3227
1896, 71.1234, 40.3394
1897, 71.1234, 40.3394
1898, 70.846, 40.3561
1899, 70.5534, 40.3727
1900, 70.2259, 40.3894
1901, 69.8695, 40.4061
1902, 69.519, 40.4227
1903, 69.157, 40.4394
1904, 69.157, 40.4394
1905, 68.7759, 40.4561
1906, 68.3996, 40.4727
1907, 68.0258, 40.4894
1908, 67.6415, 40.5061
1909, 67.255, 40.5227
1910, 66.8662, 40.5394
1911, 66.4714, 40.5561
1912, 66.0845, 40.5727
1913, 65.7055, 40.5894
1914, 65.7055, 40.5894
1915, 65.3021, 40.6061
1916, 64.8727, 40.6227
1917, 64.4743, 40.6394
1918, 64.098, 40.6561
1919, 63.7358, 40.6727
1920, 63.3837, 40.6894
1921, 63.0256, 40.7061
1922, 62.6522, 40.7227
1923, 62.2969, 40.7394
1924, 61.9528, 40.7561
1925, 61.6151, 40.7727
1926, 61.2917, 40.7894
1927, 60.9642, 40.8061
1928, 60.6588, 40.8227
1929, 60.3828, 40.8394
1930, 60.1223, 40.8561
1931, 59.886, 40.8727
1932, 59.6656, 40.8894
1933, 59.4603, 40.9061
1934, 59.2732, 40.9227
1935, 59.0989, 40.9394
1936, 58.931, 40.9561
1937, 58.7735, 40.9727
1938, 58.6232, 40.9894
1939, 58.4771, 41.0061
1940, 58.3378, 41.0227
1941, 58.2068, 41.0394
1942, 58.0766, 41.0561
1943, 57.9494, 41.0727
1944, 57.8271, 41.0894
1945, 57.712, 41.1061
1946, 57.5995, 41.1227
1947, 57.4901, 41.1394
1948, 57.388, 41.1561
1949, 57.2927, 41.1727
1950, 57.2021, 41.1894
1951, 57.1225, 41.2061
1952, 56.9784, 41.2394
1953, 56.909, 41.2561
1954, 56.8422, 41.2727
1955, 56.7814, 41.2894
1956, 56.7317, 41.3061
1957, 56.6848, 41.3227
1958, 56.64, 41.3394
1959, 56.649, 41.3561
1960, 56.6562, 41.3727
1961, 56.6189, 41.3894
1962, 56.5984, 41.4061
1963, 56.5956, 41.4227
1964, 56.5724, 41.4394
1965, 56.5412, 41.4561
1966, 56.5157, 41.4727
1967, 56.4776, 41.4894
1968, 56.4292, 41.5061
1969, 56.3831, 41.5227
1970, 56.2804, 41.5561
1971, 56.2258, 41.5727
1972, 56.1245, 41.5894
1973, 56.0215, 41.6061
1974, 55.9585, 41.6227
1975, 55.8988, 41.6394
1976, 55.8315, 41.6561
1977, 55.7393, 41.6727
1978, 55.6622, 41.6894
1979, 55.5982, 41.7061
1980, 55.5212, 41.7227
1981, 55.4418, 41.7394
1982, 55.3694, 41.7561
1983, 55.2125, 41.7894
1984, 55.1327, 41.8061
1985, 55.056, 41.8227
1986, 54.9815, 41.8394
1987, 54.9097, 41.8561
1988, 54.8392, 41.8727
1989, 54.7695, 41.8894
1990, 54.701, 41.9061
1991, 54.6326, 41.9227
1992, 54.6326, 41.9227
1993, 54.6326, 41.9227
1994, 54.6326, 41.9227
1995, 54.4435, 42.0061
1996, 54.3892, 42.0227
1997, 54.3567, 42.0394
1998, 54.3611, 42.0561
1999, 54.3489, 42.0727
2000, 54.3241, 42.0894
2001, 54.3185, 42.1061
2002, 54.2992, 42.1394
2003, 54.2818, 42.1561
2004, 54.2741, 42.1727
2005, 54.2716, 42.1894
2006, 54.2687, 42.2061
2007, 54.2628, 42.2227
2008, 54.256, 42.2394
2009, 54.2492, 42.2561
2010, 54.2362, 42.2727
2011, 54.2174, 42.2894
2012, 54.1899, 42.3227
2013, 54.1664, 42.3394
2014, 54.1332, 42.3561
2015, 54.1034, 42.3727
2016, 54.071, 42.3894
2017, 54.0285, 42.4061
2018, 53.9835, 42.4227
2019, 53.9378, 42.4394
2020, 53.8868, 42.4561
2021, 53.8304, 42.4727
2022, 53.7208, 42.5061
2023, 53.6703, 42.5227
2024, 53.6218, 42.5394
2025, 53.5696, 42.5561
2026, 53.5173, 42.5727
2027, 53.4686, 42.5894
2028, 53.4213, 42.6061
2029, 53.3731, 42.6227
2030, 53.3336, 42.6394
2031, 53.2548, 42.6727
2032, 53.222, 42.6894
2033, 53.1827, 42.7061
2034, 53.1383, 42.7227
2035, 53.0957, 42.7394
2036, 53.0624, 42.7561
2037, 53.0324, 42.7727
2038, 53.0048, 42.7894
2039, 52.9611, 42.8227
2040, 52.9486, 42.8394
2041, 52.943, 42.8561
2042, 52.9378, 42.8727
2043, 52.9323, 42.8894
2044, 52.9348, 42.9061
2045, 52.945, 42.9227
2046, 52.9636, 42.9561
2047, 52.9683, 42.9727
2048, 52.9743, 42.9894
2049, 52.9824, 43.0061
2050, 52.9954, 43.0227
2051, 53.0164, 43.0394
2052, 53.0438, 43.0561
2053, 53.0898, 43.0894
2054, 53.113, 43.1061
2055, 53.129, 43.1227
2056, 53.1483, 43.1394
2057, 53.1666, 43.1561
2058, 53.1867, 43.1727
2059, 53.2045, 43.1894
2060, 53.2183, 43.2061
2061, 53.2571, 43.2394
2062, 53.2788, 43.2561
2063, 53.2971, 43.2727
2064, 53.3154, 43.2894
2065, 53.3363, 43.3061
2066, 53.3606, 43.3227
2067, 53.3862, 43.3394
2068, 53.4103, 43.3561
2069, 53.4633, 43.3894
2070, 53.493, 43.4061
2071, 53.5271, 43.4227
2072, 53.5652, 43.4394
2073, 53.6038, 43.4561
2074, 53.6449, 43.4727
2075, 53.6886, 43.4894
2076, 53.7309, 43.5061
2077, 53.8109, 43.5394
2078, 53.8512, 43.5561
2079, 53.8912, 43.5727
2080, 53.9318, 43.5894
2081, 53.9729, 43.6061
2082, 54.0157, 43.6227
2083, 54.0601, 43.6394
2084, 54.1054, 43.6561
2085, 54.1505, 43.6727
2086, 54.239, 43.7061
2087, 54.2818, 43.7227
2088, 54.3223, 43.7394
2089, 54.366, 43.7561
2090, 54.4159, 43.7727
2091, 54.4697, 43.7894
2092, 54.5185, 43.8061
2093, 54.559, 43.8227
2094, 54.5973, 43.8394
2095, 54.6369, 43.8561
2096, 54.7262, 43.8894
2097, 54.7725, 43.9061
2098, 54.8154, 43.9227
2099, 54.8551, 43.9394
2100, 54.8947, 43.9561
2101, 54.9384, 43.9727
2102, 54.9856, 43.9894
2103, 55.0351, 44.0061
2104, 55.0826, 44.0227
2105, 55.1192, 44.0394
2106, 55.1874, 44.0727
2107, 55.2332, 44.0894
2108, 55.2836, 44.1061
2109, 55.3375, 44.1227
2110, 55.3897, 44.1394
2111, 55.4388, 44.1561
2112, 55.4886, 44.1727
2113, 55.5388, 44.1894
2114, 55.5889, 44.2061
2115, 55.636, 44.2227
2116, 55.6785, 44.2394
2117, 55.7209, 44.2561
2118, 55.814, 44.2894
2119, 55.864, 44.3061
2120, 55.9145, 44.3227
2121, 55.9629, 44.3394
2122, 56.0124, 44.3561
2123, 56.0622, 44.3727
2124, 56.1101, 44.3894
2125, 56.1604, 44.4061
2126, 56.2022, 44.4227
2127, 56.2531, 44.4394
2128, 56.2953, 44.4561
2129, 56.3464, 44.4727
2130, 56.3938, 44.4894
2131, 56.448, 44.5061
2132, 56.5436, 44.5394
2133, 56.5912, 44.5561
2134, 56.6379, 44.5727
2135, 56.6942, 44.5894
2136, 56.746, 44.6061
2137, 56.8055, 44.6227
2138, 56.8498, 44.6394
2139, 56.9017, 44.6561
2140, 56.9419, 44.6727
2141, 57.0003, 44.6894
2142, 57.057, 44.7061
2143, 57.1206, 44.7227
2144, 57.1344, 44.7394
2145, 57.1578, 44.7561
2146, 57.2211, 44.7727
2147, 57.3027, 44.7894
2148, 57.3714, 44.8061
2149, 57.4176, 44.8227
2150, 57.5256, 44.8561
2151, 57.5674, 44.8727
2152, 57.6063, 44.8894
2153, 57.6432, 44.9061
2154, 57.6813, 44.9227
2155, 57.7329, 44.9394
2156, 57.7844, 44.9561
2157, 57.8328, 44.9727
2158, 57.8694, 44.9894
2159, 57.9209, 45.0061
2160, 57.9734, 45.0227
2161, 58.0263, 45.0394
2162, 58.0725, 45.0561
2163, 58.1275, 45.0727
2164, 58.2089, 45.0894
2165, 58.3096, 45.1061
2166, 58.3936, 45.1227
2167, 58.459, 45.1394
2168, 58.5035, 45.1561
2169, 58.5699, 45.1727
2170, 58.6274, 45.1894
2171, 58.6876, 45.2061
2172, 58.7372, 45.2227
2173, 58.7949, 45.2394
2174, 58.845, 45.2561
2175, 58.9012, 45.2727
2176, 58.9508, 45.2894
2177, 59.0067, 45.3061
2178, 59.0515, 45.3227
2179, 59.0987, 45.3394
2180, 59.1536, 45.3561
2181, 59.2092, 45.3727
2182, 59.2671, 45.3894
2183, 59.3215, 45.4061
2184, 59.3736, 45.4227
2185, 59.4757, 45.4561
2186, 59.5281, 45.4727
2187, 59.583, 45.4894
2188, 59.6398, 45.5061
2189, 59.6966, 45.5227
2190, 59.7519, 45.5394
2191, 59.8068, 45.5561
2192, 59.8619, 45.5727
2193, 59.9161, 45.5894
2194, 59.9692, 45.6061
2195, 60.0238, 45.6227
2196, 60.077, 45.6394
2197, 60.1292, 45.6561
2198, 60.1818, 45.6727
2199, 60.2373, 45.6894
2200, 60.294, 45.7061
2201, 60.3499, 45.7227
2202, 60.4028, 45.7394
2203, 60.4552, 45.7561
2204, 60.5082, 45.7727
2205, 60.5628, 45.7894
2206, 60.5628, 45.7894
2207, 60.6174, 45.8061
2208, 60.6713, 45.8227
2209, 60.7242, 45.8394
2210, 60.7768, 45.8561
2211, 60.8306, 45.8727
2212, 60.8837, 45.8894
2213, 60.9359, 45.9061
2214, 60.9879, 45.9227
2215, 61.0422, 45.9394
2216, 61.0965, 45.9561
2217, 61.1492, 45.9727
2218, 61.2009, 45.9894
2219, 61.2497, 46.0061
2220, 61.2963, 46.0227
2221, 61.3386, 46.0394
2222, 61.382, 46.0561
2223, 61.4237, 46.0727
2224, 61.4598, 46.0894
2225, 61.492, 46.1061
2226, 61.5208, 46.1227
2227, 61.5463, 46.1394
2228, 61.5688, 46.1561
2229, 61.5852, 46.1727
2230, 61.5922, 46.1894
2231, 61.584, 46.2061
2232, 61.5724, 46.2227
2233, 61.5611, 46.2394
2234, 61.5456, 46.2561
2235, 61.5063, 46.2727
2236, 61.4348, 46.2894
2237, 61.3358, 46.3061
2238, 61.2161, 46.3227
2239, 61.0776, 46.3394
2240, 60.9136, 46.3561
2241, 60.7307, 46.3727
2242, 60.5352, 46.3894
2243, 60.3276, 46.4061
2244, 60.0823, 46.4227
2245, 59.8109, 46.4394
2246, 59.5671, 46.4561
2247, 59.324, 46.4727
2248, 59.0705, 46.4894
2249, 58.795, 46.5061
2250, 58.5213, 46.5227
2251, 58.2454, 46.5394
2252, 57.9576, 46.5561
2253, 57.674, 46.5727
2254, 57.402, 46.5894
2255, 57.132, 46.6061
2256, 56.8526, 46.6227
2257, 56.5807, 46.6394
2258, 56.3213, 46.6561
2259, 56.0578, 46.6727
2260, 55.7855, 46.6894
2261, 55.5287, 46.7061
2262, 55.2634, 46.7227
2263, 54.6715, 46.7561
2264, 54.3965, 46.7727
2265, 54.0974, 46.7894
2266, 53.7547, 46.8061
2267, 53.3837, 46.8227
2268, 53.0373, 46.8394
2269, 52.7332, 46.8561
2270, 52.4383, 46.8727
2271, 51.8469, 46.9061
2272, 51.5297, 46.9227
2273, 51.2131, 46.9394
2274, 50.9041, 46.9561
2275, 50.5849, 46.9727
2276, 50.2788, 46.9894
2277, 49.7643, 47.0227
2278, 49.5389, 47.0394
2279, 49.3371, 47.0561
2280, 49.1655, 47.0727
2281, 49.0231, 47.0894
2282, 48.8036, 47.1227
2283, 48.7175, 47.1394
2284, 48.646, 47.1561
2285, 48.5859, 47.1727
2286, 48.4906, 47.2061
2287, 48.4476, 47.2227
2288, 48.4045, 47.2394
2289, 48.3606, 47.2561
2290, 48.2762, 47.2894
2291, 48.2341, 47.3061
2292, 48.1899, 47.3227
2293, 48.1444, 47.3394
2294, 48.0969, 47.3561
2295, 47.9979, 47.3894
2296, 47.9503, 47.4061
2297, 47.902, 47.4227
2298, 47.8525, 47.4394
2299, 47.7496, 47.4727
2300, 47.6975, 47.4894
2301, 47.6446, 47.5061
2302, 47.5294, 47.5394
2303, 47.4653, 47.5561
2304, 47.4003, 47.5727
2305, 47.3309, 47.5894
2306, 47.1749, 47.6227
2307, 47.0924, 47.6394
2308, 47.0154, 47.6561
2309, 46.9368, 47.6727
2310, 46.7612, 47.7061
2311, 46.6726, 47.7227
2312, 46.5843, 47.7394
2313, 46.4122, 47.7727
2314, 46.3356, 47.7894
2315, 46.267, 47.8061
2316, 46.2042, 47.8227
2317, 46.081, 47.8561
2318, 46.0219, 47.8727
2319, 45.9655, 47.8894
2320, 45.8498, 47.9227
2321, 45.7859, 47.9394
2322, 45.7199, 47.9561
2323, 45.5841, 47.9894
2324, 45.5149, 48.0061
2325, 45.4457, 48.0227
2326, 45.319, 48.0561
2327, 45.2581, 48.0727
2328, 45.1993, 48.0894
2329, 45.0872, 48.1227
2330, 45.0261, 48.1394
2331, 44.9602, 48.1561
2332, 44.8151, 48.1894
2333, 44.7355, 48.2061
2334, 44.6589, 48.2227
2335, 44.5069, 48.2561
2336, 44.4305, 48.2727
2337, 44.3602, 48.2894
2338, 44.2222, 48.3227
2339, 44.1602, 48.3394
2340, 44.1019, 48.3561
2341, 44.009, 48.3894
2342, 43.9665, 48.4061
2343, 43.9412, 48.4227
2344, 43.9489, 48.4561
2345, 43.8974, 48.4727
2346, 43.8607, 48.4894
2347, 43.8305, 48.5227
2348, 43.8376, 48.5394
2349, 43.8495, 48.5727
2350, 43.8458, 48.5894
2351, 43.8388, 48.6061
2352, 43.8336, 48.6394
2353, 43.8307, 48.6561
2354, 43.8323, 48.6727
2355, 43.8795, 48.7061
2356, 43.9073, 48.7227
2357, 43.9563, 48.7561
2358, 43.9853, 48.7727
2359, 44.019, 48.7894
2360, 44.0707, 48.8227
2361, 44.0902, 48.8394
2362, 44.1097, 48.8561
2363, 44.1744, 48.8894
2364, 44.2159, 48.9061
2365, 44.2877, 48.9394
2366, 44.3174, 48.9561
2367, 44.345, 48.9727
2368, 44.3706, 49.0061
2369, 44.3848, 49.0227
2370, 44.4102, 49.0394
2371, 44.4979, 49.0727
2372, 44.5375, 49.0894
2373, 44.5623, 49.1061
2374, 44.6054, 49.1394
2375, 44.6384, 49.1561
2376, 44.6691, 49.1727
2377, 44.7021, 49.2061
2378, 44.7264, 49.2227
2379, 44.7598, 49.2394
2380, 44.8538, 49.2727
2381, 44.8981, 49.2894
2382, 44.9358, 49.3061
2383, 44.9588, 49.3394
2384, 44.953, 49.3561
2385, 44.9514, 49.3727
2386, 44.9566, 49.4061
2387, 45.0243, 49.4227
2388, 45.104, 49.4394
2389, 45.2951, 49.4727
2390, 45.3429, 49.4894
2391, 45.3894, 49.5061
2392, 45.4811, 49.5394
2393, 45.5333, 49.5561
2394, 45.5996, 49.5727
2395, 45.7776, 49.6061
2396, 45.8688, 49.6227
2397, 45.9499, 49.6394
2398, 46.0083, 49.6561
2399, 46.1468, 49.6894
2400, 46.2205, 49.7061
2401, 46.3067, 49.7227
2402, 46.4584, 49.7561
2403, 46.5383, 49.7727
2404, 46.6029, 49.7894
2405, 46.759, 49.8227
2406, 46.8424, 49.8394
2407, 46.9268, 49.8561
2408, 46.9876, 49.8727
2409, 47.146, 49.9061
2410, 47.2312, 49.9227
2411, 47.3256, 49.9394
2412, 47.3994, 49.9561
2413, 47.5644, 49.9894
2414, 47.643, 50.0061
2415, 47.7246, 50.0227
2416, 47.7934, 50.0394
2417, 47.9725, 50.0727
2418, 48.068, 50.0894
2419, 48.1633, 50.1061
2420, 48.2426, 50.1227
2421, 48.3799, 50.1561
2422, 48.4427, 50.1727
2423, 48.5243, 50.1894
2424, 48.611, 50.2061
2425, 48.8204, 50.2394
2426, 48.9135, 50.2561
2427, 48.9983, 50.2727
2428, 49.0693, 50.2894
2429, 49.1492, 50.3061
2430, 49.299, 50.3394
2431, 49.3804, 50.3561
2432, 49.4659, 50.3727
2433, 49.5524, 50.3894
2434, 49.6349, 50.4061
2435, 49.8081, 50.4394
2436, 49.8978, 50.4561
2437, 49.9817, 50.4727
2438, 50.0647, 50.4894
2439, 50.1486, 50.5061
2440, 50.3294, 50.5394
2441, 50.4166, 50.5561
2442, 50.4974, 50.5727
2443, 50.5769, 50.5894
2444, 50.6573, 50.6061
2445, 50.8158, 50.6394
2446, 50.8943, 50.6561
2447, 50.9786, 50.6727
2448, 51.0688, 50.6894
2449, 51.1627, 50.7061
2450, 51.2533, 50.7227
2451, 51.4178, 50.7561
2452, 51.4998, 50.7727
2453, 51.582, 50.7894
2454, 51.6639, 50.8061
2455, 51.7446, 50.8227
2456, 51.8278, 50.8394
2457, 51.9977, 50.8727
2458, 52.0817, 50.8894
2459, 52.1672, 50.9061
2460, 52.2603, 50.9227
2461, 52.3543, 50.9394
2462, 52.4436, 50.9561
2463, 52.5219, 50.9727
2464, 52.6588, 51.0061
2465, 52.7152, 51.0227
2466, 52.7679, 51.0394
2467, 52.8382, 51.0561
2468, 52.944, 51.0727
2469, 53.075, 51.0894
2470, 53.1991, 51.1061
2471, 53.3642, 51.1394
2472, 53.4314, 51.1561
2473, 53.5034, 51.1727
2474, 53.5842, 51.1894
2475, 53.6724, 51.2061
2476, 53.7616, 51.2227
2477, 53.8463, 51.2394
2478, 53.9232, 51.2561
2479, 54.0868, 51.2894
2480, 54.1747, 51.3061
2481, 54.2607, 51.3227
2482, 54.3454, 51.3394
2483, 54.4276, 51.3561
2484, 54.5083, 51.3727
2485, 54.5882, 51.3894
2486, 54.6718, 51.4061
2487, 54.7588, 51.4227
2488, 54.8473, 51.4394
2489, 55.0243, 51.4727
2490, 55.1154, 51.4894
2491, 55.2039, 51.5061
2492, 55.2849, 51.5227
2493, 55.3605, 51.5394
2494, 55.4377, 51.5561
2495, 55.5227, 51.5727
2496, 55.6134, 51.5894
2497, 55.7065, 51.6061
2498, 55.7981, 51.6227
2499, 55.8874, 51.6394
2500, 55.9784, 51.6561
2501, 56.1595, 51.6894
2502, 56.2454, 51.7061
2503, 56.3243, 51.7227
2504, 56.412, 51.7394
2505, 56.509, 51.7561
2506, 56.6098, 51.7727
2507, 56.6929, 51.7894
2508, 56.7615, 51.8061
2509, 56.8298, 51.8227
2510, 56.9074, 51.8394
2511, 56.9968, 51.8561
2512, 57.0876, 51.8727
2513, 57.1754, 51.8894
2514, 57.2648, 51.9061
2515, 57.3549, 51.9227
2516, 57.443, 51.9394
2517, 57.6143, 51.9727
2518, 57.7011, 51.9894
2519, 57.7884, 52.0061
2520, 57.8753, 52.0227
2521, 57.9601, 52.0394
2522, 58.0429, 52.0561
2523, 58.1226, 52.0727
2524, 58.2012, 52.0894
2525, 58.2745, 52.1061
2526, 58.3326, 52.1227
2527, 58.3707, 52.1394
2528, 58.4002, 52.1561
2529, 58.4232, 52.1727
2530, 58.4151, 52.1894
2531, 58.4115, 52.2061
2532, 58.5501, 52.2227
2533, 58.6501, 52.2394
2534, 58.6814, 52.2561
2535, 58.7553, 52.2727
2536, 58.8547, 52.2894
2537, 58.9208, 52.3061
2538, 58.9753, 52.3227
2539, 59.0528, 52.3394
2540, 59.133, 52.3561
2541, 59.1949, 52.3727
2542, 59.2571, 52.3894
2543, 59.3299, 52.4061
2544, 59.4025, 52.4227
2545, 59.4664, 52.4394
2546, 59.5323, 52.4561
2547, 59.6011, 52.4727
2548, 59.6679, 52.4894
2549, 59.731, 52.5061
2550, 59.7954, 52.5227
2551, 59.8608, 52.5394
2552, 59.9244, 52.5561
2553, 59.9859, 52.5727
2554, 60.0464, 52.5894
2555, 60.1083, 52.6061
2556, 60.1704, 52.6227
2557, 60.2324, 52.6394
2558, 60.29, 52.6561
2559, 60.3451, 52.6727
2560, 60.4006, 52.6894
2561, 60.4576, 52.7061
2562, 60.5131, 52.7227
2563, 60.5667, 52.7394
2564, 60.6206, 52.7561
2565, 60.675, 52.7727
2566, 60.7277, 52.7894
2567, 60.7786, 52.8061
2568, 60.8308, 52.8227
2569, 60.8838, 52.8394
2570, 60.9356, 52.8561
2571, 60.984, 52.8727
2572, 61.0318, 52.8894
2573, 61.083, 52.9061
2574, 61.1359, 52.9227
2575, 61.1859, 52.9394
2576, 61.2321, 52.9561
2577, 61.2779, 52.9727
2578, 61.3257, 52.9894
2579, 61.3748, 53.0061
2580, 61.4222, 53.0227
2581, 61.4678, 53.0394
2582, 61.5119, 53.0561
2583, 61.554, 53.0727
2584, 61.5963, 53.0894
2585, 61.6386, 53.1061
2586, 61.6816, 53.1227
2587, 61.725, 53.1394
2588, 61.7665, 53.1561
2589, 61.8073, 53.1727
2590, 61.8477, 53.1894
2591, 61.8875, 53.2061
2592, 61.9294, 53.2227
2593, 61.9703, 53.2394
2594, 62.0111, 53.2561
2595, 62.0504, 53.2727
2596, 62.089, 53.2894
2597, 62.089, 53.2894
2598, 62.127, 53.3061
2599, 62.1644, 53.3227
2600, 62.2001, 53.3394
2601, 62.2366, 53.3561
2602, 62.2732, 53.3727
2603, 62.3109, 53.3894
2604, 62.3472, 53.4061
2605, 62.3851, 53.4227
2606, 62.4248, 53.4394
2607, 62.4646, 53.4561
2608, 62.5005, 53.4727
2609, 62.5356, 53.4894
2610, 62.5712, 53.5061
2611, 62.6079, 53.5227
2612, 62.6447, 53.5394
2613, 62.6811, 53.5561
2614, 62.7184, 53.5727
2615, 62.756, 53.5894
2616, 62.7923, 53.6061
2617, 62.8258, 53.6227
2618, 62.8579, 53.6394
2619, 62.8903, 53.6561
2620, 62.8903, 53.6561
2621, 62.9193, 53.6727
2622, 62.9456, 53.6894
2623, 62.966, 53.7061
2624, 62.9866, 53.7227
2625, 63.008, 53.7394
2626, 63.0279, 53.7561
2627, 63.0421, 53.7727
2628, 63.0537, 53.7894
2629, 63.0618, 53.8061
2630, 63.0662, 53.8227
2631, 63.0642, 53.8394
2632, 63.0577, 53.8561
2633, 63.0441, 53.8727
2634, 63.0233, 53.8894
2635, 62.9991, 53.9061
2636, 62.9698, 53.9227
2637, 62.9295, 53.9394
2638, 62.8681, 53.9561
2639, 62.7765, 53.9727
2640, 62.7765, 53.9727
2641, 62.6426, 53.9894
2642, 62.4716, 54.0061
2643, 62.2843, 54.0227
2644, 62.0805, 54.0394
2645, 61.8251, 54.0561
2646, 61.5359, 54.0727
2647, 61.2775, 54.0894
2648, 61.0101, 54.1061
2649, 60.7281, 54.1227
2650, 60.4316, 54.1394
2651, 60.1039, 54.1561
2652, 59.7579, 54.1727
2653, 59.4088, 54.1894
2654, 59.0557, 54.2061
2655, 58.6876, 54.2227
2656, 58.3107, 54.2394
2657, 57.9311, 54.2561
2658, 57.5459, 54.2727
2659, 57.1678, 54.2894
2660, 56.7946, 54.3061
2661, 56.4168, 54.3227
2662, 55.6804, 54.3561
2663, 55.3167, 54.3727
2664, 54.9564, 54.3894
2665, 54.5764, 54.4061
2666, 54.193, 54.4227
2667, 53.8238, 54.4394
2668, 53.4624, 54.4561
2669, 53.1081, 54.4727
2670, 52.7538, 54.4894
2671, 52.0489, 54.5227
2672, 51.7005, 54.5394
2673, 51.3579, 54.5561
2674, 51.0312, 54.5727
2675, 50.721, 54.5894
2676, 50.4133, 54.6061
2677, 49.8228, 54.6394
2678, 49.5431, 54.6561
2679, 49.2667, 54.6727
2680, 48.9968, 54.6894
2681, 48.7445, 54.7061
2682, 48.2935, 54.7394
2683, 48.0572, 54.7561
2684, 47.7884, 54.7727
2685, 47.5481, 54.7894
2686, 47.1668, 54.8227
2687, 46.9702, 54.8394
2688, 46.7524, 54.8561
2689, 46.554, 54.8727
2690, 46.274, 54.9061
2691, 46.1167, 54.9227
2692, 45.9304, 54.9394
2693, 45.6132, 54.9727
2694, 45.4629, 54.9894
2695, 45.3052, 55.0061
2696, 44.984, 55.0394
2697, 44.8124, 55.0561
2698, 44.6732, 55.0727
2699, 44.4652, 55.1061
2700, 44.3611, 55.1227
2701, 44.2783, 55.1394
2702, 44.1532, 55.1727
2703, 44.0894, 55.1894
2704, 44.0278, 55.2061
2705, 43.9172, 55.2394
2706, 43.8624, 55.2561
2707, 43.7565, 55.2894
2708, 43.7042, 55.3061
2709, 43.6463, 55.3227
2710, 43.515, 55.3561
2711, 43.4498, 55.3727
2712, 43.389, 55.3894
2713, 43.2785, 55.4227
2714, 43.222, 55.4394
2715, 43.103, 55.4727
2716, 43.0448, 55.4894
2717, 42.9888, 55.5061
2718, 42.8769, 55.5394
2719, 42.8212, 55.5561
2720, 42.7108, 55.5894
2721, 42.655, 55.6061
2722, 42.5956, 55.6227
2723, 42.4682, 55.6561
2724, 42.4083, 55.6727
2725, 42.2882, 55.7061
2726, 42.2239, 55.7227
2727, 42.0973, 55.7561
2728, 42.0366, 55.7727
2729, 41.9037, 55.8061
2730, 41.8321, 55.8227
2731, 41.7576, 55.8394
2732, 41.6087, 55.8727
2733, 41.5311, 55.8894
2734, 41.3698, 55.9227
2735, 41.2877, 55.9394
2736, 41.1191, 55.9727
2737, 41.0375, 55.9894
2738, 40.8752, 56.0227
2739, 40.7909, 56.0394
2740, 40.6183, 56.0727
2741, 40.5383, 56.0894
2742, 40.3974, 56.1227
2743, 40.3366, 56.1394
2744, 40.2423, 56.1727
2745, 40.1988, 56.1894
2746, 40.2264, 56.2227
2747, 40.2535, 56.2394
2748, 40.2959, 56.2727
2749, 40.3368, 56.2894
2750, 40.4237, 56.3227
2751, 40.4913, 56.3394
2752, 40.6283, 56.3727
2753, 40.6798, 56.3894
2754, 40.7579, 56.4227
2755, 40.7986, 56.4394
2756, 40.9005, 56.4727
2757, 40.9692, 56.4894
2758, 41.116, 56.5227
2759, 41.1824, 56.5394
2760, 41.2985, 56.5727
2761, 41.3574, 56.5894
2762, 41.474, 56.6227
2763, 41.5316, 56.6394
2764, 41.5939, 56.6561
2765, 41.733, 56.6894
2766, 41.8086, 56.7061
2767, 41.9697, 56.7394
2768, 42.0528, 56.7561
2769, 42.239, 56.7894
2770, 42.3393, 56.8061
2771, 42.5429, 56.8394
2772, 42.6455, 56.8561
2773, 42.7465, 56.8727
2774, 42.9427, 56.9061
2775, 43.0398, 56.9227
2776, 43.2347, 56.9561
2777, 43.3319, 56.9727
2778, 43.4289, 56.9894
2779, 43.6042, 57.0227
2780, 43.6837, 57.0394
2781, 43.7676, 57.0561
2782, 43.9688, 57.0894
2783, 44.0823, 57.1061
2784, 44.311, 57.1394
2785, 44.4202, 57.1561
2786, 44.5232, 57.1727
2787, 44.716, 57.2061
2788, 44.8094, 57.2227
2789, 44.9031, 57.2394
2790, 45.0988, 57.2727
2791, 45.1957, 57.2894
2792, 45.294, 57.3061
2793, 45.4901, 57.3394
2794, 45.5929, 57.3561
2795, 45.6925, 57.3727
2796, 45.8912, 57.4061
2797, 45.9854, 57.4227
2798, 46.083, 57.4394
2799, 46.1804, 57.4561
2800, 46.3757, 57.4894
2801, 46.4641, 57.5061
2802, 46.5478, 57.5227
2803, 46.736, 57.5561
2804, 46.8409, 57.5727
2805, 46.9459, 57.5894
2806, 47.0428, 57.6061
2807, 47.2308, 57.6394
2808, 47.3298, 57.6561
2809, 47.4285, 57.6727
2810, 47.5219, 57.6894
2811, 47.7056, 57.7227
2812, 47.8004, 57.7394
2813, 47.8963, 57.7561
2814, 47.9906, 57.7727
2815, 48.1712, 57.8061
2816, 48.2601, 57.8227
2817, 48.3489, 57.8394
2818, 48.4404, 57.8561
2819, 48.6278, 57.8894
2820, 48.7208, 57.9061
2821, 48.8121, 57.9227
2822, 48.9017, 57.9394
2823, 49.0818, 57.9727
2824, 49.0958, 57.9894
2825, 49.0819, 58.0061
2826, 49.1794, 58.0227
2827, 49.3146, 58.0394
2828, 49.4485, 58.0727
2829, 49.5438, 58.0894
2830, 49.6471, 58.1061
2831, 49.7267, 58.1227
2832, 49.7965, 58.1394
2833, 49.9634, 58.1727
2834, 50.0462, 58.1894
2835, 50.1273, 58.2061
2836, 50.211, 58.2227
2837, 50.2958, 58.2394
2838, 50.4545, 58.2727
2839, 50.5321, 58.2894
2840, 50.6131, 58.3061
2841, 50.7003, 58.3227
2842, 50.7882, 58.3394
2843, 50.8727, 58.3561
2844, 51.0314, 58.3894
2845, 51.1136, 58.4061
2846, 51.1979, 58.4227
2847, 51.2804, 58.4394
2848, 51.3606, 58.4561
2849, 51.4422, 58.4727
2850, 51.6027, 58.5061
2851, 51.6807, 58.5227
2852, 51.7607, 58.5394
2853, 51.8455, 58.5561
2854, 51.9323, 58.5727
2855, 52.0177, 58.5894
2856, 52.1707, 58.6227
2857, 52.2451, 58.6394
2858, 52.3247, 58.6561
2859, 52.41, 58.6727
2860, 52.4943, 58.6894
2861, 52.5741, 58.7061
2862, 52.6464, 58.7227
2863, 52.8013, 58.7561
2864, 52.8831, 58.7727
2865, 52.9663, 58.7894
2866, 53.0468, 58.8061
2867, 53.1259, 58.8227
2868, 53.204, 58.8394
2869, 53.2811, 58.8561
2870, 53.3549, 58.8727
2871, 53.4978, 58.9061
2872, 53.5697, 58.9227
2873, 53.6422, 58.9394
2874, 53.7151, 58.9561
2875, 53.7851, 58.9727
2876, 53.848, 58.9894
2877, 53.902, 59.0061
2878, 53.9476, 59.0227
2879, 54.0257, 59.0561
2880, 54.0537, 59.0727
2881, 54.0543, 59.0894
2882, 54.0146, 59.1061
2883, 53.9281, 59.1227
2884, 53.8156, 59.1394
2885, 53.6912, 59.1561
2886, 53.5423, 59.1727
2887, 53.3259, 59.1894
2888, 52.9166, 59.2227
2889, 52.7087, 59.2394
2890, 52.468, 59.2561
2891, 52.1966, 59.2727
2892, 51.9088, 59.2894
2893, 51.6254, 59.3061
2894, 50.9934, 59.3394
2895, 50.6492, 59.3561
2896, 50.3058, 59.3727
2897, 49.9578, 59.3894
2898, 49.6084, 59.4061
2899, 48.8719, 59.4394
2900, 48.4936, 59.4561
2901, 48.1343, 59.4727
2902, 47.7889, 59.4894
2903, 47.4429, 59.5061
2904, 46.751, 59.5394
2905, 46.4142, 59.5561
2906, 46.0838, 59.5727
2907, 45.4034, 59.6061
2908, 45.0791, 59.6227
2909, 44.7731, 59.6394
2910, 44.121, 59.6727
2911, 43.8063, 59.6894
2912, 43.5176, 59.7061
2913, 42.966, 59.7394
2914, 42.6789, 59.7561
2915, 42.2391, 59.7894
2916, 42.0395, 59.8061
2917, 41.8446, 59.8227
2918, 41.5201, 59.8561
2919, 41.3648, 59.8727
2920, 41.0658, 59.9061
2921, 40.915, 59.9227
2922, 40.6284, 59.9561
2923, 40.5009, 59.9727
2924, 40.2614, 60.0061
2925, 40.1407, 60.0227
2926, 39.9153, 60.0561
2927, 39.8246, 60.0727
2928, 39.6639, 60.1061
2929, 39.5897, 60.1227
2930, 39.4565, 60.1561
2931, 39.3947, 60.1727
2932, 39.2809, 60.2061
2933, 39.2267, 60.2227
2934, 39.1166, 60.2561
2935, 39.0608, 60.2727
2936, 38.9602, 60.3061
2937, 38.9149, 60.3227
2938, 38.8249, 60.3561
2939, 38.7816, 60.3727
2940, 38.6913, 60.4061
2941, 38.5971, 60.4394
2942, 38.551, 60.4561
2943, 38.4596, 60.4894
2944, 38.4151, 60.5061
2945, 38.3279, 60.5394
2946, 38.2851, 60.5561
2947, 38.1995, 60.5894
2948, 38.1559, 60.6061
2949, 38.0646, 60.6394
2950, 37.9674, 60.6727
2951, 37.9183, 60.6894
2952, 37.8252, 60.7227
2953, 37.7958, 60.7394
2954, 37.7435, 60.7727
2955, 37.7122, 60.7894
2956, 37.6333, 60.8227
2957, 37.583, 60.8561
2958, 37.5808, 60.8727
2959, 37.5212, 60.9061
2960, 37.4748, 60.9227
2961, 37.276, 60.9561
2962, 37.1787, 60.9894
2963, 37.1352, 61.0061
2964, 36.9964, 61.0394
2965, 36.8797, 61.0727
2966, 36.8228, 61.0894
2967, 36.6964, 61.1227
2968, 36.6363, 61.1394
2969, 36.5285, 61.1727
2970, 36.4534, 61.2061
2971, 36.4152, 61.2227
2972, 36.3683, 61.2561
2973, 36.3996, 61.2727
2974, 36.3943, 61.3061
2975, 36.4017, 61.3394
2976, 36.4213, 61.3561
2977, 36.4722, 61.3894
2978, 36.503, 61.4061
2979, 36.5832, 61.4394
2980, 36.6495, 61.4727
2981, 36.6887, 61.4894
2982, 36.7447, 61.5227
2983, 36.7977, 61.5394
2984, 36.9417, 61.5727
2985, 37.0533, 61.6061
2986, 37.0988, 61.6227
2987, 37.1989, 61.6561
2988, 37.2619, 61.6727
2989, 37.3511, 61.7061
2990, 37.4053, 61.7227
2991, 37.5029, 61.7561
2992, 37.6156, 61.7894
2993, 37.6808, 61.8061
2994, 37.7969, 61.8394
2995, 37.8555, 61.8561
2996, 37.967, 61.8894
2997, 38.0925, 61.9227
2998, 38.1651, 61.9394
2999, 38.3183, 61.9727
3000, 38.3987, 61.9894
3001, 38.5729, 62.0227
3002, 38.6664, 62.0394
3003, 38.8468, 62.0727
3004, 38.9246, 62.0894
3005, 39.087, 62.1227
3006, 39.2862, 62.1561
3007, 39.3887, 62.1727
3008, 39.5872, 62.2061
3009, 39.6815, 62.2227
3010, 39.8593, 62.2561
3011, 39.948, 62.2727
3012, 40.1289, 62.3061
3013, 40.2216, 62.3227
3014, 40.4106, 62.3561
3015, 40.505, 62.3727
3016, 40.5995, 62.3894
3017, 40.7865, 62.4227
3018, 40.8769, 62.4394
3019, 41.0478, 62.4727
3020, 41.1411, 62.4894
3021, 41.3301, 62.5227
3022, 41.417, 62.5394
3023, 41.5947, 62.5727
3024, 41.6917, 62.5894
3025, 41.7916, 62.6061
3026, 41.9955, 62.6394
3027, 42.0898, 62.6561
3028, 42.2615, 62.6894
3029, 42.3512, 62.7061
3030, 42.5269, 62.7394
3031, 42.6099, 62.7561
3032, 42.6951, 62.7727
3033, 42.8882, 62.8061
3034, 42.9874, 62.8227
3035, 43.1836, 62.8561
3036, 43.277, 62.8727
3037, 43.3677, 62.8894
3038, 43.5367, 62.9227
3039, 43.6225, 62.9394
3040, 43.8352, 62.9727
3041, 43.9595, 62.9894
3042, 44.0832, 63.0061
3043, 44.2936, 63.0394
3044, 44.3845, 63.0561
3045, 44.4696, 63.0727
3046, 44.6391, 63.1061
3047, 44.7306, 63.1227
3048, 44.8306, 63.1394
3049, 45.0564, 63.1727
3050, 45.1684, 63.1894
3051, 45.2716, 63.2061
3052, 45.4541, 63.2394
3053, 45.5417, 63.2561
3054, 45.6313, 63.2727
3055, 45.8184, 63.3061
3056, 45.9163, 63.3227
3057, 46.0133, 63.3394
3058, 46.2164, 63.3727
3059, 46.3267, 63.3894
3060, 46.4382, 63.4061
3061, 46.5428, 63.4227
3062, 46.7374, 63.4561
3063, 46.8335, 63.4727
3064, 46.9298, 63.4894
3065, 47.1082, 63.5227
3066, 47.2079, 63.5394
3067, 47.3178, 63.5561
3068, 47.431, 63.5727
3069, 47.6287, 63.6061
3070, 47.7188, 63.6227
3071, 47.81, 63.6394
3072, 47.9037, 63.6561
3073, 48.097, 63.6894
3074, 48.1983, 63.7061
3075, 48.2984, 63.7227
3076, 48.3914, 63.7394
3077, 48.5615, 63.7727
3078, 48.6522, 63.7894
3079, 48.7489, 63.8061
3080, 48.7631, 63.8227
3081, 48.8749, 63.8561
3082, 49.0342, 63.8727
3083, 49.1074, 63.8894
3084, 49.1494, 63.9061
3085, 49.2317, 63.9227
3086, 49.4105, 63.9561
3087, 49.4823, 63.9727
3088, 49.5684, 63.9894
3089, 49.6622, 64.0061
3090, 49.7482, 64.0227
3091, 49.9054, 64.0561
3092, 49.9864, 64.0727
3093, 50.0658, 64.0894
3094, 50.1452, 64.1061
3095, 50.3072, 64.1394
3096, 50.3885, 64.1561
3097, 50.4681, 64.1727
3098, 50.5473, 64.1894
3099, 50.6275, 64.2061
3100, 50.7117, 64.2227
3101, 50.8751, 64.2561
3102, 50.9544, 64.2727
3103, 51.0327, 64.2894
3104, 51.1127, 64.3061
3105, 51.1919, 64.3227
3106, 51.3464, 64.3561
3107, 51.426, 64.3727
3108, 51.5089, 64.3894
3109, 51.5915, 64.4061
3110, 51.6718, 64.4227
3111, 51.7489, 64.4394
3112, 51.8251, 64.4561
3113, 51.9803, 64.4894
3114, 52.058, 64.5061
3115, 52.1346, 64.5227
3116, 52.2131, 64.5394
3117, 52.2937, 64.5561
3118, 52.3753, 64.5727
3119, 52.5371, 64.6061
3120, 52.6171, 64.6227
3121, 52.6958, 64.6394
3122, 52.7737, 64.6561
3123, 52.8519, 64.6727
3124, 52.931, 64.6894
3125, 53.0099, 64.7061
3126, 53.161, 64.7394
3127, 53.2302, 64.7561
3128, 53.3024, 64.7727
3129, 53.3788, 64.7894
3130, 53.4594, 64.8061
3131, 53.5426, 64.8227
3132, 53.6231, 64.8394
3133, 53.703, 64.8561
3134, 53.7835, 64.8727
3135, 53.9426, 64.9061
3136, 54.023, 64.9227
3137, 54.1049, 64.9394
3138, 54.1859, 64.9561
3139, 54.2663, 64.9727
3140, 54.3448, 64.9894
3141, 54.4227, 65.0061
3142, 54.5014, 65.0227
3143, 54.5792, 65.0394
3144, 54.7337, 65.0727
3145, 54.8105, 65.0894
3146, 54.8851, 65.1061
3147, 54.9601, 65.1227
3148, 55.034, 65.1394
3149, 55.1119, 65.1561
3150, 55.1945, 65.1727
3151, 55.2771, 65.1894
3152, 55.3595, 65.2061
3153, 55.4394, 65.2227
3154, 55.5181, 65.2394
3155, 55.6724, 65.2727
3156, 55.7495, 65.2894
3157, 55.8288, 65.3061
3158, 55.9102, 65.3227
3159, 55.9892, 65.3394
3160, 56.0652, 65.3561
3161, 56.1395, 65.3727
3162, 56.2138, 65.3894
3163, 56.2894, 65.4061
3164, 56.3664, 65.4227
3165, 56.4448, 65.4394
3166, 56.5242, 65.4561
3167, 56.6029, 65.4727
3168, 56.6787, 65.4894
3169, 56.7528, 65.5061
3170, 56.9, 65.5394
3171, 56.9752, 65.5561
3172, 57.0524, 65.5727
3173, 57.1297, 65.5894
3174, 57.2061, 65.6061
3175, 57.2801, 65.6227
3176, 57.3529, 65.6394
3177, 57.4261, 65.6561
3178, 57.5018, 65.6727
3179, 57.5785, 65.6894
3180, 57.6546, 65.7061
3181, 57.659, 65.7227
3182, 57.6479, 65.7394
3183, 57.7821, 65.7561
3184, 57.8731, 65.7727
3185, 57.907, 65.7894
3186, 57.9704, 65.8061
3187, 58.0485, 65.8227
3188, 58.109, 65.8394
3189, 58.1641, 65.8561
3190, 58.2256, 65.8727
3191, 58.2873, 65.8894
3192, 58.3444, 65.9061
3193, 58.4097, 65.9227
3194, 58.5474, 65.9561
3195, 58.6137, 65.9727
3196, 58.679, 65.9894
3197, 58.7392, 66.0061
3198, 58.7987, 66.0227
3199, 58.8615, 66.0394
3200, 58.9262, 66.0561
3201, 58.9884, 66.0727
3202, 59.0491, 66.0894
3203, 59.1116, 66.1061
3204, 59.1767, 66.1227
3205, 59.2405, 66.1394
3206, 59.3032, 66.1561
3207, 59.3647, 66.1727
3208, 59.4256, 66.1894
3209, 59.4855, 66.2061
3210, 59.5446, 66.2227
3211, 59.6055, 66.2394
3212, 59.6686, 66.2561
3213, 59.7325, 66.2727
3214, 59.7957, 66.2894
3215, 59.8575, 66.3061
3216, 59.9184, 66.3227
3217, 59.9795, 66.3394
3218, 60.04, 66.3561
3219, 60.1015, 66.3727
3220, 60.1626, 66.3894
3221, 60.2242, 66.4061
3222, 60.2875, 66.4227
3223, 60.3498, 66.4394
3224, 60.4114, 66.4561
3225, 60.4713, 66.4727
3226, 60.5326, 66.4894
3227, 60.5948, 66.5061
3228, 60.658, 66.5227
3229, 60.7216, 66.5394
3230, 60.7845, 66.5561
3231, 60.8455, 66.5727
3232, 60.9053, 66.5894
3233, 60.9654, 66.6061
3234, 61.0272, 66.6227
3235, 61.0906, 66.6394
3236, 61.1535, 66.6561
3237, 61.2163, 66.6727
3238, 61.2777, 66.6894
3239, 61.3384, 66.7061
3240, 61.3973, 66.7227
3241, 61.4551, 66.7394
3242, 61.5127, 66.7561
3243, 61.5725, 66.7727
3244, 61.6348, 66.7894
3245, 61.6348, 66.7894
3246, 61.6984, 66.8061
3247, 61.7612, 66.8227
3248, 61.8225, 66.8394
3249, 61.8834, 66.8561
3250, 61.9445, 66.8727
3251, 62.006, 66.8894
3252, 62.067, 66.9061
3253, 62.1267, 66.9227
3254, 62.1852, 66.9394
3255, 62.2429, 66.9561
3256, 62.301, 66.9727
3257, 62.3654, 66.9894
3258, 62.429, 67.0061
3259, 62.4936, 67.0227
3260, 62.5545, 67.0394
3261, 62.6159, 67.0561
3262, 62.6758, 67.0727
3263, 62.7334, 67.0894
3264, 62.792, 67.1061
3265, 62.8561, 67.1227
3266, 62.9237, 67.1394
3267, 62.9896, 67.1561
3268, 63.0539, 67.1727
3269, 63.1165, 67.1894
3270, 63.1728, 67.2061
3271, 63.1728, 67.2061
3272, 63.2188, 67.2227
3273, 63.2653, 67.2394
3274, 63.3336, 67.2561
3275, 63.4144, 67.2727
3276, 63.482, 67.2894
3277, 63.5323, 67.3061
3278, 63.5789, 67.3227
3279, 63.643, 67.3394
3280, 63.7109, 67.3561
3281, 63.7726, 67.3727
3282, 63.8271, 67.3894
3283, 63.8842, 67.4061
3284, 63.9463, 67.4227
3285, 64.0076, 67.4394
3286, 64.0656, 67.4561
3287, 64.122, 67.4727
3288, 64.1767, 67.4894
3289, 64.1767, 67.4894
3290, 64.2313, 67.5061
3291, 64.2866, 67.5227
3292, 64.3397, 67.5394
3293, 64.3891, 67.5561
3294, 64.4367, 67.5727
3295, 64.4847, 67.5894
3296, 64.5322, 67.6061
3297, 64.5764, 67.6227
3298, 64.6152, 67.6394
3299, 64.65, 67.6561
3300, 64.6828, 67.6727
3301, 64.7096, 67.6894
3302, 64.7362, 67.7061
3303, 64.7362, 67.7061
3304, 64.7617, 67.7227
3305, 64.7886, 67.7394
3306, 64.8045, 67.7561
3307, 64.8102, 67.7727
3308, 64.8092, 67.7894
3309, 64.8003, 67.8061
3310, 64.7844, 67.8227
3311, 64.7549, 67.8394
3312, 64.7023, 67.8561
3313, 64.6147, 67.8727
3314, 64.4825, 67.8894
3315, 64.3135, 67.9061
3316, 64.1272, 67.9227
3317, 64.1272, 67.9227
3318, 63.9082, 67.9394
3319, 63.6177, 67.9561
3320, 63.3562, 67.9727
3321, 63.1007, 67.9894
3322, 62.8221, 68.0061
3323, 62.5278, 68.0227
3324, 62.2074, 68.0394
3325, 61.8605, 68.0561
3326, 61.5178, 68.0727
3327, 61.1704, 68.0894
3328, 60.8025, 68.1061
3329, 60.4277, 68.1227
3330, 60.053, 68.1394
3331, 59.6731, 68.1561
3332, 59.2849, 68.1727
3333, 58.8929, 68.1894
3334, 58.5073, 68.2061
3335, 58.1318, 68.2227
3336, 57.7628, 68.2394
3337, 57.3932, 68.2561
3338, 57.0405, 68.2727
3339, 56.7019, 68.2894
3340, 56.3407, 68.3061
3341, 55.9272, 68.3227
3342, 55.5468, 68.3394
3343, 54.8822, 68.3727
3344, 54.5597, 68.3894
3345, 54.224, 68.4061
3346, 53.864, 68.4227
3347, 53.5292, 68.4394
3348, 53.2131, 68.4561
3349, 52.8831, 68.4727
3350, 52.5454, 68.4894
3351, 51.9055, 68.5227
3352, 51.588, 68.5394
3353, 51.2689, 68.5561
3354, 50.9535, 68.5727
3355, 50.6414, 68.5894
3356, 50.3338, 68.6061
3357, 49.7563, 68.6394
3358, 49.4863, 68.6561
3359, 49.1979, 68.6727
3360, 48.9264, 68.6894
3361, 48.703, 68.7061
3362, 48.2099, 68.7394
3363, 47.9625, 68.7561
3364, 47.785, 68.7727
3365, 47.6165, 68.7894
3366, 47.3095, 68.8227
3367, 47.1873, 68.8394
3368, 47.071, 68.8561
3369, 46.947, 68.8727
3370, 46.6895, 68.9061
3371, 46.5579, 68.9227
3372, 46.4275, 68.9394
3373, 46.18, 68.9727
3374, 46.0642, 68.9894
3375, 45.9514, 69.0061
3376, 45.7376, 69.0394
3377, 45.6403, 69.0561
3378, 45.5483, 69.0727
3379, 45.4616, 69.0894
3380, 45.3038, 69.1227
3381, 45.2368, 69.1394
3382, 45.1754, 69.1561
3383, 45.0563, 69.1894
3384, 44.9979, 69.2061
3385, 44.9401, 69.2227
3386, 44.8256, 69.2561
3387, 44.7672, 69.2727
3388, 44.7071, 69.2894
3389, 44.5868, 69.3227
3390, 44.5273, 69.3394
3391, 44.4294, 69.3727
3392, 44.392, 69.3894
3393, 44.3535, 69.4061
3394, 44.2809, 69.4394
3395, 44.2473, 69.4561
3396, 44.2398, 69.4727
3397, 44.2142, 69.5061
3398, 44.1798, 69.5227
3399, 44.1455, 69.5394
3400, 44.0681, 69.5727
3401, 44.0284, 69.5894
3402, 43.9885, 69.6061
3403, 43.8906, 69.6394
3404, 43.7958, 69.6561
3405, 43.7163, 69.6727
3406, 43.6178, 69.7061
3407, 43.5563, 69.7227
3408, 43.4852, 69.7394
3409, 43.3551, 69.7727
3410, 43.2937, 69.7894
3411, 43.1654, 69.8227
3412, 43.1054, 69.8394
3413, 43.0498, 69.8561
3414, 42.948, 69.8894
3415, 42.8933, 69.9061
3416, 42.8042, 69.9394
3417, 42.7638, 69.9561
3418, 42.7246, 69.9727
3419, 42.721, 70.0061
3420, 42.731, 70.0227
3421, 42.6969, 70.0561
3422, 42.6914, 70.0727
3423, 42.6926, 70.0894
3424, 42.7002, 70.1227
3425, 42.7087, 70.1394
3426, 42.7172, 70.1727
3427, 42.712, 70.1894
3428, 42.709, 70.2061
3429, 42.7175, 70.2394
3430, 42.7312, 70.2561
3431, 42.7883, 70.2894
3432, 42.8149, 70.3061
3433, 42.8406, 70.3227
3434, 42.8612, 70.3561
3435, 42.8626, 70.3727
3436, 42.9009, 70.4061
3437, 42.9431, 70.4227
3438, 43.0131, 70.4561
3439, 43.0371, 70.4727
3440, 43.0686, 70.4894
3441, 43.1296, 70.5227
3442, 43.1547, 70.5394
3443, 43.2159, 70.5727
3444, 43.2469, 70.5894
3445, 43.2721, 70.6061
3446, 43.3342, 70.6394
3447, 43.37, 70.6561
3448, 43.4051, 70.6727
3449, 43.467, 70.7061
3450, 43.4991, 70.7227
3451, 43.5665, 70.7561
3452, 43.6001, 70.7727
3453, 43.6328, 70.7894
3454, 43.6988, 70.8227
3455, 43.731, 70.8394
3456, 43.796, 70.8727
3457, 43.8259, 70.8894
3458, 43.8539, 70.9061
3459, 43.9129, 70.9394
3460, 43.955, 70.9561
3461, 43.9975, 70.9727
3462, 44.0729, 71.0061
3463, 44.1111, 71.0227
3464, 44.1819, 71.0561
3465, 44.2167, 71.0727
3466, 44.2542, 71.0894
3467, 44.3374, 71.1227
3468, 44.3824, 71.1394
3469, 44.4247, 71.1561
3470, 44.4992, 71.1894
3471, 44.543, 71.2061
3472, 44.5869, 71.2227
3473, 44.6739, 71.2561
3474, 44.7147, 71.2727
3475, 44.8002, 71.3061
3476, 44.8465, 71.3227
3477, 44.8916, 71.3394
3478, 44.9759, 71.3727
3479, 45.0213, 71.3894
3480, 45.069, 71.4061
3481, 45.1602, 71.4394
3482, 45.206, 71.4561
3483, 45.2528, 71.4727
3484, 45.3513, 71.5061
3485, 45.4134, 71.5227
3486, 45.4832, 71.5394
3487, 45.6289, 71.5727
3488, 45.7043, 71.5894
3489, 45.784, 71.6061
3490, 45.9567, 71.6394
3491, 46.0466, 71.6561
3492, 46.1344, 71.6727
3493, 46.222, 71.6894
3494, 46.4028, 71.7227
3495, 46.4961, 71.7394
3496, 46.588, 71.7561
3497, 46.7729, 71.7894
3498, 46.8685, 71.8061
3499, 46.8765, 71.8227
3500, 46.8655, 71.8394
3501, 47.1692, 71.8727
3502, 47.225, 71.8894
3503, 47.2678, 71.9061
3504, 47.4732, 71.9394
3505, 47.5577, 71.9561
3506, 47.6235, 71.9727
3507, 47.7032, 71.9894
3508, 47.8867, 72.0227
3509, 47.9626, 72.0394
3510, 48.0401, 72.0561
3511, 48.1274, 72.0727
3512, 48.3022, 72.1061
3513, 48.3859, 72.1227
3514, 48.4711, 72.1394
3515, 48.5559, 72.1561
3516, 48.6376, 72.1727
3517, 48.7997, 72.2061
3518, 48.8841, 72.2227
3519, 48.969, 72.2394
3520, 49.0498, 72.2561
3521, 49.2063, 72.2894
3522, 49.286, 72.3061
3523, 49.3672, 72.3227
3524, 49.448, 72.3394
3525, 49.5276, 72.3561
3526, 49.6816, 72.3894
3527, 49.762, 72.4061
3528, 49.8436, 72.4227
3529, 49.9261, 72.4394
3530, 50.0032, 72.4561
3531, 50.1514, 72.4894
3532, 50.2287, 72.5061
3533, 50.3083, 72.5227
3534, 50.3863, 72.5394
3535, 50.4609, 72.5561
3536, 50.6074, 72.5894
3537, 50.6817, 72.6061
3538, 50.7544, 72.6227
3539, 50.8263, 72.6394
3540, 50.8999, 72.6561
3541, 50.9758, 72.6727
3542, 51.131, 72.7061
3543, 51.2062, 72.7227
3544, 51.2802, 72.7394
3545, 51.3548, 72.7561
3546, 51.4292, 72.7727
3547, 51.5022, 72.7894
3548, 51.644, 72.8227
3549, 51.7177, 72.8394
3550, 51.7945, 72.8561
3551, 51.8709, 72.8727
3552, 51.9446, 72.8894
3553, 52.0163, 72.9061
3554, 52.0893, 72.9227
3555, 52.2397, 72.9561
3556, 52.3129, 72.9727
3557, 52.3852, 72.9894
3558, 52.4573, 73.0061
3559, 52.5307, 73.0227
3560, 52.6035, 73.0394
3561, 52.6767, 73.0561
3562, 52.8211, 73.0894
3563, 52.8931, 73.1061
3564, 52.9652, 73.1227
3565, 53.0367, 73.1394
3566, 53.1063, 73.1561
3567, 53.1758, 73.1727
3568, 53.2461, 73.1894
3569, 53.317, 73.2061
3570, 53.4553, 73.2394
3571, 53.5232, 73.2561
3572, 53.5909, 73.2727
3573, 53.661, 73.2894
3574, 53.7306, 73.3061
3575, 53.7978, 73.3227
3576, 53.8642, 73.3394
3577, 53.9302, 73.3561
3578, 53.9987, 73.3727
3579, 54.1323, 73.4061
3580, 54.1964, 73.4227
3581, 54.2621, 73.4394
3582, 54.3281, 73.4561
3583, 54.3934, 73.4727
3584, 54.4585, 73.4894
3585, 54.5231, 73.5061
3586, 54.588, 73.5227
3587, 54.6527, 73.5394
3588, 54.7172, 73.5561
3589, 54.7808, 73.5727
3590, 54.9068, 73.6061
3591, 54.9716, 73.6227
3592, 55.0361, 73.6394
3593, 55.1003, 73.6561
3594, 55.1635, 73.6727
3595, 55.2261, 73.6894
3596, 55.2887, 73.7061
3597, 55.3525, 73.7227
3598, 55.4164, 73.7394
3599, 55.4819, 73.7561
3600, 55.5464, 73.7727
3601, 55.6081, 73.7894
3602, 55.7291, 73.8227
3603, 55.7958, 73.8394
3604, 55.8642, 73.8561
3605, 55.9308, 73.8727
3606, 55.9939, 73.8894
3607, 56.0551, 73.9061
3608, 56.1153, 73.9227
3609, 56.1747, 73.9394
3610, 56.2305, 73.9561
3611, 56.2876, 73.9727
3612, 56.3496, 73.9894
3613, 56.4188, 74.0061
3614, 56.4888, 74.0227
3615, 56.5542, 74.0394
3616, 56.6726, 74.0727
3617, 56.7317, 74.0894
3618, 56.7914, 74.1061
3619, 56.8503, 74.1227
3620, 56.8485, 74.1394
3621, 56.8316, 74.1561
3622, 56.946, 74.1727
3623, 57.0132, 74.1894
3624, 57.0534, 74.2061
3625, 57.1139, 74.2227
3626, 57.1705, 74.2394
3627, 57.213, 74.2561
3628, 57.2622, 74.2727
3629, 57.3192, 74.2894
3630, 57.3708, 74.3061
3631, 57.4174, 74.3227
3632, 57.4647, 74.3394
3633, 57.5145, 74.3561
3634, 57.6269, 74.3894
3635, 57.6839, 74.4061
3636, 57.7356, 74.4227
3637, 57.7873, 74.4394
3638, 57.8422, 74.4561
3639, 57.8961, 74.4727
3640, 57.9494, 74.4894
3641, 58.0019, 74.5061
3642, 58.0562, 74.5227
3643, 58.1089, 74.5394
3644, 58.1621, 74.5561
3645, 58.2157, 74.5727
3646, 58.2713, 74.5894
3647, 58.3289, 74.6061
3648, 58.3858, 74.6227
3649, 58.439, 74.6394
3650, 58.4905, 74.6561
3651, 58.5428, 74.6727
3652, 58.5994, 74.6894
3653, 58.6615, 74.7061
3654, 58.7223, 74.7227
3655, 58.781, 74.7394
3656, 58.8374, 74.7561
3657, 58.8949, 74.7727
3658, 58.9534, 74.7894
3659, 59.0124, 74.8061
3660, 59.0715, 74.8227
3661, 59.1291, 74.8394
3662, 59.1846, 74.8561
3663, 59.2405, 74.8727
3664, 59.2976, 74.8894
3665, 59.3547, 74.9061
3666, 59.4097, 74.9227
3667, 59.465, 74.9394
3668, 59.5857, 74.9727
3669, 59.6463, 74.9894
3670, 59.703, 75.0061
3671, 59.7574, 75.0227
3672, 59.812, 75.0394
3673, 59.8693, 75.0561
3674, 59.9263, 75.0727
3675, 59.9807, 75.0894
3676, 60.0347, 75.1061
3677, 60.0908, 75.1227
3678, 60.1499, 75.1394
3679, 60.2094, 75.1561
3680, 60.2663, 75.1727
3681, 60.3223, 75.1894
3682, 60.3784, 75.2061
3683, 60.4359, 75.2227
3684, 60.4927, 75.2394
3685, 60.5469, 75.2561
3686, 60.6013, 75.2727
3687, 60.6589, 75.2894
3688, 60.7202, 75.3061
3689, 60.7808, 75.3227
3690, 60.8394, 75.3394
3691, 60.8982, 75.3561
3692, 60.9571, 75.3727
3693, 60.9571, 75.3727
3694, 61.0145, 75.3894
3695, 61.0708, 75.4061
3696, 61.1274, 75.4227
3697, 61.1869, 75.4394
3698, 61.2453, 75.4561
3699, 61.3031, 75.4727
3700, 61.3601, 75.4894
3701, 61.4194, 75.5061
3702, 61.4793, 75.5227
3703, 61.5382, 75.5394
3704, 61.5948, 75.5561
3705, 61.6532, 75.5727
3706, 61.712, 75.5894
3707, 61.7712, 75.6061
3708, 61.8294, 75.6227
3709, 61.8897, 75.6394
3710, 61.9481, 75.6561
3711, 62.0048, 75.6727
3712, 62.0591, 75.6894
3713, 62.1174, 75.7061
3714, 62.179, 75.7227
3715, 62.2397, 75.7394
3716, 62.2978, 75.7561
3717, 62.3566, 75.7727
3718, 62.4149, 75.7894
3719, 62.4728, 75.8061
3720, 62.5305, 75.8227
3721, 62.5892, 75.8394
3722, 62.6488, 75.8561
3723, 62.7061, 75.8727
3724, 62.7615, 75.8894
3725, 62.818, 75.9061
3726, 62.8751, 75.9227
3727, 62.8751, 75.9227
3728, 62.9325, 75.9394
3729, 62.9903, 75.9561
3730, 63.0506, 75.9727
3731, 63.1085, 75.9894
3732, 63.1631, 76.0061
3733, 63.2163, 76.0227
3734, 63.2722, 76.0394
3735, 63.3275, 76.0561
3736, 63.3822, 76.0727
3737, 63.4363, 76.0894
3738, 63.4951, 76.1061
3739, 63.5554, 76.1227
3740, 63.6138, 76.1394
3741, 63.6662, 76.1561
3742, 63.7181, 76.1727
3743, 63.7717, 76.1894
3744, 63.8251, 76.2061
3745, 63.8783, 76.2227
3746, 63.8783, 76.2227
3747, 63.9313, 76.2394
3748, 63.9874, 76.2561
3749, 64.0463, 76.2727
3750, 64.1045, 76.2894
3751, 64.1607, 76.3061
3752, 64.2174, 76.3227
3753, 64.2736, 76.3394
3754, 64.3291, 76.3561
3755, 64.3839, 76.3727
3756, 64.4402, 76.3894
3757, 64.496, 76.4061
3758, 64.5518, 76.4227
3759, 64.6046, 76.4394
3760, 64.6597, 76.4561
3761, 64.6597, 76.4561
3762, 64.7151, 76.4727
3763, 64.7706, 76.4894
3764, 64.8264, 76.5061
3765, 64.8794, 76.5227
3766, 64.9326, 76.5394
3767, 64.9859, 76.5561
3768, 65.0407, 76.5727
3769, 65.0974, 76.5894
3770, 65.1512, 76.6061
3771, 65.2084, 76.6227
3772, 65.2673, 76.6394
3773, 65.3289, 76.6561
3774, 65.3289, 76.6561
3775, 65.3878, 76.6727
3776, 65.4428, 76.6894
3777, 65.4969, 76.7061
3778, 65.5544, 76.7227
3779, 65.6132, 76.7394
3780, 65.6669, 76.7561
3781, 65.7183, 76.7727
3782, 65.7707, 76.7894
3783, 65.8243, 76.8061
3784, 65.8785, 76.8227
3785, 65.9337, 76.8394
3786, 65.9337, 76.8394
3787, 65.9886, 76.8561
3788, 66.0432, 76.8727
3789, 66.0974, 76.8894
3790, 66.1507, 76.9061
3791, 66.2039, 76.9227
3792, 66.2555, 76.9394
3793, 66.3037, 76.9561
3794, 66.3539, 76.9727
3795, 66.4074, 76.9894
3796, 66.4628, 77.0061
3797, 66.4628, 77.0061
3798, 66.5186, 77.0227
3799, 66.5738, 77.0394
3800, 66.6229, 77.0561
3801, 66.6685, 77.0727
3802, 66.7148, 77.0894
3803, 66.769, 77.1061
3804, 66.8297, 77.1227
3805, 66.8899, 77.1394
3806, 66.8899, 77.1394
3807, 66.944, 77.1561
3808, 66.9961, 77.1727
3809, 67.0489, 77.1894
3810, 67.103, 77.2061
3811, 67.1594, 77.2227
3812, 67.2149, 77.2394
3813, 67.27, 77.2561
3814, 67.3242, 77.2727
3815, 67.3788, 77.2894
3816, 67.3788, 77.2894
3817, 67.432, 77.3061
3818, 67.4821, 77.3227
3819, 67.5321, 77.3394
3820, 67.5818, 77.3561
3821, 67.6304, 77.3727
3822, 67.6793, 77.3894
3823, 67.7297, 77.4061
3824, 67.781, 77.4227
3825, 67.781, 77.4227
3826, 67.8309, 77.4394
3827, 67.8811, 77.4561
3828, 67.9318, 77.4727
3829, 67.9821, 77.4894
3830, 68.0331, 77.5061
3831, 68.0843, 77.5227
3832, 68.1362, 77.5394
3833, 68.1362, 77.5394
3834, 68.1868, 77.5561
3835, 68.2362, 77.5727
3836, 68.2846, 77.5894
3837, 68.2607, 77.6061
3838, 68.2492, 77.6227
3839, 68.3636, 77.6394
3840, 68.3776, 77.6561
3841, 68.3776, 77.6561
3842, 68.4065, 77.6727
3843, 68.4603, 77.6894
3844, 68.486, 77.7061
3845, 68.5049, 77.7227
3846, 68.5444, 77.7394
3847, 68.5782, 77.7561
3848, 68.5999, 77.7727
3849, 68.5999, 77.7727
3850, 68.6337, 77.7894
3851, 68.6686, 77.8061
3852, 68.6962, 77.8227
3853, 68.7254, 77.8394
3854, 68.7613, 77.8561
3855, 68.7948, 77.8727
3856, 68.8292, 77.8894
3857, 68.8292, 77.8894
3858, 68.8661, 77.9061
3859, 68.9009, 77.9227
3860, 68.9343, 77.9394
3861, 68.9706, 77.9561
3862, 69.0055, 77.9727
3863, 69.0417, 77.9894
3864, 69.0775, 78.0061
3865, 69.0775, 78.0061
3866, 69.1143, 78.0227
3867, 69.1505, 78.0394
3868, 69.1866, 78.0561
3869, 69.2209, 78.0727
3870, 69.2542, 78.0894
3871, 69.2862, 78.1061
3872, 69.2862, 78.1061
3873, 69.3177, 78.1227
3874, 69.3505, 78.1394
3875, 69.385, 78.1561
3876, 69.4201, 78.1727
3877, 69.453, 78.1894
3878, 69.486, 78.2061
3879, 69.5208, 78.2227
3880, 69.5208, 78.2227
3881, 69.5538, 78.2394
3882, 69.5831, 78.2561
3883, 69.612, 78.2727
3884, 69.6412, 78.2894
3885, 69.6412, 78.2894
3886, 69.6412, 78.2894
3887, 69.6412, 78.2894
3888, 69.6412, 78.2894
3889, 69.6412, 78.2894
3890, 69.6412, 78.2894
3891, 69.6412, 78.2894
