0, 59.37, 78.591
1, 59.39, 78.608
2, 59.42, 78.625
3, 59.45, 78.641
4, 59.48, 78.658
5, 59.5, 78.675
6, 59.53, 78.691
7, 59.55, 78.708
8, 59.57, 78.725
9, 59.6, 78.741
10, 59.63, 78.758
11, 59.65, 78.775
12, 59.68, 78.791
13, 59.7, 78.808
14, 59.73, 78.825
15, 59.75, 78.841
16, 59.78, 78.858
17, 59.8, 78.875
18, 59.83, 78.891
19, 59.86, 78.908
20, 59.88, 78.925
21, 59.91, 78.941
22, 59.93, 78.958
23, 59.96, 78.975
24, 59.98, 78.991
25, 60.01, 79.008
26, 60.03, 79.025
27, 60.06, 79.041
28, 60.08, 79.058
29, 60.11, 79.075
30, 60.13, 79.091
31, 60.16, 79.108
32, 60.18, 79.125
33, 60.2, 79.141
34, 60.23, 79.158
35, 60.25, 79.175
36, 60.28, 79.191
37, 60.3, 79.208
38, 60.32, 79.225
39, 60.35, 79.241
40, 60.37, 79.258
41, 60.4, 79.275
42, 60.42, 79.291
43, 60.45, 79.308
44, 60.47, 79.325
45, 60.49, 79.341
46, 60.52, 79.358
47, 60.54, 79.375
48, 60.56, 79.391
49, 60.58, 79.408
50, 60.61, 79.425
51, 60.63, 79.441
52, 60.66, 79.458
53, 60.68, 79.475
54, 60.7, 79.491
55, 60.72, 79.508
56, 60.75, 79.525
57, 60.77, 79.541
58, 60.79, 79.558
59, 60.82, 79.575
60, 60.84, 79.591
61, 60.86, 79.608
62, 60.88, 79.625
63, 60.9, 79.641
64, 60.92, 79.658
65, 60.95, 79.675
66, 60.97, 79.691
67, 60.99, 79.708
68, 61.02, 79.725
69, 61.04, 79.741
70, 61.06, 79.758
71, 61.08, 79.775
72, 61.1, 79.791
73, 61.12, 79.808
74, 61.14, 79.825
75, 61.17, 79.841
76, 61.19, 79.858
77, 61.21, 79.875
78, 61.23, 79.891
79, 61.25, 79.908
80, 61.28, 79.925
81, 61.3, 79.941
82, 61.33, 79.958
83, 61.35, 79.975
84, 61.37, 79.991
85, 61.39, 80.008
86, 61.41, 80.025
87, 61.43, 80.041
88, 61.46, 80.058
89, 61.48, 80.075
90, 61.48, 80.075
91, 61.51, 80.091
92, 61.53, 80.108
93, 61.55, 80.125
94, 61.58, 80.141
95, 61.6, 1.589
96, 61.62, 1.605
97, 61.64, 1.622
98, 61.66, 1.639
99, 61.68, 1.655
100, 61.69, 1.672
101, 61.71, 1.689
102, 61.72, 1.705
103, 61.72, 1.722
104, 61.72, 1.739
105, 61.72, 1.755
106, 61.72, 1.772
107, 61.71, 1.789
108, 61.69, 1.805
109, 61.67, 1.822
110, 61.64, 1.839
111, 61.61, 1.855
112, 61.57, 1.872
113, 61.51, 1.889
114, 61.44, 1.905
115, 61.36, 1.922
116, 61.27, 1.939
117, 61.15, 1.955
118, 61.02, 1.972
119, 60.87, 1.989
120, 60.71, 2.005
121, 60.54, 2.022
122, 60.36, 2.039
123, 60.18, 2.055
124, 59.98, 2.072
125, 59.74, 2.089
126, 59.54, 2.105
127, 59.35, 2.122
128, 59.16, 2.139
129, 58.94, 2.155
130, 58.72, 2.172
131, 58.53, 2.189
132, 58.32, 2.205
133, 58.11, 2.222
134, 57.91, 2.239
135, 57.7, 2.255
136, 57.49, 2.272
137, 57.29, 2.289
138, 57.1, 2.305
139, 56.91, 2.322
140, 56.72, 2.339
141, 56.46, 2.355
142, 56.23, 2.372
143, 56.06, 2.389
144, 55.76, 2.422
145, 55.62, 2.439
146, 55.43, 2.455
147, 55.27, 2.472
148, 55.16, 2.489
149, 55.04, 2.505
150, 54.92, 2.522
151, 54.8, 2.539
152, 54.69, 2.555
153, 54.58, 2.572
154, 54.48, 2.589
155, 54.31, 2.622
156, 54.24, 2.639
157, 54.17, 2.655
158, 54.11, 2.672
159, 54.05, 2.689
160, 53.99, 2.705
161, 53.93, 2.722
162, 53.87, 2.739
163, 53.81, 2.755
164, 53.7, 2.789
165, 53.64, 2.805
166, 53.58, 2.822
167, 53.52, 2.839
168, 53.47, 2.855
169, 53.41, 2.872
170, 53.36, 2.889
171, 53.3, 2.905
172, 53.18, 2.939
173, 53.12, 2.955
174, 53.07, 2.972
175, 53.02, 2.989
176, 52.98, 3.005
177, 52.94, 3.022
178, 52.9, 3.039
179, 52.83, 3.072
180, 52.8, 3.089
181, 52.78, 3.105
182, 52.8, 3.122
183, 52.79, 3.139
184, 52.74, 3.155
185, 52.71, 3.172
186, 52.7, 3.189
187, 52.67, 3.222
188, 52.65, 3.239
189, 52.63, 3.255
190, 52.62, 3.272
191, 52.6, 3.289
192, 52.58, 3.305
193, 52.55, 3.339
194, 52.54, 3.355
195, 52.53, 3.372
196, 52.52, 3.389
197, 52.51, 3.405
198, 52.5, 3.422
199, 52.5, 3.439
200, 52.48, 3.472
201, 52.48, 3.489
202, 52.48, 3.505
203, 52.48, 3.522
204, 52.48, 3.539
205, 52.47, 3.555
206, 52.46, 3.589
207, 52.46, 3.605
208, 52.46, 3.622
209, 52.46, 3.639
210, 52.45, 3.655
211, 52.44, 3.672
212, 52.4, 3.705
213, 52.38, 3.722
214, 52.37, 3.739
215, 52.38, 3.755
216, 52.4, 3.772
217, 52.4, 3.789
218, 52.39, 3.805
219, 52.37, 3.839
220, 52.41, 3.855
221, 52.43, 3.872
222, 52.44, 3.889
223, 52.44, 3.905
224, 52.45, 3.922
225, 52.48, 3.939
226, 52.51, 3.955
227, 52.56, 3.989
228, 52.6, 4.005
229, 52.64, 4.022
230, 52.67, 4.039
231, 52.71, 4.055
232, 52.75, 4.072
233, 52.79, 4.089
234, 52.82, 4.105
235, 52.91, 4.139
236, 52.95, 4.155
237, 52.99, 4.172
238, 53.03, 4.189
239, 53.07, 4.205
240, 53.11, 4.222
241, 53.14, 4.239
242, 53.18, 4.255
243, 53.22, 4.272
244, 53.25, 4.289
245, 53.31, 4.322
246, 53.35, 4.339
247, 53.39, 4.355
248, 53.42, 4.372
249, 53.46, 4.389
250, 53.49, 4.405
251, 53.52, 4.422
252, 53.55, 4.439
253, 53.56, 4.455
254, 53.65, 4.489
255, 53.69, 4.505
256, 53.72, 4.522
257, 53.74, 4.539
258, 53.75, 4.555
259, 53.79, 4.572
260, 53.84, 4.589
261, 53.88, 4.605
262, 53.9, 4.622
263, 53.93, 4.639
264, 54.01, 4.672
265, 54.04, 4.689
266, 54.08, 4.705
267, 54.12, 4.722
268, 54.15, 4.739
269, 54.18, 4.755
270, 54.22, 4.772
271, 54.25, 4.789
272, 54.28, 4.805
273, 54.31, 4.822
274, 54.35, 4.839
275, 54.41, 4.872
276, 54.44, 4.889
277, 54.48, 4.905
278, 54.51, 4.922
279, 54.55, 4.939
280, 54.58, 4.955
281, 54.62, 4.972
282, 54.65, 4.989
283, 54.69, 5.005
284, 54.72, 5.022
285, 54.75, 5.039
286, 54.76, 5.055
287, 54.72, 5.089
288, 54.67, 5.105
289, 54.59, 5.122
290, 54.48, 5.139
291, 54.35, 5.155
292, 54.2, 5.172
293, 54.04, 5.189
294, 53.84, 5.205
295, 53.6, 5.222
296, 53.41, 5.239
297, 53.23, 5.255
298, 52.81, 5.289
299, 52.57, 5.305
300, 52.32, 5.322
301, 52.09, 5.339
302, 51.85, 5.355
303, 51.61, 5.372
304, 51.37, 5.389
305, 50.89, 5.422
306, 50.66, 5.439
307, 50.42, 5.455
308, 50.19, 5.472
309, 49.72, 5.505
310, 49.49, 5.522
311, 49.26, 5.539
312, 49.02, 5.555
313, 48.79, 5.572
314, 48.33, 5.605
315, 48.1, 5.622
316, 47.87, 5.639
317, 47.41, 5.672
318, 47.19, 5.689
319, 46.97, 5.705
320, 46.75, 5.722
321, 46.31, 5.755
322, 46.06, 5.772
323, 45.78, 5.789
324, 45.3, 5.822
325, 45.1, 5.839
326, 44.89, 5.855
327, 44.43, 5.889
328, 44.21, 5.905
329, 44, 5.922
330, 43.56, 5.955
331, 43.33, 5.972
332, 42.91, 6.005
333, 42.71, 6.022
334, 42.51, 6.039
335, 42.13, 6.072
336, 41.95, 6.089
337, 41.58, 6.122
338, 41.38, 6.139
339, 41.02, 6.172
340, 40.85, 6.189
341, 40.68, 6.205
342, 40.35, 6.239
343, 40.18, 6.255
344, 39.82, 6.289
345, 39.66, 6.305
346, 39.36, 6.339
347, 39.04, 6.372
348, 38.87, 6.389
349, 38.57, 6.422
350, 38.42, 6.439
351, 38.14, 6.472
352, 38.03, 6.489
353, 37.81, 6.522
354, 37.64, 6.555
355, 37.58, 6.572
356, 37.44, 6.605
357, 37.37, 6.622
358, 37.21, 6.655
359, 37.04, 6.689
360, 36.94, 6.705
361, 36.74, 6.739
362, 36.52, 6.772
363, 36.42, 6.789
364, 36.17, 6.822
365, 35.79, 6.855
366, 35.67, 6.872
367, 35.47, 6.905
368, 35.2, 6.939
369, 34.95, 6.972
370, 34.85, 6.989
371, 34.66, 7.022
372, 34.46, 7.055
373, 34.31, 7.089
374, 34.19, 7.122
375, 34.12, 7.139
376, 33.99, 7.172
377, 33.86, 7.205
378, 33.72, 7.239
379, 33.57, 7.272
380, 33.5, 7.289
381, 33.35, 7.322
382, 33.19, 7.355
383, 33.04, 7.389
384, 32.88, 7.422
385, 32.73, 7.455
386, 32.6, 7.489
387, 32.46, 7.522
388, 32.4, 7.539
389, 32.27, 7.572
390, 32.16, 7.605
391, 32.02, 7.639
392, 31.88, 7.672
393, 31.76, 7.705
394, 31.64, 7.739
395, 31.53, 7.772
396, 31.42, 7.805
397, 31.32, 7.839
398, 31.23, 7.872
399, 31.14, 7.905
400, 31.04, 7.939
401, 30.94, 7.972
402, 30.85, 8.005
403, 30.76, 8.039
404, 30.62, 8.089
405, 30.53, 8.122
406, 30.44, 8.155
407, 30.35, 8.189
408, 30.27, 8.222
409, 30.22, 8.255
410, 30.1, 8.289
411, 29.85, 8.322
412, 29.72, 8.355
413, 29.6, 8.389
414, 29.41, 8.439
415, 29.29, 8.472
416, 29.18, 8.505
417, 29.06, 8.539
418, 28.94, 8.572
419, 28.83, 8.605
420, 28.67, 8.655
421, 28.56, 8.689
422, 28.45, 8.722
423, 28.34, 8.755
424, 28.24, 8.789
425, 28.08, 8.839
426, 27.98, 8.872
427, 27.88, 8.905
428, 27.78, 8.939
429, 27.63, 8.989
430, 27.56, 9.022
431, 27.53, 9.055
432, 27.52, 9.105
433, 27.67, 9.139
434, 27.78, 9.172
435, 27.87, 9.205
436, 28.08, 9.255
437, 28.23, 9.289
438, 28.4, 9.322
439, 28.55, 9.355
440, 28.71, 9.389
441, 28.96, 9.439
442, 29.16, 9.472
443, 29.34, 9.505
444, 29.52, 9.539
445, 29.73, 9.572
446, 29.75, 9.605
447, 30.05, 9.639
448, 30.26, 9.672
449, 30.46, 9.705
450, 30.69, 9.739
451, 30.91, 9.772
452, 31.13, 9.805
453, 31.37, 9.839
454, 31.59, 9.872
455, 31.83, 9.905
456, 32.07, 9.939
457, 32.31, 9.972
458, 32.43, 9.989
459, 32.67, 10.022
460, 32.91, 10.055
461, 33.14, 10.089
462, 33.38, 10.122
463, 33.61, 10.155
464, 33.72, 10.172
465, 33.95, 10.205
466, 34.17, 10.239
467, 34.39, 10.272
468, 34.5, 10.289
469, 34.72, 10.322
470, 34.94, 10.355
471, 35.16, 10.389
472, 35.27, 10.405
473, 35.48, 10.439
474, 35.69, 10.472
475, 35.79, 10.489
476, 35.98, 10.522
477, 36.15, 10.555
478, 36.24, 10.572
479, 36.41, 10.605
480, 36.6, 10.639
481, 36.69, 10.655
482, 36.87, 10.689
483, 37.05, 10.722
484, 37.14, 10.739
485, 37.33, 10.772
486, 37.42, 10.789
487, 37.6, 10.822
488, 37.79, 10.855
489, 37.87, 10.872
490, 38.05, 10.905
491, 38.15, 10.922
492, 38.34, 10.955
493, 38.44, 10.972
494, 38.64, 11.005
495, 38.81, 11.039
496, 38.9, 11.055
497, 39.07, 11.089
498, 39.16, 11.105
499, 39.33, 11.139
500, 39.35, 11.155
501, 39.44, 11.189
502, 39.59, 11.205
503, 39.72, 11.239
504, 39.81, 11.255
505, 39.93, 11.289
506, 40, 11.305
507, 40.17, 11.339
508, 40.22, 11.355
509, 40.34, 11.389
510, 40.43, 11.405
511, 40.57, 11.439
512, 40.64, 11.455
513, 40.8, 11.489
514, 40.87, 11.505
515, 41.03, 11.539
516, 41.11, 11.555
517, 41.27, 11.589
518, 41.35, 11.605
519, 41.43, 11.622
520, 41.59, 11.655
521, 41.67, 11.672
522, 41.82, 11.705
523, 41.9, 11.722
524, 42.06, 11.755
525, 42.14, 11.772
526, 42.22, 11.789
527, 42.37, 11.822
528, 42.45, 11.839
529, 42.61, 11.872
530, 42.68, 11.889
531, 42.76, 11.905
532, 42.92, 11.939
533, 42.99, 11.955
534, 43.07, 11.972
535, 43.22, 12.005
536, 43.29, 12.022
537, 43.37, 12.039
538, 43.52, 12.072
539, 43.59, 12.089
540, 43.74, 12.122
541, 43.81, 12.139
542, 43.89, 12.155
543, 44.04, 12.189
544, 44.11, 12.205
545, 44.19, 12.222
546, 44.34, 12.255
547, 44.41, 12.272
548, 44.48, 12.289
549, 44.63, 12.322
550, 44.71, 12.339
551, 44.78, 12.355
552, 44.92, 12.389
553, 45, 12.405
554, 45.07, 12.422
555, 45.2, 12.455
556, 45.28, 12.472
557, 45.35, 12.489
558, 45.49, 12.522
559, 45.56, 12.539
560, 45.63, 12.555
561, 45.76, 12.589
562, 45.83, 12.605
563, 45.9, 12.622
564, 46.04, 12.655
565, 46.11, 12.672
566, 46.18, 12.689
567, 46.31, 12.722
568, 46.37, 12.739
569, 46.43, 12.755
570, 46.49, 12.772
571, 46.61, 12.805
572, 46.67, 12.822
573, 46.73, 12.839
574, 46.85, 12.872
575, 46.92, 12.889
576, 46.98, 12.905
577, 47.04, 12.922
578, 47.19, 12.955
579, 47.28, 12.972
580, 47.35, 12.989
581, 47.4, 13.005
582, 47.53, 13.039
583, 47.61, 13.055
584, 47.67, 13.072
585, 47.81, 13.105
586, 47.89, 13.122
587, 47.96, 13.139
588, 48.02, 13.155
589, 48.15, 13.189
590, 48.22, 13.205
591, 48.19, 13.222
592, 48.16, 13.239
593, 48.42, 13.272
594, 48.43, 13.289
595, 48.45, 13.305
596, 48.52, 13.322
597, 48.6, 13.339
598, 48.68, 13.372
599, 48.73, 13.389
600, 48.79, 13.405
601, 48.84, 13.422
602, 48.93, 13.455
603, 48.98, 13.472
604, 49.03, 13.489
605, 49.08, 13.505
606, 49.18, 13.539
607, 49.22, 13.555
608, 49.27, 13.572
609, 49.31, 13.589
610, 49.35, 13.605
611, 49.44, 13.639
612, 49.48, 13.655
613, 49.52, 13.672
614, 49.57, 13.689
615, 49.66, 13.722
616, 49.7, 13.739
617, 49.75, 13.755
618, 49.79, 13.772
619, 49.83, 13.789
620, 49.91, 13.822
621, 49.95, 13.839
622, 49.99, 13.855
623, 50.03, 13.872
624, 50.06, 13.889
625, 50.14, 13.922
626, 50.18, 13.939
627, 50.22, 13.955
628, 50.26, 13.972
629, 50.29, 13.989
630, 50.37, 14.022
631, 50.4, 14.039
632, 50.43, 14.055
633, 50.47, 14.072
634, 50.5, 14.089
635, 50.57, 14.122
636, 50.61, 14.139
637, 50.64, 14.155
638, 50.67, 14.172
639, 50.7, 14.189
640, 50.76, 14.222
641, 50.8, 14.239
642, 50.83, 14.255
643, 50.86, 14.272
644, 50.89, 14.289
645, 50.95, 14.322
646, 50.98, 14.339
647, 51.02, 14.355
648, 51.05, 14.372
649, 51.08, 14.389
650, 51.14, 14.422
651, 51.17, 14.439
652, 51.2, 14.455
653, 51.23, 14.472
654, 51.26, 14.489
655, 51.29, 14.505
656, 51.34, 14.539
657, 51.36, 14.555
658, 51.4, 14.572
659, 51.45, 14.589
660, 51.48, 14.605
661, 51.55, 14.639
662, 51.6, 14.655
663, 51.62, 14.672
664, 51.65, 14.689
665, 51.68, 14.705
666, 51.72, 14.722
667, 51.78, 14.755
668, 51.82, 14.772
669, 51.85, 14.789
670, 51.88, 14.805
671, 51.91, 14.822
672, 51.99, 14.855
673, 52.03, 14.872
674, 52.06, 14.889
675, 52.1, 14.905
676, 52.13, 14.922
677, 52.17, 14.939
678, 52.22, 14.972
679, 52.24, 14.989
680, 52.26, 15.005
681, 52.29, 15.022
682, 52.32, 15.039
683, 52.37, 15.055
684, 52.43, 15.072
685, 52.51, 15.105
686, 52.53, 15.122
687, 52.56, 15.139
688, 52.59, 15.155
689, 52.62, 15.172
690, 52.65, 15.189
691, 52.68, 15.205
692, 52.72, 15.239
693, 52.75, 15.255
694, 52.8, 15.272
695, 52.84, 15.289
696, 52.89, 15.305
697, 52.93, 15.322
698, 52.96, 15.339
699, 53.02, 15.372
700, 53.05, 15.389
701, 53.09, 15.405
702, 53.14, 15.422
703, 53.19, 15.439
704, 53.23, 15.455
705, 53.26, 15.472
706, 53.34, 15.505
707, 53.4, 15.522
708, 53.47, 15.539
709, 53.52, 15.555
710, 53.56, 15.572
711, 53.59, 15.589
712, 53.64, 15.605
713, 53.68, 15.622
714, 53.77, 15.655
715, 53.81, 15.672
716, 53.86, 15.689
717, 53.91, 15.705
718, 53.96, 15.722
719, 54, 15.739
720, 54.04, 15.755
721, 54.08, 15.772
722, 54.17, 15.805
723, 54.21, 15.822
724, 54.25, 15.839
725, 54.3, 15.855
726, 54.35, 15.872
727, 54.4, 15.889
728, 54.44, 15.905
729, 54.49, 15.922
730, 54.53, 15.939
731, 54.62, 15.972
732, 54.67, 15.989
733, 54.71, 16.005
734, 54.76, 16.022
735, 54.8, 16.039
736, 54.84, 16.055
737, 54.88, 16.072
738, 54.93, 16.089
739, 54.97, 16.105
740, 55.02, 16.122
741, 55.06, 16.139
742, 55.16, 16.172
743, 55.2, 16.189
744, 55.24, 16.205
745, 55.29, 16.222
746, 55.33, 16.239
747, 55.37, 16.255
748, 55.41, 16.272
749, 55.46, 16.289
750, 55.5, 16.305
751, 55.54, 16.322
752, 55.58, 16.339
753, 55.63, 16.355
754, 55.72, 16.389
755, 55.78, 16.405
756, 55.81, 16.422
757, 55.84, 16.439
758, 55.88, 16.455
759, 55.93, 16.472
760, 55.97, 16.489
761, 56.01, 16.505
762, 56.05, 16.522
763, 56.1, 16.539
764, 56.14, 16.555
765, 56.18, 16.572
766, 56.23, 16.589
767, 56.28, 16.605
768, 56.37, 16.639
769, 56.41, 16.655
770, 56.44, 16.672
771, 56.47, 16.689
772, 56.51, 16.705
773, 56.55, 16.722
774, 56.59, 16.739
775, 56.64, 16.755
776, 56.68, 16.772
777, 56.72, 16.789
778, 56.76, 16.805
779, 56.8, 16.822
780, 56.84, 16.839
781, 56.89, 16.855
782, 56.93, 16.872
783, 56.97, 16.889
784, 57.01, 16.905
785, 57.09, 16.939
786, 57.13, 16.955
787, 57.17, 16.972
788, 57.21, 16.989
789, 57.25, 17.005
790, 57.29, 17.022
791, 57.33, 17.039
792, 57.36, 17.055
793, 57.4, 17.072
794, 57.44, 17.089
795, 57.48, 17.105
796, 57.52, 17.122
797, 57.55, 17.139
798, 57.59, 17.155
799, 57.63, 17.172
800, 57.67, 17.189
801, 57.72, 17.205
802, 57.76, 17.222
803, 57.8, 17.239
804, 57.83, 17.255
805, 57.87, 17.272
806, 57.91, 17.289
807, 57.95, 17.305
808, 57.98, 17.322
809, 58.02, 17.339
810, 58.06, 17.355
811, 58.13, 17.389
812, 58.17, 17.405
813, 58.21, 17.422
814, 58.25, 17.439
815, 58.29, 17.455
816, 58.33, 17.472
817, 58.36, 17.489
818, 58.4, 17.505
819, 58.43, 17.522
820, 58.47, 17.539
821, 58.5, 17.555
822, 58.54, 17.572
823, 58.57, 17.589
824, 58.61, 17.605
825, 58.64, 17.622
826, 58.68, 17.639
827, 58.72, 17.655
828, 58.76, 17.672
829, 58.8, 17.689
830, 58.83, 17.705
831, 58.86, 17.722
832, 58.89, 17.739
833, 58.93, 17.755
834, 58.96, 17.772
835, 59, 17.789
836, 59.04, 17.805
837, 59.08, 17.822
838, 59.11, 17.839
839, 59.14, 17.855
840, 59.17, 17.872
841, 59.2, 17.889
842, 59.23, 17.905
843, 59.27, 17.922
844, 59.31, 17.939
845, 59.34, 17.955
846, 59.38, 17.972
847, 59.41, 17.989
848, 59.44, 18.005
849, 59.47, 18.022
850, 59.51, 18.039
851, 59.54, 18.055
852, 59.57, 18.072
853, 59.61, 18.089
854, 59.64, 18.105
855, 59.67, 18.122
856, 59.7, 18.139
857, 59.73, 18.155
858, 59.76, 18.172
859, 59.8, 18.189
860, 59.83, 18.205
861, 59.86, 18.222
862, 59.9, 18.239
863, 59.93, 18.255
864, 59.97, 18.272
865, 60, 18.289
866, 60.03, 18.305
867, 60.01, 18.322
868, 59.96, 18.339
869, 60.06, 18.355
870, 60.11, 18.372
871, 60.08, 18.389
872, 60.12, 18.405
873, 60.17, 18.422
874, 60.19, 18.439
875, 60.21, 18.455
876, 60.26, 18.472
877, 60.29, 18.489
878, 60.31, 18.505
879, 60.34, 18.522
880, 60.37, 18.539
881, 60.4, 18.555
882, 60.43, 18.572
883, 60.45, 18.589
884, 60.48, 18.605
885, 60.5, 18.622
886, 60.53, 18.639
887, 60.56, 18.655
888, 60.6, 18.672
889, 60.63, 18.689
890, 60.66, 18.705
891, 60.68, 18.722
892, 60.72, 18.739
893, 60.75, 18.755
894, 60.78, 18.772
895, 60.8, 18.789
896, 60.83, 18.805
897, 60.85, 18.822
898, 60.88, 18.839
899, 60.91, 18.855
900, 60.94, 18.872
901, 60.97, 18.889
902, 61, 18.905
903, 61.02, 18.922
904, 61.05, 18.939
905, 61.08, 18.955
906, 61.11, 18.972
907, 61.13, 18.989
908, 61.16, 19.005
909, 61.19, 19.022
910, 61.22, 19.039
911, 61.24, 19.055
912, 61.27, 19.072
913, 61.3, 19.089
914, 61.33, 19.105
915, 61.36, 19.122
916, 61.39, 19.139
917, 61.41, 19.155
918, 61.44, 19.172
919, 61.47, 19.189
920, 61.5, 19.205
921, 61.52, 19.222
922, 61.55, 19.239
923, 61.58, 19.255
924, 61.58, 19.255
925, 61.6, 19.272
926, 61.63, 19.289
927, 61.66, 19.305
928, 61.68, 19.322
929, 61.71, 19.339
930, 61.74, 19.355
931, 61.76, 19.372
932, 61.79, 19.389
933, 61.81, 19.405
934, 61.84, 19.422
935, 61.87, 19.439
936, 61.89, 19.455
937, 61.92, 19.472
938, 61.95, 19.489
939, 61.97, 19.505
940, 61.98, 19.522
941, 62, 19.539
942, 62.01, 19.555
943, 62.02, 19.572
944, 62.02, 19.589
945, 62.03, 19.605
946, 62.02, 19.622
947, 62, 19.639
948, 61.98, 19.655
949, 61.94, 19.672
950, 61.89, 19.689
951, 61.82, 19.705
952, 61.74, 19.722
953, 61.64, 19.739
954, 61.5, 19.755
955, 61.34, 19.772
956, 61.15, 19.789
957, 60.93, 19.805
958, 60.69, 19.822
959, 60.43, 19.839
960, 60.18, 19.855
961, 59.91, 19.872
962, 59.6, 19.889
963, 59.29, 19.905
964, 59.02, 19.922
965, 58.74, 19.939
966, 58.45, 19.955
967, 58.17, 19.972
968, 57.88, 19.989
969, 57.6, 20.005
970, 57.3, 20.022
971, 56.99, 20.039
972, 56.7, 20.055
973, 56.4, 20.072
974, 56.11, 20.089
975, 55.81, 20.105
976, 55.5, 20.122
977, 55.2, 20.139
978, 54.92, 20.155
979, 54.63, 20.172
980, 54.32, 20.189
981, 53.73, 20.222
982, 53.46, 20.239
983, 53.17, 20.255
984, 52.87, 20.272
985, 52.58, 20.289
986, 52.28, 20.305
987, 51.98, 20.322
988, 51.69, 20.339
989, 51.11, 20.372
990, 50.8, 20.389
991, 50.49, 20.405
992, 50.19, 20.422
993, 49.89, 20.439
994, 49.3, 20.472
995, 49, 20.489
996, 48.72, 20.505
997, 48.44, 20.522
998, 48.16, 20.539
999, 47.59, 20.572
1000, 47.31, 20.589
1001, 47.01, 20.605
1002, 46.46, 20.639
1003, 46.2, 20.655
1004, 45.93, 20.672
1005, 45.65, 20.689
1006, 45.14, 20.722
1007, 44.88, 20.739
1008, 44.62, 20.755
1009, 44.11, 20.789
1010, 43.85, 20.805
1011, 43.32, 20.839
1012, 43.05, 20.855
1013, 42.8, 20.872
1014, 42.32, 20.905
1015, 42.06, 20.922
1016, 41.58, 20.955
1017, 41.33, 20.972
1018, 41.07, 20.989
1019, 40.62, 21.022
1020, 40.39, 21.039
1021, 39.93, 21.072
1022, 39.72, 21.089
1023, 39.29, 21.122
1024, 39.09, 21.139
1025, 38.68, 21.172
1026, 38.28, 21.205
1027, 38.08, 21.222
1028, 37.61, 21.255
1029, 37.38, 21.272
1030, 36.92, 21.305
1031, 36.47, 21.339
1032, 36.24, 21.355
1033, 35.8, 21.389
1034, 35.37, 21.422
1035, 35.15, 21.439
1036, 34.7, 21.472
1037, 34.25, 21.505
1038, 34.02, 21.522
1039, 33.6, 21.555
1040, 33.2, 21.589
1041, 32.76, 21.622
1042, 32.32, 21.655
1043, 31.91, 21.689
1044, 31.7, 21.705
1045, 31.31, 21.739
1046, 30.93, 21.772
1047, 30.56, 21.805
1048, 30.23, 21.839
1049, 29.89, 21.872
1050, 29.56, 21.905
1051, 29.28, 21.939
1052, 29.03, 21.972
1053, 28.8, 22.005
1054, 28.6, 22.039
1055, 28.37, 22.089
1056, 28.25, 22.122
1057, 28.15, 22.155
1058, 28.09, 22.189
1059, 28.02, 22.222
1060, 27.76, 22.255
1061, 27.62, 22.289
1062, 27.55, 22.339
1063, 27.45, 22.372
1064, 27.34, 22.405
1065, 27.26, 22.439
1066, 27.19, 22.472
1067, 27.04, 22.522
1068, 26.95, 22.555
1069, 26.86, 22.589
1070, 26.76, 22.622
1071, 26.61, 22.672
1072, 26.5, 22.705
1073, 26.42, 22.739
1074, 26.33, 22.772
1075, 26.18, 22.822
1076, 26.08, 22.855
1077, 26, 22.889
1078, 25.89, 22.939
1079, 25.8, 22.972
1080, 25.69, 23.005
1081, 25.59, 23.039
1082, 25.48, 23.089
1083, 25.37, 23.122
1084, 25.27, 23.155
1085, 25.13, 23.205
1086, 25.02, 23.239
1087, 24.86, 23.289
1088, 24.77, 23.322
1089, 24.68, 23.355
1090, 24.54, 23.405
1091, 24.45, 23.439
1092, 24.27, 23.489
1093, 24.16, 23.522
1094, 24.02, 23.572
1095, 23.89, 23.622
1096, 23.79, 23.655
1097, 23.64, 23.705
1098, 23.52, 23.739
1099, 23.36, 23.789
1100, 23.25, 23.839
1101, 23.15, 23.872
1102, 23, 23.922
1103, 22.92, 23.955
1104, 22.79, 24.005
1105, 22.66, 24.055
1106, 22.57, 24.089
1107, 22.46, 24.139
1108, 22.34, 24.189
1109, 22.25, 24.222
1110, 22.14, 24.272
1111, 22.02, 24.322
1112, 21.9, 24.372
1113, 21.79, 24.422
1114, 21.75, 24.455
1115, 21.73, 24.505
1116, 21.89, 24.555
1117, 21.98, 24.605
1118, 22.16, 24.655
1119, 22.28, 24.689
1120, 22.45, 24.739
1121, 22.63, 24.789
1122, 22.83, 24.839
1123, 22.98, 24.872
1124, 23.17, 24.922
1125, 23.31, 24.955
1126, 23.53, 25.005
1127, 23.8, 25.055
1128, 23.98, 25.089
1129, 24.25, 25.139
1130, 24.47, 25.172
1131, 24.72, 25.205
1132, 25.06, 25.255
1133, 25.28, 25.289
1134, 25.51, 25.322
1135, 25.92, 25.372
1136, 26.18, 25.405
1137, 26.43, 25.439
1138, 26.81, 25.489
1139, 27.05, 25.522
1140, 27.31, 25.555
1141, 27.57, 25.589
1142, 27.82, 25.622
1143, 28.03, 25.655
1144, 28.23, 25.689
1145, 28.6, 25.739
1146, 28.87, 25.772
1147, 29.09, 25.805
1148, 29.28, 25.839
1149, 29.49, 25.872
1150, 29.71, 25.905
1151, 29.92, 25.939
1152, 30.11, 25.972
1153, 30.26, 26.005
1154, 30.36, 26.039
1155, 30.46, 26.072
1156, 30.6, 26.105
1157, 30.77, 26.139
1158, 30.86, 26.155
1159, 30.85, 26.189
1160, 31.11, 26.222
1161, 31.32, 26.255
1162, 31.5, 26.289
1163, 31.7, 26.322
1164, 31.93, 26.355
1165, 32.11, 26.389
1166, 32.29, 26.422
1167, 32.4, 26.439
1168, 32.63, 26.472
1169, 32.84, 26.505
1170, 33.03, 26.539
1171, 33.24, 26.572
1172, 33.34, 26.589
1173, 33.54, 26.622
1174, 33.74, 26.655
1175, 33.94, 26.689
1176, 34.03, 26.705
1177, 34.23, 26.739
1178, 34.43, 26.772
1179, 34.52, 26.789
1180, 34.71, 26.822
1181, 34.92, 26.855
1182, 35.11, 26.889
1183, 35.2, 26.905
1184, 35.4, 26.939
1185, 35.59, 26.972
1186, 35.69, 26.989
1187, 35.87, 27.022
1188, 36.07, 27.055
1189, 36.17, 27.072
1190, 36.35, 27.105
1191, 36.54, 27.139
1192, 36.64, 27.155
1193, 36.83, 27.189
1194, 36.92, 27.205
1195, 37.09, 27.239
1196, 37.28, 27.272
1197, 37.38, 27.289
1198, 37.57, 27.322
1199, 37.65, 27.339
1200, 37.83, 27.372
1201, 38.02, 27.405
1202, 38.11, 27.422
1203, 38.28, 27.455
1204, 38.37, 27.472
1205, 38.55, 27.505
1206, 38.63, 27.522
1207, 38.8, 27.555
1208, 38.89, 27.572
1209, 39.06, 27.605
1210, 39.14, 27.622
1211, 39.3, 27.655
1212, 39.31, 27.672
1213, 39.39, 27.705
1214, 39.56, 27.722
1215, 39.68, 27.755
1216, 39.76, 27.772
1217, 39.91, 27.805
1218, 39.99, 27.822
1219, 40.14, 27.855
1220, 40.21, 27.872
1221, 40.35, 27.905
1222, 40.43, 27.922
1223, 40.58, 27.955
1224, 40.65, 27.972
1225, 40.8, 28.005
1226, 40.87, 28.022
1227, 41.02, 28.055
1228, 41.09, 28.072
1229, 41.23, 28.105
1230, 41.31, 28.122
1231, 41.39, 28.139
1232, 41.54, 28.172
1233, 41.61, 28.189
1234, 41.75, 28.222
1235, 41.83, 28.239
1236, 41.97, 28.272
1237, 42.05, 28.289
1238, 42.12, 28.305
1239, 42.26, 28.339
1240, 42.34, 28.355
1241, 42.48, 28.389
1242, 42.55, 28.405
1243, 42.61, 28.422
1244, 42.76, 28.455
1245, 42.83, 28.472
1246, 42.96, 28.505
1247, 43.02, 28.522
1248, 43.09, 28.539
1249, 43.23, 28.572
1250, 43.3, 28.589
1251, 43.37, 28.605
1252, 43.51, 28.639
1253, 43.58, 28.655
1254, 43.71, 28.689
1255, 43.77, 28.705
1256, 43.85, 28.722
1257, 43.99, 28.755
1258, 44.05, 28.772
1259, 44.12, 28.789
1260, 44.26, 28.822
1261, 44.33, 28.839
1262, 44.4, 28.855
1263, 44.54, 28.889
1264, 44.61, 28.905
1265, 44.68, 28.922
1266, 44.82, 28.955
1267, 44.89, 28.972
1268, 44.96, 28.989
1269, 45.1, 29.022
1270, 45.17, 29.039
1271, 45.24, 29.055
1272, 45.37, 29.089
1273, 45.44, 29.105
1274, 45.51, 29.122
1275, 45.58, 29.139
1276, 45.72, 29.172
1277, 45.79, 29.189
1278, 45.86, 29.205
1279, 46, 29.239
1280, 46.07, 29.255
1281, 46.14, 29.272
1282, 46.28, 29.305
1283, 46.35, 29.322
1284, 46.42, 29.339
1285, 46.48, 29.355
1286, 46.61, 29.389
1287, 46.68, 29.405
1288, 46.75, 29.422
1289, 46.82, 29.439
1290, 46.96, 29.472
1291, 47.02, 29.489
1292, 47.09, 29.505
1293, 47.16, 29.522
1294, 47.29, 29.555
1295, 47.36, 29.572
1296, 47.42, 29.589
1297, 47.55, 29.622
1298, 47.62, 29.639
1299, 47.68, 29.655
1300, 47.75, 29.672
1301, 47.82, 29.689
1302, 47.95, 29.722
1303, 48.02, 29.739
1304, 48.09, 29.755
1305, 48.15, 29.772
1306, 48.29, 29.805
1307, 48.35, 29.822
1308, 48.41, 29.839
1309, 48.47, 29.855
1310, 48.62, 29.889
1311, 48.68, 29.905
1312, 48.74, 29.922
1313, 48.81, 29.939
1314, 48.87, 29.955
1315, 49.01, 29.989
1316, 49.07, 30.005
1317, 49.14, 30.022
1318, 49.19, 30.039
1319, 49.25, 30.055
1320, 49.39, 30.089
1321, 49.45, 30.105
1322, 49.51, 30.122
1323, 49.56, 30.139
1324, 49.62, 30.155
1325, 49.74, 30.189
1326, 49.8, 30.205
1327, 49.79, 30.222
1328, 49.76, 30.239
1329, 49.89, 30.255
1330, 50.01, 30.289
1331, 50.04, 30.305
1332, 50.11, 30.322
1333, 50.19, 30.339
1334, 50.24, 30.355
1335, 50.35, 30.389
1336, 50.42, 30.405
1337, 50.47, 30.422
1338, 50.52, 30.439
1339, 50.58, 30.455
1340, 50.7, 30.489
1341, 50.75, 30.505
1342, 50.8, 30.522
1343, 50.86, 30.539
1344, 50.92, 30.555
1345, 50.97, 30.572
1346, 51.08, 30.605
1347, 51.13, 30.622
1348, 51.19, 30.639
1349, 51.24, 30.655
1350, 51.29, 30.672
1351, 51.35, 30.689
1352, 51.45, 30.722
1353, 51.51, 30.739
1354, 51.56, 30.755
1355, 51.62, 30.772
1356, 51.67, 30.789
1357, 51.73, 30.805
1358, 51.77, 30.822
1359, 51.88, 30.855
1360, 51.93, 30.872
1361, 51.98, 30.889
1362, 52.04, 30.905
1363, 52.09, 30.922
1364, 52.15, 30.939
1365, 52.25, 30.972
1366, 52.3, 30.989
1367, 52.35, 31.005
1368, 52.4, 31.022
1369, 52.45, 31.039
1370, 52.5, 31.055
1371, 52.55, 31.072
1372, 52.65, 31.105
1373, 52.71, 31.122
1374, 52.76, 31.139
1375, 52.81, 31.155
1376, 52.87, 31.172
1377, 52.92, 31.189
1378, 52.97, 31.205
1379, 53.07, 31.239
1380, 53.12, 31.255
1381, 53.17, 31.272
1382, 53.21, 31.289
1383, 53.26, 31.305
1384, 53.31, 31.322
1385, 53.36, 31.339
1386, 53.41, 31.355
1387, 53.5, 31.389
1388, 53.55, 31.405
1389, 53.6, 31.422
1390, 53.64, 31.439
1391, 53.69, 31.455
1392, 53.73, 31.472
1393, 53.78, 31.489
1394, 53.83, 31.505
1395, 53.88, 31.522
1396, 53.98, 31.555
1397, 54.03, 31.572
1398, 54.07, 31.589
1399, 54.12, 31.605
1400, 54.16, 31.622
1401, 54.21, 31.639
1402, 54.26, 31.655
1403, 54.3, 31.672
1404, 54.35, 31.689
1405, 54.44, 31.722
1406, 54.49, 31.739
1407, 54.54, 31.755
1408, 54.58, 31.772
1409, 54.63, 31.789
1410, 54.68, 31.805
1411, 54.72, 31.822
1412, 54.77, 31.839
1413, 54.81, 31.855
1414, 54.86, 31.872
1415, 54.95, 31.905
1416, 54.99, 31.922
1417, 55.03, 31.939
1418, 55.08, 31.955
1419, 55.12, 31.972
1420, 55.17, 31.989
1421, 55.21, 32.005
1422, 55.26, 32.022
1423, 55.3, 32.039
1424, 55.34, 32.055
1425, 55.38, 32.072
1426, 55.47, 32.105
1427, 55.51, 32.122
1428, 55.55, 32.139
1429, 55.59, 32.155
1430, 55.63, 32.172
1431, 55.68, 32.189
1432, 55.72, 32.205
1433, 55.76, 32.222
1434, 55.81, 32.239
1435, 55.85, 32.255
1436, 55.89, 32.272
1437, 55.93, 32.289
1438, 55.97, 32.305
1439, 56.05, 32.339
1440, 56.09, 32.355
1441, 56.13, 32.372
1442, 56.17, 32.389
1443, 56.22, 32.405
1444, 56.26, 32.422
1445, 56.3, 32.439
1446, 56.33, 32.455
1447, 56.37, 32.472
1448, 56.41, 32.489
1449, 56.45, 32.505
1450, 56.5, 32.522
1451, 56.54, 32.539
1452, 56.58, 32.555
1453, 56.62, 32.572
1454, 56.69, 32.605
1455, 56.73, 32.622
1456, 56.77, 32.639
1457, 56.81, 32.655
1458, 56.85, 32.672
1459, 56.89, 32.689
1460, 56.93, 32.705
1461, 56.96, 32.722
1462, 57, 32.739
1463, 57.03, 32.755
1464, 57.07, 32.772
1465, 57.11, 32.789
1466, 57.14, 32.805
1467, 57.18, 32.822
1468, 57.22, 32.839
1469, 57.25, 32.855
1470, 57.29, 32.872
1471, 57.32, 32.889
1472, 57.36, 32.905
1473, 57.43, 32.939
1474, 57.47, 32.955
1475, 57.51, 32.972
1476, 57.54, 32.989
1477, 57.58, 33.005
1478, 57.61, 33.022
1479, 57.64, 33.039
1480, 57.68, 33.055
1481, 57.72, 33.072
1482, 57.75, 33.089
1483, 57.79, 33.105
1484, 57.83, 33.122
1485, 57.86, 33.139
1486, 57.89, 33.155
1487, 57.92, 33.172
1488, 57.96, 33.189
1489, 57.99, 33.205
1490, 58.03, 33.222
1491, 58.06, 33.239
1492, 58.09, 33.255
1493, 58.13, 33.272
1494, 58.16, 33.289
1495, 58.19, 33.305
1496, 58.23, 33.322
1497, 58.26, 33.339
1498, 58.29, 33.355
1499, 58.33, 33.372
1500, 58.36, 33.389
1501, 58.42, 33.422
1502, 58.46, 33.439
1503, 58.49, 33.455
1504, 58.52, 33.472
1505, 58.55, 33.489
1506, 58.58, 33.505
1507, 58.62, 33.522
1508, 58.65, 33.539
1509, 58.68, 33.555
1510, 58.71, 33.572
1511, 58.74, 33.589
1512, 58.77, 33.605
1513, 58.81, 33.622
1514, 58.84, 33.639
1515, 58.87, 33.655
1516, 58.9, 33.672
1517, 58.94, 33.689
1518, 58.96, 33.705
1519, 58.99, 33.722
1520, 59.02, 33.739
1521, 59.05, 33.755
1522, 59.08, 33.772
1523, 59.12, 33.789
1524, 59.15, 33.805
1525, 59.18, 33.822
1526, 59.21, 33.839
1527, 59.24, 33.855
1528, 59.27, 33.872
1529, 59.3, 33.889
1530, 59.32, 33.905
1531, 59.35, 33.922
1532, 59.39, 33.939
1533, 59.42, 33.955
1534, 59.44, 33.972
1535, 59.47, 33.989
1536, 59.5, 34.005
1537, 59.53, 34.022
1538, 59.56, 34.039
1539, 59.59, 34.055
1540, 59.62, 34.072
1541, 59.64, 34.089
1542, 59.62, 34.105
1543, 59.57, 34.122
1544, 59.67, 34.139
1545, 59.72, 34.155
1546, 59.68, 34.172
1547, 59.73, 34.189
1548, 59.77, 34.205
1549, 59.79, 34.222
1550, 59.8, 34.239
1551, 59.84, 34.255
1552, 59.86, 34.272
1553, 59.88, 34.289
1554, 59.91, 34.305
1555, 59.94, 34.322
1556, 59.96, 34.339
1557, 59.99, 34.355
1558, 60.02, 34.372
1559, 60.04, 34.389
1560, 60.07, 34.405
1561, 60.09, 34.422
1562, 60.11, 34.439
1563, 60.14, 34.455
1564, 60.16, 34.472
1565, 60.19, 34.489
1566, 60.21, 34.505
1567, 60.23, 34.522
1568, 60.26, 34.539
1569, 60.28, 34.555
1570, 60.3, 34.572
1571, 60.32, 34.589
1572, 60.35, 34.605
1573, 60.37, 34.622
1574, 60.4, 34.639
1575, 60.42, 34.655
1576, 60.44, 34.672
1577, 60.46, 34.689
1578, 60.49, 34.705
1579, 60.51, 34.722
1580, 60.53, 34.739
1581, 60.56, 34.755
1582, 60.58, 34.772
1583, 60.6, 34.789
1584, 60.61, 34.805
1585, 60.6, 34.822
1586, 60.6, 34.839
1587, 60.58, 34.855
1588, 60.55, 34.872
1589, 60.52, 34.889
1590, 60.45, 34.905
1591, 60.37, 34.922
1592, 60.26, 34.939
1593, 60.11, 34.955
1594, 59.95, 34.972
1595, 59.77, 34.989
1596, 59.59, 35.005
1597, 59.4, 35.022
1598, 59.17, 35.039
1599, 58.93, 35.055
1600, 58.72, 35.072
1601, 58.51, 35.089
1602, 58.28, 35.105
1603, 58.03, 35.122
1604, 57.79, 35.139
1605, 57.56, 35.155
1606, 57.32, 35.172
1607, 57.07, 35.189
1608, 56.84, 35.205
1609, 56.61, 35.222
1610, 56.05, 35.255
1611, 55.77, 35.272
1612, 55.54, 35.289
1613, 55.31, 35.305
1614, 55.08, 35.322
1615, 54.84, 35.339
1616, 54.58, 35.355
1617, 54.3, 35.372
1618, 54.06, 35.389
1619, 53.83, 35.405
1620, 53.57, 35.422
1621, 53.07, 35.455
1622, 52.83, 35.472
1623, 52.6, 35.489
1624, 52.36, 35.505
1625, 52.13, 35.522
1626, 51.91, 35.539
1627, 51.7, 35.555
1628, 51.3, 35.589
1629, 51.11, 35.605
1630, 50.92, 35.622
1631, 50.73, 35.639
1632, 50.54, 35.655
1633, 50.36, 35.672
1634, 50.02, 35.705
1635, 49.86, 35.722
1636, 49.7, 35.739
1637, 49.54, 35.755
1638, 49.34, 35.772
1639, 48.87, 35.805
1640, 48.73, 35.822
1641, 48.58, 35.839
1642, 48.41, 35.855
1643, 48.05, 35.889
1644, 47.91, 35.905
1645, 47.77, 35.922
1646, 47.63, 35.939
1647, 47.34, 35.972
1648, 47.22, 35.989
1649, 47.11, 36.005
1650, 46.89, 36.039
1651, 46.8, 36.055
1652, 46.72, 36.072
1653, 46.65, 36.089
1654, 46.51, 36.122
1655, 46.45, 36.139
1656, 46.39, 36.155
1657, 46.26, 36.189
1658, 46.2, 36.205
1659, 46.14, 36.222
1660, 46.08, 36.239
1661, 45.96, 36.272
1662, 45.9, 36.289
1663, 45.84, 36.305
1664, 45.72, 36.339
1665, 45.65, 36.355
1666, 45.59, 36.372
1667, 45.46, 36.405
1668, 45.4, 36.422
1669, 45.34, 36.439
1670, 45.22, 36.472
1671, 45.16, 36.489
1672, 45.1, 36.505
1673, 44.98, 36.539
1674, 44.93, 36.555
1675, 44.87, 36.572
1676, 44.75, 36.605
1677, 44.7, 36.622
1678, 44.64, 36.639
1679, 44.52, 36.672
1680, 44.47, 36.689
1681, 44.41, 36.705
1682, 44.31, 36.739
1683, 44.25, 36.755
1684, 44.2, 36.772
1685, 44.09, 36.805
1686, 44.04, 36.822
1687, 43.99, 36.839
1688, 43.88, 36.872
1689, 43.83, 36.889
1690, 43.73, 36.922
1691, 43.68, 36.939
1692, 43.62, 36.955
1693, 43.52, 36.989
1694, 43.46, 37.005
1695, 43.39, 37.022
1696, 43.26, 37.055
1697, 43.19, 37.072
1698, 43.03, 37.105
1699, 42.95, 37.122
1700, 42.86, 37.139
1701, 42.68, 37.172
1702, 42.59, 37.189
1703, 42.37, 37.222
1704, 42.25, 37.239
1705, 42.13, 37.255
1706, 41.88, 37.289
1707, 41.75, 37.305
1708, 41.48, 37.339
1709, 41.34, 37.355
1710, 41.07, 37.389
1711, 40.93, 37.405
1712, 40.65, 37.439
1713, 40.51, 37.455
1714, 40.37, 37.472
1715, 40.08, 37.505
1716, 39.94, 37.522
1717, 39.66, 37.555
1718, 39.52, 37.572
1719, 39.26, 37.605
1720, 38.92, 37.639
1721, 38.73, 37.655
1722, 38.44, 37.689
1723, 38.27, 37.705
1724, 37.93, 37.739
1725, 37.78, 37.755
1726, 37.49, 37.789
1727, 37.19, 37.822
1728, 37.04, 37.839
1729, 36.75, 37.872
1730, 36.61, 37.889
1731, 36.34, 37.922
1732, 36.05, 37.955
1733, 35.9, 37.972
1734, 35.62, 38.005
1735, 35.32, 38.039
1736, 35.17, 38.055
1737, 34.94, 38.089
1738, 34.7, 38.122
1739, 34.34, 38.155
1740, 34.15, 38.172
1741, 33.94, 38.205
1742, 33.76, 38.239
1743, 33.5, 38.272
1744, 33.29, 38.305
1745, 33.14, 38.322
1746, 32.93, 38.355
1747, 32.7, 38.389
1748, 32.49, 38.422
1749, 32.19, 38.455
1750, 31.74, 38.489
1751, 31.58, 38.505
1752, 31.41, 38.539
1753, 31.24, 38.572
1754, 31.09, 38.605
1755, 30.87, 38.639
1756, 30.67, 38.672
1757, 30.54, 38.705
1758, 30.4, 38.739
1759, 30.25, 38.772
1760, 30.12, 38.805
1761, 30, 38.839
1762, 29.91, 38.872
1763, 29.82, 38.905
1764, 29.74, 38.939
1765, 29.68, 38.972
1766, 29.63, 39.005
1767, 29.59, 39.039
1768, 29.55, 39.072
1769, 29.52, 39.105
1770, 29.48, 39.139
1771, 29.47, 39.172
1772, 29.46, 39.205
1773, 29.27, 39.239
1774, 29.12, 39.272
1775, 29.04, 39.305
1776, 28.92, 39.339
1777, 28.79, 39.372
1778, 28.65, 39.405
1779, 28.5, 39.439
1780, 28.32, 39.489
1781, 28.2, 39.522
1782, 28.06, 39.555
1783, 27.89, 39.589
1784, 27.74, 39.622
1785, 27.61, 39.655
1786, 27.48, 39.689
1787, 27.35, 39.722
1788, 27.23, 39.755
1789, 27.12, 39.789
1790, 26.96, 39.839
1791, 26.81, 39.872
1792, 26.69, 39.905
1793, 26.59, 39.939
1794, 26.52, 39.972
1795, 26.45, 40.005
1796, 26.36, 40.039
1797, 26.22, 40.089
1798, 26.13, 40.122
1799, 26.04, 40.155
1800, 25.95, 40.189
1801, 25.82, 40.239
1802, 25.73, 40.272
1803, 25.65, 40.305
1804, 25.58, 40.355
1805, 25.54, 40.389
1806, 25.66, 40.439
1807, 25.71, 40.472
1808, 25.77, 40.505
1809, 25.9, 40.555
1810, 26.01, 40.589
1811, 26.1, 40.622
1812, 26.27, 40.672
1813, 26.38, 40.705
1814, 26.5, 40.739
1815, 26.7, 40.789
1816, 26.83, 40.822
1817, 26.97, 40.855
1818, 27.13, 40.889
1819, 27.29, 40.922
1820, 27.53, 40.972
1821, 27.69, 41.005
1822, 27.85, 41.039
1823, 28.01, 41.072
1824, 28.16, 41.105
1825, 28.33, 41.139
1826, 28.49, 41.172
1827, 28.76, 41.222
1828, 28.92, 41.255
1829, 29.09, 41.289
1830, 29.28, 41.322
1831, 29.5, 41.355
1832, 29.7, 41.389
1833, 29.91, 41.422
1834, 30.13, 41.455
1835, 30.33, 41.489
1836, 30.54, 41.522
1837, 30.75, 41.555
1838, 30.94, 41.589
1839, 30.94, 41.622
1840, 31.26, 41.655
1841, 31.47, 41.689
1842, 31.66, 41.722
1843, 31.78, 41.739
1844, 32.01, 41.772
1845, 32.23, 41.805
1846, 32.45, 41.839
1847, 32.67, 41.872
1848, 32.9, 41.905
1849, 33.12, 41.939
1850, 33.23, 41.955
1851, 33.44, 41.989
1852, 33.66, 42.022
1853, 33.88, 42.055
1854, 33.99, 42.072
1855, 34.21, 42.105
1856, 34.43, 42.139
1857, 34.64, 42.172
1858, 34.75, 42.189
1859, 34.96, 42.222
1860, 35.17, 42.255
1861, 35.28, 42.272
1862, 35.5, 42.305
1863, 35.71, 42.339
1864, 35.81, 42.355
1865, 36.02, 42.389
1866, 36.24, 42.422
1867, 36.34, 42.439
1868, 36.56, 42.472
1869, 36.66, 42.489
1870, 36.86, 42.522
1871, 37.07, 42.555
1872, 37.18, 42.572
1873, 37.37, 42.605
1874, 37.57, 42.639
1875, 37.67, 42.655
1876, 37.86, 42.689
1877, 37.96, 42.705
1878, 38.16, 42.739
1879, 38.26, 42.755
1880, 38.45, 42.789
1881, 38.64, 42.822
1882, 38.74, 42.839
1883, 38.92, 42.872
1884, 39.01, 42.889
1885, 39.2, 42.922
1886, 39.29, 42.939
1887, 39.48, 42.972
1888, 39.57, 42.989
1889, 39.75, 43.022
1890, 39.84, 43.039
1891, 40.02, 43.072
1892, 40.11, 43.089
1893, 40.29, 43.122
1894, 40.37, 43.139
1895, 40.34, 43.172
1896, 40.44, 43.189
1897, 40.7, 43.222
1898, 40.77, 43.239
1899, 40.95, 43.272
1900, 41.02, 43.289
1901, 41.18, 43.322
1902, 41.26, 43.339
1903, 41.42, 43.372
1904, 41.5, 43.389
1905, 41.66, 43.422
1906, 41.74, 43.439
1907, 41.83, 43.455
1908, 42, 43.489
1909, 42.08, 43.505
1910, 42.25, 43.539
1911, 42.33, 43.555
1912, 42.49, 43.589
1913, 42.57, 43.605
1914, 42.65, 43.622
1915, 42.81, 43.655
1916, 42.89, 43.672
1917, 43.04, 43.705
1918, 43.11, 43.722
1919, 43.19, 43.739
1920, 43.36, 43.772
1921, 43.44, 43.789
1922, 43.58, 43.822
1923, 43.65, 43.839
1924, 43.73, 43.855
1925, 43.88, 43.889
1926, 43.96, 43.905
1927, 44.03, 43.922
1928, 44.18, 43.955
1929, 44.26, 43.972
1930, 44.4, 44.005
1931, 44.48, 44.022
1932, 44.55, 44.039
1933, 44.7, 44.072
1934, 44.78, 44.089
1935, 44.85, 44.105
1936, 45, 44.139
1937, 45.07, 44.155
1938, 45.14, 44.172
1939, 45.29, 44.205
1940, 45.37, 44.222
1941, 45.44, 44.239
1942, 45.59, 44.272
1943, 45.66, 44.289
1944, 45.74, 44.305
1945, 45.88, 44.339
1946, 45.96, 44.355
1947, 46.03, 44.372
1948, 46.11, 44.389
1949, 46.25, 44.422
1950, 46.32, 44.439
1951, 46.4, 44.455
1952, 46.53, 44.489
1953, 46.6, 44.505
1954, 46.66, 44.522
1955, 46.81, 44.555
1956, 46.89, 44.572
1957, 46.98, 44.589
1958, 47.06, 44.605
1959, 47.17, 44.639
1960, 47.24, 44.655
1961, 47.31, 44.672
1962, 47.38, 44.689
1963, 47.5, 44.722
1964, 47.58, 44.739
1965, 47.65, 44.755
1966, 47.72, 44.772
1967, 47.85, 44.805
1968, 47.92, 44.822
1969, 47.99, 44.839
1970, 48.05, 44.855
1971, 48.18, 44.889
1972, 48.25, 44.905
1973, 48.31, 44.922
1974, 48.38, 44.939
1975, 48.51, 44.972
1976, 48.57, 44.989
1977, 48.64, 45.005
1978, 48.71, 45.022
1979, 48.84, 45.055
1980, 48.9, 45.072
1981, 48.96, 45.089
1982, 49.03, 45.105
1983, 49.15, 45.139
1984, 49.21, 45.155
1985, 49.27, 45.172
1986, 49.33, 45.189
1987, 49.39, 45.205
1988, 49.51, 45.239
1989, 49.57, 45.255
1990, 49.63, 45.272
1991, 49.7, 45.289
1992, 49.75, 45.305
1993, 49.86, 45.339
1994, 49.91, 45.355
1995, 49.96, 45.372
1996, 50, 45.389
1997, 50.04, 45.405
1998, 50.1, 45.439
1999, 50.12, 45.455
2000, 50.13, 45.472
2001, 50.14, 45.489
2002, 50.12, 45.505
2003, 50.21, 45.539
2004, 50.32, 45.555
2005, 50.34, 45.572
2006, 50.38, 45.589
2007, 50.45, 45.605
2008, 50.56, 45.639
2009, 50.61, 45.655
2010, 50.67, 45.672
2011, 50.73, 45.689
2012, 50.78, 45.705
2013, 50.9, 45.739
2014, 50.95, 45.755
2015, 51, 45.772
2016, 51.05, 45.789
2017, 51.11, 45.805
2018, 51.16, 45.822
2019, 51.27, 45.855
2020, 51.32, 45.872
2021, 51.38, 45.889
2022, 51.43, 45.905
2023, 51.48, 45.922
2024, 51.54, 45.939
2025, 51.64, 45.972
2026, 51.69, 45.989
2027, 51.75, 46.005
2028, 51.8, 46.022
2029, 51.85, 46.039
2030, 51.91, 46.055
2031, 52.01, 46.089
2032, 52.06, 46.105
2033, 52.11, 46.122
2034, 52.16, 46.139
2035, 52.22, 46.155
2036, 52.27, 46.172
2037, 52.32, 46.189
2038, 52.43, 46.222
2039, 52.48, 46.239
2040, 52.53, 46.255
2041, 52.58, 46.272
2042, 52.63, 46.289
2043, 52.68, 46.305
2044, 52.73, 46.322
2045, 52.83, 46.355
2046, 52.88, 46.372
2047, 52.93, 46.389
2048, 52.97, 46.405
2049, 53.02, 46.422
2050, 53.07, 46.439
2051, 53.12, 46.455
2052, 53.21, 46.489
2053, 53.26, 46.505
2054, 53.31, 46.522
2055, 53.36, 46.539
2056, 53.41, 46.555
2057, 53.46, 46.572
2058, 53.51, 46.589
2059, 53.56, 46.605
2060, 53.65, 46.639
2061, 53.7, 46.655
2062, 53.74, 46.672
2063, 53.79, 46.689
2064, 53.83, 46.705
2065, 53.88, 46.722
2066, 53.92, 46.739
2067, 53.96, 46.755
2068, 54.01, 46.772
2069, 54.09, 46.805
2070, 54.13, 46.822
2071, 54.18, 46.839
2072, 54.22, 46.855
2073, 54.26, 46.872
2074, 54.3, 46.889
2075, 54.34, 46.905
2076, 54.38, 46.922
2077, 54.42, 46.939
2078, 54.51, 46.972
2079, 54.55, 46.989
2080, 54.58, 47.005
2081, 54.62, 47.022
2082, 54.67, 47.039
2083, 54.71, 47.055
2084, 54.75, 47.072
2085, 54.8, 47.089
2086, 54.84, 47.105
2087, 54.93, 47.139
2088, 54.97, 47.155
2089, 55, 47.172
2090, 55.04, 47.189
2091, 55.09, 47.205
2092, 55.13, 47.222
2093, 55.17, 47.239
2094, 55.22, 47.255
2095, 55.26, 47.272
2096, 55.3, 47.289
2097, 55.34, 47.305
2098, 55.43, 47.339
2099, 55.47, 47.355
2100, 55.51, 47.372
2101, 55.55, 47.389
2102, 55.59, 47.405
2103, 55.63, 47.422
2104, 55.68, 47.439
2105, 55.72, 47.455
2106, 55.76, 47.472
2107, 55.8, 47.489
2108, 55.84, 47.505
2109, 55.88, 47.522
2110, 55.93, 47.539
2111, 55.97, 47.555
2112, 56.05, 47.589
2113, 56.09, 47.605
2114, 56.13, 47.622
2115, 56.17, 47.639
2116, 56.21, 47.655
2117, 56.25, 47.672
2118, 56.28, 47.689
2119, 56.32, 47.705
2120, 56.36, 47.722
2121, 56.4, 47.739
2122, 56.44, 47.755
2123, 56.48, 47.772
2124, 56.52, 47.789
2125, 56.56, 47.805
2126, 56.6, 47.822
2127, 56.63, 47.839
2128, 56.68, 47.855
2129, 56.71, 47.872
2130, 56.78, 47.905
2131, 56.81, 47.922
2132, 56.86, 47.939
2133, 56.9, 47.955
2134, 56.93, 47.972
2135, 56.96, 47.989
2136, 57, 48.005
2137, 57.04, 48.022
2138, 57.08, 48.039
2139, 57.11, 48.055
2140, 57.15, 48.072
2141, 57.18, 48.089
2142, 57.22, 48.105
2143, 57.25, 48.122
2144, 57.28, 48.139
2145, 57.32, 48.155
2146, 57.35, 48.172
2147, 57.39, 48.189
2148, 57.42, 48.205
2149, 57.45, 48.222
2150, 57.48, 48.239
2151, 57.51, 48.255
2152, 57.54, 48.272
2153, 57.61, 48.305
2154, 57.65, 48.322
2155, 57.68, 48.339
2156, 57.71, 48.355
2157, 57.74, 48.372
2158, 57.76, 48.389
2159, 57.8, 48.405
2160, 57.82, 48.422
2161, 57.86, 48.439
2162, 57.86, 48.455
2163, 57.84, 48.472
2164, 57.81, 48.489
2165, 57.77, 48.505
2166, 57.73, 48.522
2167, 57.7, 48.539
2168, 57.7, 48.555
2169, 57.69, 48.572
2170, 57.7, 48.589
2171, 57.72, 48.605
2172, 57.84, 48.622
2173, 57.85, 48.639
2174, 57.84, 48.655
2175, 57.83, 48.672
2176, 57.87, 48.689
2177, 57.91, 48.705
2178, 57.92, 48.722
2179, 57.98, 48.755
2180, 58.05, 48.772
2181, 58.09, 48.789
2182, 58.12, 48.805
2183, 58.14, 48.822
2184, 58.17, 48.839
2185, 58.21, 48.855
2186, 58.23, 48.872
2187, 58.26, 48.889
2188, 58.3, 48.905
2189, 58.33, 48.922
2190, 58.36, 48.939
2191, 58.4, 48.955
2192, 58.43, 48.972
2193, 58.47, 48.989
2194, 58.5, 49.005
2195, 58.53, 49.022
2196, 58.55, 49.039
2197, 58.58, 49.055
2198, 58.6, 49.072
2199, 58.63, 49.089
2200, 58.65, 49.105
2201, 58.68, 49.122
2202, 58.7, 49.139
2203, 58.72, 49.155
2204, 58.73, 49.172
2205, 58.76, 49.189
2206, 58.79, 49.205
2207, 58.81, 49.222
2208, 58.82, 49.239
2209, 58.84, 49.255
2210, 58.85, 49.272
2211, 58.86, 49.289
2212, 58.87, 49.305
2213, 58.89, 49.322
2214, 58.91, 49.355
2215, 58.93, 49.372
2216, 58.94, 49.389
2217, 58.96, 49.405
2218, 58.98, 49.422
2219, 58.99, 49.439
2220, 59.01, 49.455
2221, 59.03, 49.472
2222, 59.06, 49.489
2223, 59.07, 49.505
2224, 59.06, 49.522
2225, 59.03, 49.539
2226, 59.04, 49.555
2227, 59.05, 49.572
2228, 59.06, 49.589
2229, 59.06, 49.605
2230, 59.03, 49.622
2231, 59.01, 49.639
2232, 59.02, 49.655
2233, 58.99, 49.672
2234, 58.96, 49.689
2235, 59.06, 49.705
2236, 59.09, 49.722
2237, 59.07, 49.739
2238, 59.11, 49.755
2239, 59.12, 49.772
2240, 59.11, 49.789
2241, 59.11, 49.805
2242, 59.17, 49.822
2243, 59.19, 49.839
2244, 59.19, 49.855
2245, 59.19, 49.872
2246, 59.24, 49.889
2247, 59.3, 49.905
2248, 59.32, 49.922
2249, 59.27, 49.939
2250, 59.27, 49.955
2251, 59.3, 49.972
2252, 59.3, 49.989
2253, 59.31, 50.005
2254, 59.32, 50.022
2255, 59.33, 50.039
2256, 59.36, 50.055
2257, 59.43, 50.072
2258, 59.48, 50.089
2259, 59.49, 50.105
2260, 59.51, 50.122
2261, 59.52, 50.139
2262, 59.53, 50.155
2263, 59.55, 50.172
2264, 59.57, 50.189
2265, 59.6, 50.205
2266, 59.62, 50.222
2267, 59.64, 50.239
2268, 59.66, 50.255
2269, 59.69, 50.272
2270, 59.71, 50.289
2271, 59.74, 50.305
2272, 59.76, 50.322
2273, 59.79, 50.339
2274, 59.83, 50.355
2275, 59.86, 50.372
2276, 59.88, 50.389
2277, 59.9, 50.405
2278, 59.93, 50.422
2279, 59.96, 50.439
2280, 59.98, 50.455
2281, 60.01, 50.472
2282, 60.04, 50.489
2283, 60.07, 50.505
2284, 60.1, 50.522
2285, 60.13, 50.539
2286, 60.15, 50.555
2287, 60.18, 50.572
2288, 60.2, 50.589
2289, 60.23, 50.605
2290, 60.25, 50.622
2291, 60.28, 50.639
2292, 60.31, 50.655
2293, 60.33, 50.672
2294, 60.36, 50.689
2295, 60.39, 50.705
2296, 60.41, 50.722
2297, 60.44, 50.739
2298, 60.47, 50.755
2299, 60.49, 50.772
2300, 60.52, 50.789
2301, 60.54, 50.805
2302, 60.57, 50.822
2303, 60.59, 50.839
2304, 60.62, 50.855
2305, 60.65, 50.872
2306, 60.67, 50.889
2307, 60.7, 50.905
2308, 60.72, 50.922
2309, 60.75, 50.939
2310, 60.77, 50.955
2311, 60.8, 50.972
2312, 60.82, 50.989
2313, 60.85, 51.005
2314, 60.87, 51.022
2315, 60.9, 51.039
2316, 60.93, 51.055
2317, 60.95, 51.072
2318, 60.97, 51.089
2319, 60.99, 51.105
2320, 61.02, 51.122
2321, 61.04, 51.139
2322, 61.05, 51.155
2323, 61.05, 51.155
2324, 61.07, 51.172
2325, 61.09, 51.189
2326, 61.13, 51.205
2327, 61.13, 51.222
2328, 61.16, 51.239
2329, 61.17, 51.255
2330, 61.2, 51.272
2331, 61.2, 51.289
2332, 61.22, 51.305
2333, 61.24, 51.322
2334, 61.27, 51.339
2335, 61.3, 51.355
2336, 61.33, 51.372
2337, 61.33, 51.389
2338, 61.35, 51.405
2339, 61.36, 51.422
2340, 61.4, 51.439
2341, 61.42, 51.455
2342, 61.43, 51.472
2343, 61.43, 51.489
2344, 61.44, 51.505
2345, 61.46, 51.522
2346, 61.49, 51.539
2347, 61.52, 51.555
2348, 61.55, 51.572
2349, 61.57, 51.589
2350, 61.59, 51.605
2351, 61.61, 51.622
2352, 61.64, 51.639
2353, 61.67, 51.655
2354, 61.69, 51.672
2355, 61.72, 51.689
2356, 61.74, 51.705
2357, 61.76, 51.722
2358, 61.79, 51.739
2359, 61.81, 51.755
2360, 61.84, 51.772
2361, 61.86, 51.789
2362, 61.88, 51.805
2363, 61.9, 51.822
2364, 61.92, 51.839
2365, 61.95, 51.855
2366, 61.98, 51.872
2367, 61.98, 51.872
2368, 62.01, 51.889
2369, 62.03, 51.905
2370, 62.06, 51.922
2371, 62.08, 51.939
2372, 62.1, 51.955
2373, 62.13, 51.972
2374, 62.15, 51.989
2375, 62.18, 52.005
2376, 62.2, 52.022
2377, 62.22, 52.039
2378, 62.25, 52.055
2379, 62.27, 52.072
2380, 62.3, 52.089
2381, 62.33, 52.105
2382, 62.36, 52.122
2383, 62.39, 52.139
2384, 62.42, 52.155
2385, 62.45, 52.172
2386, 62.47, 52.189
2387, 62.5, 52.205
2388, 62.52, 52.222
2389, 62.54, 52.239
2390, 62.57, 52.255
2391, 62.59, 52.272
2392, 62.62, 52.289
2393, 62.64, 52.305
2394, 62.66, 52.322
2395, 62.66, 52.322
2396, 62.69, 52.339
2397, 62.71, 52.355
2398, 62.74, 52.372
2399, 62.76, 52.389
2400, 62.79, 52.405
2401, 62.81, 52.422
2402, 62.84, 52.439
2403, 62.86, 52.455
2404, 62.89, 52.472
2405, 62.91, 52.489
2406, 62.93, 52.505
2407, 62.96, 52.522
2408, 62.98, 52.539
2409, 63, 52.555
2410, 63.03, 52.572
2411, 63.05, 52.589
2412, 63.08, 52.605
2413, 63.1, 52.622
2414, 63.13, 52.639
2415, 63.15, 52.655
2416, 63.17, 52.672
2417, 63.17, 52.672
2418, 63.2, 52.689
2419, 63.22, 52.705
2420, 63.25, 52.722
2421, 63.27, 52.739
2422, 63.3, 52.755
2423, 63.32, 52.772
2424, 63.35, 52.789
2425, 63.37, 52.805
2426, 63.39, 52.822
2427, 63.42, 52.839
2428, 63.44, 52.855
2429, 63.46, 52.872
2430, 63.49, 52.889
2431, 63.51, 52.905
2432, 63.54, 52.922
2433, 63.56, 52.939
2434, 63.59, 52.955
2435, 63.61, 52.972
2436, 63.61, 52.972
2437, 63.64, 52.989
2438, 63.66, 53.005
2439, 63.68, 53.022
2440, 63.7, 53.039
2441, 63.73, 53.055
2442, 63.75, 53.072
2443, 63.77, 53.089
2444, 63.79, 53.105
2445, 63.81, 53.122
2446, 63.84, 53.139
2447, 63.86, 53.155
2448, 63.88, 53.172
2449, 63.9, 53.189
2450, 63.92, 53.205
2451, 63.95, 53.222
2452, 63.97, 53.239
2453, 63.97, 53.239
2454, 64, 53.255
2455, 64.02, 53.272
2456, 64.04, 53.289
2457, 64.06, 53.305
2458, 64.09, 53.322
2459, 64.11, 53.339
2460, 64.13, 53.355
2461, 64.16, 53.372
2462, 64.18, 53.389
2463, 64.21, 53.405
2464, 64.23, 53.422
2465, 64.26, 53.439
2466, 64.28, 53.455
2467, 64.3, 53.472
2468, 64.3, 53.472
2469, 64.33, 53.489
2470, 64.35, 53.505
2471, 64.38, 53.522
2472, 64.4, 53.539
2473, 64.43, 53.555
2474, 64.45, 53.572
2475, 64.47, 53.589
2476, 64.49, 53.605
2477, 64.52, 53.622
2478, 64.54, 53.639
2479, 64.56, 53.655
2480, 64.59, 53.672
2481, 64.61, 53.689
2482, 64.64, 53.705
2483, 64.64, 53.705
2484, 64.66, 53.722
2485, 64.68, 53.739
2486, 64.7, 53.755
2487, 64.72, 53.772
2488, 64.74, 53.789
2489, 64.76, 53.805
2490, 64.79, 53.822
2491, 64.81, 53.839
2492, 64.83, 53.855
2493, 64.85, 53.872
2494, 64.87, 53.889
2495, 64.89, 53.905
2496, 64.91, 53.922
2497, 64.91, 53.922
2498, 64.93, 53.939
2499, 64.95, 53.955
2500, 64.97, 53.972
2501, 65, 53.989
2502, 65.03, 54.005
2503, 65.07, 54.022
2504, 65.1, 54.039
2505, 65.11, 54.055
2506, 65.11, 54.072
2507, 65.13, 54.089
2508, 65.16, 54.105
2509, 65.18, 54.122
2510, 65.18, 54.122
2511, 65.2, 54.139
2512, 65.22, 54.155
2513, 65.25, 54.172
2514, 65.27, 54.189
2515, 65.29, 54.205
2516, 65.31, 54.222
2517, 65.33, 54.239
2518, 65.35, 54.255
2519, 65.37, 54.272
2520, 65.39, 54.289
2521, 65.41, 54.305
2522, 65.41, 54.305
2523, 65.43, 54.322
2524, 65.45, 54.339
2525, 65.47, 54.355
2526, 65.49, 54.372
2527, 65.52, 54.389
2528, 65.54, 54.405
2529, 65.56, 54.422
2530, 65.58, 54.439
2531, 65.6, 54.455
2532, 65.63, 54.472
2533, 65.65, 54.489
2534, 65.65, 54.489
2535, 65.67, 54.505
2536, 65.7, 54.522
2537, 65.72, 54.539
2538, 65.74, 54.555
2539, 65.76, 54.572
2540, 65.78, 54.589
2541, 65.8, 54.605
2542, 65.81, 54.622
2543, 65.83, 54.639
2544, 65.85, 54.655
2545, 65.85, 54.655
2546, 65.86, 54.672
2547, 65.87, 54.689
2548, 65.88, 54.705
2549, 65.89, 54.722
2550, 65.9, 54.739
2551, 65.9, 54.755
2552, 65.9, 54.772
2553, 65.89, 54.789
2554, 65.87, 54.805
2555, 65.85, 54.822
2556, 65.85, 54.822
2557, 65.82, 54.839
2558, 65.77, 54.855
2559, 65.71, 54.872
2560, 65.62, 54.889
2561, 65.52, 54.905
2562, 65.4, 54.922
2563, 65.27, 54.939
2564, 65.14, 54.955
2565, 65.01, 54.972
2566, 64.87, 54.989
2567, 64.66, 55.005
2568, 64.5, 55.022
2569, 64.5, 55.022
2570, 64.37, 55.039
2571, 64.22, 55.055
2572, 64.04, 55.072
2573, 63.87, 55.089
2574, 63.73, 55.105
2575, 63.57, 55.122
2576, 63.41, 55.139
2577, 63.24, 55.155
2578, 63.07, 55.172
2579, 62.91, 55.189
2580, 62.75, 55.205
2581, 62.59, 55.222
2582, 62.43, 55.239
2583, 62.27, 55.255
2584, 62.12, 55.272
2585, 61.97, 55.289
2586, 61.82, 55.305
2587, 61.67, 55.322
2588, 61.53, 55.339
2589, 61.39, 55.355
2590, 61.26, 55.372
2591, 61.13, 55.389
2592, 61, 55.405
2593, 60.87, 55.422
2594, 60.75, 55.439
2595, 60.64, 55.455
2596, 60.53, 55.472
2597, 60.35, 55.489
2598, 60.35, 55.489
2599, 60.15, 55.505
2600, 60.03, 55.522
2601, 59.92, 55.539
2602, 59.79, 55.555
2603, 59.64, 55.572
2604, 59.39, 55.605
2605, 59.26, 55.622
2606, 59.12, 55.639
2607, 58.99, 55.655
2608, 58.87, 55.672
2609, 58.75, 55.689
2610, 58.62, 55.705
2611, 58.51, 55.722
2612, 58.41, 55.739
2613, 58.31, 55.755
2614, 58.23, 55.772
2615, 58.15, 55.789
2616, 58.08, 55.805
2617, 58.02, 55.822
2618, 57.96, 55.839
2619, 57.9, 55.855
2620, 57.83, 55.872
2621, 57.77, 55.889
2622, 57.71, 55.905
2623, 57.65, 55.922
2624, 57.59, 55.939
2625, 57.53, 55.955
2626, 57.47, 55.972
2627, 57.41, 55.989
2628, 57.34, 56.005
2629, 57.28, 56.022
2630, 57.22, 56.039
2631, 57.16, 56.055
2632, 57.1, 56.072
2633, 57.04, 56.089
2634, 56.92, 56.122
2635, 56.86, 56.139
2636, 56.81, 56.155
2637, 56.75, 56.172
2638, 56.68, 56.189
2639, 56.62, 56.205
2640, 56.56, 56.222
2641, 56.49, 56.239
2642, 56.43, 56.255
2643, 56.36, 56.272
2644, 56.3, 56.289
2645, 56.24, 56.305
2646, 56.18, 56.322
2647, 56.12, 56.339
2648, 56.05, 56.355
2649, 55.9, 56.389
2650, 55.82, 56.405
2651, 55.74, 56.422
2652, 55.67, 56.439
2653, 55.6, 56.455
2654, 55.53, 56.472
2655, 55.46, 56.489
2656, 55.4, 56.505
2657, 55.33, 56.522
2658, 55.27, 56.539
2659, 55.21, 56.555
2660, 55.14, 56.572
2661, 55.01, 56.605
2662, 54.94, 56.622
2663, 54.88, 56.639
2664, 54.81, 56.655
2665, 54.75, 56.672
2666, 54.69, 56.689
2667, 54.63, 56.705
2668, 54.57, 56.722
2669, 54.51, 56.739
2670, 54.45, 56.755
2671, 54.33, 56.789
2672, 54.26, 56.805
2673, 54.19, 56.822
2674, 54.14, 56.839
2675, 54.08, 56.855
2676, 54.03, 56.872
2677, 53.98, 56.889
2678, 53.94, 56.905
2679, 53.89, 56.922
2680, 53.83, 56.939
2681, 53.73, 56.972
2682, 53.69, 56.989
2683, 53.64, 57.005
2684, 53.59, 57.022
2685, 53.54, 57.039
2686, 53.49, 57.055
2687, 53.45, 57.072
2688, 53.4, 57.089
2689, 53.36, 57.105
2690, 53.27, 57.139
2691, 53.23, 57.155
2692, 53.19, 57.172
2693, 53.15, 57.189
2694, 53.11, 57.205
2695, 53.07, 57.222
2696, 53.02, 57.239
2697, 52.93, 57.272
2698, 52.89, 57.289
2699, 52.85, 57.305
2700, 52.81, 57.322
2701, 52.76, 57.339
2702, 52.72, 57.355
2703, 52.67, 57.372
2704, 52.57, 57.405
2705, 52.53, 57.422
2706, 52.48, 57.439
2707, 52.44, 57.455
2708, 52.39, 57.472
2709, 52.34, 57.489
2710, 52.24, 57.522
2711, 52.18, 57.539
2712, 52.13, 57.555
2713, 52.08, 57.572
2714, 52.03, 57.589
2715, 51.98, 57.605
2716, 51.87, 57.639
2717, 51.82, 57.655
2718, 51.76, 57.672
2719, 51.71, 57.689
2720, 51.66, 57.705
2721, 51.61, 57.722
2722, 51.49, 57.755
2723, 51.43, 57.772
2724, 51.37, 57.789
2725, 51.31, 57.805
2726, 51.25, 57.822
2727, 51.12, 57.855
2728, 51.07, 57.872
2729, 51.01, 57.889
2730, 50.94, 57.905
2731, 50.88, 57.922
2732, 50.82, 57.939
2733, 50.69, 57.972
2734, 50.63, 57.989
2735, 50.57, 58.005
2736, 50.5, 58.022
2737, 50.43, 58.039
2738, 50.3, 58.072
2739, 50.23, 58.089
2740, 50.16, 58.105
2741, 50.09, 58.122
2742, 50.02, 58.139
2743, 49.88, 58.172
2744, 49.8, 58.189
2745, 49.73, 58.205
2746, 49.67, 58.222
2747, 49.6, 58.239
2748, 49.46, 58.272
2749, 49.39, 58.289
2750, 49.32, 58.305
2751, 49.25, 58.322
2752, 49.11, 58.355
2753, 49.04, 58.372
2754, 48.97, 58.389
2755, 48.9, 58.405
2756, 48.83, 58.422
2757, 48.69, 58.455
2758, 48.62, 58.472
2759, 48.55, 58.489
2760, 48.47, 58.505
2761, 48.32, 58.539
2762, 48.26, 58.555
2763, 48.19, 58.572
2764, 48.12, 58.589
2765, 47.95, 58.622
2766, 47.88, 58.639
2767, 47.81, 58.655
2768, 47.74, 58.672
2769, 47.59, 58.705
2770, 47.53, 58.722
2771, 47.46, 58.739
2772, 47.32, 58.772
2773, 47.26, 58.789
2774, 47.21, 58.805
2775, 47.16, 58.822
2776, 47.06, 58.855
2777, 47.05, 58.872
2778, 47.03, 58.889
2779, 46.98, 58.905
2780, 46.92, 58.939
2781, 46.9, 58.955
2782, 46.86, 58.972
2783, 46.81, 59.005
2784, 46.79, 59.022
2785, 46.77, 59.039
2786, 46.76, 59.055
2787, 46.72, 59.089
2788, 46.71, 59.105
2789, 46.7, 59.122
2790, 46.7, 59.139
2791, 46.69, 59.172
2792, 46.67, 59.189
2793, 46.68, 59.205
2794, 46.71, 59.239
2795, 46.74, 59.255
2796, 46.76, 59.272
2797, 46.77, 59.289
2798, 46.81, 59.322
2799, 46.82, 59.339
2800, 46.82, 59.355
2801, 46.83, 59.372
2802, 46.86, 59.405
2803, 46.86, 59.422
2804, 46.86, 59.439
2805, 46.88, 59.455
2806, 46.91, 59.489
2807, 46.91, 59.505
2808, 46.91, 59.522
2809, 46.91, 59.555
2810, 46.9, 59.572
2811, 46.91, 59.589
2812, 46.91, 59.605
2813, 46.91, 59.639
2814, 46.93, 59.655
2815, 46.95, 59.672
2816, 46.95, 59.689
2817, 46.95, 59.722
2818, 46.95, 59.739
2819, 46.94, 59.755
2820, 46.95, 59.772
2821, 46.98, 59.805
2822, 46.99, 59.822
2823, 47.01, 59.839
2824, 47.05, 59.872
2825, 47.06, 59.889
2826, 47.07, 59.905
2827, 47.08, 59.922
2828, 47.14, 59.955
2829, 47.18, 59.972
2830, 47.2, 59.989
2831, 47.22, 60.005
2832, 47.31, 60.039
2833, 47.36, 60.055
2834, 47.39, 60.072
2835, 47.44, 60.089
2836, 47.56, 60.122
2837, 47.62, 60.139
2838, 47.67, 60.155
2839, 47.72, 60.172
2840, 47.78, 60.189
2841, 47.89, 60.222
2842, 47.94, 60.239
2843, 47.99, 60.255
2844, 48.05, 60.272
2845, 48.19, 60.305
2846, 48.27, 60.322
2847, 48.33, 60.339
2848, 48.39, 60.355
2849, 48.5, 60.389
2850, 48.56, 60.405
2851, 48.62, 60.422
2852, 48.68, 60.439
2853, 48.75, 60.455
2854, 48.87, 60.489
2855, 48.93, 60.505
2856, 48.99, 60.522
2857, 49.05, 60.539
2858, 49.18, 60.572
2859, 49.24, 60.589
2860, 49.3, 60.605
2861, 49.36, 60.622
2862, 49.42, 60.639
2863, 49.54, 60.672
2864, 49.6, 60.689
2865, 49.66, 60.705
2866, 49.73, 60.722
2867, 49.79, 60.739
2868, 49.92, 60.772
2869, 49.98, 60.789
2870, 50.04, 60.805
2871, 50.11, 60.822
2872, 50.24, 60.855
2873, 50.3, 60.872
2874, 50.37, 60.889
2875, 50.43, 60.905
2876, 50.5, 60.922
2877, 50.56, 60.939
2878, 50.68, 60.972
2879, 50.75, 60.989
2880, 50.82, 61.005
2881, 50.89, 61.022
2882, 50.95, 61.039
2883, 51.08, 61.072
2884, 51.15, 61.089
2885, 51.21, 61.105
2886, 51.27, 61.122
2887, 51.34, 61.139
2888, 51.4, 61.155
2889, 51.52, 61.189
2890, 51.58, 61.205
2891, 51.65, 61.222
2892, 51.71, 61.239
2893, 51.77, 61.255
2894, 51.83, 61.272
2895, 51.94, 61.305
2896, 52, 61.322
2897, 52.06, 61.339
2898, 52.12, 61.355
2899, 52.18, 61.372
2900, 52.23, 61.389
2901, 52.33, 61.422
2902, 52.38, 61.439
2903, 52.43, 61.455
2904, 52.47, 61.472
2905, 52.52, 61.489
2906, 52.57, 61.505
2907, 52.62, 61.522
2908, 52.72, 61.555
2909, 52.76, 61.572
2910, 52.81, 61.589
2911, 52.87, 61.605
2912, 52.92, 61.622
2913, 52.97, 61.639
2914, 53.02, 61.655
2915, 53.12, 61.689
2916, 53.17, 61.705
2917, 53.22, 61.722
2918, 53.27, 61.739
2919, 53.32, 61.755
2920, 53.37, 61.772
2921, 53.41, 61.789
2922, 53.51, 61.822
2923, 53.55, 61.839
2924, 53.59, 61.855
2925, 53.63, 61.872
2926, 53.67, 61.889
2927, 53.71, 61.905
2928, 53.76, 61.922
2929, 53.8, 61.939
2930, 53.89, 61.972
2931, 53.93, 61.989
2932, 53.97, 62.005
2933, 54.01, 62.022
2934, 54.05, 62.039
2935, 54.09, 62.055
2936, 54.13, 62.072
2937, 54.17, 62.089
2938, 54.24, 62.122
2939, 54.28, 62.139
2940, 54.32, 62.155
2941, 54.36, 62.172
2942, 54.4, 62.189
2943, 54.44, 62.205
2944, 54.48, 62.222
2945, 54.53, 62.239
2946, 54.57, 62.255
2947, 54.64, 62.289
2948, 54.68, 62.305
2949, 54.71, 62.322
2950, 54.74, 62.339
2951, 54.77, 62.355
2952, 54.81, 62.372
2953, 54.84, 62.389
2954, 54.88, 62.405
2955, 54.91, 62.422
2956, 54.94, 62.439
2957, 55, 62.472
2958, 55.02, 62.489
2959, 55.05, 62.505
2960, 55.08, 62.522
2961, 55.1, 62.539
2962, 55.13, 62.555
2963, 55.15, 62.572
2964, 55.18, 62.589
2965, 55.2, 62.605
2966, 55.23, 62.622
2967, 55.28, 62.655
2968, 55.29, 62.672
2969, 55.31, 62.689
2970, 55.34, 62.705
2971, 55.36, 62.722
2972, 55.38, 62.739
2973, 55.4, 62.755
2974, 55.43, 62.772
2975, 55.45, 62.789
2976, 55.47, 62.805
2977, 55.49, 62.822
2978, 55.52, 62.839
2979, 55.56, 62.872
2980, 55.58, 62.889
2981, 55.59, 62.905
2982, 55.59, 62.922
2983, 55.57, 62.939
2984, 55.51, 62.955
2985, 55.43, 62.972
2986, 55.36, 62.989
2987, 55.29, 63.005
2988, 55.19, 63.022
2989, 55.06, 63.039
2990, 55, 63.055
2991, 54.86, 63.089
2992, 54.76, 63.105
2993, 54.66, 63.122
2994, 54.59, 63.139
2995, 54.52, 63.155
2996, 54.43, 63.172
2997, 54.34, 63.189
2998, 54.27, 63.205
2999, 54.19, 63.222
3000, 54.12, 63.239
3001, 53.97, 63.272
3002, 53.89, 63.289
3003, 53.82, 63.305
3004, 53.75, 63.322
3005, 53.67, 63.339
3006, 53.6, 63.355
3007, 53.52, 63.372
3008, 53.44, 63.389
3009, 53.36, 63.405
3010, 53.18, 63.439
3011, 53.08, 63.455
3012, 52.98, 63.472
3013, 52.88, 63.489
3014, 52.77, 63.505
3015, 52.66, 63.522
3016, 52.55, 63.539
3017, 52.44, 63.555
3018, 52.21, 63.589
3019, 52.09, 63.605
3020, 51.98, 63.622
3021, 51.86, 63.639
3022, 51.74, 63.655
3023, 51.62, 63.672
3024, 51.5, 63.689
3025, 51.24, 63.722
3026, 51.11, 63.739
3027, 50.98, 63.755
3028, 50.85, 63.772
3029, 50.71, 63.789
3030, 50.56, 63.805
3031, 50.27, 63.839
3032, 50.12, 63.855
3033, 49.96, 63.872
3034, 49.8, 63.889
3035, 49.63, 63.905
3036, 49.32, 63.939
3037, 49.16, 63.955
3038, 48.99, 63.972
3039, 48.83, 63.989
3040, 48.68, 64.005
3041, 48.34, 64.039
3042, 48.18, 64.055
3043, 48.03, 64.072
3044, 47.88, 64.089
3045, 47.56, 64.122
3046, 47.39, 64.139
3047, 47.23, 64.155
3048, 47.07, 64.172
3049, 46.75, 64.205
3050, 46.61, 64.222
3051, 46.47, 64.239
3052, 46.33, 64.255
3053, 45.87, 64.289
3054, 45.7, 64.305
3055, 45.59, 64.322
3056, 45.32, 64.355
3057, 45.19, 64.372
3058, 45.02, 64.389
3059, 44.72, 64.422
3060, 44.6, 64.439
3061, 44.46, 64.455
3062, 44.18, 64.489
3063, 44.04, 64.505
3064, 43.91, 64.522
3065, 43.65, 64.555
3066, 43.52, 64.572
3067, 43.4, 64.589
3068, 43.16, 64.622
3069, 43.04, 64.639
3070, 42.93, 64.655
3071, 42.7, 64.689
3072, 42.58, 64.705
3073, 42.34, 64.739
3074, 42.23, 64.755
3075, 42, 64.789
3076, 41.88, 64.805
3077, 41.78, 64.822
3078, 41.56, 64.855
3079, 41.43, 64.872
3080, 41.19, 64.905
3081, 41.08, 64.922
3082, 40.84, 64.955
3083, 40.71, 64.972
3084, 40.48, 65.005
3085, 40.36, 65.022
3086, 40.11, 65.055
3087, 40, 65.072
3088, 39.77, 65.105
3089, 39.67, 65.122
3090, 39.45, 65.155
3091, 39.27, 65.172
3092, 38.94, 65.205
3093, 38.83, 65.222
3094, 38.58, 65.255
3095, 38.46, 65.272
3096, 38.23, 65.305
3097, 38.14, 65.322
3098, 37.95, 65.355
3099, 37.78, 65.389
3100, 37.7, 65.405
3101, 37.55, 65.439
3102, 37.48, 65.455
3103, 37.33, 65.489
3104, 37.19, 65.522
3105, 37.12, 65.539
3106, 36.98, 65.572
3107, 36.83, 65.605
3108, 36.76, 65.622
3109, 36.61, 65.655
3110, 36.53, 65.672
3111, 36.36, 65.705
3112, 36.18, 65.739
3113, 36.1, 65.755
3114, 35.93, 65.789
3115, 35.75, 65.822
3116, 35.67, 65.839
3117, 35.5, 65.872
3118, 35.32, 65.905
3119, 35.17, 65.939
3120, 35.09, 65.955
3121, 34.92, 65.989
3122, 34.75, 66.022
3123, 34.67, 66.039
3124, 34.51, 66.072
3125, 34.35, 66.105
3126, 34.18, 66.139
3127, 34.01, 66.172
3128, 33.93, 66.189
3129, 33.78, 66.222
3130, 33.63, 66.255
3131, 33.5, 66.289
3132, 33.37, 66.322
3133, 33.3, 66.339
3134, 33.19, 66.372
3135, 33.07, 66.405
3136, 32.95, 66.439
3137, 32.84, 66.472
3138, 32.79, 66.489
3139, 32.68, 66.522
3140, 32.56, 66.555
3141, 32.45, 66.589
3142, 32.35, 66.622
3143, 32.25, 66.655
3144, 32.15, 66.689
3145, 32.1, 66.705
3146, 32.01, 66.739
3147, 31.96, 66.772
3148, 31.9, 66.805
3149, 31.94, 66.839
3150, 31.99, 66.872
3151, 32.02, 66.905
3152, 32.06, 66.922
3153, 32.14, 66.955
3154, 32.21, 66.989
3155, 32.28, 67.022
3156, 32.42, 67.055
3157, 32.52, 67.089
3158, 32.6, 67.122
3159, 32.66, 67.139
3160, 32.79, 67.172
3161, 32.88, 67.205
3162, 32.96, 67.239
3163, 33.05, 67.272
3164, 33.11, 67.289
3165, 33.22, 67.322
3166, 33.3, 67.355
3167, 33.38, 67.389
3168, 33.47, 67.422
3169, 33.5, 67.439
3170, 33.53, 67.472
3171, 33.59, 67.505
3172, 33.63, 67.539
3173, 33.65, 67.555
3174, 33.7, 67.589
3175, 33.74, 67.622
3176, 33.77, 67.639
3177, 33.82, 67.672
3178, 33.86, 67.705
3179, 33.91, 67.739
3180, 33.93, 67.755
3181, 33.89, 67.789
3182, 33.87, 67.822
3183, 33.86, 67.839
3184, 33.83, 67.872
3185, 33.83, 67.905
3186, 33.88, 67.939
3187, 33.93, 67.955
3188, 34.02, 67.989
3189, 34.03, 68.022
3190, 34.05, 68.039
3191, 34.06, 68.072
3192, 34.06, 68.105
3193, 34.09, 68.139
3194, 34.1, 68.155
3195, 34.08, 68.189
3196, 34.15, 68.222
3197, 34.16, 68.255
3198, 34.18, 68.289
3199, 34.23, 68.305
3200, 34.33, 68.339
3201, 34.35, 68.372
3202, 34.37, 68.405
3203, 34.4, 68.422
3204, 34.45, 68.455
3205, 34.48, 68.489
3206, 34.52, 68.522
3207, 34.56, 68.555
3208, 34.57, 68.572
3209, 34.61, 68.605
3210, 34.65, 68.639
3211, 34.68, 68.672
3212, 34.7, 68.689
3213, 34.74, 68.722
3214, 34.79, 68.755
3215, 34.86, 68.789
3216, 34.89, 68.805
3217, 34.98, 68.839
3218, 35.08, 68.872
3219, 35.15, 68.905
3220, 35.18, 68.922
3221, 35.28, 68.955
3222, 35.38, 68.989
3223, 35.5, 69.022
3224, 35.55, 69.039
3225, 35.64, 69.072
3226, 35.74, 69.105
3227, 35.85, 69.139
3228, 35.89, 69.155
3229, 35.99, 69.189
3230, 36.11, 69.222
3231, 36.15, 69.239
3232, 36.24, 69.272
3233, 36.35, 69.305
3234, 36.4, 69.322
3235, 36.5, 69.355
3236, 36.63, 69.389
3237, 36.68, 69.405
3238, 36.79, 69.439
3239, 36.79, 69.472
3240, 36.9, 69.489
3241, 37.07, 69.522
3242, 37.19, 69.555
3243, 37.29, 69.572
3244, 37.39, 69.605
3245, 37.45, 69.622
3246, 37.59, 69.655
3247, 37.64, 69.672
3248, 37.74, 69.705
3249, 37.83, 69.739
3250, 37.86, 69.755
3251, 37.9, 69.789
3252, 37.92, 69.805
3253, 37.92, 69.839
3254, 37.9, 69.855
3255, 37.86, 69.889
3256, 37.83, 69.905
3257, 37.78, 69.939
3258, 37.63, 69.972
3259, 37.6, 69.989
3260, 37.55, 70.022
3261, 37.51, 70.039
3262, 37.41, 70.072
3263, 37.33, 70.105
3264, 37.29, 70.122
3265, 37.19, 70.155
3266, 37.15, 70.172
3267, 37.06, 70.205
3268, 36.96, 70.239
3269, 36.92, 70.255
3270, 36.83, 70.289
3271, 36.78, 70.305
3272, 36.68, 70.339
3273, 36.59, 70.372
3274, 36.54, 70.389
3275, 36.47, 70.422
3276, 36.41, 70.455
3277, 36.38, 70.472
3278, 36.35, 70.505
3279, 36.36, 70.539
3280, 36.34, 70.555
3281, 36.33, 70.589
3282, 36.32, 70.622
3283, 36.33, 70.639
3284, 36.33, 70.672
3285, 36.37, 70.705
3286, 36.39, 70.722
3287, 36.41, 70.755
3288, 36.45, 70.789
3289, 36.47, 70.805
3290, 36.5, 70.839
3291, 36.52, 70.855
3292, 36.58, 70.889
3293, 36.64, 70.922
3294, 36.67, 70.939
3295, 36.75, 70.972
3296, 36.82, 71.005
3297, 36.86, 71.022
3298, 36.94, 71.055
3299, 37.02, 71.089
3300, 37.08, 71.105
3301, 37.18, 71.139
3302, 37.22, 71.155
3303, 37.32, 71.189
3304, 37.45, 71.222
3305, 37.51, 71.239
3306, 37.62, 71.272
3307, 37.68, 71.289
3308, 37.8, 71.322
3309, 37.94, 71.355
3310, 38.02, 71.372
3311, 38.18, 71.405
3312, 38.26, 71.422
3313, 38.41, 71.455
3314, 38.58, 71.489
3315, 38.66, 71.505
3316, 38.81, 71.539
3317, 38.88, 71.555
3318, 39.04, 71.589
3319, 39.13, 71.605
3320, 39.3, 71.639
3321, 39.38, 71.655
3322, 39.53, 71.689
3323, 39.61, 71.705
3324, 39.76, 71.739
3325, 39.88, 71.772
3326, 39.96, 71.789
3327, 40.05, 71.805
3328, 40.25, 71.839
3329, 40.33, 71.855
3330, 40.45, 71.889
3331, 40.52, 71.905
3332, 40.67, 71.939
3333, 40.75, 71.955
3334, 40.91, 71.989
3335, 40.96, 72.005
3336, 41.11, 72.039
3337, 41.19, 72.055
3338, 41.26, 72.072
3339, 41.4, 72.105
3340, 41.49, 72.122
3341, 41.63, 72.155
3342, 41.71, 72.172
3343, 41.86, 72.205
3344, 41.93, 72.222
3345, 42.01, 72.239
3346, 42.16, 72.272
3347, 42.23, 72.289
3348, 42.38, 72.322
3349, 42.45, 72.339
3350, 42.52, 72.355
3351, 42.67, 72.389
3352, 42.74, 72.405
3353, 42.88, 72.439
3354, 42.95, 72.455
3355, 43.03, 72.472
3356, 43.17, 72.505
3357, 43.23, 72.522
3358, 43.29, 72.539
3359, 43.44, 72.572
3360, 43.52, 72.589
3361, 43.63, 72.622
3362, 43.68, 72.639
3363, 43.76, 72.655
3364, 43.9, 72.689
3365, 43.94, 72.705
3366, 43.99, 72.722
3367, 44.17, 72.755
3368, 44.26, 72.772
3369, 44.36, 72.805
3370, 44.39, 72.822
3371, 44.45, 72.839
3372, 44.61, 72.872
3373, 44.69, 72.889
3374, 44.74, 72.905
3375, 44.87, 72.939
3376, 44.95, 72.955
3377, 45.03, 72.972
3378, 45.17, 73.005
3379, 45.26, 73.022
3380, 45.35, 73.039
3381, 45.51, 73.072
3382, 45.58, 73.089
3383, 45.64, 73.105
3384, 45.71, 73.122
3385, 45.86, 73.155
3386, 45.93, 73.172
3387, 46, 73.189
3388, 46.15, 73.222
3389, 46.22, 73.239
3390, 46.28, 73.255
3391, 46.42, 73.289
3392, 46.49, 73.305
3393, 46.56, 73.322
3394, 46.62, 73.339
3395, 46.76, 73.372
3396, 46.83, 73.389
3397, 46.89, 73.405
3398, 46.96, 73.422
3399, 47.09, 73.455
3400, 47.16, 73.472
3401, 47.23, 73.489
3402, 47.36, 73.522
3403, 47.43, 73.539
3404, 47.5, 73.555
3405, 47.56, 73.572
3406, 47.69, 73.605
3407, 47.76, 73.622
3408, 47.83, 73.639
3409, 47.89, 73.655
3410, 48.02, 73.689
3411, 48.08, 73.705
3412, 48.14, 73.722
3413, 48.21, 73.739
3414, 48.33, 73.772
3415, 48.4, 73.789
3416, 48.46, 73.805
3417, 48.52, 73.822
3418, 48.65, 73.855
3419, 48.71, 73.872
3420, 48.77, 73.889
3421, 48.83, 73.905
3422, 48.89, 73.922
3423, 49.01, 73.955
3424, 49.07, 73.972
3425, 49.12, 73.989
3426, 49.11, 74.005
3427, 49.21, 74.039
3428, 49.33, 74.055
3429, 49.33, 74.072
3430, 49.37, 74.089
3431, 49.43, 74.105
3432, 49.54, 74.139
3433, 49.58, 74.155
3434, 49.64, 74.172
3435, 49.7, 74.189
3436, 49.8, 74.222
3437, 49.86, 74.239
3438, 49.91, 74.255
3439, 49.96, 74.272
3440, 50.01, 74.289
3441, 50.11, 74.322
3442, 50.17, 74.339
3443, 50.22, 74.355
3444, 50.27, 74.372
3445, 50.32, 74.389
3446, 50.42, 74.422
3447, 50.47, 74.439
3448, 50.52, 74.455
3449, 50.57, 74.472
3450, 50.61, 74.489
3451, 50.66, 74.505
3452, 50.76, 74.539
3453, 50.8, 74.555
3454, 50.86, 74.572
3455, 50.91, 74.589
3456, 50.97, 74.605
3457, 51.05, 74.639
3458, 51.11, 74.655
3459, 51.16, 74.672
3460, 51.2, 74.689
3461, 51.25, 74.705
3462, 51.3, 74.722
3463, 51.4, 74.755
3464, 51.45, 74.772
3465, 51.5, 74.789
3466, 51.55, 74.805
3467, 51.59, 74.822
3468, 51.64, 74.839
3469, 51.73, 74.872
3470, 51.78, 74.889
3471, 51.83, 74.905
3472, 51.87, 74.922
3473, 51.92, 74.939
3474, 51.96, 74.955
3475, 52.06, 74.989
3476, 52.1, 75.005
3477, 52.14, 75.022
3478, 52.19, 75.039
3479, 52.24, 75.055
3480, 52.28, 75.072
3481, 52.33, 75.089
3482, 52.42, 75.122
3483, 52.47, 75.139
3484, 52.51, 75.155
3485, 52.56, 75.172
3486, 52.6, 75.189
3487, 52.65, 75.205
3488, 52.7, 75.222
3489, 52.79, 75.255
3490, 52.83, 75.272
3491, 52.88, 75.289
3492, 52.92, 75.305
3493, 52.97, 75.322
3494, 53.01, 75.339
3495, 53.06, 75.355
3496, 53.1, 75.372
3497, 53.2, 75.405
3498, 53.25, 75.422
3499, 53.29, 75.439
3500, 53.33, 75.455
3501, 53.38, 75.472
3502, 53.42, 75.489
3503, 53.47, 75.505
3504, 53.51, 75.522
3505, 53.6, 75.555
3506, 53.64, 75.572
3507, 53.68, 75.589
3508, 53.73, 75.605
3509, 53.77, 75.622
3510, 53.82, 75.639
3511, 53.86, 75.655
3512, 53.9, 75.672
3513, 53.99, 75.705
3514, 54.04, 75.722
3515, 54.08, 75.739
3516, 54.12, 75.755
3517, 54.17, 75.772
3518, 54.21, 75.789
3519, 54.25, 75.805
3520, 54.29, 75.822
3521, 54.34, 75.839
3522, 54.42, 75.872
3523, 54.47, 75.889
3524, 54.51, 75.905
3525, 54.55, 75.922
3526, 54.59, 75.939
3527, 54.64, 75.955
3528, 54.68, 75.972
3529, 54.72, 75.989
3530, 54.76, 76.005
3531, 54.8, 76.022
3532, 54.84, 76.039
3533, 54.93, 76.072
3534, 54.97, 76.089
3535, 55.01, 76.105
3536, 55.05, 76.122
3537, 55.1, 76.139
3538, 55.14, 76.155
3539, 55.18, 76.172
3540, 55.22, 76.189
3541, 55.26, 76.205
3542, 55.3, 76.222
3543, 55.34, 76.239
3544, 55.43, 76.272
3545, 55.47, 76.289
3546, 55.51, 76.305
3547, 55.55, 76.322
3548, 55.59, 76.339
3549, 55.63, 76.355
3550, 55.67, 76.372
3551, 55.71, 76.389
3552, 55.75, 76.405
3553, 55.79, 76.422
3554, 55.83, 76.439
3555, 55.87, 76.455
3556, 55.91, 76.472
3557, 55.99, 76.505
3558, 56.03, 76.522
3559, 56.07, 76.539
3560, 56.11, 76.555
3561, 56.15, 76.572
3562, 56.19, 76.589
3563, 56.23, 76.605
3564, 56.27, 76.622
3565, 56.3, 76.639
3566, 56.34, 76.655
3567, 56.38, 76.672
3568, 56.42, 76.689
3569, 56.46, 76.705
3570, 56.5, 76.722
3571, 56.57, 76.755
3572, 56.61, 76.772
3573, 56.65, 76.789
3574, 56.69, 76.805
3575, 56.72, 76.822
3576, 56.76, 76.839
3577, 56.8, 76.855
3578, 56.84, 76.872
3579, 56.88, 76.889
3580, 56.91, 76.905
3581, 56.95, 76.922
3582, 56.99, 76.939
3583, 57.02, 76.955
3584, 57.06, 76.972
3585, 57.1, 76.989
3586, 57.13, 77.005
3587, 57.17, 77.022
3588, 57.21, 77.039
3589, 57.24, 77.055
3590, 57.32, 77.089
3591, 57.35, 77.105
3592, 57.39, 77.122
3593, 57.42, 77.139
3594, 57.46, 77.155
3595, 57.49, 77.172
3596, 57.53, 77.189
3597, 57.57, 77.205
3598, 57.6, 77.222
3599, 57.64, 77.239
3600, 57.67, 77.255
3601, 57.7, 77.272
3602, 57.74, 77.289
3603, 57.77, 77.305
3604, 57.81, 77.322
3605, 57.85, 77.339
3606, 57.88, 77.355
3607, 57.92, 77.372
3608, 57.95, 77.389
3609, 57.98, 77.405
3610, 58.02, 77.422
3611, 58.05, 77.439
3612, 58.08, 77.455
3613, 58.12, 77.472
3614, 58.16, 77.489
3615, 58.22, 77.522
3616, 58.25, 77.539
3617, 58.28, 77.555
3618, 58.32, 77.572
3619, 58.35, 77.589
3620, 58.38, 77.605
3621, 58.42, 77.622
3622, 58.45, 77.639
3623, 58.48, 77.655
3624, 58.51, 77.672
3625, 58.54, 77.689
3626, 58.58, 77.705
3627, 58.61, 77.722
3628, 58.64, 77.739
3629, 58.67, 77.755
3630, 58.71, 77.772
3631, 58.74, 77.789
3632, 58.77, 77.805
3633, 58.8, 77.822
3634, 58.83, 77.839
3635, 58.86, 77.855
3636, 58.89, 77.872
3637, 58.93, 77.889
3638, 58.96, 77.905
3639, 58.99, 77.922
3640, 59.02, 77.939
3641, 59.05, 77.955
3642, 59.08, 77.972
3643, 59.11, 77.989
3644, 59.14, 78.005
3645, 59.17, 78.022
3646, 59.2, 78.039
3647, 59.23, 78.055
3648, 59.26, 78.072
3649, 59.29, 78.089
3650, 59.31, 78.105
3651, 59.34, 78.122
3652, 59.37, 78.139
